window_index,DLinear,PatchTST,iTransformer,TimesNet
0,0.46875,0.5625,0.5,0.4791666567
1,0.53125,0.4791666567,0.4583333433,0.5104166865
2,0.4375,0.5,0.4375,0.53125
3,0.4583333433,0.5729166865,0.4583333433,0.4895833433
4,0.5208333135,0.4375,0.4895833433,0.4791666567
5,0.5416666865,0.6145833135,0.5208333135,0.5520833135
6,0.5,0.5520833135,0.5833333135,0.4583333433
7,0.53125,0.5625,0.5208333135,0.4895833433
8,0.5208333135,0.4479166567,0.4895833433,0.4166666567
9,0.4791666567,0.5625,0.59375,0.53125
10,0.5208333135,0.5833333135,0.4791666567,0.5104166865
11,0.4583333433,0.4583333433,0.4583333433,0.4791666567
12,0.46875,0.5,0.4583333433,0.4895833433
13,0.5104166865,0.5520833135,0.53125,0.4791666567
14,0.4166666567,0.5208333135,0.5104166865,0.4895833433
15,0.5,0.4895833433,0.5416666865,0.4895833433
16,0.5520833135,0.4479166567,0.4791666567,0.4895833433
17,0.46875,0.5,0.46875,0.5104166865
18,0.5,0.5208333135,0.53125,0.53125
19,0.5416666865,0.5729166865,0.4479166567,0.4895833433
20,0.5104166865,0.46875,0.5833333135,0.53125
21,0.4791666567,0.5,0.4583333433,0.5
22,0.5,0.6041666865,0.5,0.4895833433
23,0.5416666865,0.4791666567,0.5,0.5
24,0.4791666567,0.53125,0.4895833433,0.5104166865
25,0.5,0.5208333135,0.4895833433,0.5
26,0.4375,0.5729166865,0.4791666567,0.4895833433
27,0.46875,0.4791666567,0.4270833433,0.4895833433
28,0.5104166865,0.5208333135,0.5,0.4895833433
29,0.4895833433,0.5208333135,0.4791666567,0.4895833433
30,0.5,0.4583333433,0.5,0.4895833433
31,0.4583333433,0.5208333135,0.4895833433,0.4895833433
32,0.4166666567,0.4791666567,0.4895833433,0.4895833433
33,0.53125,0.5416666865,0.5104166865,0.4895833433
34,0.4479166567,0.53125,0.4895833433,0.4895833433
35,0.53125,0.4895833433,0.4895833433,0.4895833433
36,0.5,0.53125,0.4895833433,0.4895833433
37,0.4791666567,0.5208333135,0.5,0.5
38,0.4791666567,0.5,0.5,0.5
39,0.4895833433,0.5,0.4895833433,0.4895833433
40,0.46875,0.4791666567,0.46875,0.4895833433
41,0.4791666567,0.46875,0.4791666567,0.4791666567
42,0.4270833433,0.53125,0.4791666567,0.4791666567
43,0.4479166567,0.4895833433,0.4791666567,0.4791666567
44,0.4166666567,0.53125,0.4791666567,0.4791666567
45,0.5104166865,0.5104166865,0.4895833433,0.4895833433
46,0.4479166567,0.4479166567,0.4895833433,0.4895833433
47,0.46875,0.46875,0.4895833433,0.4895833433
48,0.4479166567,0.4270833433,0.4895833433,0.4895833433
49,0.40625,0.4375,0.4895833433,0.4895833433
50,0.53125,0.53125,0.5,0.5
51,0.4791666567,0.4895833433,0.4895833433,0.4895833433
52,0.4375,0.53125,0.4895833433,0.4895833433
53,0.5416666865,0.5208333135,0.4895833433,0.4895833433
54,0.5104166865,0.5,0.4895833433,0.4895833433
55,0.46875,0.5,0.4895833433,0.4895833433
56,0.4583333433,0.53125,0.4895833433,0.4895833433
57,0.5208333135,0.4166666567,0.5,0.5
58,0.4583333433,0.4895833433,0.5104166865,0.5104166865
59,0.5208333135,0.5416666865,0.5208333135,0.5104166865
60,0.4791666567,0.4895833433,0.4895833433,0.5
61,0.4583333433,0.5833333135,0.5,0.5
62,0.4479166567,0.5520833135,0.4895833433,0.4895833433
63,0.4166666567,0.40625,0.5,0.5
64,0.46875,0.53125,0.4895833433,0.4895833433
65,0.4270833433,0.4479166567,0.4895833433,0.4895833433
66,0.4583333433,0.4791666567,0.5,0.5
67,0.4166666567,0.4583333433,0.5,0.5
68,0.4375,0.4895833433,0.4791666567,0.5
69,0.4375,0.5729166865,0.5,0.5
70,0.3854166567,0.5104166865,0.5,0.5
71,0.4166666567,0.46875,0.5,0.5
72,0.4375,0.46875,0.5,0.5
73,0.4791666567,0.3854166567,0.5104166865,0.5
74,0.46875,0.4479166567,0.5104166865,0.5104166865
75,0.40625,0.5104166865,0.5104166865,0.5104166865
76,0.4375,0.5,0.5104166865,0.5104166865
77,0.4583333433,0.5416666865,0.5104166865,0.5104166865
78,0.46875,0.4895833433,0.5208333135,0.5208333135
79,0.4270833433,0.4791666567,0.53125,0.53125
80,0.4270833433,0.4895833433,0.5416666865,0.5416666865
81,0.4375,0.53125,0.5104166865,0.53125
82,0.4166666567,0.4479166567,0.5,0.5208333135
83,0.3958333433,0.4270833433,0.53125,0.53125
84,0.4375,0.4583333433,0.5416666865,0.5416666865
85,0.4479166567,0.5,0.5416666865,0.5416666865
86,0.4270833433,0.4583333433,0.53125,0.5416666865
87,0.40625,0.4375,0.5,0.5416666865
88,0.4583333433,0.4791666567,0.53125,0.5416666865
89,0.3958333433,0.4375,0.5520833135,0.5416666865
90,0.4270833433,0.375,0.53125,0.5416666865
91,0.4479166567,0.3854166567,0.5416666865,0.5520833135
92,0.4375,0.4375,0.5416666865,0.5416666865
93,0.3645833433,0.40625,0.53125,0.5520833135
94,0.3541666567,0.4895833433,0.4375,0.5520833135
95,0.3958333433,0.4583333433,0.5,0.5416666865
96,0.3645833433,0.46875,0.5,0.53125
97,0.3854166567,0.4375,0.5416666865,0.5416666865
98,0.4166666567,0.4791666567,0.5208333135,0.53125
99,0.3854166567,0.4583333433,0.5208333135,0.5208333135
100,0.4791666567,0.46875,0.5,0.5104166865
101,0.4166666567,0.4583333433,0.5208333135,0.5104166865
102,0.4166666567,0.4479166567,0.5104166865,0.5104166865
103,0.46875,0.4375,0.5104166865,0.5104166865
104,0.4270833433,0.3958333433,0.4791666567,0.5208333135
105,0.4583333433,0.4583333433,0.5208333135,0.5208333135
106,0.4583333433,0.4895833433,0.4791666567,0.5104166865
107,0.4166666567,0.40625,0.5,0.5104166865
108,0.4479166567,0.46875,0.5104166865,0.5104166865
109,0.4270833433,0.5104166865,0.5104166865,0.5104166865
110,0.4375,0.4583333433,0.53125,0.5208333135
111,0.4375,0.5,0.5416666865,0.53125
112,0.5104166865,0.4375,0.5208333135,0.5208333135
113,0.4895833433,0.4895833433,0.53125,0.53125
114,0.4791666567,0.46875,0.5208333135,0.53125
115,0.5,0.4791666567,0.5104166865,0.5208333135
116,0.4791666567,0.4791666567,0.5208333135,0.5208333135
117,0.5625,0.5208333135,0.5416666865,0.5208333135
118,0.5520833135,0.5,0.5104166865,0.5104166865
119,0.5104166865,0.4270833433,0.53125,0.5208333135
120,0.4166666567,0.4583333433,0.5208333135,0.5208333135
121,0.5416666865,0.4375,0.5208333135,0.5208333135
122,0.5,0.4895833433,0.4166666567,0.5208333135
123,0.4270833433,0.3958333433,0.46875,0.5208333135
124,0.4895833433,0.4583333433,0.53125,0.5104166865
125,0.4375,0.53125,0.4895833433,0.5
126,0.4583333433,0.5416666865,0.4895833433,0.4895833433
127,0.5104166865,0.4895833433,0.4583333433,0.4791666567
128,0.46875,0.5,0.46875,0.4791666567
129,0.4895833433,0.46875,0.46875,0.4895833433
130,0.5104166865,0.5,0.4791666567,0.4895833433
131,0.46875,0.46875,0.5520833135,0.4895833433
132,0.4270833433,0.4270833433,0.4895833433,0.4895833433
133,0.5104166865,0.46875,0.4791666567,0.4895833433
134,0.4895833433,0.5104166865,0.46875,0.5
135,0.46875,0.5208333135,0.5,0.5104166865
136,0.5416666865,0.53125,0.5,0.5
137,0.46875,0.5104166865,0.4895833433,0.5
138,0.5,0.4895833433,0.5104166865,0.5104166865
139,0.4583333433,0.4895833433,0.5208333135,0.5104166865
140,0.4375,0.5104166865,0.5208333135,0.5104166865
141,0.4479166567,0.5520833135,0.4791666567,0.5104166865
142,0.4583333433,0.4479166567,0.4895833433,0.5104166865
143,0.3854166567,0.4791666567,0.5,0.5
144,0.4791666567,0.5,0.5,0.5
145,0.4270833433,0.40625,0.4895833433,0.4895833433
146,0.46875,0.53125,0.4895833433,0.4895833433
147,0.46875,0.4791666567,0.5,0.5
148,0.5520833135,0.5104166865,0.5,0.5
149,0.40625,0.5520833135,0.4895833433,0.5
150,0.3958333433,0.5208333135,0.5,0.5
151,0.5,0.5,0.5,0.5
152,0.4583333433,0.4375,0.4895833433,0.4895833433
153,0.4583333433,0.5104166865,0.4895833433,0.4895833433
154,0.4583333433,0.4791666567,0.4791666567,0.4791666567
155,0.4895833433,0.4895833433,0.4895833433,0.4895833433
156,0.4583333433,0.4375,0.5,0.5
157,0.4895833433,0.5520833135,0.5,0.5
158,0.3854166567,0.4375,0.5104166865,0.5104166865
159,0.4166666567,0.4583333433,0.5,0.5
160,0.4166666567,0.4791666567,0.5104166865,0.5104166865
161,0.4583333433,0.4583333433,0.5208333135,0.5208333135
162,0.4583333433,0.5104166865,0.5208333135,0.5208333135
163,0.3854166567,0.4895833433,0.5208333135,0.5208333135
164,0.4375,0.4583333433,0.5208333135,0.5208333135
165,0.5,0.4895833433,0.5208333135,0.5208333135
166,0.4479166567,0.4791666567,0.5208333135,0.5208333135
167,0.4166666567,0.4375,0.53125,0.53125
168,0.4270833433,0.53125,0.53125,0.53125
169,0.5208333135,0.5,0.5416666865,0.5416666865
170,0.46875,0.4791666567,0.5416666865,0.5416666865
171,0.4270833433,0.4583333433,0.53125,0.53125
172,0.46875,0.4791666567,0.53125,0.53125
173,0.4895833433,0.5104166865,0.53125,0.53125
174,0.4791666567,0.4791666567,0.5208333135,0.53125
175,0.4791666567,0.5208333135,0.53125,0.5208333135
176,0.5,0.53125,0.5104166865,0.5104166865
177,0.4583333433,0.4583333433,0.5208333135,0.5208333135
178,0.5104166865,0.5520833135,0.53125,0.53125
179,0.4791666567,0.5,0.5208333135,0.5208333135
180,0.4791666567,0.5104166865,0.5208333135,0.5208333135
181,0.5208333135,0.5208333135,0.5208333135,0.5208333135
182,0.5416666865,0.4895833433,0.5208333135,0.5208333135
183,0.5104166865,0.5520833135,0.5208333135,0.5208333135
184,0.5104166865,0.5625,0.5208333135,0.5208333135
185,0.5416666865,0.53125,0.5208333135,0.5208333135
186,0.5625,0.53125,0.5208333135,0.5208333135
187,0.5,0.46875,0.5208333135,0.5208333135
188,0.5520833135,0.53125,0.5208333135,0.5208333135
189,0.5625,0.5520833135,0.5208333135,0.5208333135
190,0.53125,0.5625,0.53125,0.53125
191,0.5,0.53125,0.53125,0.53125
192,0.5625,0.5833333135,0.5416666865,0.5416666865
193,0.5104166865,0.5208333135,0.53125,0.53125
194,0.5,0.46875,0.53125,0.53125
195,0.4895833433,0.4583333433,0.53125,0.53125
196,0.5104166865,0.5208333135,0.5520833135,0.5416666865
197,0.5,0.5833333135,0.53125,0.53125
198,0.5,0.5416666865,0.53125,0.5208333135
199,0.4583333433,0.5208333135,0.53125,0.53125
200,0.5208333135,0.5833333135,0.53125,0.53125
201,0.5104166865,0.5208333135,0.5416666865,0.5416666865
202,0.4583333433,0.53125,0.53125,0.5416666865
203,0.4895833433,0.4791666567,0.5416666865,0.5416666865
204,0.4791666567,0.46875,0.5416666865,0.5416666865
205,0.46875,0.53125,0.5416666865,0.5416666865
206,0.4479166567,0.4895833433,0.53125,0.53125
207,0.5416666865,0.5520833135,0.5208333135,0.5208333135
208,0.5,0.5416666865,0.5208333135,0.5208333135
209,0.4895833433,0.4791666567,0.5208333135,0.5208333135
210,0.4375,0.4479166567,0.5104166865,0.5104166865
211,0.4791666567,0.53125,0.5,0.5104166865
212,0.4895833433,0.4791666567,0.5104166865,0.5104166865
213,0.5104166865,0.53125,0.5,0.5104166865
214,0.46875,0.4583333433,0.53125,0.5208333135
215,0.46875,0.5208333135,0.5104166865,0.5104166865
216,0.46875,0.53125,0.5,0.5
217,0.4479166567,0.4479166567,0.5208333135,0.5104166865
218,0.4166666567,0.4583333433,0.53125,0.5208333135
219,0.4583333433,0.5,0.5,0.53125
220,0.46875,0.5,0.5104166865,0.5208333135
221,0.46875,0.5208333135,0.5208333135,0.53125
222,0.46875,0.46875,0.53125,0.5416666865
223,0.4583333433,0.53125,0.5520833135,0.5416666865
224,0.3541666567,0.4791666567,0.5729166865,0.5416666865
225,0.4479166567,0.5416666865,0.5104166865,0.53125
226,0.3958333433,0.5104166865,0.5208333135,0.5208333135
227,0.4375,0.4791666567,0.5208333135,0.53125
228,0.4479166567,0.5625,0.5208333135,0.5416666865
229,0.4583333433,0.4583333433,0.5416666865,0.53125
230,0.40625,0.5,0.5104166865,0.5208333135
231,0.4791666567,0.4375,0.5,0.5104166865
232,0.4375,0.375,0.4895833433,0.5104166865
233,0.5,0.5520833135,0.5208333135,0.5104166865
234,0.4583333433,0.53125,0.4895833433,0.5
235,0.5104166865,0.4375,0.5104166865,0.5104166865
236,0.4583333433,0.5104166865,0.5104166865,0.5104166865
237,0.46875,0.5208333135,0.5,0.5104166865
238,0.4583333433,0.5104166865,0.4791666567,0.5
239,0.5416666865,0.4166666567,0.5208333135,0.5
240,0.40625,0.4270833433,0.59375,0.5833333135
241,0.5208333135,0.4375,0.5104166865,0.4895833433
242,0.4895833433,0.5,0.4895833433,0.5520833135
243,0.4895833433,0.5416666865,0.4479166567,0.5104166865
244,0.53125,0.5625,0.4895833433,0.5416666865
245,0.5208333135,0.5520833135,0.5208333135,0.4270833433
246,0.4583333433,0.5104166865,0.5208333135,0.4479166567
247,0.4375,0.4479166567,0.5,0.5416666865
248,0.4583333433,0.5104166865,0.5208333135,0.5
249,0.4479166567,0.4791666567,0.4791666567,0.53125
250,0.4270833433,0.5,0.5208333135,0.5
251,0.4479166567,0.5416666865,0.4791666567,0.4895833433
252,0.5,0.4166666567,0.4583333433,0.5208333135
253,0.5208333135,0.5416666865,0.4270833433,0.4895833433
254,0.53125,0.53125,0.5,0.46875
255,0.4895833433,0.5104166865,0.4583333433,0.5520833135
256,0.5208333135,0.4895833433,0.5208333135,0.5208333135
257,0.4583333433,0.4583333433,0.5416666865,0.4375
258,0.4895833433,0.5208333135,0.4583333433,0.4895833433
259,0.5104166865,0.5833333135,0.4479166567,0.46875
260,0.4895833433,0.53125,0.4583333433,0.5
261,0.53125,0.5625,0.4583333433,0.5
262,0.5416666865,0.5,0.5520833135,0.4479166567
263,0.5416666865,0.53125,0.5208333135,0.4583333433
264,0.625,0.5416666865,0.4166666567,0.4375
265,0.5416666865,0.4166666567,0.4583333433,0.4583333433
266,0.5104166865,0.4895833433,0.4583333433,0.4479166567
267,0.4791666567,0.53125,0.46875,0.4583333433
268,0.4791666567,0.4895833433,0.46875,0.4583333433
269,0.4895833433,0.5416666865,0.46875,0.4479166567
270,0.5208333135,0.4583333433,0.4270833433,0.4479166567
271,0.5,0.5,0.4375,0.46875
272,0.5104166865,0.4583333433,0.4791666567,0.4583333433
273,0.5833333135,0.4479166567,0.4375,0.4583333433
274,0.5416666865,0.4791666567,0.4583333433,0.4583333433
275,0.59375,0.4270833433,0.4479166567,0.4583333433
276,0.5,0.46875,0.4270833433,0.4583333433
277,0.5,0.4583333433,0.4895833433,0.4583333433
278,0.53125,0.40625,0.5,0.46875
279,0.5,0.5208333135,0.4791666567,0.46875
280,0.5208333135,0.46875,0.4375,0.46875
281,0.5416666865,0.4375,0.4583333433,0.46875
282,0.5729166865,0.5729166865,0.53125,0.4583333433
283,0.5208333135,0.46875,0.4791666567,0.4166666567
284,0.5208333135,0.46875,0.5208333135,0.4479166567
285,0.5208333135,0.53125,0.5104166865,0.4479166567
286,0.5729166865,0.5208333135,0.4583333433,0.46875
287,0.5833333135,0.5,0.4583333433,0.4375
288,0.5833333135,0.4791666567,0.5,0.4479166567
289,0.53125,0.3958333433,0.4791666567,0.4479166567
290,0.4895833433,0.5,0.4375,0.4479166567
291,0.46875,0.4583333433,0.4583333433,0.4791666567
292,0.5,0.5,0.53125,0.4583333433
293,0.5104166865,0.4895833433,0.4375,0.46875
294,0.5,0.5729166865,0.4895833433,0.4895833433
295,0.5,0.5833333135,0.46875,0.4583333433
296,0.5520833135,0.5,0.4479166567,0.4375
297,0.5625,0.4583333433,0.5104166865,0.4375
298,0.5729166865,0.4791666567,0.5,0.46875
299,0.5416666865,0.5416666865,0.4791666567,0.4895833433
300,0.5416666865,0.5416666865,0.5,0.46875
301,0.5625,0.5104166865,0.4895833433,0.46875
302,0.5,0.5625,0.4895833433,0.5104166865
303,0.4895833433,0.5729166865,0.5,0.5104166865
304,0.5416666865,0.53125,0.4166666567,0.5104166865
305,0.4895833433,0.5208333135,0.5416666865,0.4583333433
306,0.5208333135,0.5,0.5104166865,0.5104166865
307,0.46875,0.5520833135,0.3958333433,0.5
308,0.5,0.40625,0.4895833433,0.53125
309,0.4583333433,0.4791666567,0.4583333433,0.5
310,0.46875,0.5,0.46875,0.5208333135
311,0.4791666567,0.4583333433,0.5520833135,0.5
312,0.4895833433,0.5,0.5729166865,0.5104166865
313,0.4375,0.5,0.5208333135,0.5416666865
314,0.4895833433,0.4583333433,0.4270833433,0.5
315,0.4791666567,0.46875,0.4583333433,0.46875
316,0.46875,0.3958333433,0.4791666567,0.4270833433
317,0.4895833433,0.4375,0.46875,0.4895833433
318,0.4583333433,0.4895833433,0.4375,0.4583333433
319,0.46875,0.4270833433,0.5104166865,0.4479166567
320,0.4791666567,0.46875,0.46875,0.4583333433
321,0.4375,0.46875,0.4479166567,0.46875
322,0.4479166567,0.5104166865,0.4479166567,0.5
323,0.4583333433,0.4270833433,0.46875,0.4791666567
324,0.5,0.3854166567,0.4479166567,0.46875
325,0.46875,0.3541666567,0.46875,0.46875
326,0.46875,0.5208333135,0.4479166567,0.4791666567
327,0.46875,0.4895833433,0.5520833135,0.4479166567
328,0.4791666567,0.4895833433,0.4791666567,0.5
329,0.5104166865,0.5208333135,0.4479166567,0.46875
330,0.4375,0.5,0.4791666567,0.4583333433
331,0.4375,0.4479166567,0.4270833433,0.4895833433
332,0.4895833433,0.40625,0.4583333433,0.4895833433
333,0.4479166567,0.3958333433,0.5104166865,0.4791666567
334,0.3958333433,0.5104166865,0.5,0.4791666567
335,0.4375,0.5416666865,0.46875,0.4791666567
336,0.4375,0.5208333135,0.46875,0.5
337,0.4375,0.4479166567,0.46875,0.5
338,0.5104166865,0.5,0.46875,0.5
339,0.46875,0.46875,0.4479166567,0.46875
340,0.4166666567,0.3958333433,0.4895833433,0.5104166865
341,0.4895833433,0.4895833433,0.4375,0.4895833433
342,0.4479166567,0.4895833433,0.4375,0.4895833433
343,0.4895833433,0.5520833135,0.4791666567,0.4895833433
344,0.46875,0.5104166865,0.53125,0.4895833433
345,0.46875,0.5208333135,0.4791666567,0.5
346,0.3958333433,0.5,0.5,0.5
347,0.46875,0.5208333135,0.4479166567,0.5
348,0.4895833433,0.4479166567,0.5104166865,0.53125
349,0.4166666567,0.4583333433,0.4375,0.4791666567
350,0.4375,0.4166666567,0.46875,0.4895833433
351,0.5,0.3958333433,0.4270833433,0.4895833433
352,0.3854166567,0.5208333135,0.4479166567,0.46875
353,0.4270833433,0.4791666567,0.5,0.46875
354,0.4791666567,0.4479166567,0.5104166865,0.4791666567
355,0.4270833433,0.4375,0.4791666567,0.4895833433
356,0.40625,0.4375,0.4895833433,0.4791666567
357,0.3854166567,0.5,0.4166666567,0.5
358,0.4479166567,0.4270833433,0.4375,0.4895833433
359,0.4166666567,0.3020833433,0.5625,0.4895833433
360,0.4583333433,0.5104166865,0.4479166567,0.5
361,0.4270833433,0.4895833433,0.4479166567,0.4895833433
362,0.4583333433,0.4895833433,0.4583333433,0.4791666567
363,0.5,0.4479166567,0.4895833433,0.4791666567
364,0.5,0.4895833433,0.46875,0.4791666567
365,0.5208333135,0.5625,0.5,0.4895833433
366,0.4583333433,0.5104166865,0.46875,0.5
367,0.4895833433,0.4583333433,0.4895833433,0.4895833433
368,0.5,0.5208333135,0.5,0.4895833433
369,0.4583333433,0.4895833433,0.4895833433,0.4895833433
370,0.4375,0.4375,0.4791666567,0.4791666567
371,0.4479166567,0.5833333135,0.4895833433,0.4895833433
372,0.5104166865,0.5,0.5,0.4895833433
373,0.5208333135,0.53125,0.46875,0.4791666567
374,0.4270833433,0.4375,0.4895833433,0.4791666567
375,0.4895833433,0.4375,0.5208333135,0.4791666567
376,0.5208333135,0.53125,0.4895833433,0.4583333433
377,0.5520833135,0.4270833433,0.4791666567,0.4791666567
378,0.5208333135,0.4583333433,0.5104166865,0.4895833433
379,0.5520833135,0.5729166865,0.4791666567,0.5
380,0.53125,0.46875,0.5,0.5
381,0.5729166865,0.5729166865,0.5,0.4895833433
382,0.5104166865,0.53125,0.46875,0.4791666567
383,0.4479166567,0.53125,0.5,0.4895833433
384,0.5,0.4895833433,0.4583333433,0.5
385,0.4583333433,0.5416666865,0.4895833433,0.5
386,0.5208333135,0.5,0.4895833433,0.5
387,0.5104166865,0.5416666865,0.5208333135,0.5
388,0.3958333433,0.3958333433,0.53125,0.5
389,0.53125,0.5104166865,0.5,0.5
390,0.5104166865,0.5729166865,0.5,0.5
391,0.5,0.5,0.4895833433,0.4895833433
392,0.4895833433,0.5104166865,0.5208333135,0.4895833433
393,0.53125,0.5104166865,0.40625,0.4895833433
394,0.5625,0.5104166865,0.4895833433,0.4895833433
395,0.5,0.5520833135,0.5,0.4791666567
396,0.5104166865,0.5520833135,0.4791666567,0.46875
397,0.5833333135,0.53125,0.46875,0.4583333433
398,0.4895833433,0.46875,0.46875,0.4583333433
399,0.53125,0.5208333135,0.4583333433,0.4583333433
400,0.5625,0.5104166865,0.4583333433,0.4583333433
401,0.5729166865,0.5104166865,0.4479166567,0.4479166567
402,0.5625,0.5520833135,0.4583333433,0.4583333433
403,0.5520833135,0.5520833135,0.4583333433,0.4583333433
404,0.5729166865,0.4895833433,0.46875,0.4583333433
405,0.6041666865,0.5104166865,0.4583333433,0.4583333433
406,0.5,0.4583333433,0.4583333433,0.4583333433
407,0.5416666865,0.4895833433,0.46875,0.46875
408,0.5208333135,0.46875,0.4583333433,0.4583333433
409,0.5208333135,0.5416666865,0.4479166567,0.4583333433
410,0.5520833135,0.5625,0.4479166567,0.4583333433
411,0.5833333135,0.5625,0.4583333433,0.4479166567
412,0.5208333135,0.46875,0.5,0.4375
413,0.5104166865,0.4895833433,0.4375,0.4479166567
414,0.5,0.53125,0.53125,0.4583333433
415,0.5208333135,0.5,0.5104166865,0.46875
416,0.5625,0.5833333135,0.4583333433,0.4583333433
417,0.4895833433,0.4895833433,0.4583333433,0.4479166567
418,0.5416666865,0.5416666865,0.4375,0.4479166567
419,0.5104166865,0.5520833135,0.4270833433,0.4375
420,0.5416666865,0.5520833135,0.4479166567,0.4375
421,0.5416666865,0.4583333433,0.46875,0.4479166567
422,0.53125,0.4895833433,0.4479166567,0.4479166567
423,0.53125,0.5416666865,0.46875,0.4375
424,0.5104166865,0.5104166865,0.4791666567,0.4375
425,0.5208333135,0.5625,0.4375,0.4479166567
426,0.4895833433,0.4479166567,0.46875,0.4479166567
427,0.5104166865,0.4583333433,0.46875,0.4583333433
428,0.5104166865,0.53125,0.40625,0.4583333433
429,0.5729166865,0.5,0.5104166865,0.4583333433
430,0.5208333135,0.4895833433,0.5,0.46875
431,0.5104166865,0.4375,0.5,0.46875
432,0.5104166865,0.46875,0.4479166567,0.4479166567
433,0.5104166865,0.5208333135,0.4583333433,0.4479166567
434,0.4895833433,0.46875,0.4583333433,0.4479166567
435,0.4791666567,0.4791666567,0.4791666567,0.4583333433
436,0.5,0.4791666567,0.5,0.46875
437,0.5104166865,0.5104166865,0.4583333433,0.4479166567
438,0.5104166865,0.4895833433,0.46875,0.4791666567
439,0.5104166865,0.46875,0.5,0.4791666567
440,0.53125,0.46875,0.5104166865,0.4583333433
441,0.5208333135,0.4166666567,0.46875,0.4583333433
442,0.4270833433,0.5,0.46875,0.46875
443,0.4583333433,0.53125,0.46875,0.4791666567
444,0.46875,0.53125,0.5208333135,0.4791666567
445,0.4895833433,0.4270833433,0.5104166865,0.5104166865
446,0.5208333135,0.53125,0.5104166865,0.5
447,0.4791666567,0.5625,0.5104166865,0.4895833433
448,0.46875,0.53125,0.5104166865,0.4791666567
449,0.5208333135,0.4895833433,0.5,0.5104166865
450,0.5208333135,0.5520833135,0.5,0.4791666567
451,0.4583333433,0.4479166567,0.4791666567,0.4895833433
452,0.46875,0.6145833135,0.4166666567,0.4791666567
453,0.4791666567,0.5729166865,0.5416666865,0.4791666567
454,0.4479166567,0.5,0.5208333135,0.4895833433
455,0.4479166567,0.5,0.4791666567,0.4791666567
456,0.5208333135,0.4895833433,0.4479166567,0.4375
457,0.4583333433,0.5833333135,0.4583333433,0.4375
458,0.4791666567,0.4895833433,0.4479166567,0.5416666865
459,0.4791666567,0.4791666567,0.4791666567,0.5729166865
460,0.4791666567,0.5520833135,0.5,0.5
461,0.4791666567,0.5416666865,0.4791666567,0.4479166567
462,0.5,0.53125,0.4375,0.4166666567
463,0.5833333135,0.4895833433,0.5208333135,0.4479166567
464,0.5520833135,0.4270833433,0.4895833433,0.4791666567
465,0.4479166567,0.3854166567,0.4166666567,0.4583333433
466,0.5208333135,0.53125,0.4791666567,0.4583333433
467,0.5208333135,0.5416666865,0.4479166567,0.4583333433
468,0.46875,0.4895833433,0.4791666567,0.4375
469,0.4479166567,0.4791666567,0.4895833433,0.4583333433
470,0.4791666567,0.46875,0.4791666567,0.4270833433
471,0.5208333135,0.4375,0.4583333433,0.4166666567
472,0.5416666865,0.5729166865,0.4791666567,0.4479166567
473,0.5104166865,0.4583333433,0.5,0.4479166567
474,0.5104166865,0.46875,0.46875,0.4375
475,0.46875,0.5,0.5208333135,0.4479166567
476,0.5104166865,0.53125,0.4375,0.4270833433
477,0.4791666567,0.4791666567,0.3541666567,0.4479166567
478,0.4479166567,0.46875,0.4895833433,0.4375
479,0.5416666865,0.4479166567,0.4375,0.4375
480,0.5208333135,0.4375,0.4375,0.4375
481,0.5520833135,0.4375,0.4270833433,0.4270833433
482,0.5,0.53125,0.4166666567,0.4166666567
483,0.4479166567,0.4375,0.4270833433,0.4270833433
484,0.4375,0.4479166567,0.4375,0.4270833433
485,0.4270833433,0.5208333135,0.4166666567,0.4166666567
486,0.5208333135,0.4375,0.4479166567,0.4270833433
487,0.4166666567,0.46875,0.4479166567,0.4375
488,0.4895833433,0.3958333433,0.4375,0.4375
489,0.4791666567,0.4166666567,0.4166666567,0.4270833433
490,0.4583333433,0.5104166865,0.40625,0.4166666567
491,0.4270833433,0.5,0.4270833433,0.4270833433
492,0.4375,0.4270833433,0.4479166567,0.4270833433
493,0.4375,0.46875,0.4479166567,0.4375
494,0.4166666567,0.4375,0.4375,0.4375
495,0.4583333433,0.4270833433,0.4270833433,0.4375
496,0.4791666567,0.3854166567,0.40625,0.4375
497,0.46875,0.4895833433,0.46875,0.4479166567
498,0.4270833433,0.5,0.4270833433,0.4479166567
499,0.5,0.4479166567,0.4375,0.4479166567
500,0.5,0.4583333433,0.4270833433,0.4375
501,0.5208333135,0.4791666567,0.4791666567,0.4479166567
502,0.4895833433,0.4375,0.4583333433,0.4583333433
503,0.46875,0.4791666567,0.4583333433,0.4375
504,0.4479166567,0.5208333135,0.4583333433,0.4479166567
505,0.4791666567,0.4375,0.5104166865,0.4479166567
506,0.4583333433,0.5520833135,0.4479166567,0.4166666567
507,0.4375,0.5208333135,0.4270833433,0.4791666567
508,0.46875,0.4583333433,0.5104166865,0.46875
509,0.4479166567,0.4479166567,0.46875,0.4479166567
510,0.4791666567,0.4270833433,0.4375,0.46875
511,0.5104166865,0.4895833433,0.4895833433,0.4583333433
512,0.4479166567,0.5,0.4479166567,0.4583333433
513,0.4583333433,0.5208333135,0.4270833433,0.375
514,0.5,0.46875,0.5208333135,0.4895833433
515,0.4791666567,0.5,0.5625,0.5416666865
516,0.4375,0.40625,0.4583333433,0.5833333135
517,0.5104166865,0.4479166567,0.5104166865,0.4479166567
518,0.4166666567,0.4895833433,0.53125,0.4270833433
519,0.4583333433,0.46875,0.5833333135,0.46875
520,0.4895833433,0.5416666865,0.5104166865,0.4791666567
521,0.4583333433,0.5104166865,0.4583333433,0.5208333135
522,0.4479166567,0.4270833433,0.46875,0.5104166865
523,0.4895833433,0.4479166567,0.4270833433,0.5208333135
524,0.4895833433,0.3958333433,0.5208333135,0.46875
525,0.40625,0.4270833433,0.4791666567,0.40625
526,0.4583333433,0.4895833433,0.5,0.4791666567
527,0.4895833433,0.3958333433,0.5416666865,0.4583333433
528,0.4479166567,0.4479166567,0.4166666567,0.5208333135
529,0.4166666567,0.4791666567,0.5208333135,0.53125
530,0.4270833433,0.4895833433,0.4375,0.5208333135
531,0.5104166865,0.5625,0.4791666567,0.5416666865
532,0.4583333433,0.4583333433,0.5833333135,0.5208333135
533,0.5208333135,0.5208333135,0.5416666865,0.53125
534,0.4583333433,0.4895833433,0.4479166567,0.53125
535,0.46875,0.5,0.5208333135,0.53125
536,0.4270833433,0.5104166865,0.5104166865,0.53125
537,0.4375,0.5520833135,0.5729166865,0.5520833135
538,0.4375,0.4375,0.5,0.5416666865
539,0.4375,0.46875,0.4583333433,0.5416666865
540,0.3854166567,0.3541666567,0.53125,0.5416666865
541,0.40625,0.4791666567,0.4479166567,0.5520833135
542,0.4375,0.5,0.5625,0.5625
543,0.4479166567,0.53125,0.6041666865,0.5416666865
544,0.4375,0.4791666567,0.53125,0.5416666865
545,0.4895833433,0.5104166865,0.4791666567,0.5520833135
546,0.4166666567,0.5104166865,0.5,0.5520833135
547,0.4375,0.46875,0.5625,0.5625
548,0.4375,0.5,0.5208333135,0.5625
549,0.4375,0.53125,0.5833333135,0.5520833135
550,0.4479166567,0.5520833135,0.59375,0.5625
551,0.3854166567,0.5,0.4791666567,0.5520833135
552,0.5104166865,0.5625,0.5104166865,0.5520833135
553,0.4270833433,0.5520833135,0.59375,0.5416666865
554,0.5104166865,0.5208333135,0.5625,0.5729166865
555,0.4479166567,0.4791666567,0.53125,0.5416666865
556,0.53125,0.46875,0.5208333135,0.5416666865
557,0.5208333135,0.5625,0.5208333135,0.5520833135
558,0.4375,0.5416666865,0.5104166865,0.5416666865
559,0.4479166567,0.6041666865,0.5625,0.5520833135
560,0.4166666567,0.5,0.5416666865,0.5520833135
561,0.4583333433,0.5520833135,0.5520833135,0.5520833135
562,0.4375,0.5520833135,0.5729166865,0.5625
563,0.4270833433,0.5520833135,0.5833333135,0.5625
564,0.4895833433,0.4791666567,0.5729166865,0.5520833135
565,0.40625,0.4583333433,0.5416666865,0.5625
566,0.4479166567,0.59375,0.5729166865,0.5729166865
567,0.4375,0.53125,0.5833333135,0.5729166865
568,0.4583333433,0.5208333135,0.5520833135,0.5625
569,0.46875,0.5729166865,0.5729166865,0.5625
570,0.4375,0.5416666865,0.5729166865,0.5625
571,0.4895833433,0.53125,0.5520833135,0.5520833135
572,0.4375,0.5104166865,0.5520833135,0.5520833135
573,0.4270833433,0.4791666567,0.5208333135,0.5625
574,0.3958333433,0.5416666865,0.5625,0.5625
575,0.4375,0.5729166865,0.5625,0.5625
576,0.4791666567,0.5729166865,0.5520833135,0.5625
577,0.5,0.5625,0.5625,0.5625
578,0.4791666567,0.5625,0.5625,0.5625
579,0.4479166567,0.53125,0.5625,0.5625
580,0.4791666567,0.5520833135,0.5625,0.5625
581,0.5,0.5833333135,0.5625,0.5625
582,0.5729166865,0.5625,0.5625,0.5625
583,0.4791666567,0.5520833135,0.5625,0.5625
584,0.5,0.5208333135,0.5625,0.5625
585,0.5,0.5625,0.5625,0.5625
586,0.5,0.53125,0.5520833135,0.5520833135
587,0.5104166865,0.5625,0.5520833135,0.5520833135
588,0.5104166865,0.5625,0.5729166865,0.5520833135
589,0.5729166865,0.5833333135,0.5416666865,0.5520833135
590,0.5416666865,0.5208333135,0.5520833135,0.5520833135
591,0.4791666567,0.5208333135,0.5416666865,0.5520833135
592,0.5208333135,0.5520833135,0.5520833135,0.5520833135
593,0.53125,0.5625,0.5625,0.5520833135
594,0.5,0.5104166865,0.5729166865,0.5625
595,0.5833333135,0.5520833135,0.5520833135,0.5625
596,0.5416666865,0.5104166865,0.5729166865,0.5625
597,0.46875,0.5104166865,0.53125,0.5625
598,0.5,0.5208333135,0.5729166865,0.5625
599,0.5416666865,0.5729166865,0.5520833135,0.5520833135
600,0.6041666865,0.5729166865,0.6041666865,0.5520833135
601,0.53125,0.6354166865,0.5520833135,0.5833333135
602,0.5416666865,0.5416666865,0.5520833135,0.5208333135
603,0.5833333135,0.5416666865,0.4895833433,0.4895833433
604,0.5416666865,0.4895833433,0.5625,0.5833333135
605,0.5104166865,0.4166666567,0.4791666567,0.4895833433
606,0.5520833135,0.5625,0.4895833433,0.4583333433
607,0.5104166865,0.53125,0.5625,0.5520833135
608,0.59375,0.4791666567,0.5416666865,0.5729166865
609,0.5625,0.5208333135,0.6041666865,0.5729166865
610,0.5625,0.5416666865,0.5729166865,0.4270833433
611,0.5520833135,0.4895833433,0.4895833433,0.53125
612,0.53125,0.4791666567,0.5416666865,0.5416666865
613,0.5208333135,0.5208333135,0.6770833135,0.59375
614,0.53125,0.5416666865,0.6041666865,0.6041666865
615,0.5625,0.6041666865,0.59375,0.6041666865
616,0.53125,0.5416666865,0.6041666865,0.59375
617,0.6145833135,0.53125,0.4895833433,0.6041666865
618,0.5833333135,0.5520833135,0.5833333135,0.5833333135
619,0.53125,0.59375,0.5520833135,0.5833333135
620,0.5833333135,0.5729166865,0.5833333135,0.59375
621,0.5625,0.53125,0.5625,0.5729166865
622,0.6041666865,0.5833333135,0.5520833135,0.59375
623,0.5625,0.59375,0.59375,0.5833333135
624,0.5208333135,0.5625,0.53125,0.5625
625,0.6041666865,0.5208333135,0.5208333135,0.5208333135
626,0.6979166865,0.59375,0.5416666865,0.4375
627,0.6145833135,0.6041666865,0.6145833135,0.4895833433
628,0.6354166865,0.5520833135,0.4270833433,0.4583333433
629,0.6354166865,0.6145833135,0.40625,0.3958333433
630,0.6041666865,0.53125,0.65625,0.3958333433
631,0.59375,0.5520833135,0.4895833433,0.4270833433
632,0.6041666865,0.53125,0.5208333135,0.5
633,0.625,0.5208333135,0.5833333135,0.5520833135
634,0.625,0.6145833135,0.5833333135,0.5625
635,0.5833333135,0.53125,0.5104166865,0.5520833135
636,0.59375,0.6041666865,0.5625,0.5520833135
637,0.625,0.5625,0.5833333135,0.5520833135
638,0.6041666865,0.5104166865,0.5520833135,0.5833333135
639,0.6041666865,0.5416666865,0.5208333135,0.5520833135
640,0.6041666865,0.5416666865,0.6145833135,0.59375
641,0.5833333135,0.5625,0.5520833135,0.5416666865
642,0.5520833135,0.59375,0.625,0.5625
643,0.59375,0.6041666865,0.625,0.5625
644,0.6354166865,0.5104166865,0.5625,0.5625
645,0.5729166865,0.5625,0.59375,0.5625
646,0.5520833135,0.53125,0.5729166865,0.5625
647,0.6145833135,0.5520833135,0.5729166865,0.5729166865
648,0.5729166865,0.5416666865,0.5520833135,0.5625
649,0.5208333135,0.4270833433,0.5833333135,0.5625
650,0.6041666865,0.5208333135,0.5520833135,0.5520833135
651,0.59375,0.5104166865,0.5416666865,0.5520833135
652,0.6145833135,0.53125,0.5520833135,0.5625
653,0.5833333135,0.5,0.5833333135,0.5520833135
654,0.5104166865,0.5416666865,0.5208333135,0.5625
655,0.5729166865,0.5520833135,0.53125,0.5520833135
656,0.6145833135,0.5520833135,0.5104166865,0.5416666865
657,0.5208333135,0.4895833433,0.4791666567,0.5416666865
658,0.5833333135,0.5520833135,0.5104166865,0.5416666865
659,0.5416666865,0.53125,0.5416666865,0.53125
660,0.6041666865,0.5625,0.5729166865,0.5416666865
661,0.53125,0.5625,0.53125,0.5416666865
662,0.5416666865,0.5104166865,0.5416666865,0.5416666865
663,0.5625,0.5104166865,0.5520833135,0.53125
664,0.5,0.53125,0.5,0.53125
665,0.5208333135,0.4583333433,0.5416666865,0.5208333135
666,0.5208333135,0.5520833135,0.4895833433,0.5104166865
667,0.625,0.5104166865,0.5520833135,0.53125
668,0.5416666865,0.53125,0.5416666865,0.5
669,0.5833333135,0.5625,0.53125,0.5208333135
670,0.5208333135,0.5104166865,0.5520833135,0.5
671,0.5625,0.5625,0.5833333135,0.53125
672,0.5729166865,0.5,0.5208333135,0.5416666865
673,0.59375,0.4375,0.5,0.4270833433
674,0.5833333135,0.5416666865,0.59375,0.5520833135
675,0.6145833135,0.4895833433,0.5,0.4583333433
676,0.5520833135,0.5416666865,0.5520833135,0.5104166865
677,0.5625,0.5,0.5625,0.3958333433
678,0.6145833135,0.5625,0.59375,0.4895833433
679,0.53125,0.5,0.5729166865,0.53125
680,0.5625,0.5104166865,0.4270833433,0.5104166865
681,0.5416666865,0.46875,0.5416666865,0.5
682,0.4791666567,0.5625,0.5416666865,0.4895833433
683,0.5520833135,0.5104166865,0.5104166865,0.5208333135
684,0.6354166865,0.5104166865,0.5,0.5
685,0.5104166865,0.4583333433,0.4895833433,0.5104166865
686,0.5833333135,0.5625,0.5833333135,0.4895833433
687,0.5625,0.5,0.46875,0.4895833433
688,0.5416666865,0.46875,0.4791666567,0.5
689,0.5416666865,0.5104166865,0.5104166865,0.4895833433
690,0.5416666865,0.5104166865,0.53125,0.4895833433
691,0.5208333135,0.5104166865,0.5104166865,0.4895833433
692,0.4583333433,0.5,0.46875,0.4791666567
693,0.5625,0.5,0.4791666567,0.4791666567
694,0.5520833135,0.5,0.4791666567,0.4791666567
695,0.5208333135,0.4791666567,0.4791666567,0.4791666567
696,0.5520833135,0.46875,0.46875,0.4791666567
697,0.4479166567,0.53125,0.4479166567,0.4791666567
698,0.5520833135,0.4583333433,0.46875,0.4791666567
699,0.5104166865,0.5208333135,0.4895833433,0.4895833433
700,0.46875,0.4270833433,0.53125,0.5
701,0.53125,0.5625,0.5208333135,0.4791666567
702,0.53125,0.4583333433,0.5104166865,0.5
703,0.4791666567,0.4791666567,0.4791666567,0.5
704,0.53125,0.4895833433,0.4791666567,0.5
705,0.5729166865,0.4583333433,0.5625,0.4895833433
706,0.6145833135,0.5416666865,0.4583333433,0.5
707,0.6145833135,0.4583333433,0.4791666567,0.4791666567
708,0.5520833135,0.5416666865,0.5416666865,0.46875
709,0.6041666865,0.5,0.5,0.4895833433
710,0.5729166865,0.4583333433,0.4375,0.46875
711,0.53125,0.4479166567,0.4583333433,0.46875
712,0.5208333135,0.4791666567,0.5416666865,0.4479166567
713,0.5520833135,0.46875,0.5104166865,0.5
714,0.5520833135,0.4895833433,0.4583333433,0.4583333433
715,0.5,0.4375,0.4479166567,0.4583333433
716,0.5729166865,0.4791666567,0.4583333433,0.4479166567
717,0.5520833135,0.4791666567,0.5,0.46875
718,0.5416666865,0.5104166865,0.5104166865,0.4791666567
719,0.5,0.4479166567,0.5416666865,0.4791666567
720,0.5104166865,0.5,0.4791666567,0.4791666567
721,0.5416666865,0.5520833135,0.4791666567,0.4583333433
722,0.5,0.5208333135,0.46875,0.46875
723,0.5208333135,0.46875,0.4791666567,0.4791666567
724,0.5208333135,0.4895833433,0.46875,0.46875
725,0.5208333135,0.4375,0.4270833433,0.4791666567
726,0.5416666865,0.5729166865,0.5625,0.4895833433
727,0.5416666865,0.4479166567,0.4791666567,0.4791666567
728,0.5416666865,0.53125,0.46875,0.5208333135
729,0.5833333135,0.4791666567,0.5625,0.53125
730,0.5104166865,0.46875,0.5416666865,0.53125
731,0.53125,0.4895833433,0.4375,0.5625
732,0.5625,0.4895833433,0.4583333433,0.4791666567
733,0.5416666865,0.6145833135,0.5104166865,0.5
734,0.5416666865,0.5,0.4895833433,0.4791666567
735,0.5520833135,0.4375,0.5104166865,0.46875
736,0.53125,0.5,0.4791666567,0.4791666567
737,0.5416666865,0.46875,0.46875,0.40625
738,0.5208333135,0.4479166567,0.4791666567,0.4791666567
739,0.4895833433,0.4166666567,0.53125,0.4895833433
740,0.46875,0.4583333433,0.5625,0.5520833135
741,0.5,0.4791666567,0.5520833135,0.53125
742,0.53125,0.5,0.53125,0.4791666567
743,0.46875,0.46875,0.4895833433,0.4791666567
744,0.5104166865,0.46875,0.59375,0.5625
745,0.46875,0.375,0.5,0.5208333135
746,0.5104166865,0.5208333135,0.4375,0.5520833135
747,0.4895833433,0.4895833433,0.5833333135,0.5
748,0.5104166865,0.5,0.59375,0.5729166865
749,0.5104166865,0.5208333135,0.5208333135,0.5625
750,0.53125,0.4791666567,0.4895833433,0.5208333135
751,0.5520833135,0.5208333135,0.5520833135,0.5416666865
752,0.5104166865,0.4895833433,0.5,0.5104166865
753,0.53125,0.4166666567,0.5520833135,0.5104166865
754,0.4791666567,0.53125,0.5520833135,0.53125
755,0.5416666865,0.4791666567,0.5625,0.5208333135
756,0.5,0.53125,0.5104166865,0.5416666865
757,0.5520833135,0.5520833135,0.59375,0.5104166865
758,0.59375,0.5520833135,0.5,0.5833333135
759,0.5208333135,0.5104166865,0.5520833135,0.4895833433
760,0.5520833135,0.4375,0.5104166865,0.4479166567
761,0.5208333135,0.5520833135,0.5625,0.5520833135
762,0.5729166865,0.5,0.5,0.5104166865
763,0.5,0.46875,0.5833333135,0.4166666567
764,0.59375,0.4895833433,0.5,0.4895833433
765,0.5104166865,0.53125,0.5520833135,0.4479166567
766,0.5520833135,0.5,0.53125,0.53125
767,0.59375,0.5833333135,0.5104166865,0.4895833433
768,0.53125,0.3958333433,0.5104166865,0.5208333135
769,0.5,0.5520833135,0.4895833433,0.4895833433
770,0.5104166865,0.5104166865,0.6354166865,0.5416666865
771,0.5208333135,0.5104166865,0.5,0.4895833433
772,0.5833333135,0.4375,0.46875,0.5
773,0.5,0.4479166567,0.53125,0.3958333433
774,0.53125,0.5,0.4270833433,0.53125
775,0.5,0.4895833433,0.4583333433,0.5
776,0.5520833135,0.5416666865,0.5,0.4375
777,0.46875,0.5208333135,0.5208333135,0.5104166865
778,0.5625,0.53125,0.5625,0.4479166567
779,0.5,0.4895833433,0.53125,0.5
780,0.5208333135,0.4895833433,0.4895833433,0.4791666567
781,0.59375,0.5104166865,0.5,0.5208333135
782,0.5208333135,0.4583333433,0.5208333135,0.5208333135
783,0.5208333135,0.4479166567,0.5208333135,0.53125
784,0.5,0.4479166567,0.5104166865,0.4583333433
785,0.5,0.5104166865,0.5104166865,0.5416666865
786,0.4479166567,0.5208333135,0.5520833135,0.5729166865
787,0.5,0.5,0.5104166865,0.5520833135
788,0.5208333135,0.5104166865,0.46875,0.46875
789,0.4375,0.3854166567,0.4895833433,0.4583333433
790,0.5,0.5416666865,0.4791666567,0.4583333433
791,0.46875,0.5208333135,0.5416666865,0.46875
792,0.4375,0.4791666567,0.4375,0.4791666567
793,0.6145833135,0.4375,0.4166666567,0.4895833433
794,0.5416666865,0.5520833135,0.4895833433,0.4479166567
795,0.53125,0.5416666865,0.4583333433,0.4270833433
796,0.5520833135,0.5,0.5729166865,0.5
797,0.6041666865,0.4375,0.53125,0.4270833433
798,0.5833333135,0.5208333135,0.5416666865,0.4166666567
799,0.5520833135,0.5729166865,0.53125,0.53125
800,0.5833333135,0.5,0.5416666865,0.5
801,0.5416666865,0.46875,0.5729166865,0.4583333433
802,0.5416666865,0.53125,0.40625,0.5520833135
803,0.5416666865,0.5208333135,0.4895833433,0.4375
804,0.59375,0.46875,0.5,0.6145833135
805,0.5104166865,0.5104166865,0.5625,0.4583333433
806,0.5416666865,0.5416666865,0.5520833135,0.5208333135
807,0.53125,0.5208333135,0.5625,0.4270833433
808,0.53125,0.5625,0.4270833433,0.4791666567
809,0.5416666865,0.6041666865,0.53125,0.40625
810,0.59375,0.5416666865,0.5,0.5104166865
811,0.5625,0.5104166865,0.6041666865,0.5104166865
812,0.6145833135,0.5416666865,0.53125,0.5
813,0.5833333135,0.6041666865,0.5,0.4375
814,0.5208333135,0.5208333135,0.5208333135,0.4479166567
815,0.6041666865,0.4479166567,0.5833333135,0.53125
816,0.6145833135,0.5729166865,0.5625,0.5625
817,0.59375,0.5729166865,0.59375,0.5
818,0.59375,0.5416666865,0.4166666567,0.5208333135
819,0.5833333135,0.5520833135,0.5104166865,0.5
820,0.5729166865,0.5833333135,0.59375,0.5520833135
821,0.59375,0.5,0.5,0.5104166865
822,0.6145833135,0.5729166865,0.4895833433,0.46875
823,0.59375,0.5520833135,0.4895833433,0.5
824,0.53125,0.5104166865,0.5625,0.5
825,0.5416666865,0.5520833135,0.5625,0.4791666567
826,0.6145833135,0.6145833135,0.5208333135,0.5416666865
827,0.5833333135,0.4791666567,0.4791666567,0.5208333135
828,0.5729166865,0.5729166865,0.5416666865,0.4791666567
829,0.59375,0.5520833135,0.5208333135,0.5416666865
830,0.5833333135,0.4583333433,0.5520833135,0.4791666567
831,0.5208333135,0.5520833135,0.5208333135,0.53125
832,0.5833333135,0.4583333433,0.5416666865,0.4166666567
833,0.5520833135,0.4791666567,0.5729166865,0.4791666567
834,0.5520833135,0.46875,0.3854166567,0.4791666567
835,0.5,0.4895833433,0.59375,0.4791666567
836,0.5208333135,0.5416666865,0.5208333135,0.4583333433
837,0.6041666865,0.5416666865,0.5208333135,0.53125
838,0.5520833135,0.5520833135,0.5625,0.4895833433
839,0.53125,0.4895833433,0.4895833433,0.53125
840,0.5,0.4895833433,0.5833333135,0.5208333135
841,0.5208333135,0.46875,0.4791666567,0.40625
842,0.5520833135,0.53125,0.53125,0.53125
843,0.5729166865,0.5208333135,0.5520833135,0.4791666567
844,0.4375,0.53125,0.46875,0.5104166865
845,0.4895833433,0.4895833433,0.5625,0.5208333135
846,0.5625,0.4895833433,0.5833333135,0.5520833135
847,0.4791666567,0.4479166567,0.5625,0.5
848,0.5,0.5104166865,0.4270833433,0.5208333135
849,0.5208333135,0.53125,0.5104166865,0.4791666567
850,0.5208333135,0.4895833433,0.4166666567,0.4895833433
851,0.5520833135,0.4895833433,0.4583333433,0.4791666567
852,0.4583333433,0.5104166865,0.53125,0.46875
853,0.46875,0.4270833433,0.5520833135,0.46875
854,0.4791666567,0.4895833433,0.4791666567,0.5208333135
855,0.46875,0.5104166865,0.4479166567,0.5208333135
856,0.4791666567,0.5104166865,0.5416666865,0.4791666567
857,0.53125,0.4479166567,0.5520833135,0.4479166567
858,0.46875,0.46875,0.46875,0.46875
859,0.4791666567,0.5416666865,0.4895833433,0.4791666567
860,0.5208333135,0.4791666567,0.5520833135,0.4583333433
861,0.46875,0.4375,0.5104166865,0.4791666567
862,0.4791666567,0.53125,0.5104166865,0.4791666567
863,0.4583333433,0.53125,0.5104166865,0.4791666567
864,0.4270833433,0.53125,0.4583333433,0.4583333433
865,0.5625,0.5104166865,0.4583333433,0.4583333433
866,0.4791666567,0.4479166567,0.4479166567,0.4895833433
867,0.5,0.5416666865,0.5625,0.53125
868,0.5104166865,0.5520833135,0.5104166865,0.4895833433
869,0.4791666567,0.5104166865,0.4479166567,0.5416666865
870,0.5104166865,0.5520833135,0.46875,0.5104166865
871,0.4583333433,0.5104166865,0.4375,0.5
872,0.5,0.5104166865,0.4895833433,0.5208333135
873,0.5,0.4479166567,0.5104166865,0.5104166865
874,0.4166666567,0.5208333135,0.4583333433,0.5
875,0.4895833433,0.53125,0.46875,0.4479166567
876,0.4479166567,0.5104166865,0.5,0.4895833433
877,0.46875,0.4791666567,0.46875,0.4895833433
878,0.4270833433,0.40625,0.5,0.4791666567
879,0.4479166567,0.3958333433,0.4166666567,0.4895833433
880,0.4895833433,0.53125,0.4375,0.5104166865
881,0.46875,0.5104166865,0.4375,0.4895833433
882,0.4166666567,0.4895833433,0.5208333135,0.4895833433
883,0.4583333433,0.46875,0.4166666567,0.4895833433
884,0.40625,0.46875,0.46875,0.4791666567
885,0.5,0.4895833433,0.4583333433,0.46875
886,0.4375,0.4270833433,0.46875,0.46875
887,0.4791666567,0.4479166567,0.5,0.46875
888,0.46875,0.46875,0.46875,0.46875
889,0.4895833433,0.4583333433,0.4583333433,0.46875
890,0.46875,0.5104166865,0.46875,0.4791666567
891,0.3958333433,0.5,0.46875,0.46875
892,0.46875,0.4583333433,0.46875,0.46875
893,0.5,0.4479166567,0.4895833433,0.4791666567
894,0.4479166567,0.4583333433,0.4895833433,0.4895833433
895,0.4895833433,0.4479166567,0.5104166865,0.4895833433
896,0.4791666567,0.53125,0.5104166865,0.5
897,0.4375,0.4375,0.4895833433,0.4895833433
898,0.40625,0.4791666567,0.5,0.5
899,0.4270833433,0.5104166865,0.5104166865,0.5
900,0.40625,0.4479166567,0.4791666567,0.5
901,0.4583333433,0.4583333433,0.5104166865,0.5104166865
902,0.46875,0.4270833433,0.5104166865,0.5104166865
903,0.46875,0.4375,0.5416666865,0.53125
904,0.5104166865,0.4791666567,0.4895833433,0.5104166865
905,0.4895833433,0.4895833433,0.4791666567,0.5
906,0.46875,0.4270833433,0.4791666567,0.4895833433
907,0.4166666567,0.5,0.5,0.4791666567
908,0.5104166865,0.4479166567,0.4791666567,0.4791666567
909,0.46875,0.4375,0.46875,0.4791666567
910,0.4791666567,0.4583333433,0.46875,0.46875
911,0.4895833433,0.4791666567,0.5208333135,0.46875
912,0.4270833433,0.5104166865,0.5208333135,0.4895833433
913,0.4583333433,0.4791666567,0.4791666567,0.4583333433
914,0.5208333135,0.46875,0.4479166567,0.46875
915,0.4375,0.40625,0.5208333135,0.46875
916,0.5,0.4791666567,0.4895833433,0.4895833433
917,0.5208333135,0.5208333135,0.5416666865,0.4895833433
918,0.46875,0.5,0.5,0.4791666567
919,0.5,0.4895833433,0.5416666865,0.4895833433
920,0.5208333135,0.4895833433,0.5416666865,0.4895833433
921,0.4583333433,0.4479166567,0.5,0.46875
922,0.4583333433,0.5104166865,0.5,0.4791666567
923,0.5208333135,0.4375,0.46875,0.5
924,0.5104166865,0.4895833433,0.5104166865,0.5104166865
925,0.46875,0.4583333433,0.4895833433,0.5104166865
926,0.5208333135,0.4270833433,0.4583333433,0.5
927,0.4479166567,0.5416666865,0.4791666567,0.5
928,0.4895833433,0.4791666567,0.5,0.5104166865
929,0.5,0.5,0.4583333433,0.4895833433
930,0.4583333433,0.4583333433,0.4791666567,0.4791666567
931,0.4479166567,0.4270833433,0.46875,0.4791666567
932,0.5208333135,0.3229166567,0.4791666567,0.4791666567
933,0.4791666567,0.5,0.4375,0.4791666567
934,0.5208333135,0.5,0.4583333433,0.4791666567
935,0.5,0.5104166865,0.4791666567,0.4895833433
936,0.4895833433,0.5104166865,0.5,0.4895833433
937,0.4583333433,0.4375,0.4895833433,0.5
938,0.5625,0.46875,0.4895833433,0.4895833433
939,0.4895833433,0.53125,0.4895833433,0.4895833433
940,0.5104166865,0.3854166567,0.4895833433,0.4895833433
941,0.5625,0.4895833433,0.5,0.5
942,0.5416666865,0.4895833433,0.5208333135,0.5
943,0.5208333135,0.5625,0.5104166865,0.5
944,0.4791666567,0.4479166567,0.4791666567,0.4895833433
945,0.5833333135,0.4583333433,0.4791666567,0.4791666567
946,0.59375,0.4791666567,0.4791666567,0.4791666567
947,0.5208333135,0.6041666865,0.4791666567,0.4791666567
948,0.5416666865,0.46875,0.4791666567,0.4791666567
949,0.5208333135,0.5104166865,0.46875,0.46875
950,0.5,0.53125,0.46875,0.46875
951,0.5520833135,0.4791666567,0.46875,0.46875
952,0.5520833135,0.5520833135,0.46875,0.46875
953,0.5416666865,0.4479166567,0.4791666567,0.4791666567
954,0.4895833433,0.5,0.4895833433,0.4895833433
955,0.5520833135,0.5104166865,0.4791666567,0.4791666567
956,0.5104166865,0.5,0.46875,0.46875
957,0.6041666865,0.5104166865,0.4791666567,0.4791666567
958,0.59375,0.53125,0.4791666567,0.4791666567
959,0.5729166865,0.4583333433,0.4791666567,0.4791666567
960,0.5104166865,0.5520833135,0.4791666567,0.4791666567
961,0.5416666865,0.5,0.4895833433,0.4895833433
962,0.6354166865,0.53125,0.4895833433,0.4895833433
963,0.5729166865,0.53125,0.5,0.4895833433
964,0.5208333135,0.4895833433,0.4895833433,0.4895833433
965,0.5729166865,0.5,0.4895833433,0.4895833433
966,0.5833333135,0.4583333433,0.4791666567,0.4791666567
967,0.53125,0.5520833135,0.4791666567,0.4791666567
968,0.6041666865,0.4895833433,0.46875,0.46875
969,0.5833333135,0.4895833433,0.46875,0.46875
970,0.5520833135,0.4270833433,0.4791666567,0.4791666567
971,0.5833333135,0.5416666865,0.4791666567,0.4791666567
972,0.5416666865,0.4895833433,0.46875,0.46875
973,0.5520833135,0.5520833135,0.46875,0.46875
974,0.5520833135,0.5520833135,0.46875,0.46875
975,0.5625,0.4583333433,0.4791666567,0.46875
976,0.5625,0.5208333135,0.4895833433,0.4791666567
977,0.6041666865,0.5,0.4791666567,0.46875
978,0.5416666865,0.53125,0.46875,0.46875
979,0.5625,0.4479166567,0.4583333433,0.4583333433
980,0.5104166865,0.5833333135,0.4479166567,0.4479166567
981,0.4583333433,0.46875,0.4479166567,0.4479166567
982,0.5104166865,0.4583333433,0.4583333433,0.4583333433
983,0.5208333135,0.4791666567,0.4791666567,0.46875
984,0.5520833135,0.5625,0.46875,0.46875
985,0.5208333135,0.4895833433,0.4583333433,0.4583333433
986,0.4791666567,0.4166666567,0.4583333433,0.4583333433
987,0.5208333135,0.4375,0.4479166567,0.4479166567
988,0.5208333135,0.4895833433,0.4479166567,0.4479166567
989,0.5,0.5729166865,0.4479166567,0.4479166567
990,0.53125,0.53125,0.4375,0.4583333433
991,0.5,0.5,0.5104166865,0.46875
992,0.5416666865,0.4583333433,0.46875,0.4791666567
993,0.53125,0.5416666865,0.4791666567,0.4791666567
994,0.5833333135,0.5104166865,0.5729166865,0.4895833433
995,0.53125,0.59375,0.5625,0.4895833433
996,0.5625,0.5729166865,0.53125,0.5
997,0.46875,0.5208333135,0.6041666865,0.5
998,0.4479166567,0.5833333135,0.5104166865,0.5
999,0.4791666567,0.5104166865,0.4895833433,0.5104166865
1000,0.4791666567,0.5416666865,0.3958333433,0.5
1001,0.4791666567,0.5729166865,0.4895833433,0.46875
1002,0.53125,0.46875,0.5416666865,0.4791666567
1003,0.4895833433,0.46875,0.4583333433,0.4791666567
1004,0.5208333135,0.5104166865,0.5625,0.4895833433
1005,0.53125,0.5729166865,0.46875,0.46875
1006,0.5104166865,0.53125,0.5,0.46875
1007,0.5208333135,0.5625,0.5416666865,0.46875
1008,0.53125,0.53125,0.5104166865,0.5
1009,0.4895833433,0.5104166865,0.5,0.4583333433
1010,0.53125,0.5729166865,0.46875,0.4479166567
1011,0.5416666865,0.5625,0.5208333135,0.4375
1012,0.5520833135,0.5416666865,0.5,0.4270833433
1013,0.5208333135,0.53125,0.46875,0.4479166567
1014,0.5208333135,0.5208333135,0.4479166567,0.46875
1015,0.53125,0.5729166865,0.5416666865,0.46875
1016,0.4895833433,0.5104166865,0.5104166865,0.4375
1017,0.5104166865,0.53125,0.5416666865,0.4895833433
1018,0.4895833433,0.5,0.4791666567,0.5416666865
1019,0.5104166865,0.5208333135,0.4791666567,0.5625
1020,0.53125,0.6354166865,0.5625,0.59375
1021,0.5416666865,0.5416666865,0.5104166865,0.5416666865
1022,0.53125,0.625,0.5416666865,0.5833333135
1023,0.5416666865,0.5625,0.5,0.5625
1024,0.5625,0.4791666567,0.5520833135,0.5833333135
1025,0.5833333135,0.5625,0.53125,0.5833333135
1026,0.5416666865,0.4583333433,0.5104166865,0.5833333135
1027,0.53125,0.6041666865,0.5729166865,0.5833333135
1028,0.5208333135,0.5625,0.5104166865,0.5833333135
1029,0.59375,0.5625,0.53125,0.5833333135
1030,0.5729166865,0.5208333135,0.5833333135,0.5833333135
1031,0.5625,0.5416666865,0.59375,0.59375
1032,0.4895833433,0.5104166865,0.5625,0.59375
1033,0.59375,0.53125,0.6041666865,0.5833333135
1034,0.5208333135,0.5520833135,0.59375,0.5833333135
1035,0.5208333135,0.5729166865,0.53125,0.5833333135
1036,0.5208333135,0.6458333135,0.59375,0.59375
1037,0.4791666567,0.5520833135,0.6145833135,0.6041666865
1038,0.5,0.5833333135,0.625,0.59375
1039,0.4791666567,0.53125,0.6041666865,0.6041666865
1040,0.53125,0.53125,0.5729166865,0.59375
1041,0.5208333135,0.5,0.5416666865,0.5833333135
1042,0.5104166865,0.5520833135,0.59375,0.59375
1043,0.5416666865,0.5520833135,0.59375,0.6041666865
1044,0.4895833433,0.6041666865,0.6041666865,0.6041666865
1045,0.4895833433,0.5104166865,0.59375,0.59375
1046,0.5,0.5833333135,0.6041666865,0.6041666865
1047,0.4895833433,0.5729166865,0.59375,0.59375
1048,0.53125,0.5520833135,0.5520833135,0.5833333135
1049,0.4895833433,0.5416666865,0.5833333135,0.5833333135
1050,0.5,0.5,0.59375,0.5833333135
1051,0.6145833135,0.5208333135,0.5833333135,0.5833333135
1052,0.4583333433,0.5416666865,0.5833333135,0.5833333135
1053,0.4791666567,0.5729166865,0.5729166865,0.5833333135
1054,0.5520833135,0.5208333135,0.5729166865,0.5729166865
1055,0.53125,0.53125,0.5729166865,0.5729166865
1056,0.4583333433,0.5208333135,0.5833333135,0.5833333135
1057,0.5729166865,0.4895833433,0.5729166865,0.59375
1058,0.5208333135,0.59375,0.5729166865,0.5833333135
1059,0.4895833433,0.59375,0.5833333135,0.5729166865
1060,0.4895833433,0.6145833135,0.5625,0.5833333135
1061,0.46875,0.4270833433,0.6041666865,0.5729166865
1062,0.5208333135,0.4895833433,0.53125,0.5729166865
1063,0.5208333135,0.5208333135,0.5625,0.5729166865
1064,0.46875,0.5520833135,0.5520833135,0.5729166865
1065,0.53125,0.5416666865,0.5729166865,0.5729166865
1066,0.5625,0.5520833135,0.5833333135,0.5729166865
1067,0.5416666865,0.53125,0.5520833135,0.5729166865
1068,0.53125,0.5208333135,0.5729166865,0.5625
1069,0.5520833135,0.53125,0.53125,0.5520833135
1070,0.4791666567,0.5104166865,0.5520833135,0.5520833135
1071,0.5104166865,0.5104166865,0.5729166865,0.5625
1072,0.53125,0.53125,0.5520833135,0.5625
1073,0.5104166865,0.5104166865,0.5416666865,0.5520833135
1074,0.53125,0.4791666567,0.5104166865,0.5520833135
1075,0.5104166865,0.5416666865,0.5729166865,0.5520833135
1076,0.5104166865,0.4895833433,0.5625,0.5520833135
1077,0.5208333135,0.5104166865,0.5729166865,0.5520833135
1078,0.5208333135,0.4791666567,0.5416666865,0.5625
1079,0.46875,0.59375,0.59375,0.5729166865
1080,0.5729166865,0.5,0.5729166865,0.5729166865
1081,0.5416666865,0.5,0.5729166865,0.5729166865
1082,0.4791666567,0.5625,0.5729166865,0.5729166865
1083,0.5208333135,0.5104166865,0.5729166865,0.5729166865
1084,0.4583333433,0.5520833135,0.5729166865,0.5729166865
1085,0.4895833433,0.5208333135,0.5625,0.5625
1086,0.5729166865,0.5833333135,0.53125,0.5729166865
1087,0.5416666865,0.5520833135,0.5833333135,0.5729166865
1088,0.5416666865,0.4583333433,0.53125,0.5729166865
1089,0.46875,0.5833333135,0.5833333135,0.59375
1090,0.5625,0.5208333135,0.5625,0.625
1091,0.5208333135,0.53125,0.46875,0.5729166865
1092,0.5833333135,0.53125,0.4375,0.4791666567
1093,0.53125,0.5729166865,0.5,0.4166666567
1094,0.5,0.5625,0.5416666865,0.59375
1095,0.5729166865,0.5,0.4270833433,0.4791666567
1096,0.5104166865,0.5520833135,0.5,0.5
1097,0.4895833433,0.5416666865,0.53125,0.59375
1098,0.5208333135,0.5208333135,0.5729166865,0.59375
1099,0.5104166865,0.4583333433,0.5520833135,0.53125
1100,0.5208333135,0.5104166865,0.5625,0.6041666865
1101,0.5104166865,0.46875,0.4791666567,0.5833333135
1102,0.5104166865,0.4895833433,0.5729166865,0.5833333135
1103,0.5208333135,0.4583333433,0.5208333135,0.6145833135
1104,0.5208333135,0.53125,0.5208333135,0.6041666865
1105,0.5,0.5520833135,0.5416666865,0.5729166865
1106,0.53125,0.5,0.5,0.5833333135
1107,0.5416666865,0.5104166865,0.59375,0.5729166865
1108,0.5729166865,0.53125,0.5625,0.5729166865
1109,0.53125,0.5625,0.5729166865,0.5729166865
1110,0.5833333135,0.53125,0.59375,0.5729166865
1111,0.5520833135,0.5520833135,0.5833333135,0.5729166865
1112,0.5208333135,0.5104166865,0.5729166865,0.5625
1113,0.5625,0.5,0.5729166865,0.5729166865
1114,0.53125,0.5208333135,0.53125,0.5625
1115,0.5208333135,0.4583333433,0.5520833135,0.5520833135
1116,0.5104166865,0.4895833433,0.53125,0.5416666865
1117,0.5833333135,0.46875,0.53125,0.5416666865
1118,0.5416666865,0.5,0.5520833135,0.5416666865
1119,0.4895833433,0.5416666865,0.5104166865,0.5520833135
1120,0.4791666567,0.4791666567,0.53125,0.5520833135
1121,0.46875,0.5104166865,0.53125,0.5416666865
1122,0.5104166865,0.53125,0.5625,0.5416666865
1123,0.5208333135,0.5416666865,0.5416666865,0.5416666865
1124,0.53125,0.4791666567,0.5520833135,0.53125
1125,0.5520833135,0.5104166865,0.5104166865,0.53125
1126,0.59375,0.5104166865,0.5416666865,0.53125
1127,0.4791666567,0.5104166865,0.5208333135,0.53125
1128,0.4583333433,0.5729166865,0.5416666865,0.5416666865
1129,0.5,0.5208333135,0.5625,0.5520833135
1130,0.4583333433,0.4479166567,0.5208333135,0.5520833135
1131,0.5520833135,0.5208333135,0.5729166865,0.5416666865
1132,0.5416666865,0.53125,0.4583333433,0.53125
1133,0.5104166865,0.5208333135,0.53125,0.5208333135
1134,0.5208333135,0.5416666865,0.53125,0.5208333135
1135,0.5208333135,0.5416666865,0.5104166865,0.5208333135
1136,0.53125,0.5416666865,0.53125,0.5208333135
1137,0.6145833135,0.5520833135,0.5,0.5208333135
1138,0.5625,0.4895833433,0.5104166865,0.5104166865
1139,0.5729166865,0.5416666865,0.5104166865,0.5104166865
1140,0.5416666865,0.5208333135,0.5729166865,0.5104166865
1141,0.5625,0.5416666865,0.5,0.5208333135
1142,0.5625,0.5729166865,0.5625,0.5208333135
1143,0.5416666865,0.4895833433,0.53125,0.53125
1144,0.6145833135,0.5104166865,0.5520833135,0.53125
1145,0.5729166865,0.5416666865,0.53125,0.53125
1146,0.59375,0.5104166865,0.5416666865,0.5416666865
1147,0.5833333135,0.53125,0.5416666865,0.5416666865
1148,0.6145833135,0.5208333135,0.53125,0.53125
1149,0.5625,0.53125,0.5520833135,0.5416666865
1150,0.5625,0.59375,0.5729166865,0.5520833135
1151,0.5520833135,0.5520833135,0.5520833135,0.5416666865
1152,0.5416666865,0.5416666865,0.5625,0.5416666865
1153,0.5416666865,0.5208333135,0.53125,0.53125
1154,0.5416666865,0.53125,0.5208333135,0.53125
1155,0.5729166865,0.5208333135,0.53125,0.53125
1156,0.5208333135,0.53125,0.53125,0.53125
1157,0.5520833135,0.5208333135,0.5416666865,0.5416666865
1158,0.53125,0.5729166865,0.5416666865,0.5416666865
1159,0.5,0.5,0.5416666865,0.5416666865
1160,0.5520833135,0.53125,0.5416666865,0.5416666865
1161,0.5625,0.5729166865,0.5104166865,0.5416666865
1162,0.6145833135,0.5416666865,0.5416666865,0.5520833135
1163,0.5520833135,0.53125,0.5625,0.5625
1164,0.4791666567,0.5833333135,0.5729166865,0.5729166865
1165,0.5729166865,0.6041666865,0.5833333135,0.5833333135
1166,0.5520833135,0.5520833135,0.5833333135,0.5833333135
1167,0.5520833135,0.5520833135,0.5833333135,0.5833333135
1168,0.5625,0.625,0.5833333135,0.5833333135
1169,0.5729166865,0.59375,0.59375,0.59375
1170,0.5520833135,0.5208333135,0.59375,0.59375
1171,0.5833333135,0.5833333135,0.5833333135,0.5833333135
1172,0.5625,0.5729166865,0.5833333135,0.5833333135
1173,0.5208333135,0.5833333135,0.59375,0.5833333135
1174,0.5208333135,0.5625,0.59375,0.5833333135
1175,0.5104166865,0.59375,0.5833333135,0.5833333135
1176,0.5416666865,0.59375,0.5729166865,0.5833333135
1177,0.5625,0.5833333135,0.5833333135,0.5833333135
1178,0.5729166865,0.5833333135,0.5833333135,0.5833333135
1179,0.5625,0.6354166865,0.5833333135,0.5833333135
1180,0.5,0.59375,0.59375,0.59375
1181,0.5520833135,0.5833333135,0.6041666865,0.6041666865
1182,0.5104166865,0.6041666865,0.6041666865,0.6041666865
1183,0.53125,0.6041666865,0.6145833135,0.6145833135
1184,0.46875,0.6041666865,0.6041666865,0.6041666865
1185,0.4479166567,0.6041666865,0.59375,0.59375
1186,0.53125,0.6041666865,0.6041666865,0.6041666865
1187,0.5520833135,0.6041666865,0.6041666865,0.6041666865
1188,0.4895833433,0.5833333135,0.59375,0.59375
1189,0.4791666567,0.5729166865,0.5833333135,0.5833333135
1190,0.5104166865,0.5729166865,0.5729166865,0.5729166865
1191,0.5104166865,0.59375,0.5833333135,0.5833333135
1192,0.5104166865,0.59375,0.59375,0.59375
1193,0.5104166865,0.59375,0.59375,0.59375
1194,0.5,0.59375,0.59375,0.59375
1195,0.53125,0.59375,0.59375,0.59375
1196,0.5416666865,0.5625,0.5833333135,0.5833333135
1197,0.5208333135,0.5729166865,0.5833333135,0.5833333135
1198,0.53125,0.59375,0.59375,0.59375
1199,0.53125,0.6041666865,0.5833333135,0.5833333135
1200,0.5416666865,0.5833333135,0.5833333135,0.5833333135
1201,0.5520833135,0.5833333135,0.5833333135,0.5833333135
1202,0.5,0.5625,0.5833333135,0.5833333135
1203,0.4583333433,0.53125,0.5833333135,0.5833333135
1204,0.5208333135,0.5520833135,0.5833333135,0.5833333135
1205,0.4895833433,0.5833333135,0.5729166865,0.5729166865
1206,0.5,0.5520833135,0.5729166865,0.5729166865
1207,0.5,0.5833333135,0.5625,0.5625
1208,0.5104166865,0.53125,0.5729166865,0.5729166865
1209,0.4583333433,0.5833333135,0.5729166865,0.5729166865
1210,0.5208333135,0.5833333135,0.5833333135,0.5833333135
1211,0.5,0.5208333135,0.59375,0.59375
1212,0.53125,0.59375,0.59375,0.6041666865
1213,0.5729166865,0.5729166865,0.59375,0.6041666865
1214,0.5833333135,0.5729166865,0.6041666865,0.59375
1215,0.6041666865,0.5833333135,0.59375,0.5833333135
1216,0.5625,0.5520833135,0.6041666865,0.5729166865
1217,0.5729166865,0.5,0.625,0.5833333135
1218,0.5104166865,0.5625,0.59375,0.5833333135
1219,0.5520833135,0.5104166865,0.59375,0.5833333135
1220,0.5729166865,0.625,0.5729166865,0.59375
1221,0.6041666865,0.5625,0.5625,0.59375
1222,0.4791666567,0.5729166865,0.6041666865,0.59375
1223,0.5833333135,0.5520833135,0.625,0.59375
1224,0.5729166865,0.5416666865,0.5729166865,0.59375
1225,0.5833333135,0.5729166865,0.5520833135,0.5833333135
1226,0.5520833135,0.5625,0.5833333135,0.5729166865
1227,0.53125,0.53125,0.6041666865,0.5833333135
1228,0.5625,0.5416666865,0.5833333135,0.59375
1229,0.6145833135,0.4791666567,0.6041666865,0.5729166865
1230,0.5833333135,0.5416666865,0.5416666865,0.59375
1231,0.6145833135,0.5625,0.5208333135,0.5520833135
1232,0.6041666865,0.59375,0.5520833135,0.6041666865
1233,0.5520833135,0.5833333135,0.6041666865,0.6145833135
1234,0.5520833135,0.6354166865,0.59375,0.6041666865
1235,0.5833333135,0.5208333135,0.53125,0.59375
1236,0.5625,0.46875,0.625,0.5833333135
1237,0.5520833135,0.5833333135,0.53125,0.5833333135
1238,0.6041666865,0.5625,0.5,0.5625
1239,0.5520833135,0.5416666865,0.6354166865,0.5833333135
1240,0.5833333135,0.5520833135,0.5625,0.59375
1241,0.65625,0.5625,0.59375,0.59375
1242,0.5833333135,0.5729166865,0.6041666865,0.5729166865
1243,0.59375,0.53125,0.6666666865,0.5729166865
1244,0.6145833135,0.59375,0.5416666865,0.5625
1245,0.5416666865,0.6458333135,0.59375,0.5729166865
1246,0.5625,0.6145833135,0.5729166865,0.5625
1247,0.6145833135,0.5625,0.5416666865,0.5625
1248,0.4895833433,0.5,0.5520833135,0.5625
1249,0.5416666865,0.4583333433,0.5520833135,0.5625
1250,0.5625,0.6041666865,0.5208333135,0.5520833135
1251,0.53125,0.5729166865,0.5729166865,0.5729166865
1252,0.5729166865,0.5104166865,0.5625,0.5625
1253,0.53125,0.5,0.4791666567,0.5625
1254,0.5729166865,0.6354166865,0.5104166865,0.5625
1255,0.5,0.5729166865,0.5416666865,0.5729166865
1256,0.46875,0.5833333135,0.5833333135,0.5729166865
1257,0.5416666865,0.53125,0.4895833433,0.5625
1258,0.5104166865,0.5625,0.53125,0.5520833135
1259,0.5,0.46875,0.5416666865,0.5520833135
1260,0.5625,0.53125,0.59375,0.5520833135
1261,0.53125,0.4375,0.53125,0.5520833135
1262,0.5625,0.5104166865,0.5625,0.5520833135
1263,0.5208333135,0.625,0.5729166865,0.5520833135
1264,0.5208333135,0.5520833135,0.5729166865,0.5520833135
1265,0.5833333135,0.6041666865,0.5520833135,0.5520833135
1266,0.6041666865,0.5833333135,0.5625,0.5520833135
1267,0.5208333135,0.59375,0.5520833135,0.5625
1268,0.5520833135,0.59375,0.53125,0.5625
1269,0.5208333135,0.5416666865,0.5729166865,0.5729166865
1270,0.5520833135,0.5625,0.5729166865,0.5729166865
1271,0.5416666865,0.59375,0.5625,0.5625
1272,0.4895833433,0.6145833135,0.4791666567,0.5625
1273,0.5520833135,0.5833333135,0.46875,0.5520833135
1274,0.5208333135,0.46875,0.4583333433,0.5520833135
1275,0.53125,0.53125,0.4791666567,0.5625
1276,0.5104166865,0.5208333135,0.5208333135,0.53125
1277,0.46875,0.5208333135,0.5208333135,0.5520833135
1278,0.46875,0.5104166865,0.5625,0.5416666865
1279,0.5416666865,0.6354166865,0.4895833433,0.53125
1280,0.5416666865,0.5416666865,0.4791666567,0.5416666865
1281,0.5104166865,0.6145833135,0.4583333433,0.53125
1282,0.46875,0.6041666865,0.5208333135,0.5520833135
1283,0.4895833433,0.6458333135,0.5520833135,0.5416666865
1284,0.5,0.6041666865,0.5,0.5520833135
1285,0.5416666865,0.6041666865,0.6145833135,0.5520833135
1286,0.5104166865,0.5416666865,0.4479166567,0.5729166865
1287,0.46875,0.6145833135,0.4895833433,0.5
1288,0.5416666865,0.6145833135,0.4479166567,0.5729166865
1289,0.4791666567,0.5833333135,0.46875,0.5104166865
1290,0.4791666567,0.5625,0.5729166865,0.5208333135
1291,0.4895833433,0.53125,0.5208333135,0.53125
1292,0.4895833433,0.4791666567,0.5416666865,0.5520833135
1293,0.46875,0.4895833433,0.4895833433,0.53125
1294,0.4583333433,0.4895833433,0.59375,0.53125
1295,0.53125,0.5833333135,0.6041666865,0.53125
1296,0.5208333135,0.5520833135,0.53125,0.53125
1297,0.53125,0.53125,0.5416666865,0.53125
1298,0.5208333135,0.4791666567,0.5729166865,0.53125
1299,0.53125,0.5416666865,0.5520833135,0.5416666865
1300,0.5104166865,0.5104166865,0.5,0.5416666865
1301,0.5416666865,0.5833333135,0.5208333135,0.5416666865
1302,0.53125,0.4895833433,0.5208333135,0.5520833135
1303,0.5104166865,0.6354166865,0.5104166865,0.5416666865
1304,0.5104166865,0.5104166865,0.5208333135,0.5625
1305,0.4791666567,0.59375,0.6354166865,0.5625
1306,0.5,0.53125,0.5625,0.5520833135
1307,0.53125,0.4895833433,0.5520833135,0.5520833135
1308,0.46875,0.5,0.5625,0.5416666865
1309,0.4479166567,0.4583333433,0.5,0.53125
1310,0.5208333135,0.5625,0.5625,0.5416666865
1311,0.5208333135,0.5416666865,0.625,0.5520833135
1312,0.5,0.5416666865,0.5416666865,0.5520833135
1313,0.4895833433,0.53125,0.5729166865,0.5416666865
1314,0.53125,0.5625,0.5625,0.53125
1315,0.5,0.5729166865,0.59375,0.5416666865
1316,0.4791666567,0.53125,0.5729166865,0.5416666865
1317,0.4895833433,0.5208333135,0.5729166865,0.53125
1318,0.4791666567,0.5520833135,0.53125,0.5416666865
1319,0.4583333433,0.53125,0.5729166865,0.5416666865
1320,0.5208333135,0.53125,0.5416666865,0.5416666865
1321,0.4583333433,0.5520833135,0.5520833135,0.5416666865
1322,0.46875,0.5833333135,0.5416666865,0.5520833135
1323,0.5,0.5,0.5729166865,0.5520833135
1324,0.5,0.5625,0.53125,0.5520833135
1325,0.53125,0.5208333135,0.5625,0.5520833135
1326,0.5104166865,0.5416666865,0.5833333135,0.5520833135
1327,0.5520833135,0.5520833135,0.6041666865,0.5520833135
1328,0.4479166567,0.5,0.5416666865,0.5416666865
1329,0.4791666567,0.53125,0.5416666865,0.5416666865
1330,0.4895833433,0.5729166865,0.5416666865,0.5416666865
1331,0.5625,0.5104166865,0.5520833135,0.5416666865
1332,0.4270833433,0.5104166865,0.5520833135,0.5416666865
1333,0.4583333433,0.4895833433,0.5520833135,0.5416666865
1334,0.5,0.5729166865,0.5416666865,0.5416666865
1335,0.4270833433,0.6145833135,0.5416666865,0.5416666865
1336,0.5104166865,0.46875,0.5625,0.53125
1337,0.4479166567,0.4895833433,0.53125,0.53125
1338,0.4583333433,0.5104166865,0.5520833135,0.53125
1339,0.40625,0.4791666567,0.5,0.53125
1340,0.4791666567,0.4791666567,0.4895833433,0.5416666865
1341,0.4479166567,0.46875,0.5625,0.5416666865
1342,0.4583333433,0.4895833433,0.5625,0.5625
1343,0.40625,0.5208333135,0.5416666865,0.5416666865
1344,0.4583333433,0.4895833433,0.5,0.53125
1345,0.4791666567,0.5,0.53125,0.5416666865
1346,0.4583333433,0.4583333433,0.46875,0.5416666865
1347,0.4479166567,0.53125,0.5,0.5416666865
1348,0.5729166865,0.4375,0.59375,0.5625
1349,0.4895833433,0.5208333135,0.46875,0.5208333135
1350,0.4895833433,0.5,0.5,0.5208333135
1351,0.46875,0.5208333135,0.5,0.5104166865
1352,0.4895833433,0.4895833433,0.4791666567,0.5104166865
1353,0.4375,0.4479166567,0.53125,0.5104166865
1354,0.5833333135,0.46875,0.5520833135,0.5625
1355,0.5208333135,0.5520833135,0.5625,0.4270833433
1356,0.53125,0.5520833135,0.5729166865,0.4895833433
1357,0.5104166865,0.5729166865,0.4895833433,0.5
1358,0.5520833135,0.4479166567,0.46875,0.4791666567
1359,0.5,0.5104166865,0.4166666567,0.46875
1360,0.4791666567,0.4166666567,0.4791666567,0.59375
1361,0.5416666865,0.5625,0.5520833135,0.4791666567
1362,0.5208333135,0.5520833135,0.5,0.5416666865
1363,0.5208333135,0.5208333135,0.5104166865,0.5
1364,0.4791666567,0.4895833433,0.5520833135,0.5
1365,0.5104166865,0.4791666567,0.4791666567,0.4895833433
1366,0.5104166865,0.4791666567,0.5104166865,0.4791666567
1367,0.4895833433,0.53125,0.4895833433,0.4791666567
1368,0.5625,0.53125,0.4895833433,0.4791666567
1369,0.59375,0.46875,0.4791666567,0.4791666567
1370,0.5416666865,0.4791666567,0.46875,0.4791666567
1371,0.5104166865,0.46875,0.4791666567,0.4791666567
1372,0.5104166865,0.4791666567,0.5208333135,0.46875
1373,0.5625,0.4895833433,0.4583333433,0.4583333433
1374,0.5104166865,0.4895833433,0.5104166865,0.46875
1375,0.5104166865,0.5520833135,0.46875,0.4791666567
1376,0.5208333135,0.4791666567,0.4895833433,0.4791666567
1377,0.5,0.5,0.5,0.4791666567
1378,0.46875,0.46875,0.4479166567,0.4791666567
1379,0.5416666865,0.5416666865,0.5208333135,0.4791666567
1380,0.4895833433,0.5208333135,0.4583333433,0.4895833433
1381,0.5520833135,0.5104166865,0.4895833433,0.4895833433
1382,0.5104166865,0.4791666567,0.5,0.4791666567
1383,0.5208333135,0.6041666865,0.4895833433,0.4895833433
1384,0.5208333135,0.5,0.4791666567,0.4895833433
1385,0.53125,0.5,0.5208333135,0.4791666567
1386,0.5208333135,0.5416666865,0.5208333135,0.4791666567
1387,0.5208333135,0.53125,0.5416666865,0.4895833433
1388,0.5104166865,0.5208333135,0.4479166567,0.4791666567
1389,0.4895833433,0.53125,0.4791666567,0.4895833433
1390,0.5104166865,0.5729166865,0.4895833433,0.4791666567
1391,0.5104166865,0.5729166865,0.46875,0.4895833433
1392,0.53125,0.4583333433,0.4479166567,0.4895833433
1393,0.5520833135,0.4895833433,0.4791666567,0.4791666567
1394,0.5,0.4895833433,0.4791666567,0.4791666567
1395,0.4791666567,0.4479166567,0.4479166567,0.4791666567
1396,0.5416666865,0.5625,0.4895833433,0.4791666567
1397,0.53125,0.6145833135,0.4791666567,0.4895833433
1398,0.5,0.5208333135,0.4791666567,0.4895833433
1399,0.4479166567,0.4791666567,0.5104166865,0.4895833433
1400,0.4270833433,0.4895833433,0.5104166865,0.4895833433
1401,0.4479166567,0.4895833433,0.5104166865,0.4895833433
1402,0.5729166865,0.5104166865,0.4791666567,0.4791666567
1403,0.4895833433,0.4791666567,0.4791666567,0.4791666567
1404,0.4791666567,0.5208333135,0.46875,0.46875
1405,0.5104166865,0.5208333135,0.4895833433,0.4791666567
1406,0.5416666865,0.5104166865,0.5104166865,0.4791666567
1407,0.5,0.5,0.4895833433,0.46875
1408,0.4583333433,0.4583333433,0.4791666567,0.46875
1409,0.5104166865,0.4270833433,0.4791666567,0.4791666567
1410,0.5,0.53125,0.4583333433,0.4791666567
1411,0.5520833135,0.5,0.4583333433,0.46875
1412,0.4895833433,0.5208333135,0.4895833433,0.46875
1413,0.5,0.5104166865,0.4375,0.4791666567
1414,0.5104166865,0.53125,0.53125,0.4791666567
1415,0.53125,0.5,0.4375,0.46875
1416,0.4479166567,0.4583333433,0.4791666567,0.46875
1417,0.5208333135,0.46875,0.46875,0.46875
1418,0.5,0.5104166865,0.46875,0.46875
1419,0.46875,0.4583333433,0.46875,0.46875
1420,0.5104166865,0.53125,0.4479166567,0.4583333433
1421,0.4895833433,0.4583333433,0.4791666567,0.4583333433
1422,0.4583333433,0.5625,0.4583333433,0.46875
1423,0.4583333433,0.4895833433,0.46875,0.46875
1424,0.5416666865,0.4791666567,0.40625,0.4791666567
1425,0.5104166865,0.4270833433,0.4479166567,0.4791666567
1426,0.3958333433,0.5104166865,0.5625,0.5208333135
1427,0.4791666567,0.53125,0.4791666567,0.5
1428,0.5104166865,0.5208333135,0.5625,0.4791666567
1429,0.4895833433,0.59375,0.5104166865,0.5104166865
1430,0.4895833433,0.5729166865,0.4479166567,0.5208333135
1431,0.5104166865,0.5625,0.4166666567,0.46875
1432,0.5625,0.4895833433,0.4479166567,0.4583333433
1433,0.5,0.5104166865,0.5,0.46875
1434,0.46875,0.5104166865,0.5104166865,0.4895833433
1435,0.5416666865,0.46875,0.5208333135,0.4895833433
1436,0.4895833433,0.5729166865,0.53125,0.4791666567
1437,0.59375,0.5833333135,0.5,0.4791666567
1438,0.5729166865,0.5208333135,0.4791666567,0.46875
1439,0.5625,0.5208333135,0.46875,0.4791666567
1440,0.5,0.5,0.5416666865,0.4791666567
1441,0.5,0.40625,0.46875,0.4791666567
1442,0.5104166865,0.625,0.4791666567,0.4895833433
1443,0.4583333433,0.4791666567,0.53125,0.5
1444,0.46875,0.5729166865,0.4583333433,0.5104166865
1445,0.5520833135,0.5104166865,0.53125,0.5104166865
1446,0.46875,0.5208333135,0.4270833433,0.5208333135
1447,0.53125,0.59375,0.5416666865,0.5208333135
1448,0.5,0.5729166865,0.5104166865,0.53125
1449,0.4375,0.4791666567,0.5208333135,0.53125
1450,0.46875,0.5104166865,0.5208333135,0.5208333135
1451,0.53125,0.5,0.53125,0.5208333135
1452,0.4791666567,0.5104166865,0.5520833135,0.5208333135
1453,0.4479166567,0.5104166865,0.5104166865,0.5208333135
1454,0.3958333433,0.4791666567,0.4895833433,0.5208333135
1455,0.4375,0.5625,0.4583333433,0.53125
1456,0.5,0.59375,0.5,0.53125
1457,0.40625,0.53125,0.5416666865,0.5416666865
1458,0.4375,0.53125,0.5104166865,0.5625
1459,0.46875,0.5416666865,0.4375,0.4791666567
1460,0.5416666865,0.5,0.4375,0.5104166865
1461,0.5104166865,0.5520833135,0.46875,0.4479166567
1462,0.53125,0.5208333135,0.4270833433,0.4375
1463,0.5,0.5,0.4479166567,0.4375
1464,0.4895833433,0.5833333135,0.4479166567,0.4375
1465,0.4479166567,0.5625,0.4583333433,0.4375
1466,0.4895833433,0.59375,0.3958333433,0.4479166567
1467,0.5625,0.5208333135,0.4895833433,0.4375
1468,0.6145833135,0.5104166865,0.4375,0.4479166567
1469,0.5208333135,0.5520833135,0.4479166567,0.4479166567
1470,0.5416666865,0.4583333433,0.4791666567,0.4583333433
1471,0.6041666865,0.5416666865,0.4791666567,0.4583333433
1472,0.5625,0.6041666865,0.5,0.4583333433
1473,0.6354166865,0.5416666865,0.4479166567,0.4583333433
1474,0.6145833135,0.5833333135,0.46875,0.46875
1475,0.65625,0.5104166865,0.46875,0.4479166567
1476,0.59375,0.5416666865,0.53125,0.4791666567
1477,0.625,0.5104166865,0.4895833433,0.4583333433
1478,0.59375,0.5833333135,0.46875,0.4479166567
1479,0.5833333135,0.5104166865,0.5,0.4583333433
1480,0.65625,0.5833333135,0.5208333135,0.46875
1481,0.6145833135,0.5729166865,0.6145833135,0.46875
1482,0.5833333135,0.6041666865,0.4479166567,0.4583333433
1483,0.5833333135,0.5729166865,0.5729166865,0.4791666567
1484,0.6979166865,0.625,0.4791666567,0.4583333433
1485,0.6354166865,0.5729166865,0.5104166865,0.4895833433
1486,0.7083333135,0.6770833135,0.5416666865,0.4895833433
1487,0.59375,0.5625,0.5416666865,0.46875
1488,0.625,0.5833333135,0.53125,0.4583333433
1489,0.6770833135,0.59375,0.4270833433,0.4479166567
1490,0.5729166865,0.59375,0.4166666567,0.4375
1491,0.6458333135,0.5625,0.46875,0.4479166567
1492,0.5729166865,0.59375,0.4583333433,0.4583333433
1493,0.6458333135,0.5416666865,0.5,0.4583333433
1494,0.65625,0.5416666865,0.5520833135,0.4479166567
1495,0.5833333135,0.5729166865,0.4166666567,0.4791666567
1496,0.6458333135,0.5416666865,0.5729166865,0.4583333433
1497,0.5833333135,0.5520833135,0.5104166865,0.46875
1498,0.5416666865,0.5520833135,0.5,0.4479166567
1499,0.6145833135,0.6041666865,0.4583333433,0.4479166567
1500,0.6458333135,0.59375,0.4375,0.4583333433
1501,0.59375,0.5416666865,0.5729166865,0.46875
1502,0.6145833135,0.5416666865,0.4270833433,0.4895833433
1503,0.6145833135,0.5104166865,0.5729166865,0.46875
1504,0.5625,0.6041666865,0.46875,0.4479166567
1505,0.5625,0.5416666865,0.5208333135,0.4791666567
1506,0.625,0.6354166865,0.53125,0.46875
1507,0.6145833135,0.5520833135,0.46875,0.4479166567
1508,0.6041666865,0.53125,0.46875,0.4583333433
1509,0.6041666865,0.5625,0.5208333135,0.4791666567
1510,0.5729166865,0.4791666567,0.4895833433,0.4166666567
1511,0.5833333135,0.4375,0.5104166865,0.4479166567
1512,0.53125,0.5416666865,0.4791666567,0.4791666567
1513,0.5625,0.5625,0.5416666865,0.46875
1514,0.5104166865,0.5729166865,0.4270833433,0.4791666567
1515,0.5520833135,0.5729166865,0.4270833433,0.4583333433
1516,0.5520833135,0.5416666865,0.46875,0.4583333433
1517,0.5416666865,0.5833333135,0.4791666567,0.4583333433
1518,0.5625,0.5,0.53125,0.46875
1519,0.5416666865,0.5208333135,0.4375,0.4166666567
1520,0.5833333135,0.53125,0.5520833135,0.4895833433
1521,0.5833333135,0.53125,0.5416666865,0.4791666567
1522,0.53125,0.5729166865,0.59375,0.5416666865
1523,0.5625,0.4895833433,0.53125,0.53125
1524,0.5625,0.53125,0.5833333135,0.53125
1525,0.5416666865,0.5208333135,0.6041666865,0.5208333135
1526,0.5104166865,0.4895833433,0.5833333135,0.5208333135
1527,0.5729166865,0.5833333135,0.5208333135,0.5416666865
1528,0.4895833433,0.59375,0.53125,0.5625
1529,0.4583333433,0.5520833135,0.5,0.53125
1530,0.5625,0.4895833433,0.5208333135,0.5416666865
1531,0.46875,0.4895833433,0.5,0.53125
1532,0.5104166865,0.5520833135,0.5,0.4895833433
1533,0.5416666865,0.5,0.59375,0.5104166865
1534,0.5520833135,0.4583333433,0.4895833433,0.53125
1535,0.5416666865,0.5104166865,0.46875,0.5104166865
1536,0.4791666567,0.5416666865,0.5,0.5520833135
1537,0.5416666865,0.5,0.4791666567,0.5208333135
1538,0.5,0.5416666865,0.4791666567,0.5208333135
1539,0.5,0.4375,0.4791666567,0.5208333135
1540,0.5625,0.5729166865,0.5,0.5208333135
1541,0.5416666865,0.5104166865,0.5104166865,0.5208333135
1542,0.5208333135,0.59375,0.5104166865,0.5208333135
1543,0.5416666865,0.5104166865,0.5208333135,0.5208333135
1544,0.5416666865,0.5104166865,0.5208333135,0.5208333135
1545,0.4791666567,0.5,0.5208333135,0.5208333135
1546,0.5729166865,0.59375,0.5208333135,0.5208333135
1547,0.6145833135,0.5,0.5104166865,0.5104166865
1548,0.53125,0.4895833433,0.5104166865,0.5104166865
1549,0.5520833135,0.5416666865,0.5208333135,0.5208333135
1550,0.5520833135,0.5625,0.5104166865,0.5208333135
1551,0.40625,0.4375,0.53125,0.5104166865
1552,0.53125,0.5104166865,0.5208333135,0.5
1553,0.5208333135,0.4375,0.5416666865,0.4895833433
1554,0.5625,0.5104166865,0.5104166865,0.4895833433
1555,0.5416666865,0.5625,0.5,0.5
1556,0.5104166865,0.5833333135,0.5,0.5
1557,0.5416666865,0.5104166865,0.5,0.5
1558,0.5208333135,0.5208333135,0.5,0.5
1559,0.5416666865,0.5416666865,0.5,0.5
1560,0.5104166865,0.53125,0.5,0.5104166865
1561,0.5208333135,0.5208333135,0.5104166865,0.5104166865
1562,0.4895833433,0.5416666865,0.5208333135,0.5208333135
1563,0.4895833433,0.6145833135,0.5208333135,0.5208333135
1564,0.4166666567,0.5416666865,0.53125,0.53125
1565,0.5,0.5729166865,0.5208333135,0.53125
1566,0.5833333135,0.5208333135,0.53125,0.5416666865
1567,0.6354166865,0.5416666865,0.5208333135,0.53125
1568,0.4895833433,0.5416666865,0.53125,0.53125
1569,0.5104166865,0.5520833135,0.5416666865,0.5416666865
1570,0.4791666567,0.59375,0.53125,0.53125
1571,0.5208333135,0.5,0.53125,0.53125
1572,0.5,0.5416666865,0.5520833135,0.5416666865
1573,0.5,0.53125,0.5729166865,0.5520833135
1574,0.5104166865,0.5208333135,0.5625,0.5625
1575,0.53125,0.5833333135,0.5625,0.5520833135
1576,0.5833333135,0.625,0.5729166865,0.5625
1577,0.53125,0.53125,0.5729166865,0.5729166865
1578,0.5729166865,0.5520833135,0.5625,0.5625
1579,0.4791666567,0.5208333135,0.5729166865,0.5729166865
1580,0.59375,0.5416666865,0.5729166865,0.5729166865
1581,0.5104166865,0.5625,0.5625,0.5729166865
1582,0.5104166865,0.5208333135,0.5729166865,0.5729166865
1583,0.5625,0.5208333135,0.5729166865,0.5729166865
1584,0.5416666865,0.5625,0.5729166865,0.5729166865
1585,0.5104166865,0.5208333135,0.5729166865,0.5729166865
1586,0.5625,0.5729166865,0.5729166865,0.5729166865
1587,0.6041666865,0.5416666865,0.5833333135,0.5729166865
1588,0.5520833135,0.59375,0.5833333135,0.5833333135
1589,0.53125,0.625,0.5833333135,0.5833333135
1590,0.5520833135,0.5416666865,0.5833333135,0.5833333135
1591,0.5520833135,0.4895833433,0.5729166865,0.5729166865
1592,0.5416666865,0.5208333135,0.5729166865,0.5729166865
1593,0.5833333135,0.4791666567,0.5833333135,0.5833333135
1594,0.4895833433,0.65625,0.5833333135,0.59375
1595,0.5416666865,0.5,0.59375,0.5833333135
1596,0.5520833135,0.5625,0.5833333135,0.5833333135
1597,0.5416666865,0.5416666865,0.5833333135,0.5833333135
1598,0.5416666865,0.4895833433,0.59375,0.59375
1599,0.5416666865,0.59375,0.6041666865,0.59375
1600,0.5625,0.5520833135,0.5729166865,0.5833333135
1601,0.4583333433,0.6041666865,0.5833333135,0.5833333135
1602,0.5833333135,0.6041666865,0.59375,0.59375
1603,0.5416666865,0.4895833433,0.5833333135,0.5833333135
1604,0.5416666865,0.5833333135,0.5729166865,0.5729166865
1605,0.5520833135,0.5833333135,0.5833333135,0.5833333135
1606,0.5833333135,0.5520833135,0.5833333135,0.5833333135
1607,0.5520833135,0.6041666865,0.5729166865,0.5729166865
1608,0.5104166865,0.4479166567,0.5625,0.5625
1609,0.4791666567,0.5208333135,0.5625,0.5625
1610,0.4895833433,0.5104166865,0.5729166865,0.5729166865
1611,0.4895833433,0.5833333135,0.5833333135,0.5833333135
1612,0.4791666567,0.5208333135,0.5729166865,0.5729166865
1613,0.5,0.5416666865,0.5729166865,0.5729166865
1614,0.53125,0.5,0.5625,0.5625
1615,0.5208333135,0.5520833135,0.5520833135,0.5520833135
1616,0.5,0.6145833135,0.5625,0.5625
1617,0.4375,0.5,0.5625,0.5729166865
1618,0.4270833433,0.5625,0.5729166865,0.5729166865
1619,0.5,0.4583333433,0.5833333135,0.5729166865
1620,0.46875,0.4791666567,0.5520833135,0.5625
1621,0.5,0.6041666865,0.5520833135,0.5625
1622,0.4791666567,0.4583333433,0.5625,0.5625
1623,0.4583333433,0.5104166865,0.53125,0.5520833135
1624,0.5104166865,0.4895833433,0.5729166865,0.5520833135
1625,0.5208333135,0.5104166865,0.5625,0.5625
1626,0.4895833433,0.4791666567,0.5729166865,0.5625
1627,0.5416666865,0.5833333135,0.5833333135,0.5625
1628,0.5104166865,0.4479166567,0.5729166865,0.5625
1629,0.5208333135,0.5729166865,0.5625,0.5729166865
1630,0.53125,0.5833333135,0.5833333135,0.5833333135
1631,0.5416666865,0.5520833135,0.5625,0.5729166865
1632,0.5104166865,0.5520833135,0.5833333135,0.5729166865
1633,0.4375,0.5208333135,0.5625,0.5729166865
1634,0.5104166865,0.5208333135,0.5833333135,0.5729166865
1635,0.5208333135,0.4270833433,0.6041666865,0.5625
1636,0.5208333135,0.4166666567,0.5520833135,0.5625
1637,0.4895833433,0.4791666567,0.5416666865,0.5625
1638,0.4583333433,0.4895833433,0.5520833135,0.5625
1639,0.5520833135,0.5416666865,0.53125,0.5520833135
1640,0.5416666865,0.4375,0.5833333135,0.5520833135
1641,0.53125,0.53125,0.5416666865,0.5416666865
1642,0.4895833433,0.5208333135,0.5,0.5416666865
1643,0.5416666865,0.5,0.5520833135,0.5520833135
1644,0.53125,0.4479166567,0.5625,0.5520833135
1645,0.4895833433,0.6354166865,0.5625,0.5520833135
1646,0.5,0.53125,0.4791666567,0.5416666865
1647,0.53125,0.5104166865,0.5625,0.5208333135
1648,0.4895833433,0.5520833135,0.4166666567,0.4479166567
1649,0.4895833433,0.5,0.4895833433,0.4479166567
1650,0.5625,0.5,0.4479166567,0.4583333433
1651,0.5416666865,0.4166666567,0.5208333135,0.4583333433
1652,0.4791666567,0.40625,0.5104166865,0.4479166567
1653,0.40625,0.5,0.4583333433,0.46875
1654,0.5,0.4166666567,0.40625,0.4791666567
1655,0.5104166865,0.4479166567,0.4583333433,0.5
1656,0.5,0.5,0.4583333433,0.4375
1657,0.4583333433,0.5104166865,0.46875,0.46875
1658,0.4375,0.5104166865,0.4791666567,0.4791666567
1659,0.4791666567,0.46875,0.4791666567,0.5
1660,0.4270833433,0.5104166865,0.5416666865,0.5208333135
1661,0.5208333135,0.5416666865,0.4895833433,0.4895833433
1662,0.4479166567,0.4166666567,0.4791666567,0.46875
1663,0.4583333433,0.4479166567,0.4479166567,0.4895833433
1664,0.5104166865,0.4583333433,0.5,0.53125
1665,0.4479166567,0.40625,0.3958333433,0.4375
1666,0.4791666567,0.5416666865,0.4791666567,0.5104166865
1667,0.4895833433,0.4270833433,0.46875,0.5208333135
1668,0.4583333433,0.5208333135,0.4791666567,0.5416666865
1669,0.4583333433,0.6041666865,0.4895833433,0.5520833135
1670,0.46875,0.4895833433,0.4791666567,0.4895833433
1671,0.46875,0.4479166567,0.4791666567,0.5
1672,0.46875,0.4166666567,0.5,0.5104166865
1673,0.53125,0.4375,0.4166666567,0.4583333433
1674,0.53125,0.4791666567,0.4791666567,0.4895833433
1675,0.5416666865,0.4479166567,0.4791666567,0.4479166567
1676,0.4479166567,0.5625,0.53125,0.4895833433
1677,0.4166666567,0.4895833433,0.4583333433,0.5208333135
1678,0.5208333135,0.4375,0.4791666567,0.4791666567
1679,0.4375,0.4270833433,0.40625,0.4895833433
1680,0.40625,0.40625,0.40625,0.5416666865
1681,0.5104166865,0.5104166865,0.4479166567,0.4479166567
1682,0.46875,0.4791666567,0.53125,0.5104166865
1683,0.40625,0.4166666567,0.4791666567,0.5
1684,0.4270833433,0.5520833135,0.46875,0.46875
1685,0.4895833433,0.5729166865,0.4375,0.46875
1686,0.4791666567,0.5416666865,0.46875,0.46875
1687,0.4791666567,0.4375,0.4166666567,0.4791666567
1688,0.4583333433,0.4270833433,0.4479166567,0.4791666567
1689,0.4479166567,0.4895833433,0.4270833433,0.46875
1690,0.4479166567,0.4479166567,0.4895833433,0.46875
1691,0.4375,0.4583333433,0.4895833433,0.4791666567
1692,0.4166666567,0.5208333135,0.3958333433,0.46875
1693,0.4270833433,0.53125,0.4375,0.4791666567
1694,0.4583333433,0.4895833433,0.5104166865,0.4895833433
1695,0.4479166567,0.4895833433,0.4270833433,0.4583333433
1696,0.4375,0.4375,0.5208333135,0.5
1697,0.4583333433,0.4583333433,0.5,0.4791666567
1698,0.4791666567,0.4270833433,0.5104166865,0.4791666567
1699,0.46875,0.40625,0.4375,0.4583333433
1700,0.4583333433,0.4583333433,0.3854166567,0.5208333135
1701,0.4583333433,0.4895833433,0.4895833433,0.5416666865
1702,0.4479166567,0.4270833433,0.4270833433,0.46875
1703,0.4583333433,0.4270833433,0.53125,0.53125
1704,0.4375,0.4479166567,0.5625,0.5625
1705,0.5520833135,0.46875,0.4791666567,0.5208333135
1706,0.4583333433,0.4791666567,0.46875,0.4791666567
1707,0.46875,0.4791666567,0.40625,0.4791666567
1708,0.4791666567,0.5208333135,0.4166666567,0.4895833433
1709,0.5,0.5729166865,0.46875,0.4895833433
1710,0.4166666567,0.5104166865,0.53125,0.4895833433
1711,0.5,0.4791666567,0.46875,0.5
1712,0.46875,0.5208333135,0.5,0.4791666567
1713,0.5104166865,0.5416666865,0.4791666567,0.4791666567
1714,0.5416666865,0.4791666567,0.4583333433,0.46875
1715,0.5208333135,0.5104166865,0.46875,0.4791666567
1716,0.53125,0.5416666865,0.4791666567,0.4895833433
1717,0.5416666865,0.59375,0.5,0.5
1718,0.53125,0.5104166865,0.5416666865,0.5
1719,0.53125,0.5833333135,0.5416666865,0.5104166865
1720,0.5208333135,0.5104166865,0.5208333135,0.5104166865
1721,0.5520833135,0.6041666865,0.5416666865,0.5104166865
1722,0.59375,0.5208333135,0.53125,0.5
1723,0.5729166865,0.5729166865,0.53125,0.5
1724,0.5520833135,0.5,0.5208333135,0.5104166865
1725,0.5729166865,0.53125,0.5,0.5104166865
1726,0.5729166865,0.6041666865,0.5208333135,0.5104166865
1727,0.59375,0.5416666865,0.5625,0.5208333135
1728,0.5729166865,0.6145833135,0.5,0.5104166865
1729,0.5625,0.5729166865,0.53125,0.5208333135
1730,0.5833333135,0.5416666865,0.5833333135,0.53125
1731,0.5104166865,0.53125,0.53125,0.53125
1732,0.5520833135,0.5729166865,0.5208333135,0.5208333135
1733,0.59375,0.5833333135,0.53125,0.5104166865
1734,0.5625,0.5,0.4895833433,0.5
1735,0.5416666865,0.59375,0.5104166865,0.5
1736,0.5104166865,0.53125,0.4791666567,0.5104166865
1737,0.53125,0.53125,0.5520833135,0.5208333135
1738,0.5208333135,0.5625,0.5416666865,0.5208333135
1739,0.4791666567,0.46875,0.5104166865,0.5104166865
1740,0.5,0.46875,0.5208333135,0.5104166865
1741,0.5104166865,0.4895833433,0.5625,0.5104166865
1742,0.4375,0.5104166865,0.5833333135,0.5208333135
1743,0.4583333433,0.5104166865,0.5104166865,0.5208333135
1744,0.4479166567,0.46875,0.53125,0.53125
1745,0.4583333433,0.53125,0.5520833135,0.53125
1746,0.4895833433,0.4895833433,0.53125,0.5416666865
1747,0.53125,0.4895833433,0.5416666865,0.53125
1748,0.4791666567,0.46875,0.4791666567,0.5208333135
1749,0.4583333433,0.5,0.5416666865,0.5104166865
1750,0.46875,0.4479166567,0.53125,0.53125
1751,0.40625,0.4375,0.5625,0.5208333135
1752,0.5208333135,0.46875,0.5729166865,0.4583333433
1753,0.4895833433,0.5104166865,0.4895833433,0.5416666865
1754,0.4479166567,0.5625,0.5104166865,0.53125
1755,0.5104166865,0.5104166865,0.5520833135,0.5416666865
1756,0.4791666567,0.4791666567,0.5520833135,0.53125
1757,0.4895833433,0.5,0.4895833433,0.5416666865
1758,0.4791666567,0.4791666567,0.59375,0.5625
1759,0.5208333135,0.5520833135,0.6145833135,0.5625
1760,0.5416666865,0.6145833135,0.5833333135,0.5520833135
1761,0.5416666865,0.4479166567,0.6145833135,0.5520833135
1762,0.4791666567,0.4479166567,0.5416666865,0.5625
1763,0.4583333433,0.5,0.5625,0.5520833135
1764,0.5625,0.5520833135,0.53125,0.5416666865
1765,0.5625,0.4583333433,0.5,0.5520833135
1766,0.5,0.5520833135,0.5520833135,0.5833333135
1767,0.5,0.4791666567,0.53125,0.5625
1768,0.5104166865,0.5104166865,0.5729166865,0.5625
1769,0.4479166567,0.5416666865,0.5625,0.5729166865
1770,0.4895833433,0.53125,0.4895833433,0.5729166865
1771,0.46875,0.4895833433,0.5833333135,0.5729166865
1772,0.5416666865,0.5104166865,0.6458333135,0.5833333135
1773,0.4895833433,0.5416666865,0.59375,0.5625
1774,0.5104166865,0.5104166865,0.5104166865,0.5625
1775,0.5,0.5104166865,0.5625,0.5625
1776,0.5416666865,0.5833333135,0.5625,0.5520833135
1777,0.5,0.5,0.5,0.5625
1778,0.4583333433,0.46875,0.59375,0.5520833135
1779,0.53125,0.4791666567,0.4375,0.5416666865
1780,0.4791666567,0.4895833433,0.46875,0.5520833135
1781,0.46875,0.4895833433,0.5,0.53125
1782,0.5208333135,0.4375,0.5416666865,0.5416666865
1783,0.5208333135,0.5416666865,0.5416666865,0.5416666865
1784,0.53125,0.5625,0.46875,0.5416666865
1785,0.5520833135,0.53125,0.5833333135,0.5520833135
1786,0.5416666865,0.4479166567,0.53125,0.5520833135
1787,0.4479166567,0.5625,0.53125,0.5520833135
1788,0.5625,0.5104166865,0.5208333135,0.5520833135
1789,0.5208333135,0.5,0.5625,0.5520833135
1790,0.4895833433,0.5,0.53125,0.5416666865
1791,0.5625,0.4895833433,0.5104166865,0.5416666865
1792,0.5208333135,0.53125,0.5208333135,0.53125
1793,0.5729166865,0.5104166865,0.5520833135,0.53125
1794,0.53125,0.5,0.5520833135,0.53125
1795,0.46875,0.5104166865,0.53125,0.5416666865
1796,0.4375,0.5104166865,0.5208333135,0.53125
1797,0.4583333433,0.53125,0.5104166865,0.53125
1798,0.53125,0.5416666865,0.5833333135,0.5416666865
1799,0.4375,0.4479166567,0.53125,0.5416666865
1800,0.4479166567,0.5416666865,0.5416666865,0.5416666865
1801,0.4895833433,0.5,0.5520833135,0.5416666865
1802,0.46875,0.3854166567,0.53125,0.53125
1803,0.5,0.4895833433,0.59375,0.5416666865
1804,0.53125,0.53125,0.53125,0.5416666865
1805,0.5625,0.4270833433,0.5416666865,0.5416666865
1806,0.46875,0.5208333135,0.5625,0.5520833135
1807,0.4375,0.46875,0.53125,0.5520833135
1808,0.4791666567,0.4791666567,0.5104166865,0.5104166865
1809,0.5,0.4479166567,0.53125,0.53125
1810,0.3958333433,0.4791666567,0.4166666567,0.4375
1811,0.4375,0.46875,0.53125,0.5520833135
1812,0.4375,0.46875,0.4895833433,0.6041666865
1813,0.4583333433,0.5,0.4583333433,0.5520833135
1814,0.4166666567,0.5,0.46875,0.5520833135
1815,0.4791666567,0.4270833433,0.4791666567,0.53125
1816,0.53125,0.4479166567,0.5,0.5208333135
1817,0.4791666567,0.5729166865,0.5104166865,0.5208333135
1818,0.5208333135,0.4895833433,0.4895833433,0.4791666567
1819,0.4583333433,0.4583333433,0.5625,0.5
1820,0.46875,0.5208333135,0.5625,0.5416666865
1821,0.46875,0.4791666567,0.53125,0.53125
1822,0.4791666567,0.4895833433,0.46875,0.5520833135
1823,0.4895833433,0.4583333433,0.5416666865,0.5104166865
1824,0.46875,0.40625,0.5104166865,0.5208333135
1825,0.4375,0.59375,0.5208333135,0.5104166865
1826,0.4583333433,0.4791666567,0.5625,0.5104166865
1827,0.4479166567,0.4791666567,0.5729166865,0.5208333135
1828,0.4791666567,0.53125,0.53125,0.53125
1829,0.4583333433,0.5416666865,0.5208333135,0.5416666865
1830,0.5208333135,0.5520833135,0.5208333135,0.5208333135
1831,0.5520833135,0.4375,0.5,0.5416666865
1832,0.46875,0.4479166567,0.4791666567,0.5416666865
1833,0.4791666567,0.5833333135,0.5833333135,0.5520833135
1834,0.4791666567,0.5416666865,0.4583333433,0.5520833135
1835,0.4791666567,0.53125,0.5520833135,0.5520833135
1836,0.4583333433,0.4895833433,0.5208333135,0.5520833135
1837,0.5104166865,0.5416666865,0.46875,0.5520833135
1838,0.4166666567,0.5729166865,0.5520833135,0.5416666865
1839,0.5104166865,0.46875,0.4895833433,0.5208333135
1840,0.4895833433,0.53125,0.5520833135,0.53125
1841,0.46875,0.6145833135,0.5,0.5208333135
1842,0.5,0.5208333135,0.5208333135,0.53125
1843,0.5,0.5104166865,0.4479166567,0.5104166865
1844,0.5,0.4270833433,0.53125,0.6145833135
1845,0.4791666567,0.5208333135,0.4791666567,0.4895833433
1846,0.46875,0.5208333135,0.5625,0.5729166865
1847,0.4583333433,0.5,0.5208333135,0.5416666865
1848,0.4375,0.5104166865,0.5416666865,0.5625
1849,0.4895833433,0.5520833135,0.4479166567,0.5520833135
1850,0.4479166567,0.5520833135,0.5104166865,0.5625
1851,0.4791666567,0.5416666865,0.5625,0.5520833135
1852,0.5,0.3854166567,0.5416666865,0.5520833135
1853,0.4791666567,0.5,0.5416666865,0.5416666865
1854,0.46875,0.5625,0.5416666865,0.53125
1855,0.5104166865,0.4583333433,0.53125,0.53125
1856,0.40625,0.5104166865,0.53125,0.5416666865
1857,0.4791666567,0.5208333135,0.5416666865,0.5416666865
1858,0.46875,0.5625,0.5416666865,0.53125
1859,0.5208333135,0.5208333135,0.5416666865,0.5416666865
1860,0.53125,0.53125,0.5104166865,0.5416666865
1861,0.5,0.5416666865,0.5416666865,0.5416666865
1862,0.5104166865,0.5833333135,0.5104166865,0.53125
1863,0.5,0.40625,0.5416666865,0.53125
1864,0.4895833433,0.5104166865,0.5416666865,0.5208333135
1865,0.5104166865,0.5208333135,0.5625,0.5208333135
1866,0.5833333135,0.5104166865,0.5,0.5104166865
1867,0.5625,0.5520833135,0.53125,0.5208333135
1868,0.5520833135,0.4791666567,0.5104166865,0.5208333135
1869,0.4791666567,0.4895833433,0.53125,0.5104166865
1870,0.53125,0.4479166567,0.5104166865,0.5104166865
1871,0.53125,0.5104166865,0.4895833433,0.5104166865
1872,0.5729166865,0.4895833433,0.5520833135,0.5
1873,0.5416666865,0.5833333135,0.5520833135,0.5
1874,0.5104166865,0.5104166865,0.46875,0.5104166865
1875,0.5833333135,0.4583333433,0.5833333135,0.5104166865
1876,0.5833333135,0.5520833135,0.59375,0.5104166865
1877,0.6145833135,0.5625,0.5416666865,0.53125
1878,0.5729166865,0.5104166865,0.5729166865,0.4791666567
1879,0.5729166865,0.5833333135,0.4583333433,0.5104166865
1880,0.6041666865,0.5,0.59375,0.53125
1881,0.5833333135,0.6041666865,0.5729166865,0.5
1882,0.5520833135,0.5,0.5,0.5
1883,0.5833333135,0.5416666865,0.5520833135,0.5
1884,0.5416666865,0.4791666567,0.5729166865,0.5
1885,0.5729166865,0.5104166865,0.4895833433,0.5
1886,0.5833333135,0.5208333135,0.5416666865,0.5104166865
1887,0.5520833135,0.5208333135,0.4791666567,0.5104166865
1888,0.625,0.5,0.4895833433,0.53125
1889,0.5833333135,0.5208333135,0.5,0.5
1890,0.5520833135,0.5625,0.5104166865,0.5104166865
1891,0.5729166865,0.4583333433,0.53125,0.5
1892,0.5625,0.5208333135,0.53125,0.5208333135
1893,0.4895833433,0.5208333135,0.5416666865,0.5
1894,0.5,0.4895833433,0.5416666865,0.4895833433
1895,0.5520833135,0.5833333135,0.53125,0.5
1896,0.5104166865,0.4895833433,0.5208333135,0.5
1897,0.5208333135,0.5104166865,0.4791666567,0.5104166865
1898,0.5520833135,0.5104166865,0.6041666865,0.4895833433
1899,0.5833333135,0.5104166865,0.5208333135,0.5208333135
1900,0.5625,0.5520833135,0.4479166567,0.4895833433
1901,0.5520833135,0.5625,0.5520833135,0.4791666567
1902,0.5833333135,0.5208333135,0.5729166865,0.4895833433
1903,0.5208333135,0.5625,0.5520833135,0.4895833433
1904,0.53125,0.5208333135,0.5520833135,0.4895833433
1905,0.6041666865,0.53125,0.5520833135,0.4895833433
1906,0.5625,0.5416666865,0.4895833433,0.5
1907,0.5625,0.5104166865,0.4895833433,0.5
1908,0.5729166865,0.53125,0.5625,0.4895833433
1909,0.6041666865,0.53125,0.5625,0.5
1910,0.46875,0.53125,0.5520833135,0.5104166865
1911,0.5520833135,0.4791666567,0.5520833135,0.5
1912,0.5833333135,0.5208333135,0.5208333135,0.5
1913,0.59375,0.5729166865,0.5416666865,0.4895833433
1914,0.5729166865,0.5625,0.53125,0.5104166865
1915,0.5729166865,0.4583333433,0.5729166865,0.4895833433
1916,0.5,0.5208333135,0.53125,0.4791666567
1917,0.53125,0.5104166865,0.53125,0.4791666567
1918,0.5833333135,0.5208333135,0.5104166865,0.4895833433
1919,0.5520833135,0.53125,0.4895833433,0.4895833433
1920,0.5416666865,0.5729166865,0.4791666567,0.53125
1921,0.5520833135,0.53125,0.53125,0.4583333433
1922,0.53125,0.4791666567,0.53125,0.4791666567
1923,0.5729166865,0.4895833433,0.4583333433,0.4583333433
1924,0.4791666567,0.4583333433,0.4895833433,0.3958333433
1925,0.5416666865,0.4791666567,0.4895833433,0.4583333433
1926,0.53125,0.4895833433,0.4583333433,0.4479166567
1927,0.46875,0.4583333433,0.4375,0.4583333433
1928,0.46875,0.46875,0.4270833433,0.4583333433
1929,0.53125,0.4791666567,0.5208333135,0.46875
1930,0.4895833433,0.4791666567,0.4791666567,0.4583333433
1931,0.5,0.4166666567,0.4583333433,0.4583333433
1932,0.5625,0.5208333135,0.4375,0.4479166567
1933,0.4895833433,0.4375,0.4583333433,0.4583333433
1934,0.5729166865,0.4895833433,0.4479166567,0.4583333433
1935,0.6145833135,0.5104166865,0.4583333433,0.46875
1936,0.5,0.5104166865,0.4791666567,0.4583333433
1937,0.4479166567,0.5208333135,0.4895833433,0.46875
1938,0.53125,0.46875,0.4583333433,0.4583333433
1939,0.4895833433,0.5104166865,0.4479166567,0.4479166567
1940,0.5416666865,0.4791666567,0.4375,0.4375
1941,0.46875,0.46875,0.4791666567,0.4479166567
1942,0.53125,0.4791666567,0.4583333433,0.4583333433
1943,0.5104166865,0.4479166567,0.4583333433,0.4479166567
1944,0.5625,0.4791666567,0.4375,0.4375
1945,0.5520833135,0.4270833433,0.4583333433,0.4479166567
1946,0.53125,0.5,0.4479166567,0.4375
1947,0.46875,0.46875,0.4375,0.4479166567
1948,0.5208333135,0.4270833433,0.46875,0.4375
1949,0.5520833135,0.46875,0.4375,0.4375
1950,0.5208333135,0.46875,0.5,0.4479166567
1951,0.5729166865,0.4583333433,0.5,0.4583333433
1952,0.5625,0.5,0.5416666865,0.4583333433
1953,0.5416666865,0.4895833433,0.5729166865,0.4583333433
1954,0.53125,0.5729166865,0.5104166865,0.4583333433
1955,0.4791666567,0.5416666865,0.5416666865,0.4479166567
1956,0.59375,0.5520833135,0.5104166865,0.4583333433
1957,0.6041666865,0.53125,0.5208333135,0.4583333433
1958,0.5833333135,0.4895833433,0.4791666567,0.4270833433
1959,0.5625,0.4583333433,0.5833333135,0.4791666567
1960,0.53125,0.5,0.5104166865,0.5729166865
1961,0.5208333135,0.53125,0.4895833433,0.5625
1962,0.5729166865,0.5416666865,0.5,0.5729166865
1963,0.6041666865,0.53125,0.5729166865,0.53125
1964,0.53125,0.5208333135,0.5416666865,0.5520833135
1965,0.59375,0.4270833433,0.5208333135,0.53125
1966,0.5625,0.4895833433,0.5416666865,0.5520833135
1967,0.5833333135,0.5520833135,0.53125,0.53125
1968,0.6145833135,0.5208333135,0.4479166567,0.5104166865
1969,0.6041666865,0.5416666865,0.5416666865,0.5208333135
1970,0.5520833135,0.4791666567,0.5729166865,0.5208333135
1971,0.5416666865,0.46875,0.5,0.53125
1972,0.5,0.5208333135,0.5625,0.53125
1973,0.625,0.5625,0.5416666865,0.5520833135
1974,0.5208333135,0.5,0.4895833433,0.5
1975,0.5625,0.5104166865,0.59375,0.5104166865
1976,0.5104166865,0.53125,0.5416666865,0.5208333135
1977,0.5416666865,0.5520833135,0.46875,0.5104166865
1978,0.5104166865,0.4895833433,0.5208333135,0.5104166865
1979,0.53125,0.46875,0.5416666865,0.5104166865
1980,0.4583333433,0.5208333135,0.53125,0.5104166865
1981,0.4583333433,0.5,0.5,0.5
1982,0.5208333135,0.4791666567,0.4791666567,0.5
1983,0.5416666865,0.4583333433,0.4895833433,0.5
1984,0.5,0.4895833433,0.4375,0.5
1985,0.5833333135,0.5520833135,0.46875,0.5
1986,0.53125,0.46875,0.4895833433,0.5
1987,0.46875,0.4166666567,0.4895833433,0.4895833433
1988,0.5104166865,0.5,0.5104166865,0.46875
1989,0.5104166865,0.4583333433,0.4166666567,0.4791666567
1990,0.46875,0.5729166865,0.5,0.5104166865
1991,0.5104166865,0.5,0.4791666567,0.5208333135
1992,0.4270833433,0.4583333433,0.4895833433,0.5104166865
1993,0.4583333433,0.5833333135,0.53125,0.5104166865
1994,0.46875,0.4791666567,0.4583333433,0.5208333135
1995,0.4375,0.4479166567,0.5104166865,0.5104166865
1996,0.5,0.4895833433,0.5,0.5208333135
1997,0.4375,0.5208333135,0.53125,0.53125
1998,0.4583333433,0.4375,0.4583333433,0.53125
1999,0.4166666567,0.5520833135,0.5208333135,0.5104166865
2000,0.4375,0.53125,0.5104166865,0.5
2001,0.4375,0.46875,0.4375,0.53125
2002,0.46875,0.53125,0.4479166567,0.4895833433
2003,0.4895833433,0.4583333433,0.59375,0.5
2004,0.5208333135,0.5520833135,0.5104166865,0.53125
2005,0.4895833433,0.4375,0.4895833433,0.5104166865
2006,0.4270833433,0.4583333433,0.4479166567,0.5208333135
2007,0.5104166865,0.4791666567,0.53125,0.5416666865
2008,0.5416666865,0.5520833135,0.5,0.5520833135
2009,0.4791666567,0.4479166567,0.5208333135,0.4791666567
2010,0.4166666567,0.5208333135,0.46875,0.5
2011,0.4895833433,0.5416666865,0.5625,0.5104166865
2012,0.5208333135,0.53125,0.4375,0.5104166865
2013,0.5104166865,0.53125,0.5416666865,0.5104166865
2014,0.5,0.4375,0.59375,0.4895833433
2015,0.4791666567,0.5520833135,0.4583333433,0.5
2016,0.46875,0.4791666567,0.5208333135,0.6041666865
2017,0.4375,0.5,0.5208333135,0.4895833433
2018,0.53125,0.5729166865,0.5,0.5104166865
2019,0.5,0.53125,0.4895833433,0.5104166865
2020,0.46875,0.5104166865,0.53125,0.5208333135
2021,0.5208333135,0.5208333135,0.5104166865,0.5104166865
2022,0.5416666865,0.53125,0.5,0.5
2023,0.5625,0.5520833135,0.5104166865,0.5104166865
2024,0.46875,0.4166666567,0.5104166865,0.5104166865
2025,0.5104166865,0.4791666567,0.4895833433,0.5208333135
2026,0.4583333433,0.53125,0.5104166865,0.5104166865
2027,0.4479166567,0.4479166567,0.5104166865,0.5
2028,0.4895833433,0.5520833135,0.4791666567,0.4895833433
2029,0.4583333433,0.5625,0.4895833433,0.4895833433
2030,0.46875,0.4583333433,0.5,0.5
2031,0.5208333135,0.5208333135,0.4895833433,0.5
2032,0.46875,0.46875,0.5104166865,0.5
2033,0.5416666865,0.5416666865,0.5,0.5104166865
2034,0.5208333135,0.4895833433,0.5,0.5
2035,0.5104166865,0.5104166865,0.5,0.5
2036,0.4791666567,0.5104166865,0.4895833433,0.4895833433
2037,0.5729166865,0.5520833135,0.4895833433,0.4895833433
2038,0.46875,0.4895833433,0.5,0.5
2039,0.5729166865,0.4583333433,0.4895833433,0.4895833433
2040,0.5729166865,0.5416666865,0.4791666567,0.4791666567
2041,0.53125,0.4895833433,0.4895833433,0.4895833433
2042,0.5208333135,0.5104166865,0.4791666567,0.4791666567
2043,0.5208333135,0.5,0.4791666567,0.4791666567
2044,0.5104166865,0.53125,0.46875,0.46875
2045,0.4479166567,0.5208333135,0.4583333433,0.4583333433
2046,0.5104166865,0.46875,0.4479166567,0.4583333433
2047,0.5208333135,0.5208333135,0.4166666567,0.46875
2048,0.59375,0.5416666865,0.4791666567,0.46875
2049,0.5416666865,0.5520833135,0.4791666567,0.4791666567
2050,0.5520833135,0.5104166865,0.4791666567,0.46875
2051,0.5416666865,0.46875,0.4583333433,0.46875
2052,0.5,0.5416666865,0.46875,0.46875
2053,0.4895833433,0.5208333135,0.4791666567,0.4791666567
2054,0.5625,0.5,0.4375,0.4791666567
2055,0.5208333135,0.4791666567,0.4375,0.46875
2056,0.46875,0.5,0.5,0.4791666567
2057,0.5208333135,0.5104166865,0.46875,0.46875
2058,0.4895833433,0.4479166567,0.4791666567,0.46875
2059,0.5729166865,0.6354166865,0.4166666567,0.4791666567
2060,0.5833333135,0.5416666865,0.5,0.4895833433
2061,0.5104166865,0.5208333135,0.5,0.4895833433
2062,0.5208333135,0.4895833433,0.46875,0.4895833433
2063,0.4791666567,0.5104166865,0.5,0.4791666567
2064,0.4895833433,0.5208333135,0.4791666567,0.46875
2065,0.5,0.4791666567,0.5208333135,0.4895833433
2066,0.5,0.4583333433,0.4479166567,0.5
2067,0.5208333135,0.5104166865,0.5625,0.4895833433
2068,0.4895833433,0.6145833135,0.4479166567,0.5
2069,0.46875,0.6145833135,0.4791666567,0.4791666567
2070,0.5,0.5104166865,0.4375,0.4791666567
2071,0.4895833433,0.53125,0.5104166865,0.5
2072,0.46875,0.4791666567,0.4583333433,0.4791666567
2073,0.5104166865,0.4895833433,0.5729166865,0.5104166865
2074,0.5104166865,0.5520833135,0.5104166865,0.53125
2075,0.4895833433,0.5625,0.4791666567,0.4791666567
2076,0.53125,0.4895833433,0.5208333135,0.4895833433
2077,0.4583333433,0.5416666865,0.5833333135,0.4791666567
2078,0.4895833433,0.4270833433,0.4583333433,0.5729166865
2079,0.6041666865,0.53125,0.5729166865,0.5208333135
2080,0.5833333135,0.5416666865,0.5,0.53125
2081,0.4895833433,0.4583333433,0.4375,0.4479166567
2082,0.4895833433,0.5104166865,0.4895833433,0.4791666567
2083,0.5625,0.46875,0.4166666567,0.4375
2084,0.5,0.46875,0.5,0.4166666567
2085,0.4895833433,0.5416666865,0.4583333433,0.4479166567
2086,0.5104166865,0.375,0.53125,0.4270833433
2087,0.4895833433,0.5104166865,0.4791666567,0.53125
2088,0.5104166865,0.5520833135,0.4895833433,0.5104166865
2089,0.5104166865,0.40625,0.5625,0.5104166865
2090,0.4791666567,0.4166666567,0.5,0.5208333135
2091,0.4583333433,0.5833333135,0.4791666567,0.4479166567
2092,0.4583333433,0.5,0.4479166567,0.5
2093,0.46875,0.5416666865,0.4791666567,0.4895833433
2094,0.5,0.4479166567,0.5,0.4479166567
2095,0.5,0.53125,0.4166666567,0.46875
2096,0.4479166567,0.5729166865,0.4791666567,0.5
2097,0.5416666865,0.5104166865,0.4791666567,0.4895833433
2098,0.4895833433,0.4270833433,0.5,0.4895833433
2099,0.53125,0.4583333433,0.5208333135,0.4895833433
2100,0.53125,0.5,0.5,0.4791666567
2101,0.4895833433,0.4791666567,0.4791666567,0.4791666567
2102,0.5729166865,0.4166666567,0.46875,0.46875
2103,0.46875,0.46875,0.5,0.4895833433
2104,0.5520833135,0.4895833433,0.5104166865,0.4895833433
2105,0.5416666865,0.5,0.5208333135,0.4895833433
2106,0.5729166865,0.5,0.4791666567,0.4895833433
2107,0.5416666865,0.5520833135,0.46875,0.5
2108,0.5208333135,0.5625,0.53125,0.4895833433
2109,0.5,0.46875,0.4895833433,0.4791666567
2110,0.5208333135,0.4583333433,0.5,0.4791666567
2111,0.5833333135,0.5520833135,0.46875,0.46875
2112,0.46875,0.6145833135,0.4583333433,0.4583333433
2113,0.53125,0.3854166567,0.46875,0.4583333433
2114,0.5208333135,0.53125,0.4791666567,0.46875
2115,0.5416666865,0.4895833433,0.5520833135,0.4583333433
2116,0.6041666865,0.53125,0.5104166865,0.4479166567
2117,0.53125,0.5208333135,0.4895833433,0.4479166567
2118,0.5,0.4479166567,0.5104166865,0.53125
2119,0.4895833433,0.4895833433,0.5520833135,0.5208333135
2120,0.4895833433,0.5,0.4895833433,0.5416666865
2121,0.4791666567,0.4791666567,0.5520833135,0.5625
2122,0.5104166865,0.5,0.5,0.5416666865
2123,0.5104166865,0.5833333135,0.5208333135,0.5416666865
