window_index,best_model,best_loss,second_model,second_loss,margin_vs_second,best_single_model,best_single_loss,oracle_gain_vs_best_single
0,TiDE,0.032824836671352386,PatchTST,0.034568432718515396,0.0017435960471630096,TimeXer,0.03508695587515831,0.0022621192038059235
1,TiDE,0.033339377492666245,TimeXer,0.03343351557850838,9.413808584213257e-05,TimeXer,0.03343351557850838,9.413808584213257e-05
2,TiDE,0.03301142901182175,TimeXer,0.033567216247320175,0.0005557872354984283,TimeXer,0.033567216247320175,0.0005557872354984283
3,TiDE,0.03319777920842171,TimeXer,0.033301688730716705,0.00010390952229499817,TimeXer,0.033301688730716705,0.00010390952229499817
4,TiDE,0.03310404345393181,TimeXer,0.03397728130221367,0.0008732378482818604,TimeXer,0.03397728130221367,0.0008732378482818604
5,TiDE,0.03350614383816719,TimeXer,0.03605058416724205,0.0025444403290748596,TimeXer,0.03605058416724205,0.0025444403290748596
6,TiDE,0.03344705328345299,TimeXer,0.035842571407556534,0.002395518124103546,TimeXer,0.035842571407556534,0.002395518124103546
7,TiDE,0.034181077033281326,TimeXer,0.03533006086945534,0.0011489838361740112,TimeXer,0.03533006086945534,0.0011489838361740112
8,TiDE,0.034370824694633484,TimeXer,0.03481549397110939,0.00044466927647590637,TimeXer,0.03481549397110939,0.00044466927647590637
9,TimeXer,0.0341184101998806,TiDE,0.034690894186496735,0.0005724839866161346,TimeXer,0.0341184101998806,0.0
10,TimeXer,0.03374237194657326,TiDE,0.03426104411482811,0.0005186721682548523,TimeXer,0.03374237194657326,0.0
11,TiDE,0.03387629985809326,TimeXer,0.03434383496642113,0.0004675351083278656,TimeXer,0.03434383496642113,0.0004675351083278656
12,TiDE,0.03381698206067085,PatchTST,0.035069242119789124,0.0012522600591182709,TimeXer,0.036098238080739975,0.0022812560200691223
13,TiDE,0.03412868082523346,TimeXer,0.036234695464372635,0.0021060146391391754,TimeXer,0.036234695464372635,0.0021060146391391754
14,TiDE,0.0351359061896801,TimeXer,0.03555949032306671,0.00042358413338661194,TimeXer,0.03555949032306671,0.00042358413338661194
15,TimeXer,0.03602105751633644,TiDE,0.03620957210659981,0.0001885145902633667,TimeXer,0.03602105751633644,0.0
16,TiDE,0.03502689674496651,TimeXer,0.03700432926416397,0.001977432519197464,TimeXer,0.03700432926416397,0.001977432519197464
17,TiDE,0.035511426627635956,TimeXer,0.03834151849150658,0.0028300918638706207,TimeXer,0.03834151849150658,0.0028300918638706207
18,TiDE,0.0357372872531414,TimeXer,0.038467589765787125,0.0027303025126457214,TimeXer,0.038467589765787125,0.0027303025126457214
19,TiDE,0.03592933341860771,TimeXer,0.03829037770628929,0.0023610442876815796,TimeXer,0.03829037770628929,0.0023610442876815796
20,TiDE,0.0366036519408226,TimeXer,0.03837208077311516,0.0017684288322925568,TimeXer,0.03837208077311516,0.0017684288322925568
21,TiDE,0.03684605285525322,TimeXer,0.038883309811353683,0.002037256956100464,TimeXer,0.038883309811353683,0.002037256956100464
22,TiDE,0.037787456065416336,TimeXer,0.03888203576207161,0.0010945796966552734,TimeXer,0.03888203576207161,0.0010945796966552734
23,TiDE,0.0376582033932209,TimeXer,0.039796601980924606,0.002138398587703705,TimeXer,0.039796601980924606,0.002138398587703705
24,TiDE,0.036023978143930435,PatchTST,0.03775957599282265,0.001735597848892212,TimeXer,0.04005340114235878,0.004029422998428345
25,TiDE,0.03565748780965805,PatchTST,0.037310246378183365,0.0016527585685253143,TimeXer,0.03913063183426857,0.0034731440246105194
26,TiDE,0.03472898155450821,PatchTST,0.03679666295647621,0.0020676814019680023,TimeXer,0.03911786898970604,0.00438888743519783
27,TiDE,0.034419331699609756,PatchTST,0.035428669303655624,0.001009337604045868,TimeXer,0.03984040394425392,0.005421072244644165
28,TiDE,0.03462321683764458,PatchTST,0.035004641860723495,0.00038142502307891846,TimeXer,0.03973400220274925,0.005110785365104675
29,TiDE,0.034843698143959045,PatchTST,0.03551316633820534,0.0006694681942462921,TimeXer,0.041578564792871475,0.00673486664891243
30,TiDE,0.03489707410335541,PatchTST,0.03599844127893448,0.001101367175579071,TimeXer,0.04328183829784393,0.008384764194488525
31,TiDE,0.03510013595223427,PatchTST,0.03725779056549072,0.0021576546132564545,TimeXer,0.04726080968976021,0.01216067373752594
32,TiDE,0.03523605689406395,PatchTST,0.03903943672776222,0.0038033798336982727,TimeXer,0.04853994771838188,0.013303890824317932
33,TiDE,0.035706743597984314,PatchTST,0.03964003548026085,0.003933291882276535,TimeXer,0.0498928539454937,0.014186110347509384
34,TiDE,0.035846102982759476,PatchTST,0.040062982589006424,0.004216879606246948,TimeXer,0.048477765172719955,0.01263166218996048
35,TiDE,0.03573088347911835,PatchTST,0.03704363852739334,0.001312755048274994,TimeXer,0.0425492525100708,0.006818369030952454
36,TiDE,0.03624891862273216,PatchTST,0.03940140828490257,0.00315248966217041,TimeXer,0.04158471152186394,0.005335792899131775
37,TiDE,0.037066500633955,PatchTST,0.03984043747186661,0.002773936837911606,TimeXer,0.04545453190803528,0.008388031274080276
38,TiDE,0.03618456423282623,PatchTST,0.03830094635486603,0.002116382122039795,TimeXer,0.047676220536231995,0.011491656303405762
39,TiDE,0.035681501030921936,PatchTST,0.03804625943303108,0.002364758402109146,TimeXer,0.04835960268974304,0.012678101658821106
40,TiDE,0.036173392087221146,PatchTST,0.038852427154779434,0.0026790350675582886,TimeXer,0.0488673634827137,0.012693971395492554
41,TiDE,0.03628171980381012,PatchTST,0.039132069796323776,0.0028503499925136566,TimeXer,0.04687187075614929,0.010590150952339172
42,TiDE,0.03591838479042053,PatchTST,0.038545701652765274,0.002627316862344742,TimeXer,0.04327360913157463,0.0073552243411540985
43,TiDE,0.03606070205569267,PatchTST,0.037967924028635025,0.0019072219729423523,TimeXer,0.04369138553738594,0.007630683481693268
44,TiDE,0.036497291177511215,PatchTST,0.03944515809416771,0.002947866916656494,TimeXer,0.040543485432863235,0.00404619425535202
45,TiDE,0.03658066317439079,TimeXer,0.03981880843639374,0.003238145262002945,TimeXer,0.03981880843639374,0.003238145262002945
46,TiDE,0.036772772669792175,PatchTST,0.040944766253232956,0.004171993583440781,TimeXer,0.042001474648714066,0.00522870197892189
47,TiDE,0.03663933649659157,PatchTST,0.03983495756983757,0.003195621073246002,TimeXer,0.04670809209346771,0.010068755596876144
48,TiDE,0.037067960947752,PatchTST,0.04009353742003441,0.0030255764722824097,TimeXer,0.04968912526965141,0.012621164321899414
49,TiDE,0.037272125482559204,PatchTST,0.03918132558465004,0.0019092001020908356,TimeXer,0.05217676982283592,0.014904644340276718
50,TiDE,0.037478964775800705,PatchTST,0.037937331944704056,0.00045836716890335083,TimeXer,0.05292566493153572,0.015446700155735016
51,PatchTST,0.03723117709159851,TiDE,0.03753884136676788,0.00030766427516937256,TimeXer,0.050922393798828125,0.013691216707229614
52,PatchTST,0.03865992650389671,TiDE,0.03893335536122322,0.00027342885732650757,TimeXer,0.05238296464085579,0.013723038136959076
53,TiDE,0.03770684078335762,PatchTST,0.03777812048792839,7.127970457077026e-05,TimeXer,0.0521281473338604,0.014421306550502777
54,TiDE,0.03660246729850769,PatchTST,0.037215087562799454,0.0006126202642917633,TimeXer,0.048575688153505325,0.011973220854997635
55,TiDE,0.03534061834216118,PatchTST,0.0365326963365078,0.0011920779943466187,TimeXer,0.0466034859418869,0.011262867599725723
56,TiDE,0.035862844437360764,PatchTST,0.03626823425292969,0.00040538981556892395,TimeXer,0.044997651129961014,0.00913480669260025
57,PatchTST,0.03520933911204338,TiDE,0.03592604026198387,0.0007167011499404907,TimeXer,0.04194274917244911,0.006733410060405731
58,PatchTST,0.03475004807114601,TiDE,0.03611292317509651,0.0013628751039505005,TimeXer,0.03899296000599861,0.0042429119348526
59,PatchTST,0.034199174493551254,TiDE,0.03640318289399147,0.002204008400440216,TimeXer,0.03795316442847252,0.0037539899349212646
60,PatchTST,0.03417624160647392,TiDE,0.036075521260499954,0.0018992796540260315,TimeXer,0.037182871252298355,0.0030066296458244324
61,PatchTST,0.03413112461566925,TiDE,0.036240022629499435,0.002108898013830185,TimeXer,0.03758736327290535,0.0034562386572360992
62,PatchTST,0.03481565788388252,TiDE,0.03683866932988167,0.0020230114459991455,TimeXer,0.03736498951911926,0.00254933163523674
63,PatchTST,0.03500550985336304,TiDE,0.03709450364112854,0.002088993787765503,TimeXer,0.039292145520448685,0.004286635667085648
64,PatchTST,0.03538554534316063,TiDE,0.0368773527443409,0.0014918074011802673,TimeXer,0.040338557213544846,0.004953011870384216
65,PatchTST,0.034548137336969376,TiDE,0.037405092269182205,0.0028569549322128296,TimeXer,0.039545971900224686,0.00499783456325531
66,PatchTST,0.03359587863087654,TiDE,0.037108536809682846,0.003512658178806305,TimeXer,0.03724624216556549,0.0036503635346889496
67,PatchTST,0.03282030299305916,TimeXer,0.03671656921505928,0.003896266222000122,TimeXer,0.03671656921505928,0.003896266222000122
68,PatchTST,0.03261793777346611,TimeXer,0.03641960397362709,0.0038016662001609802,TimeXer,0.03641960397362709,0.0038016662001609802
69,PatchTST,0.034060101956129074,TimeXer,0.03693573549389839,0.0028756335377693176,TimeXer,0.03693573549389839,0.0028756335377693176
70,PatchTST,0.03542399778962135,TiDE,0.036912593990564346,0.0014885962009429932,TimeXer,0.04070887714624405,0.005284879356622696
71,PatchTST,0.03595009073615074,TiDE,0.03698313608765602,0.0010330453515052795,TimeXer,0.044301021844148636,0.008350931107997894
72,PatchTST,0.035735201090574265,TiDE,0.0373324491083622,0.0015972480177879333,TimeXer,0.045918870717287064,0.010183669626712799
73,PatchTST,0.03577663376927376,TiDE,0.03788551688194275,0.002108883112668991,TimeXer,0.04698649048805237,0.01120985671877861
74,PatchTST,0.0354573093354702,TiDE,0.03883218392729759,0.0033748745918273926,TimeXer,0.04511912539601326,0.00966181606054306
75,PatchTST,0.03525346890091896,TiDE,0.03897293284535408,0.0037194639444351196,TimeXer,0.04282649978995323,0.007573030889034271
76,PatchTST,0.034867383539676666,TimeXer,0.03747692331671715,0.0026095397770404816,TimeXer,0.03747692331671715,0.0026095397770404816
77,TimeXer,0.036556921899318695,PatchTST,0.03681844845414162,0.00026152655482292175,TimeXer,0.036556921899318695,0.0
78,TimeXer,0.03672780841588974,PatchTST,0.03776649013161659,0.0010386817157268524,TimeXer,0.03672780841588974,0.0
79,TimeXer,0.03730553016066551,PatchTST,0.038253869861364365,0.0009483397006988525,TimeXer,0.03730553016066551,0.0
80,TimeXer,0.03724193572998047,PatchTST,0.04013395309448242,0.002892017364501953,TimeXer,0.03724193572998047,0.0
81,TimeXer,0.03690355271100998,PatchTST,0.040856171399354935,0.0039526186883449554,TimeXer,0.03690355271100998,0.0
82,TimeXer,0.03809348866343498,PatchTST,0.04367190599441528,0.005578417330980301,TimeXer,0.03809348866343498,0.0
83,TimeXer,0.03821767866611481,PatchTST,0.046337250620126724,0.008119571954011917,TimeXer,0.03821767866611481,0.0
84,TimeXer,0.03840521350502968,PatchTST,0.0498979277908802,0.011492714285850525,TimeXer,0.03840521350502968,0.0
85,TimeXer,0.03753120079636574,PatchTST,0.051341842859983444,0.013810642063617706,TimeXer,0.03753120079636574,0.0
86,TimeXer,0.03655527904629707,PatchTST,0.0512860007584095,0.014730721712112427,TimeXer,0.03655527904629707,0.0
87,TimeXer,0.03621063381433487,PatchTST,0.05123693123459816,0.01502629742026329,TimeXer,0.03621063381433487,0.0
88,TimeXer,0.03686050698161125,PatchTST,0.05097927525639534,0.014118768274784088,TimeXer,0.03686050698161125,0.0
89,TimeXer,0.038031384348869324,PatchTST,0.05138437822461128,0.013352993875741959,TimeXer,0.038031384348869324,0.0
90,TimeXer,0.03883933275938034,PatchTST,0.05125528573989868,0.012415952980518341,TimeXer,0.03883933275938034,0.0
91,TimeXer,0.03849826380610466,PatchTST,0.05156094208359718,0.013062678277492523,TimeXer,0.03849826380610466,0.0
92,TimeXer,0.041421230882406235,PatchTST,0.054558586329221725,0.01313735544681549,TimeXer,0.041421230882406235,0.0
93,TimeXer,0.040650829672813416,PatchTST,0.055797029286623,0.015146199613809586,TimeXer,0.040650829672813416,0.0
94,TimeXer,0.040962498635053635,PatchTST,0.05707646533846855,0.016113966703414917,TimeXer,0.040962498635053635,0.0
95,TimeXer,0.03915737569332123,PatchTST,0.05655669793486595,0.017399322241544724,TimeXer,0.03915737569332123,0.0
96,TimeXer,0.03964482247829437,PatchTST,0.057305995374917984,0.01766117289662361,TimeXer,0.03964482247829437,0.0
97,TimeXer,0.038508202880620956,PatchTST,0.05544954910874367,0.01694134622812271,TimeXer,0.038508202880620956,0.0
98,TimeXer,0.03779679164290428,PatchTST,0.05355248972773552,0.015755698084831238,TimeXer,0.03779679164290428,0.0
99,TimeXer,0.03731538727879524,PatchTST,0.05137960985302925,0.014064222574234009,TimeXer,0.03731538727879524,0.0
100,TimeXer,0.0383327454328537,PatchTST,0.051684677600860596,0.013351932168006897,TimeXer,0.0383327454328537,0.0
101,TimeXer,0.04086736962199211,PatchTST,0.051640018820762634,0.010772649198770523,TimeXer,0.04086736962199211,0.0
102,TimeXer,0.041595857590436935,PatchTST,0.050468672066926956,0.00887281447649002,TimeXer,0.041595857590436935,0.0
103,TimeXer,0.04283059760928154,PatchTST,0.05068206787109375,0.00785147026181221,TimeXer,0.04283059760928154,0.0
104,TimeXer,0.046076010912656784,PatchTST,0.05771278217434883,0.011636771261692047,TimeXer,0.046076010912656784,0.0
105,TimeXer,0.049050647765398026,PatchTST,0.05927963927388191,0.010228991508483887,TimeXer,0.049050647765398026,0.0
106,TimeXer,0.04591326043009758,PatchTST,0.057431284338235855,0.011518023908138275,TimeXer,0.04591326043009758,0.0
107,TimeXer,0.04716295376420021,PatchTST,0.05854206159710884,0.01137910783290863,TimeXer,0.04716295376420021,0.0
108,TimeXer,0.04962896183133125,PatchTST,0.062173083424568176,0.012544121593236923,TimeXer,0.04962896183133125,0.0
109,TimeXer,0.0487421452999115,PatchTST,0.06742274761199951,0.018680602312088013,TimeXer,0.0487421452999115,0.0
110,TimeXer,0.049131784588098526,PatchTST,0.06909797340631485,0.019966188818216324,TimeXer,0.049131784588098526,0.0
111,TimeXer,0.050329774618148804,PatchTST,0.0703214630484581,0.019991688430309296,TimeXer,0.050329774618148804,0.0
112,TimeXer,0.05061719939112663,PatchTST,0.07358450442552567,0.022967305034399033,TimeXer,0.05061719939112663,0.0
113,TimeXer,0.05134190246462822,PatchTST,0.07062076777219772,0.019278865307569504,TimeXer,0.05134190246462822,0.0
114,TimeXer,0.05447801947593689,PatchTST,0.07065340131521225,0.01617538183927536,TimeXer,0.05447801947593689,0.0
115,TimeXer,0.0541522391140461,PatchTST,0.0702466145157814,0.016094375401735306,TimeXer,0.0541522391140461,0.0
116,TimeXer,0.06203010678291321,PatchTST,0.07248245924711227,0.010452352464199066,TimeXer,0.06203010678291321,0.0
117,TimeXer,0.06726741045713425,PatchTST,0.07451841980218887,0.0072510093450546265,TimeXer,0.06726741045713425,0.0
118,TimeXer,0.06657390296459198,PatchTST,0.07596044987440109,0.009386546909809113,TimeXer,0.06657390296459198,0.0
119,TimeXer,0.05658617243170738,TiDE,0.07741687446832657,0.020830702036619186,TimeXer,0.05658617243170738,0.0
120,TimeXer,0.05302806198596954,TiDE,0.07891825586557388,0.02589019387960434,TimeXer,0.05302806198596954,0.0
121,TimeXer,0.049672286957502365,TiDE,0.07913491874933243,0.029462631791830063,TimeXer,0.049672286957502365,0.0
122,TimeXer,0.04859113320708275,TiDE,0.08233725279569626,0.03374611958861351,TimeXer,0.04859113320708275,0.0
123,TimeXer,0.048514340072870255,PatchTST,0.08023267239332199,0.031718332320451736,TimeXer,0.048514340072870255,0.0
124,TimeXer,0.05150937661528587,PatchTST,0.07924312353134155,0.02773374691605568,TimeXer,0.05150937661528587,0.0
125,TimeXer,0.05075353384017944,PatchTST,0.0725909098982811,0.021837376058101654,TimeXer,0.05075353384017944,0.0
126,TimeXer,0.051637958735227585,PatchTST,0.07470326870679855,0.02306530997157097,TimeXer,0.051637958735227585,0.0
127,TimeXer,0.044789671897888184,PatchTST,0.06596226245164871,0.02117259055376053,TimeXer,0.044789671897888184,0.0
128,TimeXer,0.04727329686284065,PatchTST,0.06904882192611694,0.02177552506327629,TimeXer,0.04727329686284065,0.0
129,TimeXer,0.0420556403696537,PatchTST,0.055434104055166245,0.013378463685512543,TimeXer,0.0420556403696537,0.0
130,TimeXer,0.04088011011481285,PatchTST,0.05371527746319771,0.012835167348384857,TimeXer,0.04088011011481285,0.0
131,TimeXer,0.0412059985101223,PatchTST,0.04839606583118439,0.007190067321062088,TimeXer,0.0412059985101223,0.0
132,TimeXer,0.04294319450855255,PatchTST,0.050543803721666336,0.007600609213113785,TimeXer,0.04294319450855255,0.0
133,TimeXer,0.04263508319854736,PatchTST,0.05350309982895851,0.010868016630411148,TimeXer,0.04263508319854736,0.0
134,TimeXer,0.04321974143385887,PatchTST,0.054218318313360214,0.010998576879501343,TimeXer,0.04321974143385887,0.0
135,TimeXer,0.04407665133476257,PatchTST,0.05442357435822487,0.010346923023462296,TimeXer,0.04407665133476257,0.0
136,TimeXer,0.0459524504840374,PatchTST,0.05621572211384773,0.010263271629810333,TimeXer,0.0459524504840374,0.0
137,TimeXer,0.04659343138337135,PatchTST,0.055461931973695755,0.008868500590324402,TimeXer,0.04659343138337135,0.0
138,TimeXer,0.04740327596664429,PatchTST,0.05729953572154045,0.009896259754896164,TimeXer,0.04740327596664429,0.0
139,TimeXer,0.04730452224612236,PatchTST,0.05703189596533775,0.009727373719215393,TimeXer,0.04730452224612236,0.0
140,TimeXer,0.04802536964416504,PatchTST,0.05334598198533058,0.005320612341165543,TimeXer,0.04802536964416504,0.0
141,TimeXer,0.04695690795779228,PatchTST,0.05178794637322426,0.004831038415431976,TimeXer,0.04695690795779228,0.0
142,TimeXer,0.04534090682864189,PatchTST,0.04777469113469124,0.002433784306049347,TimeXer,0.04534090682864189,0.0
143,TimeXer,0.04468314349651337,TiDE,0.04870066046714783,0.0040175169706344604,TimeXer,0.04468314349651337,0.0
144,TimeXer,0.044498223811388016,TiDE,0.046262796968221664,0.0017645731568336487,TimeXer,0.044498223811388016,0.0
145,TiDE,0.04403083398938179,TimeXer,0.04580794274806976,0.001777108758687973,TimeXer,0.04580794274806976,0.001777108758687973
146,TiDE,0.044403642416000366,TimeXer,0.046759068965911865,0.002355426549911499,TimeXer,0.046759068965911865,0.002355426549911499
147,TiDE,0.04290008544921875,TimeXer,0.04758307710289955,0.004682991653680801,TimeXer,0.04758307710289955,0.004682991653680801
148,TiDE,0.041219502687454224,TimeXer,0.04955587163567543,0.008336368948221207,TimeXer,0.04955587163567543,0.008336368948221207
149,TiDE,0.04345233365893364,PatchTST,0.045930415391922,0.0024780817329883575,TimeXer,0.04844377562403679,0.004991441965103149
150,TiDE,0.042824119329452515,PatchTST,0.04572571814060211,0.002901598811149597,TimeXer,0.04716295003890991,0.0043388307094573975
151,TiDE,0.04001098498702049,PatchTST,0.048013150691986084,0.008002165704965591,TimeXer,0.05153346061706543,0.011522475630044937
152,TiDE,0.039343830198049545,PatchTST,0.04974694177508354,0.010403111577033997,TimeXer,0.052037715911865234,0.012693885713815689
153,TiDE,0.039219632744789124,TimeXer,0.05163423717021942,0.012414604425430298,TimeXer,0.05163423717021942,0.012414604425430298
154,TiDE,0.03918738663196564,TimeXer,0.052636563777923584,0.013449177145957947,TimeXer,0.052636563777923584,0.013449177145957947
155,TiDE,0.03929498419165611,TimeXer,0.04673541709780693,0.007440432906150818,TimeXer,0.04673541709780693,0.007440432906150818
156,TiDE,0.03943277895450592,TimeXer,0.04222617670893669,0.002793397754430771,TimeXer,0.04222617670893669,0.002793397754430771
157,TiDE,0.03869805857539177,TimeXer,0.04077431187033653,0.002076253294944763,TimeXer,0.04077431187033653,0.002076253294944763
158,TiDE,0.03942099213600159,TimeXer,0.041318368166685104,0.0018973760306835175,TimeXer,0.041318368166685104,0.0018973760306835175
159,TiDE,0.039083726704120636,PatchTST,0.044517967849969864,0.005434241145849228,TimeXer,0.048454225063323975,0.009370498359203339
160,TiDE,0.03893625736236572,PatchTST,0.04400030896067619,0.005064051598310471,TimeXer,0.05049761012196541,0.011561352759599686
161,TiDE,0.03907794877886772,PatchTST,0.04288749769330025,0.0038095489144325256,TimeXer,0.05907748267054558,0.019999533891677856
162,TiDE,0.03894895315170288,PatchTST,0.04153715446591377,0.0025882013142108917,TimeXer,0.05537429451942444,0.016425341367721558
163,TiDE,0.03894202038645744,PatchTST,0.04137092083692551,0.0024289004504680634,TimeXer,0.052165258675813675,0.013223238289356232
164,TiDE,0.03848088160157204,PatchTST,0.04139574244618416,0.0029148608446121216,TimeXer,0.05381372943520546,0.015332847833633423
165,TiDE,0.03867045417428017,PatchTST,0.041820067912340164,0.0031496137380599976,TimeXer,0.05354912206530571,0.014878667891025543
166,TiDE,0.03877658024430275,PatchTST,0.041825488209724426,0.0030489079654216766,TimeXer,0.05567273870110512,0.016896158456802368
167,TiDE,0.03890278935432434,PatchTST,0.042786967009305954,0.003884177654981613,TimeXer,0.056754980236291885,0.017852190881967545
168,TiDE,0.03936187922954559,PatchTST,0.04424460604786873,0.004882726818323135,TimeXer,0.05754457786679268,0.018182698637247086
169,TiDE,0.0394907183945179,PatchTST,0.04392676055431366,0.004436042159795761,TimeXer,0.05114943906664848,0.011658720672130585
170,TiDE,0.039335209876298904,PatchTST,0.04285454377532005,0.0035193338990211487,TimeXer,0.051349520683288574,0.01201431080698967
171,TiDE,0.039789747446775436,PatchTST,0.04286789894104004,0.0030781514942646027,TimeXer,0.04626225307583809,0.006472505629062653
172,TiDE,0.03906658664345741,PatchTST,0.0433616079390049,0.004295021295547485,TimeXer,0.04734489321708679,0.00827830657362938
173,TiDE,0.03988927602767944,PatchTST,0.043666571378707886,0.0037772953510284424,TimeXer,0.04954041168093681,0.00965113565325737
174,TiDE,0.039549000561237335,PatchTST,0.04365389421582222,0.004104893654584885,TimeXer,0.05293482542037964,0.013385824859142303
175,TiDE,0.03975619003176689,PatchTST,0.04568898677825928,0.005932796746492386,TimeXer,0.054200708866119385,0.014444518834352493
176,TiDE,0.03979909420013428,PatchTST,0.04791070148348808,0.008111607283353806,TimeXer,0.052945420145988464,0.013146325945854187
177,TiDE,0.03971245512366295,PatchTST,0.04758176580071449,0.007869310677051544,TimeXer,0.053954944014549255,0.014242488890886307
178,TiDE,0.03966081514954567,PatchTST,0.04329558089375496,0.0036347657442092896,TimeXer,0.05163125693798065,0.011970441788434982
179,TiDE,0.040318503975868225,PatchTST,0.04255386069417,0.002235356718301773,TimeXer,0.04965725541114807,0.009338751435279846
180,TiDE,0.039956118911504745,PatchTST,0.04209320619702339,0.0021370872855186462,TimeXer,0.052262742072343826,0.01230662316083908
181,TiDE,0.04037468880414963,PatchTST,0.042336851358413696,0.0019621625542640686,TimeXer,0.04998409375548363,0.009609404951334
182,TiDE,0.04140181839466095,PatchTST,0.04496917128562927,0.0035673528909683228,TimeXer,0.0491764061152935,0.007774587720632553
183,TiDE,0.043908167630434036,DLinear,0.04720566049218178,0.0032974928617477417,TimeXer,0.050229039043188095,0.006320871412754059
184,TiDE,0.04508413374423981,DLinear,0.04636115953326225,0.0012770257890224457,TimeXer,0.0533297173678875,0.00824558362364769
185,DLinear,0.0459623821079731,TiDE,0.046609342098236084,0.0006469599902629852,TimeXer,0.05122191831469536,0.0052595362067222595
186,DLinear,0.04552667215466499,TiDE,0.0475773848593235,0.0020507127046585083,TimeXer,0.05213545635342598,0.006608784198760986
187,DLinear,0.04597154259681702,TiDE,0.04757443070411682,0.0016028881072998047,TimeXer,0.05001458525657654,0.0040430426597595215
188,TimeXer,0.04552655294537544,DLinear,0.04602137580513954,0.0004948228597640991,TimeXer,0.04552655294537544,0.0
189,DLinear,0.04615657404065132,TimeXer,0.046954941004514694,0.0007983669638633728,TimeXer,0.046954941004514694,0.0007983669638633728
190,DLinear,0.04630036652088165,TiDE,0.04753914475440979,0.0012387782335281372,TimeXer,0.05259080231189728,0.006290435791015625
191,DLinear,0.04620012640953064,TimeXer,0.04637138545513153,0.0001712590456008911,TimeXer,0.04637138545513153,0.0001712590456008911
192,DLinear,0.046317342668771744,TiDE,0.04645504429936409,0.0001377016305923462,TimeXer,0.05279265716671944,0.006475314497947693
193,TiDE,0.04082125052809715,PatchTST,0.046071555465459824,0.005250304937362671,TimeXer,0.05449925735592842,0.013678006827831268
194,TiDE,0.040174663066864014,PatchTST,0.04340137168765068,0.003226708620786667,TimeXer,0.05515198037028313,0.014977317303419113
195,TiDE,0.0403096005320549,PatchTST,0.04240923747420311,0.0020996369421482086,TimeXer,0.056660089641809464,0.016350489109754562
196,TiDE,0.04020389914512634,PatchTST,0.04114944487810135,0.0009455457329750061,TimeXer,0.058034747838974,0.017830848693847656
197,PatchTST,0.03977106511592865,TiDE,0.04020557180047035,0.00043450668454170227,TimeXer,0.051391441375017166,0.011620376259088516
198,PatchTST,0.04022930562496185,TiDE,0.041401296854019165,0.001171991229057312,TimeXer,0.04933597519993782,0.009106669574975967
199,TiDE,0.04037455841898918,PatchTST,0.041097547858953476,0.0007229894399642944,TimeXer,0.048149581998586655,0.007775023579597473
200,TiDE,0.040065936744213104,PatchTST,0.04086177796125412,0.0007958412170410156,TimeXer,0.04970240220427513,0.009636465460062027
201,TiDE,0.0372660867869854,PatchTST,0.03924335166811943,0.001977264881134033,TimeXer,0.05306759476661682,0.015801507979631424
202,TiDE,0.03648051619529724,PatchTST,0.038401853293180466,0.0019213370978832245,TimeXer,0.051810022443532944,0.015329506248235703
203,TiDE,0.03621553257107735,PatchTST,0.03798956796526909,0.001774035394191742,TimeXer,0.04573281481862068,0.009517282247543335
204,TiDE,0.035665158182382584,PatchTST,0.03745613619685173,0.0017909780144691467,TimeXer,0.04092247039079666,0.005257312208414078
205,TiDE,0.036863069981336594,PatchTST,0.03744212165474892,0.000579051673412323,TimeXer,0.03872554004192352,0.0018624700605869293
206,TiDE,0.03499940410256386,TimeXer,0.03684384003281593,0.0018444359302520752,TimeXer,0.03684384003281593,0.0018444359302520752
207,TiDE,0.03483320772647858,TimeXer,0.03644623979926109,0.0016130320727825165,TimeXer,0.03644623979926109,0.0016130320727825165
208,TiDE,0.03501115366816521,PatchTST,0.03578471764922142,0.0007735639810562134,TimeXer,0.036749228835105896,0.001738075166940689
209,PatchTST,0.03524508699774742,TiDE,0.03526205196976662,1.6964972019195557e-05,TimeXer,0.04133084788918495,0.0060857608914375305
210,PatchTST,0.03438429906964302,TiDE,0.035257887095212936,0.0008735880255699158,TimeXer,0.04212496802210808,0.007740668952465057
211,TiDE,0.03458023443818092,PatchTST,0.035203967243433,0.0006237328052520752,TimeXer,0.043457623571157455,0.008877389132976532
212,TiDE,0.03439146652817726,PatchTST,0.03558414801955223,0.0011926814913749695,TimeXer,0.04700957611203194,0.012618109583854675
213,TiDE,0.03488267585635185,PatchTST,0.035725779831409454,0.0008431039750576019,TimeXer,0.04273228719830513,0.007849611341953278
214,TiDE,0.034578073769807816,PatchTST,0.03663383796811104,0.0020557641983032227,TimeXer,0.0398726612329483,0.005294587463140488
215,TiDE,0.03548051416873932,TimeXer,0.037312101572752,0.00183158740401268,TimeXer,0.037312101572752,0.00183158740401268
216,TiDE,0.03590650483965874,TimeXer,0.03671034052968025,0.0008038356900215149,TimeXer,0.03671034052968025,0.0008038356900215149
217,TiDE,0.03605856001377106,TimeXer,0.038066063076257706,0.0020075030624866486,TimeXer,0.038066063076257706,0.0020075030624866486
218,TiDE,0.03490636125206947,TimeXer,0.037456341087818146,0.0025499798357486725,TimeXer,0.037456341087818146,0.0025499798357486725
219,TiDE,0.03505013510584831,TimeXer,0.035862915217876434,0.000812780112028122,TimeXer,0.035862915217876434,0.000812780112028122
220,TiDE,0.034269340336322784,TimeXer,0.0358794666826725,0.0016101263463497162,TimeXer,0.0358794666826725,0.0016101263463497162
221,TiDE,0.034294068813323975,TimeXer,0.035659026354551315,0.0013649575412273407,TimeXer,0.035659026354551315,0.0013649575412273407
222,TiDE,0.03367827832698822,TimeXer,0.03425886854529381,0.0005805902183055878,TimeXer,0.03425886854529381,0.0005805902183055878
223,TimeXer,0.03477282077074051,TiDE,0.03504406288266182,0.0002712421119213104,TimeXer,0.03477282077074051,0.0
224,TiDE,0.03433454409241676,TimeXer,0.03500703349709511,0.0006724894046783447,TimeXer,0.03500703349709511,0.0006724894046783447
225,TimeXer,0.034325551241636276,TiDE,0.03438669070601463,6.113946437835693e-05,TimeXer,0.034325551241636276,0.0
226,TimeXer,0.03390737995505333,TiDE,0.03484177589416504,0.0009343959391117096,TimeXer,0.03390737995505333,0.0
227,TimeXer,0.03379706293344498,TiDE,0.03527414798736572,0.0014770850539207458,TimeXer,0.03379706293344498,0.0
228,TimeXer,0.03316826745867729,TiDE,0.03530875965952873,0.0021404922008514404,TimeXer,0.03316826745867729,0.0
229,TimeXer,0.032002322375774384,TiDE,0.03558626398444176,0.0035839416086673737,TimeXer,0.032002322375774384,0.0
230,TimeXer,0.030736016109585762,TiDE,0.03618171066045761,0.005445694550871849,TimeXer,0.030736016109585762,0.0
231,TimeXer,0.033502623438835144,TiDE,0.04012424126267433,0.006621617823839188,TimeXer,0.033502623438835144,0.0
232,TimeXer,0.03166256472468376,TiDE,0.04096291959285736,0.0093003548681736,TimeXer,0.03166256472468376,0.0
233,TimeXer,0.029987633228302002,TiDE,0.041470374912023544,0.011482741683721542,TimeXer,0.029987633228302002,0.0
234,TimeXer,0.03151489049196243,TiDE,0.040490373969078064,0.008975483477115631,TimeXer,0.03151489049196243,0.0
235,TimeXer,0.03789297863841057,TiDE,0.04137120768427849,0.00347822904586792,TimeXer,0.03789297863841057,0.0
236,TimeXer,0.041842177510261536,TiDE,0.041843827813863754,1.650303602218628e-06,TimeXer,0.041842177510261536,0.0
237,TiDE,0.04333370551466942,PatchTST,0.053471680730581284,0.010137975215911865,TimeXer,0.055361464619636536,0.012027759104967117
238,TiDE,0.044079799205064774,PatchTST,0.05483204126358032,0.010752242058515549,TimeXer,0.058398086577653885,0.014318287372589111
239,TiDE,0.0435461588203907,TimeXer,0.05202290415763855,0.008476745337247849,TimeXer,0.05202290415763855,0.008476745337247849
240,TiDE,0.045107435435056686,TimeXer,0.0495867021381855,0.004479266703128815,TimeXer,0.0495867021381855,0.004479266703128815
241,TimeXer,0.03959149494767189,TiDE,0.045561742037534714,0.0059702470898628235,TimeXer,0.03959149494767189,0.0
242,TimeXer,0.04089720547199249,TiDE,0.046803172677755356,0.005905967205762863,TimeXer,0.04089720547199249,0.0
243,TiDE,0.04804946854710579,TimeXer,0.048137664794921875,8.819624781608582e-05,TimeXer,0.048137664794921875,8.819624781608582e-05
244,TiDE,0.054458048194646835,TimeXer,0.057706695050001144,0.003248646855354309,TimeXer,0.057706695050001144,0.003248646855354309
245,TiDE,0.05455206334590912,TimeXer,0.06456242501735687,0.010010361671447754,TimeXer,0.06456242501735687,0.010010361671447754
246,TiDE,0.05326715111732483,TimeXer,0.057655949145555496,0.004388798028230667,TimeXer,0.057655949145555496,0.004388798028230667
247,TiDE,0.055438458919525146,TimeXer,0.05826001986861229,0.002821560949087143,TimeXer,0.05826001986861229,0.002821560949087143
248,TiDE,0.059094905853271484,TimeXer,0.06490524858236313,0.005810342729091644,TimeXer,0.06490524858236313,0.005810342729091644
249,TiDE,0.062389522790908813,TimeXer,0.06853744387626648,0.006147921085357666,TimeXer,0.06853744387626648,0.006147921085357666
250,TiDE,0.06385628134012222,TimeXer,0.07225487381219864,0.008398592472076416,TimeXer,0.07225487381219864,0.008398592472076416
251,TiDE,0.061987172812223434,TimeXer,0.06755787134170532,0.005570698529481888,TimeXer,0.06755787134170532,0.005570698529481888
252,TiDE,0.06319065392017365,TimeXer,0.06589054316282272,0.0026998892426490784,TimeXer,0.06589054316282272,0.0026998892426490784
253,TiDE,0.06353554874658585,TimeXer,0.0644802451133728,0.0009446963667869568,TimeXer,0.0644802451133728,0.0009446963667869568
254,TimeXer,0.05626720190048218,TiDE,0.06367254257202148,0.007405340671539307,TimeXer,0.05626720190048218,0.0
255,TimeXer,0.05735864117741585,TiDE,0.05758720263838768,0.00022856146097183228,TimeXer,0.05735864117741585,0.0
256,TimeXer,0.052520815283060074,TiDE,0.05309433862566948,0.0005735233426094055,TimeXer,0.052520815283060074,0.0
257,TiDE,0.05131945013999939,TimeXer,0.0528152771294117,0.0014958269894123077,TimeXer,0.0528152771294117,0.0014958269894123077
258,TiDE,0.051678940653800964,TimeXer,0.0659927949309349,0.014313854277133942,TimeXer,0.0659927949309349,0.014313854277133942
259,TiDE,0.04856183007359505,TimeXer,0.06062993407249451,0.01206810399889946,TimeXer,0.06062993407249451,0.01206810399889946
260,TiDE,0.046940770000219345,TimeXer,0.052703797817230225,0.0057630278170108795,TimeXer,0.052703797817230225,0.0057630278170108795
261,TiDE,0.04403262212872505,TimeXer,0.046328574419021606,0.0022959522902965546,TimeXer,0.046328574419021606,0.0022959522902965546
262,TiDE,0.04121857509016991,TimeXer,0.046197425574064255,0.004978850483894348,TimeXer,0.046197425574064255,0.004978850483894348
263,TiDE,0.039093296974897385,TimeXer,0.04146416857838631,0.002370871603488922,TimeXer,0.04146416857838631,0.002370871603488922
264,TiDE,0.03782263025641441,TimeXer,0.04042560234665871,0.002602972090244293,TimeXer,0.04042560234665871,0.002602972090244293
265,TiDE,0.03544652462005615,TimeXer,0.0361626036465168,0.0007160790264606476,TimeXer,0.0361626036465168,0.0007160790264606476
266,TimeXer,0.032047614455223083,TiDE,0.03341324254870415,0.0013656280934810638,TimeXer,0.032047614455223083,0.0
267,TimeXer,0.03113858588039875,TiDE,0.03284475579857826,0.001706169918179512,TimeXer,0.03113858588039875,0.0
268,TimeXer,0.029186323285102844,TiDE,0.0305434912443161,0.0013571679592132568,TimeXer,0.029186323285102844,0.0
269,TimeXer,0.027991468086838722,TiDE,0.029225194826722145,0.0012337267398834229,TimeXer,0.027991468086838722,0.0
270,TimeXer,0.027248362079262733,TiDE,0.027787787839770317,0.0005394257605075836,TimeXer,0.027248362079262733,0.0
271,TiDE,0.02611291967332363,TimeXer,0.027841269969940186,0.0017283502966165543,TimeXer,0.027841269969940186,0.0017283502966165543
272,TiDE,0.024373972788453102,TimeXer,0.027951816096901894,0.0035778433084487915,TimeXer,0.027951816096901894,0.0035778433084487915
273,TiDE,0.023549973964691162,TimeXer,0.027620067819952965,0.004070093855261803,TimeXer,0.027620067819952965,0.004070093855261803
274,TiDE,0.023160869255661964,TimeXer,0.02623605728149414,0.003075188025832176,TimeXer,0.02623605728149414,0.003075188025832176
275,TiDE,0.023171216249465942,TimeXer,0.025962719693779945,0.002791503444314003,TimeXer,0.025962719693779945,0.002791503444314003
276,TiDE,0.023132091388106346,TimeXer,0.02650742046535015,0.003375329077243805,TimeXer,0.02650742046535015,0.003375329077243805
277,TiDE,0.023037709295749664,TimeXer,0.02715112827718258,0.004113418981432915,TimeXer,0.02715112827718258,0.004113418981432915
278,TiDE,0.022925106808543205,TimeXer,0.026214756071567535,0.00328964926302433,TimeXer,0.026214756071567535,0.00328964926302433
279,TiDE,0.02313889004290104,PatchTST,0.025712916627526283,0.002574026584625244,TimeXer,0.02647058479487896,0.0033316947519779205
280,TiDE,0.023122712969779968,TimeXer,0.02583044022321701,0.0027077272534370422,TimeXer,0.02583044022321701,0.0027077272534370422
281,TiDE,0.022773951292037964,TimeXer,0.025426940992474556,0.002652989700436592,TimeXer,0.025426940992474556,0.002652989700436592
282,TiDE,0.02339920587837696,TimeXer,0.024808377027511597,0.001409171149134636,TimeXer,0.024808377027511597,0.001409171149134636
283,TiDE,0.0228651762008667,TimeXer,0.024674156680703163,0.001808980479836464,TimeXer,0.024674156680703163,0.001808980479836464
284,TiDE,0.02289240062236786,TimeXer,0.02524367906153202,0.0023512784391641617,TimeXer,0.02524367906153202,0.0023512784391641617
285,TiDE,0.023598795756697655,PatchTST,0.025015980005264282,0.0014171842485666275,TimeXer,0.02617572993040085,0.0025769341737031937
286,PatchTST,0.024018526077270508,TimeXer,0.024292292073369026,0.00027376599609851837,TimeXer,0.024292292073369026,0.00027376599609851837
287,PatchTST,0.0229722261428833,TiDE,0.023736992850899696,0.0007647667080163956,TimeXer,0.02466978318989277,0.001697557047009468
288,TiDE,0.022507736459374428,PatchTST,0.022787706926465034,0.0002799704670906067,TimeXer,0.023378340527415276,0.0008706040680408478
289,TiDE,0.02201896719634533,PatchTST,0.023424208164215088,0.0014052409678697586,TimeXer,0.024345749989151955,0.0023267827928066254
290,TiDE,0.021750250831246376,TimeXer,0.023336300626397133,0.0015860497951507568,TimeXer,0.023336300626397133,0.0015860497951507568
291,TiDE,0.0218137726187706,TimeXer,0.02402406372129917,0.002210291102528572,TimeXer,0.02402406372129917,0.002210291102528572
292,TiDE,0.021433783695101738,TimeXer,0.023423070088028908,0.00198928639292717,TimeXer,0.023423070088028908,0.00198928639292717
293,TiDE,0.021685464307665825,TimeXer,0.022862039506435394,0.0011765751987695694,TimeXer,0.022862039506435394,0.0011765751987695694
294,TimeXer,0.021587247028946877,TiDE,0.021746540442109108,0.00015929341316223145,TimeXer,0.021587247028946877,0.0
295,TimeXer,0.02172543667256832,TiDE,0.021759236231446266,3.3799558877944946e-05,TimeXer,0.02172543667256832,0.0
296,TimeXer,0.021477336063981056,TiDE,0.022541508078575134,0.001064172014594078,TimeXer,0.021477336063981056,0.0
297,TimeXer,0.022076793015003204,TiDE,0.022992154583334923,0.0009153615683317184,TimeXer,0.022076793015003204,0.0
298,TimeXer,0.02286948449909687,TiDE,0.023270277306437492,0.00040079280734062195,TimeXer,0.02286948449909687,0.0
299,TimeXer,0.021753033623099327,TiDE,0.024347329512238503,0.0025942958891391754,TimeXer,0.021753033623099327,0.0
300,TimeXer,0.022978119552135468,TiDE,0.025459760800004005,0.002481641247868538,TimeXer,0.022978119552135468,0.0
301,TimeXer,0.02401643432676792,TiDE,0.026104092597961426,0.0020876582711935043,TimeXer,0.02401643432676792,0.0
302,TimeXer,0.02208937704563141,TiDE,0.02427440881729126,0.002185031771659851,TimeXer,0.02208937704563141,0.0
303,TimeXer,0.022258246317505836,TiDE,0.025206265971064568,0.002948019653558731,TimeXer,0.022258246317505836,0.0
304,TimeXer,0.021628061309456825,TiDE,0.025657303631305695,0.004029242321848869,TimeXer,0.021628061309456825,0.0
305,TimeXer,0.021239904686808586,TiDE,0.026111118495464325,0.004871213808655739,TimeXer,0.021239904686808586,0.0
306,TimeXer,0.02250891923904419,TiDE,0.02576098032295704,0.0032520610839128494,TimeXer,0.02250891923904419,0.0
307,TimeXer,0.024389110505580902,TiDE,0.025386633351445198,0.000997522845864296,TimeXer,0.024389110505580902,0.0
308,TimeXer,0.024835333228111267,TiDE,0.026077447459101677,0.0012421142309904099,TimeXer,0.024835333228111267,0.0
309,TimeXer,0.02534068562090397,TiDE,0.026356438174843788,0.0010157525539398193,TimeXer,0.02534068562090397,0.0
310,TimeXer,0.022433757781982422,TiDE,0.02798258326947689,0.005548825487494469,TimeXer,0.022433757781982422,0.0
311,TimeXer,0.021016033366322517,TiDE,0.028699206188321114,0.007683172821998596,TimeXer,0.021016033366322517,0.0
312,TimeXer,0.021016428247094154,TiDE,0.029128646478056908,0.008112218230962753,TimeXer,0.021016428247094154,0.0
313,TimeXer,0.02190742827951908,TiDE,0.02883981168270111,0.00693238340318203,TimeXer,0.02190742827951908,0.0
314,TimeXer,0.022427255287766457,TiDE,0.027473190799355507,0.00504593551158905,TimeXer,0.022427255287766457,0.0
315,TimeXer,0.021923506632447243,PatchTST,0.02551102079451084,0.0035875141620635986,TimeXer,0.021923506632447243,0.0
316,TimeXer,0.02242366410791874,PatchTST,0.022939415648579597,0.0005157515406608582,TimeXer,0.02242366410791874,0.0
317,TimeXer,0.023193752393126488,PatchTST,0.02397475577890873,0.0007810033857822418,TimeXer,0.023193752393126488,0.0
318,TimeXer,0.02328597940504551,TiDE,0.024303743615746498,0.0010177642107009888,TimeXer,0.02328597940504551,0.0
319,TiDE,0.023023696616292,TimeXer,0.02349826693534851,0.0004745703190565109,TimeXer,0.02349826693534851,0.0004745703190565109
320,TimeXer,0.021420175209641457,TiDE,0.02218153141438961,0.0007613562047481537,TimeXer,0.021420175209641457,0.0
321,TimeXer,0.020966345444321632,TiDE,0.021837478503584862,0.0008711330592632294,TimeXer,0.020966345444321632,0.0
322,TiDE,0.02107282169163227,TimeXer,0.021671904250979424,0.0005990825593471527,TimeXer,0.021671904250979424,0.0005990825593471527
323,TiDE,0.018979521468281746,PatchTST,0.022317076101899147,0.003337554633617401,TimeXer,0.02370011806488037,0.004720596596598625
324,TiDE,0.01831553317606449,PatchTST,0.021014375612139702,0.0026988424360752106,TimeXer,0.03015759401023388,0.011842060834169388
325,TiDE,0.018818646669387817,PatchTST,0.02070203609764576,0.0018833894282579422,TimeXer,0.031892079859972,0.013073433190584183
326,TiDE,0.0185869038105011,PatchTST,0.020783184096217155,0.002196280285716057,TimeXer,0.027638962492346764,0.009052058681845665
327,TiDE,0.01796967349946499,PatchTST,0.019869884476065636,0.001900210976600647,TimeXer,0.020509975031018257,0.0025403015315532684
328,TimeXer,0.01699458248913288,TiDE,0.01763078011572361,0.0006361976265907288,TimeXer,0.01699458248913288,0.0
329,TimeXer,0.014927503652870655,TiDE,0.017363039776682854,0.0024355361238121986,TimeXer,0.014927503652870655,0.0
330,TimeXer,0.015207094140350819,TiDE,0.017675399780273438,0.002468305639922619,TimeXer,0.015207094140350819,0.0
331,TimeXer,0.015473301522433758,TiDE,0.01755026914179325,0.0020769676193594933,TimeXer,0.015473301522433758,0.0
332,TimeXer,0.016008242964744568,TiDE,0.017298216000199318,0.00128997303545475,TimeXer,0.016008242964744568,0.0
333,TimeXer,0.017051497474312782,TiDE,0.017416834831237793,0.0003653373569250107,TimeXer,0.017051497474312782,0.0
334,TimeXer,0.016351914033293724,TiDE,0.01747976988554001,0.0011278558522462845,TimeXer,0.016351914033293724,0.0
335,TimeXer,0.01600087247788906,TiDE,0.017389491200447083,0.0013886187225580215,TimeXer,0.01600087247788906,0.0
336,TimeXer,0.015734465792775154,TiDE,0.01777346432209015,0.002038998529314995,TimeXer,0.015734465792775154,0.0
337,TimeXer,0.015618170611560345,TiDE,0.01787734031677246,0.0022591697052121162,TimeXer,0.015618170611560345,0.0
338,TimeXer,0.016029076650738716,TiDE,0.01802900992333889,0.001999933272600174,TimeXer,0.016029076650738716,0.0
339,TimeXer,0.01721777580678463,TiDE,0.01811761036515236,0.0008998345583677292,TimeXer,0.01721777580678463,0.0
340,TimeXer,0.0177947748452425,TiDE,0.018126197159290314,0.0003314223140478134,TimeXer,0.0177947748452425,0.0
341,TimeXer,0.016686541959643364,TiDE,0.018188361078500748,0.0015018191188573837,TimeXer,0.016686541959643364,0.0
342,TimeXer,0.015604888089001179,TiDE,0.018904998898506165,0.003300110809504986,TimeXer,0.015604888089001179,0.0
343,TimeXer,0.015731461346149445,PatchTST,0.01813344843685627,0.0024019870907068253,TimeXer,0.015731461346149445,0.0
344,TimeXer,0.01661984808743,TiDE,0.018518390133976936,0.001898542046546936,TimeXer,0.01661984808743,0.0
345,TimeXer,0.016866281628608704,TiDE,0.02029077708721161,0.0034244954586029053,TimeXer,0.016866281628608704,0.0
346,TimeXer,0.017741119489073753,TiDE,0.019348815083503723,0.0016076955944299698,TimeXer,0.017741119489073753,0.0
347,TimeXer,0.017064696177840233,TiDE,0.019263790920376778,0.002199094742536545,TimeXer,0.017064696177840233,0.0
348,TimeXer,0.017870815470814705,TiDE,0.01887213997542858,0.0010013245046138763,TimeXer,0.017870815470814705,0.0
349,TiDE,0.01797267608344555,PatchTST,0.020615296438336372,0.0026426203548908234,TimeXer,0.02071680687367916,0.002744130790233612
350,TiDE,0.01813831739127636,PatchTST,0.01847226917743683,0.00033395178616046906,TimeXer,0.02096252329647541,0.002824205905199051
351,PatchTST,0.016984200105071068,TiDE,0.017946971580386162,0.000962771475315094,TimeXer,0.018205219879746437,0.0012210197746753693
352,TimeXer,0.01790124922990799,PatchTST,0.018046164885163307,0.0001449156552553177,TimeXer,0.01790124922990799,0.0
353,TimeXer,0.016134217381477356,PatchTST,0.01787225343286991,0.0017380360513925552,TimeXer,0.016134217381477356,0.0
354,TimeXer,0.015387922525405884,TiDE,0.017880132421851158,0.0024922098964452744,TimeXer,0.015387922525405884,0.0
355,TimeXer,0.015542610548436642,TiDE,0.017624175176024437,0.0020815646275877953,TimeXer,0.015542610548436642,0.0
356,TimeXer,0.015754327178001404,TiDE,0.01777288131415844,0.002018554136157036,TimeXer,0.015754327178001404,0.0
357,TimeXer,0.01594974286854267,TiDE,0.017583729699254036,0.0016339868307113647,TimeXer,0.01594974286854267,0.0
358,TimeXer,0.015409324318170547,TiDE,0.01778886839747429,0.0023795440793037415,TimeXer,0.015409324318170547,0.0
359,TimeXer,0.015558331273496151,TiDE,0.01814740151166916,0.002589070238173008,TimeXer,0.015558331273496151,0.0
360,TimeXer,0.01587045006453991,TiDE,0.018495038151741028,0.0026245880872011185,TimeXer,0.01587045006453991,0.0
361,TimeXer,0.015781091526150703,TiDE,0.018389614298939705,0.0026085227727890015,TimeXer,0.015781091526150703,0.0
362,TimeXer,0.01573600061237812,TiDE,0.01892985589802265,0.0031938552856445312,TimeXer,0.01573600061237812,0.0
363,TimeXer,0.015440534800291061,TiDE,0.01835569366812706,0.0029151588678359985,TimeXer,0.015440534800291061,0.0
364,TimeXer,0.015740958973765373,TiDE,0.01905054971575737,0.0033095907419919968,TimeXer,0.015740958973765373,0.0
365,TimeXer,0.015924032777547836,TiDE,0.019940843805670738,0.004016811028122902,TimeXer,0.015924032777547836,0.0
366,TimeXer,0.015514750964939594,TiDE,0.019638627767562866,0.004123876802623272,TimeXer,0.015514750964939594,0.0
367,TimeXer,0.016192808747291565,TiDE,0.01989593356847763,0.0037031248211860657,TimeXer,0.016192808747291565,0.0
368,TimeXer,0.01640196144580841,TiDE,0.020596327260136604,0.004194365814328194,TimeXer,0.01640196144580841,0.0
369,TimeXer,0.019334133714437485,TiDE,0.022091517224907875,0.0027573835104703903,TimeXer,0.019334133714437485,0.0
370,TiDE,0.020663751289248466,TimeXer,0.020953921601176262,0.0002901703119277954,TimeXer,0.020953921601176262,0.0002901703119277954
371,TimeXer,0.01859547384083271,TiDE,0.019852541387081146,0.001257067546248436,TimeXer,0.01859547384083271,0.0
372,TimeXer,0.018649285659193993,TiDE,0.019531117752194405,0.000881832093000412,TimeXer,0.018649285659193993,0.0
373,TimeXer,0.01790781505405903,TiDE,0.021523041650652885,0.003615226596593857,TimeXer,0.01790781505405903,0.0
374,TimeXer,0.017999010160565376,TiDE,0.022455861791968346,0.004456851631402969,TimeXer,0.017999010160565376,0.0
375,TimeXer,0.018133746460080147,TiDE,0.02182415872812271,0.0036904122680425644,TimeXer,0.018133746460080147,0.0
376,TimeXer,0.019720206037163734,TiDE,0.022044921293854713,0.002324715256690979,TimeXer,0.019720206037163734,0.0
377,TiDE,0.02272219955921173,TimeXer,0.023363100364804268,0.0006409008055925369,TimeXer,0.023363100364804268,0.0006409008055925369
378,TiDE,0.023352637887001038,TimeXer,0.024604419246315956,0.0012517813593149185,TimeXer,0.024604419246315956,0.0012517813593149185
379,TiDE,0.02312656305730343,TimeXer,0.023387370631098747,0.0002608075737953186,TimeXer,0.023387370631098747,0.0002608075737953186
380,TiDE,0.02284102328121662,TimeXer,0.02564392425119877,0.002802900969982147,TimeXer,0.02564392425119877,0.002802900969982147
381,TiDE,0.022645479068160057,TimeXer,0.024961521849036217,0.0023160427808761597,TimeXer,0.024961521849036217,0.0023160427808761597
382,TimeXer,0.022724704816937447,TiDE,0.022785956040024757,6.125122308731079e-05,TimeXer,0.022724704816937447,0.0
383,TimeXer,0.02231820859014988,TiDE,0.02232537604868412,7.167458534240723e-06,TimeXer,0.02231820859014988,0.0
384,TimeXer,0.02082548476755619,TiDE,0.021873869001865387,0.0010483842343091965,TimeXer,0.02082548476755619,0.0
385,TimeXer,0.02071603760123253,TiDE,0.02162599004805088,0.0009099524468183517,TimeXer,0.02071603760123253,0.0
386,TimeXer,0.020706286653876305,TiDE,0.02121605910360813,0.0005097724497318268,TimeXer,0.020706286653876305,0.0
387,TimeXer,0.02069895528256893,TiDE,0.020899226889014244,0.0002002716064453125,TimeXer,0.02069895528256893,0.0
388,TiDE,0.020740894600749016,TimeXer,0.020895935595035553,0.00015504099428653717,TimeXer,0.020895935595035553,0.00015504099428653717
389,TiDE,0.021040186285972595,TimeXer,0.02199961431324482,0.0009594280272722244,TimeXer,0.02199961431324482,0.0009594280272722244
390,TiDE,0.020919928327202797,PatchTST,0.022771693766117096,0.001851765438914299,TimeXer,0.025299953296780586,0.004380024969577789
391,TiDE,0.021003544330596924,PatchTST,0.022667450830340385,0.0016639064997434616,TimeXer,0.031132353469729424,0.0101288091391325
392,TiDE,0.020868094637989998,PatchTST,0.023165635764598846,0.0022975411266088486,TimeXer,0.03222905099391937,0.011360956355929375
393,TiDE,0.02192273736000061,PatchTST,0.024277711287140846,0.002354973927140236,TimeXer,0.03343106806278229,0.011508330702781677
394,TiDE,0.02139449119567871,PatchTST,0.024466805160045624,0.003072313964366913,TimeXer,0.03382230922579765,0.012427818030118942
395,TiDE,0.021306687965989113,PatchTST,0.024135589599609375,0.002828901633620262,TimeXer,0.028790296986699104,0.0074836090207099915
396,TiDE,0.021612735465168953,PatchTST,0.02361377514898777,0.002001039683818817,TimeXer,0.024229586124420166,0.002616850659251213
397,TiDE,0.022687768563628197,PatchTST,0.02421255223453045,0.0015247836709022522,TimeXer,0.025097236037254333,0.0024094674736261368
398,TimeXer,0.02207064814865589,TiDE,0.02395482175052166,0.0018841736018657684,TimeXer,0.02207064814865589,0.0
399,TimeXer,0.023312358185648918,TiDE,0.025257403030991554,0.001945044845342636,TimeXer,0.023312358185648918,0.0
400,TimeXer,0.024009808897972107,TiDE,0.025165313854813576,0.0011555049568414688,TimeXer,0.024009808897972107,0.0
401,TimeXer,0.02309952862560749,TiDE,0.02629302628338337,0.003193497657775879,TimeXer,0.02309952862560749,0.0
402,TimeXer,0.02258886955678463,TiDE,0.029434749856591225,0.006845880299806595,TimeXer,0.02258886955678463,0.0
403,TimeXer,0.022744247689843178,TiDE,0.030106032267212868,0.00736178457736969,TimeXer,0.022744247689843178,0.0
404,TimeXer,0.022934511303901672,TiDE,0.030022243037819862,0.00708773173391819,TimeXer,0.022934511303901672,0.0
405,TimeXer,0.02419103868305683,TiDE,0.03059418313205242,0.00640314444899559,TimeXer,0.02419103868305683,0.0
406,TimeXer,0.02319435030221939,TiDE,0.030522262677550316,0.007327912375330925,TimeXer,0.02319435030221939,0.0
407,TimeXer,0.025557467713952065,TiDE,0.03360395506024361,0.008046487346291542,TimeXer,0.025557467713952065,0.0
408,TimeXer,0.02963852882385254,PatchTST,0.03489125892519951,0.00525273010134697,TimeXer,0.02963852882385254,0.0
409,TimeXer,0.03407024219632149,PatchTST,0.04051585495471954,0.006445612758398056,TimeXer,0.03407024219632149,0.0
410,TimeXer,0.03960704430937767,TiDE,0.04989270865917206,0.010285664349794388,TimeXer,0.03960704430937767,0.0
411,TimeXer,0.04149008169770241,TiDE,0.05275740101933479,0.011267319321632385,TimeXer,0.04149008169770241,0.0
412,TimeXer,0.04553684964776039,PatchTST,0.05677191540598869,0.011235065758228302,TimeXer,0.04553684964776039,0.0
413,TimeXer,0.04838937148451805,PatchTST,0.06053392216563225,0.012144550681114197,TimeXer,0.04838937148451805,0.0
414,TimeXer,0.047335561364889145,PatchTST,0.0629894956946373,0.015653934329748154,TimeXer,0.047335561364889145,0.0
415,TimeXer,0.04783615097403526,PatchTST,0.060816314071416855,0.012980163097381592,TimeXer,0.04783615097403526,0.0
416,TimeXer,0.04964210465550423,PatchTST,0.05601487681269646,0.00637277215719223,TimeXer,0.04964210465550423,0.0
417,TimeXer,0.04961926117539406,PatchTST,0.05118320509791374,0.0015639439225196838,TimeXer,0.04961926117539406,0.0
418,TimeXer,0.04974152147769928,PatchTST,0.05633437633514404,0.006592854857444763,TimeXer,0.04974152147769928,0.0
419,TimeXer,0.05350000783801079,PatchTST,0.06355839222669601,0.010058384388685226,TimeXer,0.05350000783801079,0.0
420,TimeXer,0.056381065398454666,PatchTST,0.06727217137813568,0.010891105979681015,TimeXer,0.056381065398454666,0.0
421,TimeXer,0.05655685439705849,PatchTST,0.07481250166893005,0.018255647271871567,TimeXer,0.05655685439705849,0.0
422,TimeXer,0.05469515547156334,PatchTST,0.07078658044338226,0.016091424971818924,TimeXer,0.05469515547156334,0.0
423,TimeXer,0.05498547479510307,PatchTST,0.06629966199398041,0.011314187198877335,TimeXer,0.05498547479510307,0.0
424,TimeXer,0.05728045478463173,PatchTST,0.06183144450187683,0.004550989717245102,TimeXer,0.05728045478463173,0.0
425,TimeXer,0.05905235931277275,PatchTST,0.06156408414244652,0.002511724829673767,TimeXer,0.05905235931277275,0.0
426,TimeXer,0.06486772745847702,PatchTST,0.06707094609737396,0.002203218638896942,TimeXer,0.06486772745847702,0.0
427,TimeXer,0.06702522933483124,PatchTST,0.07135006040334702,0.004324831068515778,TimeXer,0.06702522933483124,0.0
428,PatchTST,0.06989570707082748,TimeXer,0.0709664449095726,0.0010707378387451172,TimeXer,0.0709664449095726,0.0010707378387451172
429,PatchTST,0.07014051079750061,TimeXer,0.07199210673570633,0.001851595938205719,TimeXer,0.07199210673570633,0.001851595938205719
430,PatchTST,0.07185591757297516,TimeXer,0.0732678547501564,0.001411937177181244,TimeXer,0.0732678547501564,0.001411937177181244
431,PatchTST,0.0754513069987297,TimeXer,0.07765450328588486,0.0022031962871551514,TimeXer,0.07765450328588486,0.0022031962871551514
432,PatchTST,0.07525621354579926,TimeXer,0.08125068992376328,0.00599447637796402,TimeXer,0.08125068992376328,0.00599447637796402
433,PatchTST,0.07680735737085342,TimeXer,0.07681232690811157,4.969537258148193e-06,TimeXer,0.07681232690811157,4.969537258148193e-06
434,TimeXer,0.07808193564414978,PatchTST,0.07945803552865982,0.0013760998845100403,TimeXer,0.07808193564414978,0.0
435,TimeXer,0.07742086797952652,PatchTST,0.07948696613311768,0.002066098153591156,TimeXer,0.07742086797952652,0.0
436,TimeXer,0.0742795541882515,PatchTST,0.07880238443613052,0.004522830247879028,TimeXer,0.0742795541882515,0.0
437,TimeXer,0.07310464233160019,PatchTST,0.07945280522108078,0.006348162889480591,TimeXer,0.07310464233160019,0.0
438,TimeXer,0.07457553595304489,PatchTST,0.08293953537940979,0.008363999426364899,TimeXer,0.07457553595304489,0.0
439,TimeXer,0.07578720897436142,PatchTST,0.08686172217130661,0.01107451319694519,TimeXer,0.07578720897436142,0.0
440,TimeXer,0.07828549295663834,PatchTST,0.08784044533967972,0.009554952383041382,TimeXer,0.07828549295663834,0.0
441,TimeXer,0.07932203263044357,PatchTST,0.08665267378091812,0.007330641150474548,TimeXer,0.07932203263044357,0.0
442,TimeXer,0.08081834018230438,PatchTST,0.08368632942438126,0.0028679892420768738,TimeXer,0.08081834018230438,0.0
443,TimeXer,0.08443885296583176,PatchTST,0.08600407093763351,0.0015652179718017578,TimeXer,0.08443885296583176,0.0
444,PatchTST,0.088941790163517,TimeXer,0.09042486548423767,0.0014830753207206726,TimeXer,0.09042486548423767,0.0014830753207206726
445,TimeXer,0.08885899931192398,PatchTST,0.09056234359741211,0.0017033442854881287,TimeXer,0.08885899931192398,0.0
446,TimeXer,0.08587539941072464,PatchTST,0.09566711634397507,0.009791716933250427,TimeXer,0.08587539941072464,0.0
447,TimeXer,0.08505139499902725,PatchTST,0.09940746426582336,0.014356069266796112,TimeXer,0.08505139499902725,0.0
448,TimeXer,0.08654242008924484,TiDE,0.10322218388319016,0.016679763793945312,TimeXer,0.08654242008924484,0.0
449,TimeXer,0.08247946947813034,PatchTST,0.1035122349858284,0.02103276550769806,TimeXer,0.08247946947813034,0.0
450,TimeXer,0.08239421248435974,PatchTST,0.09670091420412064,0.014306701719760895,TimeXer,0.08239421248435974,0.0
451,TimeXer,0.08312114328145981,PatchTST,0.1011529341340065,0.018031790852546692,TimeXer,0.08312114328145981,0.0
452,TimeXer,0.0846007838845253,PatchTST,0.1007634624838829,0.016162678599357605,TimeXer,0.0846007838845253,0.0
453,TimeXer,0.08528067916631699,PatchTST,0.10363810509443283,0.018357425928115845,TimeXer,0.08528067916631699,0.0
454,TimeXer,0.08841406553983688,PatchTST,0.10501856356859207,0.016604498028755188,TimeXer,0.08841406553983688,0.0
455,TimeXer,0.0915466919541359,PatchTST,0.11031177639961243,0.018765084445476532,TimeXer,0.0915466919541359,0.0
456,TimeXer,0.09247595071792603,TiDE,0.11405763775110245,0.021581687033176422,TimeXer,0.09247595071792603,0.0
457,TimeXer,0.09327530860900879,TiDE,0.1136288046836853,0.020353496074676514,TimeXer,0.09327530860900879,0.0
458,TimeXer,0.09513244777917862,PatchTST,0.11077215522527695,0.015639707446098328,TimeXer,0.09513244777917862,0.0
459,TimeXer,0.09627559036016464,PatchTST,0.11160764843225479,0.015332058072090149,TimeXer,0.09627559036016464,0.0
460,TimeXer,0.10048218816518784,PatchTST,0.11045853048563004,0.0099763423204422,TimeXer,0.10048218816518784,0.0
461,TimeXer,0.10164598375558853,TiDE,0.11395466327667236,0.012308679521083832,TimeXer,0.10164598375558853,0.0
462,TimeXer,0.09723188728094101,PatchTST,0.11414393037557602,0.01691204309463501,TimeXer,0.09723188728094101,0.0
463,TimeXer,0.09307148307561874,PatchTST,0.11504703760147095,0.021975554525852203,TimeXer,0.09307148307561874,0.0
464,TimeXer,0.09319380670785904,TiDE,0.1188708022236824,0.025676995515823364,TimeXer,0.09319380670785904,0.0
465,TimeXer,0.08840317279100418,TiDE,0.11793866008520126,0.029535487294197083,TimeXer,0.08840317279100418,0.0
466,TimeXer,0.08473008871078491,TiDE,0.11953529715538025,0.03480520844459534,TimeXer,0.08473008871078491,0.0
467,TimeXer,0.08543618768453598,TiDE,0.11919361352920532,0.03375742584466934,TimeXer,0.08543618768453598,0.0
468,TimeXer,0.08547105640172958,TiDE,0.12005039304494858,0.034579336643218994,TimeXer,0.08547105640172958,0.0
469,TimeXer,0.08570938557386398,TiDE,0.12098058313131332,0.03527119755744934,TimeXer,0.08570938557386398,0.0
470,TimeXer,0.08687702566385269,PatchTST,0.12078487873077393,0.033907853066921234,TimeXer,0.08687702566385269,0.0
471,TimeXer,0.08824359625577927,PatchTST,0.11730685085058212,0.029063254594802856,TimeXer,0.08824359625577927,0.0
472,TimeXer,0.08996012061834335,PatchTST,0.120175801217556,0.030215680599212646,TimeXer,0.08996012061834335,0.0
473,TimeXer,0.09170383214950562,PatchTST,0.12270472198724747,0.031000889837741852,TimeXer,0.09170383214950562,0.0
474,TimeXer,0.09315761178731918,PatchTST,0.1252279430627823,0.032070331275463104,TimeXer,0.09315761178731918,0.0
475,TimeXer,0.0961887314915657,TiDE,0.1293676346540451,0.0331789031624794,TimeXer,0.0961887314915657,0.0
476,TimeXer,0.10216780751943588,TiDE,0.1328963190317154,0.03072851151227951,TimeXer,0.10216780751943588,0.0
477,TimeXer,0.10811823606491089,TiDE,0.13925577700138092,0.031137540936470032,TimeXer,0.10811823606491089,0.0
478,TimeXer,0.10450947284698486,PatchTST,0.1348467618227005,0.030337288975715637,TimeXer,0.10450947284698486,0.0
479,TimeXer,0.09985778480768204,PatchTST,0.13450857996940613,0.03465079516172409,TimeXer,0.09985778480768204,0.0
480,TimeXer,0.09842488914728165,PatchTST,0.14082886278629303,0.04240397363901138,TimeXer,0.09842488914728165,0.0
481,TimeXer,0.09290122985839844,PatchTST,0.1425885558128357,0.049687325954437256,TimeXer,0.09290122985839844,0.0
482,TimeXer,0.09423208236694336,PatchTST,0.14668552577495575,0.05245344340801239,TimeXer,0.09423208236694336,0.0
483,TimeXer,0.1034749448299408,PatchTST,0.15046748518943787,0.04699254035949707,TimeXer,0.1034749448299408,0.0
484,TimeXer,0.10278759151697159,TiDE,0.1483972668647766,0.04560967534780502,TimeXer,0.10278759151697159,0.0
485,TimeXer,0.1009625792503357,PatchTST,0.14534108340740204,0.044378504157066345,TimeXer,0.1009625792503357,0.0
486,TimeXer,0.0974358320236206,PatchTST,0.13725970685482025,0.039823874831199646,TimeXer,0.0974358320236206,0.0
487,TimeXer,0.10137254744768143,PatchTST,0.15916810929775238,0.05779556185007095,TimeXer,0.10137254744768143,0.0
488,TimeXer,0.10855800658464432,TiDE,0.16930250823497772,0.060744501650333405,TimeXer,0.10855800658464432,0.0
489,TimeXer,0.11285829544067383,TiDE,0.17293669283390045,0.060078397393226624,TimeXer,0.11285829544067383,0.0
490,TimeXer,0.11757136136293411,PatchTST,0.1733468770980835,0.055775515735149384,TimeXer,0.11757136136293411,0.0
491,TimeXer,0.12640272080898285,TiDE,0.1848609894514084,0.05845826864242554,TimeXer,0.12640272080898285,0.0
492,TimeXer,0.13254670798778534,TiDE,0.18344062566757202,0.05089391767978668,TimeXer,0.13254670798778534,0.0
493,TimeXer,0.14011050760746002,TiDE,0.18503321707248688,0.044922709465026855,TimeXer,0.14011050760746002,0.0
494,TimeXer,0.13561896979808807,PatchTST,0.18001271784305573,0.04439374804496765,TimeXer,0.13561896979808807,0.0
495,TimeXer,0.12839066982269287,PatchTST,0.1749296337366104,0.04653896391391754,TimeXer,0.12839066982269287,0.0
496,TimeXer,0.12769700586795807,PatchTST,0.1815878003835678,0.05389079451560974,TimeXer,0.12769700586795807,0.0
497,TimeXer,0.12419379502534866,PatchTST,0.1729690432548523,0.04877524822950363,TimeXer,0.12419379502534866,0.0
498,TimeXer,0.13547386229038239,PatchTST,0.16904117166996002,0.03356730937957764,TimeXer,0.13547386229038239,0.0
499,TimeXer,0.1503887176513672,PatchTST,0.17876094579696655,0.028372228145599365,TimeXer,0.1503887176513672,0.0
500,TimeXer,0.17098017036914825,TiDE,0.18723885715007782,0.016258686780929565,TimeXer,0.17098017036914825,0.0
501,TimeXer,0.1693284511566162,PatchTST,0.1890702098608017,0.019741758704185486,TimeXer,0.1693284511566162,0.0
502,TimeXer,0.17572657763957977,PatchTST,0.17794549465179443,0.0022189170122146606,TimeXer,0.17572657763957977,0.0
503,TimeXer,0.1765175461769104,PatchTST,0.1772204041481018,0.0007028579711914062,TimeXer,0.1765175461769104,0.0
504,TimeXer,0.1625029593706131,PatchTST,0.1805061548948288,0.018003195524215698,TimeXer,0.1625029593706131,0.0
505,TimeXer,0.14699383080005646,PatchTST,0.18056242167949677,0.03356859087944031,TimeXer,0.14699383080005646,0.0
506,TimeXer,0.13853305578231812,PatchTST,0.18041765689849854,0.04188460111618042,TimeXer,0.13853305578231812,0.0
507,TimeXer,0.13762593269348145,PatchTST,0.18597833812236786,0.048352405428886414,TimeXer,0.13762593269348145,0.0
508,TimeXer,0.13779300451278687,TiDE,0.19038428366184235,0.05259127914905548,TimeXer,0.13779300451278687,0.0
509,TimeXer,0.14122126996517181,PatchTST,0.18873651325702667,0.04751524329185486,TimeXer,0.14122126996517181,0.0
510,TimeXer,0.12617208063602448,PatchTST,0.17219650745391846,0.04602442681789398,TimeXer,0.12617208063602448,0.0
511,TimeXer,0.1266280710697174,PatchTST,0.18028093874454498,0.053652867674827576,TimeXer,0.1266280710697174,0.0
512,TimeXer,0.12423930317163467,PatchTST,0.16300705075263977,0.038767747581005096,TimeXer,0.12423930317163467,0.0
513,TimeXer,0.1336599439382553,TiDE,0.18173713982105255,0.04807719588279724,TimeXer,0.1336599439382553,0.0
514,TimeXer,0.1466486006975174,TiDE,0.18744313716888428,0.04079453647136688,TimeXer,0.1466486006975174,0.0
515,TimeXer,0.1789434552192688,TiDE,0.19595904648303986,0.017015591263771057,TimeXer,0.1789434552192688,0.0
516,TimeXer,0.18233822286128998,TiDE,0.19518674910068512,0.012848526239395142,TimeXer,0.18233822286128998,0.0
517,TimeXer,0.17786909639835358,TiDE,0.18727631866931915,0.009407222270965576,TimeXer,0.17786909639835358,0.0
518,TimeXer,0.1706862896680832,TiDE,0.18343259394168854,0.012746304273605347,TimeXer,0.1706862896680832,0.0
519,TimeXer,0.1556137055158615,TiDE,0.1842874437570572,0.02867373824119568,TimeXer,0.1556137055158615,0.0
520,TimeXer,0.15251345932483673,TiDE,0.18657852709293365,0.034065067768096924,TimeXer,0.15251345932483673,0.0
521,TimeXer,0.15154866874217987,TiDE,0.19081898033618927,0.0392703115940094,TimeXer,0.15154866874217987,0.0
522,TimeXer,0.15318602323532104,TiDE,0.18687313795089722,0.03368711471557617,TimeXer,0.15318602323532104,0.0
523,TimeXer,0.1520671546459198,TiDE,0.18081414699554443,0.028746992349624634,TimeXer,0.1520671546459198,0.0
524,TimeXer,0.15748995542526245,TiDE,0.1778307408094406,0.02034078538417816,TimeXer,0.15748995542526245,0.0
525,TimeXer,0.17330896854400635,TiDE,0.18346025049686432,0.010151281952857971,TimeXer,0.17330896854400635,0.0
526,TimeXer,0.17733646929264069,TiDE,0.19206374883651733,0.014727279543876648,TimeXer,0.17733646929264069,0.0
527,TimeXer,0.1684802621603012,TiDE,0.19197268784046173,0.023492425680160522,TimeXer,0.1684802621603012,0.0
528,TimeXer,0.16846686601638794,TiDE,0.19669289886951447,0.028226032853126526,TimeXer,0.16846686601638794,0.0
529,TimeXer,0.17293047904968262,TiDE,0.2028598040342331,0.029929324984550476,TimeXer,0.17293047904968262,0.0
530,TimeXer,0.16580674052238464,TiDE,0.19814862310886383,0.03234188258647919,TimeXer,0.16580674052238464,0.0
531,TimeXer,0.1846347451210022,TiDE,0.20636774599552155,0.021733000874519348,TimeXer,0.1846347451210022,0.0
532,TimeXer,0.21240122616291046,TiDE,0.21582774817943573,0.0034265220165252686,TimeXer,0.21240122616291046,0.0
533,TiDE,0.2231021523475647,TimeXer,0.2372027188539505,0.014100566506385803,TimeXer,0.2372027188539505,0.014100566506385803
534,TiDE,0.22658295929431915,TimeXer,0.2424832135438919,0.015900254249572754,TimeXer,0.2424832135438919,0.015900254249572754
535,TimeXer,0.20408178865909576,TiDE,0.22316718101501465,0.019085392355918884,TimeXer,0.20408178865909576,0.0
536,TimeXer,0.20336775481700897,TiDE,0.2238437682390213,0.02047601342201233,TimeXer,0.20336775481700897,0.0
537,TimeXer,0.2084033489227295,TiDE,0.2261936515569687,0.017790302634239197,TimeXer,0.2084033489227295,0.0
538,TimeXer,0.18932370841503143,TiDE,0.2228623777627945,0.03353866934776306,TimeXer,0.18932370841503143,0.0
539,TimeXer,0.1966359168291092,TiDE,0.2309664487838745,0.03433053195476532,TimeXer,0.1966359168291092,0.0
540,TimeXer,0.19859586656093597,TiDE,0.236189603805542,0.03759373724460602,TimeXer,0.19859586656093597,0.0
541,TimeXer,0.18383042514324188,TiDE,0.23847906291484833,0.054648637771606445,TimeXer,0.18383042514324188,0.0
542,TimeXer,0.18140126764774323,TiDE,0.2409377098083496,0.059536442160606384,TimeXer,0.18140126764774323,0.0
543,TimeXer,0.18283711373806,TiDE,0.24036403000354767,0.05752691626548767,TimeXer,0.18283711373806,0.0
544,TimeXer,0.18410296738147736,TiDE,0.24472872912883759,0.06062576174736023,TimeXer,0.18410296738147736,0.0
545,TimeXer,0.19330041110515594,TiDE,0.24529480934143066,0.05199439823627472,TimeXer,0.19330041110515594,0.0
546,TimeXer,0.20258283615112305,TiDE,0.2492104321718216,0.04662759602069855,TimeXer,0.20258283615112305,0.0
547,TimeXer,0.21135099232196808,TiDE,0.24637188017368317,0.03502088785171509,TimeXer,0.21135099232196808,0.0
548,TimeXer,0.2047538310289383,TiDE,0.23865793645381927,0.03390410542488098,TimeXer,0.2047538310289383,0.0
549,TimeXer,0.22219806909561157,TiDE,0.2350327968597412,0.012834727764129639,TimeXer,0.22219806909561157,0.0
550,TimeXer,0.19816632568836212,TiDE,0.23084354400634766,0.032677218317985535,TimeXer,0.19816632568836212,0.0
551,TimeXer,0.17519545555114746,TiDE,0.22872720658779144,0.05353175103664398,TimeXer,0.17519545555114746,0.0
552,TimeXer,0.16773076355457306,TiDE,0.22868557274341583,0.06095480918884277,TimeXer,0.16773076355457306,0.0
553,TimeXer,0.16346904635429382,TiDE,0.22504504024982452,0.0615759938955307,TimeXer,0.16346904635429382,0.0
554,TimeXer,0.15475402772426605,TiDE,0.2241174578666687,0.06936343014240265,TimeXer,0.15475402772426605,0.0
555,TimeXer,0.1493210345506668,TiDE,0.2227802723646164,0.07345923781394958,TimeXer,0.1493210345506668,0.0
556,TimeXer,0.14326070249080658,TiDE,0.2198696881532669,0.07660898566246033,TimeXer,0.14326070249080658,0.0
557,TimeXer,0.1434182971715927,TiDE,0.22279183566570282,0.07937353849411011,TimeXer,0.1434182971715927,0.0
558,TimeXer,0.13126690685749054,PatchTST,0.19469308853149414,0.0634261816740036,TimeXer,0.13126690685749054,0.0
559,TimeXer,0.11928019672632217,PatchTST,0.18658585846424103,0.06730566173791885,TimeXer,0.11928019672632217,0.0
560,TimeXer,0.11213666200637817,PatchTST,0.18492770195007324,0.07279103994369507,TimeXer,0.11213666200637817,0.0
561,TimeXer,0.12205185741186142,PatchTST,0.17904561758041382,0.0569937601685524,TimeXer,0.12205185741186142,0.0
562,TimeXer,0.12506096065044403,PatchTST,0.1765384078025818,0.051477447152137756,TimeXer,0.12506096065044403,0.0
563,TimeXer,0.12917788326740265,PatchTST,0.1633203625679016,0.03414247930049896,TimeXer,0.12917788326740265,0.0
564,TimeXer,0.1356268972158432,PatchTST,0.15900038182735443,0.02337348461151123,TimeXer,0.1356268972158432,0.0
565,TimeXer,0.13894245028495789,PatchTST,0.1504349708557129,0.011492520570755005,TimeXer,0.13894245028495789,0.0
566,PatchTST,0.12778620421886444,TimeXer,0.13138915598392487,0.003602951765060425,TimeXer,0.13138915598392487,0.003602951765060425
567,TimeXer,0.1094556674361229,PatchTST,0.13459785282611847,0.025142185389995575,TimeXer,0.1094556674361229,0.0
568,TimeXer,0.11396024376153946,PatchTST,0.1406051069498062,0.026644863188266754,TimeXer,0.11396024376153946,0.0
569,TimeXer,0.1268218606710434,PatchTST,0.1499357521533966,0.02311389148235321,TimeXer,0.1268218606710434,0.0
570,TimeXer,0.13003213703632355,PatchTST,0.15820027887821198,0.028168141841888428,TimeXer,0.13003213703632355,0.0
571,TimeXer,0.15021494030952454,PatchTST,0.15568353235721588,0.005468592047691345,TimeXer,0.15021494030952454,0.0
572,PatchTST,0.15167289972305298,TimeXer,0.15188223123550415,0.00020933151245117188,TimeXer,0.15188223123550415,0.00020933151245117188
573,PatchTST,0.1459970623254776,TiDE,0.15166568756103516,0.005668625235557556,TimeXer,0.16716162860393524,0.02116456627845764
574,PatchTST,0.12667860090732574,TiDE,0.1436138153076172,0.016935214400291443,TimeXer,0.16861242055892944,0.0419338196516037
575,PatchTST,0.13637535274028778,TiDE,0.1450863927602768,0.008711040019989014,TimeXer,0.1622716784477234,0.025896325707435608
576,PatchTST,0.1334483027458191,TiDE,0.14347462356090546,0.010026320815086365,TimeXer,0.17063947021961212,0.03719116747379303
577,PatchTST,0.14140118658542633,TiDE,0.1431397646665573,0.0017385780811309814,TimeXer,0.15775854885578156,0.016357362270355225
578,PatchTST,0.1364929974079132,TiDE,0.13757239282131195,0.0010793954133987427,TimeXer,0.1502131074666977,0.013720110058784485
579,TimeXer,0.1294863373041153,TiDE,0.13309572637081146,0.003609389066696167,TimeXer,0.1294863373041153,0.0
580,TiDE,0.1313985288143158,PatchTST,0.13984443247318268,0.008445903658866882,TimeXer,0.14302460849285126,0.011626079678535461
581,TiDE,0.13101185858249664,PatchTST,0.1402973234653473,0.009285464882850647,TimeXer,0.15068191289901733,0.01967005431652069
582,TiDE,0.1398100107908249,PatchTST,0.1430334448814392,0.003223434090614319,TimeXer,0.16365741193294525,0.02384740114212036
583,TiDE,0.13851994276046753,PatchTST,0.14146974682807922,0.0029498040676116943,TimeXer,0.15731029212474823,0.0187903493642807
584,TiDE,0.1367739886045456,PatchTST,0.14111611247062683,0.004342123866081238,TimeXer,0.1590300053358078,0.022256016731262207
585,PatchTST,0.11791732162237167,TiDE,0.12254359573125839,0.004626274108886719,TimeXer,0.1507505625486374,0.03283324092626572
586,TiDE,0.1278691440820694,PatchTST,0.1485612392425537,0.020692095160484314,TimeXer,0.160779669880867,0.03291052579879761
587,TiDE,0.1322224736213684,PatchTST,0.1519388109445572,0.019716337323188782,TimeXer,0.15929557383060455,0.027073100209236145
588,TiDE,0.12956175208091736,PatchTST,0.14562179148197174,0.016060039401054382,TimeXer,0.1611371636390686,0.031575411558151245
589,TiDE,0.11434835195541382,PatchTST,0.11744248121976852,0.003094129264354706,TimeXer,0.13910333812236786,0.02475498616695404
590,TiDE,0.1216418519616127,PatchTST,0.13456599414348602,0.012924142181873322,TimeXer,0.14763711392879486,0.02599526196718216
591,TiDE,0.11706038564443588,PatchTST,0.12792301177978516,0.010862626135349274,TimeXer,0.1409425586462021,0.023882173001766205
592,TiDE,0.11684317141771317,PatchTST,0.13688866794109344,0.02004549652338028,TimeXer,0.1478816419839859,0.031038470566272736
593,TiDE,0.11368358880281448,PatchTST,0.13501450419425964,0.02133091539144516,TimeXer,0.14964322745800018,0.0359596386551857
594,TiDE,0.10322481393814087,PatchTST,0.12035486102104187,0.017130047082901,TimeXer,0.14130748808383942,0.03808267414569855
595,TiDE,0.10209067910909653,TimeXer,0.11978737264871597,0.017696693539619446,TimeXer,0.11978737264871597,0.017696693539619446
596,TiDE,0.1022554263472557,PatchTST,0.11342988163232803,0.011174455285072327,TimeXer,0.11917107552289963,0.01691564917564392
597,TiDE,0.10874741524457932,PatchTST,0.12397763878107071,0.015230223536491394,TimeXer,0.12713730335235596,0.018389888107776642
598,TiDE,0.10286528617143631,PatchTST,0.11134874820709229,0.008483462035655975,TimeXer,0.1174672469496727,0.01460196077823639
599,PatchTST,0.04359922930598259,TiDE,0.06620626151561737,0.02260703220963478,TimeXer,0.0768948495388031,0.03329562023282051
600,PatchTST,0.027220508083701134,TiDE,0.04938913881778717,0.022168630734086037,TimeXer,0.052004922181367874,0.02478441409766674
601,PatchTST,0.02003377117216587,TimeXer,0.03201178088784218,0.011978009715676308,TimeXer,0.03201178088784218,0.011978009715676308
602,PatchTST,0.019432930275797844,TimeXer,0.026469148695468903,0.007036218419671059,TimeXer,0.026469148695468903,0.007036218419671059
603,PatchTST,0.027106424793601036,TimeXer,0.02942880243062973,0.002322377637028694,TimeXer,0.02942880243062973,0.002322377637028694
604,TimeXer,0.032727308571338654,PatchTST,0.03477725386619568,0.002049945294857025,TimeXer,0.032727308571338654,0.0
605,TimeXer,0.0327332578599453,TiDE,0.03848182410001755,0.00574856624007225,TimeXer,0.0327332578599453,0.0
606,TimeXer,0.03327189385890961,TiDE,0.0356871522963047,0.002415258437395096,TimeXer,0.03327189385890961,0.0
607,TimeXer,0.025629958137869835,TiDE,0.032291069626808167,0.006661111488938332,TimeXer,0.025629958137869835,0.0
608,TimeXer,0.027757354080677032,TiDE,0.03048749454319477,0.0027301404625177383,TimeXer,0.027757354080677032,0.0
609,TimeXer,0.02269294299185276,TiDE,0.02808433771133423,0.005391394719481468,TimeXer,0.02269294299185276,0.0
610,TimeXer,0.02339182049036026,TiDE,0.025777287781238556,0.002385467290878296,TimeXer,0.02339182049036026,0.0
611,TimeXer,0.022218940779566765,TiDE,0.02373158000409603,0.0015126392245292664,TimeXer,0.022218940779566765,0.0
612,TimeXer,0.020503327250480652,TiDE,0.022372214123606682,0.00186888687312603,TimeXer,0.020503327250480652,0.0
613,TimeXer,0.02049785666167736,TiDE,0.022846722975373268,0.0023488663136959076,TimeXer,0.02049785666167736,0.0
614,TimeXer,0.021788233891129494,TiDE,0.02301252819597721,0.0012242943048477173,TimeXer,0.021788233891129494,0.0
615,TiDE,0.022953225299715996,TimeXer,0.02318345569074154,0.0002302303910255432,TimeXer,0.02318345569074154,0.0002302303910255432
616,TiDE,0.022449655458331108,TimeXer,0.02428538165986538,0.0018357262015342712,TimeXer,0.02428538165986538,0.0018357262015342712
617,TiDE,0.022353043779730797,TimeXer,0.024524817243218422,0.002171773463487625,TimeXer,0.024524817243218422,0.002171773463487625
618,TiDE,0.02124185301363468,TimeXer,0.027136581018567085,0.0058947280049324036,TimeXer,0.027136581018567085,0.0058947280049324036
619,TiDE,0.021208785474300385,TimeXer,0.029667174443602562,0.008458388969302177,TimeXer,0.029667174443602562,0.008458388969302177
620,TiDE,0.01992054469883442,TimeXer,0.02940419875085354,0.00948365405201912,TimeXer,0.02940419875085354,0.00948365405201912
621,TiDE,0.018749896436929703,TimeXer,0.02216784656047821,0.0034179501235485077,TimeXer,0.02216784656047821,0.0034179501235485077
622,TiDE,0.01925969123840332,TimeXer,0.019410498440265656,0.0001508072018623352,TimeXer,0.019410498440265656,0.0001508072018623352
623,TiDE,0.019025109708309174,TimeXer,0.019771449267864227,0.0007463395595550537,TimeXer,0.019771449267864227,0.0007463395595550537
624,TimeXer,0.015690157189965248,TiDE,0.019442236050963402,0.0037520788609981537,TimeXer,0.015690157189965248,0.0
625,TimeXer,0.01523576956242323,TiDE,0.02016477845609188,0.004929008893668652,TimeXer,0.01523576956242323,0.0
626,TimeXer,0.015722135081887245,TiDE,0.01996046118438244,0.0042383261024951935,TimeXer,0.015722135081887245,0.0
627,TimeXer,0.01773306168615818,TiDE,0.02088809572160244,0.0031550340354442596,TimeXer,0.01773306168615818,0.0
628,TimeXer,0.017033135518431664,TiDE,0.02068907581269741,0.003655940294265747,TimeXer,0.017033135518431664,0.0
629,TimeXer,0.016311094164848328,TiDE,0.021650001406669617,0.005338907241821289,TimeXer,0.016311094164848328,0.0
630,TimeXer,0.016126541420817375,TiDE,0.02260696329176426,0.006480421870946884,TimeXer,0.016126541420817375,0.0
631,TimeXer,0.019361628219485283,TiDE,0.02274358458817005,0.0033819563686847687,TimeXer,0.019361628219485283,0.0
632,TimeXer,0.02079162932932377,TiDE,0.02379804104566574,0.0030064117163419724,TimeXer,0.02079162932932377,0.0
633,TimeXer,0.021722964942455292,DLinear,0.024447964504361153,0.002724999561905861,TimeXer,0.021722964942455292,0.0
634,TimeXer,0.023057639598846436,DLinear,0.02348095178604126,0.0004233121871948242,TimeXer,0.023057639598846436,0.0
635,DLinear,0.02216620184481144,TimeXer,0.02607833780348301,0.00391213595867157,TimeXer,0.02607833780348301,0.00391213595867157
636,DLinear,0.021078893914818764,TimeXer,0.028163166716694832,0.007084272801876068,TimeXer,0.028163166716694832,0.007084272801876068
637,DLinear,0.020943516865372658,TimeXer,0.0257584061473608,0.004814889281988144,TimeXer,0.0257584061473608,0.004814889281988144
638,DLinear,0.020043136551976204,TiDE,0.029418835416436195,0.009375698864459991,TimeXer,0.029780594632029533,0.00973745808005333
639,DLinear,0.018735403195023537,TimeXer,0.03126807510852814,0.0125326719135046,TimeXer,0.03126807510852814,0.0125326719135046
640,DLinear,0.018072286620736122,TiDE,0.03420146182179451,0.016129175201058388,TimeXer,0.04996125400066376,0.031888969242572784
641,DLinear,0.017941422760486603,TiDE,0.034376781433820724,0.01643535867333412,TimeXer,0.059983719140291214,0.04204229637980461
642,DLinear,0.01693362556397915,TiDE,0.034536782652139664,0.017603157088160515,TimeXer,0.04084765166044235,0.023914026096463203
643,DLinear,0.016530638560652733,TimeXer,0.03626541420817375,0.01973477564752102,TimeXer,0.03626541420817375,0.01973477564752102
644,DLinear,0.01602107845246792,TimeXer,0.032666463404893875,0.016645384952425957,TimeXer,0.032666463404893875,0.016645384952425957
645,DLinear,0.015808122232556343,TimeXer,0.028520414605736732,0.01271229237318039,TimeXer,0.028520414605736732,0.01271229237318039
646,DLinear,0.01581246592104435,TimeXer,0.025375930592417717,0.009563464671373367,TimeXer,0.025375930592417717,0.009563464671373367
647,DLinear,0.01624237932264805,TimeXer,0.025394374504685402,0.009151995182037354,TimeXer,0.025394374504685402,0.009151995182037354
648,DLinear,0.01647038757801056,TimeXer,0.027412643656134605,0.010942256078124046,TimeXer,0.027412643656134605,0.010942256078124046
649,DLinear,0.016447149217128754,TiDE,0.035864751785993576,0.019417602568864822,TimeXer,0.04049099236726761,0.024043843150138855
650,DLinear,0.016389669850468636,TiDE,0.03787987679243088,0.021490206941962242,TimeXer,0.05423012003302574,0.03784044831991196
651,DLinear,0.01657700352370739,TiDE,0.0396013967692852,0.023024393245577812,TimeXer,0.05721567943692207,0.04063867777585983
652,DLinear,0.016150636598467827,TiDE,0.042117487639188766,0.02596685104072094,TimeXer,0.05578531697392464,0.03963468223810196
653,DLinear,0.015561784617602825,TiDE,0.047214288264513016,0.031652502715587616,TimeXer,0.06145861744880676,0.04589683189988136
654,DLinear,0.015177581459283829,TiDE,0.05044298991560936,0.03526540845632553,TimeXer,0.05495206639170647,0.03977448493242264
655,DLinear,0.01523988600820303,TiDE,0.051227420568466187,0.03598753362894058,TimeXer,0.06306052953004837,0.047820642590522766
656,DLinear,0.01491577085107565,TiDE,0.05370021238923073,0.038784440606832504,TimeXer,0.06187455728650093,0.04695878550410271
657,DLinear,0.015058241784572601,TiDE,0.05225678160786629,0.037198539823293686,TimeXer,0.06409379839897156,0.049035556614398956
658,DLinear,0.015110346488654613,TiDE,0.05158628895878792,0.03647594153881073,TimeXer,0.06724516302347183,0.052134815603494644
659,DLinear,0.014893624000251293,TiDE,0.05369364097714424,0.038800016045570374,TimeXer,0.06676790863275528,0.05187428370118141
660,DLinear,0.014853030443191528,TiDE,0.0525411032140255,0.03768807277083397,TimeXer,0.06366027146577835,0.04880724102258682
661,DLinear,0.014565861783921719,TimeXer,0.04904645308852196,0.034480590373277664,TimeXer,0.04904645308852196,0.034480590373277664
662,DLinear,0.014728136360645294,TimeXer,0.04659799858927727,0.03186986222863197,TimeXer,0.04659799858927727,0.03186986222863197
663,DLinear,0.014894681982696056,TiDE,0.050929922610521317,0.036035239696502686,TimeXer,0.054642483592033386,0.039747800678014755
664,DLinear,0.014981619082391262,TiDE,0.05388063192367554,0.0388990119099617,TimeXer,0.06901320815086365,0.05403158813714981
665,DLinear,0.014947685413062572,TiDE,0.05372917652130127,0.03878149017691612,TimeXer,0.08632580190896988,0.07137811928987503
666,DLinear,0.014930329285562038,TiDE,0.05300064757466316,0.03807031735777855,TimeXer,0.10287392884492874,0.08794359862804413
667,DLinear,0.014868595637381077,TiDE,0.05452113226056099,0.03965253755450249,TimeXer,0.08696156740188599,0.07209297269582748
668,DLinear,0.014314706437289715,TiDE,0.0562971867620945,0.04198247939348221,TimeXer,0.07925194501876831,0.06493724137544632
669,DLinear,0.014141194522380829,TiDE,0.05826747789978981,0.04412628337740898,TimeXer,0.06622856110334396,0.052087366580963135
670,DLinear,0.014376021921634674,TimeXer,0.05182792618870735,0.03745190426707268,TimeXer,0.05182792618870735,0.03745190426707268
671,DLinear,0.014169630594551563,TimeXer,0.05191652476787567,0.03774689510464668,TimeXer,0.05191652476787567,0.03774689510464668
672,DLinear,0.01440428476780653,TimeXer,0.04603159427642822,0.03162730857729912,TimeXer,0.04603159427642822,0.03162730857729912
673,DLinear,0.014879971742630005,TimeXer,0.0511314757168293,0.036251503974199295,TimeXer,0.0511314757168293,0.036251503974199295
674,DLinear,0.014806266874074936,TiDE,0.05302092060446739,0.038214653730392456,TimeXer,0.0555504746735096,0.04074420779943466
675,DLinear,0.0150942737236619,TiDE,0.05715802311897278,0.04206375032663345,TimeXer,0.05931320786476135,0.04421893507242203
676,DLinear,0.015585572458803654,TiDE,0.05771057680249214,0.04212500527501106,TimeXer,0.06465786695480347,0.04907229542732239
677,DLinear,0.01568298228085041,TiDE,0.05855530500411987,0.04287232458591461,TimeXer,0.05905153229832649,0.04336854815483093
678,DLinear,0.01607055962085724,TimeXer,0.04870873689651489,0.032638177275657654,TimeXer,0.04870873689651489,0.032638177275657654
679,DLinear,0.016058217734098434,TiDE,0.059845443814992905,0.04378722608089447,TimeXer,0.061740171164274216,0.04568195343017578
680,DLinear,0.016240959987044334,PatchTST,0.06304829567670822,0.04680733382701874,TimeXer,0.0774131491780281,0.06117218732833862
681,DLinear,0.01681680418550968,TiDE,0.06242541968822479,0.04560861736536026,TimeXer,0.1252269297838211,0.10841012746095657
682,DLinear,0.01686958782374859,TiDE,0.06498606503009796,0.048116475343704224,TimeXer,0.19339025020599365,0.17652066051959991
683,DLinear,0.017000051215291023,TiDE,0.06749740988016129,0.05049736052751541,TimeXer,0.17521260678768158,0.1582125574350357
684,DLinear,0.017264043912291527,PatchTST,0.0694870874285698,0.05222304165363312,TimeXer,0.176539346575737,0.15927530825138092
685,DLinear,0.017897648736834526,PatchTST,0.0681072548031807,0.05020960420370102,TimeXer,0.15958340466022491,0.14168575406074524
686,DLinear,0.01847247965633869,PatchTST,0.06934720277786255,0.050874724984169006,TimeXer,0.1501132696866989,0.13164079189300537
687,DLinear,0.01925208978354931,PatchTST,0.07228098064661026,0.0530288890004158,TimeXer,0.14631050825119019,0.12705841660499573
688,DLinear,0.020371703431010246,TiDE,0.07755649834871292,0.057184793055057526,TimeXer,0.1359075903892517,0.11553588509559631
689,DLinear,0.02082017809152603,TiDE,0.07902127504348755,0.05820109695196152,TimeXer,0.12845678627490997,0.10763660818338394
690,DLinear,0.02146507054567337,TiDE,0.07991450279951096,0.058449432253837585,TimeXer,0.12827539443969727,0.1068103238940239
691,DLinear,0.022400125861167908,TiDE,0.07952265441417694,0.05712252855300903,TimeXer,0.11995504051446915,0.09755491465330124
692,DLinear,0.023391759023070335,TiDE,0.07787700742483139,0.054485246539115906,TimeXer,0.11947757005691528,0.0960858091711998
693,DLinear,0.023870402947068214,TiDE,0.07878462970256805,0.05491422861814499,TimeXer,0.10448724031448364,0.08061683923006058
694,DLinear,0.02342773973941803,TimeXer,0.07762806117534637,0.054200321435928345,TimeXer,0.07762806117534637,0.054200321435928345
695,DLinear,0.023551398888230324,TiDE,0.07631074637174606,0.05275934934616089,TimeXer,0.08173831552267075,0.05818691849708557
696,DLinear,0.02401597611606121,TiDE,0.07414282113313675,0.05012684315443039,TimeXer,0.07840422540903091,0.054388247430324554
697,DLinear,0.024360744282603264,PatchTST,0.06578069925308228,0.04141995310783386,TimeXer,0.0767860934138298,0.05242534726858139
698,DLinear,0.025127308443188667,PatchTST,0.06035766005516052,0.035230353474617004,TimeXer,0.06811472028493881,0.042987413704395294
699,DLinear,0.026013612747192383,PatchTST,0.05702296271920204,0.03100934997200966,TimeXer,0.06361480802297592,0.03760119527578354
700,DLinear,0.027829701080918312,PatchTST,0.05566507577896118,0.02783537469804287,TimeXer,0.05721181631088257,0.029382115229964256
701,DLinear,0.02926156483590603,TimeXer,0.05336933210492134,0.024107767269015312,TimeXer,0.05336933210492134,0.024107767269015312
702,DLinear,0.0305612962692976,TimeXer,0.05541514232754707,0.024853846058249474,TimeXer,0.05541514232754707,0.024853846058249474
703,DLinear,0.03168141841888428,PatchTST,0.05338509380817413,0.021703675389289856,TimeXer,0.0631774440407753,0.03149602562189102
704,DLinear,0.033030033111572266,PatchTST,0.051902029663324356,0.01887199655175209,TimeXer,0.06635512411594391,0.03332509100437164
705,DLinear,0.034322794526815414,PatchTST,0.05180710554122925,0.017484311014413834,TimeXer,0.06863138824701309,0.03430859372019768
706,DLinear,0.03515428304672241,PatchTST,0.05336536094546318,0.01821107789874077,TimeXer,0.07347286492586136,0.03831858187913895
707,DLinear,0.0363190583884716,PatchTST,0.05260379984974861,0.016284741461277008,TimeXer,0.06518466025590897,0.028865601867437363
708,DLinear,0.0377364382147789,PatchTST,0.054276589304208755,0.016540151089429855,TimeXer,0.06643403321504593,0.02869759500026703
709,DLinear,0.03902999311685562,TiDE,0.05576437711715698,0.01673438400030136,TimeXer,0.0695067048072815,0.030476711690425873
710,DLinear,0.039956677705049515,TiDE,0.04936104640364647,0.009404368698596954,TimeXer,0.06626814603805542,0.026311468333005905
711,DLinear,0.041259024292230606,TiDE,0.04962852597236633,0.008369501680135727,TimeXer,0.0694887563586235,0.0282297320663929
712,DLinear,0.042673662304878235,TiDE,0.04896196722984314,0.006288304924964905,TimeXer,0.06782091408967972,0.025147251784801483
713,DLinear,0.04409438371658325,TiDE,0.04874745011329651,0.004653066396713257,TimeXer,0.0640745535492897,0.01998016983270645
714,DLinear,0.04499848186969757,TiDE,0.048137277364730835,0.003138795495033264,TimeXer,0.05897725746035576,0.013978775590658188
715,TiDE,0.04597963020205498,DLinear,0.04643551632761955,0.0004558861255645752,TimeXer,0.05242123082280159,0.0064416006207466125
716,TiDE,0.04553723707795143,DLinear,0.04728394374251366,0.0017467066645622253,TimeXer,0.049136240035295486,0.003599002957344055
717,TimeXer,0.045752573758363724,TiDE,0.046714793890714645,0.0009622201323509216,TimeXer,0.045752573758363724,0.0
718,TiDE,0.047148048877716064,TimeXer,0.047900695353746414,0.0007526464760303497,TimeXer,0.047900695353746414,0.0007526464760303497
719,TiDE,0.04607555642724037,PatchTST,0.04844741150736809,0.002371855080127716,TimeXer,0.0489942729473114,0.0029187165200710297
720,TiDE,0.04570480063557625,TimeXer,0.04603101685643196,0.0003262162208557129,TimeXer,0.04603101685643196,0.0003262162208557129
721,TiDE,0.046562641859054565,PatchTST,0.04736056923866272,0.0007979273796081543,TimeXer,0.051205385476350784,0.004642743617296219
722,TiDE,0.04605117440223694,PatchTST,0.047488946467638016,0.0014377720654010773,TimeXer,0.05354192852973938,0.007490754127502441
723,TiDE,0.04529104009270668,PatchTST,0.04552203416824341,0.0002309940755367279,TimeXer,0.04937875643372536,0.004087716341018677
724,TiDE,0.04606769606471062,PatchTST,0.04768604040145874,0.0016183443367481232,TimeXer,0.05210113152861595,0.0060334354639053345
725,TiDE,0.0462753064930439,PatchTST,0.048095911741256714,0.0018206052482128143,TimeXer,0.05160464346408844,0.00532933697104454
726,TiDE,0.044619690626859665,PatchTST,0.04641280695796013,0.0017931163311004639,TimeXer,0.04903261736035347,0.004412926733493805
727,TiDE,0.04661373421549797,PatchTST,0.050933077931404114,0.004319343715906143,TimeXer,0.056092534214258194,0.009478799998760223
728,TiDE,0.046629637479782104,PatchTST,0.04948236420750618,0.0028527267277240753,TimeXer,0.05762897804379463,0.010999340564012527
729,TiDE,0.04563767835497856,PatchTST,0.04677113890647888,0.0011334605515003204,TimeXer,0.05506071820855141,0.009423039853572845
730,TiDE,0.04609837755560875,PatchTST,0.0474746972322464,0.0013763196766376495,TimeXer,0.058069150894880295,0.011970773339271545
731,PatchTST,0.044577792286872864,TiDE,0.04557372257113457,0.0009959302842617035,TimeXer,0.055721770972013474,0.01114397868514061
732,PatchTST,0.04300874471664429,TiDE,0.04413500800728798,0.001126263290643692,TimeXer,0.05015958473086357,0.007150840014219284
733,PatchTST,0.04324616119265556,TiDE,0.04515834525227547,0.0019121840596199036,TimeXer,0.05042865499854088,0.007182493805885315
734,TiDE,0.04195566102862358,PatchTST,0.043016012758016586,0.0010603517293930054,TimeXer,0.04677310585975647,0.004817444831132889
735,TiDE,0.04066799208521843,PatchTST,0.042582254856824875,0.0019142627716064453,TimeXer,0.04422207549214363,0.0035540834069252014
736,TiDE,0.04079917073249817,TimeXer,0.04273128882050514,0.0019321180880069733,TimeXer,0.04273128882050514,0.0019321180880069733
737,TiDE,0.04005955159664154,TimeXer,0.04270520806312561,0.00264565646648407,TimeXer,0.04270520806312561,0.00264565646648407
738,TiDE,0.0394439660012722,TimeXer,0.04176590219140053,0.0023219361901283264,TimeXer,0.04176590219140053,0.0023219361901283264
739,TiDE,0.03923826664686203,TimeXer,0.041311439126729965,0.002073172479867935,TimeXer,0.041311439126729965,0.002073172479867935
740,TiDE,0.03954793140292168,TimeXer,0.041536081582307816,0.001988150179386139,TimeXer,0.041536081582307816,0.001988150179386139
741,TiDE,0.039442118257284164,TimeXer,0.040409643203020096,0.0009675249457359314,TimeXer,0.040409643203020096,0.0009675249457359314
742,TiDE,0.03937520831823349,TimeXer,0.040048856288194656,0.0006736479699611664,TimeXer,0.040048856288194656,0.0006736479699611664
743,TiDE,0.03992899879813194,TimeXer,0.04092062637209892,0.00099162757396698,TimeXer,0.04092062637209892,0.00099162757396698
744,TiDE,0.03998221084475517,PatchTST,0.040821902453899384,0.0008396916091442108,TimeXer,0.04202229902148247,0.002040088176727295
745,TiDE,0.03987623006105423,PatchTST,0.040763456374406815,0.0008872263133525848,TimeXer,0.043521154671907425,0.003644924610853195
746,TiDE,0.040686655789613724,PatchTST,0.04152367264032364,0.0008370168507099152,TimeXer,0.04375782608985901,0.003071170300245285
747,TiDE,0.039665691554546356,PatchTST,0.0401248075067997,0.0004591159522533417,TimeXer,0.04160832241177559,0.0019426308572292328
748,TiDE,0.0392894521355629,TimeXer,0.04024083539843559,0.0009513832628726959,TimeXer,0.04024083539843559,0.0009513832628726959
749,TiDE,0.039909206330776215,TimeXer,0.04155504330992699,0.001645836979150772,TimeXer,0.04155504330992699,0.001645836979150772
750,TiDE,0.039934832602739334,TimeXer,0.04198124632239342,0.0020464137196540833,TimeXer,0.04198124632239342,0.0020464137196540833
751,TiDE,0.04024006053805351,TimeXer,0.042184293270111084,0.0019442327320575714,TimeXer,0.042184293270111084,0.0019442327320575714
752,TiDE,0.03921259567141533,TimeXer,0.039894718676805496,0.0006821230053901672,TimeXer,0.039894718676805496,0.0006821230053901672
753,TiDE,0.03912202641367912,TimeXer,0.039888713508844376,0.0007666870951652527,TimeXer,0.039888713508844376,0.0007666870951652527
754,TiDE,0.039711445569992065,TimeXer,0.040979962795972824,0.0012685172259807587,TimeXer,0.040979962795972824,0.0012685172259807587
755,TimeXer,0.03911520540714264,TiDE,0.03960248455405235,0.00048727914690971375,TimeXer,0.03911520540714264,0.0
756,TimeXer,0.038878995925188065,TiDE,0.03968352451920509,0.0008045285940170288,TimeXer,0.038878995925188065,0.0
757,TimeXer,0.03743606433272362,TiDE,0.038621533662080765,0.0011854693293571472,TimeXer,0.03743606433272362,0.0
758,TimeXer,0.036428142338991165,TiDE,0.03881474956870079,0.0023866072297096252,TimeXer,0.036428142338991165,0.0
759,TimeXer,0.0363328717648983,TiDE,0.03828981891274452,0.001956947147846222,TimeXer,0.0363328717648983,0.0
760,TimeXer,0.03564798831939697,TiDE,0.03858812525868416,0.0029401369392871857,TimeXer,0.03564798831939697,0.0
761,TimeXer,0.035973384976387024,PatchTST,0.038516294211149216,0.0025429092347621918,TimeXer,0.035973384976387024,0.0
762,TimeXer,0.03740037605166435,PatchTST,0.03834804147481918,0.0009476654231548309,TimeXer,0.03740037605166435,0.0
763,TimeXer,0.03738370165228844,TiDE,0.03834257647395134,0.0009588748216629028,TimeXer,0.03738370165228844,0.0
764,TimeXer,0.03737662360072136,TiDE,0.03881489112973213,0.0014382675290107727,TimeXer,0.03737662360072136,0.0
765,TimeXer,0.037868376821279526,TiDE,0.03906497359275818,0.001196596771478653,TimeXer,0.037868376821279526,0.0
766,TimeXer,0.037972066551446915,TiDE,0.03929322212934494,0.0013211555778980255,TimeXer,0.037972066551446915,0.0
767,TimeXer,0.03795837610960007,TiDE,0.03970913216471672,0.0017507560551166534,TimeXer,0.03795837610960007,0.0
768,TimeXer,0.039311379194259644,TiDE,0.04002520442008972,0.0007138252258300781,TimeXer,0.039311379194259644,0.0
769,TimeXer,0.03963572904467583,TiDE,0.04046982526779175,0.000834096223115921,TimeXer,0.03963572904467583,0.0
770,TiDE,0.040774840861558914,TimeXer,0.04095856845378876,0.00018372759222984314,TimeXer,0.04095856845378876,0.00018372759222984314
771,TiDE,0.041137367486953735,TimeXer,0.04161597415804863,0.0004786066710948944,TimeXer,0.04161597415804863,0.0004786066710948944
772,TiDE,0.04116765037178993,TimeXer,0.04276038333773613,0.0015927329659461975,TimeXer,0.04276038333773613,0.0015927329659461975
773,TiDE,0.04156242311000824,TimeXer,0.043187230825424194,0.0016248077154159546,TimeXer,0.043187230825424194,0.0016248077154159546
774,TimeXer,0.0416853241622448,TiDE,0.0422833226621151,0.0005979984998703003,TimeXer,0.0416853241622448,0.0
775,TimeXer,0.03976532816886902,TiDE,0.04214150086045265,0.0023761726915836334,TimeXer,0.03976532816886902,0.0
776,TimeXer,0.038239818066358566,TiDE,0.04295405372977257,0.0047142356634140015,TimeXer,0.038239818066358566,0.0
777,TimeXer,0.0384872630238533,TiDE,0.043776948004961014,0.005289684981107712,TimeXer,0.0384872630238533,0.0
778,TimeXer,0.03702949732542038,TiDE,0.045180801302194595,0.008151303976774216,TimeXer,0.03702949732542038,0.0
779,TimeXer,0.03826306760311127,TiDE,0.04488443210721016,0.006621364504098892,TimeXer,0.03826306760311127,0.0
780,TimeXer,0.0392034575343132,TiDE,0.0449291430413723,0.005725685507059097,TimeXer,0.0392034575343132,0.0
781,TimeXer,0.03899579122662544,TiDE,0.04465802386403084,0.0056622326374053955,TimeXer,0.03899579122662544,0.0
782,TimeXer,0.03888802230358124,TiDE,0.044973332434892654,0.006085310131311417,TimeXer,0.03888802230358124,0.0
783,TimeXer,0.03938515484333038,TiDE,0.0451713502407074,0.005786195397377014,TimeXer,0.03938515484333038,0.0
784,TimeXer,0.04148776829242706,TiDE,0.04705335572361946,0.005565587431192398,TimeXer,0.04148776829242706,0.0
785,TimeXer,0.043682217597961426,TiDE,0.04792353883385658,0.004241321235895157,TimeXer,0.043682217597961426,0.0
786,TimeXer,0.04336855933070183,TiDE,0.04823661223053932,0.004868052899837494,TimeXer,0.04336855933070183,0.0
787,TimeXer,0.044348686933517456,TiDE,0.04852442070841789,0.004175733774900436,TimeXer,0.044348686933517456,0.0
788,TimeXer,0.04537710174918175,TiDE,0.04897149279713631,0.0035943910479545593,TimeXer,0.04537710174918175,0.0
789,TimeXer,0.044257014989852905,TiDE,0.050669923424720764,0.006412908434867859,TimeXer,0.044257014989852905,0.0
790,TimeXer,0.04157542064785957,TiDE,0.0509621687233448,0.00938674807548523,TimeXer,0.04157542064785957,0.0
791,TimeXer,0.04056951403617859,PatchTST,0.051889460533857346,0.011319946497678757,TimeXer,0.04056951403617859,0.0
792,TimeXer,0.039512600749731064,PatchTST,0.05218057706952095,0.012667976319789886,TimeXer,0.039512600749731064,0.0
793,TimeXer,0.039312850683927536,TiDE,0.0531381256878376,0.013825275003910065,TimeXer,0.039312850683927536,0.0
794,TimeXer,0.038244813680648804,TiDE,0.05357097461819649,0.015326160937547684,TimeXer,0.038244813680648804,0.0
795,TimeXer,0.04015422239899635,TiDE,0.05518332123756409,0.015029098838567734,TimeXer,0.04015422239899635,0.0
796,TimeXer,0.04053528234362602,TiDE,0.0533180832862854,0.012782800942659378,TimeXer,0.04053528234362602,0.0
797,TimeXer,0.04581555724143982,TiDE,0.056459445506334305,0.010643888264894485,TimeXer,0.04581555724143982,0.0
798,TimeXer,0.048188939690589905,TiDE,0.056459199637174606,0.008270259946584702,TimeXer,0.048188939690589905,0.0
799,TimeXer,0.04298483952879906,PatchTST,0.05478349328041077,0.01179865375161171,TimeXer,0.04298483952879906,0.0
800,TimeXer,0.04442645236849785,PatchTST,0.05589784309267998,0.011471390724182129,TimeXer,0.04442645236849785,0.0
801,TimeXer,0.047357987612485886,TiDE,0.05886897072196007,0.011510983109474182,TimeXer,0.047357987612485886,0.0
802,TimeXer,0.04414278268814087,TiDE,0.058546025305986404,0.014403242617845535,TimeXer,0.04414278268814087,0.0
803,TimeXer,0.0485946424305439,TiDE,0.06088635325431824,0.012291710823774338,TimeXer,0.0485946424305439,0.0
804,TimeXer,0.04729139804840088,TiDE,0.05887003242969513,0.01157863438129425,TimeXer,0.04729139804840088,0.0
805,TimeXer,0.045714035630226135,TiDE,0.060964424163103104,0.015250388532876968,TimeXer,0.045714035630226135,0.0
806,TimeXer,0.04841608181595802,TiDE,0.06650855392217636,0.018092472106218338,TimeXer,0.04841608181595802,0.0
807,TimeXer,0.046337828040122986,PatchTST,0.06648964434862137,0.020151816308498383,TimeXer,0.046337828040122986,0.0
808,TimeXer,0.044057250022888184,PatchTST,0.06195266917347908,0.017895419150590897,TimeXer,0.044057250022888184,0.0
809,TimeXer,0.04360990598797798,PatchTST,0.06216147541999817,0.018551569432020187,TimeXer,0.04360990598797798,0.0
810,TimeXer,0.04243951663374901,TiDE,0.06776047497987747,0.025320958346128464,TimeXer,0.04243951663374901,0.0
811,TimeXer,0.042482227087020874,TiDE,0.06263548135757446,0.02015325427055359,TimeXer,0.042482227087020874,0.0
812,TimeXer,0.041887182742357254,TiDE,0.05885562673211098,0.016968443989753723,TimeXer,0.041887182742357254,0.0
813,TimeXer,0.037260085344314575,TiDE,0.05655917525291443,0.019299089908599854,TimeXer,0.037260085344314575,0.0
814,TimeXer,0.03288758918642998,TiDE,0.055292338132858276,0.0224047489464283,TimeXer,0.03288758918642998,0.0
815,TimeXer,0.031066996976733208,PatchTST,0.05255470797419548,0.021487710997462273,TimeXer,0.031066996976733208,0.0
816,TimeXer,0.030504673719406128,PatchTST,0.0505746565759182,0.02006998285651207,TimeXer,0.030504673719406128,0.0
817,TimeXer,0.030997222289443016,TiDE,0.050352055579423904,0.01935483328998089,TimeXer,0.030997222289443016,0.0
818,TimeXer,0.03089689277112484,TiDE,0.049509573727846146,0.018612680956721306,TimeXer,0.03089689277112484,0.0
819,TimeXer,0.03148595243692398,TiDE,0.04703959822654724,0.01555364578962326,TimeXer,0.03148595243692398,0.0
820,TimeXer,0.03143370524048805,TiDE,0.045750003308057785,0.014316298067569733,TimeXer,0.03143370524048805,0.0
821,TimeXer,0.03225185349583626,PatchTST,0.04481494054198265,0.012563087046146393,TimeXer,0.03225185349583626,0.0
822,TimeXer,0.03391742333769798,PatchTST,0.039329711347818375,0.005412288010120392,TimeXer,0.03391742333769798,0.0
823,TimeXer,0.0356907844543457,PatchTST,0.03804482892155647,0.0023540444672107697,TimeXer,0.0356907844543457,0.0
824,TimeXer,0.03598505258560181,PatchTST,0.038932982832193375,0.002947930246591568,TimeXer,0.03598505258560181,0.0
825,TimeXer,0.03578530624508858,PatchTST,0.04049757868051529,0.004712272435426712,TimeXer,0.03578530624508858,0.0
826,TimeXer,0.03627746179699898,TiDE,0.04195645451545715,0.005678992718458176,TimeXer,0.03627746179699898,0.0
827,TimeXer,0.03573707863688469,TiDE,0.042289331555366516,0.006552252918481827,TimeXer,0.03573707863688469,0.0
828,TimeXer,0.03521037474274635,PatchTST,0.04124470427632332,0.006034329533576965,TimeXer,0.03521037474274635,0.0
829,TimeXer,0.03449229896068573,PatchTST,0.03987835720181465,0.0053860582411289215,TimeXer,0.03449229896068573,0.0
830,TimeXer,0.03150470182299614,PatchTST,0.03848796710371971,0.006983265280723572,TimeXer,0.03150470182299614,0.0
831,TimeXer,0.0306114312261343,PatchTST,0.038392867892980576,0.007781436666846275,TimeXer,0.0306114312261343,0.0
832,TimeXer,0.029867148026823997,PatchTST,0.03912645950913429,0.009259311482310295,TimeXer,0.029867148026823997,0.0
833,TimeXer,0.02923595905303955,PatchTST,0.04159873351454735,0.012362774461507797,TimeXer,0.02923595905303955,0.0
834,TimeXer,0.02800995670258999,PatchTST,0.04681035876274109,0.0188004020601511,TimeXer,0.02800995670258999,0.0
835,TimeXer,0.027512704953551292,TiDE,0.047451723366975784,0.019939018413424492,TimeXer,0.027512704953551292,0.0
836,TimeXer,0.026875926181674004,PatchTST,0.04766395688056946,0.020788030698895454,TimeXer,0.026875926181674004,0.0
837,TimeXer,0.02591429091989994,PatchTST,0.04503878578543663,0.01912449486553669,TimeXer,0.02591429091989994,0.0
838,TimeXer,0.02578076161444187,PatchTST,0.04294061288237572,0.017159851267933846,TimeXer,0.02578076161444187,0.0
839,TimeXer,0.02643316425383091,PatchTST,0.0430121012032032,0.01657893694937229,TimeXer,0.02643316425383091,0.0
840,TimeXer,0.026790307834744453,PatchTST,0.045280199497938156,0.018489891663193703,TimeXer,0.026790307834744453,0.0
841,TimeXer,0.027736982330679893,PatchTST,0.0516853928565979,0.023948410525918007,TimeXer,0.027736982330679893,0.0
842,TimeXer,0.030620040372014046,TiDE,0.05669166520237923,0.02607162483036518,TimeXer,0.030620040372014046,0.0
843,TimeXer,0.03338347747921944,TiDE,0.05990053713321686,0.02651705965399742,TimeXer,0.03338347747921944,0.0
844,TimeXer,0.03392387181520462,PatchTST,0.06066806614398956,0.026744194328784943,TimeXer,0.03392387181520462,0.0
845,TimeXer,0.03513080254197121,PatchTST,0.05513596534729004,0.020005162805318832,TimeXer,0.03513080254197121,0.0
846,TimeXer,0.0320570282638073,PatchTST,0.05163818597793579,0.019581157714128494,TimeXer,0.0320570282638073,0.0
847,TimeXer,0.032653145492076874,PatchTST,0.050682421773672104,0.01802927628159523,TimeXer,0.032653145492076874,0.0
848,TimeXer,0.0321485809981823,PatchTST,0.05422310158610344,0.022074520587921143,TimeXer,0.0321485809981823,0.0
849,TimeXer,0.02751857601106167,PatchTST,0.05949745699763298,0.03197888284921646,TimeXer,0.02751857601106167,0.0
850,TimeXer,0.02730672061443329,PatchTST,0.06451699882745743,0.03721027821302414,TimeXer,0.02730672061443329,0.0
851,TimeXer,0.027365267276763916,PatchTST,0.06432866305112839,0.03696339577436447,TimeXer,0.027365267276763916,0.0
852,TimeXer,0.029966847971081734,PatchTST,0.06437933444976807,0.03441248834133148,TimeXer,0.029966847971081734,0.0
853,TimeXer,0.03035995364189148,PatchTST,0.061966102570295334,0.031606148928403854,TimeXer,0.03035995364189148,0.0
854,TimeXer,0.030550425872206688,PatchTST,0.05570552125573158,0.025155095383524895,TimeXer,0.030550425872206688,0.0
855,TimeXer,0.0334785133600235,PatchTST,0.05221555754542351,0.01873704418540001,TimeXer,0.0334785133600235,0.0
856,TimeXer,0.03742622211575508,PatchTST,0.051312800496816635,0.013886578381061554,TimeXer,0.03742622211575508,0.0
857,TimeXer,0.04213275387883186,PatchTST,0.05439355969429016,0.012260805815458298,TimeXer,0.04213275387883186,0.0
858,TimeXer,0.04909719154238701,PatchTST,0.057576775550842285,0.008479584008455276,TimeXer,0.04909719154238701,0.0
859,TimeXer,0.04269016906619072,PatchTST,0.05397610738873482,0.011285938322544098,TimeXer,0.04269016906619072,0.0
860,TimeXer,0.047502551227808,PatchTST,0.05066512152552605,0.003162570297718048,TimeXer,0.047502551227808,0.0
861,TimeXer,0.04513910412788391,PatchTST,0.048563238233327866,0.0034241341054439545,TimeXer,0.04513910412788391,0.0
862,TimeXer,0.04205441474914551,PatchTST,0.04745703935623169,0.005402624607086182,TimeXer,0.04205441474914551,0.0
863,TimeXer,0.03864116594195366,PatchTST,0.05000601336359978,0.011364847421646118,TimeXer,0.03864116594195366,0.0
864,TimeXer,0.03785228729248047,PatchTST,0.05365993455052376,0.01580764725804329,TimeXer,0.03785228729248047,0.0
865,TimeXer,0.03295896574854851,PatchTST,0.06166715547442436,0.028708189725875854,TimeXer,0.03295896574854851,0.0
866,TimeXer,0.03224443271756172,PatchTST,0.06693688780069351,0.03469245508313179,TimeXer,0.03224443271756172,0.0
867,TimeXer,0.03288612887263298,PatchTST,0.06855344772338867,0.03566731885075569,TimeXer,0.03288612887263298,0.0
868,TimeXer,0.036638036370277405,PatchTST,0.06663075089454651,0.029992714524269104,TimeXer,0.036638036370277405,0.0
869,TimeXer,0.03171273693442345,PatchTST,0.0456705279648304,0.013957791030406952,TimeXer,0.03171273693442345,0.0
870,TimeXer,0.030838144943118095,PatchTST,0.04444533586502075,0.013607190921902657,TimeXer,0.030838144943118095,0.0
871,TimeXer,0.031824320554733276,PatchTST,0.04513764753937721,0.013313326984643936,TimeXer,0.031824320554733276,0.0
872,TimeXer,0.03147630766034126,PatchTST,0.04630585014820099,0.014829542487859726,TimeXer,0.03147630766034126,0.0
873,TimeXer,0.03146297112107277,PatchTST,0.05127658322453499,0.01981361210346222,TimeXer,0.03146297112107277,0.0
874,TimeXer,0.030265064910054207,PatchTST,0.05468247830867767,0.024417413398623466,TimeXer,0.030265064910054207,0.0
875,TimeXer,0.03012228012084961,PatchTST,0.05372023582458496,0.02359795570373535,TimeXer,0.03012228012084961,0.0
876,TimeXer,0.02877538837492466,PatchTST,0.048302847892045975,0.019527459517121315,TimeXer,0.02877538837492466,0.0
877,TimeXer,0.024362504482269287,PatchTST,0.04238573834300041,0.018023233860731125,TimeXer,0.024362504482269287,0.0
878,TimeXer,0.021922217682003975,PatchTST,0.03273748978972435,0.010815272107720375,TimeXer,0.021922217682003975,0.0
879,TimeXer,0.02314540185034275,PatchTST,0.03154030814766884,0.008394906297326088,TimeXer,0.02314540185034275,0.0
880,TimeXer,0.022985568270087242,PatchTST,0.029993301257491112,0.00700773298740387,TimeXer,0.022985568270087242,0.0
881,TimeXer,0.022348398342728615,PatchTST,0.03209346532821655,0.009745066985487938,TimeXer,0.022348398342728615,0.0
882,TimeXer,0.02111450769007206,PatchTST,0.03064848482608795,0.009533977136015892,TimeXer,0.02111450769007206,0.0
883,TimeXer,0.01950850337743759,PatchTST,0.030109524726867676,0.010601021349430084,TimeXer,0.01950850337743759,0.0
884,TimeXer,0.01821340061724186,PatchTST,0.026446426287293434,0.008233025670051575,TimeXer,0.01821340061724186,0.0
885,TimeXer,0.018197085708379745,PatchTST,0.024331428110599518,0.006134342402219772,TimeXer,0.018197085708379745,0.0
886,TimeXer,0.0186050683259964,PatchTST,0.0218301173299551,0.003225049003958702,TimeXer,0.0186050683259964,0.0
887,TimeXer,0.0184426698833704,PatchTST,0.0202526543289423,0.0018099844455718994,TimeXer,0.0184426698833704,0.0
888,TimeXer,0.01764043979346752,PatchTST,0.019652314484119415,0.0020118746906518936,TimeXer,0.01764043979346752,0.0
889,TimeXer,0.017194747924804688,PatchTST,0.022510550916194916,0.005315802991390228,TimeXer,0.017194747924804688,0.0
890,TimeXer,0.01607794687151909,PatchTST,0.02367771603167057,0.007599769160151482,TimeXer,0.01607794687151909,0.0
891,TimeXer,0.014743770472705364,PatchTST,0.022402450442314148,0.007658679969608784,TimeXer,0.014743770472705364,0.0
892,TimeXer,0.012998121790587902,PatchTST,0.016072427853941917,0.0030743060633540154,TimeXer,0.012998121790587902,0.0
893,TimeXer,0.01184054184705019,PatchTST,0.015366259030997753,0.003525717183947563,TimeXer,0.01184054184705019,0.0
894,TimeXer,0.012899957597255707,PatchTST,0.01594255305826664,0.003042595461010933,TimeXer,0.012899957597255707,0.0
895,TimeXer,0.013930256478488445,PatchTST,0.01686708815395832,0.0029368316754698753,TimeXer,0.013930256478488445,0.0
896,TimeXer,0.015177366323769093,TiDE,0.018155774101614952,0.0029784077778458595,TimeXer,0.015177366323769093,0.0
897,TimeXer,0.016858858987689018,TiDE,0.01754225790500641,0.0006833989173173904,TimeXer,0.016858858987689018,0.0
898,TiDE,0.017071904614567757,TimeXer,0.02048727124929428,0.0034153666347265244,TimeXer,0.02048727124929428,0.0034153666347265244
899,TiDE,0.016526678577065468,TimeXer,0.019389493390917778,0.00286281481385231,TimeXer,0.019389493390917778,0.00286281481385231
900,TiDE,0.01582019403576851,TimeXer,0.01887865550816059,0.003058461472392082,TimeXer,0.01887865550816059,0.003058461472392082
901,TiDE,0.01550716906785965,PatchTST,0.020121097564697266,0.004613928496837616,TimeXer,0.020472627133131027,0.0049654580652713776
902,TiDE,0.01495180744677782,TimeXer,0.018987208604812622,0.0040354011580348015,TimeXer,0.018987208604812622,0.0040354011580348015
903,TiDE,0.0146859185770154,TimeXer,0.016702918335795403,0.0020169997587800026,TimeXer,0.016702918335795403,0.0020169997587800026
904,TiDE,0.014755587093532085,TimeXer,0.01722489297389984,0.002469305880367756,TimeXer,0.01722489297389984,0.002469305880367756
905,TiDE,0.015333722345530987,TimeXer,0.016927184537053108,0.0015934621915221214,TimeXer,0.016927184537053108,0.0015934621915221214
906,TiDE,0.015852386131882668,TimeXer,0.017430903390049934,0.0015785172581672668,TimeXer,0.017430903390049934,0.0015785172581672668
907,TiDE,0.016033219173550606,TimeXer,0.017850732430815697,0.001817513257265091,TimeXer,0.017850732430815697,0.001817513257265091
908,TiDE,0.01634259521961212,TimeXer,0.01834263652563095,0.0020000413060188293,TimeXer,0.01834263652563095,0.0020000413060188293
909,TiDE,0.01651998609304428,TimeXer,0.018309080973267555,0.0017890948802232742,TimeXer,0.018309080973267555,0.0017890948802232742
910,TiDE,0.016831424087285995,TimeXer,0.019156381487846375,0.002324957400560379,TimeXer,0.019156381487846375,0.002324957400560379
911,TiDE,0.016949793323874474,TimeXer,0.019930759444832802,0.0029809661209583282,TimeXer,0.019930759444832802,0.0029809661209583282
912,TiDE,0.01685953326523304,TimeXer,0.01947147585451603,0.0026119425892829895,TimeXer,0.01947147585451603,0.0026119425892829895
913,TiDE,0.017012454569339752,TimeXer,0.019358031451702118,0.0023455768823623657,TimeXer,0.019358031451702118,0.0023455768823623657
914,TiDE,0.01759733445942402,TimeXer,0.019821614027023315,0.0022242795675992966,TimeXer,0.019821614027023315,0.0022242795675992966
915,TimeXer,0.01764834113419056,TiDE,0.01781461201608181,0.0001662708818912506,TimeXer,0.01764834113419056,0.0
916,TimeXer,0.017616145312786102,TiDE,0.01845341920852661,0.000837273895740509,TimeXer,0.017616145312786102,0.0
917,TiDE,0.017625508829951286,TimeXer,0.01762576214969158,2.5331974029541016e-07,TimeXer,0.01762576214969158,2.5331974029541016e-07
918,TiDE,0.0173203032463789,TimeXer,0.018204936757683754,0.0008846335113048553,TimeXer,0.018204936757683754,0.0008846335113048553
919,TiDE,0.017352042719721794,TimeXer,0.017975928261876106,0.0006238855421543121,TimeXer,0.017975928261876106,0.0006238855421543121
920,TiDE,0.017803704366087914,TimeXer,0.017951788380742073,0.00014808401465415955,TimeXer,0.017951788380742073,0.00014808401465415955
921,TimeXer,0.01791187934577465,TiDE,0.018288778141140938,0.00037689879536628723,TimeXer,0.01791187934577465,0.0
922,TimeXer,0.0178447887301445,TiDE,0.01854085549712181,0.0006960667669773102,TimeXer,0.0178447887301445,0.0
923,TimeXer,0.01834082417190075,TiDE,0.01862134225666523,0.0002805180847644806,TimeXer,0.01834082417190075,0.0
924,TimeXer,0.01822686940431595,TiDE,0.019079089164733887,0.0008522197604179382,TimeXer,0.01822686940431595,0.0
925,TimeXer,0.017392897978425026,TiDE,0.01873372308909893,0.0013408251106739044,TimeXer,0.017392897978425026,0.0
926,TimeXer,0.01782788522541523,TiDE,0.018614280968904495,0.0007863957434892654,TimeXer,0.01782788522541523,0.0
927,TimeXer,0.018467282876372337,TiDE,0.01861785724759102,0.00015057437121868134,TimeXer,0.018467282876372337,0.0
928,TimeXer,0.01833842135965824,TiDE,0.019317755475640297,0.0009793341159820557,TimeXer,0.01833842135965824,0.0
929,TiDE,0.019262155517935753,TimeXer,0.020237257704138756,0.0009751021862030029,TimeXer,0.020237257704138756,0.0009751021862030029
930,TiDE,0.018802963197231293,TimeXer,0.02804943174123764,0.009246468544006348,TimeXer,0.02804943174123764,0.009246468544006348
931,TiDE,0.019074486568570137,PatchTST,0.028897324576973915,0.009822838008403778,TimeXer,0.03525160253047943,0.016177115961909294
932,TiDE,0.01926376484334469,PatchTST,0.027283789590001106,0.008020024746656418,TimeXer,0.038287680596113205,0.019023915752768517
933,TiDE,0.019531292840838432,PatchTST,0.029945945367217064,0.010414652526378632,TimeXer,0.04034829139709473,0.020816998556256294
934,TiDE,0.019332582131028175,PatchTST,0.026716778054833412,0.007384195923805237,TimeXer,0.039116524159908295,0.01978394202888012
935,TiDE,0.019030973315238953,PatchTST,0.025638015940785408,0.006607042625546455,TimeXer,0.03529497981071472,0.01626400649547577
936,TiDE,0.019137712195515633,PatchTST,0.028931966051459312,0.00979425385594368,TimeXer,0.03823269531130791,0.019094983115792274
937,TiDE,0.019172998145222664,PatchTST,0.02739446796476841,0.008221469819545746,TimeXer,0.03448845073580742,0.015315452590584755
938,TiDE,0.019077328965067863,PatchTST,0.02851356379687786,0.009436234831809998,TimeXer,0.0321296751499176,0.013052346184849739
939,TiDE,0.01920936442911625,PatchTST,0.02742842771112919,0.00821906328201294,TimeXer,0.030857441946864128,0.011648077517747879
940,TiDE,0.019538329914212227,PatchTST,0.02629653550684452,0.006758205592632294,TimeXer,0.030445238575339317,0.01090690866112709
941,TiDE,0.018931405618786812,TimeXer,0.027503574267029762,0.00857216864824295,TimeXer,0.027503574267029762,0.00857216864824295
942,TiDE,0.019151972606778145,TimeXer,0.030624588951468468,0.011472616344690323,TimeXer,0.030624588951468468,0.011472616344690323
943,TiDE,0.0192264411598444,TimeXer,0.026293739676475525,0.007067298516631126,TimeXer,0.026293739676475525,0.007067298516631126
944,TiDE,0.01866275817155838,TimeXer,0.024772919714450836,0.006110161542892456,TimeXer,0.024772919714450836,0.006110161542892456
945,TiDE,0.018167531117796898,TimeXer,0.025131618604063988,0.00696408748626709,TimeXer,0.025131618604063988,0.00696408748626709
946,TiDE,0.017222128808498383,TimeXer,0.024338603019714355,0.007116474211215973,TimeXer,0.024338603019714355,0.007116474211215973
947,TiDE,0.017459744587540627,TimeXer,0.027224048972129822,0.009764304384589195,TimeXer,0.027224048972129822,0.009764304384589195
948,TiDE,0.016504110768437386,PatchTST,0.028894245624542236,0.01239013485610485,TimeXer,0.02951022796332836,0.013006117194890976
949,TiDE,0.01577199436724186,TimeXer,0.027308078482747078,0.011536084115505219,TimeXer,0.027308078482747078,0.011536084115505219
950,TiDE,0.015434001572430134,TimeXer,0.02617405354976654,0.010740051977336407,TimeXer,0.02617405354976654,0.010740051977336407
951,TiDE,0.016128091141581535,TimeXer,0.02694752812385559,0.010819436982274055,TimeXer,0.02694752812385559,0.010819436982274055
952,TiDE,0.01611723192036152,TimeXer,0.02313718944787979,0.007019957527518272,TimeXer,0.02313718944787979,0.007019957527518272
953,TiDE,0.016023771837353706,TimeXer,0.022986238822340965,0.006962466984987259,TimeXer,0.022986238822340965,0.006962466984987259
954,TiDE,0.015781840309500694,TimeXer,0.02239067666232586,0.006608836352825165,TimeXer,0.02239067666232586,0.006608836352825165
955,TiDE,0.015451314859092236,TimeXer,0.01924426667392254,0.003792951814830303,TimeXer,0.01924426667392254,0.003792951814830303
956,TiDE,0.015199016779661179,TimeXer,0.017361365258693695,0.0021623484790325165,TimeXer,0.017361365258693695,0.0021623484790325165
957,TiDE,0.015000008046627045,TimeXer,0.016985343769192696,0.001985335722565651,TimeXer,0.016985343769192696,0.001985335722565651
958,TiDE,0.014892254956066608,TimeXer,0.015881391242146492,0.0009891362860798836,TimeXer,0.015881391242146492,0.0009891362860798836
959,TiDE,0.014886200428009033,TimeXer,0.01512868981808424,0.00024248939007520676,TimeXer,0.01512868981808424,0.00024248939007520676
960,TimeXer,0.014679224230349064,TiDE,0.01496066153049469,0.00028143730014562607,TimeXer,0.014679224230349064,0.0
961,TimeXer,0.014307704754173756,TiDE,0.01461109146475792,0.00030338671058416367,TimeXer,0.014307704754173756,0.0
962,TimeXer,0.014554895460605621,TiDE,0.0146926986053586,0.00013780314475297928,TimeXer,0.014554895460605621,0.0
963,TiDE,0.014455688185989857,TimeXer,0.01486042607575655,0.0004047378897666931,TimeXer,0.01486042607575655,0.0004047378897666931
964,TiDE,0.013449184596538544,TimeXer,0.014426124282181263,0.0009769396856427193,TimeXer,0.014426124282181263,0.0009769396856427193
965,TiDE,0.013651345856487751,TimeXer,0.014752975665032864,0.0011016298085451126,TimeXer,0.014752975665032864,0.0011016298085451126
966,TiDE,0.013169731013476849,PatchTST,0.015117454342544079,0.0019477233290672302,TimeXer,0.015468639321625233,0.002298908308148384
967,TiDE,0.013257533311843872,PatchTST,0.015162716619670391,0.001905183307826519,TimeXer,0.017404945567250252,0.00414741225540638
968,TiDE,0.013038297183811665,PatchTST,0.015555317513644695,0.0025170203298330307,TimeXer,0.015807712450623512,0.0027694152668118477
969,TiDE,0.01315083634108305,TimeXer,0.0153212184086442,0.0021703820675611496,TimeXer,0.0153212184086442,0.0021703820675611496
970,TiDE,0.013677195645868778,PatchTST,0.016443008556962013,0.002765812911093235,TimeXer,0.01700388826429844,0.003326692618429661
971,TiDE,0.01343392301350832,TimeXer,0.015702513977885246,0.0022685909643769264,TimeXer,0.015702513977885246,0.0022685909643769264
972,TiDE,0.013530510477721691,TimeXer,0.01359973382204771,6.922334432601929e-05,TimeXer,0.01359973382204771,6.922334432601929e-05
973,TiDE,0.013611678965389729,TimeXer,0.013722814619541168,0.00011113565415143967,TimeXer,0.013722814619541168,0.00011113565415143967
974,TimeXer,0.014048856683075428,TiDE,0.014168567955493927,0.00011971127241849899,TimeXer,0.014048856683075428,0.0
975,TimeXer,0.014449916779994965,TiDE,0.014929388649761677,0.0004794718697667122,TimeXer,0.014449916779994965,0.0
976,TimeXer,0.014677283354103565,TiDE,0.015190777368843555,0.0005134940147399902,TimeXer,0.014677283354103565,0.0
977,TimeXer,0.014773969538509846,TiDE,0.01593392714858055,0.0011599576100707054,TimeXer,0.014773969538509846,0.0
978,TimeXer,0.015571150928735733,TiDE,0.016177408397197723,0.0006062574684619904,TimeXer,0.015571150928735733,0.0
979,TimeXer,0.01584073342382908,TiDE,0.01584731601178646,6.582587957382202e-06,TimeXer,0.01584073342382908,0.0
980,TimeXer,0.015253067016601562,TiDE,0.015856297686696053,0.00060323067009449,TimeXer,0.015253067016601562,0.0
981,TimeXer,0.015439300797879696,TiDE,0.016099663451313972,0.0006603626534342766,TimeXer,0.015439300797879696,0.0
982,TimeXer,0.015939323231577873,TiDE,0.01679523102939129,0.0008559077978134155,TimeXer,0.015939323231577873,0.0
983,TimeXer,0.01691756397485733,TiDE,0.017903806641697884,0.0009862426668405533,TimeXer,0.01691756397485733,0.0
984,TiDE,0.016373777762055397,TimeXer,0.016424883157014847,5.110539495944977e-05,TimeXer,0.016424883157014847,5.110539495944977e-05
985,TimeXer,0.015870867297053337,TiDE,0.015877021476626396,6.154179573059082e-06,TimeXer,0.015870867297053337,0.0
986,TimeXer,0.015794070437550545,TiDE,0.016211234033107758,0.00041716359555721283,TimeXer,0.015794070437550545,0.0
987,TimeXer,0.015539895743131638,TiDE,0.017123503610491753,0.001583607867360115,TimeXer,0.015539895743131638,0.0
988,TimeXer,0.01580731011927128,TiDE,0.017860528081655502,0.002053217962384224,TimeXer,0.01580731011927128,0.0
989,TimeXer,0.015503856353461742,TiDE,0.018293345347046852,0.0027894889935851097,TimeXer,0.015503856353461742,0.0
990,TimeXer,0.016056640073657036,TiDE,0.019343657419085503,0.003287017345428467,TimeXer,0.016056640073657036,0.0
991,TimeXer,0.018056288361549377,TiDE,0.02185886539518833,0.003802577033638954,TimeXer,0.018056288361549377,0.0
992,TimeXer,0.017901159822940826,TiDE,0.021045789122581482,0.0031446292996406555,TimeXer,0.017901159822940826,0.0
993,TimeXer,0.01818556897342205,TiDE,0.020246556028723717,0.0020609870553016663,TimeXer,0.01818556897342205,0.0
994,TimeXer,0.019035225734114647,TiDE,0.02055577002465725,0.0015205442905426025,TimeXer,0.019035225734114647,0.0
995,TimeXer,0.018672529608011246,TiDE,0.02093234844505787,0.0022598188370466232,TimeXer,0.018672529608011246,0.0
996,TimeXer,0.01921457052230835,TiDE,0.021020999178290367,0.0018064286559820175,TimeXer,0.01921457052230835,0.0
997,TimeXer,0.019791003316640854,TiDE,0.02128198742866516,0.0014909841120243073,TimeXer,0.019791003316640854,0.0
998,TimeXer,0.020361678674817085,TiDE,0.021868517622351646,0.0015068389475345612,TimeXer,0.020361678674817085,0.0
999,TimeXer,0.020691383630037308,TiDE,0.021540524438023567,0.0008491408079862595,TimeXer,0.020691383630037308,0.0
1000,TimeXer,0.0209895521402359,TiDE,0.022047311067581177,0.0010577589273452759,TimeXer,0.0209895521402359,0.0
1001,TimeXer,0.02133164554834366,TiDE,0.022033385932445526,0.0007017403841018677,TimeXer,0.02133164554834366,0.0
1002,TimeXer,0.022050337865948677,TiDE,0.02223690040409565,0.00018656253814697266,TimeXer,0.022050337865948677,0.0
1003,TimeXer,0.02185674011707306,TiDE,0.022137274965643883,0.00028053484857082367,TimeXer,0.02185674011707306,0.0
1004,TimeXer,0.021006427705287933,TiDE,0.02177043817937374,0.0007640104740858078,TimeXer,0.021006427705287933,0.0
1005,TimeXer,0.02263343334197998,TiDE,0.02358768880367279,0.0009542554616928101,TimeXer,0.02263343334197998,0.0
1006,TimeXer,0.01909206621348858,TiDE,0.021010300144553185,0.0019182339310646057,TimeXer,0.01909206621348858,0.0
1007,TimeXer,0.01900646835565567,TiDE,0.019924094900488853,0.0009176265448331833,TimeXer,0.01900646835565567,0.0
1008,TimeXer,0.01950608752667904,TiDE,0.01975436694920063,0.0002482794225215912,TimeXer,0.01950608752667904,0.0
1009,TiDE,0.01992413029074669,PatchTST,0.02071872167289257,0.0007945913821458817,TimeXer,0.021864622831344604,0.0019404925405979156
1010,TiDE,0.020403573289513588,TimeXer,0.021324364468455315,0.0009207911789417267,TimeXer,0.021324364468455315,0.0009207911789417267
1011,TiDE,0.02037990279495716,TimeXer,0.021912461146712303,0.0015325583517551422,TimeXer,0.021912461146712303,0.0015325583517551422
1012,TiDE,0.0218197088688612,TimeXer,0.02182023786008358,5.289912223815918e-07,TimeXer,0.02182023786008358,5.289912223815918e-07
1013,TiDE,0.021575750783085823,TimeXer,0.022137731313705444,0.0005619805306196213,TimeXer,0.022137731313705444,0.0005619805306196213
1014,PatchTST,0.02192244865000248,TiDE,0.02202884666621685,0.00010639801621437073,TimeXer,0.023585915565490723,0.001663466915488243
1015,PatchTST,0.020905211567878723,TiDE,0.021659910678863525,0.0007546991109848022,TimeXer,0.024537362158298492,0.0036321505904197693
1016,PatchTST,0.02111576497554779,TiDE,0.02249104343354702,0.0013752784579992294,TimeXer,0.02478017471730709,0.0036644097417593002
1017,PatchTST,0.022204993292689323,TiDE,0.022907473146915436,0.0007024798542261124,TimeXer,0.023861505091190338,0.0016565117985010147
1018,TiDE,0.022878101095557213,PatchTST,0.022961756214499474,8.365511894226074e-05,TimeXer,0.02476697973906994,0.0018888786435127258
1019,TimeXer,0.0226292684674263,TiDE,0.022843195125460625,0.00021392665803432465,TimeXer,0.0226292684674263,0.0
1020,TimeXer,0.02222263254225254,TiDE,0.023727072402834892,0.0015044398605823517,TimeXer,0.02222263254225254,0.0
1021,TimeXer,0.022866247221827507,TiDE,0.023928530514240265,0.0010622832924127579,TimeXer,0.022866247221827507,0.0
1022,TimeXer,0.023861214518547058,TiDE,0.024690255522727966,0.0008290410041809082,TimeXer,0.023861214518547058,0.0
1023,TimeXer,0.023860136047005653,TiDE,0.024997854605317116,0.0011377185583114624,TimeXer,0.023860136047005653,0.0
1024,TimeXer,0.02436951734125614,TiDE,0.025458887219429016,0.0010893698781728745,TimeXer,0.02436951734125614,0.0
1025,TimeXer,0.02489934302866459,TiDE,0.026894420385360718,0.001995077356696129,TimeXer,0.02489934302866459,0.0
1026,TimeXer,0.025227120146155357,TiDE,0.027165913954377174,0.001938793808221817,TimeXer,0.025227120146155357,0.0
1027,TimeXer,0.025133123621344566,TiDE,0.028016917407512665,0.0028837937861680984,TimeXer,0.025133123621344566,0.0
1028,TimeXer,0.025379976257681847,TiDE,0.028817394748330116,0.0034374184906482697,TimeXer,0.025379976257681847,0.0
1029,TimeXer,0.026331141591072083,PatchTST,0.027980752289295197,0.001649610698223114,TimeXer,0.026331141591072083,0.0
1030,TimeXer,0.025827735662460327,PatchTST,0.027990825474262238,0.0021630898118019104,TimeXer,0.025827735662460327,0.0
1031,TimeXer,0.026672177016735077,PatchTST,0.029457971453666687,0.00278579443693161,TimeXer,0.026672177016735077,0.0
1032,TimeXer,0.027072375640273094,PatchTST,0.030168654397130013,0.0030962787568569183,TimeXer,0.027072375640273094,0.0
1033,TimeXer,0.02752448059618473,TiDE,0.032130856066942215,0.0046063754707574844,TimeXer,0.02752448059618473,0.0
1034,TimeXer,0.028408482670783997,TiDE,0.0319887213408947,0.0035802386701107025,TimeXer,0.028408482670783997,0.0
1035,TimeXer,0.029595298692584038,TiDE,0.03358873352408409,0.003993434831500053,TimeXer,0.029595298692584038,0.0
1036,TimeXer,0.03064512461423874,PatchTST,0.03436325863003731,0.0037181340157985687,TimeXer,0.03064512461423874,0.0
1037,TimeXer,0.03388010337948799,PatchTST,0.034980062395334244,0.0010999590158462524,TimeXer,0.03388010337948799,0.0
1038,PatchTST,0.035832565277814865,TimeXer,0.03717955946922302,0.0013469941914081573,TimeXer,0.03717955946922302,0.0013469941914081573
1039,TimeXer,0.03537305071949959,PatchTST,0.03823425620794296,0.0028612054884433746,TimeXer,0.03537305071949959,0.0
1040,TimeXer,0.03408597782254219,PatchTST,0.03997185453772545,0.005885876715183258,TimeXer,0.03408597782254219,0.0
1041,TimeXer,0.034405939280986786,TiDE,0.04105706512928009,0.0066511258482933044,TimeXer,0.034405939280986786,0.0
1042,TimeXer,0.033787328749895096,TiDE,0.041422318667173386,0.00763498991727829,TimeXer,0.033787328749895096,0.0
1043,TimeXer,0.03427371755242348,TiDE,0.041339725255966187,0.007066007703542709,TimeXer,0.03427371755242348,0.0
1044,TimeXer,0.03488564118742943,TiDE,0.04219995066523552,0.007314309477806091,TimeXer,0.03488564118742943,0.0
1045,TimeXer,0.0343940444290638,PatchTST,0.04349571093916893,0.009101666510105133,TimeXer,0.0343940444290638,0.0
1046,TimeXer,0.035586509853601456,PatchTST,0.042747676372528076,0.0071611665189266205,TimeXer,0.035586509853601456,0.0
1047,TimeXer,0.036482375115156174,PatchTST,0.041182760149240494,0.00470038503408432,TimeXer,0.036482375115156174,0.0
1048,TimeXer,0.0360126793384552,PatchTST,0.04329131916165352,0.0072786398231983185,TimeXer,0.0360126793384552,0.0
1049,TimeXer,0.036615584045648575,PatchTST,0.045963484793901443,0.009347900748252869,TimeXer,0.036615584045648575,0.0
1050,TimeXer,0.03782341256737709,PatchTST,0.04793311655521393,0.010109703987836838,TimeXer,0.03782341256737709,0.0
1051,TimeXer,0.0398193821310997,PatchTST,0.04907785356044769,0.009258471429347992,TimeXer,0.0398193821310997,0.0
1052,TimeXer,0.0405920036137104,PatchTST,0.04928232356905937,0.008690319955348969,TimeXer,0.0405920036137104,0.0
1053,TimeXer,0.042809873819351196,PatchTST,0.051481712609529495,0.008671838790178299,TimeXer,0.042809873819351196,0.0
1054,TimeXer,0.046174969524145126,PatchTST,0.05231711268424988,0.006142143160104752,TimeXer,0.046174969524145126,0.0
1055,TimeXer,0.043989215046167374,PatchTST,0.05222810432314873,0.008238889276981354,TimeXer,0.043989215046167374,0.0
1056,TimeXer,0.04202095791697502,PatchTST,0.055473003536462784,0.013452045619487762,TimeXer,0.04202095791697502,0.0
1057,TimeXer,0.03920375183224678,TiDE,0.05761178210377693,0.01840803027153015,TimeXer,0.03920375183224678,0.0
1058,TimeXer,0.03936926648020744,TiDE,0.05714118480682373,0.017771918326616287,TimeXer,0.03936926648020744,0.0
1059,TimeXer,0.039998698979616165,TiDE,0.05754614248871803,0.017547443509101868,TimeXer,0.039998698979616165,0.0
1060,TimeXer,0.041583139449357986,TiDE,0.05766097083687782,0.016077831387519836,TimeXer,0.041583139449357986,0.0
1061,TimeXer,0.04396076872944832,TiDE,0.05802817642688751,0.014067407697439194,TimeXer,0.04396076872944832,0.0
1062,TimeXer,0.047340359538793564,TiDE,0.057700514793395996,0.010360155254602432,TimeXer,0.047340359538793564,0.0
1063,TimeXer,0.048510175198316574,TiDE,0.05887698009610176,0.010366804897785187,TimeXer,0.048510175198316574,0.0
1064,TimeXer,0.046703487634658813,TiDE,0.06063378229737282,0.013930294662714005,TimeXer,0.046703487634658813,0.0
1065,TimeXer,0.05044345557689667,TiDE,0.06243562325835228,0.011992167681455612,TimeXer,0.05044345557689667,0.0
1066,TimeXer,0.0544276088476181,TiDE,0.06527399271726608,0.01084638386964798,TimeXer,0.0544276088476181,0.0
1067,TimeXer,0.06128007546067238,TiDE,0.06758469343185425,0.0063046179711818695,TimeXer,0.06128007546067238,0.0
1068,TimeXer,0.053581658750772476,TiDE,0.06430547684431076,0.010723818093538284,TimeXer,0.053581658750772476,0.0
1069,TimeXer,0.055940624326467514,TiDE,0.06404602527618408,0.008105400949716568,TimeXer,0.055940624326467514,0.0
1070,TimeXer,0.05536432936787605,TiDE,0.06168022379279137,0.006315894424915314,TimeXer,0.05536432936787605,0.0
1071,TimeXer,0.05290698632597923,TiDE,0.06150031089782715,0.008593324571847916,TimeXer,0.05290698632597923,0.0
1072,TimeXer,0.049786895513534546,TiDE,0.06287520378828049,0.013088308274745941,TimeXer,0.049786895513534546,0.0
1073,TimeXer,0.04480169713497162,TiDE,0.06276676058769226,0.017965063452720642,TimeXer,0.04480169713497162,0.0
1074,TimeXer,0.04427871108055115,TiDE,0.0609489269554615,0.016670215874910355,TimeXer,0.04427871108055115,0.0
1075,TimeXer,0.0432165302336216,TiDE,0.06098423898220062,0.017767708748579025,TimeXer,0.0432165302336216,0.0
1076,TimeXer,0.045542847365140915,TiDE,0.061319608241319656,0.01577676087617874,TimeXer,0.045542847365140915,0.0
1077,TimeXer,0.04910675808787346,TiDE,0.061297569423913956,0.012190811336040497,TimeXer,0.04910675808787346,0.0
1078,TimeXer,0.050545211881399155,TiDE,0.06248516961932182,0.011939957737922668,TimeXer,0.050545211881399155,0.0
1079,TimeXer,0.04747872054576874,PatchTST,0.05908002331852913,0.011601302772760391,TimeXer,0.04747872054576874,0.0
1080,TimeXer,0.04671929404139519,PatchTST,0.056614186614751816,0.009894892573356628,TimeXer,0.04671929404139519,0.0
1081,TimeXer,0.04492771998047829,PatchTST,0.05884861573576927,0.013920895755290985,TimeXer,0.04492771998047829,0.0
1082,TimeXer,0.04395831748843193,TiDE,0.058994244784116745,0.015035927295684814,TimeXer,0.04395831748843193,0.0
1083,TimeXer,0.044215232133865356,TiDE,0.05654456838965416,0.012329336255788803,TimeXer,0.044215232133865356,0.0
1084,TimeXer,0.040367864072322845,TiDE,0.05316271260380745,0.012794848531484604,TimeXer,0.040367864072322845,0.0
1085,TimeXer,0.03852953389286995,TiDE,0.048765476793050766,0.010235942900180817,TimeXer,0.03852953389286995,0.0
1086,TimeXer,0.03719983994960785,PatchTST,0.04349924996495247,0.00629941001534462,TimeXer,0.03719983994960785,0.0
1087,TimeXer,0.03796480968594551,PatchTST,0.040243033319711685,0.0022782236337661743,TimeXer,0.03796480968594551,0.0
1088,TimeXer,0.03873075172305107,PatchTST,0.040135957300662994,0.0014052055776119232,TimeXer,0.03873075172305107,0.0
1089,TiDE,0.04087245836853981,PatchTST,0.04115000739693642,0.00027754902839660645,TimeXer,0.04328418895602226,0.0024117305874824524
1090,TiDE,0.04053250327706337,PatchTST,0.04079718887805939,0.00026468560099601746,TimeXer,0.04295136407017708,0.0024188607931137085
1091,TimeXer,0.037470702081918716,PatchTST,0.040617167949676514,0.0031464658677577972,TimeXer,0.037470702081918716,0.0
1092,TimeXer,0.03684435784816742,PatchTST,0.03978407755494118,0.002939719706773758,TimeXer,0.03684435784816742,0.0
1093,TimeXer,0.038812946528196335,PatchTST,0.03898371383547783,0.00017076730728149414,TimeXer,0.038812946528196335,0.0
1094,TimeXer,0.037004973739385605,TiDE,0.0412505678832531,0.004245594143867493,TimeXer,0.037004973739385605,0.0
1095,PatchTST,0.036858584731817245,TimeXer,0.03692634031176567,6.775557994842529e-05,TimeXer,0.03692634031176567,6.775557994842529e-05
1096,PatchTST,0.035664912313222885,TimeXer,0.036387939006090164,0.000723026692867279,TimeXer,0.036387939006090164,0.000723026692867279
1097,TimeXer,0.035848572850227356,PatchTST,0.036001455038785934,0.0001528821885585785,TimeXer,0.035848572850227356,0.0
1098,TimeXer,0.03551209345459938,PatchTST,0.03694203868508339,0.0014299452304840088,TimeXer,0.03551209345459938,0.0
1099,TimeXer,0.03554542735219002,PatchTST,0.038204871118068695,0.0026594437658786774,TimeXer,0.03554542735219002,0.0
1100,TimeXer,0.03518377244472504,TiDE,0.038765862584114075,0.003582090139389038,TimeXer,0.03518377244472504,0.0
1101,TimeXer,0.035504814237356186,TiDE,0.03827306255698204,0.0027682483196258545,TimeXer,0.035504814237356186,0.0
1102,TimeXer,0.03496478497982025,TiDE,0.03774062916636467,0.0027758441865444183,TimeXer,0.03496478497982025,0.0
1103,TimeXer,0.03529726341366768,PatchTST,0.03694679215550423,0.0016495287418365479,TimeXer,0.03529726341366768,0.0
1104,TimeXer,0.03622692450881004,PatchTST,0.036391861736774445,0.00016493722796440125,TimeXer,0.03622692450881004,0.0
1105,PatchTST,0.03616715595126152,TimeXer,0.03637130185961723,0.0002041459083557129,TimeXer,0.03637130185961723,0.0002041459083557129
1106,TimeXer,0.03582049161195755,PatchTST,0.036088522523641586,0.00026803091168403625,TimeXer,0.03582049161195755,0.0
1107,TimeXer,0.035409700125455856,PatchTST,0.03656863421201706,0.001158934086561203,TimeXer,0.035409700125455856,0.0
1108,TimeXer,0.035466160625219345,PatchTST,0.037241481244564056,0.0017753206193447113,TimeXer,0.035466160625219345,0.0
1109,TimeXer,0.03613683953881264,PatchTST,0.037275757640600204,0.0011389181017875671,TimeXer,0.03613683953881264,0.0
1110,PatchTST,0.036131396889686584,TimeXer,0.03628823161125183,0.00015683472156524658,TimeXer,0.03628823161125183,0.00015683472156524658
1111,PatchTST,0.03461044654250145,TimeXer,0.03468936309218407,7.891654968261719e-05,TimeXer,0.03468936309218407,7.891654968261719e-05
1112,PatchTST,0.03468955308198929,TimeXer,0.03479381278157234,0.00010425969958305359,TimeXer,0.03479381278157234,0.00010425969958305359
1113,PatchTST,0.034207653254270554,TimeXer,0.03508814051747322,0.0008804872632026672,TimeXer,0.03508814051747322,0.0008804872632026672
1114,TimeXer,0.03309297561645508,PatchTST,0.03406313806772232,0.0009701624512672424,TimeXer,0.03309297561645508,0.0
1115,TimeXer,0.03316088020801544,PatchTST,0.03505990654230118,0.001899026334285736,TimeXer,0.03316088020801544,0.0
1116,TimeXer,0.03256538137793541,PatchTST,0.03606496378779411,0.0034995824098587036,TimeXer,0.03256538137793541,0.0
1117,TimeXer,0.03152092173695564,PatchTST,0.03659919649362564,0.005078274756669998,TimeXer,0.03152092173695564,0.0
1118,TimeXer,0.031004318967461586,PatchTST,0.036214131861925125,0.005209812894463539,TimeXer,0.031004318967461586,0.0
1119,TimeXer,0.030656784772872925,PatchTST,0.036239609122276306,0.005582824349403381,TimeXer,0.030656784772872925,0.0
1120,TimeXer,0.03077702224254608,PatchTST,0.035767000168561935,0.004989977926015854,TimeXer,0.03077702224254608,0.0
1121,TimeXer,0.030659934505820274,PatchTST,0.03501342236995697,0.004353487864136696,TimeXer,0.030659934505820274,0.0
1122,TimeXer,0.03049617074429989,PatchTST,0.036181677132844925,0.005685506388545036,TimeXer,0.03049617074429989,0.0
1123,TimeXer,0.031075751408934593,PatchTST,0.03797924146056175,0.006903490051627159,TimeXer,0.031075751408934593,0.0
1124,TimeXer,0.031307194381952286,PatchTST,0.04060816019773483,0.009300965815782547,TimeXer,0.031307194381952286,0.0
1125,TimeXer,0.031526993960142136,PatchTST,0.04113953933119774,0.009612545371055603,TimeXer,0.031526993960142136,0.0
1126,TimeXer,0.03150956705212593,PatchTST,0.041063155978918076,0.009553588926792145,TimeXer,0.03150956705212593,0.0
1127,TimeXer,0.031702980399131775,PatchTST,0.04083699733018875,0.009134016931056976,TimeXer,0.031702980399131775,0.0
1128,TimeXer,0.031123057007789612,PatchTST,0.04215483367443085,0.011031776666641235,TimeXer,0.031123057007789612,0.0
1129,TimeXer,0.030383668839931488,PatchTST,0.041830744594335556,0.011447075754404068,TimeXer,0.030383668839931488,0.0
1130,TimeXer,0.030628038570284843,PatchTST,0.04363206401467323,0.01300402544438839,TimeXer,0.030628038570284843,0.0
1131,TimeXer,0.030843036249279976,PatchTST,0.042643021792173386,0.01179998554289341,TimeXer,0.030843036249279976,0.0
1132,TimeXer,0.031630147248506546,PatchTST,0.044370364397764206,0.01274021714925766,TimeXer,0.031630147248506546,0.0
1133,TimeXer,0.032533902674913406,PatchTST,0.044122811406850815,0.011588908731937408,TimeXer,0.032533902674913406,0.0
1134,TimeXer,0.032113149762153625,PatchTST,0.040664032101631165,0.008550882339477539,TimeXer,0.032113149762153625,0.0
1135,TimeXer,0.02904149889945984,PatchTST,0.04095597565174103,0.011914476752281189,TimeXer,0.02904149889945984,0.0
1136,TimeXer,0.02813287265598774,PatchTST,0.040902066975831985,0.012769194319844246,TimeXer,0.02813287265598774,0.0
1137,TimeXer,0.028588568791747093,PatchTST,0.04430170729756355,0.01571313850581646,TimeXer,0.028588568791747093,0.0
1138,TimeXer,0.029132984578609467,PatchTST,0.049651965498924255,0.02051898092031479,TimeXer,0.029132984578609467,0.0
1139,TimeXer,0.029439233243465424,PatchTST,0.050140131264925,0.02070089802145958,TimeXer,0.029439233243465424,0.0
1140,TimeXer,0.029828203842043877,PatchTST,0.04987240210175514,0.020044198259711266,TimeXer,0.029828203842043877,0.0
1141,TimeXer,0.02964910864830017,PatchTST,0.05146341398358345,0.02181430533528328,TimeXer,0.02964910864830017,0.0
1142,TimeXer,0.030383020639419556,PatchTST,0.050511062145233154,0.0201280415058136,TimeXer,0.030383020639419556,0.0
1143,TimeXer,0.02999655343592167,PatchTST,0.05086541175842285,0.020868858322501183,TimeXer,0.02999655343592167,0.0
1144,TimeXer,0.029370635747909546,TiDE,0.05162934586405754,0.022258710116147995,TimeXer,0.029370635747909546,0.0
1145,TimeXer,0.031578462570905685,TiDE,0.05075053498148918,0.019172072410583496,TimeXer,0.031578462570905685,0.0
1146,TimeXer,0.03483719751238823,TiDE,0.05270396173000336,0.017866764217615128,TimeXer,0.03483719751238823,0.0
1147,TimeXer,0.038268353790044785,PatchTST,0.053569238632917404,0.01530088484287262,TimeXer,0.038268353790044785,0.0
1148,TimeXer,0.04139511659741402,PatchTST,0.05179912969470024,0.010404013097286224,TimeXer,0.04139511659741402,0.0
1149,TimeXer,0.04017674922943115,PatchTST,0.05088977888226509,0.010713029652833939,TimeXer,0.04017674922943115,0.0
1150,TimeXer,0.03696880117058754,PatchTST,0.05204625427722931,0.01507745310664177,TimeXer,0.03696880117058754,0.0
1151,TimeXer,0.03248421847820282,TiDE,0.05317397788167,0.02068975940346718,TimeXer,0.03248421847820282,0.0
1152,TimeXer,0.03116934560239315,TiDE,0.05353248491883278,0.02236313931643963,TimeXer,0.03116934560239315,0.0
1153,TimeXer,0.03322286158800125,TiDE,0.054095879197120667,0.020873017609119415,TimeXer,0.03322286158800125,0.0
1154,TimeXer,0.03417833149433136,TiDE,0.055336352437734604,0.021158020943403244,TimeXer,0.03417833149433136,0.0
1155,TimeXer,0.036180537194013596,TiDE,0.055852871388196945,0.01967233419418335,TimeXer,0.036180537194013596,0.0
1156,TimeXer,0.039413902908563614,TiDE,0.05697125196456909,0.017557349056005478,TimeXer,0.039413902908563614,0.0
1157,TimeXer,0.04268605634570122,PatchTST,0.0581883080303669,0.01550225168466568,TimeXer,0.04268605634570122,0.0
1158,TimeXer,0.042000073939561844,PatchTST,0.06040520966053009,0.018405135720968246,TimeXer,0.042000073939561844,0.0
1159,TimeXer,0.04234926775097847,TiDE,0.06175388768315315,0.019404619932174683,TimeXer,0.04234926775097847,0.0
1160,TimeXer,0.04009881615638733,TiDE,0.060684531927108765,0.020585715770721436,TimeXer,0.04009881615638733,0.0
1161,TimeXer,0.04104595258831978,PatchTST,0.06250954419374466,0.02146359160542488,TimeXer,0.04104595258831978,0.0
1162,TimeXer,0.041810497641563416,PatchTST,0.060884956270456314,0.0190744586288929,TimeXer,0.041810497641563416,0.0
1163,TimeXer,0.049111608415842056,PatchTST,0.0625820904970169,0.01347048208117485,TimeXer,0.049111608415842056,0.0
1164,TimeXer,0.05449206009507179,PatchTST,0.0631793662905693,0.008687306195497513,TimeXer,0.05449206009507179,0.0
1165,TimeXer,0.0475076325237751,PatchTST,0.059116482734680176,0.011608850210905075,TimeXer,0.0475076325237751,0.0
1166,TimeXer,0.04151855781674385,PatchTST,0.06390992552042007,0.022391367703676224,TimeXer,0.04151855781674385,0.0
1167,TimeXer,0.03439736366271973,PatchTST,0.06341154873371124,0.029014185070991516,TimeXer,0.03439736366271973,0.0
1168,TimeXer,0.03352862969040871,PatchTST,0.06392280012369156,0.030394170433282852,TimeXer,0.03352862969040871,0.0
1169,TimeXer,0.03444204479455948,PatchTST,0.06694435328245163,0.03250230848789215,TimeXer,0.03444204479455948,0.0
1170,TimeXer,0.03252239152789116,PatchTST,0.06708484143018723,0.034562449902296066,TimeXer,0.03252239152789116,0.0
1171,TimeXer,0.032899655401706696,PatchTST,0.0684436708688736,0.0355440154671669,TimeXer,0.032899655401706696,0.0
1172,TimeXer,0.03440123423933983,PatchTST,0.06929709762334824,0.03489586338400841,TimeXer,0.03440123423933983,0.0
1173,TimeXer,0.033250655978918076,PatchTST,0.06499078124761581,0.03174012526869774,TimeXer,0.033250655978918076,0.0
1174,TimeXer,0.031818728893995285,PatchTST,0.06395600736141205,0.03213727846741676,TimeXer,0.031818728893995285,0.0
1175,TimeXer,0.03226684406399727,TiDE,0.06864038854837418,0.03637354448437691,TimeXer,0.03226684406399727,0.0
1176,TimeXer,0.03435149043798447,TiDE,0.06824149936437607,0.0338900089263916,TimeXer,0.03435149043798447,0.0
1177,TimeXer,0.034960925579071045,TiDE,0.06674300879240036,0.031782083213329315,TimeXer,0.034960925579071045,0.0
1178,TimeXer,0.030186811462044716,PatchTST,0.06184300407767296,0.03165619075298309,TimeXer,0.030186811462044716,0.0
1179,TimeXer,0.025372257456183434,PatchTST,0.047352373600006104,0.02198011614382267,TimeXer,0.025372257456183434,0.0
1180,TimeXer,0.023738272488117218,PatchTST,0.0401994027197361,0.01646113023161888,TimeXer,0.023738272488117218,0.0
1181,TimeXer,0.02237536944448948,PatchTST,0.03569112718105316,0.013315757736563683,TimeXer,0.02237536944448948,0.0
1182,TimeXer,0.02298453450202942,PatchTST,0.03630134090781212,0.0133168064057827,TimeXer,0.02298453450202942,0.0
1183,TimeXer,0.022558098658919334,PatchTST,0.03564498946070671,0.013086890801787376,TimeXer,0.022558098658919334,0.0
1184,TimeXer,0.02218169905245304,PatchTST,0.03262804076075554,0.010446341708302498,TimeXer,0.02218169905245304,0.0
1185,TimeXer,0.022121012210845947,PatchTST,0.027494071051478386,0.005373058840632439,TimeXer,0.022121012210845947,0.0
1186,TimeXer,0.022706029936671257,PatchTST,0.02380063571035862,0.0010946057736873627,TimeXer,0.022706029936671257,0.0
1187,TimeXer,0.021904191002249718,PatchTST,0.022886188700795174,0.000981997698545456,TimeXer,0.021904191002249718,0.0
1188,TimeXer,0.0207768976688385,PatchTST,0.02243856154382229,0.0016616638749837875,TimeXer,0.0207768976688385,0.0
1189,PatchTST,0.0195853840559721,TimeXer,0.021213628351688385,0.0016282442957162857,TimeXer,0.021213628351688385,0.0016282442957162857
1190,PatchTST,0.021083267405629158,TimeXer,0.02265981398522854,0.0015765465795993805,TimeXer,0.02265981398522854,0.0015765465795993805
1191,PatchTST,0.02063075453042984,TimeXer,0.022384552285075188,0.0017537977546453476,TimeXer,0.022384552285075188,0.0017537977546453476
1192,PatchTST,0.019351249560713768,TimeXer,0.02105955220758915,0.0017083026468753815,TimeXer,0.02105955220758915,0.0017083026468753815
1193,PatchTST,0.019013024866580963,TimeXer,0.02092491090297699,0.0019118860363960266,TimeXer,0.02092491090297699,0.0019118860363960266
1194,PatchTST,0.01882677897810936,TimeXer,0.0225087758153677,0.003681996837258339,TimeXer,0.0225087758153677,0.003681996837258339
1195,PatchTST,0.017960932105779648,TimeXer,0.023760780692100525,0.005799848586320877,TimeXer,0.023760780692100525,0.005799848586320877
1196,PatchTST,0.016909509897232056,TiDE,0.025710461661219597,0.008800951763987541,TimeXer,0.025999223813414574,0.009089713916182518
1197,PatchTST,0.016969600692391396,TiDE,0.024337224662303925,0.007367623969912529,TimeXer,0.025709524750709534,0.008739924058318138
1198,PatchTST,0.016903214156627655,TiDE,0.023469334468245506,0.006566120311617851,TimeXer,0.026370808482170105,0.00946759432554245
1199,PatchTST,0.017525365576148033,TiDE,0.02316305972635746,0.005637694150209427,TimeXer,0.027453994378447533,0.0099286288022995
1200,PatchTST,0.01772652007639408,TiDE,0.022858114913105965,0.0051315948367118835,TimeXer,0.025988265872001648,0.008261745795607567
1201,PatchTST,0.0179950762540102,TiDE,0.022531764581799507,0.004536688327789307,TimeXer,0.02594703994691372,0.007951963692903519
1202,PatchTST,0.01683071441948414,TiDE,0.022779544815421104,0.005948830395936966,TimeXer,0.026266368106007576,0.009435653686523438
1203,PatchTST,0.017099596560001373,TiDE,0.02306586503982544,0.005966268479824066,TimeXer,0.025107374414801598,0.008007777854800224
1204,PatchTST,0.016233835369348526,TimeXer,0.02232315205037594,0.006089316681027412,TimeXer,0.02232315205037594,0.006089316681027412
1205,PatchTST,0.017416605725884438,TimeXer,0.021960889920592308,0.0045442841947078705,TimeXer,0.021960889920592308,0.0045442841947078705
1206,PatchTST,0.01754685677587986,TimeXer,0.021343549713492393,0.0037966929376125336,TimeXer,0.021343549713492393,0.0037966929376125336
1207,PatchTST,0.015726817771792412,TiDE,0.022061927244067192,0.00633510947227478,TimeXer,0.025106942281126976,0.009380124509334564
1208,PatchTST,0.015026737935841084,TiDE,0.022598976269364357,0.0075722383335232735,TimeXer,0.025454433634877205,0.010427695699036121
1209,PatchTST,0.013221241533756256,TiDE,0.021350888535380363,0.008129647001624107,TimeXer,0.022676801308989525,0.009455559775233269
1210,PatchTST,0.012356538325548172,TiDE,0.020630372688174248,0.008273834362626076,TimeXer,0.02408897876739502,0.011732440441846848
1211,PatchTST,0.012199143879115582,TiDE,0.019965313374996185,0.007766169495880604,TimeXer,0.020703598856925964,0.008504454977810383
1212,PatchTST,0.012686416506767273,TiDE,0.019342495128512383,0.0066560786217451096,TimeXer,0.019768236204981804,0.007081819698214531
1213,PatchTST,0.01422854233533144,TimeXer,0.018958399072289467,0.004729856736958027,TimeXer,0.018958399072289467,0.004729856736958027
1214,PatchTST,0.016504429280757904,TimeXer,0.01868523843586445,0.0021808091551065445,TimeXer,0.01868523843586445,0.0021808091551065445
1215,PatchTST,0.016538670286536217,TiDE,0.020190095528960228,0.0036514252424240112,TimeXer,0.02108822762966156,0.004549557343125343
1216,PatchTST,0.016310380771756172,TiDE,0.02035965956747532,0.004049278795719147,TimeXer,0.021521911025047302,0.00521153025329113
1217,PatchTST,0.0162761639803648,TiDE,0.02148606814444065,0.0052099041640758514,TimeXer,0.022218981757760048,0.005942817777395248
1218,PatchTST,0.01580149494111538,TiDE,0.022234639152884483,0.006433144211769104,TimeXer,0.028015241026878357,0.012213746085762978
1219,PatchTST,0.01556379348039627,TiDE,0.02299393154680729,0.007430138066411018,TimeXer,0.026325201615691185,0.010761408135294914
1220,PatchTST,0.01759732887148857,TiDE,0.023322483524680138,0.0057251546531915665,TimeXer,0.02734065055847168,0.009743321686983109
1221,PatchTST,0.019443823024630547,TiDE,0.02270439825952053,0.003260575234889984,TimeXer,0.02713806740939617,0.007694244384765625
1222,PatchTST,0.021275794133543968,TiDE,0.023232921957969666,0.0019571278244256973,TimeXer,0.024179061874747276,0.002903267741203308
1223,TimeXer,0.020223991945385933,PatchTST,0.023510172963142395,0.003286181017756462,TimeXer,0.020223991945385933,0.0
1224,TimeXer,0.017201365903019905,DLinear,0.023580029606819153,0.006378663703799248,TimeXer,0.017201365903019905,0.0
1225,TimeXer,0.014311589300632477,DLinear,0.021077362820506096,0.006765773519873619,TimeXer,0.014311589300632477,0.0
1226,TimeXer,0.0178110059350729,DLinear,0.018811091780662537,0.0010000858455896378,TimeXer,0.0178110059350729,0.0
1227,TimeXer,0.017306238412857056,DLinear,0.018287695944309235,0.000981457531452179,TimeXer,0.017306238412857056,0.0
1228,DLinear,0.017685038968920708,TimeXer,0.02002895064651966,0.0023439116775989532,TimeXer,0.02002895064651966,0.0023439116775989532
1229,DLinear,0.015835605561733246,TimeXer,0.023961598053574562,0.008125992491841316,TimeXer,0.023961598053574562,0.008125992491841316
1230,DLinear,0.014932006597518921,TimeXer,0.0279455054551363,0.013013498857617378,TimeXer,0.0279455054551363,0.013013498857617378
1231,DLinear,0.014930513687431812,TiDE,0.037160474807024,0.022229962050914764,TimeXer,0.03895631060004234,0.024025797843933105
1232,DLinear,0.014176973141729832,TiDE,0.036804091185331345,0.022627118974924088,TimeXer,0.037493351846933365,0.023316379636526108
1233,DLinear,0.014311756938695908,TiDE,0.036302123218774796,0.021990366280078888,TimeXer,0.041865020990371704,0.027553264051675797
1234,DLinear,0.013890164904296398,TiDE,0.03751230612397194,0.023622140288352966,TimeXer,0.04602654650807381,0.032136380672454834
1235,DLinear,0.012547306716442108,TimeXer,0.03517341986298561,0.022626113146543503,TimeXer,0.03517341986298561,0.022626113146543503
1236,DLinear,0.011854498647153378,TimeXer,0.0320945680141449,0.020240068435668945,TimeXer,0.0320945680141449,0.020240068435668945
1237,DLinear,0.011200450360774994,TimeXer,0.02800551801919937,0.016805067658424377,TimeXer,0.02800551801919937,0.016805067658424377
1238,DLinear,0.010783200152218342,TimeXer,0.030931128188967705,0.02014792710542679,TimeXer,0.030931128188967705,0.02014792710542679
1239,DLinear,0.011064600199460983,TimeXer,0.032599691301584244,0.02153509110212326,TimeXer,0.032599691301584244,0.02153509110212326
1240,DLinear,0.01059394795447588,TimeXer,0.032124076038599014,0.02153012901544571,TimeXer,0.032124076038599014,0.02153012901544571
1241,DLinear,0.010097462683916092,TimeXer,0.027688665315508842,0.01759120263159275,TimeXer,0.027688665315508842,0.01759120263159275
1242,DLinear,0.009752689860761166,TimeXer,0.03363091126084328,0.023878220468759537,TimeXer,0.03363091126084328,0.023878220468759537
1243,DLinear,0.010032246820628643,TimeXer,0.04115016758441925,0.031117919832468033,TimeXer,0.04115016758441925,0.031117919832468033
1244,DLinear,0.00966713111847639,TimeXer,0.05176151171326637,0.04209437966346741,TimeXer,0.05176151171326637,0.04209437966346741
1245,DLinear,0.009517048485577106,TimeXer,0.05475689470767975,0.04523984715342522,TimeXer,0.05475689470767975,0.04523984715342522
1246,DLinear,0.010413986630737782,TiDE,0.05424169823527336,0.043827712535858154,TimeXer,0.0652981549501419,0.0548841692507267
1247,DLinear,0.010594461113214493,TiDE,0.05115707218647003,0.04056261107325554,TimeXer,0.06272304058074951,0.05212857946753502
1248,DLinear,0.010260923765599728,TimeXer,0.044083837419748306,0.033822912722826004,TimeXer,0.044083837419748306,0.033822912722826004
1249,DLinear,0.010236982256174088,TimeXer,0.04827328398823738,0.03803630173206329,TimeXer,0.04827328398823738,0.03803630173206329
1250,DLinear,0.010480820201337337,TimeXer,0.04378444328904152,0.03330362215638161,TimeXer,0.04378444328904152,0.03330362215638161
1251,DLinear,0.010428613983094692,TimeXer,0.03546855226159096,0.02503993734717369,TimeXer,0.03546855226159096,0.02503993734717369
1252,DLinear,0.010441823862493038,TimeXer,0.0350630097091198,0.024621184915304184,TimeXer,0.0350630097091198,0.024621184915304184
1253,DLinear,0.01068879198282957,TimeXer,0.032930124551057816,0.02224133163690567,TimeXer,0.032930124551057816,0.02224133163690567
1254,DLinear,0.009979008696973324,TimeXer,0.02844763733446598,0.01846862956881523,TimeXer,0.02844763733446598,0.01846862956881523
1255,DLinear,0.0100391311571002,TimeXer,0.031098822131752968,0.021059691905975342,TimeXer,0.031098822131752968,0.021059691905975342
1256,DLinear,0.010715587995946407,TimeXer,0.028136899694800377,0.017421312630176544,TimeXer,0.028136899694800377,0.017421312630176544
1257,DLinear,0.011193727143108845,TimeXer,0.026468999683856964,0.01527527254074812,TimeXer,0.026468999683856964,0.01527527254074812
1258,DLinear,0.011132977902889252,TimeXer,0.03492305800318718,0.023790080100297928,TimeXer,0.03492305800318718,0.023790080100297928
1259,DLinear,0.010850894264876842,TimeXer,0.037188757210969925,0.026337862014770508,TimeXer,0.037188757210969925,0.026337862014770508
1260,DLinear,0.010557743720710278,TimeXer,0.04153694584965706,0.030979201197624207,TimeXer,0.04153694584965706,0.030979201197624207
1261,DLinear,0.009646371938288212,TimeXer,0.04788269102573395,0.03823632001876831,TimeXer,0.04788269102573395,0.03823632001876831
1262,DLinear,0.009184765629470348,TiDE,0.056855734437704086,0.04767096787691116,TimeXer,0.06367861479520798,0.054493848234415054
1263,DLinear,0.010207285173237324,TiDE,0.061536576598882675,0.051329292356967926,TimeXer,0.08295352756977081,0.07274623960256577
1264,DLinear,0.010490834712982178,TiDE,0.0655749961733818,0.05508416146039963,TimeXer,0.10260331630706787,0.0921124815940857
1265,DLinear,0.010540187358856201,TiDE,0.06612315028905869,0.055582962930202484,TimeXer,0.12143772840499878,0.11089754104614258
1266,DLinear,0.010474453680217266,TiDE,0.07340055704116821,0.06292610615491867,TimeXer,0.15362997353076935,0.1431555151939392
1267,DLinear,0.01061366219073534,TiDE,0.07577864080667496,0.0651649758219719,TimeXer,0.15844906866550446,0.1478354036808014
1268,DLinear,0.010933282785117626,TiDE,0.0763549655675888,0.0654216855764389,TimeXer,0.15900538861751556,0.14807210862636566
1269,DLinear,0.0103702861815691,TiDE,0.08108885586261749,0.07071857154369354,TimeXer,0.16025985777378082,0.14988957345485687
1270,DLinear,0.010846192948520184,TiDE,0.08229409158229828,0.07144790142774582,TimeXer,0.1466732770204544,0.13582707941532135
1271,DLinear,0.011321437545120716,TiDE,0.08162423223257065,0.07030279189348221,TimeXer,0.14592328667640686,0.13460184633731842
1272,DLinear,0.011349421925842762,TiDE,0.081898994743824,0.07054957002401352,TimeXer,0.14324361085891724,0.13189418613910675
1273,DLinear,0.011300396174192429,TiDE,0.08287999033927917,0.07157959043979645,TimeXer,0.14272135496139526,0.13142095506191254
1274,DLinear,0.012123487889766693,TiDE,0.08505751937627792,0.07293403148651123,TimeXer,0.14661085605621338,0.1344873607158661
1275,DLinear,0.011896382085978985,TiDE,0.08045481890439987,0.06855843961238861,TimeXer,0.13135820627212524,0.11946182698011398
1276,DLinear,0.012232106178998947,TiDE,0.0798008143901825,0.06756870448589325,TimeXer,0.11695566028356552,0.10472355782985687
1277,DLinear,0.011938144452869892,TiDE,0.07779260724782944,0.06585446000099182,TimeXer,0.11636660248041153,0.10442845523357391
1278,DLinear,0.012058117426931858,TiDE,0.07844755053520203,0.06638943403959274,TimeXer,0.12276500463485718,0.1107068881392479
1279,DLinear,0.012092001736164093,TiDE,0.07437492161989212,0.06228291988372803,TimeXer,0.12998056411743164,0.11788856238126755
1280,DLinear,0.012157601304352283,TiDE,0.07760017365217209,0.06544256955385208,TimeXer,0.1318153440952301,0.1196577399969101
1281,DLinear,0.013020571321249008,TiDE,0.07534732669591904,0.06232675537467003,TimeXer,0.12717993557453156,0.11415936052799225
1282,DLinear,0.014084531925618649,TiDE,0.07306312024593353,0.05897858738899231,TimeXer,0.13132081925868988,0.11723628640174866
1283,DLinear,0.014968201518058777,TiDE,0.07375242561101913,0.05878422409296036,TimeXer,0.1279308944940567,0.11296269297599792
1284,DLinear,0.015194229781627655,TiDE,0.06970134377479553,0.05450711399316788,TimeXer,0.12559515237808228,0.11040092259645462
1285,DLinear,0.016139386221766472,TiDE,0.06880107522010803,0.05266168713569641,TimeXer,0.1212804988026619,0.10514111071825027
1286,DLinear,0.016521437093615532,TiDE,0.07037187367677689,0.053850434720516205,TimeXer,0.11236730962991714,0.09584587067365646
1287,DLinear,0.017244325950741768,TiDE,0.07232784479856491,0.05508352071046829,TimeXer,0.11234906315803528,0.09510473906993866
1288,DLinear,0.017478065565228462,TiDE,0.0700751319527626,0.05259706825017929,TimeXer,0.11208071559667587,0.09460265189409256
1289,DLinear,0.017722873017191887,TiDE,0.06993868947029114,0.0522158145904541,TimeXer,0.10984053462743759,0.09211765974760056
1290,DLinear,0.017495449632406235,TiDE,0.06802547723054886,0.050530027598142624,TimeXer,0.10940742492675781,0.09191197156906128
1291,DLinear,0.01769067533314228,TiDE,0.07163610309362411,0.053945429623126984,TimeXer,0.11154266446828842,0.09385199099779129
1292,DLinear,0.01775187812745571,TiDE,0.07524488121271133,0.057493001222610474,TimeXer,0.11376633495092392,0.09601445496082306
1293,DLinear,0.017913026735186577,TiDE,0.07476265728473663,0.05684962868690491,TimeXer,0.116615891456604,0.09870286285877228
1294,DLinear,0.018321210518479347,TiDE,0.07306873053312302,0.05474752187728882,TimeXer,0.11437515169382095,0.09605394303798676
1295,DLinear,0.018115239217877388,TiDE,0.07389385253190994,0.055778615176677704,TimeXer,0.1187661662697792,0.10065092891454697
1296,DLinear,0.017986463382840157,TiDE,0.07375580072402954,0.055769339203834534,TimeXer,0.1094236746430397,0.0914372131228447
1297,DLinear,0.01795402728021145,TiDE,0.07694834470748901,0.058994315564632416,TimeXer,0.12260878086090088,0.10465475171804428
1298,DLinear,0.018415391445159912,TiDE,0.07590416073799133,0.05748876929283142,TimeXer,0.11422989517450333,0.09581450372934341
1299,DLinear,0.01801282912492752,TiDE,0.07866319268941879,0.06065036356449127,TimeXer,0.12486571818590164,0.10685288906097412
1300,DLinear,0.018110303208231926,TiDE,0.07725748419761658,0.0591471791267395,TimeXer,0.1223498210310936,0.10423951596021652
1301,DLinear,0.018588727340102196,TiDE,0.07823316752910614,0.059644438326358795,TimeXer,0.12164521217346191,0.10305648297071457
1302,DLinear,0.01777164824306965,TiDE,0.08065611869096756,0.06288447231054306,TimeXer,0.11128228902816772,0.09351064264774323
1303,DLinear,0.01777382753789425,TiDE,0.0815109834074974,0.06373715400695801,TimeXer,0.11562296003103256,0.09784913063049316
1304,DLinear,0.017384445294737816,TiDE,0.08557635545730591,0.06819190829992294,TimeXer,0.12387293577194214,0.10648848861455917
1305,DLinear,0.01794312335550785,TiDE,0.08897636085748672,0.07103323936462402,TimeXer,0.13457819819450378,0.11663507670164108
1306,DLinear,0.018169449642300606,TiDE,0.08913451433181763,0.07096506655216217,TimeXer,0.13642291724681854,0.11825346946716309
1307,DLinear,0.01782780885696411,TiDE,0.08200895041227341,0.0641811415553093,TimeXer,0.1177733764052391,0.099945567548275
1308,DLinear,0.01745869405567646,TiDE,0.07084977626800537,0.05339108407497406,TimeXer,0.09963230043649673,0.08217360824346542
1309,DLinear,0.018549447879195213,TiDE,0.07476366311311722,0.056214213371276855,TimeXer,0.10421618819236755,0.08566673845052719
1310,DLinear,0.017347805202007294,TiDE,0.06531282514333725,0.047965019941329956,TimeXer,0.09450075030326843,0.07715294510126114
1311,DLinear,0.016869479790329933,TiDE,0.06019190326333046,0.04332242161035538,TimeXer,0.08695320039987564,0.07008372247219086
1312,DLinear,0.016804933547973633,TiDE,0.06187572702765465,0.045070793479681015,TimeXer,0.07976943999528885,0.06296450644731522
1313,DLinear,0.01651831902563572,TiDE,0.06241869926452637,0.0459003821015358,TimeXer,0.07604505866765976,0.05952674150466919
1314,DLinear,0.016080066561698914,TiDE,0.0631345808506012,0.04705451428890228,TimeXer,0.07423099130392075,0.05815092474222183
1315,DLinear,0.01611402817070484,TiDE,0.06269370764493942,0.04657968133687973,TimeXer,0.08551234006881714,0.06939831376075745
1316,DLinear,0.01598540134727955,TiDE,0.06518884003162384,0.04920344054698944,TimeXer,0.09280026704072952,0.07681486755609512
1317,DLinear,0.01592145301401615,TiDE,0.06589525938034058,0.049973808228969574,TimeXer,0.09224223345518112,0.07632078230381012
1318,DLinear,0.015924900770187378,TiDE,0.06893561780452728,0.053010717034339905,TimeXer,0.08751799911260605,0.07159309834241867
1319,DLinear,0.015625284984707832,TiDE,0.06452649086713791,0.048901207745075226,TimeXer,0.08281257003545761,0.06718728691339493
1320,DLinear,0.015583236701786518,TiDE,0.06405586749315262,0.048472631722688675,TimeXer,0.07752645015716553,0.061943214386701584
1321,DLinear,0.015884535387158394,TiDE,0.062240421772003174,0.04635588824748993,TimeXer,0.0767650231719017,0.06088048964738846
1322,DLinear,0.016291780397295952,PatchTST,0.06005929782986641,0.04376751929521561,TimeXer,0.07966647297143936,0.06337469071149826
1323,DLinear,0.016564665362238884,TiDE,0.06384669989347458,0.047282032668590546,TimeXer,0.08921518176794052,0.07265051454305649
1324,DLinear,0.016812371090054512,TiDE,0.0657067820429802,0.04889441281557083,TimeXer,0.09356290847063065,0.07675053924322128
1325,DLinear,0.01731001026928425,TiDE,0.060769349336624146,0.043459340929985046,TimeXer,0.08284953981637955,0.06553953140974045
1326,DLinear,0.01745680905878544,PatchTST,0.0554865337908268,0.03802972286939621,TimeXer,0.07439471036195755,0.05693790316581726
1327,DLinear,0.017926016822457314,PatchTST,0.050801586359739304,0.03287556767463684,TimeXer,0.080936960875988,0.06301094591617584
1328,DLinear,0.018408115953207016,PatchTST,0.047122806310653687,0.02871469035744667,TimeXer,0.0774615928530693,0.05905347689986229
1329,DLinear,0.019173024222254753,PatchTST,0.04679872468113899,0.02762570045888424,TimeXer,0.08101680129766464,0.06184377521276474
1330,DLinear,0.019484659656882286,PatchTST,0.04596881940960884,0.026484159752726555,TimeXer,0.08544623851776123,0.0659615769982338
1331,DLinear,0.02027801424264908,PatchTST,0.05149039626121521,0.03121238201856613,TimeXer,0.08674827963113785,0.06647026538848877
1332,DLinear,0.020870620384812355,TiDE,0.050979603081941605,0.03010898269712925,TimeXer,0.08295480161905289,0.06208418309688568
1333,DLinear,0.021382609382271767,PatchTST,0.04896427318453789,0.02758166380226612,TimeXer,0.08360763639211655,0.06222502887248993
1334,DLinear,0.020916566252708435,PatchTST,0.04286687448620796,0.021950308233499527,TimeXer,0.07927681505680084,0.05836024880409241
1335,DLinear,0.021319502964615822,PatchTST,0.03946102410554886,0.018141521140933037,TimeXer,0.0694868192076683,0.04816731810569763
1336,DLinear,0.021299326792359352,TiDE,0.0376867912709713,0.016387464478611946,TimeXer,0.06527896970510483,0.043979644775390625
1337,DLinear,0.021003713831305504,TiDE,0.03742982819676399,0.01642611436545849,TimeXer,0.06253445893526077,0.04153074324131012
1338,DLinear,0.021296322345733643,PatchTST,0.03404157981276512,0.012745257467031479,TimeXer,0.05638199672102928,0.03508567437529564
1339,DLinear,0.021411359310150146,PatchTST,0.03563641011714935,0.014225050806999207,TimeXer,0.0469336211681366,0.02552226185798645
1340,DLinear,0.022002490237355232,TiDE,0.03238886594772339,0.010386375710368156,TimeXer,0.04701268672943115,0.02501019649207592
1341,DLinear,0.02207648754119873,TiDE,0.03203040733933449,0.009953919798135757,TimeXer,0.041848618537187576,0.019772130995988846
1342,DLinear,0.02358151413500309,PatchTST,0.02881467156112194,0.005233157426118851,TimeXer,0.04217948392033577,0.01859796978533268
1343,DLinear,0.023856589570641518,TiDE,0.028971174731850624,0.0051145851612091064,TimeXer,0.042746901512145996,0.01889031194150448
1344,DLinear,0.023915663361549377,TiDE,0.02812284789979458,0.004207184538245201,TimeXer,0.04116431251168251,0.017248649150133133
1345,DLinear,0.024340765550732613,PatchTST,0.027967652305960655,0.0036268867552280426,TimeXer,0.040873248130083084,0.01653248257935047
1346,DLinear,0.025642096996307373,PatchTST,0.025901926681399345,0.00025982968509197235,TimeXer,0.04354856535792351,0.017906468361616135
1347,PatchTST,0.02590528130531311,DLinear,0.026455596089363098,0.0005503147840499878,TimeXer,0.038239654153585434,0.012334372848272324
1348,TiDE,0.02593630738556385,PatchTST,0.026591740548610687,0.0006554331630468369,TimeXer,0.03635025396943092,0.010413946583867073
1349,PatchTST,0.026359206065535545,TiDE,0.02645505964756012,9.585358202457428e-05,TimeXer,0.03441806510090828,0.008058859035372734
1350,PatchTST,0.028209837153553963,TiDE,0.02858193777501583,0.0003721006214618683,TimeXer,0.040588147938251495,0.012378310784697533
1351,DLinear,0.029226461425423622,TiDE,0.030447980388998985,0.0012215189635753632,TimeXer,0.05057557299733162,0.021349111571907997
1352,TiDE,0.027088075876235962,PatchTST,0.028498386964201927,0.0014103110879659653,TimeXer,0.04793364927172661,0.020845573395490646
1353,TiDE,0.028281450271606445,PatchTST,0.03105846978724003,0.002777019515633583,TimeXer,0.04728830233216286,0.019006852060556412
1354,TiDE,0.026681244373321533,PatchTST,0.027227817103266716,0.0005465727299451828,TimeXer,0.04512360692024231,0.018442362546920776
1355,TiDE,0.0302268173545599,PatchTST,0.03212926909327507,0.0019024517387151718,TimeXer,0.046262193471193314,0.016035376116633415
1356,PatchTST,0.03152964636683464,TiDE,0.03174811974167824,0.0002184733748435974,TimeXer,0.045872341841459274,0.014342695474624634
1357,PatchTST,0.031887736171483994,TiDE,0.0328548289835453,0.0009670928120613098,TimeXer,0.04536840319633484,0.013480667024850845
1358,PatchTST,0.027202511206269264,TiDE,0.031568046659231186,0.004365535452961922,TimeXer,0.047935109585523605,0.02073259837925434
1359,PatchTST,0.02787611074745655,TiDE,0.031261976808309555,0.0033858660608530045,TimeXer,0.0454644076526165,0.01758829690515995
1360,PatchTST,0.027844399213790894,TiDE,0.029260436072945595,0.0014160368591547012,TimeXer,0.044442299753427505,0.016597900539636612
1361,PatchTST,0.026981880888342857,TiDE,0.027946503832936287,0.0009646229445934296,TimeXer,0.042013924568891525,0.015032043680548668
1362,TiDE,0.026062414050102234,PatchTST,0.02661697007715702,0.0005545560270547867,TimeXer,0.03895334526896477,0.012890931218862534
1363,PatchTST,0.025733381509780884,TiDE,0.02625066600739956,0.0005172844976186752,TimeXer,0.036901168525218964,0.01116778701543808
1364,PatchTST,0.027126243337988853,TiDE,0.02718452177941799,5.8278441429138184e-05,TimeXer,0.03795206546783447,0.01082582212984562
1365,PatchTST,0.026135137304663658,TiDE,0.026746118441224098,0.0006109811365604401,TimeXer,0.03456125035881996,0.008426113054156303
1366,PatchTST,0.024013670161366463,TiDE,0.025530114769935608,0.0015164446085691452,TimeXer,0.03513980284333229,0.011126132681965828
1367,PatchTST,0.02427920699119568,TiDE,0.02555488981306553,0.0012756828218698502,TimeXer,0.0354577861726284,0.011178579181432724
1368,PatchTST,0.023486614227294922,TiDE,0.02435932494699955,0.000872710719704628,TimeXer,0.03465736284852028,0.011170748621225357
1369,PatchTST,0.023350968956947327,TiDE,0.02452789805829525,0.0011769291013479233,TimeXer,0.03382785618305206,0.010476887226104736
1370,PatchTST,0.023357508704066277,TiDE,0.024456797167658806,0.0010992884635925293,TimeXer,0.03268684074282646,0.009329332038760185
1371,PatchTST,0.022951506078243256,TiDE,0.024600034579634666,0.0016485285013914108,TimeXer,0.03231087327003479,0.009359367191791534
1372,TiDE,0.024449920281767845,PatchTST,0.024789197370409966,0.00033927708864212036,TimeXer,0.03544503450393677,0.010995114222168922
1373,PatchTST,0.022234028205275536,TiDE,0.023694926872849464,0.0014608986675739288,TimeXer,0.03239956125617027,0.010165533050894737
1374,PatchTST,0.021390685811638832,TiDE,0.022762591019272804,0.0013719052076339722,TimeXer,0.03178977966308594,0.010399093851447105
1375,PatchTST,0.022015459835529327,TiDE,0.02268977463245392,0.0006743147969245911,TimeXer,0.0323975645005703,0.01038210466504097
1376,PatchTST,0.021618308499455452,TiDE,0.022238031029701233,0.0006197225302457809,TimeXer,0.031376682221889496,0.009758373722434044
1377,PatchTST,0.02173466421663761,TiDE,0.021899813786149025,0.00016514956951141357,TimeXer,0.030971502885222435,0.009236838668584824
1378,PatchTST,0.022218413650989532,TiDE,0.02315203845500946,0.000933624804019928,TimeXer,0.031834352761507034,0.009615939110517502
1379,PatchTST,0.022893046960234642,TiDE,0.024571290239691734,0.0016782432794570923,TimeXer,0.03160501644015312,0.00871196947991848
1380,PatchTST,0.022542176768183708,TiDE,0.024084744974970818,0.0015425682067871094,TimeXer,0.03171973302960396,0.00917755626142025
1381,PatchTST,0.02293640933930874,TiDE,0.02565065585076809,0.0027142465114593506,TimeXer,0.032787926495075226,0.009851517155766487
1382,PatchTST,0.02135012112557888,TiDE,0.025280052796006203,0.003929931670427322,TimeXer,0.033366989344358444,0.012016868218779564
1383,PatchTST,0.02203025482594967,TiDE,0.02411561645567417,0.0020853616297245026,TimeXer,0.036998849362134933,0.014968594536185265
1384,PatchTST,0.022615140303969383,TiDE,0.025734513998031616,0.003119373694062233,TimeXer,0.03877745196223259,0.016162311658263206
1385,PatchTST,0.022436058148741722,TiDE,0.02569584734737873,0.0032597891986370087,TimeXer,0.037861134856939316,0.015425076708197594
1386,PatchTST,0.022536030039191246,TiDE,0.023036876693367958,0.000500846654176712,TimeXer,0.037310268729925156,0.01477423869073391
1387,PatchTST,0.022130414843559265,TiDE,0.023168528452515602,0.001038113608956337,TimeXer,0.035283010452985764,0.013152595609426498
1388,TiDE,0.021868832409381866,PatchTST,0.022621802985668182,0.0007529705762863159,TimeXer,0.03594459220767021,0.014075759798288345
1389,TiDE,0.0218676570802927,PatchTST,0.02252385951578617,0.0006562024354934692,TimeXer,0.03316456452012062,0.011296907439827919
1390,PatchTST,0.023068031296133995,TiDE,0.02312769740819931,5.9666112065315247e-05,TimeXer,0.03552473708987236,0.012456705793738365
1391,PatchTST,0.022607319056987762,TiDE,0.022982699796557426,0.000375380739569664,TimeXer,0.03598471358418465,0.013377394527196884
1392,PatchTST,0.02188563346862793,TiDE,0.022374063730239868,0.0004884302616119385,TimeXer,0.03268931433558464,0.01080368086695671
1393,PatchTST,0.022797228768467903,TiDE,0.023387135937809944,0.000589907169342041,TimeXer,0.033865321427583694,0.011068092659115791
1394,PatchTST,0.021346449851989746,TiDE,0.022169699892401695,0.0008232500404119492,TimeXer,0.03214321658015251,0.010796766728162766
1395,PatchTST,0.021284716203808784,TiDE,0.022397125139832497,0.0011124089360237122,TimeXer,0.030595554038882256,0.009310837835073471
1396,PatchTST,0.02205078862607479,TiDE,0.022116854786872864,6.606616079807281e-05,TimeXer,0.029140017926692963,0.007089229300618172
1397,TiDE,0.02260923944413662,PatchTST,0.022931471467018127,0.0003222320228815079,TimeXer,0.027815356850624084,0.005206117406487465
1398,TiDE,0.022565027698874474,PatchTST,0.023446746170520782,0.0008817184716463089,TimeXer,0.02619110234081745,0.003626074641942978
1399,TiDE,0.023901382461190224,PatchTST,0.025454120710492134,0.0015527382493019104,TimeXer,0.032324325293302536,0.008422942832112312
1400,TiDE,0.02427961677312851,PatchTST,0.02548355422914028,0.0012039374560117722,TimeXer,0.035542041063308716,0.011262424290180206
1401,TiDE,0.025124626234173775,PatchTST,0.026023440062999725,0.0008988138288259506,TimeXer,0.03506223484873772,0.009937608614563942
1402,TiDE,0.024370187893509865,PatchTST,0.02494669519364834,0.0005765073001384735,TimeXer,0.03516970947384834,0.010799521580338478
1403,TiDE,0.023296719416975975,PatchTST,0.023763390257954597,0.00046667084097862244,TimeXer,0.03361136093735695,0.010314641520380974
1404,TiDE,0.022851519286632538,PatchTST,0.02429386042058468,0.0014423411339521408,TimeXer,0.03336349129676819,0.01051197201013565
1405,TiDE,0.023573510348796844,PatchTST,0.024582937359809875,0.001009427011013031,TimeXer,0.03347047045826912,0.009896960109472275
1406,TiDE,0.021348049864172935,PatchTST,0.021823421120643616,0.00047537125647068024,TimeXer,0.030241092666983604,0.008893042802810669
1407,TiDE,0.021564295515418053,PatchTST,0.02218279242515564,0.000618496909737587,TimeXer,0.02725951373577118,0.0056952182203531265
1408,TiDE,0.021410226821899414,PatchTST,0.02165123075246811,0.00024100393056869507,TimeXer,0.028734104707837105,0.007323877885937691
1409,PatchTST,0.021617142483592033,TiDE,0.022007951512932777,0.000390809029340744,TimeXer,0.028899313881993294,0.00728217139840126
1410,PatchTST,0.022134676575660706,TiDE,0.02222452126443386,8.984468877315521e-05,TimeXer,0.030171260237693787,0.008036583662033081
1411,TiDE,0.021936962381005287,PatchTST,0.022849032655358315,0.0009120702743530273,TimeXer,0.029085293412208557,0.00714833103120327
1412,TiDE,0.022724652662873268,PatchTST,0.023802973330020905,0.0010783206671476364,TimeXer,0.030024029314517975,0.007299376651644707
1413,TiDE,0.022778211161494255,PatchTST,0.02442348562180996,0.0016452744603157043,TimeXer,0.027408286929130554,0.004630075767636299
1414,TiDE,0.023135952651500702,PatchTST,0.023726627230644226,0.0005906745791435242,TimeXer,0.03013761341571808,0.007001660764217377
1415,TiDE,0.02300400286912918,PatchTST,0.023596247658133507,0.0005922447890043259,TimeXer,0.035075608640909195,0.012071605771780014
1416,TiDE,0.023552237078547478,PatchTST,0.02360375039279461,5.151331424713135e-05,TimeXer,0.035482726991176605,0.011930489912629128
1417,TiDE,0.023635515943169594,PatchTST,0.023662574589252472,2.7058646082878113e-05,TimeXer,0.034340109676122665,0.010704593732953072
1418,TiDE,0.024196306243538857,PatchTST,0.024693066254258156,0.0004967600107192993,TimeXer,0.03331231325864792,0.009116007015109062
1419,TiDE,0.02403341233730316,PatchTST,0.025900691747665405,0.0018672794103622437,TimeXer,0.03133663907647133,0.007303226739168167
1420,TiDE,0.024412846192717552,PatchTST,0.02552678994834423,0.0011139437556266785,TimeXer,0.03117929957807064,0.006766453385353088
1421,TiDE,0.02432750165462494,PatchTST,0.026399582624435425,0.002072080969810486,TimeXer,0.02919306606054306,0.004865564405918121
1422,TiDE,0.02443293295800686,PatchTST,0.025813059881329536,0.0013801269233226776,TimeXer,0.02995532564818859,0.005522392690181732
1423,TiDE,0.024187972769141197,PatchTST,0.025358006358146667,0.0011700335890054703,TimeXer,0.03004523552954197,0.005857262760400772
1424,TiDE,0.024166911840438843,PatchTST,0.02541632205247879,0.0012494102120399475,TimeXer,0.030866004526615143,0.0066990926861763
1425,TiDE,0.024225866422057152,PatchTST,0.025635508820414543,0.0014096423983573914,TimeXer,0.03009793721139431,0.005872070789337158
1426,TiDE,0.02421327494084835,PatchTST,0.025674916803836823,0.001461641862988472,TimeXer,0.02939274162054062,0.005179466679692268
1427,TiDE,0.02369672618806362,PatchTST,0.026070555672049522,0.002373829483985901,TimeXer,0.02682342566549778,0.0031266994774341583
1428,TiDE,0.024150243028998375,PatchTST,0.024729905650019646,0.0005796626210212708,TimeXer,0.025496574118733406,0.0013463310897350311
1429,TimeXer,0.024224484339356422,TiDE,0.024828961119055748,0.0006044767796993256,TimeXer,0.024224484339356422,0.0
1430,TimeXer,0.02347499690949917,TiDE,0.02885563112795353,0.005380634218454361,TimeXer,0.02347499690949917,0.0
1431,TimeXer,0.022734427824616432,PatchTST,0.029967864975333214,0.007233437150716782,TimeXer,0.022734427824616432,0.0
1432,TimeXer,0.02327836863696575,PatchTST,0.028790660202503204,0.005512291565537453,TimeXer,0.02327836863696575,0.0
1433,TimeXer,0.023672714829444885,PatchTST,0.028854379430413246,0.005181664600968361,TimeXer,0.023672714829444885,0.0
1434,TimeXer,0.023821478709578514,PatchTST,0.02870122343301773,0.004879744723439217,TimeXer,0.023821478709578514,0.0
1435,TimeXer,0.024121277034282684,PatchTST,0.029295871034264565,0.00517459399998188,TimeXer,0.024121277034282684,0.0
1436,TimeXer,0.023505816236138344,PatchTST,0.03034229390323162,0.006836477667093277,TimeXer,0.023505816236138344,0.0
1437,TimeXer,0.023642772808670998,TiDE,0.030959146097302437,0.007316373288631439,TimeXer,0.023642772808670998,0.0
1438,TimeXer,0.023891685530543327,TiDE,0.03110887110233307,0.0072171855717897415,TimeXer,0.023891685530543327,0.0
1439,TimeXer,0.02333502471446991,TiDE,0.029572905972599983,0.0062378812581300735,TimeXer,0.02333502471446991,0.0
1440,TimeXer,0.023460254073143005,TiDE,0.029536299407482147,0.006076045334339142,TimeXer,0.023460254073143005,0.0
1441,TimeXer,0.023386603221297264,TiDE,0.029765183106064796,0.006378579884767532,TimeXer,0.023386603221297264,0.0
1442,TimeXer,0.023320915177464485,TiDE,0.02963894046843052,0.006318025290966034,TimeXer,0.023320915177464485,0.0
1443,TimeXer,0.022990157827734947,TiDE,0.030721798539161682,0.007731640711426735,TimeXer,0.022990157827734947,0.0
1444,TimeXer,0.02342357486486435,PatchTST,0.029427463188767433,0.006003888323903084,TimeXer,0.02342357486486435,0.0
1445,TimeXer,0.023128101602196693,TiDE,0.029667844995856285,0.006539743393659592,TimeXer,0.023128101602196693,0.0
1446,TimeXer,0.023484641686081886,TiDE,0.030562803149223328,0.007078161463141441,TimeXer,0.023484641686081886,0.0
1447,TimeXer,0.02375764213502407,TiDE,0.03130596503615379,0.007548322901129723,TimeXer,0.02375764213502407,0.0
1448,TimeXer,0.023414045572280884,TiDE,0.029776334762573242,0.006362289190292358,TimeXer,0.023414045572280884,0.0
1449,TimeXer,0.0237905140966177,TiDE,0.029883110895752907,0.006092596799135208,TimeXer,0.0237905140966177,0.0
1450,TimeXer,0.025850752368569374,TiDE,0.03238287195563316,0.006532119587063789,TimeXer,0.025850752368569374,0.0
1451,TimeXer,0.0274749044328928,TiDE,0.03320179134607315,0.005726886913180351,TimeXer,0.0274749044328928,0.0
1452,TimeXer,0.028025483712553978,TiDE,0.0347699373960495,0.0067444536834955215,TimeXer,0.028025483712553978,0.0
1453,TimeXer,0.029707958921790123,TiDE,0.036669787019491196,0.006961828097701073,TimeXer,0.029707958921790123,0.0
1454,TimeXer,0.02638372778892517,TiDE,0.03591876104474068,0.009535033255815506,TimeXer,0.02638372778892517,0.0
1455,TimeXer,0.025799937546253204,PatchTST,0.03649047389626503,0.010690536350011826,TimeXer,0.025799937546253204,0.0
1456,TimeXer,0.02556164562702179,TiDE,0.03464503958821297,0.009083393961191177,TimeXer,0.02556164562702179,0.0
1457,TimeXer,0.02635030448436737,TiDE,0.0344913974404335,0.008141092956066132,TimeXer,0.02635030448436737,0.0
1458,TimeXer,0.027142534032464027,TiDE,0.03597905859351158,0.008836524561047554,TimeXer,0.027142534032464027,0.0
1459,TimeXer,0.028248513117432594,TiDE,0.03568870201706886,0.007440188899636269,TimeXer,0.028248513117432594,0.0
1460,TimeXer,0.02800613082945347,TiDE,0.03673265874385834,0.008726527914404869,TimeXer,0.02800613082945347,0.0
1461,TimeXer,0.027668332681059837,TiDE,0.03777782991528511,0.010109497234225273,TimeXer,0.027668332681059837,0.0
1462,TimeXer,0.02544599212706089,TiDE,0.035655003041028976,0.010209010913968086,TimeXer,0.02544599212706089,0.0
1463,TimeXer,0.02352975495159626,PatchTST,0.03260961174964905,0.009079856798052788,TimeXer,0.02352975495159626,0.0
1464,TimeXer,0.02403738535940647,PatchTST,0.031687065958976746,0.007649680599570274,TimeXer,0.02403738535940647,0.0
1465,TimeXer,0.02447023056447506,PatchTST,0.03154653683304787,0.007076306268572807,TimeXer,0.02447023056447506,0.0
1466,TimeXer,0.026189735159277916,PatchTST,0.03133930638432503,0.0051495712250471115,TimeXer,0.026189735159277916,0.0
1467,TimeXer,0.02612624503672123,PatchTST,0.0313027948141098,0.005176549777388573,TimeXer,0.02612624503672123,0.0
1468,TimeXer,0.025754639878869057,PatchTST,0.029456868767738342,0.0037022288888692856,TimeXer,0.025754639878869057,0.0
1469,TimeXer,0.024516567587852478,PatchTST,0.028432289138436317,0.003915721550583839,TimeXer,0.024516567587852478,0.0
1470,PatchTST,0.025404103100299835,TimeXer,0.026450688019394875,0.0010465849190950394,TimeXer,0.026450688019394875,0.0010465849190950394
1471,PatchTST,0.024601398035883904,TimeXer,0.02776849828660488,0.003167100250720978,TimeXer,0.02776849828660488,0.003167100250720978
1472,PatchTST,0.024648135527968407,TiDE,0.026159705594182014,0.0015115700662136078,TimeXer,0.030447974801063538,0.005799839273095131
1473,PatchTST,0.025513077154755592,TiDE,0.026835665106773376,0.0013225879520177841,TimeXer,0.030150050297379494,0.004636973142623901
1474,TiDE,0.0251625943928957,PatchTST,0.026198610663414,0.001036016270518303,TimeXer,0.037188541144132614,0.012025946751236916
1475,TiDE,0.024375764653086662,PatchTST,0.02496846579015255,0.0005927011370658875,TimeXer,0.03545103594660759,0.011075271293520927
1476,PatchTST,0.02349511720240116,TiDE,0.025819577276706696,0.0023244600743055344,TimeXer,0.03181702271103859,0.008321905508637428
1477,TiDE,0.023447031155228615,PatchTST,0.025690535083413124,0.0022435039281845093,TimeXer,0.032248374074697495,0.00880134291946888
1478,TiDE,0.02317015826702118,PatchTST,0.02491883933544159,0.0017486810684204102,TimeXer,0.03294292464852333,0.009772766381502151
1479,TiDE,0.02361392229795456,PatchTST,0.02400546707212925,0.00039154477417469025,TimeXer,0.028214357793331146,0.004600435495376587
1480,TiDE,0.02451661229133606,PatchTST,0.025119224563241005,0.0006026122719049454,TimeXer,0.031544629484415054,0.007028017193078995
1481,TiDE,0.02519197203218937,PatchTST,0.025712674483656883,0.000520702451467514,TimeXer,0.0297826137393713,0.0045906417071819305
1482,PatchTST,0.02453470788896084,TiDE,0.02478836476802826,0.00025365687906742096,TimeXer,0.02962038479745388,0.005085676908493042
1483,PatchTST,0.02379402332007885,TiDE,0.025211403146386147,0.0014173798263072968,TimeXer,0.02848917245864868,0.004695149138569832
1484,PatchTST,0.02432846836745739,TiDE,0.02507021278142929,0.0007417444139719009,TimeXer,0.026892973110079765,0.0025645047426223755
1485,PatchTST,0.024371812120079994,TimeXer,0.02495998702943325,0.0005881749093532562,TimeXer,0.02495998702943325,0.0005881749093532562
1486,TimeXer,0.025061478838324547,PatchTST,0.025262877345085144,0.00020139850676059723,TimeXer,0.025061478838324547,0.0
1487,TimeXer,0.024779757484793663,PatchTST,0.025723451748490334,0.0009436942636966705,TimeXer,0.024779757484793663,0.0
1488,PatchTST,0.024877674877643585,TimeXer,0.025333447381854057,0.0004557725042104721,TimeXer,0.025333447381854057,0.0004557725042104721
1489,TimeXer,0.024381166324019432,PatchTST,0.025413619354367256,0.001032453030347824,TimeXer,0.024381166324019432,0.0
1490,PatchTST,0.024923890829086304,TimeXer,0.02494063973426819,1.6748905181884766e-05,TimeXer,0.02494063973426819,1.6748905181884766e-05
1491,TimeXer,0.023954520002007484,PatchTST,0.024057844653725624,0.00010332465171813965,TimeXer,0.023954520002007484,0.0
1492,TimeXer,0.022503823041915894,PatchTST,0.02547422982752323,0.002970406785607338,TimeXer,0.022503823041915894,0.0
1493,TimeXer,0.021521367132663727,TiDE,0.02680041454732418,0.005279047414660454,TimeXer,0.021521367132663727,0.0
1494,TimeXer,0.021575411781668663,TiDE,0.02657599002122879,0.005000578239560127,TimeXer,0.021575411781668663,0.0
1495,TimeXer,0.02215876244008541,TiDE,0.027346892282366753,0.0051881298422813416,TimeXer,0.02215876244008541,0.0
1496,TimeXer,0.023180866613984108,TiDE,0.02729840576648712,0.004117539152503014,TimeXer,0.023180866613984108,0.0
1497,TimeXer,0.023544559255242348,TiDE,0.028824755921959877,0.005280196666717529,TimeXer,0.023544559255242348,0.0
1498,TimeXer,0.02601640671491623,PatchTST,0.027442103251814842,0.001425696536898613,TimeXer,0.02601640671491623,0.0
1499,TimeXer,0.025739608332514763,PatchTST,0.02700052224099636,0.001260913908481598,TimeXer,0.025739608332514763,0.0
1500,TimeXer,0.024737125262618065,TiDE,0.02757997252047062,0.0028428472578525543,TimeXer,0.024737125262618065,0.0
1501,TimeXer,0.024025559425354004,TiDE,0.027590444311499596,0.0035648848861455917,TimeXer,0.024025559425354004,0.0
1502,TimeXer,0.023967161774635315,PatchTST,0.028095712885260582,0.004128551110625267,TimeXer,0.023967161774635315,0.0
1503,TimeXer,0.024791045114398003,PatchTST,0.028514815494418144,0.0037237703800201416,TimeXer,0.024791045114398003,0.0
1504,TimeXer,0.02629302442073822,PatchTST,0.029369765892624855,0.003076741471886635,TimeXer,0.02629302442073822,0.0
1505,TimeXer,0.026138216257095337,TiDE,0.028841501101851463,0.0027032848447561264,TimeXer,0.026138216257095337,0.0
1506,TimeXer,0.02569069154560566,PatchTST,0.028447335585951805,0.0027566440403461456,TimeXer,0.02569069154560566,0.0
1507,TimeXer,0.024731166660785675,PatchTST,0.027022531256079674,0.0022913645952939987,TimeXer,0.024731166660785675,0.0
1508,TimeXer,0.024515589699149132,TiDE,0.027025366201996803,0.0025097765028476715,TimeXer,0.024515589699149132,0.0
1509,TimeXer,0.024388929829001427,TiDE,0.027306100353598595,0.002917170524597168,TimeXer,0.024388929829001427,0.0
1510,TimeXer,0.02410619705915451,PatchTST,0.027215510606765747,0.0031093135476112366,TimeXer,0.02410619705915451,0.0
1511,TimeXer,0.024760015308856964,PatchTST,0.028114190325140953,0.003354175016283989,TimeXer,0.024760015308856964,0.0
1512,TimeXer,0.02558920718729496,TiDE,0.029150402173399925,0.003561194986104965,TimeXer,0.02558920718729496,0.0
1513,TimeXer,0.026405813172459602,TiDE,0.028878191486001015,0.0024723783135414124,TimeXer,0.026405813172459602,0.0
1514,TimeXer,0.02623698115348816,TiDE,0.030304038897156715,0.004067057743668556,TimeXer,0.02623698115348816,0.0
1515,TimeXer,0.02637084387242794,TiDE,0.030042333528399467,0.003671489655971527,TimeXer,0.02637084387242794,0.0
1516,TimeXer,0.025435522198677063,TiDE,0.02949131280183792,0.004055790603160858,TimeXer,0.025435522198677063,0.0
1517,TimeXer,0.02485986053943634,TiDE,0.029917960986495018,0.005058100447058678,TimeXer,0.02485986053943634,0.0
1518,TimeXer,0.024851486086845398,TiDE,0.031259819865226746,0.006408333778381348,TimeXer,0.024851486086845398,0.0
1519,TimeXer,0.025568976998329163,PatchTST,0.029617851600050926,0.004048874601721764,TimeXer,0.025568976998329163,0.0
1520,TimeXer,0.025899207219481468,PatchTST,0.03208807483315468,0.00618886761367321,TimeXer,0.025899207219481468,0.0
1521,TimeXer,0.026838960126042366,TiDE,0.03399372473359108,0.007154764607548714,TimeXer,0.026838960126042366,0.0
1522,TimeXer,0.028275052085518837,TiDE,0.03594137355685234,0.007666321471333504,TimeXer,0.028275052085518837,0.0
1523,TimeXer,0.028124302625656128,TiDE,0.034950483590364456,0.006826180964708328,TimeXer,0.028124302625656128,0.0
1524,TimeXer,0.029781034216284752,TiDE,0.03561931103467941,0.005838276818394661,TimeXer,0.029781034216284752,0.0
1525,TimeXer,0.03224237635731697,TiDE,0.03929927572607994,0.00705689936876297,TimeXer,0.03224237635731697,0.0
1526,TimeXer,0.034379418939352036,TiDE,0.04136190935969353,0.006982490420341492,TimeXer,0.034379418939352036,0.0
1527,TimeXer,0.03616631031036377,TiDE,0.041315145790576935,0.005148835480213165,TimeXer,0.03616631031036377,0.0
1528,TimeXer,0.0383128859102726,TiDE,0.044617146253585815,0.006304260343313217,TimeXer,0.0383128859102726,0.0
1529,TimeXer,0.03981618955731392,TiDE,0.04710892215371132,0.0072927325963974,TimeXer,0.03981618955731392,0.0
1530,TimeXer,0.04252331331372261,TiDE,0.05030819773674011,0.007784884423017502,TimeXer,0.04252331331372261,0.0
1531,TimeXer,0.04479581490159035,TiDE,0.05326153710484505,0.0084657222032547,TimeXer,0.04479581490159035,0.0
1532,TimeXer,0.04693300649523735,TiDE,0.05663782358169556,0.009704817086458206,TimeXer,0.04693300649523735,0.0
1533,TimeXer,0.048813581466674805,PatchTST,0.056350067257881165,0.00753648579120636,TimeXer,0.048813581466674805,0.0
1534,TimeXer,0.05137816444039345,PatchTST,0.05563376471400261,0.004255600273609161,TimeXer,0.05137816444039345,0.0
1535,TimeXer,0.053486019372940063,PatchTST,0.058366235345602036,0.004880215972661972,TimeXer,0.053486019372940063,0.0
1536,TimeXer,0.05573173984885216,PatchTST,0.06306277960538864,0.007331039756536484,TimeXer,0.05573173984885216,0.0
1537,TimeXer,0.05710374191403389,PatchTST,0.06493180245161057,0.007828060537576675,TimeXer,0.05710374191403389,0.0
1538,TimeXer,0.059682417660951614,TiDE,0.06825101375579834,0.008568596094846725,TimeXer,0.059682417660951614,0.0
1539,TimeXer,0.06206421181559563,PatchTST,0.06744951009750366,0.005385298281908035,TimeXer,0.06206421181559563,0.0
1540,TimeXer,0.06461435556411743,PatchTST,0.06852369755506516,0.003909341990947723,TimeXer,0.06461435556411743,0.0
1541,TimeXer,0.0684923455119133,PatchTST,0.06964603811502457,0.001153692603111267,TimeXer,0.0684923455119133,0.0
1542,TimeXer,0.0719599723815918,PatchTST,0.07293727993965149,0.0009773075580596924,TimeXer,0.0719599723815918,0.0
1543,TimeXer,0.0741080716252327,PatchTST,0.07688464969396591,0.0027765780687332153,TimeXer,0.0741080716252327,0.0
1544,TimeXer,0.07576405256986618,PatchTST,0.07873163372278214,0.0029675811529159546,TimeXer,0.07576405256986618,0.0
1545,TimeXer,0.07723648101091385,TiDE,0.08121220022439957,0.003975719213485718,TimeXer,0.07723648101091385,0.0
1546,TimeXer,0.08010775595903397,TiDE,0.08327772468328476,0.0031699687242507935,TimeXer,0.08010775595903397,0.0
1547,TimeXer,0.08401116728782654,TiDE,0.08451054245233536,0.0004993751645088196,TimeXer,0.08401116728782654,0.0
1548,TiDE,0.08684322983026505,TimeXer,0.08934229612350464,0.0024990662932395935,TimeXer,0.08934229612350464,0.0024990662932395935
1549,TiDE,0.08883941918611526,TimeXer,0.09125345945358276,0.0024140402674674988,TimeXer,0.09125345945358276,0.0024140402674674988
1550,TiDE,0.09089544415473938,TimeXer,0.092247374355793,0.0013519302010536194,TimeXer,0.092247374355793,0.0013519302010536194
1551,TiDE,0.09302589297294617,TimeXer,0.09494776278734207,0.0019218698143959045,TimeXer,0.09494776278734207,0.0019218698143959045
1552,TiDE,0.0945451632142067,TimeXer,0.09601349383592606,0.0014683306217193604,TimeXer,0.09601349383592606,0.0014683306217193604
1553,TimeXer,0.09594685584306717,TiDE,0.09783923625946045,0.00189238041639328,TimeXer,0.09594685584306717,0.0
1554,TimeXer,0.09700211137533188,TiDE,0.10008969157934189,0.0030875802040100098,TimeXer,0.09700211137533188,0.0
1555,TimeXer,0.09857261925935745,TiDE,0.10322850197553635,0.004655882716178894,TimeXer,0.09857261925935745,0.0
1556,TimeXer,0.1005232110619545,TiDE,0.10568106174468994,0.005157850682735443,TimeXer,0.1005232110619545,0.0
1557,TimeXer,0.10224765539169312,TiDE,0.10630682855844498,0.004059173166751862,TimeXer,0.10224765539169312,0.0
1558,TimeXer,0.10205844044685364,TiDE,0.10696899145841599,0.004910551011562347,TimeXer,0.10205844044685364,0.0
1559,TimeXer,0.10172826796770096,PatchTST,0.10836794227361679,0.0066396743059158325,TimeXer,0.10172826796770096,0.0
1560,TimeXer,0.10113590955734253,PatchTST,0.10836262255907059,0.007226713001728058,TimeXer,0.10113590955734253,0.0
1561,TimeXer,0.09955915808677673,PatchTST,0.11101274937391281,0.011453591287136078,TimeXer,0.09955915808677673,0.0
1562,TimeXer,0.09919091314077377,TiDE,0.11402717977762222,0.01483626663684845,TimeXer,0.09919091314077377,0.0
1563,TimeXer,0.09974905103445053,TiDE,0.11377769708633423,0.014028646051883698,TimeXer,0.09974905103445053,0.0
1564,TimeXer,0.09826045483350754,TiDE,0.11545778065919876,0.017197325825691223,TimeXer,0.09826045483350754,0.0
1565,TimeXer,0.09800446778535843,TiDE,0.11516960710287094,0.017165139317512512,TimeXer,0.09800446778535843,0.0
1566,TimeXer,0.09863969683647156,TiDE,0.11783742159605026,0.019197724759578705,TimeXer,0.09863969683647156,0.0
1567,TimeXer,0.09790978580713272,PatchTST,0.1177225410938263,0.019812755286693573,TimeXer,0.09790978580713272,0.0
1568,TimeXer,0.09792733937501907,PatchTST,0.1168607845902443,0.01893344521522522,TimeXer,0.09792733937501907,0.0
1569,TimeXer,0.0977175161242485,PatchTST,0.11902118474245071,0.02130366861820221,TimeXer,0.0977175161242485,0.0
1570,TimeXer,0.09799250215291977,PatchTST,0.12262012809515,0.024627625942230225,TimeXer,0.09799250215291977,0.0
1571,TimeXer,0.09834057092666626,TiDE,0.12552472949028015,0.02718415856361389,TimeXer,0.09834057092666626,0.0
1572,TimeXer,0.09793901443481445,TiDE,0.12535782158374786,0.02741880714893341,TimeXer,0.09793901443481445,0.0
1573,TimeXer,0.09852863103151321,TiDE,0.12706871330738068,0.028540082275867462,TimeXer,0.09852863103151321,0.0
1574,TimeXer,0.09871267527341843,PatchTST,0.1250208169221878,0.02630814164876938,TimeXer,0.09871267527341843,0.0
1575,TimeXer,0.09822509437799454,PatchTST,0.1239606961607933,0.025735601782798767,TimeXer,0.09822509437799454,0.0
1576,TimeXer,0.0984221026301384,PatchTST,0.12266000360250473,0.024237900972366333,TimeXer,0.0984221026301384,0.0
1577,TimeXer,0.09822266548871994,PatchTST,0.12463304400444031,0.026410378515720367,TimeXer,0.09822266548871994,0.0
1578,TimeXer,0.09793832153081894,PatchTST,0.1242043599486351,0.026266038417816162,TimeXer,0.09793832153081894,0.0
1579,TimeXer,0.09925395995378494,PatchTST,0.12758126854896545,0.02832730859518051,TimeXer,0.09925395995378494,0.0
1580,TimeXer,0.0999150201678276,PatchTST,0.12990722060203552,0.029992200434207916,TimeXer,0.0999150201678276,0.0
1581,TimeXer,0.1024005189538002,PatchTST,0.12945859134197235,0.02705807238817215,TimeXer,0.1024005189538002,0.0
1582,TimeXer,0.10146287083625793,PatchTST,0.12910659611225128,0.027643725275993347,TimeXer,0.10146287083625793,0.0
1583,TimeXer,0.10169491916894913,PatchTST,0.13140477240085602,0.02970985323190689,TimeXer,0.10169491916894913,0.0
1584,TimeXer,0.10303252935409546,PatchTST,0.13221554458141327,0.02918301522731781,TimeXer,0.10303252935409546,0.0
1585,TimeXer,0.10601425170898438,PatchTST,0.13116826117038727,0.025154009461402893,TimeXer,0.10601425170898438,0.0
1586,TimeXer,0.10627903789281845,PatchTST,0.13404646515846252,0.027767427265644073,TimeXer,0.10627903789281845,0.0
1587,TimeXer,0.11154168844223022,PatchTST,0.14047537744045258,0.02893368899822235,TimeXer,0.11154168844223022,0.0
1588,TimeXer,0.11086089164018631,PatchTST,0.14173148572444916,0.030870594084262848,TimeXer,0.11086089164018631,0.0
1589,TimeXer,0.11360640078783035,PatchTST,0.1390112191438675,0.02540481835603714,TimeXer,0.11360640078783035,0.0
1590,TimeXer,0.11207584291696548,PatchTST,0.1368274837732315,0.02475164085626602,TimeXer,0.11207584291696548,0.0
1591,TimeXer,0.11118979007005692,PatchTST,0.13827241957187653,0.02708262950181961,TimeXer,0.11118979007005692,0.0
1592,TimeXer,0.11261478066444397,PatchTST,0.14276200532913208,0.03014722466468811,TimeXer,0.11261478066444397,0.0
1593,TimeXer,0.11217766255140305,PatchTST,0.14860354363918304,0.03642588108778,TimeXer,0.11217766255140305,0.0
1594,TimeXer,0.1106494665145874,PatchTST,0.15232376754283905,0.04167430102825165,TimeXer,0.1106494665145874,0.0
1595,TimeXer,0.11965269595384598,PatchTST,0.1672007441520691,0.047548048198223114,TimeXer,0.11965269595384598,0.0
1596,TimeXer,0.12791989743709564,PatchTST,0.1680728942155838,0.04015299677848816,TimeXer,0.12791989743709564,0.0
1597,TimeXer,0.13584749400615692,PatchTST,0.15896549820899963,0.023118004202842712,TimeXer,0.13584749400615692,0.0
1598,TimeXer,0.14112494885921478,PatchTST,0.15063242614269257,0.009507477283477783,TimeXer,0.14112494885921478,0.0
1599,TimeXer,0.14522181451320648,PatchTST,0.14830265939235687,0.0030808448791503906,TimeXer,0.14522181451320648,0.0
1600,TimeXer,0.14727847278118134,PatchTST,0.15010671317577362,0.002828240394592285,TimeXer,0.14727847278118134,0.0
1601,PatchTST,0.14878852665424347,TimeXer,0.15059085190296173,0.0018023252487182617,TimeXer,0.15059085190296173,0.0018023252487182617
1602,PatchTST,0.14856213331222534,TimeXer,0.15138119459152222,0.002819061279296875,TimeXer,0.15138119459152222,0.002819061279296875
1603,TimeXer,0.1530732661485672,PatchTST,0.15758641064167023,0.004513144493103027,TimeXer,0.1530732661485672,0.0
1604,TimeXer,0.15004678070545197,PatchTST,0.1578778177499771,0.007831037044525146,TimeXer,0.15004678070545197,0.0
1605,TimeXer,0.1529991626739502,PatchTST,0.15528975427150726,0.002290591597557068,TimeXer,0.1529991626739502,0.0
1606,TimeXer,0.14320720732212067,PatchTST,0.15595929324626923,0.01275208592414856,TimeXer,0.14320720732212067,0.0
1607,TimeXer,0.13504789769649506,PatchTST,0.1616700142621994,0.026622116565704346,TimeXer,0.13504789769649506,0.0
1608,TimeXer,0.13612081110477448,PatchTST,0.1634066253900528,0.02728581428527832,TimeXer,0.13612081110477448,0.0
1609,TimeXer,0.1313750445842743,PatchTST,0.16559962928295135,0.03422458469867706,TimeXer,0.1313750445842743,0.0
1610,TimeXer,0.1335083395242691,PatchTST,0.1658608317375183,0.03235249221324921,TimeXer,0.1335083395242691,0.0
1611,TimeXer,0.14141817390918732,PatchTST,0.16730350255966187,0.02588532865047455,TimeXer,0.14141817390918732,0.0
1612,TimeXer,0.1339798867702484,PatchTST,0.15979525446891785,0.025815367698669434,TimeXer,0.1339798867702484,0.0
1613,TimeXer,0.13163843750953674,PatchTST,0.14799225330352783,0.01635381579399109,TimeXer,0.13163843750953674,0.0
1614,PatchTST,0.12464400380849838,TimeXer,0.1264311522245407,0.0017871484160423279,TimeXer,0.1264311522245407,0.0017871484160423279
1615,TimeXer,0.11547503620386124,PatchTST,0.12490514665842056,0.009430110454559326,TimeXer,0.11547503620386124,0.0
1616,TimeXer,0.12025830894708633,PatchTST,0.12552785873413086,0.005269549787044525,TimeXer,0.12025830894708633,0.0
1617,TimeXer,0.12336262315511703,PatchTST,0.1320190131664276,0.008656390011310577,TimeXer,0.12336262315511703,0.0
1618,TimeXer,0.11526567488908768,PatchTST,0.1294851154088974,0.014219440519809723,TimeXer,0.11526567488908768,0.0
1619,TimeXer,0.11525499075651169,PatchTST,0.13185475766658783,0.01659976691007614,TimeXer,0.11525499075651169,0.0
1620,TimeXer,0.11936093121767044,PatchTST,0.13623680174350739,0.016875870525836945,TimeXer,0.11936093121767044,0.0
1621,TimeXer,0.11298644542694092,PatchTST,0.1268179714679718,0.013831526041030884,TimeXer,0.11298644542694092,0.0
1622,TimeXer,0.10541418939828873,PatchTST,0.1192418709397316,0.013827681541442871,TimeXer,0.10541418939828873,0.0
1623,TimeXer,0.10789120942354202,PatchTST,0.12154456228017807,0.013653352856636047,TimeXer,0.10789120942354202,0.0
1624,TimeXer,0.09749708324670792,PatchTST,0.11663361638784409,0.01913653314113617,TimeXer,0.09749708324670792,0.0
1625,TimeXer,0.09558504819869995,PatchTST,0.11648503690958023,0.02089998871088028,TimeXer,0.09558504819869995,0.0
1626,TimeXer,0.0968131422996521,PatchTST,0.12019718438386917,0.02338404208421707,TimeXer,0.0968131422996521,0.0
1627,TimeXer,0.10845004767179489,PatchTST,0.12975357472896576,0.021303527057170868,TimeXer,0.10845004767179489,0.0
1628,TimeXer,0.11109171062707901,PatchTST,0.13061963021755219,0.019527919590473175,TimeXer,0.11109171062707901,0.0
1629,TimeXer,0.11330745369195938,PatchTST,0.1263536810874939,0.013046227395534515,TimeXer,0.11330745369195938,0.0
1630,TimeXer,0.11978123337030411,PatchTST,0.12570829689502716,0.005927063524723053,TimeXer,0.11978123337030411,0.0
1631,TimeXer,0.12231079488992691,PatchTST,0.12811152637004852,0.0058007314801216125,TimeXer,0.12231079488992691,0.0
1632,TimeXer,0.12752999365329742,PatchTST,0.12788470089435577,0.0003547072410583496,TimeXer,0.12752999365329742,0.0
1633,TimeXer,0.11751580238342285,PatchTST,0.12990690767765045,0.0123911052942276,TimeXer,0.11751580238342285,0.0
1634,TimeXer,0.11983361840248108,PatchTST,0.1396058201789856,0.019772201776504517,TimeXer,0.11983361840248108,0.0
1635,TimeXer,0.1249074712395668,PatchTST,0.1409037709236145,0.0159962996840477,TimeXer,0.1249074712395668,0.0
1636,TimeXer,0.12585432827472687,PatchTST,0.14745627343654633,0.021601945161819458,TimeXer,0.12585432827472687,0.0
1637,TimeXer,0.1304967701435089,PatchTST,0.14602823555469513,0.015531465411186218,TimeXer,0.1304967701435089,0.0
1638,TimeXer,0.12589621543884277,PatchTST,0.14213316142559052,0.01623694598674774,TimeXer,0.12589621543884277,0.0
1639,TimeXer,0.12934868037700653,PatchTST,0.14265699684619904,0.013308316469192505,TimeXer,0.12934868037700653,0.0
1640,TimeXer,0.12506462633609772,PatchTST,0.14213033020496368,0.017065703868865967,TimeXer,0.12506462633609772,0.0
1641,TimeXer,0.12122374773025513,PatchTST,0.14978134632110596,0.02855759859085083,TimeXer,0.12122374773025513,0.0
1642,TimeXer,0.11884387582540512,PatchTST,0.1619163602590561,0.04307248443365097,TimeXer,0.11884387582540512,0.0
1643,TimeXer,0.13034816086292267,PatchTST,0.16073232889175415,0.030384168028831482,TimeXer,0.13034816086292267,0.0
1644,TimeXer,0.13781963288784027,PatchTST,0.16852609813213348,0.030706465244293213,TimeXer,0.13781963288784027,0.0
1645,TimeXer,0.144741490483284,PatchTST,0.16737695038318634,0.022635459899902344,TimeXer,0.144741490483284,0.0
1646,TimeXer,0.14737577736377716,PatchTST,0.1582544595003128,0.010878682136535645,TimeXer,0.14737577736377716,0.0
1647,TimeXer,0.13916827738285065,PatchTST,0.15724056959152222,0.01807229220867157,TimeXer,0.13916827738285065,0.0
1648,TimeXer,0.1388738751411438,PatchTST,0.15569326281547546,0.016819387674331665,TimeXer,0.1388738751411438,0.0
1649,TimeXer,0.1448979377746582,PatchTST,0.15963540971279144,0.01473747193813324,TimeXer,0.1448979377746582,0.0
1650,TimeXer,0.14343209564685822,PatchTST,0.1661352962255478,0.022703200578689575,TimeXer,0.14343209564685822,0.0
1651,TimeXer,0.1484818309545517,PatchTST,0.16307862102985382,0.014596790075302124,TimeXer,0.1484818309545517,0.0
1652,TimeXer,0.15514302253723145,PatchTST,0.17357484996318817,0.018431827425956726,TimeXer,0.15514302253723145,0.0
1653,TimeXer,0.1547071486711502,PatchTST,0.170485258102417,0.015778109431266785,TimeXer,0.1547071486711502,0.0
1654,TimeXer,0.15211515128612518,PatchTST,0.16504086554050446,0.012925714254379272,TimeXer,0.15211515128612518,0.0
1655,TimeXer,0.16253907978534698,PatchTST,0.1713690310716629,0.008829951286315918,TimeXer,0.16253907978534698,0.0
1656,TimeXer,0.1617618352174759,PatchTST,0.17062680423259735,0.00886496901512146,TimeXer,0.1617618352174759,0.0
1657,TimeXer,0.15661093592643738,PatchTST,0.18721921741962433,0.03060828149318695,TimeXer,0.15661093592643738,0.0
1658,TimeXer,0.15898333489894867,PatchTST,0.18233175575733185,0.02334842085838318,TimeXer,0.15898333489894867,0.0
1659,TimeXer,0.17185942828655243,PatchTST,0.18704836070537567,0.015188932418823242,TimeXer,0.17185942828655243,0.0
1660,TimeXer,0.17064881324768066,PatchTST,0.19558154046535492,0.024932727217674255,TimeXer,0.17064881324768066,0.0
1661,TimeXer,0.170368492603302,PatchTST,0.18996691703796387,0.019598424434661865,TimeXer,0.170368492603302,0.0
1662,TimeXer,0.17422449588775635,PatchTST,0.18469972908496857,0.01047523319721222,TimeXer,0.17422449588775635,0.0
1663,TimeXer,0.1623477339744568,PatchTST,0.20022225379943848,0.03787451982498169,TimeXer,0.1623477339744568,0.0
1664,TimeXer,0.1578521728515625,PatchTST,0.1934422254562378,0.03559005260467529,TimeXer,0.1578521728515625,0.0
1665,TimeXer,0.1606874018907547,PatchTST,0.18760931491851807,0.026921913027763367,TimeXer,0.1606874018907547,0.0
1666,TimeXer,0.15831618010997772,PatchTST,0.18716631829738617,0.028850138187408447,TimeXer,0.15831618010997772,0.0
1667,TimeXer,0.16345375776290894,PatchTST,0.18040265142917633,0.016948893666267395,TimeXer,0.16345375776290894,0.0
1668,TimeXer,0.1780117154121399,PatchTST,0.19774965941905975,0.01973794400691986,TimeXer,0.1780117154121399,0.0
1669,TimeXer,0.17846067249774933,PatchTST,0.19271284341812134,0.01425217092037201,TimeXer,0.17846067249774933,0.0
1670,TimeXer,0.18821589648723602,PatchTST,0.19101722538471222,0.0028013288974761963,TimeXer,0.18821589648723602,0.0
1671,TimeXer,0.2113921195268631,PatchTST,0.22067825496196747,0.00928613543510437,TimeXer,0.2113921195268631,0.0
1672,PatchTST,0.19826163351535797,TimeXer,0.2080995887517929,0.009837955236434937,TimeXer,0.2080995887517929,0.009837955236434937
1673,PatchTST,0.19406060874462128,TimeXer,0.20746643841266632,0.013405829668045044,TimeXer,0.20746643841266632,0.013405829668045044
1674,PatchTST,0.18202264606952667,TiDE,0.21080243587493896,0.028779789805412292,TimeXer,0.22282834351062775,0.040805697441101074
1675,PatchTST,0.17015837132930756,TiDE,0.20715759694576263,0.03699922561645508,TimeXer,0.22366924583911896,0.0535108745098114
1676,PatchTST,0.17067939043045044,TiDE,0.2049788236618042,0.03429943323135376,TimeXer,0.23623676598072052,0.06555737555027008
1677,PatchTST,0.16285640001296997,TiDE,0.2023891657590866,0.03953276574611664,TimeXer,0.25007814168930054,0.08722174167633057
1678,PatchTST,0.153952956199646,TiDE,0.19902759790420532,0.045074641704559326,TimeXer,0.25055286288261414,0.09659990668296814
1679,PatchTST,0.15763884782791138,TiDE,0.19472302496433258,0.037084177136421204,TimeXer,0.2423645257949829,0.08472567796707153
1680,PatchTST,0.1436353325843811,TiDE,0.18940424919128418,0.045768916606903076,TimeXer,0.231586754322052,0.0879514217376709
1681,PatchTST,0.13394427299499512,TiDE,0.18501555919647217,0.05107128620147705,TimeXer,0.23279784619808197,0.09885357320308685
1682,PatchTST,0.13846321403980255,TiDE,0.18706440925598145,0.048601195216178894,TimeXer,0.23931534588336945,0.1008521318435669
1683,PatchTST,0.13839291036128998,TiDE,0.1902482509613037,0.05185534060001373,TimeXer,0.2556423842906952,0.11724947392940521
1684,PatchTST,0.1395099014043808,TiDE,0.19170451164245605,0.052194610238075256,TimeXer,0.25643420219421387,0.11692430078983307
1685,PatchTST,0.13690488040447235,TiDE,0.19359640777111053,0.056691527366638184,TimeXer,0.24787086248397827,0.11096598207950592
1686,PatchTST,0.13408316671848297,TiDE,0.19264762103557587,0.058564454317092896,TimeXer,0.24306868016719818,0.10898551344871521
1687,PatchTST,0.14382682740688324,TiDE,0.1963610202074051,0.05253419280052185,TimeXer,0.23549754917621613,0.09167072176933289
1688,PatchTST,0.14839933812618256,TiDE,0.19975054264068604,0.05135120451450348,TimeXer,0.24864892661571503,0.10024958848953247
1689,PatchTST,0.15428245067596436,TiDE,0.19768112897872925,0.04339867830276489,TimeXer,0.2269870787858963,0.07270462810993195
1690,PatchTST,0.17014861106872559,TiDE,0.20030657947063446,0.030157968401908875,TimeXer,0.22583341598510742,0.055684804916381836
1691,PatchTST,0.16933399438858032,TiDE,0.20012648403644562,0.030792489647865295,TimeXer,0.2336549162864685,0.06432092189788818
1692,PatchTST,0.17042869329452515,TiDE,0.20230257511138916,0.031873881816864014,TimeXer,0.23050306737422943,0.060074374079704285
1693,PatchTST,0.17019659280776978,TiDE,0.2080974131822586,0.03790082037448883,TimeXer,0.22640816867351532,0.056211575865745544
1694,PatchTST,0.16159358620643616,TiDE,0.20635747909545898,0.04476389288902283,TimeXer,0.20651549100875854,0.04492190480232239
1695,PatchTST,0.16889385879039764,TimeXer,0.17083506286144257,0.0019412040710449219,TimeXer,0.17083506286144257,0.0019412040710449219
1696,TimeXer,0.16319726407527924,PatchTST,0.17735888063907623,0.014161616563796997,TimeXer,0.16319726407527924,0.0
1697,PatchTST,0.17460763454437256,TimeXer,0.1797955483198166,0.005187913775444031,TimeXer,0.1797955483198166,0.005187913775444031
1698,TimeXer,0.16895146667957306,PatchTST,0.18567104637622833,0.016719579696655273,TimeXer,0.16895146667957306,0.0
1699,TimeXer,0.15563766658306122,PatchTST,0.17266957461833954,0.01703190803527832,TimeXer,0.15563766658306122,0.0
1700,TimeXer,0.15776687860488892,PatchTST,0.1746714860200882,0.01690460741519928,TimeXer,0.15776687860488892,0.0
1701,TimeXer,0.14630889892578125,PatchTST,0.16956645250320435,0.023257553577423096,TimeXer,0.14630889892578125,0.0
1702,TimeXer,0.14375241100788116,PatchTST,0.16072753071784973,0.016975119709968567,TimeXer,0.14375241100788116,0.0
1703,TimeXer,0.16372717916965485,PatchTST,0.17070508003234863,0.006977900862693787,TimeXer,0.16372717916965485,0.0
1704,TimeXer,0.15250477194786072,PatchTST,0.15851865708827972,0.006013885140419006,TimeXer,0.15250477194786072,0.0
1705,TimeXer,0.1441362351179123,PatchTST,0.14986492693424225,0.005728691816329956,TimeXer,0.1441362351179123,0.0
1706,TimeXer,0.1295977532863617,PatchTST,0.14550800621509552,0.015910252928733826,TimeXer,0.1295977532863617,0.0
1707,TimeXer,0.10915375500917435,PatchTST,0.1321781426668167,0.023024387657642365,TimeXer,0.10915375500917435,0.0
1708,TimeXer,0.11532434076070786,PatchTST,0.12725241482257843,0.011928074061870575,TimeXer,0.11532434076070786,0.0
1709,TimeXer,0.08905314654111862,PatchTST,0.1028633639216423,0.013810217380523682,TimeXer,0.08905314654111862,0.0
1710,TimeXer,0.09214960783720016,PatchTST,0.10606493800878525,0.013915330171585083,TimeXer,0.09214960783720016,0.0
1711,PatchTST,0.10341411083936691,TimeXer,0.10404428094625473,0.0006301701068878174,TimeXer,0.10404428094625473,0.0006301701068878174
1712,PatchTST,0.09580031782388687,TimeXer,0.09608177095651627,0.00028145313262939453,TimeXer,0.09608177095651627,0.00028145313262939453
1713,PatchTST,0.08027538657188416,TimeXer,0.0902443453669548,0.009968958795070648,TimeXer,0.0902443453669548,0.009968958795070648
1714,PatchTST,0.06659917533397675,TimeXer,0.08266707509756088,0.016067899763584137,TimeXer,0.08266707509756088,0.016067899763584137
1715,PatchTST,0.0711107924580574,TimeXer,0.08635812997817993,0.015247337520122528,TimeXer,0.08635812997817993,0.015247337520122528
1716,PatchTST,0.05575999617576599,TimeXer,0.07588104158639908,0.020121045410633087,TimeXer,0.07588104158639908,0.020121045410633087
1717,PatchTST,0.05094167962670326,TimeXer,0.06775637716054916,0.0168146975338459,TimeXer,0.06775637716054916,0.0168146975338459
1718,PatchTST,0.042690251022577286,TimeXer,0.05778506025671959,0.015094809234142303,TimeXer,0.05778506025671959,0.015094809234142303
1719,PatchTST,0.0393211655318737,TimeXer,0.05593902990221977,0.01661786437034607,TimeXer,0.05593902990221977,0.01661786437034607
1720,PatchTST,0.031428366899490356,TimeXer,0.04791143164038658,0.016483064740896225,TimeXer,0.04791143164038658,0.016483064740896225
1721,PatchTST,0.028239309787750244,TimeXer,0.04101864993572235,0.012779340147972107,TimeXer,0.04101864993572235,0.012779340147972107
1722,PatchTST,0.02573067881166935,TimeXer,0.03747476264834404,0.01174408383667469,TimeXer,0.03747476264834404,0.01174408383667469
1723,PatchTST,0.02445056475698948,TimeXer,0.03521187976002693,0.010761315003037453,TimeXer,0.03521187976002693,0.010761315003037453
1724,PatchTST,0.023059189319610596,TimeXer,0.03239182382822037,0.009332634508609772,TimeXer,0.03239182382822037,0.009332634508609772
1725,PatchTST,0.023990372195839882,TimeXer,0.03134644404053688,0.007356071844696999,TimeXer,0.03134644404053688,0.007356071844696999
1726,PatchTST,0.025533711537718773,TimeXer,0.030017802491784096,0.004484090954065323,TimeXer,0.030017802491784096,0.004484090954065323
1727,PatchTST,0.028986698016524315,TimeXer,0.03246923163533211,0.0034825336188077927,TimeXer,0.03246923163533211,0.0034825336188077927
1728,PatchTST,0.0299887303262949,TimeXer,0.03130516782402992,0.0013164374977350235,TimeXer,0.03130516782402992,0.0013164374977350235
1729,PatchTST,0.028934841975569725,TimeXer,0.031883545219898224,0.002948703244328499,TimeXer,0.031883545219898224,0.002948703244328499
1730,PatchTST,0.028445253148674965,TimeXer,0.02898433618247509,0.0005390830338001251,TimeXer,0.02898433618247509,0.0005390830338001251
1731,PatchTST,0.026828542351722717,TimeXer,0.027258096262812614,0.00042955391108989716,TimeXer,0.027258096262812614,0.00042955391108989716
1732,TimeXer,0.02562674880027771,PatchTST,0.02675437368452549,0.0011276248842477798,TimeXer,0.02562674880027771,0.0
1733,TimeXer,0.02450149692595005,PatchTST,0.028126247227191925,0.0036247503012418747,TimeXer,0.02450149692595005,0.0
1734,TimeXer,0.023228636011481285,PatchTST,0.028963303193449974,0.005734667181968689,TimeXer,0.023228636011481285,0.0
1735,TimeXer,0.02324158512055874,PatchTST,0.03278827667236328,0.009546691551804543,TimeXer,0.02324158512055874,0.0
1736,TimeXer,0.022476153448224068,PatchTST,0.03157481923699379,0.009098665788769722,TimeXer,0.022476153448224068,0.0
1737,TimeXer,0.02277776598930359,PatchTST,0.029139438644051552,0.006361672654747963,TimeXer,0.02277776598930359,0.0
1738,TimeXer,0.02294238656759262,PatchTST,0.02839345671236515,0.00545107014477253,TimeXer,0.02294238656759262,0.0
1739,TimeXer,0.022847069427371025,PatchTST,0.027914265170693398,0.0050671957433223724,TimeXer,0.022847069427371025,0.0
1740,TimeXer,0.023594915866851807,PatchTST,0.02790655381977558,0.004311637952923775,TimeXer,0.023594915866851807,0.0
1741,TimeXer,0.022476663812994957,PatchTST,0.028157005086541176,0.005680341273546219,TimeXer,0.022476663812994957,0.0
1742,TimeXer,0.022517217323184013,PatchTST,0.03077196143567562,0.008254744112491608,TimeXer,0.022517217323184013,0.0
1743,TimeXer,0.022535376250743866,PatchTST,0.03438994660973549,0.011854570358991623,TimeXer,0.022535376250743866,0.0
1744,TimeXer,0.02233153022825718,PatchTST,0.03369547054171562,0.011363940313458443,TimeXer,0.02233153022825718,0.0
1745,TimeXer,0.022922059521079063,PatchTST,0.032222162932157516,0.009300103411078453,TimeXer,0.022922059521079063,0.0
1746,TimeXer,0.023586278781294823,PatchTST,0.03122582472860813,0.007639545947313309,TimeXer,0.023586278781294823,0.0
1747,TimeXer,0.02660600282251835,DLinear,0.02945088781416416,0.002844884991645813,TimeXer,0.02660600282251835,0.0
1748,TimeXer,0.02625568024814129,DLinear,0.02890310250222683,0.0026474222540855408,TimeXer,0.02625568024814129,0.0
1749,TimeXer,0.026618050411343575,DLinear,0.028203720226883888,0.0015856698155403137,TimeXer,0.026618050411343575,0.0
1750,TimeXer,0.025358306244015694,DLinear,0.028221825137734413,0.0028635188937187195,TimeXer,0.025358306244015694,0.0
1751,TimeXer,0.024490302428603172,DLinear,0.028005778789520264,0.0035154763609170914,TimeXer,0.024490302428603172,0.0
1752,TimeXer,0.023914119228720665,DLinear,0.02792969159781933,0.004015572369098663,TimeXer,0.023914119228720665,0.0
1753,TimeXer,0.024927282705903053,PatchTST,0.027407154440879822,0.0024798717349767685,TimeXer,0.024927282705903053,0.0
1754,PatchTST,0.025170249864459038,TimeXer,0.02553563006222248,0.000365380197763443,TimeXer,0.02553563006222248,0.000365380197763443
1755,PatchTST,0.022078806534409523,TimeXer,0.026647530496120453,0.00456872396171093,TimeXer,0.026647530496120453,0.00456872396171093
1756,PatchTST,0.021637720987200737,TimeXer,0.026955151930451393,0.005317430943250656,TimeXer,0.026955151930451393,0.005317430943250656
1757,PatchTST,0.022043174132704735,TimeXer,0.026519550010561943,0.004476375877857208,TimeXer,0.026519550010561943,0.004476375877857208
1758,PatchTST,0.023297319188714027,TimeXer,0.02545926719903946,0.002161948010325432,TimeXer,0.02545926719903946,0.002161948010325432
1759,TimeXer,0.0241863876581192,PatchTST,0.0247368011623621,0.000550413504242897,TimeXer,0.0241863876581192,0.0
1760,PatchTST,0.023391269147396088,TimeXer,0.024143725633621216,0.0007524564862251282,TimeXer,0.024143725633621216,0.0007524564862251282
1761,PatchTST,0.021280718967318535,TimeXer,0.025498725473880768,0.004218006506562233,TimeXer,0.025498725473880768,0.004218006506562233
1762,PatchTST,0.018793808296322823,TimeXer,0.028166012838482857,0.009372204542160034,TimeXer,0.028166012838482857,0.009372204542160034
1763,PatchTST,0.01924421824514866,TimeXer,0.029137693345546722,0.009893475100398064,TimeXer,0.029137693345546722,0.009893475100398064
1764,PatchTST,0.01982155442237854,TimeXer,0.028246410191059113,0.008424855768680573,TimeXer,0.028246410191059113,0.008424855768680573
1765,PatchTST,0.019987700507044792,DLinear,0.032587479799985886,0.012599779292941093,TimeXer,0.0338098369538784,0.01382213644683361
1766,PatchTST,0.02054099552333355,DLinear,0.03418107330799103,0.013640077784657478,TimeXer,0.03593173250555992,0.015390736982226372
1767,PatchTST,0.023469997569918633,TimeXer,0.033216241747140884,0.009746244177222252,TimeXer,0.033216241747140884,0.009746244177222252
1768,PatchTST,0.025802956894040108,TimeXer,0.03206343948841095,0.006260482594370842,TimeXer,0.03206343948841095,0.006260482594370842
1769,PatchTST,0.027899691835045815,TimeXer,0.029559584334492683,0.001659892499446869,TimeXer,0.029559584334492683,0.001659892499446869
1770,TimeXer,0.02850339002907276,PatchTST,0.0289906058460474,0.0004872158169746399,TimeXer,0.02850339002907276,0.0
1771,TiDE,0.028866207227110863,TimeXer,0.030095146968960762,0.0012289397418498993,TimeXer,0.030095146968960762,0.0012289397418498993
1772,TiDE,0.027046948671340942,TimeXer,0.03007347881793976,0.003026530146598816,TimeXer,0.03007347881793976,0.003026530146598816
1773,TiDE,0.026080071926116943,TimeXer,0.02752681076526642,0.001446738839149475,TimeXer,0.02752681076526642,0.001446738839149475
1774,TiDE,0.026746347546577454,TimeXer,0.02798142470419407,0.0012350771576166153,TimeXer,0.02798142470419407,0.0012350771576166153
1775,TiDE,0.025958389043807983,TimeXer,0.02670487016439438,0.0007464811205863953,TimeXer,0.02670487016439438,0.0007464811205863953
1776,TiDE,0.02581127919256687,TimeXer,0.030848756432533264,0.0050374772399663925,TimeXer,0.030848756432533264,0.0050374772399663925
1777,TiDE,0.025202974677085876,TimeXer,0.03175748139619827,0.006554506719112396,TimeXer,0.03175748139619827,0.006554506719112396
1778,TiDE,0.0252001341432333,TimeXer,0.03236332908272743,0.007163194939494133,TimeXer,0.03236332908272743,0.007163194939494133
1779,TiDE,0.025036578997969627,TimeXer,0.03030211664736271,0.005265537649393082,TimeXer,0.03030211664736271,0.005265537649393082
1780,TiDE,0.02519012987613678,TimeXer,0.02985411323606968,0.0046639833599328995,TimeXer,0.02985411323606968,0.0046639833599328995
1781,TimeXer,0.024569181725382805,TiDE,0.025529583916068077,0.0009604021906852722,TimeXer,0.024569181725382805,0.0
1782,TimeXer,0.024438774213194847,TiDE,0.025501802563667297,0.0010630283504724503,TimeXer,0.024438774213194847,0.0
1783,TimeXer,0.01887298934161663,TiDE,0.02637375332415104,0.007500763982534409,TimeXer,0.01887298934161663,0.0
1784,TimeXer,0.0188306774944067,TiDE,0.02746790647506714,0.008637228980660439,TimeXer,0.0188306774944067,0.0
1785,TimeXer,0.019455796107649803,TiDE,0.027880296111106873,0.00842450000345707,TimeXer,0.019455796107649803,0.0
1786,TimeXer,0.01904536597430706,PatchTST,0.02367251180112362,0.004627145826816559,TimeXer,0.01904536597430706,0.0
1787,TimeXer,0.017616329714655876,PatchTST,0.02638249844312668,0.008766168728470802,TimeXer,0.017616329714655876,0.0
1788,TimeXer,0.019772589206695557,PatchTST,0.02876238524913788,0.008989796042442322,TimeXer,0.019772589206695557,0.0
1789,TimeXer,0.020570192486047745,PatchTST,0.022945670410990715,0.0023754779249429703,TimeXer,0.020570192486047745,0.0
1790,TimeXer,0.021445048972964287,PatchTST,0.023553207516670227,0.0021081585437059402,TimeXer,0.021445048972964287,0.0
1791,TimeXer,0.02318253368139267,PatchTST,0.023379554972052574,0.00019702129065990448,TimeXer,0.02318253368139267,0.0
1792,PatchTST,0.023887092247605324,TimeXer,0.02519153617322445,0.0013044439256191254,TimeXer,0.02519153617322445,0.0013044439256191254
1793,PatchTST,0.024980658665299416,TimeXer,0.027186742052435875,0.0022060833871364594,TimeXer,0.027186742052435875,0.0022060833871364594
1794,DLinear,0.03162456676363945,TimeXer,0.03275293856859207,0.0011283718049526215,TimeXer,0.03275293856859207,0.0011283718049526215
1795,DLinear,0.02905038185417652,TimeXer,0.0448116771876812,0.015761295333504677,TimeXer,0.0448116771876812,0.015761295333504677
1796,DLinear,0.029083577916026115,TimeXer,0.046338845044374466,0.01725526712834835,TimeXer,0.046338845044374466,0.01725526712834835
1797,DLinear,0.027336398139595985,TimeXer,0.04779472574591637,0.02045832760632038,TimeXer,0.04779472574591637,0.02045832760632038
1798,DLinear,0.025877730920910835,PatchTST,0.057912010699510574,0.03203427791595459,TimeXer,0.05843248963356018,0.032554760575294495
1799,DLinear,0.024774735793471336,PatchTST,0.061024755239486694,0.03625001758337021,TimeXer,0.07456008344888687,0.049785345792770386
1800,DLinear,0.025014542043209076,PatchTST,0.055794913321733475,0.0307803712785244,TimeXer,0.06533728539943695,0.040322743356227875
1801,DLinear,0.02456265687942505,PatchTST,0.06151321530342102,0.03695055842399597,TimeXer,0.06335633248090744,0.03879367560148239
1802,DLinear,0.024497250095009804,TimeXer,0.06187482178211212,0.03737757354974747,TimeXer,0.06187482178211212,0.03737757354974747
1803,DLinear,0.024638688191771507,PatchTST,0.06620445847511292,0.04156576842069626,TimeXer,0.06768578290939331,0.043047092854976654
1804,DLinear,0.02537163905799389,TimeXer,0.06689835339784622,0.041526712477207184,TimeXer,0.06689835339784622,0.041526712477207184
1805,DLinear,0.02563515305519104,TimeXer,0.06881742179393768,0.04318226873874664,TimeXer,0.06881742179393768,0.04318226873874664
1806,DLinear,0.02653554268181324,TimeXer,0.05962587893009186,0.03309033811092377,TimeXer,0.05962587893009186,0.03309033811092377
1807,DLinear,0.027449438348412514,TimeXer,0.06391435116529465,0.03646491467952728,TimeXer,0.06391435116529465,0.03646491467952728
1808,DLinear,0.02322087623178959,TimeXer,0.06775444746017456,0.04453357309103012,TimeXer,0.06775444746017456,0.04453357309103012
1809,DLinear,0.023248305544257164,TimeXer,0.06280062347650528,0.039552316069602966,TimeXer,0.06280062347650528,0.039552316069602966
1810,DLinear,0.02280375547707081,TimeXer,0.06129071116447449,0.03848695755004883,TimeXer,0.06129071116447449,0.03848695755004883
1811,DLinear,0.02220350317656994,TimeXer,0.06651496142148972,0.04431145638227463,TimeXer,0.06651496142148972,0.04431145638227463
1812,DLinear,0.022284209728240967,TimeXer,0.07255139201879501,0.05026718229055405,TimeXer,0.07255139201879501,0.05026718229055405
1813,DLinear,0.022236591205000877,TimeXer,0.087046779692173,0.06481018662452698,TimeXer,0.087046779692173,0.06481018662452698
1814,DLinear,0.022574877366423607,PatchTST,0.08749371767044067,0.06491883844137192,TimeXer,0.09660977870225906,0.07403489947319031
1815,DLinear,0.023149611428380013,PatchTST,0.08594294637441635,0.06279333680868149,TimeXer,0.10410168766975403,0.08095207810401917
1816,DLinear,0.023533551022410393,PatchTST,0.08896619826555252,0.06543264538049698,TimeXer,0.11274641752243042,0.08921286463737488
1817,DLinear,0.023626571521162987,PatchTST,0.07975948601961136,0.05613291263580322,TimeXer,0.1018255352973938,0.07819896191358566
1818,DLinear,0.02398308366537094,PatchTST,0.08872795850038528,0.06474487483501434,TimeXer,0.11533531546592712,0.09135223180055618
1819,DLinear,0.024313271045684814,PatchTST,0.09371297806501389,0.06939970701932907,TimeXer,0.11960528045892715,0.09529200941324234
1820,DLinear,0.024740656837821007,PatchTST,0.08768099546432495,0.0629403367638588,TimeXer,0.10603758692741394,0.08129692822694778
1821,DLinear,0.02436777390539646,PatchTST,0.08817464113235474,0.06380686908960342,TimeXer,0.10776720196008682,0.08339942991733551
1822,DLinear,0.024479195475578308,PatchTST,0.08314459770917892,0.058665402233600616,TimeXer,0.10882210731506348,0.08434291183948517
1823,DLinear,0.02524789422750473,PatchTST,0.11014145612716675,0.08489356189966202,TimeXer,0.1407301425933838,0.11548224836587906
1824,DLinear,0.024854594841599464,PatchTST,0.09957769513130188,0.07472310215234756,TimeXer,0.13430853188037872,0.10945393890142441
1825,DLinear,0.025314142927527428,PatchTST,0.10253161191940308,0.0772174671292305,TimeXer,0.13644328713417053,0.11112914234399796
1826,DLinear,0.02565891295671463,PatchTST,0.0932101383805275,0.06755122542381287,TimeXer,0.1259763538837433,0.10031744092702866
1827,DLinear,0.02590855211019516,PatchTST,0.09718004614114761,0.07127149403095245,TimeXer,0.10958752036094666,0.0836789682507515
1828,DLinear,0.02618297003209591,TimeXer,0.09475356340408325,0.0685705915093422,TimeXer,0.09475356340408325,0.0685705915093422
1829,DLinear,0.027300268411636353,PatchTST,0.10029158741235733,0.07299131900072098,TimeXer,0.10287521034479141,0.07557494193315506
1830,DLinear,0.028509289026260376,PatchTST,0.10502766817808151,0.07651837915182114,TimeXer,0.11080104857683182,0.08229175955057144
1831,DLinear,0.028715819120407104,PatchTST,0.10794991999864578,0.07923410087823868,TimeXer,0.12257739156484604,0.09386157244443893
1832,DLinear,0.029440199956297874,PatchTST,0.12403123825788498,0.09459103643894196,TimeXer,0.1323525458574295,0.10291234403848648
1833,DLinear,0.027565419673919678,PatchTST,0.11145191639661789,0.08388649672269821,TimeXer,0.11585560441017151,0.08829018473625183
1834,DLinear,0.028122520074248314,PatchTST,0.11566700786352158,0.08754448592662811,TimeXer,0.12859688699245453,0.10047436505556107
1835,DLinear,0.02857063151896,PatchTST,0.121843121945858,0.09327249228954315,TimeXer,0.13125835359096527,0.10268772393465042
1836,DLinear,0.027827657759189606,PatchTST,0.1197686493396759,0.0919409915804863,TimeXer,0.1331065595149994,0.10527890175580978
1837,DLinear,0.028183111920952797,PatchTST,0.11859456449747086,0.09041145443916321,TimeXer,0.14527608454227448,0.11709297448396683
1838,DLinear,0.028588881716132164,PatchTST,0.12324800342321396,0.09465911984443665,TimeXer,0.1391008049249649,0.11051192134618759
1839,DLinear,0.028210937976837158,PatchTST,0.12044799327850342,0.09223705530166626,TimeXer,0.13499067723751068,0.10677973926067352
1840,DLinear,0.029059605672955513,PatchTST,0.1410791426897049,0.11201953887939453,TimeXer,0.14572930335998535,0.11666969954967499
1841,DLinear,0.02870568446815014,TimeXer,0.13394585251808167,0.10524016618728638,TimeXer,0.13394585251808167,0.10524016618728638
1842,DLinear,0.028492368757724762,PatchTST,0.13631384074687958,0.10782147198915482,TimeXer,0.1419464498758316,0.11345408111810684
1843,DLinear,0.028426004573702812,TimeXer,0.12895989418029785,0.10053388774394989,TimeXer,0.12895989418029785,0.10053388774394989
1844,DLinear,0.028598332777619362,TimeXer,0.13771124184131622,0.10911291092634201,TimeXer,0.13771124184131622,0.10911291092634201
1845,DLinear,0.028350895270705223,TimeXer,0.14009757339954376,0.11174667626619339,TimeXer,0.14009757339954376,0.11174667626619339
1846,DLinear,0.027419157326221466,TimeXer,0.13549846410751343,0.10807930678129196,TimeXer,0.13549846410751343,0.10807930678129196
1847,DLinear,0.027227960526943207,TimeXer,0.13390272855758667,0.10667476803064346,TimeXer,0.13390272855758667,0.10667476803064346
1848,DLinear,0.027332449331879616,TimeXer,0.14159110188484192,0.11425865441560745,TimeXer,0.14159110188484192,0.11425865441560745
1849,DLinear,0.027829192578792572,TimeXer,0.1344539225101471,0.10662472993135452,TimeXer,0.1344539225101471,0.10662472993135452
1850,DLinear,0.02741607464849949,TimeXer,0.12862741947174072,0.10121134668588638,TimeXer,0.12862741947174072,0.10121134668588638
1851,DLinear,0.026293523609638214,TiDE,0.12828028202056885,0.10198675841093063,TimeXer,0.12885867059230804,0.10256514698266983
1852,DLinear,0.02621769905090332,TiDE,0.12650896608829498,0.10029126703739166,TimeXer,0.12650974094867706,0.10029204189777374
1853,DLinear,0.026237377896904945,TiDE,0.12398070842027664,0.09774333238601685,TimeXer,0.1281658262014389,0.10192845016717911
1854,DLinear,0.026112698018550873,TiDE,0.12232857942581177,0.0962158814072609,TimeXer,0.12539470195770264,0.09928200393915176
1855,DLinear,0.025955820456147194,TiDE,0.11761490255594254,0.09165908396244049,TimeXer,0.11878300458192825,0.09282718598842621
1856,DLinear,0.0252994354814291,TiDE,0.1096225455403328,0.08432310819625854,TimeXer,0.1180046871304512,0.09270524978637695
1857,DLinear,0.024781597778201103,TiDE,0.10185988992452621,0.07707829028367996,TimeXer,0.10978960990905762,0.08500801026821136
1858,DLinear,0.025472616776823997,TiDE,0.10414829850196838,0.07867567986249924,TimeXer,0.11071596294641495,0.0852433443069458
1859,DLinear,0.025460243225097656,TimeXer,0.10097074508666992,0.07551050186157227,TimeXer,0.10097074508666992,0.07551050186157227
1860,DLinear,0.026056775823235512,TimeXer,0.08984141796827316,0.0637846440076828,TimeXer,0.08984141796827316,0.0637846440076828
1861,DLinear,0.026846030727028847,TimeXer,0.09675264358520508,0.06990661472082138,TimeXer,0.09675264358520508,0.06990661472082138
1862,DLinear,0.026343761011958122,TimeXer,0.08439300209283829,0.058049239218235016,TimeXer,0.08439300209283829,0.058049239218235016
1863,DLinear,0.02483837492763996,TimeXer,0.08762392401695251,0.0627855509519577,TimeXer,0.08762392401695251,0.0627855509519577
1864,DLinear,0.025087788701057434,TimeXer,0.08591338247060776,0.060825593769550323,TimeXer,0.08591338247060776,0.060825593769550323
1865,DLinear,0.02470875345170498,TimeXer,0.07734917849302292,0.05264042317867279,TimeXer,0.07734917849302292,0.05264042317867279
1866,DLinear,0.02458322048187256,TimeXer,0.07070180028676987,0.04611857980489731,TimeXer,0.07070180028676987,0.04611857980489731
1867,DLinear,0.024691259488463402,TimeXer,0.0692545548081398,0.04456329345703125,TimeXer,0.0692545548081398,0.04456329345703125
1868,DLinear,0.024755334481596947,TimeXer,0.07347924262285233,0.04872390627861023,TimeXer,0.07347924262285233,0.04872390627861023
1869,DLinear,0.02506239153444767,TimeXer,0.06591620296239853,0.04085381329059601,TimeXer,0.06591620296239853,0.04085381329059601
1870,DLinear,0.025125108659267426,TimeXer,0.06619006395339966,0.04106495529413223,TimeXer,0.06619006395339966,0.04106495529413223
1871,DLinear,0.025935420766472816,TimeXer,0.06831934303045273,0.04238392412662506,TimeXer,0.06831934303045273,0.04238392412662506
1872,DLinear,0.02521064691245556,TimeXer,0.06881747394800186,0.043606825172901154,TimeXer,0.06881747394800186,0.043606825172901154
1873,DLinear,0.024377474561333656,TimeXer,0.07807350903749466,0.05369603633880615,TimeXer,0.07807350903749466,0.05369603633880615
1874,DLinear,0.023892955854535103,TimeXer,0.07787925750017166,0.05398630350828171,TimeXer,0.07787925750017166,0.05398630350828171
1875,DLinear,0.02366967499256134,TimeXer,0.07796210050582886,0.05429242551326752,TimeXer,0.07796210050582886,0.05429242551326752
1876,DLinear,0.023730382323265076,TimeXer,0.07972899824380875,0.05599861592054367,TimeXer,0.07972899824380875,0.05599861592054367
1877,DLinear,0.023432543501257896,PatchTST,0.08380667120218277,0.060374125838279724,TimeXer,0.08571437746286392,0.062281832098960876
1878,DLinear,0.023232975974678993,PatchTST,0.07429707795381546,0.051064103841781616,TimeXer,0.07732901722192764,0.0540960431098938
1879,DLinear,0.02410919964313507,TimeXer,0.0766732394695282,0.05256403982639313,TimeXer,0.0766732394695282,0.05256403982639313
1880,DLinear,0.0235199723392725,TimeXer,0.07690814882516861,0.05338817834854126,TimeXer,0.07690814882516861,0.05338817834854126
1881,DLinear,0.02328038215637207,TimeXer,0.07780220359563828,0.054521821439266205,TimeXer,0.07780220359563828,0.054521821439266205
1882,DLinear,0.023901792243123055,TimeXer,0.08396656066179276,0.06006477028131485,TimeXer,0.08396656066179276,0.06006477028131485
1883,DLinear,0.023337481543421745,TimeXer,0.0730423554778099,0.04970487207174301,TimeXer,0.0730423554778099,0.04970487207174301
1884,DLinear,0.023381611332297325,TimeXer,0.06069837883114815,0.03731676936149597,TimeXer,0.06069837883114815,0.03731676936149597
1885,DLinear,0.02358269691467285,TimeXer,0.060102302581071854,0.036519605666399,TimeXer,0.060102302581071854,0.036519605666399
1886,DLinear,0.023548051714897156,TimeXer,0.06558993458747864,0.04204188287258148,TimeXer,0.06558993458747864,0.04204188287258148
1887,DLinear,0.023367172107100487,PatchTST,0.07227364182472229,0.048906467854976654,TimeXer,0.07475750148296356,0.051390327513217926
1888,DLinear,0.02344387210905552,TimeXer,0.07000583410263062,0.046561963856220245,TimeXer,0.07000583410263062,0.046561963856220245
1889,DLinear,0.02390976808965206,TimeXer,0.07065952569246292,0.04674975574016571,TimeXer,0.07065952569246292,0.04674975574016571
1890,DLinear,0.023837551474571228,TimeXer,0.0683082714676857,0.04447071999311447,TimeXer,0.0683082714676857,0.04447071999311447
1891,DLinear,0.023831605911254883,TimeXer,0.06085923686623573,0.03702763095498085,TimeXer,0.06085923686623573,0.03702763095498085
1892,DLinear,0.02409525215625763,TimeXer,0.05927886441349983,0.0351836122572422,TimeXer,0.05927886441349983,0.0351836122572422
1893,DLinear,0.024066949263215065,TimeXer,0.0581987239420414,0.03413177281618118,TimeXer,0.0581987239420414,0.03413177281618118
1894,DLinear,0.02399931289255619,TimeXer,0.055832650512456894,0.031833335757255554,TimeXer,0.055832650512456894,0.031833335757255554
1895,DLinear,0.023859111592173576,TimeXer,0.05529503896832466,0.031435929238796234,TimeXer,0.05529503896832466,0.031435929238796234
1896,DLinear,0.024001801386475563,TimeXer,0.06000363826751709,0.036001838743686676,TimeXer,0.06000363826751709,0.036001838743686676
1897,DLinear,0.02403136156499386,TimeXer,0.05746127665042877,0.033429913222789764,TimeXer,0.05746127665042877,0.033429913222789764
1898,DLinear,0.023680614307522774,TimeXer,0.056241363286972046,0.03256075084209442,TimeXer,0.056241363286972046,0.03256075084209442
1899,DLinear,0.022804969921708107,TimeXer,0.0633736327290535,0.04056866466999054,TimeXer,0.0633736327290535,0.04056866466999054
1900,DLinear,0.023277023807168007,TimeXer,0.059888649731874466,0.03661162406206131,TimeXer,0.059888649731874466,0.03661162406206131
1901,DLinear,0.023063763976097107,TimeXer,0.060933951288461685,0.03787018731236458,TimeXer,0.060933951288461685,0.03787018731236458
1902,DLinear,0.02327072061598301,TimeXer,0.05998437479138374,0.036713652312755585,TimeXer,0.05998437479138374,0.036713652312755585
1903,DLinear,0.02305983006954193,TimeXer,0.062486886978149414,0.03942705690860748,TimeXer,0.062486886978149414,0.03942705690860748
1904,DLinear,0.022983262315392494,PatchTST,0.0678677037358284,0.044884443283081055,TimeXer,0.07219264656305313,0.049209386110305786
1905,DLinear,0.0229707732796669,TimeXer,0.06855472177267075,0.045583948493003845,TimeXer,0.06855472177267075,0.045583948493003845
1906,DLinear,0.023152688518166542,TimeXer,0.06220477819442749,0.0390520915389061,TimeXer,0.06220477819442749,0.0390520915389061
1907,DLinear,0.023587292060256004,TimeXer,0.05571265146136284,0.032125361263751984,TimeXer,0.05571265146136284,0.032125361263751984
1908,DLinear,0.024430610239505768,TimeXer,0.056270748376846313,0.031840138137340546,TimeXer,0.056270748376846313,0.031840138137340546
1909,DLinear,0.023845583200454712,TimeXer,0.060864467173814774,0.03701888397336006,TimeXer,0.060864467173814774,0.03701888397336006
1910,DLinear,0.0241091325879097,TimeXer,0.06098639965057373,0.03687726706266403,TimeXer,0.06098639965057373,0.03687726706266403
1911,DLinear,0.024346550926566124,TimeXer,0.06003861501812935,0.035692065954208374,TimeXer,0.06003861501812935,0.035692065954208374
1912,DLinear,0.02343893051147461,TimeXer,0.0686991810798645,0.04526025056838989,TimeXer,0.0686991810798645,0.04526025056838989
1913,DLinear,0.023851802572607994,TimeXer,0.06413307040929794,0.0402812659740448,TimeXer,0.06413307040929794,0.0402812659740448
1914,DLinear,0.023989178240299225,TimeXer,0.061163365840911865,0.03717418760061264,TimeXer,0.061163365840911865,0.03717418760061264
1915,DLinear,0.024097157642245293,TimeXer,0.06230044364929199,0.03820328414440155,TimeXer,0.06230044364929199,0.03820328414440155
1916,DLinear,0.023492759093642235,TimeXer,0.06608100980520248,0.0425882488489151,TimeXer,0.06608100980520248,0.0425882488489151
1917,DLinear,0.02352340705692768,TimeXer,0.06985494494438171,0.04633153975009918,TimeXer,0.06985494494438171,0.04633153975009918
1918,DLinear,0.023153847083449364,TimeXer,0.06996414810419083,0.046810299158096313,TimeXer,0.06996414810419083,0.046810299158096313
1919,DLinear,0.022684866562485695,TimeXer,0.08539942651987076,0.06271456182003021,TimeXer,0.08539942651987076,0.06271456182003021
1920,DLinear,0.022866807878017426,TiDE,0.08583659678697586,0.06296978890895844,TimeXer,0.09177657216787338,0.06890976428985596
1921,DLinear,0.02342592179775238,TiDE,0.08073007315397263,0.057304151356220245,TimeXer,0.08150367438793182,0.05807775259017944
1922,DLinear,0.023325294256210327,TimeXer,0.07715585827827454,0.05383056402206421,TimeXer,0.07715585827827454,0.05383056402206421
1923,DLinear,0.022648265585303307,TimeXer,0.07666263729333878,0.05401436984539032,TimeXer,0.07666263729333878,0.05401436984539032
1924,DLinear,0.02276107855141163,TimeXer,0.07517651468515396,0.05241543799638748,TimeXer,0.07517651468515396,0.05241543799638748
1925,DLinear,0.02243075519800186,TimeXer,0.07588355988264084,0.05345280468463898,TimeXer,0.07588355988264084,0.05345280468463898
1926,DLinear,0.022081071510910988,TimeXer,0.07870858162641525,0.056627511978149414,TimeXer,0.07870858162641525,0.056627511978149414
1927,DLinear,0.02231632173061371,TimeXer,0.08382722735404968,0.061510905623435974,TimeXer,0.08382722735404968,0.061510905623435974
1928,DLinear,0.02128097414970398,TimeXer,0.08692505210638046,0.06564407795667648,TimeXer,0.08692505210638046,0.06564407795667648
1929,DLinear,0.021423444151878357,TimeXer,0.07928324490785599,0.05785980075597763,TimeXer,0.07928324490785599,0.05785980075597763
1930,DLinear,0.021075287833809853,TimeXer,0.07719794660806656,0.056122660636901855,TimeXer,0.07719794660806656,0.056122660636901855
1931,DLinear,0.02126828022301197,TimeXer,0.07857348769903183,0.05730520933866501,TimeXer,0.07857348769903183,0.05730520933866501
1932,DLinear,0.021630950272083282,TimeXer,0.07336053997278214,0.05172958970069885,TimeXer,0.07336053997278214,0.05172958970069885
1933,DLinear,0.02190256118774414,TiDE,0.07817067950963974,0.0562681183218956,TimeXer,0.07853402942419052,0.05663146823644638
1934,DLinear,0.021730825304985046,TiDE,0.07801824063062668,0.05628741532564163,TimeXer,0.08882860094308853,0.06709777563810349
1935,DLinear,0.021983491256833076,TiDE,0.0737488865852356,0.05176539719104767,TimeXer,0.0905199870467186,0.06853649765253067
1936,DLinear,0.021983930841088295,TiDE,0.07402366399765015,0.052039735019207,TimeXer,0.08350042253732681,0.06151649355888367
1937,DLinear,0.022222325205802917,TiDE,0.06976258009672165,0.04754025489091873,TimeXer,0.07268255203962326,0.05046022683382034
1938,DLinear,0.02223794162273407,TiDE,0.07055079191923141,0.048312850296497345,TimeXer,0.07159589976072311,0.049357958137989044
1939,DLinear,0.022090917453169823,TimeXer,0.06390007585287094,0.04180915653705597,TimeXer,0.06390007585287094,0.04180915653705597
1940,DLinear,0.022054648026823997,TimeXer,0.06338786333799362,0.041333213448524475,TimeXer,0.06338786333799362,0.041333213448524475
1941,DLinear,0.021671732887625694,TimeXer,0.06061848998069763,0.03894675523042679,TimeXer,0.06061848998069763,0.03894675523042679
1942,DLinear,0.021730339154601097,TimeXer,0.06076058745384216,0.03903024643659592,TimeXer,0.06076058745384216,0.03903024643659592
1943,DLinear,0.021925097331404686,TimeXer,0.06983907520771027,0.04791397601366043,TimeXer,0.06983907520771027,0.04791397601366043
1944,DLinear,0.022052733227610588,TiDE,0.06837534159421921,0.04632260650396347,TimeXer,0.07211657613515854,0.0500638410449028
1945,DLinear,0.021645598113536835,TiDE,0.06590419262647629,0.04425859451293945,TimeXer,0.0791022852063179,0.05745668709278107
1946,DLinear,0.021334758028388023,TiDE,0.06756270676851273,0.04622794687747955,TimeXer,0.09118575602769852,0.06985099613666534
1947,DLinear,0.02123321034014225,TiDE,0.06730205565690994,0.04606884717941284,TimeXer,0.08826562017202377,0.06703241169452667
1948,DLinear,0.02119472064077854,TiDE,0.06853146106004715,0.04733674228191376,TimeXer,0.09410848468542099,0.0729137659072876
1949,DLinear,0.020383920520544052,TiDE,0.07180958241224289,0.05142566189169884,TimeXer,0.09476903825998306,0.07438512146472931
1950,DLinear,0.02070738561451435,TiDE,0.07075919955968857,0.050051815807819366,TimeXer,0.08105539530515671,0.060348011553287506
1951,DLinear,0.020631304010748863,TiDE,0.07058576494455338,0.04995445907115936,TimeXer,0.08306308835744858,0.062431782484054565
1952,DLinear,0.02014073170721531,TiDE,0.07265901565551758,0.05251828581094742,TimeXer,0.08634418249130249,0.06620345264673233
1953,DLinear,0.020192032679915428,TiDE,0.07726436108350754,0.05707232654094696,TimeXer,0.08477997034788132,0.06458793580532074
1954,DLinear,0.02029239572584629,TiDE,0.07949698716402054,0.0592045933008194,TimeXer,0.08290286362171173,0.06261046975851059
1955,DLinear,0.019859978929162025,TimeXer,0.07982202619314194,0.05996204912662506,TimeXer,0.07982202619314194,0.05996204912662506
1956,DLinear,0.02018808387219906,TimeXer,0.0848151445388794,0.06462705880403519,TimeXer,0.0848151445388794,0.06462705880403519
1957,DLinear,0.020333336666226387,TimeXer,0.08189021795988083,0.06155688315629959,TimeXer,0.08189021795988083,0.06155688315629959
1958,DLinear,0.020246637985110283,TimeXer,0.07925109565258026,0.05900445580482483,TimeXer,0.07925109565258026,0.05900445580482483
1959,DLinear,0.021112030372023582,TiDE,0.08472186326980591,0.06360983103513718,TimeXer,0.08913103491067886,0.06801900267601013
1960,DLinear,0.021722162142395973,TiDE,0.08327947556972504,0.06155731528997421,TimeXer,0.09265079349279404,0.07092863321304321
1961,DLinear,0.02255074493587017,TiDE,0.08544591814279556,0.06289517134428024,TimeXer,0.09012504667043686,0.06757429987192154
1962,DLinear,0.02310926280915737,TiDE,0.08579409122467041,0.06268482655286789,TimeXer,0.09035763144493103,0.06724836677312851
1963,DLinear,0.0237777978181839,TimeXer,0.07980241626501083,0.056024618446826935,TimeXer,0.07980241626501083,0.056024618446826935
1964,DLinear,0.025055522099137306,TimeXer,0.08434474468231201,0.059289224445819855,TimeXer,0.08434474468231201,0.059289224445819855
1965,DLinear,0.02526620589196682,TimeXer,0.08507108688354492,0.05980487912893295,TimeXer,0.08507108688354492,0.05980487912893295
1966,DLinear,0.025857126340270042,TimeXer,0.08313409984111786,0.05727697163820267,TimeXer,0.08313409984111786,0.05727697163820267
1967,DLinear,0.026217328384518623,TiDE,0.08672809600830078,0.06051076948642731,TimeXer,0.08808901160955429,0.06187168508768082
1968,DLinear,0.026389382779598236,TimeXer,0.08717026561498642,0.060780882835388184,TimeXer,0.08717026561498642,0.060780882835388184
1969,DLinear,0.02695404551923275,TimeXer,0.08619097620248795,0.059236928820610046,TimeXer,0.08619097620248795,0.059236928820610046
1970,DLinear,0.025501735508441925,PatchTST,0.08037843555212021,0.054876700043678284,TimeXer,0.08170852810144424,0.05620679259300232
1971,DLinear,0.02629014104604721,TimeXer,0.08302095532417297,0.05673081427812576,TimeXer,0.08302095532417297,0.05673081427812576
1972,DLinear,0.026079362258315086,TimeXer,0.07929360121488571,0.053214237093925476,TimeXer,0.07929360121488571,0.053214237093925476
1973,DLinear,0.025837117806077003,TimeXer,0.07592350244522095,0.05008638650178909,TimeXer,0.07592350244522095,0.05008638650178909
1974,DLinear,0.02594190277159214,TimeXer,0.08027688413858414,0.054334983229637146,TimeXer,0.08027688413858414,0.054334983229637146
1975,DLinear,0.026256784796714783,PatchTST,0.0794714167714119,0.05321463197469711,TimeXer,0.08622664958238602,0.059969864785671234
1976,DLinear,0.026374364271759987,PatchTST,0.08072126656770706,0.054346904158592224,TimeXer,0.08991051465272903,0.0635361522436142
1977,DLinear,0.026125097647309303,PatchTST,0.0758432075381279,0.049718111753463745,TimeXer,0.08158307522535324,0.05545797944068909
1978,DLinear,0.02720884419977665,PatchTST,0.07708025723695755,0.04987141489982605,TimeXer,0.08334612101316452,0.05613727867603302
1979,DLinear,0.025995096191763878,TimeXer,0.06920536607503891,0.04321026802062988,TimeXer,0.06920536607503891,0.04321026802062988
1980,DLinear,0.024951955303549767,TiDE,0.06693235784769058,0.041980400681495667,TimeXer,0.07524120062589645,0.05028924345970154
1981,DLinear,0.024991974234580994,TiDE,0.06366541981697083,0.03867344558238983,TimeXer,0.07564301043748856,0.05065103620290756
1982,DLinear,0.02517211250960827,TiDE,0.06008736789226532,0.0349152535200119,TimeXer,0.0718364268541336,0.04666431248188019
1983,DLinear,0.025196367874741554,TiDE,0.05367742106318474,0.028481053188443184,TimeXer,0.07424914836883545,0.049052782356739044
1984,DLinear,0.025116240605711937,TiDE,0.04916168749332428,0.024045446887612343,TimeXer,0.06714501976966858,0.04202877730131149
1985,DLinear,0.025657540187239647,TiDE,0.04540727660059929,0.019749736413359642,TimeXer,0.05846424028277397,0.032806701958179474
1986,DLinear,0.027004703879356384,TiDE,0.037877101451158524,0.01087239757180214,TimeXer,0.04667051509022713,0.019665811210870743
1987,DLinear,0.02657529152929783,PatchTST,0.0379011332988739,0.011325841769576073,TimeXer,0.04225547984242439,0.015680188313126564
1988,DLinear,0.027824267745018005,PatchTST,0.03166649118065834,0.003842223435640335,TimeXer,0.0355013832449913,0.007677115499973297
1989,PatchTST,0.02723163366317749,DLinear,0.028004402294754982,0.0007727686315774918,TimeXer,0.030230259522795677,0.002998625859618187
1990,PatchTST,0.021610742434859276,TimeXer,0.024796761572360992,0.0031860191375017166,TimeXer,0.024796761572360992,0.0031860191375017166
1991,PatchTST,0.020186254754662514,TimeXer,0.02112770639359951,0.0009414516389369965,TimeXer,0.02112770639359951,0.0009414516389369965
1992,TimeXer,0.01748678833246231,PatchTST,0.020040763542056084,0.002553975209593773,TimeXer,0.01748678833246231,0.0
1993,TimeXer,0.016773633658885956,PatchTST,0.017887642607092857,0.0011140089482069016,TimeXer,0.016773633658885956,0.0
1994,TimeXer,0.01464365515857935,PatchTST,0.019316749647259712,0.004673094488680363,TimeXer,0.01464365515857935,0.0
1995,TimeXer,0.0145430201664567,PatchTST,0.017057983204722404,0.002514963038265705,TimeXer,0.0145430201664567,0.0
1996,TimeXer,0.015285401605069637,PatchTST,0.01751137338578701,0.002225971780717373,TimeXer,0.015285401605069637,0.0
1997,TimeXer,0.01564694009721279,PatchTST,0.017161287367343903,0.0015143472701311111,TimeXer,0.01564694009721279,0.0
1998,PatchTST,0.01633394882082939,TimeXer,0.01655460149049759,0.00022065266966819763,TimeXer,0.01655460149049759,0.00022065266966819763
1999,PatchTST,0.017590774223208427,TimeXer,0.01814265362918377,0.0005518794059753418,TimeXer,0.01814265362918377,0.0005518794059753418
2000,PatchTST,0.019235605373978615,TimeXer,0.02029651589691639,0.0010609105229377747,TimeXer,0.02029651589691639,0.0010609105229377747
2001,PatchTST,0.01892286352813244,TimeXer,0.022407034412026405,0.0034841708838939667,TimeXer,0.022407034412026405,0.0034841708838939667
2002,PatchTST,0.020529812201857567,TiDE,0.024795619770884514,0.004265807569026947,TimeXer,0.025439733639359474,0.004909921437501907
2003,PatchTST,0.01934821531176567,TimeXer,0.023449182510375977,0.004100967198610306,TimeXer,0.023449182510375977,0.004100967198610306
2004,TimeXer,0.01950969733297825,PatchTST,0.019642509520053864,0.00013281218707561493,TimeXer,0.01950969733297825,0.0
2005,TimeXer,0.019571326673030853,PatchTST,0.020414909347891808,0.0008435826748609543,TimeXer,0.019571326673030853,0.0
2006,TimeXer,0.01886272430419922,PatchTST,0.02012690342962742,0.0012641791254281998,TimeXer,0.01886272430419922,0.0
2007,TimeXer,0.019251076504588127,PatchTST,0.02021833322942257,0.0009672567248344421,TimeXer,0.019251076504588127,0.0
2008,TimeXer,0.02027151919901371,PatchTST,0.021481052041053772,0.001209532842040062,TimeXer,0.02027151919901371,0.0
2009,TimeXer,0.020865002647042274,PatchTST,0.022170772776007652,0.0013057701289653778,TimeXer,0.020865002647042274,0.0
2010,TimeXer,0.023114264011383057,PatchTST,0.02338244952261448,0.0002681855112314224,TimeXer,0.023114264011383057,0.0
2011,TiDE,0.024130292236804962,PatchTST,0.024659687653183937,0.0005293954163789749,TimeXer,0.024730278179049492,0.0005999859422445297
2012,TiDE,0.022757669910788536,PatchTST,0.023941904306411743,0.001184234395623207,TimeXer,0.02607923187315464,0.003321561962366104
2013,TiDE,0.02300959825515747,PatchTST,0.024399755522608757,0.0013901572674512863,TimeXer,0.02728138118982315,0.00427178293466568
2014,TiDE,0.024058034643530846,PatchTST,0.024464160203933716,0.0004061255604028702,TimeXer,0.02934328280389309,0.005285248160362244
2015,TiDE,0.022466721013188362,PatchTST,0.024531513452529907,0.002064792439341545,TimeXer,0.028719350695610046,0.006252629682421684
2016,TiDE,0.02380061149597168,PatchTST,0.026977578178048134,0.003176966682076454,TimeXer,0.02737114392220974,0.00357053242623806
2017,TiDE,0.02289869450032711,TimeXer,0.02702474594116211,0.004126051440834999,TimeXer,0.02702474594116211,0.004126051440834999
2018,TiDE,0.022937742993235588,TimeXer,0.026672936975955963,0.003735193982720375,TimeXer,0.026672936975955963,0.003735193982720375
2019,TiDE,0.023773303255438805,TimeXer,0.030893413349986076,0.007120110094547272,TimeXer,0.030893413349986076,0.007120110094547272
2020,TiDE,0.024105971679091454,PatchTST,0.033652413636446,0.009546441957354546,TimeXer,0.03663503751158714,0.01252906583249569
2021,TiDE,0.026106351986527443,PatchTST,0.03501269593834877,0.008906343951821327,TimeXer,0.04081420227885246,0.01470785029232502
2022,TiDE,0.027470678091049194,PatchTST,0.035568565130233765,0.00809788703918457,TimeXer,0.046469926834106445,0.01899924874305725
2023,TiDE,0.026681432500481606,PatchTST,0.032874997705221176,0.006193565204739571,TimeXer,0.04526833817362785,0.018586905673146248
2024,TiDE,0.027691414579749107,PatchTST,0.035874877125024796,0.008183462545275688,TimeXer,0.04085499048233032,0.013163575902581215
2025,TiDE,0.02802222967147827,PatchTST,0.03715120628476143,0.009128976613283157,TimeXer,0.04263931140303612,0.014617081731557846
2026,TiDE,0.028936414048075676,PatchTST,0.038390908390283585,0.009454494342207909,TimeXer,0.03873496130108833,0.009798547253012657
2027,TiDE,0.027450265362858772,PatchTST,0.03529738262295723,0.007847117260098457,TimeXer,0.03575016185641289,0.008299896493554115
2028,TiDE,0.029849961400032043,TimeXer,0.035774338990449905,0.005924377590417862,TimeXer,0.035774338990449905,0.005924377590417862
2029,TiDE,0.029692405834794044,TimeXer,0.0353730171918869,0.005680611357092857,TimeXer,0.0353730171918869,0.005680611357092857
2030,TiDE,0.02860228717327118,TimeXer,0.034589704126119614,0.0059874169528484344,TimeXer,0.034589704126119614,0.0059874169528484344
2031,TiDE,0.0299410130828619,PatchTST,0.03594058379530907,0.0059995707124471664,TimeXer,0.037408601492643356,0.007467588409781456
2032,TiDE,0.03153940662741661,PatchTST,0.03700202330946922,0.005462616682052612,TimeXer,0.03733433410525322,0.005794927477836609
2033,TiDE,0.03352777287364006,PatchTST,0.038515832275152206,0.004988059401512146,TimeXer,0.03858688101172447,0.005059108138084412
2034,TiDE,0.036123793572187424,TimeXer,0.04098255932331085,0.004858765751123428,TimeXer,0.04098255932331085,0.004858765751123428
2035,TiDE,0.0380246601998806,TimeXer,0.04484862461686134,0.006823964416980743,TimeXer,0.04484862461686134,0.006823964416980743
2036,TiDE,0.03833305463194847,TimeXer,0.04397699236869812,0.005643937736749649,TimeXer,0.04397699236869812,0.005643937736749649
2037,TiDE,0.03992316499352455,TimeXer,0.04659174755215645,0.006668582558631897,TimeXer,0.04659174755215645,0.006668582558631897
2038,TiDE,0.042565230280160904,TimeXer,0.05017344281077385,0.0076082125306129456,TimeXer,0.05017344281077385,0.0076082125306129456
2039,TiDE,0.04477113485336304,PatchTST,0.054635584354400635,0.009864449501037598,TimeXer,0.05591761693358421,0.011146482080221176
2040,TiDE,0.04732200875878334,PatchTST,0.05434606969356537,0.007024060934782028,TimeXer,0.058565329760313034,0.011243321001529694
2041,TiDE,0.05009567737579346,PatchTST,0.05801646038889885,0.007920783013105392,TimeXer,0.06374471634626389,0.013649038970470428
2042,TiDE,0.05215691402554512,PatchTST,0.06032465398311615,0.00816773995757103,TimeXer,0.06950018554925919,0.017343271523714066
2043,TiDE,0.054819803684949875,PatchTST,0.061605606228113174,0.0067858025431632996,TimeXer,0.07396423816680908,0.019144434481859207
2044,TiDE,0.05581209436058998,PatchTST,0.06800521165132523,0.012193117290735245,TimeXer,0.0768161490559578,0.021004054695367813
2045,TiDE,0.05882648006081581,PatchTST,0.07461640238761902,0.015789922326803207,TimeXer,0.08209597319364548,0.023269493132829666
2046,TiDE,0.06249459460377693,PatchTST,0.07829735428094864,0.015802759677171707,TimeXer,0.09024100750684738,0.02774641290307045
2047,TiDE,0.06558264791965485,PatchTST,0.07896573096513748,0.013383083045482635,TimeXer,0.09323536604642868,0.027652718126773834
2048,TiDE,0.06948376446962357,PatchTST,0.08354312181472778,0.014059357345104218,TimeXer,0.09684916585683823,0.02736540138721466
2049,TiDE,0.07276755571365356,PatchTST,0.08810900896787643,0.01534145325422287,TimeXer,0.09735703468322754,0.024589478969573975
2050,TiDE,0.07621022313833237,PatchTST,0.09053131192922592,0.014321088790893555,TimeXer,0.10354593396186829,0.02733571082353592
2051,TiDE,0.08114220947027206,PatchTST,0.09513934701681137,0.013997137546539307,TimeXer,0.11254444718360901,0.031402237713336945
2052,TiDE,0.08695175498723984,PatchTST,0.09987594932317734,0.0129241943359375,TimeXer,0.11319535970687866,0.026243604719638824
2053,TiDE,0.08935334533452988,PatchTST,0.10741817206144333,0.018064826726913452,TimeXer,0.11795329302549362,0.028599947690963745
2054,TiDE,0.09300026297569275,PatchTST,0.11013203859329224,0.017131775617599487,TimeXer,0.11643121391534805,0.023430950939655304
2055,TiDE,0.09564461559057236,PatchTST,0.10896749049425125,0.013322874903678894,TimeXer,0.1108429804444313,0.015198364853858948
2056,TiDE,0.10143927484750748,TimeXer,0.11566800624132156,0.014228731393814087,TimeXer,0.11566800624132156,0.014228731393814087
2057,TiDE,0.10967446118593216,TimeXer,0.12351154536008835,0.013837084174156189,TimeXer,0.12351154536008835,0.013837084174156189
2058,TiDE,0.1121942326426506,TimeXer,0.12658776342868805,0.014393530786037445,TimeXer,0.12658776342868805,0.014393530786037445
2059,TiDE,0.11574206501245499,TimeXer,0.12316068261861801,0.007418617606163025,TimeXer,0.12316068261861801,0.007418617606163025
2060,TimeXer,0.11632383614778519,TiDE,0.11992906779050827,0.0036052316427230835,TimeXer,0.11632383614778519,0.0
2061,TimeXer,0.1256130486726761,TiDE,0.12595203518867493,0.00033898651599884033,TimeXer,0.1256130486726761,0.0
2062,TimeXer,0.12695278227329254,TiDE,0.13239194452762604,0.005439162254333496,TimeXer,0.12695278227329254,0.0
2063,TimeXer,0.11601678282022476,TiDE,0.13572818040847778,0.01971139758825302,TimeXer,0.11601678282022476,0.0
2064,TimeXer,0.12993045151233673,TiDE,0.13863052427768707,0.008700072765350342,TimeXer,0.12993045151233673,0.0
2065,TimeXer,0.12853528559207916,TiDE,0.14194969832897186,0.0134144127368927,TimeXer,0.12853528559207916,0.0
2066,TimeXer,0.1315566748380661,TiDE,0.14307434856891632,0.01151767373085022,TimeXer,0.1315566748380661,0.0
2067,TimeXer,0.1386096030473709,TiDE,0.14542217552661896,0.006812572479248047,TimeXer,0.1386096030473709,0.0
2068,TimeXer,0.14348475635051727,TiDE,0.1457633078098297,0.002278551459312439,TimeXer,0.14348475635051727,0.0
2069,TimeXer,0.1451600044965744,TiDE,0.1461891382932663,0.0010291337966918945,TimeXer,0.1451600044965744,0.0
2070,TiDE,0.15201471745967865,TimeXer,0.154394268989563,0.0023795515298843384,TimeXer,0.154394268989563,0.0023795515298843384
2071,TiDE,0.15432433784008026,PatchTST,0.15535032749176025,0.0010259896516799927,TimeXer,0.15644560754299164,0.002121269702911377
2072,TimeXer,0.16040097177028656,TiDE,0.16202552616596222,0.0016245543956756592,TimeXer,0.16040097177028656,0.0
2073,TiDE,0.1656128317117691,PatchTST,0.16691488027572632,0.0013020485639572144,TimeXer,0.16865003108978271,0.003037199378013611
2074,PatchTST,0.16538602113723755,TimeXer,0.17067517340183258,0.005289152264595032,TimeXer,0.17067517340183258,0.005289152264595032
2075,PatchTST,0.16534577310085297,TiDE,0.1706385761499405,0.005292803049087524,TimeXer,0.17714428901672363,0.011798515915870667
2076,PatchTST,0.16652341187000275,TiDE,0.17365340888500214,0.00712999701499939,TimeXer,0.17479650676250458,0.008273094892501831
2077,PatchTST,0.16618944704532623,TiDE,0.17380265891551971,0.0076132118701934814,TimeXer,0.17845280468463898,0.012263357639312744
2078,TimeXer,0.17381443083286285,PatchTST,0.1741289645433426,0.00031453371047973633,TimeXer,0.17381443083286285,0.0
2079,TimeXer,0.16979165375232697,PatchTST,0.17609308660030365,0.006301432847976685,TimeXer,0.16979165375232697,0.0
2080,TimeXer,0.17173326015472412,PatchTST,0.17844854295253754,0.0067152827978134155,TimeXer,0.17173326015472412,0.0
2081,TimeXer,0.16479666531085968,PatchTST,0.1788746863603592,0.014078021049499512,TimeXer,0.16479666531085968,0.0
2082,TimeXer,0.16283409297466278,PatchTST,0.17101643979549408,0.008182346820831299,TimeXer,0.16283409297466278,0.0
2083,TimeXer,0.16718292236328125,PatchTST,0.17072279751300812,0.0035398751497268677,TimeXer,0.16718292236328125,0.0
2084,TimeXer,0.1690494865179062,PatchTST,0.170613095164299,0.0015636086463928223,TimeXer,0.1690494865179062,0.0
2085,PatchTST,0.17044252157211304,TimeXer,0.17248065769672394,0.002038136124610901,TimeXer,0.17248065769672394,0.002038136124610901
2086,TiDE,0.17370136082172394,TimeXer,0.17507736384868622,0.0013760030269622803,TimeXer,0.17507736384868622,0.0013760030269622803
2087,TimeXer,0.17135091125965118,PatchTST,0.1774379163980484,0.006087005138397217,TimeXer,0.17135091125965118,0.0
2088,TimeXer,0.18114809691905975,TiDE,0.18415206670761108,0.0030039697885513306,TimeXer,0.18114809691905975,0.0
2089,TiDE,0.18738311529159546,PatchTST,0.18837469816207886,0.0009915828704833984,TimeXer,0.1925961971282959,0.0052130818367004395
2090,PatchTST,0.18051744997501373,TiDE,0.18532776832580566,0.004810318350791931,TimeXer,0.19046223163604736,0.00994478166103363
2091,PatchTST,0.1810937523841858,TiDE,0.18612146377563477,0.005027711391448975,TimeXer,0.19651325047016144,0.015419498085975647
2092,TiDE,0.18488971889019012,PatchTST,0.18742084503173828,0.0025311261415481567,TimeXer,0.20686431229114532,0.0219745934009552
2093,TiDE,0.1862301230430603,PatchTST,0.19028125703334808,0.004051133990287781,TimeXer,0.20636706054210663,0.020136937499046326
2094,TiDE,0.18574826419353485,TimeXer,0.19226141273975372,0.006513148546218872,TimeXer,0.19226141273975372,0.006513148546218872
2095,TimeXer,0.16816066205501556,TiDE,0.18895821273326874,0.020797550678253174,TimeXer,0.16816066205501556,0.0
2096,TimeXer,0.17007891833782196,TiDE,0.19932883977890015,0.029249921441078186,TimeXer,0.17007891833782196,0.0
2097,TimeXer,0.18648438155651093,TiDE,0.20509906113147736,0.01861467957496643,TimeXer,0.18648438155651093,0.0
2098,PatchTST,0.2014937400817871,TimeXer,0.20434953272342682,0.0028557926416397095,TimeXer,0.20434953272342682,0.0028557926416397095
2099,PatchTST,0.21095366775989532,TiDE,0.21363507211208344,0.0026814043521881104,TimeXer,0.22104597091674805,0.010092303156852722
2100,TiDE,0.21893702447414398,TimeXer,0.22517524659633636,0.006238222122192383,TimeXer,0.22517524659633636,0.006238222122192383
2101,TimeXer,0.23221099376678467,TiDE,0.23551034927368164,0.0032993555068969727,TimeXer,0.23221099376678467,0.0
2102,TiDE,0.2485385537147522,TimeXer,0.2558344006538391,0.007295846939086914,TimeXer,0.2558344006538391,0.007295846939086914
2103,TimeXer,0.23446840047836304,TiDE,0.2471349835395813,0.012666583061218262,TimeXer,0.23446840047836304,0.0
2104,TimeXer,0.2272014617919922,TiDE,0.25014129281044006,0.022939831018447876,TimeXer,0.2272014617919922,0.0
2105,TimeXer,0.23566561937332153,PatchTST,0.24774880707263947,0.012083187699317932,TimeXer,0.23566561937332153,0.0
2106,PatchTST,0.24776405096054077,TimeXer,0.2605213224887848,0.012757271528244019,TimeXer,0.2605213224887848,0.012757271528244019
2107,PatchTST,0.24658696353435516,TimeXer,0.26140692830085754,0.01481996476650238,TimeXer,0.26140692830085754,0.01481996476650238
2108,TiDE,0.26500463485717773,TimeXer,0.27132079005241394,0.006316155195236206,TimeXer,0.27132079005241394,0.006316155195236206
2109,TiDE,0.2652868926525116,TimeXer,0.2709748148918152,0.005687922239303589,TimeXer,0.2709748148918152,0.005687922239303589
2110,TimeXer,0.24613557755947113,TiDE,0.2681286633014679,0.021993085741996765,TimeXer,0.24613557755947113,0.0
2111,TimeXer,0.20822614431381226,TiDE,0.2678473889827728,0.05962124466896057,TimeXer,0.20822614431381226,0.0
2112,TimeXer,0.22392821311950684,TiDE,0.2783412039279938,0.05441299080848694,TimeXer,0.22392821311950684,0.0
2113,TimeXer,0.23217545449733734,PatchTST,0.27314549684524536,0.04097004234790802,TimeXer,0.23217545449733734,0.0
2114,TimeXer,0.26167333126068115,PatchTST,0.2731896936893463,0.011516362428665161,TimeXer,0.26167333126068115,0.0
2115,TimeXer,0.2637220323085785,PatchTST,0.2647551894187927,0.0010331571102142334,TimeXer,0.2637220323085785,0.0
2116,TimeXer,0.27281293272972107,PatchTST,0.28270453214645386,0.009891599416732788,TimeXer,0.27281293272972107,0.0
2117,TimeXer,0.27706196904182434,PatchTST,0.2809283137321472,0.003866344690322876,TimeXer,0.27706196904182434,0.0
2118,TiDE,0.28308019042015076,PatchTST,0.28740787506103516,0.004327684640884399,TimeXer,0.29670384526252747,0.013623654842376709
2119,TiDE,0.2832636833190918,TimeXer,0.2900693118572235,0.006805628538131714,TimeXer,0.2900693118572235,0.006805628538131714
2120,TiDE,0.28104305267333984,TimeXer,0.28623634576797485,0.00519329309463501,TimeXer,0.28623634576797485,0.00519329309463501
2121,TiDE,0.28069278597831726,TimeXer,0.2866518795490265,0.0059590935707092285,TimeXer,0.2866518795490265,0.0059590935707092285
2122,TiDE,0.28136321902275085,TimeXer,0.2824572026729584,0.0010939836502075195,TimeXer,0.2824572026729584,0.0010939836502075195
2123,TiDE,0.2833549380302429,TimeXer,0.289510577917099,0.006155639886856079,TimeXer,0.289510577917099,0.006155639886856079
2124,TiDE,0.27659034729003906,PatchTST,0.2950480282306671,0.018457680940628052,TimeXer,0.2971310317516327,0.020540684461593628
2125,TiDE,0.27832528948783875,TimeXer,0.2922472655773163,0.013921976089477539,TimeXer,0.2922472655773163,0.013921976089477539
2126,TiDE,0.2826659381389618,PatchTST,0.2957146167755127,0.013048678636550903,TimeXer,0.29574403166770935,0.013078093528747559
2127,TimeXer,0.2892597019672394,TiDE,0.29008176922798157,0.0008220672607421875,TimeXer,0.2892597019672394,0.0
2128,TimeXer,0.27324119210243225,TiDE,0.2906518578529358,0.01741066575050354,TimeXer,0.27324119210243225,0.0
2129,TimeXer,0.2813010513782501,TiDE,0.2899731695652008,0.008672118186950684,TimeXer,0.2813010513782501,0.0
2130,TiDE,0.2917846441268921,TimeXer,0.29984143376350403,0.008056789636611938,TimeXer,0.29984143376350403,0.008056789636611938
2131,TiDE,0.301770955324173,TimeXer,0.3086197078227997,0.006848752498626709,TimeXer,0.3086197078227997,0.006848752498626709
2132,TiDE,0.30932319164276123,TimeXer,0.3137289583683014,0.004405766725540161,TimeXer,0.3137289583683014,0.004405766725540161
2133,TimeXer,0.3117813169956207,TiDE,0.315514475107193,0.0037331581115722656,TimeXer,0.3117813169956207,0.0
2134,TiDE,0.31942084431648254,TimeXer,0.321882039308548,0.0024611949920654297,TimeXer,0.321882039308548,0.0024611949920654297
2135,TiDE,0.31672370433807373,TimeXer,0.31707504391670227,0.00035133957862854004,TimeXer,0.31707504391670227,0.00035133957862854004
2136,TiDE,0.3145543336868286,TimeXer,0.32765117287635803,0.013096839189529419,TimeXer,0.32765117287635803,0.013096839189529419
2137,TiDE,0.3182261884212494,TimeXer,0.3274739682674408,0.009247779846191406,TimeXer,0.3274739682674408,0.009247779846191406
2138,TiDE,0.32412800192832947,TimeXer,0.3358791768550873,0.011751174926757812,TimeXer,0.3358791768550873,0.011751174926757812
2139,TiDE,0.3314647972583771,PatchTST,0.3477396070957184,0.01627480983734131,TimeXer,0.3549398183822632,0.02347502112388611
2140,TiDE,0.33360448479652405,PatchTST,0.347213476896286,0.013608992099761963,TimeXer,0.36084723472595215,0.0272427499294281
2141,TiDE,0.33045443892478943,PatchTST,0.33592602610588074,0.005471587181091309,TimeXer,0.34377145767211914,0.013317018747329712
2142,TiDE,0.3262222111225128,PatchTST,0.32903119921684265,0.002808988094329834,TimeXer,0.3456585705280304,0.019436359405517578
2143,PatchTST,0.3193310499191284,TiDE,0.3198374807834625,0.0005064308643341064,TimeXer,0.3347729444503784,0.01544189453125
2144,PatchTST,0.30453217029571533,TiDE,0.31171295046806335,0.0071807801723480225,TimeXer,0.3162412643432617,0.011709094047546387
2145,PatchTST,0.3059288263320923,TimeXer,0.31517457962036133,0.009245753288269043,TimeXer,0.31517457962036133,0.009245753288269043
2146,PatchTST,0.3148748576641083,TimeXer,0.3236321806907654,0.008757323026657104,TimeXer,0.3236321806907654,0.008757323026657104
2147,PatchTST,0.31169939041137695,TiDE,0.3200925290584564,0.008393138647079468,TimeXer,0.3252284824848175,0.013529092073440552
2148,PatchTST,0.309330016374588,TimeXer,0.3115867078304291,0.0022566914558410645,TimeXer,0.3115867078304291,0.0022566914558410645
2149,TimeXer,0.2878420948982239,TiDE,0.3020724952220917,0.014230400323867798,TimeXer,0.2878420948982239,0.0
2150,TimeXer,0.2929321527481079,TiDE,0.3060707747936249,0.013138622045516968,TimeXer,0.2929321527481079,0.0
2151,TimeXer,0.2824235260486603,PatchTST,0.2935900390148163,0.011166512966156006,TimeXer,0.2824235260486603,0.0
2152,TimeXer,0.2846072018146515,PatchTST,0.28928354382514954,0.004676342010498047,TimeXer,0.2846072018146515,0.0
2153,TimeXer,0.27110305428504944,PatchTST,0.2776728570461273,0.006569802761077881,TimeXer,0.27110305428504944,0.0
2154,PatchTST,0.2430148869752884,TimeXer,0.2500384747982025,0.0070235878229141235,TimeXer,0.2500384747982025,0.0070235878229141235
2155,TimeXer,0.2476523518562317,PatchTST,0.25280776619911194,0.005155414342880249,TimeXer,0.2476523518562317,0.0
2156,TimeXer,0.24861793220043182,PatchTST,0.2550787627696991,0.006460830569267273,TimeXer,0.24861793220043182,0.0
2157,PatchTST,0.2572324573993683,TimeXer,0.2604708969593048,0.0032384395599365234,TimeXer,0.2604708969593048,0.0032384395599365234
2158,PatchTST,0.26662012934684753,TiDE,0.2743188440799713,0.007698714733123779,TimeXer,0.27736547589302063,0.010745346546173096
2159,PatchTST,0.26274779438972473,TimeXer,0.2753821909427643,0.01263439655303955,TimeXer,0.2753821909427643,0.01263439655303955
2160,PatchTST,0.27053430676460266,TiDE,0.27763524651527405,0.007100939750671387,TimeXer,0.2809891998767853,0.010454893112182617
2161,PatchTST,0.2742377817630768,TimeXer,0.2782129943370819,0.003975212574005127,TimeXer,0.2782129943370819,0.003975212574005127
2162,PatchTST,0.27818092703819275,TimeXer,0.28500592708587646,0.006825000047683716,TimeXer,0.28500592708587646,0.006825000047683716
2163,TiDE,0.2833315432071686,PatchTST,0.2859407365322113,0.0026091933250427246,TimeXer,0.28781720995903015,0.004485666751861572
2164,PatchTST,0.2720458507537842,TiDE,0.2764406204223633,0.0043947696685791016,TimeXer,0.2897626459598541,0.017716795206069946
2165,TiDE,0.27971163392066956,PatchTST,0.2798556387424469,0.00014400482177734375,TimeXer,0.2867654860019684,0.007053852081298828
2166,PatchTST,0.2844863831996918,TiDE,0.2848828136920929,0.00039643049240112305,TimeXer,0.29731687903404236,0.012830495834350586
2167,PatchTST,0.25485578179359436,TiDE,0.2746000289916992,0.01974424719810486,TimeXer,0.2884252369403839,0.03356945514678955
2168,PatchTST,0.25473377108573914,TiDE,0.27412518858909607,0.019391417503356934,TimeXer,0.285793274641037,0.03105950355529785
2169,PatchTST,0.2522498369216919,TiDE,0.27618956565856934,0.02393972873687744,TimeXer,0.28373053669929504,0.03148069977760315
2170,PatchTST,0.27459654211997986,TimeXer,0.2841077744960785,0.009511232376098633,TimeXer,0.2841077744960785,0.009511232376098633
2171,PatchTST,0.2926699221134186,TimeXer,0.2970927655696869,0.0044228434562683105,TimeXer,0.2970927655696869,0.0044228434562683105
2172,TimeXer,0.30001747608184814,PatchTST,0.3038875162601471,0.00387004017829895,TimeXer,0.30001747608184814,0.0
2173,TimeXer,0.29105332493782043,PatchTST,0.30765095353126526,0.016597628593444824,TimeXer,0.29105332493782043,0.0
2174,TimeXer,0.2767960727214813,PatchTST,0.2920507490634918,0.015254676342010498,TimeXer,0.2767960727214813,0.0
2175,TimeXer,0.27469977736473083,PatchTST,0.29129812121391296,0.01659834384918213,TimeXer,0.27469977736473083,0.0
2176,TimeXer,0.2702087163925171,PatchTST,0.2899784743785858,0.019769757986068726,TimeXer,0.2702087163925171,0.0
2177,TimeXer,0.2737875282764435,PatchTST,0.28189048171043396,0.008102953433990479,TimeXer,0.2737875282764435,0.0
2178,TimeXer,0.28676638007164,PatchTST,0.2952217757701874,0.008455395698547363,TimeXer,0.28676638007164,0.0
2179,PatchTST,0.30531641840934753,TimeXer,0.30705904960632324,0.001742631196975708,TimeXer,0.30705904960632324,0.001742631196975708
2180,PatchTST,0.3074127435684204,TimeXer,0.3077804744243622,0.00036773085594177246,TimeXer,0.3077804744243622,0.00036773085594177246
2181,TimeXer,0.3119182884693146,PatchTST,0.3149570822715759,0.0030387938022613525,TimeXer,0.3119182884693146,0.0
2182,PatchTST,0.300144761800766,TimeXer,0.3159622848033905,0.01581752300262451,TimeXer,0.3159622848033905,0.01581752300262451
2183,PatchTST,0.2883702516555786,TimeXer,0.30518126487731934,0.016811013221740723,TimeXer,0.30518126487731934,0.016811013221740723
2184,PatchTST,0.2915339767932892,TimeXer,0.3188493549823761,0.027315378189086914,TimeXer,0.3188493549823761,0.027315378189086914
2185,PatchTST,0.29233285784721375,TimeXer,0.31400662660598755,0.021673768758773804,TimeXer,0.31400662660598755,0.021673768758773804
2186,PatchTST,0.29567384719848633,TimeXer,0.29928287863731384,0.0036090314388275146,TimeXer,0.29928287863731384,0.0036090314388275146
2187,TimeXer,0.28940150141716003,PatchTST,0.298024445772171,0.008622944355010986,TimeXer,0.28940150141716003,0.0
2188,TimeXer,0.28014135360717773,PatchTST,0.2887450158596039,0.008603662252426147,TimeXer,0.28014135360717773,0.0
2189,TimeXer,0.28212088346481323,PatchTST,0.3057571053504944,0.023636221885681152,TimeXer,0.28212088346481323,0.0
2190,TimeXer,0.26139774918556213,PatchTST,0.2649807631969452,0.0035830140113830566,TimeXer,0.26139774918556213,0.0
2191,TimeXer,0.22466535866260529,PatchTST,0.23893697559833527,0.01427161693572998,TimeXer,0.22466535866260529,0.0
2192,PatchTST,0.23851154744625092,TimeXer,0.24655450880527496,0.008042961359024048,TimeXer,0.24655450880527496,0.008042961359024048
2193,PatchTST,0.2718368470668793,TimeXer,0.2835819721221924,0.01174512505531311,TimeXer,0.2835819721221924,0.01174512505531311
2194,PatchTST,0.24558939039707184,TimeXer,0.2641143798828125,0.01852498948574066,TimeXer,0.2641143798828125,0.01852498948574066
2195,PatchTST,0.25172027945518494,TimeXer,0.2683875560760498,0.016667276620864868,TimeXer,0.2683875560760498,0.016667276620864868
2196,PatchTST,0.24317197501659393,TimeXer,0.24805687367916107,0.004884898662567139,TimeXer,0.24805687367916107,0.004884898662567139
2197,PatchTST,0.241502046585083,TimeXer,0.2549007833003998,0.013398736715316772,TimeXer,0.2549007833003998,0.013398736715316772
2198,PatchTST,0.2368195801973343,TimeXer,0.2547794580459595,0.017959877848625183,TimeXer,0.2547794580459595,0.017959877848625183
2199,PatchTST,0.23283033072948456,TimeXer,0.258540540933609,0.02571021020412445,TimeXer,0.258540540933609,0.02571021020412445
2200,PatchTST,0.21124307811260223,TimeXer,0.23418407142162323,0.022940993309020996,TimeXer,0.23418407142162323,0.022940993309020996
2201,PatchTST,0.2193908542394638,TimeXer,0.2299361377954483,0.010545283555984497,TimeXer,0.2299361377954483,0.010545283555984497
2202,PatchTST,0.20939545333385468,TimeXer,0.22466127574443817,0.015265822410583496,TimeXer,0.22466127574443817,0.015265822410583496
2203,PatchTST,0.20555175840854645,TimeXer,0.22483499348163605,0.0192832350730896,TimeXer,0.22483499348163605,0.0192832350730896
2204,PatchTST,0.19837021827697754,TimeXer,0.2200859785079956,0.021715760231018066,TimeXer,0.2200859785079956,0.021715760231018066
2205,PatchTST,0.19567669928073883,TiDE,0.22091710567474365,0.025240406394004822,TimeXer,0.22720761597156525,0.031530916690826416
2206,PatchTST,0.1873762458562851,TiDE,0.20947004854679108,0.02209380269050598,TimeXer,0.21394634246826172,0.026570096611976624
2207,PatchTST,0.18281333148479462,TimeXer,0.18960124254226685,0.006787911057472229,TimeXer,0.18960124254226685,0.006787911057472229
2208,PatchTST,0.18273313343524933,TimeXer,0.19033873081207275,0.007605597376823425,TimeXer,0.19033873081207275,0.007605597376823425
2209,PatchTST,0.16148804128170013,TiDE,0.186401829123497,0.024913787841796875,TimeXer,0.1943063586950302,0.03281831741333008
2210,PatchTST,0.1516997069120407,TiDE,0.17710615694522858,0.025406450033187866,TimeXer,0.1850934773683548,0.03339377045631409
2211,PatchTST,0.1494257003068924,TiDE,0.17061717808246613,0.02119147777557373,TimeXer,0.1986774355173111,0.0492517352104187
2212,PatchTST,0.1410464644432068,TiDE,0.16670745611190796,0.025660991668701172,TimeXer,0.19357790052890778,0.05253143608570099
2213,PatchTST,0.13238444924354553,TiDE,0.16201649606227875,0.029632046818733215,TimeXer,0.1926460713148117,0.060261622071266174
2214,PatchTST,0.13907060027122498,TiDE,0.15996325016021729,0.02089264988899231,TimeXer,0.18479806184768677,0.04572746157646179
2215,PatchTST,0.1332770735025406,TiDE,0.15697893500328064,0.02370186150074005,TimeXer,0.18100130558013916,0.04772423207759857
2216,PatchTST,0.12036605924367905,TiDE,0.14789436757564545,0.0275283083319664,TimeXer,0.17517788708209991,0.05481182783842087
2217,PatchTST,0.10228080302476883,TiDE,0.13511031866073608,0.032829515635967255,TimeXer,0.15079519152641296,0.048514388501644135
2218,PatchTST,0.09661371260881424,TiDE,0.12436807155609131,0.02775435894727707,TimeXer,0.14797593653202057,0.05136222392320633
2219,PatchTST,0.09527003765106201,TiDE,0.1172616183757782,0.021991580724716187,TimeXer,0.13702988624572754,0.04175984859466553
2220,PatchTST,0.09048030525445938,TiDE,0.11243770271539688,0.0219573974609375,TimeXer,0.12551456689834595,0.035034261643886566
2221,PatchTST,0.08452712744474411,TiDE,0.10708829760551453,0.022561170160770416,TimeXer,0.1256685107946396,0.04114138334989548
2222,PatchTST,0.08366814255714417,TiDE,0.10412833094596863,0.020460188388824463,TimeXer,0.12104474753141403,0.03737660497426987
2223,PatchTST,0.08265819400548935,TiDE,0.1014397069811821,0.01878151297569275,TimeXer,0.12046080827713013,0.03780261427164078
2224,PatchTST,0.06565740704536438,TiDE,0.0905873253941536,0.024929918348789215,TimeXer,0.1151098683476448,0.049452461302280426
2225,PatchTST,0.05382229760289192,TiDE,0.08272012323141098,0.028897825628519058,TimeXer,0.10485775023698807,0.051035452634096146
2226,PatchTST,0.052108388394117355,TiDE,0.08039149641990662,0.02828310802578926,TimeXer,0.1009378433227539,0.04882945492863655
2227,PatchTST,0.05204607546329498,TiDE,0.07861041277647018,0.0265643373131752,TimeXer,0.0959671139717102,0.04392103850841522
2228,PatchTST,0.05676122382283211,TiDE,0.08055485785007477,0.02379363402724266,TimeXer,0.10152143239974976,0.04476020857691765
2229,PatchTST,0.043689265847206116,TiDE,0.07155140489339828,0.02786213904619217,TimeXer,0.08669302612543106,0.043003760278224945
2230,PatchTST,0.035258982330560684,TiDE,0.06178140640258789,0.026522424072027206,TimeXer,0.0783594474196434,0.04310046508908272
2231,PatchTST,0.03064531646668911,TiDE,0.05439559742808342,0.02375028096139431,TimeXer,0.06322620809078217,0.032580889761447906
2232,PatchTST,0.030041681602597237,TiDE,0.05163287743926048,0.021591195836663246,TimeXer,0.0649522915482521,0.03491061180830002
2233,PatchTST,0.028754903003573418,TiDE,0.050656113773584366,0.021901210770010948,TimeXer,0.0631645917892456,0.03440968692302704
2234,PatchTST,0.023973887786269188,TiDE,0.04617350175976753,0.022199613973498344,TimeXer,0.0629434660077095,0.038969576358795166
2235,PatchTST,0.02191227115690708,TiDE,0.04417484626173973,0.02226257510483265,TimeXer,0.06439416855573654,0.04248189926147461
2236,PatchTST,0.020261714234948158,TiDE,0.043004125356674194,0.022742411121726036,TimeXer,0.06591469794511795,0.04565298557281494
2237,PatchTST,0.019869841635227203,TiDE,0.042311083525419235,0.022441241890192032,TimeXer,0.05782179906964302,0.03795195743441582
2238,PatchTST,0.0206447783857584,TiDE,0.04259533807635307,0.021950559690594673,TimeXer,0.05423162877559662,0.03358685225248337
2239,PatchTST,0.018934175372123718,TiDE,0.041058119386434555,0.022123944014310837,TimeXer,0.04981432482600212,0.030880149453878403
2240,PatchTST,0.018882140517234802,TiDE,0.03994429484009743,0.021062154322862625,TimeXer,0.04400057718157768,0.02511843666434288
2241,PatchTST,0.019095012918114662,TiDE,0.0386638380587101,0.019568825140595436,TimeXer,0.039645224809646606,0.020550211891531944
2242,PatchTST,0.019049864262342453,TiDE,0.03828958049416542,0.019239716231822968,TimeXer,0.038567956537008286,0.019518092274665833
2243,PatchTST,0.0188454557210207,TimeXer,0.035783931612968445,0.016938475891947746,TimeXer,0.035783931612968445,0.016938475891947746
2244,PatchTST,0.019050590693950653,TimeXer,0.031170673668384552,0.012120082974433899,TimeXer,0.031170673668384552,0.012120082974433899
2245,PatchTST,0.020491696894168854,TimeXer,0.032360006123781204,0.01186830922961235,TimeXer,0.032360006123781204,0.01186830922961235
2246,PatchTST,0.02106046862900257,TimeXer,0.03133944422006607,0.0102789755910635,TimeXer,0.03133944422006607,0.0102789755910635
2247,PatchTST,0.020505763590335846,TimeXer,0.030835241079330444,0.010329477488994598,TimeXer,0.030835241079330444,0.010329477488994598
2248,PatchTST,0.021495817229151726,TimeXer,0.031377822160720825,0.0098820049315691,TimeXer,0.031377822160720825,0.0098820049315691
2249,PatchTST,0.023703336715698242,TimeXer,0.03104916214942932,0.007345825433731079,TimeXer,0.03104916214942932,0.007345825433731079
2250,PatchTST,0.024843545630574226,TimeXer,0.03105781227350235,0.0062142666429281235,TimeXer,0.03105781227350235,0.0062142666429281235
2251,PatchTST,0.026087259873747826,TimeXer,0.029282262548804283,0.0031950026750564575,TimeXer,0.029282262548804283,0.0031950026750564575
2252,PatchTST,0.027753306552767754,TimeXer,0.02798963151872158,0.0002363249659538269,TimeXer,0.02798963151872158,0.0002363249659538269
2253,TimeXer,0.024715237319469452,PatchTST,0.030702000483870506,0.005986763164401054,TimeXer,0.024715237319469452,0.0
2254,TimeXer,0.025226512923836708,PatchTST,0.028919033706188202,0.003692520782351494,TimeXer,0.025226512923836708,0.0
2255,TimeXer,0.025830162689089775,PatchTST,0.027243563905358315,0.0014134012162685394,TimeXer,0.025830162689089775,0.0
2256,TimeXer,0.02729160338640213,PatchTST,0.028282448649406433,0.000990845263004303,TimeXer,0.02729160338640213,0.0
2257,TimeXer,0.027216315269470215,PatchTST,0.029993457719683647,0.0027771424502134323,TimeXer,0.027216315269470215,0.0
2258,TimeXer,0.02714046835899353,PatchTST,0.03165775164961815,0.0045172832906246185,TimeXer,0.02714046835899353,0.0
2259,TimeXer,0.02726188860833645,PatchTST,0.03328568860888481,0.006023800000548363,TimeXer,0.02726188860833645,0.0
2260,TimeXer,0.027529729530215263,DLinear,0.0336088165640831,0.006079087033867836,TimeXer,0.027529729530215263,0.0
2261,TimeXer,0.026288561522960663,DLinear,0.03284686431288719,0.006558302789926529,TimeXer,0.026288561522960663,0.0
2262,TimeXer,0.025929704308509827,DLinear,0.032606154680252075,0.0066764503717422485,TimeXer,0.025929704308509827,0.0
2263,TimeXer,0.028065482154488564,PatchTST,0.029354259371757507,0.0012887772172689438,TimeXer,0.028065482154488564,0.0
2264,TimeXer,0.02750745601952076,PatchTST,0.030531369149684906,0.0030239131301641464,TimeXer,0.02750745601952076,0.0
2265,TimeXer,0.028582120314240456,PatchTST,0.030991382896900177,0.0024092625826597214,TimeXer,0.028582120314240456,0.0
2266,PatchTST,0.030610419809818268,TimeXer,0.031120091676712036,0.0005096718668937683,TimeXer,0.031120091676712036,0.0005096718668937683
2267,PatchTST,0.025011396035552025,TimeXer,0.03318208083510399,0.008170684799551964,TimeXer,0.03318208083510399,0.008170684799551964
2268,PatchTST,0.028860649093985558,TimeXer,0.031526628881692886,0.002665979787707329,TimeXer,0.031526628881692886,0.002665979787707329
2269,PatchTST,0.025242267176508904,TimeXer,0.03180795535445213,0.00656568817794323,TimeXer,0.03180795535445213,0.00656568817794323
2270,PatchTST,0.023198457434773445,TimeXer,0.03224661573767662,0.009048158302903175,TimeXer,0.03224661573767662,0.009048158302903175
2271,PatchTST,0.023395754396915436,TimeXer,0.03193313255906105,0.008537378162145615,TimeXer,0.03193313255906105,0.008537378162145615
2272,PatchTST,0.024014683440327644,DLinear,0.03190995380282402,0.007895270362496376,TimeXer,0.03199363127350807,0.007978947833180428
2273,PatchTST,0.02460005320608616,DLinear,0.031327709555625916,0.006727656349539757,TimeXer,0.032262008637189865,0.007661955431103706
2274,PatchTST,0.024777501821517944,TimeXer,0.030142614617943764,0.005365112796425819,TimeXer,0.030142614617943764,0.005365112796425819
2275,PatchTST,0.02555921860039234,DLinear,0.030319159850478172,0.004759941250085831,TimeXer,0.03070669434964657,0.005147475749254227
2276,PatchTST,0.025510376319289207,DLinear,0.030586475506424904,0.005076099187135696,TimeXer,0.030975928530097008,0.0054655522108078
2277,PatchTST,0.026949619874358177,DLinear,0.031229401007294655,0.004279781132936478,TimeXer,0.03330020606517792,0.00635058619081974
2278,PatchTST,0.02799149788916111,DLinear,0.030145743861794472,0.002154245972633362,TimeXer,0.03230033814907074,0.00430884025990963
2279,DLinear,0.029822856187820435,PatchTST,0.0303572416305542,0.0005343854427337646,TimeXer,0.032256413251161575,0.0024335570633411407
2280,DLinear,0.02980290912091732,PatchTST,0.03110959567129612,0.0013066865503787994,TimeXer,0.032062504440546036,0.0022595953196287155
2281,DLinear,0.029644811525940895,TimeXer,0.03217844292521477,0.0025336313992738724,TimeXer,0.03217844292521477,0.0025336313992738724
2282,DLinear,0.029748762026429176,TimeXer,0.03153569996356964,0.0017869379371404648,TimeXer,0.03153569996356964,0.0017869379371404648
2283,DLinear,0.029382450506091118,TimeXer,0.032354868948459625,0.0029724184423685074,TimeXer,0.032354868948459625,0.0029724184423685074
2284,DLinear,0.028120338916778564,TimeXer,0.03176739439368248,0.0036470554769039154,TimeXer,0.03176739439368248,0.0036470554769039154
2285,DLinear,0.02750302292406559,PatchTST,0.033792927861213684,0.006289904937148094,TimeXer,0.03705913946032524,0.009556116536259651
2286,DLinear,0.026896437630057335,PatchTST,0.035812050104141235,0.0089156124740839,TimeXer,0.04194539412856102,0.015048956498503685
2287,DLinear,0.02551371045410633,PatchTST,0.04174931347370148,0.016235603019595146,TimeXer,0.051306623965501785,0.025792913511395454
2288,DLinear,0.02333982288837433,PatchTST,0.04632057622075081,0.02298075333237648,TimeXer,0.05309731140732765,0.029757488518953323
2289,DLinear,0.02121294103562832,TimeXer,0.0532299280166626,0.03201698511838913,TimeXer,0.0532299280166626,0.03201698511838913
2290,DLinear,0.018544189631938934,TimeXer,0.05537981912493706,0.03683562949299812,TimeXer,0.05537981912493706,0.03683562949299812
2291,DLinear,0.01783866062760353,TimeXer,0.05330522730946541,0.03546656668186188,TimeXer,0.05330522730946541,0.03546656668186188
2292,DLinear,0.01693265698850155,TimeXer,0.059775542467832565,0.042842887341976166,TimeXer,0.059775542467832565,0.042842887341976166
2293,DLinear,0.016267312690615654,TimeXer,0.0649222657084465,0.0486549511551857,TimeXer,0.0649222657084465,0.0486549511551857
2294,DLinear,0.015731392428278923,TimeXer,0.06541592627763748,0.04968453198671341,TimeXer,0.06541592627763748,0.04968453198671341
2295,DLinear,0.015975765883922577,TimeXer,0.07110514491796494,0.05512937903404236,TimeXer,0.07110514491796494,0.05512937903404236
2296,DLinear,0.016360143199563026,TimeXer,0.07217987626791,0.055819734930992126,TimeXer,0.07217987626791,0.055819734930992126
2297,DLinear,0.01713663712143898,TimeXer,0.0817517340183258,0.06461510062217712,TimeXer,0.0817517340183258,0.06461510062217712
2298,DLinear,0.017476610839366913,TimeXer,0.08394411206245422,0.06646750122308731,TimeXer,0.08394411206245422,0.06646750122308731
2299,DLinear,0.017910199239850044,TimeXer,0.08703714609146118,0.06912694871425629,TimeXer,0.08703714609146118,0.06912694871425629
2300,DLinear,0.018291056156158447,TimeXer,0.0868818387389183,0.06859078258275986,TimeXer,0.0868818387389183,0.06859078258275986
2301,DLinear,0.018340181559324265,TimeXer,0.0913328304886818,0.07299265265464783,TimeXer,0.0913328304886818,0.07299265265464783
2302,DLinear,0.018416548147797585,TimeXer,0.09399354457855225,0.07557699829339981,TimeXer,0.09399354457855225,0.07557699829339981
2303,DLinear,0.018831804394721985,TimeXer,0.10638654232025146,0.08755473792552948,TimeXer,0.10638654232025146,0.08755473792552948
2304,DLinear,0.019336789846420288,TimeXer,0.11182086914777756,0.09248407930135727,TimeXer,0.11182086914777756,0.09248407930135727
2305,DLinear,0.019407622516155243,TimeXer,0.12575070559978485,0.10634308308362961,TimeXer,0.12575070559978485,0.10634308308362961
2306,DLinear,0.019846029579639435,TiDE,0.14076514542102814,0.1209191158413887,TimeXer,0.14122293889522552,0.12137690931558609
2307,DLinear,0.019801655784249306,TiDE,0.1425371617078781,0.12273550778627396,TimeXer,0.16152168810367584,0.1417200267314911
2308,DLinear,0.019853048026561737,TiDE,0.1442822813987732,0.12442923337221146,TimeXer,0.15560282766819,0.13574978709220886
2309,DLinear,0.020151445642113686,TiDE,0.14588840305805206,0.12573695182800293,TimeXer,0.1642446517944336,0.14409320056438446
2310,DLinear,0.020893504843115807,TiDE,0.15254761278629303,0.13165411353111267,TimeXer,0.17812693119049072,0.15723343193531036
2311,DLinear,0.020986130461096764,TiDE,0.15261143445968628,0.13162530958652496,TimeXer,0.18735992908477783,0.16637380421161652
2312,DLinear,0.02095663547515869,TiDE,0.1531621515750885,0.1322055160999298,TimeXer,0.18337653577327728,0.1624199002981186
2313,DLinear,0.021366573870182037,TiDE,0.15663515031337738,0.13526856899261475,TimeXer,0.1692734956741333,0.14790692925453186
2314,DLinear,0.02166605181992054,TimeXer,0.15797238051891327,0.13630633056163788,TimeXer,0.15797238051891327,0.13630633056163788
2315,DLinear,0.022462060675024986,TimeXer,0.15340210497379303,0.1309400498867035,TimeXer,0.15340210497379303,0.1309400498867035
2316,DLinear,0.022384919226169586,TimeXer,0.14499031007289886,0.12260539084672928,TimeXer,0.14499031007289886,0.12260539084672928
2317,DLinear,0.023479705676436424,TimeXer,0.14519678056240082,0.12171707302331924,TimeXer,0.14519678056240082,0.12171707302331924
2318,DLinear,0.02248281240463257,TimeXer,0.14385183155536652,0.12136901915073395,TimeXer,0.14385183155536652,0.12136901915073395
2319,DLinear,0.02477891929447651,TimeXer,0.1541394144296646,0.12936049699783325,TimeXer,0.1541394144296646,0.12936049699783325
2320,DLinear,0.025666512548923492,TimeXer,0.16214151680469513,0.13647499680519104,TimeXer,0.16214151680469513,0.13647499680519104
2321,DLinear,0.024614298716187477,TimeXer,0.1564943492412567,0.1318800449371338,TimeXer,0.1564943492412567,0.1318800449371338
2322,DLinear,0.02413036860525608,TimeXer,0.16772104799747467,0.14359067380428314,TimeXer,0.16772104799747467,0.14359067380428314
2323,DLinear,0.023712515830993652,TiDE,0.16298873722553253,0.13927622139453888,TimeXer,0.16551955044269562,0.14180703461170197
2324,DLinear,0.023984678089618683,TimeXer,0.16348634660243988,0.1395016610622406,TimeXer,0.16348634660243988,0.1395016610622406
2325,DLinear,0.024698667228221893,TimeXer,0.16342885792255402,0.13873019814491272,TimeXer,0.16342885792255402,0.13873019814491272
2326,DLinear,0.024927718564867973,TimeXer,0.1623319536447525,0.13740423321723938,TimeXer,0.1623319536447525,0.13740423321723938
2327,DLinear,0.025053149089217186,TimeXer,0.1707320660352707,0.14567892253398895,TimeXer,0.1707320660352707,0.14567892253398895
2328,DLinear,0.025573501363396645,TimeXer,0.16670043766498566,0.14112693071365356,TimeXer,0.16670043766498566,0.14112693071365356
2329,DLinear,0.02582302875816822,TimeXer,0.16847901046276093,0.14265598356723785,TimeXer,0.16847901046276093,0.14265598356723785
2330,DLinear,0.024928664788603783,TimeXer,0.1583753377199173,0.13344667851924896,TimeXer,0.1583753377199173,0.13344667851924896
2331,DLinear,0.024442633613944054,TimeXer,0.15674777328968048,0.13230514526367188,TimeXer,0.15674777328968048,0.13230514526367188
2332,DLinear,0.023054974153637886,TimeXer,0.15354156494140625,0.1304865926504135,TimeXer,0.15354156494140625,0.1304865926504135
2333,DLinear,0.023085689172148705,TiDE,0.15836472809314728,0.13527904450893402,TimeXer,0.1614237129688263,0.13833802938461304
2334,DLinear,0.022476444020867348,TiDE,0.15720222890377045,0.13472577929496765,TimeXer,0.16638420522212982,0.14390775561332703
2335,DLinear,0.02137075550854206,TiDE,0.1503608226776123,0.1289900690317154,TimeXer,0.1764431744813919,0.155072420835495
2336,DLinear,0.021787850186228752,TiDE,0.14737188816070557,0.12558403611183167,TimeXer,0.18187315762043,0.1600853055715561
2337,DLinear,0.021190091967582703,TiDE,0.14253775775432587,0.12134766578674316,TimeXer,0.1920122355222702,0.1708221435546875
2338,DLinear,0.019967369735240936,TiDE,0.13171832263469696,0.11175095289945602,TimeXer,0.19483345746994019,0.17486608028411865
2339,DLinear,0.0201018825173378,TiDE,0.1318698674440384,0.11176798492670059,TimeXer,0.1931837648153305,0.1730818748474121
2340,DLinear,0.019931485876441002,TiDE,0.12848389148712158,0.10855240374803543,TimeXer,0.18977482616901398,0.16984334588050842
2341,DLinear,0.020202744752168655,TiDE,0.12922467291355133,0.10902193188667297,TimeXer,0.19934268295764923,0.17913994193077087
2342,DLinear,0.0189500842243433,TiDE,0.12200633436441422,0.10305625200271606,TimeXer,0.18386363983154297,0.16491355001926422
2343,DLinear,0.01816391944885254,TiDE,0.11869066953659058,0.10052675008773804,TimeXer,0.17402833700180054,0.155864417552948
2344,DLinear,0.017488602548837662,TiDE,0.11438242346048355,0.09689381718635559,TimeXer,0.154520645737648,0.13703204691410065
2345,DLinear,0.016834987327456474,TiDE,0.1130419448018074,0.09620695561170578,TimeXer,0.14672045409679413,0.1298854649066925
2346,DLinear,0.01660829968750477,TiDE,0.11125200986862183,0.09464371204376221,TimeXer,0.13580180704593658,0.11919350922107697
2347,DLinear,0.016459228470921516,TiDE,0.1098146066069603,0.09335537999868393,TimeXer,0.13399209082126617,0.11753286421298981
2348,DLinear,0.016695605590939522,TiDE,0.11095670610666275,0.09426110237836838,TimeXer,0.12054845690727234,0.10385285317897797
2349,DLinear,0.016481369733810425,TiDE,0.10585477948188782,0.08937340974807739,TimeXer,0.11619982868432999,0.09971845895051956
2350,DLinear,0.01704351417720318,TiDE,0.10229533910751343,0.0852518230676651,TimeXer,0.10668983310461044,0.08964631706476212
2351,DLinear,0.017282892018556595,TiDE,0.0984371080994606,0.08115421235561371,TimeXer,0.10861781984567642,0.09133492410182953
2352,DLinear,0.01770527847111225,TiDE,0.09526100009679794,0.07755572348833084,TimeXer,0.10756558179855347,0.08986030519008636
2353,DLinear,0.017612144351005554,TiDE,0.09331565350294113,0.07570350915193558,TimeXer,0.11105069518089294,0.09343855082988739
2354,DLinear,0.01838969998061657,TiDE,0.09486296027898788,0.07647325843572617,TimeXer,0.13118623197078705,0.11279653012752533
2355,DLinear,0.01841561496257782,TiDE,0.09177040308713913,0.07335478812456131,TimeXer,0.14011457562446594,0.12169896066188812
2356,DLinear,0.018375637009739876,TiDE,0.0923963189125061,0.07402068376541138,TimeXer,0.14247126877307892,0.12409563362598419
2357,DLinear,0.01870490051805973,TiDE,0.09007402509450912,0.07136912643909454,TimeXer,0.14985229074954987,0.1311473846435547
2358,DLinear,0.019115231931209564,TiDE,0.08821513503789902,0.06909990310668945,TimeXer,0.13033847510814667,0.1112232431769371
2359,DLinear,0.01923447661101818,TiDE,0.08736735582351685,0.06813287734985352,TimeXer,0.12613309919834137,0.10689862072467804
2360,DLinear,0.019254915416240692,TiDE,0.08518645167350769,0.065931536257267,TimeXer,0.10660084336996078,0.08734592795372009
2361,DLinear,0.019406070932745934,TiDE,0.0825435221195221,0.06313744932413101,TimeXer,0.09030868858098984,0.07090261578559875
2362,DLinear,0.01950024999678135,TiDE,0.07559555023908615,0.05609530210494995,TimeXer,0.08042676001787186,0.06092651188373566
2363,DLinear,0.0190610159188509,TiDE,0.0719294473528862,0.05286843329668045,TimeXer,0.074078269302845,0.05501725524663925
2364,DLinear,0.01912006549537182,TiDE,0.06859564781188965,0.04947558045387268,TimeXer,0.07570119947195053,0.05658113211393356
2365,DLinear,0.01930217258632183,TiDE,0.06400013715028763,0.04469796270132065,TimeXer,0.06566745787858963,0.04636528342962265
2366,DLinear,0.01868143491446972,TimeXer,0.0570010282099247,0.03831959515810013,TimeXer,0.0570010282099247,0.03831959515810013
2367,DLinear,0.019380368292331696,TimeXer,0.05103551223874092,0.031655143946409225,TimeXer,0.05103551223874092,0.031655143946409225
2368,DLinear,0.01936526596546173,TimeXer,0.05318699777126312,0.03382173180580139,TimeXer,0.05318699777126312,0.03382173180580139
2369,DLinear,0.019668059423565865,TimeXer,0.05226024612784386,0.03259218484163284,TimeXer,0.05226024612784386,0.03259218484163284
2370,DLinear,0.018707387149333954,TiDE,0.06481347978115082,0.046106092631816864,TimeXer,0.06548504531383514,0.04677765816450119
2371,DLinear,0.018221046775579453,TiDE,0.0669332817196846,0.04871223494410515,TimeXer,0.07276763767004013,0.05454659089446068
2372,DLinear,0.017987651750445366,TiDE,0.06750659644603729,0.04951894283294678,TimeXer,0.0772387757897377,0.059251122176647186
2373,DLinear,0.018119076266884804,TiDE,0.0655880942940712,0.04746901988983154,TimeXer,0.0711250752210617,0.05300600081682205
2374,DLinear,0.01801985315978527,TiDE,0.06490080058574677,0.046880945563316345,TimeXer,0.07027020305395126,0.052250348031520844
2375,DLinear,0.018538450822234154,TiDE,0.0636400654911995,0.04510161280632019,TimeXer,0.06549510359764099,0.04695665091276169
2376,DLinear,0.019103704020380974,TimeXer,0.058735281229019165,0.03963157534599304,TimeXer,0.058735281229019165,0.03963157534599304
2377,DLinear,0.01861782930791378,TimeXer,0.06540604680776596,0.04678821563720703,TimeXer,0.06540604680776596,0.04678821563720703
2378,DLinear,0.01866905950009823,TiDE,0.06751740723848343,0.04884834587574005,TimeXer,0.0711783692240715,0.052509307861328125
2379,DLinear,0.01830081082880497,TiDE,0.06923399120569229,0.05093318223953247,TimeXer,0.07423331588506699,0.055932506918907166
2380,DLinear,0.01876881904900074,TiDE,0.06922096014022827,0.05045214295387268,TimeXer,0.07498931139707565,0.05622049421072006
2381,DLinear,0.019141463562846184,TiDE,0.06880404055118561,0.049662575125694275,TimeXer,0.07448702305555344,0.0553455576300621
2382,DLinear,0.01891210861504078,TimeXer,0.06407207995653152,0.045159973204135895,TimeXer,0.06407207995653152,0.045159973204135895
2383,DLinear,0.018776724115014076,TimeXer,0.06544072180986404,0.04666399955749512,TimeXer,0.06544072180986404,0.04666399955749512
2384,DLinear,0.018559535965323448,TimeXer,0.06758736819028854,0.049027830362319946,TimeXer,0.06758736819028854,0.049027830362319946
2385,DLinear,0.01849612034857273,TimeXer,0.058538276702165604,0.04004215449094772,TimeXer,0.058538276702165604,0.04004215449094772
2386,DLinear,0.019125336781144142,TimeXer,0.0598984956741333,0.04077316075563431,TimeXer,0.0598984956741333,0.04077316075563431
2387,DLinear,0.019212424755096436,TimeXer,0.05177812650799751,0.03256570175290108,TimeXer,0.05177812650799751,0.03256570175290108
2388,DLinear,0.019471267238259315,TimeXer,0.04711656644940376,0.027645299211144447,TimeXer,0.04711656644940376,0.027645299211144447
2389,DLinear,0.01993699185550213,TimeXer,0.045786917209625244,0.025849925354123116,TimeXer,0.045786917209625244,0.025849925354123116
2390,DLinear,0.02025868184864521,TimeXer,0.04677550867199898,0.026516826823353767,TimeXer,0.04677550867199898,0.026516826823353767
2391,DLinear,0.020308492705225945,TimeXer,0.05154454708099365,0.031236054375767708,TimeXer,0.05154454708099365,0.031236054375767708
2392,DLinear,0.020421553403139114,TimeXer,0.05089706555008888,0.030475512146949768,TimeXer,0.05089706555008888,0.030475512146949768
2393,DLinear,0.02047264389693737,TimeXer,0.0490013062953949,0.028528662398457527,TimeXer,0.0490013062953949,0.028528662398457527
2394,DLinear,0.020336782559752464,PatchTST,0.05179272219538689,0.03145594149827957,TimeXer,0.05459202453494072,0.034255243837833405
2395,DLinear,0.020154355093836784,PatchTST,0.05456070601940155,0.03440634906291962,TimeXer,0.05923735722899437,0.039083003997802734
2396,DLinear,0.02042645961046219,PatchTST,0.05348530784249306,0.03305884823203087,TimeXer,0.055701762437820435,0.035275302827358246
2397,DLinear,0.020384326577186584,PatchTST,0.053290825337171555,0.03290649875998497,TimeXer,0.053781550377607346,0.03339722380042076
2398,DLinear,0.020716339349746704,TimeXer,0.04797830805182457,0.027261968702077866,TimeXer,0.04797830805182457,0.027261968702077866
2399,DLinear,0.02125951088964939,TimeXer,0.04700550064444542,0.025745989754796028,TimeXer,0.04700550064444542,0.025745989754796028
2400,DLinear,0.02169938199222088,TimeXer,0.04675182327628136,0.025052441284060478,TimeXer,0.04675182327628136,0.025052441284060478
2401,DLinear,0.02212478220462799,TimeXer,0.04288336634635925,0.020758584141731262,TimeXer,0.04288336634635925,0.020758584141731262
2402,DLinear,0.022975364699959755,TimeXer,0.039199378341436386,0.01622401364147663,TimeXer,0.039199378341436386,0.01622401364147663
2403,DLinear,0.02374848909676075,TimeXer,0.04031039774417877,0.016561908647418022,TimeXer,0.04031039774417877,0.016561908647418022
2404,DLinear,0.024626465514302254,TimeXer,0.03663356974720955,0.012007104232907295,TimeXer,0.03663356974720955,0.012007104232907295
2405,DLinear,0.025331541895866394,TimeXer,0.036910127848386765,0.01157858595252037,TimeXer,0.036910127848386765,0.01157858595252037
2406,DLinear,0.025753548368811607,TimeXer,0.03367764875292778,0.007924100384116173,TimeXer,0.03367764875292778,0.007924100384116173
2407,DLinear,0.02572176419198513,TimeXer,0.030479958280920982,0.004758194088935852,TimeXer,0.030479958280920982,0.004758194088935852
2408,DLinear,0.025606082752346992,TimeXer,0.027305593714118004,0.0016995109617710114,TimeXer,0.027305593714118004,0.0016995109617710114
2409,DLinear,0.026249269023537636,TimeXer,0.02676461637020111,0.000515347346663475,TimeXer,0.02676461637020111,0.000515347346663475
2410,DLinear,0.0273531973361969,PatchTST,0.02784588746726513,0.0004926901310682297,TimeXer,0.028412558138370514,0.0010593608021736145
2411,TimeXer,0.025571124628186226,PatchTST,0.02669978141784668,0.0011286567896604538,TimeXer,0.025571124628186226,0.0
2412,TimeXer,0.021265851333737373,PatchTST,0.023648619651794434,0.0023827683180570602,TimeXer,0.021265851333737373,0.0
2413,TimeXer,0.02158869244158268,PatchTST,0.026249133050441742,0.004660440608859062,TimeXer,0.02158869244158268,0.0
2414,TimeXer,0.02160198986530304,PatchTST,0.027582263574004173,0.005980273708701134,TimeXer,0.02160198986530304,0.0
2415,TimeXer,0.02033371664583683,PatchTST,0.02092926949262619,0.00059555284678936,TimeXer,0.02033371664583683,0.0
2416,PatchTST,0.022545674815773964,TimeXer,0.02294953726232052,0.00040386244654655457,TimeXer,0.02294953726232052,0.00040386244654655457
2417,PatchTST,0.02223808504641056,TimeXer,0.024702316150069237,0.002464231103658676,TimeXer,0.024702316150069237,0.002464231103658676
2418,PatchTST,0.022235997021198273,TimeXer,0.022987782955169678,0.000751785933971405,TimeXer,0.022987782955169678,0.000751785933971405
2419,TimeXer,0.021188700571656227,PatchTST,0.02291277050971985,0.0017240699380636215,TimeXer,0.021188700571656227,0.0
2420,TimeXer,0.02078769914805889,PatchTST,0.023670801892876625,0.0028831027448177338,TimeXer,0.02078769914805889,0.0
2421,TimeXer,0.02140115760266781,PatchTST,0.023432129994034767,0.0020309723913669586,TimeXer,0.02140115760266781,0.0
2422,TimeXer,0.021095236763358116,PatchTST,0.021591855213046074,0.0004966184496879578,TimeXer,0.021095236763358116,0.0
2423,TimeXer,0.01887381449341774,PatchTST,0.021706653758883476,0.0028328392654657364,TimeXer,0.01887381449341774,0.0
2424,TimeXer,0.018527021631598473,PatchTST,0.020878300070762634,0.0023512784391641617,TimeXer,0.018527021631598473,0.0
2425,TimeXer,0.018035924062132835,PatchTST,0.0210389643907547,0.0030030403286218643,TimeXer,0.018035924062132835,0.0
2426,TimeXer,0.018305039033293724,PatchTST,0.021160295233130455,0.002855256199836731,TimeXer,0.018305039033293724,0.0
2427,TimeXer,0.01896708644926548,PatchTST,0.02192990668118,0.0029628202319145203,TimeXer,0.01896708644926548,0.0
2428,TimeXer,0.01941211149096489,TiDE,0.023183010518550873,0.0037708990275859833,TimeXer,0.01941211149096489,0.0
2429,TimeXer,0.01906030811369419,TiDE,0.023183656856417656,0.004123348742723465,TimeXer,0.01906030811369419,0.0
2430,TimeXer,0.01908247172832489,PatchTST,0.022550063207745552,0.003467591479420662,TimeXer,0.01908247172832489,0.0
2431,TimeXer,0.01969519630074501,TiDE,0.022996889427304268,0.0033016931265592575,TimeXer,0.01969519630074501,0.0
2432,TimeXer,0.019617198035120964,PatchTST,0.022123539820313454,0.0025063417851924896,TimeXer,0.019617198035120964,0.0
2433,TimeXer,0.019724488258361816,PatchTST,0.022274216637015343,0.0025497283786535263,TimeXer,0.019724488258361816,0.0
2434,TimeXer,0.019724633544683456,PatchTST,0.02273721434175968,0.0030125807970762253,TimeXer,0.019724633544683456,0.0
2435,TimeXer,0.020023345947265625,PatchTST,0.021873073652386665,0.0018497277051210403,TimeXer,0.020023345947265625,0.0
2436,TimeXer,0.019576100632548332,TiDE,0.02267213724553585,0.0030960366129875183,TimeXer,0.019576100632548332,0.0
2437,TimeXer,0.02058240957558155,PatchTST,0.02240873873233795,0.001826329156756401,TimeXer,0.02058240957558155,0.0
2438,TimeXer,0.02101592905819416,PatchTST,0.02218259871006012,0.0011666696518659592,TimeXer,0.02101592905819416,0.0
2439,TimeXer,0.021100608631968498,PatchTST,0.02231617271900177,0.0012155640870332718,TimeXer,0.021100608631968498,0.0
2440,TimeXer,0.020238308236002922,TiDE,0.022410688921809196,0.0021723806858062744,TimeXer,0.020238308236002922,0.0
2441,TimeXer,0.019657272845506668,PatchTST,0.022184379398822784,0.0025271065533161163,TimeXer,0.019657272845506668,0.0
2442,TimeXer,0.019711049273610115,PatchTST,0.022374065592885017,0.0026630163192749023,TimeXer,0.019711049273610115,0.0
2443,TimeXer,0.01947564259171486,PatchTST,0.02136751264333725,0.0018918700516223907,TimeXer,0.01947564259171486,0.0
2444,TimeXer,0.020519284531474113,PatchTST,0.022390373051166534,0.001871088519692421,TimeXer,0.020519284531474113,0.0
2445,TimeXer,0.01951795630156994,PatchTST,0.022856712341308594,0.003338756039738655,TimeXer,0.01951795630156994,0.0
2446,TimeXer,0.01866818033158779,PatchTST,0.02138906717300415,0.002720886841416359,TimeXer,0.01866818033158779,0.0
2447,TimeXer,0.018107375130057335,PatchTST,0.02223268337547779,0.004125308245420456,TimeXer,0.018107375130057335,0.0
2448,TimeXer,0.018678640946745872,PatchTST,0.022833237424492836,0.0041545964777469635,TimeXer,0.018678640946745872,0.0
2449,TimeXer,0.018530232831835747,PatchTST,0.023005150258541107,0.00447491742670536,TimeXer,0.018530232831835747,0.0
2450,TimeXer,0.01901475340127945,TiDE,0.02485254406929016,0.005837790668010712,TimeXer,0.01901475340127945,0.0
2451,TimeXer,0.020520607009530067,TiDE,0.026418378576636314,0.005897771567106247,TimeXer,0.020520607009530067,0.0
2452,TimeXer,0.023282041773200035,TiDE,0.02704566903412342,0.0037636272609233856,TimeXer,0.023282041773200035,0.0
2453,TimeXer,0.022773737087845802,TiDE,0.026184281334280968,0.0034105442464351654,TimeXer,0.022773737087845802,0.0
2454,TimeXer,0.02356264926493168,TiDE,0.027215560898184776,0.0036529116332530975,TimeXer,0.02356264926493168,0.0
2455,TimeXer,0.02762334607541561,TiDE,0.028524359688162804,0.0009010136127471924,TimeXer,0.02762334607541561,0.0
2456,TimeXer,0.029085854068398476,TiDE,0.03006082959473133,0.0009749755263328552,TimeXer,0.029085854068398476,0.0
2457,TimeXer,0.028541915118694305,DLinear,0.0285820122808218,4.009716212749481e-05,TimeXer,0.028541915118694305,0.0
2458,TimeXer,0.028358565643429756,DLinear,0.028518393635749817,0.00015982799232006073,TimeXer,0.028358565643429756,0.0
2459,DLinear,0.028730735182762146,TimeXer,0.029563531279563904,0.0008327960968017578,TimeXer,0.029563531279563904,0.0008327960968017578
2460,DLinear,0.02936532162129879,TiDE,0.030234798789024353,0.000869477167725563,TimeXer,0.03229261934757233,0.0029272977262735367
2461,DLinear,0.027744503691792488,TimeXer,0.03258325904607773,0.00483875535428524,TimeXer,0.03258325904607773,0.00483875535428524
2462,DLinear,0.028510024771094322,TiDE,0.03234994038939476,0.003839915618300438,TimeXer,0.03302030637860298,0.004510281607508659
2463,TiDE,0.02947930432856083,DLinear,0.02997257560491562,0.0004932712763547897,TimeXer,0.030257878825068474,0.0007785744965076447
2464,TimeXer,0.026947304606437683,TiDE,0.028177564963698387,0.001230260357260704,TimeXer,0.026947304606437683,0.0
2465,TimeXer,0.02317272312939167,TiDE,0.02712973952293396,0.00395701639354229,TimeXer,0.02317272312939167,0.0
2466,TimeXer,0.02245965041220188,TiDE,0.027198800817131996,0.004739150404930115,TimeXer,0.02245965041220188,0.0
2467,TimeXer,0.022728437557816505,TiDE,0.028941437602043152,0.006213000044226646,TimeXer,0.022728437557816505,0.0
2468,TimeXer,0.02171434462070465,TiDE,0.029000049456954002,0.0072857048362493515,TimeXer,0.02171434462070465,0.0
2469,TimeXer,0.019663283601403236,DLinear,0.028615092858672142,0.008951809257268906,TimeXer,0.019663283601403236,0.0
2470,TimeXer,0.020223749801516533,DLinear,0.028166135773062706,0.007942385971546173,TimeXer,0.020223749801516533,0.0
2471,TimeXer,0.019970573484897614,DLinear,0.029308421537280083,0.00933784805238247,TimeXer,0.019970573484897614,0.0
2472,TimeXer,0.0210025142878294,DLinear,0.02633233554661274,0.0053298212587833405,TimeXer,0.0210025142878294,0.0
2473,TimeXer,0.021503934636712074,DLinear,0.027429761365056038,0.005925826728343964,TimeXer,0.021503934636712074,0.0
2474,TimeXer,0.023803964257240295,DLinear,0.02757774293422699,0.0037737786769866943,TimeXer,0.023803964257240295,0.0
2475,TimeXer,0.02439150959253311,DLinear,0.02848358452320099,0.004092074930667877,TimeXer,0.02439150959253311,0.0
2476,TimeXer,0.02854474075138569,DLinear,0.028605705127120018,6.0964375734329224e-05,TimeXer,0.02854474075138569,0.0
2477,DLinear,0.02915472351014614,TiDE,0.03166622295975685,0.00251149944961071,TimeXer,0.033256497234106064,0.004101773723959923
2478,TimeXer,0.028618713840842247,PatchTST,0.029434261843562126,0.0008155480027198792,TimeXer,0.028618713840842247,0.0
2479,DLinear,0.029341230168938637,TiDE,0.03140086680650711,0.002059636637568474,TimeXer,0.03613242879509926,0.006791198626160622
2480,DLinear,0.028837181627750397,TiDE,0.03189864382147789,0.0030614621937274933,TimeXer,0.035548776388168335,0.006711594760417938
2481,TimeXer,0.029634445905685425,DLinear,0.02971554361283779,8.109770715236664e-05,TimeXer,0.029634445905685425,0.0
2482,TimeXer,0.02643069624900818,TiDE,0.02975202538073063,0.0033213291317224503,TimeXer,0.02643069624900818,0.0
2483,TimeXer,0.023973485454916954,TiDE,0.029003778472542763,0.005030293017625809,TimeXer,0.023973485454916954,0.0
2484,TimeXer,0.026174968108534813,TiDE,0.02689076028764248,0.000715792179107666,TimeXer,0.026174968108534813,0.0
2485,TiDE,0.027744725346565247,TimeXer,0.03029627911746502,0.0025515537708997726,TimeXer,0.03029627911746502,0.0025515537708997726
2486,TiDE,0.02701188623905182,TimeXer,0.027042603120207787,3.071688115596771e-05,TimeXer,0.027042603120207787,3.071688115596771e-05
2487,TiDE,0.024527117609977722,TimeXer,0.024831721559166908,0.0003046039491891861,TimeXer,0.024831721559166908,0.0003046039491891861
2488,TimeXer,0.023387381806969643,TiDE,0.02487979270517826,0.0014924108982086182,TimeXer,0.023387381806969643,0.0
2489,TimeXer,0.019882619380950928,TiDE,0.023234426975250244,0.0033518075942993164,TimeXer,0.019882619380950928,0.0
2490,TimeXer,0.018032081425189972,TiDE,0.021733028814196587,0.0037009473890066147,TimeXer,0.018032081425189972,0.0
2491,TimeXer,0.017743567004799843,TiDE,0.02205444872379303,0.004310881718993187,TimeXer,0.017743567004799843,0.0
2492,TimeXer,0.018236136063933372,TiDE,0.021770069375634193,0.003533933311700821,TimeXer,0.018236136063933372,0.0
2493,TimeXer,0.0183524489402771,TiDE,0.022212540730834007,0.0038600917905569077,TimeXer,0.0183524489402771,0.0
2494,TimeXer,0.017872052267193794,TiDE,0.019909219816327095,0.0020371675491333008,TimeXer,0.017872052267193794,0.0
2495,TimeXer,0.016801705583930016,TiDE,0.018364308401942253,0.0015626028180122375,TimeXer,0.016801705583930016,0.0
2496,TimeXer,0.016956035047769547,TiDE,0.017449231818318367,0.0004931967705488205,TimeXer,0.016956035047769547,0.0
2497,TimeXer,0.016357017681002617,TiDE,0.016787908971309662,0.000430891290307045,TimeXer,0.016357017681002617,0.0
2498,TiDE,0.0167839452624321,TimeXer,0.017943309620022774,0.0011593643575906754,TimeXer,0.017943309620022774,0.0011593643575906754
2499,TiDE,0.01729324646294117,PatchTST,0.01756485551595688,0.0002716090530157089,TimeXer,0.019825385883450508,0.0025321394205093384
2500,TiDE,0.016572168096899986,PatchTST,0.017763899639248848,0.0011917315423488617,TimeXer,0.01923719048500061,0.002665022388100624
2501,TiDE,0.016836849972605705,PatchTST,0.017842581495642662,0.0010057315230369568,TimeXer,0.019222624599933624,0.002385774627327919
2502,PatchTST,0.016241205856204033,TiDE,0.016499774530529976,0.000258568674325943,TimeXer,0.017030594870448112,0.0007893890142440796
2503,TiDE,0.016634581610560417,PatchTST,0.016655534505844116,2.0952895283699036e-05,TimeXer,0.01818746142089367,0.001552879810333252
2504,PatchTST,0.015663325786590576,TiDE,0.0164004098623991,0.0007370840758085251,TimeXer,0.017923183739185333,0.002259857952594757
2505,PatchTST,0.01542081218212843,TiDE,0.01639617048203945,0.0009753582999110222,TimeXer,0.016486002132296562,0.0010651899501681328
2506,TimeXer,0.01604914478957653,PatchTST,0.016259783878922462,0.000210639089345932,TimeXer,0.01604914478957653,0.0
2507,PatchTST,0.01602564938366413,TiDE,0.01628783904016018,0.000262189656496048,TimeXer,0.01652410440146923,0.0004984550178050995
2508,PatchTST,0.01646171510219574,TiDE,0.016653452068567276,0.00019173696637153625,TimeXer,0.017130617052316666,0.0006689019501209259
2509,TiDE,0.017209963873028755,PatchTST,0.01763400435447693,0.0004240404814481735,TimeXer,0.0198989138007164,0.002688949927687645
2510,PatchTST,0.016279680654406548,TiDE,0.01719445176422596,0.0009147711098194122,TimeXer,0.02041291631758213,0.004133235663175583
2511,TiDE,0.016934875398874283,PatchTST,0.017685795202851295,0.0007509198039770126,TimeXer,0.01909470371901989,0.002159828320145607
2512,TiDE,0.017760710790753365,PatchTST,0.017930954694747925,0.00017024390399456024,TimeXer,0.01927821896970272,0.001517508178949356
2513,PatchTST,0.017862394452095032,TiDE,0.017952371388673782,8.997693657875061e-05,TimeXer,0.01824396662414074,0.0003815721720457077
2514,TimeXer,0.017158010974526405,TiDE,0.01730716973543167,0.0001491587609052658,TimeXer,0.017158010974526405,0.0
2515,TiDE,0.01756792701780796,TimeXer,0.01769518479704857,0.00012725777924060822,TimeXer,0.01769518479704857,0.00012725777924060822
2516,TimeXer,0.017875773832201958,TiDE,0.01794358342885971,6.780959665775299e-05,TimeXer,0.017875773832201958,0.0
2517,TimeXer,0.0175746101886034,TiDE,0.018367690965533257,0.0007930807769298553,TimeXer,0.0175746101886034,0.0
2518,TimeXer,0.017823228612542152,PatchTST,0.018618470057845116,0.0007952414453029633,TimeXer,0.017823228612542152,0.0
2519,TimeXer,0.01820077747106552,TiDE,0.01927594281733036,0.0010751653462648392,TimeXer,0.01820077747106552,0.0
2520,TimeXer,0.019806845113635063,PatchTST,0.020015159621834755,0.00020831450819969177,TimeXer,0.019806845113635063,0.0
2521,TiDE,0.020295804366469383,TimeXer,0.0208751168102026,0.0005793124437332153,TimeXer,0.0208751168102026,0.0005793124437332153
2522,TimeXer,0.020758897066116333,TiDE,0.0211306381970644,0.0003717411309480667,TimeXer,0.020758897066116333,0.0
2523,TimeXer,0.021231582388281822,TiDE,0.02127002738416195,3.844499588012695e-05,TimeXer,0.021231582388281822,0.0
2524,TimeXer,0.021838588640093803,TiDE,0.022733131423592567,0.000894542783498764,TimeXer,0.021838588640093803,0.0
2525,TimeXer,0.022478265687823296,TiDE,0.0232098251581192,0.0007315594702959061,TimeXer,0.022478265687823296,0.0
2526,TimeXer,0.023329509422183037,TiDE,0.02371690236032009,0.00038739293813705444,TimeXer,0.023329509422183037,0.0
2527,TiDE,0.024483030661940575,TimeXer,0.025391308590769768,0.0009082779288291931,TimeXer,0.025391308590769768,0.0009082779288291931
2528,TiDE,0.024510791525244713,PatchTST,0.02820049412548542,0.0036897026002407074,TimeXer,0.028988519683480263,0.00447772815823555
2529,TiDE,0.02631821297109127,TimeXer,0.030881280079483986,0.0045630671083927155,TimeXer,0.030881280079483986,0.0045630671083927155
2530,TiDE,0.02983764372766018,TimeXer,0.03711940348148346,0.00728175975382328,TimeXer,0.03711940348148346,0.00728175975382328
2531,TiDE,0.030756816267967224,PatchTST,0.03739415481686592,0.006637338548898697,TimeXer,0.042258650064468384,0.01150183379650116
2532,TiDE,0.03401792049407959,DLinear,0.03699515759944916,0.002977237105369568,TimeXer,0.0462416410446167,0.01222372055053711
2533,DLinear,0.03523191809654236,TiDE,0.03528010472655296,4.818663001060486e-05,TimeXer,0.05102483928203583,0.01579292118549347
2534,DLinear,0.03457267954945564,TiDE,0.03696556016802788,0.002392880618572235,TimeXer,0.05191517993807793,0.017342500388622284
2535,TiDE,0.03584916517138481,PatchTST,0.036281879991292953,0.0004327148199081421,TimeXer,0.04695369675755501,0.011104531586170197
2536,DLinear,0.03609096631407738,PatchTST,0.03735369071364403,0.0012627243995666504,TimeXer,0.05248230695724487,0.016391340643167496
2537,DLinear,0.03296804055571556,TiDE,0.04220571741461754,0.009237676858901978,TimeXer,0.04901527985930443,0.016047239303588867
2538,DLinear,0.0315987803041935,TimeXer,0.0438990443944931,0.012300264090299606,TimeXer,0.0438990443944931,0.012300264090299606
2539,DLinear,0.03129597380757332,TimeXer,0.03708469495177269,0.005788721144199371,TimeXer,0.03708469495177269,0.005788721144199371
2540,DLinear,0.03060283698141575,TimeXer,0.039802610874176025,0.009199773892760277,TimeXer,0.039802610874176025,0.009199773892760277
2541,DLinear,0.03011183626949787,TimeXer,0.03795236721634865,0.007840530946850777,TimeXer,0.03795236721634865,0.007840530946850777
2542,DLinear,0.030117608606815338,TimeXer,0.03690061345696449,0.006783004850149155,TimeXer,0.03690061345696449,0.006783004850149155
2543,DLinear,0.029847925528883934,TimeXer,0.03869537636637688,0.008847450837492943,TimeXer,0.03869537636637688,0.008847450837492943
2544,DLinear,0.0290997251868248,TimeXer,0.03999805822968483,0.010898333042860031,TimeXer,0.03999805822968483,0.010898333042860031
2545,DLinear,0.028001682832837105,TimeXer,0.043125733733177185,0.01512405090034008,TimeXer,0.043125733733177185,0.01512405090034008
2546,DLinear,0.027637174353003502,TimeXer,0.04624892398715019,0.01861174963414669,TimeXer,0.04624892398715019,0.01861174963414669
2547,DLinear,0.027335725724697113,TimeXer,0.049946557730436325,0.022610832005739212,TimeXer,0.049946557730436325,0.022610832005739212
2548,DLinear,0.027905993163585663,TiDE,0.05674178525805473,0.02883579209446907,TimeXer,0.0569293349981308,0.029023341834545135
2549,DLinear,0.027835140004754066,TimeXer,0.05654127895832062,0.02870613895356655,TimeXer,0.05654127895832062,0.02870613895356655
2550,DLinear,0.02817392162978649,TimeXer,0.054796408861875534,0.026622487232089043,TimeXer,0.054796408861875534,0.026622487232089043
2551,DLinear,0.02893417328596115,TimeXer,0.053543996065855026,0.024609822779893875,TimeXer,0.053543996065855026,0.024609822779893875
2552,DLinear,0.029623525217175484,PatchTST,0.04643425717949867,0.01681073196232319,TimeXer,0.055784910917282104,0.02616138570010662
2553,DLinear,0.030687497928738594,PatchTST,0.04588411748409271,0.015196619555354118,TimeXer,0.05581080913543701,0.025123311206698418
2554,DLinear,0.03231845051050186,PatchTST,0.042865559458732605,0.010547108948230743,TimeXer,0.04646854102611542,0.014150090515613556
2555,DLinear,0.033562030643224716,TiDE,0.04266207292675972,0.009100042283535004,TimeXer,0.043365538120269775,0.00980350747704506
2556,DLinear,0.03411149978637695,TimeXer,0.041182588785886765,0.007071088999509811,TimeXer,0.041182588785886765,0.007071088999509811
2557,DLinear,0.03512699529528618,TimeXer,0.04094149172306061,0.005814496427774429,TimeXer,0.04094149172306061,0.005814496427774429
2558,DLinear,0.03661450743675232,TiDE,0.0406695120036602,0.004055004566907883,TimeXer,0.04164575785398483,0.005031250417232513
2559,DLinear,0.03746810927987099,TiDE,0.041093915700912476,0.0036258064210414886,TimeXer,0.0459606796503067,0.008492570370435715
2560,DLinear,0.038911376148462296,PatchTST,0.03935829922556877,0.00044692307710647583,TimeXer,0.04761664941906929,0.008705273270606995
2561,DLinear,0.03867518529295921,TiDE,0.038707006722688675,3.182142972946167e-05,TimeXer,0.043620407581329346,0.0049452222883701324
2562,TiDE,0.03666897118091583,PatchTST,0.039312828332185745,0.0026438571512699127,TimeXer,0.03999171033501625,0.003322739154100418
2563,TiDE,0.03532007709145546,PatchTST,0.03916871175169945,0.003848634660243988,TimeXer,0.042902786284685135,0.007582709193229675
2564,TiDE,0.0334017314016819,PatchTST,0.03739577531814575,0.003994043916463852,TimeXer,0.038608476519584656,0.005206745117902756
2565,TimeXer,0.029626160860061646,TiDE,0.032578278332948685,0.002952117472887039,TimeXer,0.029626160860061646,0.0
2566,TimeXer,0.030108878389000893,TiDE,0.032676417380571365,0.0025675389915704727,TimeXer,0.030108878389000893,0.0
2567,TimeXer,0.029003918170928955,TiDE,0.03278384730219841,0.003779929131269455,TimeXer,0.029003918170928955,0.0
2568,TimeXer,0.030959846451878548,TiDE,0.03288095071911812,0.0019211042672395706,TimeXer,0.030959846451878548,0.0
2569,TiDE,0.037066780030727386,PatchTST,0.04030381143093109,0.003237031400203705,TimeXer,0.041709914803504944,0.004643134772777557
2570,TiDE,0.03643302619457245,PatchTST,0.041472721844911575,0.005039695650339127,TimeXer,0.049880072474479675,0.013447046279907227
2571,TiDE,0.03158903494477272,PatchTST,0.03528062254190445,0.003691587597131729,TimeXer,0.044438812881708145,0.012849777936935425
2572,TiDE,0.030706698074936867,PatchTST,0.03519913926720619,0.004492441192269325,TimeXer,0.0418609194457531,0.01115422137081623
2573,TiDE,0.030790433287620544,PatchTST,0.03582359105348587,0.005033157765865326,TimeXer,0.03705031797289848,0.006259884685277939
2574,TiDE,0.030899778008461,TimeXer,0.03471864387392998,0.003818865865468979,TimeXer,0.03471864387392998,0.003818865865468979
2575,TiDE,0.0304259043186903,PatchTST,0.03454495593905449,0.004119051620364189,TimeXer,0.03506951406598091,0.004643609747290611
2576,TiDE,0.029906658455729485,PatchTST,0.032937828451395035,0.0030311699956655502,TimeXer,0.03483201190829277,0.004925353452563286
2577,TiDE,0.02971932850778103,TimeXer,0.032113973051309586,0.002394644543528557,TimeXer,0.032113973051309586,0.002394644543528557
2578,TiDE,0.030153682455420494,TimeXer,0.032832417637109756,0.0026787351816892624,TimeXer,0.032832417637109756,0.0026787351816892624
2579,TiDE,0.029929473996162415,TimeXer,0.030152766034007072,0.0002232920378446579,TimeXer,0.030152766034007072,0.0002232920378446579
2580,TimeXer,0.03047768771648407,TiDE,0.030532369390130043,5.4681673645973206e-05,TimeXer,0.03047768771648407,0.0
2581,TiDE,0.030392808839678764,TimeXer,0.03153477609157562,0.0011419672518968582,TimeXer,0.03153477609157562,0.0011419672518968582
2582,TiDE,0.03123989887535572,TimeXer,0.03343543782830238,0.002195538952946663,TimeXer,0.03343543782830238,0.002195538952946663
2583,TiDE,0.030740350484848022,TimeXer,0.032224949449300766,0.0014845989644527435,TimeXer,0.032224949449300766,0.0014845989644527435
2584,TimeXer,0.029864413663744926,PatchTST,0.03089836798608303,0.0010339543223381042,TimeXer,0.029864413663744926,0.0
2585,TimeXer,0.03155819699168205,PatchTST,0.03180386871099472,0.00024567171931266785,TimeXer,0.03155819699168205,0.0
2586,TiDE,0.03214741125702858,PatchTST,0.03324213996529579,0.001094728708267212,TimeXer,0.03397400677204132,0.001826595515012741
2587,TiDE,0.0327494852244854,TimeXer,0.03276267647743225,1.3191252946853638e-05,TimeXer,0.03276267647743225,1.3191252946853638e-05
2588,TimeXer,0.03382423147559166,TiDE,0.034789737313985825,0.000965505838394165,TimeXer,0.03382423147559166,0.0
2589,TimeXer,0.030632197856903076,TiDE,0.034639835357666016,0.0040076375007629395,TimeXer,0.030632197856903076,0.0
2590,TimeXer,0.02910088561475277,TiDE,0.03356068208813667,0.0044597964733839035,TimeXer,0.02910088561475277,0.0
2591,TimeXer,0.028678717091679573,TiDE,0.034281957894563675,0.005603240802884102,TimeXer,0.028678717091679573,0.0
2592,TimeXer,0.02974754571914673,TiDE,0.03418877348303795,0.00444122776389122,TimeXer,0.02974754571914673,0.0
2593,TimeXer,0.030233284458518028,TiDE,0.03433941304683685,0.004106128588318825,TimeXer,0.030233284458518028,0.0
2594,TimeXer,0.03137679025530815,TiDE,0.03529581055045128,0.0039190202951431274,TimeXer,0.03137679025530815,0.0
2595,TimeXer,0.03449862077832222,TiDE,0.035092588514089584,0.0005939677357673645,TimeXer,0.03449862077832222,0.0
2596,TimeXer,0.034885067492723465,TiDE,0.03740452975034714,0.0025194622576236725,TimeXer,0.034885067492723465,0.0
2597,TiDE,0.03597046062350273,TimeXer,0.037131477147340775,0.0011610165238380432,TimeXer,0.037131477147340775,0.0011610165238380432
2598,TiDE,0.03625497221946716,TimeXer,0.03659588471055031,0.00034091249108314514,TimeXer,0.03659588471055031,0.00034091249108314514
2599,TimeXer,0.032374873757362366,TiDE,0.03575362637639046,0.0033787526190280914,TimeXer,0.032374873757362366,0.0
2600,TimeXer,0.032602716237306595,TiDE,0.034743066877126694,0.002140350639820099,TimeXer,0.032602716237306595,0.0
2601,TimeXer,0.030832672491669655,TiDE,0.034366779029369354,0.0035341065376996994,TimeXer,0.030832672491669655,0.0
2602,TimeXer,0.03153408691287041,TiDE,0.03363354504108429,0.0020994581282138824,TimeXer,0.03153408691287041,0.0
2603,TimeXer,0.029983630403876305,PatchTST,0.0335102453827858,0.0035266149789094925,TimeXer,0.029983630403876305,0.0
2604,TimeXer,0.03053595870733261,PatchTST,0.031938087195158005,0.0014021284878253937,TimeXer,0.03053595870733261,0.0
2605,TimeXer,0.029597140848636627,TiDE,0.030283063650131226,0.0006859228014945984,TimeXer,0.029597140848636627,0.0
2606,TimeXer,0.0289847981184721,TiDE,0.029878228902816772,0.0008934307843446732,TimeXer,0.0289847981184721,0.0
2607,TimeXer,0.028686823323369026,TiDE,0.02989109419286251,0.0012042708694934845,TimeXer,0.028686823323369026,0.0
2608,TimeXer,0.028041258454322815,TiDE,0.0300527885556221,0.002011530101299286,TimeXer,0.028041258454322815,0.0
2609,TimeXer,0.027148088440299034,TiDE,0.02964245341718197,0.0024943649768829346,TimeXer,0.027148088440299034,0.0
2610,TimeXer,0.02705017663538456,TiDE,0.02912149764597416,0.0020713210105895996,TimeXer,0.02705017663538456,0.0
2611,TimeXer,0.027405768632888794,TiDE,0.0285587627440691,0.0011529941111803055,TimeXer,0.027405768632888794,0.0
2612,TimeXer,0.027303546667099,TiDE,0.02882973849773407,0.0015261918306350708,TimeXer,0.027303546667099,0.0
2613,TimeXer,0.026585930958390236,TiDE,0.027949461713433266,0.0013635307550430298,TimeXer,0.026585930958390236,0.0
2614,TimeXer,0.0264620091766119,TiDE,0.027480514720082283,0.0010185055434703827,TimeXer,0.0264620091766119,0.0
2615,TimeXer,0.026340290904045105,TiDE,0.027447588741779327,0.0011072978377342224,TimeXer,0.026340290904045105,0.0
2616,TimeXer,0.027372309938073158,TiDE,0.02751215361058712,0.0001398436725139618,TimeXer,0.027372309938073158,0.0
2617,TiDE,0.02780050039291382,PatchTST,0.029225952923297882,0.0014254525303840637,TimeXer,0.03180596977472305,0.004005469381809235
2618,TiDE,0.02827329933643341,PatchTST,0.030391672626137733,0.002118373289704323,TimeXer,0.0335366316139698,0.005263332277536392
2619,TiDE,0.028670331463217735,TimeXer,0.03099016845226288,0.002319836989045143,TimeXer,0.03099016845226288,0.002319836989045143
2620,TiDE,0.02802889235317707,PatchTST,0.030878936871886253,0.0028500445187091827,TimeXer,0.031284525990486145,0.0032556336373090744
2621,TiDE,0.02752172388136387,PatchTST,0.02956451289355755,0.00204278901219368,TimeXer,0.031371936202049255,0.0038502123206853867
2622,TiDE,0.027539441362023354,PatchTST,0.02981513738632202,0.002275696024298668,TimeXer,0.03145782649517059,0.00391838513314724
2623,TiDE,0.02715482749044895,TimeXer,0.027172064408659935,1.7236918210983276e-05,TimeXer,0.027172064408659935,1.7236918210983276e-05
2624,TimeXer,0.026425084099173546,PatchTST,0.027325758710503578,0.0009006746113300323,TimeXer,0.026425084099173546,0.0
2625,TimeXer,0.02637401409447193,PatchTST,0.027249373495578766,0.0008753594011068344,TimeXer,0.02637401409447193,0.0
2626,TiDE,0.027409443631768227,PatchTST,0.027472080662846565,6.263703107833862e-05,TimeXer,0.027560314163565636,0.00015087053179740906
2627,TiDE,0.02774200774729252,PatchTST,0.028913969174027443,0.0011719614267349243,TimeXer,0.03009997308254242,0.002357965335249901
2628,TiDE,0.028059611096978188,PatchTST,0.02872444875538349,0.000664837658405304,TimeXer,0.031186789274215698,0.0031271781772375107
2629,TiDE,0.027738505974411964,PatchTST,0.029559403657913208,0.0018208976835012436,TimeXer,0.02985086292028427,0.002112356945872307
2630,TiDE,0.0271511971950531,TimeXer,0.029003707692027092,0.0018525104969739914,TimeXer,0.029003707692027092,0.0018525104969739914
2631,TiDE,0.027372656390070915,TimeXer,0.027417704463005066,4.5048072934150696e-05,TimeXer,0.027417704463005066,4.5048072934150696e-05
2632,TimeXer,0.027656883001327515,TiDE,0.028162017464637756,0.0005051344633102417,TimeXer,0.027656883001327515,0.0
2633,TimeXer,0.02712947688996792,PatchTST,0.027495823800563812,0.00036634691059589386,TimeXer,0.02712947688996792,0.0
2634,PatchTST,0.027485212311148643,TimeXer,0.028488479554653168,0.0010032672435045242,TimeXer,0.028488479554653168,0.0010032672435045242
2635,TiDE,0.02848234958946705,PatchTST,0.02868911623954773,0.00020676665008068085,TimeXer,0.029418641701340675,0.0009362921118736267
2636,TiDE,0.028669171035289764,TimeXer,0.02907772921025753,0.0004085581749677658,TimeXer,0.02907772921025753,0.0004085581749677658
2637,TiDE,0.028999589383602142,TimeXer,0.029712839052081108,0.0007132496684789658,TimeXer,0.029712839052081108,0.0007132496684789658
2638,TiDE,0.028850674629211426,TimeXer,0.030574649572372437,0.0017239749431610107,TimeXer,0.030574649572372437,0.0017239749431610107
2639,TiDE,0.02939542382955551,TimeXer,0.030077099800109863,0.0006816759705543518,TimeXer,0.030077099800109863,0.0006816759705543518
2640,TimeXer,0.031531739979982376,TiDE,0.03213097155094147,0.0005992315709590912,TimeXer,0.031531739979982376,0.0
2641,PatchTST,0.030435243621468544,TiDE,0.03055216372013092,0.0001169200986623764,TimeXer,0.030626170337200165,0.0001909267157316208
2642,TiDE,0.030010869726538658,TimeXer,0.03017127327620983,0.0001604035496711731,TimeXer,0.03017127327620983,0.0001604035496711731
2643,TiDE,0.029310934245586395,TimeXer,0.030758732929825783,0.0014477986842393875,TimeXer,0.030758732929825783,0.0014477986842393875
2644,TiDE,0.029571732506155968,TimeXer,0.030773431062698364,0.0012016985565423965,TimeXer,0.030773431062698364,0.0012016985565423965
2645,TiDE,0.029136762022972107,TimeXer,0.029679372906684875,0.0005426108837127686,TimeXer,0.029679372906684875,0.0005426108837127686
2646,TiDE,0.02944239042699337,TimeXer,0.02950393594801426,6.154552102088928e-05,TimeXer,0.02950393594801426,6.154552102088928e-05
2647,TiDE,0.029557382687926292,TimeXer,0.030289584770798683,0.0007322020828723907,TimeXer,0.030289584770798683,0.0007322020828723907
2648,TiDE,0.029428789392113686,TimeXer,0.030367037281394005,0.0009382478892803192,TimeXer,0.030367037281394005,0.0009382478892803192
2649,TiDE,0.029092103242874146,PatchTST,0.029514780268073082,0.00042267702519893646,TimeXer,0.031171010807156563,0.0020789075642824173
2650,TiDE,0.029254168272018433,PatchTST,0.03016447089612484,0.0009103026241064072,TimeXer,0.030384667217731476,0.0011304989457130432
2651,TiDE,0.02956790290772915,TimeXer,0.029966168105602264,0.00039826519787311554,TimeXer,0.029966168105602264,0.00039826519787311554
2652,TiDE,0.030148670077323914,PatchTST,0.030841194093227386,0.0006925240159034729,TimeXer,0.031007150188088417,0.0008584801107645035
2653,TiDE,0.030425360426306725,TimeXer,0.030976034700870514,0.0005506742745637894,TimeXer,0.030976034700870514,0.0005506742745637894
2654,TiDE,0.031176431104540825,PatchTST,0.0315660797059536,0.00038964860141277313,TimeXer,0.033190999180078506,0.0020145680755376816
2655,TiDE,0.03080887906253338,PatchTST,0.03178801015019417,0.0009791310876607895,TimeXer,0.032865192741155624,0.002056313678622246
2656,TiDE,0.031067529693245888,PatchTST,0.03306042030453682,0.0019928906112909317,TimeXer,0.03365818038582802,0.0025906506925821304
2657,TiDE,0.03111102618277073,TimeXer,0.03140908107161522,0.00029805488884449005,TimeXer,0.03140908107161522,0.00029805488884449005
2658,TimeXer,0.031211676076054573,TiDE,0.03230469673871994,0.0010930206626653671,TimeXer,0.031211676076054573,0.0
2659,TimeXer,0.03316605091094971,TiDE,0.03351820260286331,0.00035215169191360474,TimeXer,0.03316605091094971,0.0
2660,TimeXer,0.031239161267876625,TiDE,0.032448478043079376,0.0012093167752027512,TimeXer,0.031239161267876625,0.0
2661,TimeXer,0.03404192253947258,TiDE,0.034350812435150146,0.00030888989567756653,TimeXer,0.03404192253947258,0.0
2662,TimeXer,0.03330347687005997,TiDE,0.03400760516524315,0.0007041282951831818,TimeXer,0.03330347687005997,0.0
2663,PatchTST,0.03193657472729683,TimeXer,0.03213472291827202,0.0001981481909751892,TimeXer,0.03213472291827202,0.0001981481909751892
2664,TimeXer,0.033005986362695694,PatchTST,0.03343357890844345,0.00042759254574775696,TimeXer,0.033005986362695694,0.0
2665,TimeXer,0.03221859037876129,PatchTST,0.032691262662410736,0.0004726722836494446,TimeXer,0.03221859037876129,0.0
2666,TimeXer,0.031102648004889488,PatchTST,0.032661765813827515,0.0015591178089380264,TimeXer,0.031102648004889488,0.0
2667,TimeXer,0.03173748403787613,PatchTST,0.03384736552834511,0.002109881490468979,TimeXer,0.03173748403787613,0.0
2668,TimeXer,0.03230686113238335,PatchTST,0.03300678730010986,0.0006999261677265167,TimeXer,0.03230686113238335,0.0
2669,TimeXer,0.03316346928477287,PatchTST,0.03322737663984299,6.390735507011414e-05,TimeXer,0.03316346928477287,0.0
2670,TimeXer,0.032406438142061234,PatchTST,0.03298734128475189,0.0005809031426906586,TimeXer,0.032406438142061234,0.0
2671,TimeXer,0.03253799304366112,PatchTST,0.03295474126935005,0.0004167482256889343,TimeXer,0.03253799304366112,0.0
2672,TimeXer,0.033006053417921066,TiDE,0.03398841246962547,0.0009823590517044067,TimeXer,0.033006053417921066,0.0
2673,TimeXer,0.03581485152244568,TiDE,0.036359261721372604,0.0005444101989269257,TimeXer,0.03581485152244568,0.0
2674,TiDE,0.036165278404951096,TimeXer,0.03729265555739403,0.0011273771524429321,TimeXer,0.03729265555739403,0.0011273771524429321
2675,TiDE,0.037557508796453476,PatchTST,0.0431654155254364,0.005607906728982925,TimeXer,0.04368128255009651,0.006123773753643036
2676,TiDE,0.03797902911901474,PatchTST,0.04430682584643364,0.0063277967274188995,TimeXer,0.04477998986840248,0.006800960749387741
2677,TiDE,0.04112716019153595,PatchTST,0.052446622401475906,0.011319462209939957,TimeXer,0.054905105382204056,0.013777945190668106
2678,TiDE,0.04103567823767662,PatchTST,0.050241608172655106,0.009205929934978485,TimeXer,0.057564008980989456,0.016528330743312836
2679,TiDE,0.038786400109529495,PatchTST,0.04529225826263428,0.006505858153104782,TimeXer,0.04783778265118599,0.009051382541656494
2680,TiDE,0.04061990603804588,PatchTST,0.0446380190551281,0.004018113017082214,TimeXer,0.04596753790974617,0.005347631871700287
2681,TiDE,0.042207688093185425,TimeXer,0.04419197142124176,0.0019842833280563354,TimeXer,0.04419197142124176,0.0019842833280563354
2682,TimeXer,0.04251832887530327,TiDE,0.04467135667800903,0.0021530278027057648,TimeXer,0.04251832887530327,0.0
2683,TimeXer,0.04120641574263573,TiDE,0.04493134096264839,0.003724925220012665,TimeXer,0.04120641574263573,0.0
2684,TimeXer,0.039852600544691086,TiDE,0.043697789311409,0.0038451887667179108,TimeXer,0.039852600544691086,0.0
2685,TimeXer,0.03789455443620682,TiDE,0.042544201016426086,0.004649646580219269,TimeXer,0.03789455443620682,0.0
2686,TimeXer,0.03872693330049515,TiDE,0.041785161942243576,0.0030582286417484283,TimeXer,0.03872693330049515,0.0
2687,TimeXer,0.03765049949288368,TiDE,0.04127390682697296,0.003623407334089279,TimeXer,0.03765049949288368,0.0
2688,TimeXer,0.035606879740953445,TiDE,0.03948941454291344,0.0038825348019599915,TimeXer,0.035606879740953445,0.0
