window_index,RidgeCov,TargetRidge,Trend,Seasonal,EWM,EWMFast,EWMSlow,SeasonalOffset,SeasonalDrift,DampedTrend,MeanRevert,MeanRevertSlow,SeasonalEWM,SeasonalTrend,EWMTrend,ZeroPred,Persistence,HAR_EWM
0,0.1068378612,0.3477739394,10.51024151,4.695683002,3.919988394,4.754611969,1.761291504,12.50287533,7.893278599,7.499392033,3.392092705,3.996217728,4.195886135,7.103246689,6.807113647,1.242589474,3.909449816,3.909449816
1,0.07900971919,0.3226598203,9.431990623,4.734929085,4.02765274,4.730852604,1.993362784,10.43483257,7.156921387,6.679330826,3.382409334,3.704000473,4.273866177,6.721434116,6.438436031,1.245053887,3.972522974,3.972522974
2,0.06400866061,0.382160306,10.44811726,4.787458897,4.066108227,4.801866531,1.825071335,13.03737354,8.186099052,7.62037611,3.615996122,4.232391357,4.324681759,7.158714294,6.878080845,1.243706584,4.755513668,4.05711174
3,0.07779991627,0.3703247607,9.832497597,4.827559948,4.217795849,4.832664013,2.234566212,10.54653931,7.282324314,7.186340332,3.660200119,4.118116856,4.424007416,6.954027653,6.7240448,1.242755055,4.499845982,4.129676342
4,0.0689978376,0.4168328345,10.4026289,4.87644434,4.271028996,4.910181046,2.145538807,12.01062012,7.889681339,7.743424892,3.840240717,4.466882706,4.4788661,7.21679306,6.992140293,1.236655831,4.992341518,4.209021091
5,0.08847554773,0.3522944748,8.780204773,4.908382416,4.235226154,4.860507488,1.808380604,12.60940552,8.150148392,6.427623749,3.719005346,3.891921043,4.483438969,6.591648102,6.293310165,1.233719707,4.031105995,4.25274229
6,0.08169905096,0.3828324378,9.020172119,4.931580067,4.319403172,4.858935356,1.973773956,12.44481659,8.116336823,6.752632141,3.877616882,4.162183285,4.543220043,6.710208416,6.446675777,1.228724718,4.392062664,4.305541992
7,0.08194413781,0.3474807739,7.85150671,4.953454494,4.374662399,4.779212475,2.123637199,10.76708508,7.485512257,5.851113796,3.816643953,3.794947386,4.587366104,6.238585949,5.97548914,1.226511955,3.777982712,4.335321903
8,0.08175485581,0.3227616847,6.663627625,4.991780758,4.311230183,4.643311977,1.74759531,11.92996693,7.976182938,4.933655262,3.749738693,3.410680771,4.581521988,5.742845058,5.408717632,1.237924099,3.155457735,4.361672878
9,0.08601168543,0.3714949191,7.537695408,5.002442837,4.482564926,4.611052036,2.45344758,9.989066124,7.216812134,5.832798004,4.019825459,4.010698795,4.678515434,6.137060642,5.901399136,1.233363867,4.003618717,4.392637253
10,0.08019147068,0.3347885907,6.22448349,5.042522907,4.507626057,4.502653599,2.510656357,8.685706139,6.702418804,4.772865772,3.904106379,3.518105745,4.714901447,5.573586941,5.316473484,1.243461251,3.231294394,4.416768551
11,0.07626996189,0.3312284052,5.683303356,5.08738184,4.454520702,4.384597778,2.16212678,9.991776466,7.279331207,4.394940853,3.918875456,3.398051262,4.715030193,5.344201565,5.034283638,1.25939405,3.018297911,4.439537048
12,0.07682213932,0.3347878158,5.342460632,5.117409229,4.520214558,4.266253948,2.497041225,8.663935661,6.743132114,4.212538242,3.976897001,3.400915146,4.767674923,5.196815968,4.906919003,1.269980431,2.984942675,4.449363708
13,0.0792670548,0.334887892,5.077103138,5.141715527,4.530525684,4.150579929,2.609581709,8.341304779,6.620337009,4.080376148,4.025272846,3.415360689,4.788430214,5.079126358,4.785017014,1.274884343,2.978285074,4.446605206
14,0.07380507141,0.339284271,4.987893581,5.177173138,4.532214642,4.073612213,2.595618963,8.740523338,6.815883636,4.098008633,4.113941669,3.5198524,4.810079098,5.052488327,4.744847298,1.285287738,3.09412837,4.459291935
15,0.06674584001,0.3567526639,5.253455639,5.212258816,4.660054684,4.052103996,3.287024736,7.193179607,6.153407574,4.437811375,4.280995846,3.824774742,4.89465189,5.20108223,4.943386555,1.292392254,3.49313736,4.482613087
16,0.07477544993,0.3728665411,5.456469059,5.254923344,4.541725636,4.066728592,2.441868544,10.89421082,7.776281357,4.69264555,4.412252903,4.054302692,4.858137131,5.321231842,4.982613087,1.297878861,3.792017698,4.514273167
17,0.08383655548,0.3388490975,4.096530914,5.306432724,4.60133791,3.992978334,2.688541174,8.538739204,6.809626102,3.540693998,4.243109226,3.442191362,4.917316914,4.660518646,4.333490372,1.325083375,2.886212349,4.541051388
18,0.09367638826,0.3454542458,4.035661221,5.339150906,4.719341755,3.924715996,3.44436264,6.515609264,5.909946442,3.583133459,4.342345715,3.573003769,4.995887756,4.644417763,4.361219883,1.336540222,3.037358522,4.546564579
19,0.1145652831,0.3377308846,3.644386053,5.380124569,4.726185799,3.846221924,3.53105855,6.120290756,5.743147373,3.287739038,4.332952976,3.454013109,5.020170212,4.451115131,4.157343388,1.353235245,2.852039337,4.551589489
20,0.0978763327,0.3224078119,3.130151033,5.406238079,4.742630005,3.72467804,3.86523366,4.956540585,5.178471088,2.87247467,4.26940012,3.24020195,5.041478634,4.172830105,3.88177371,1.363340855,2.553141832,4.529399395
21,0.0935933888,0.3094629049,2.812351227,5.429021358,4.622340679,3.595769167,3.309245348,6.124083042,5.77046442,2.631674767,4.239900112,3.131709099,4.990828037,3.996157885,3.648688555,1.373206496,2.403740883,4.499332428
22,0.1171092764,0.2978078723,2.200668335,5.453996181,4.598175049,3.433090925,3.463006258,5.147300243,5.299351215,2.116955996,4.137483597,2.83309269,4.990341663,3.626253128,3.271856308,1.389471412,2.009150267,4.460516453
23,0.09306001663,0.2844814658,1.89139235,5.467936039,4.516304493,3.259659529,3.350397825,5.210344791,5.338240147,1.883464813,4.101248741,2.725602865,4.954145432,3.427638292,3.043634415,1.398499131,1.87293148,4.401695251
24,0.1056868359,0.2825948,1.394868851,5.492425919,4.527574539,3.073726654,3.858009338,3.620082855,4.498621464,1.454672813,4.004812717,2.455864668,4.970312119,3.077991724,2.706907988,1.421734214,1.536952138,4.349537849
25,0.134554565,0.2716862261,1.933347702,5.514698505,4.473712921,3.002995253,3.747859955,4.950341702,5.228161812,2.060385704,4.273959637,3.03160882,4.952092171,3.478728533,3.060759306,1.434289336,2.240316153,4.319391727
26,0.1283352375,0.2558488846,1.582212329,5.534005642,4.431134701,2.908733368,3.791184187,4.528073788,5.016631603,1.752783895,4.204279423,2.846042871,4.937929153,3.241586685,2.811483622,1.447408319,2.003170967,4.278631687
27,0.139009282,0.2656033039,1.921386242,5.551151276,4.423838615,2.883366823,3.990965605,4.880203724,5.209590435,2.16155839,4.396927357,3.257968187,4.941794872,3.488604307,3.03481555,1.453512311,2.522524118,4.25139761
28,0.1557197124,0.2394052893,1.422477841,5.574264526,4.443442822,2.816566229,4.447926044,3.445725679,4.437053204,1.675067306,4.251769543,2.905398607,4.961602211,3.142289877,2.706441879,1.469906688,2.071525574,4.221157074
29,0.1575009674,0.223247841,1.218775272,5.583492756,4.388664722,2.727993011,4.480777264,3.208655596,4.30238533,1.487058997,4.1899333,2.782538176,4.935311794,2.988578796,2.536017895,1.478561878,1.926571965,4.170638561
30,0.1371424198,0.208162412,0.948214829,5.598635197,4.378391266,2.627335548,4.855257034,2.385358572,3.794749022,1.215494514,4.093989849,2.574882507,4.934499264,2.766390562,2.318038702,1.496825814,1.678476691,4.124809742
31,0.1166230813,0.2031886131,0.9814392924,5.600647449,4.245719433,2.542699099,4.303014278,3.335249186,4.38495779,1.277188778,4.12436533,2.672226667,4.863171577,2.797444582,2.294899702,1.503704071,1.805762291,4.067334652
32,0.1004195809,0.1908391565,0.8185359836,5.612354279,4.217195988,2.459311724,4.538216591,2.801972389,4.06870079,1.112819672,4.067183971,2.558040619,4.851141453,2.652382851,2.144325972,1.517927766,1.673820972,4.017686844
33,0.1257683188,0.18030864,0.6968460679,5.619937897,4.155982971,2.371505737,4.546980858,2.660137415,3.983133078,0.9846927524,4.014760971,2.46686554,4.819411755,2.533015013,2.007877111,1.531613946,1.573601365,3.96323204
34,0.1095152795,0.1530810446,0.3990097046,5.614397049,4.086166382,2.219788551,4.762946606,1.812816262,3.402065516,0.5996861458,3.780371428,2.044828415,4.775900364,2.168099642,1.650977731,1.539536119,1.115931511,3.8742764
35,0.08979520947,0.1398130059,0.2593806982,5.60336113,3.982260466,2.043637991,4.774908066,1.435974717,3.099525452,0.3742852509,3.601544619,1.750089645,4.710178375,1.896505356,1.375187874,1.55154407,0.8242980838,3.776078939
36,0.0794307217,0.1262989342,0.249616906,5.587368011,3.918702841,1.880450845,5.222313404,1.04475677,2.725903273,0.3286107481,3.541258097,1.697766304,4.663973331,1.821035743,1.28631103,1.557418823,0.788151443,3.669113874
37,0.09487557411,0.117998004,0.2694151103,5.567975521,3.740941286,1.75453341,4.522330761,1.662583947,3.262243271,0.344203949,3.534944296,1.74641645,4.554431438,1.830461621,1.242289186,1.566082597,0.8504549861,3.575780153
38,0.103756696,0.1488661617,0.4385820925,5.572287083,3.75288415,1.728276134,5.125717163,1.661843896,3.264029264,0.6500464082,3.790788651,2.255676508,4.560147762,2.153501272,1.51799202,1.580879569,1.399732232,3.528020144
39,0.09915077686,0.133163318,0.3706472218,5.560689449,3.649214506,1.67338562,4.846682072,1.714686036,3.298770905,0.5048225522,3.659358978,2.059988976,4.495406628,2.003564119,1.352664113,1.589119911,1.199255824,3.460861444
40,0.08505088091,0.1081621647,0.3126810491,5.547086716,3.574684381,1.580286026,4.961196423,1.263858557,2.912388563,0.3038151562,3.450891495,1.727036834,4.444355488,1.754574776,1.115101099,1.599569798,0.8650777936,3.379853487
41,0.09390214086,0.1533529013,0.4144149721,5.545375824,3.515417337,1.564488053,4.88519907,1.768121123,3.331663847,0.5329814553,3.660492182,2.15033412,4.408292294,2.015038729,1.312444329,1.615173936,1.322006226,3.335437059
42,0.1152562797,0.1274151653,0.3733204603,5.534533024,3.48707962,1.509659171,5.301444054,1.15570724,2.800167084,0.3611768782,3.480947495,1.868952394,4.384554386,1.818900704,1.133547783,1.62590611,1.032367229,3.269794703
43,0.07046344876,0.104467392,0.3963658512,5.511766911,3.358497381,1.421154022,4.878579617,1.179161072,2.809335709,0.2269875258,3.275836229,1.566059709,4.299091816,1.612371087,0.9272111058,1.637883782,0.7421744466,3.190659761
44,0.09464675188,0.11835704,0.4283655584,5.498649597,3.323204756,1.359609962,5.242716312,1.019326329,2.631367683,0.2536237538,3.294222832,1.644586563,4.26973772,1.648145318,0.941996038,1.652689338,0.8293678761,3.124085188
45,0.06300561875,0.0930749476,0.5502821803,5.46665144,3.177747011,1.254215956,4.825212479,1.024456143,2.608388186,0.1765484959,3.061417341,1.329690099,4.170154095,1.454573989,0.7508702874,1.655547142,0.5525342822,3.024493456
46,0.08116101474,0.08894554526,0.6588191986,5.439575672,3.108570099,1.155200601,5.132996082,0.8465182185,2.332587004,0.1771150678,2.966561556,1.241529822,4.114712238,1.400362015,0.6890437603,1.660815597,0.4904365242,2.928253889
47,0.0592633374,0.07305786759,1.061496377,5.39523077,2.947076082,1.011187196,4.716834545,0.7970995903,2.17404151,0.2534107268,2.660920858,0.8430452347,3.997021914,1.153563142,0.4785462916,1.668029189,0.2072571665,2.811178446
48,0.05577692017,0.07391079515,1.365612388,5.353026867,2.864673615,0.8702456355,5.16995573,0.7921888232,1.799500823,0.3567931652,2.524961948,0.7110037208,3.923974276,1.075458884,0.4105078876,1.674017787,0.1433794051,2.688295364
49,0.08003703505,0.07524134219,1.245212913,5.307197571,2.771570206,0.7800208926,5.337881565,0.8229638934,1.845572472,0.2881247401,2.588150978,0.8622497916,3.845044374,1.173870683,0.4579238892,1.679250121,0.2360374928,2.584000111
50,0.07680520415,0.08400973678,1.234654903,5.260438919,2.658302546,0.7167989612,5.152919769,0.8505869508,1.977457047,0.2752767503,2.59300828,0.9379405975,3.755011559,1.228489399,0.4753244221,1.68463552,0.2987686396,2.491497278
51,0.07450085133,0.07715147734,2.226828337,5.195541859,2.509454966,0.5880250335,5.070467472,1.096396565,1.572559834,0.7118409276,2.178109407,0.4597554505,3.633073568,0.9957860112,0.3295221627,1.678835869,0.08093044907,2.352173805
52,0.07692173123,0.1216613874,1.210921645,5.160914898,2.444284678,0.5800074339,5.067945004,0.9470017552,2.131834269,0.2639507353,2.628051758,1.138434172,3.577009201,1.352385879,0.5182171464,1.689558506,0.4854236841,2.291136503
53,0.06880518049,0.110706605,1.423079848,5.119238853,2.36174655,0.5569733977,5.018903255,0.9675993919,2.038844824,0.3130523264,2.489869833,0.9995629787,3.507950544,1.310449123,0.4803722799,1.691704869,0.3850841522,2.215502739
54,0.05824424699,0.07384791225,2.120022058,5.063407421,2.251739502,0.4920276403,4.906405926,1.08223474,1.758758545,0.5732709169,2.162165403,0.6053108573,3.413950682,1.149931431,0.3866010606,1.693575025,0.1345573813,2.11738348
55,0.06635248661,0.06935567409,2.7185781,4.999812603,2.184261084,0.4132141173,5.484396458,1.645888448,1.417368889,0.8518101573,1.961397648,0.4211119711,3.340387583,1.099834323,0.3723341525,1.691257596,0.07837150246,2.005380869
56,0.08594846725,0.07228784263,3.286502838,4.912711143,2.022311926,0.3318179846,5.010846615,1.703612685,1.435674787,1.142647862,1.789281249,0.2973034084,3.200277328,1.083322048,0.3854044378,1.68428421,0.08111056685,1.883525014
57,0.06229014695,0.0669368431,3.15073204,4.842363358,1.90568018,0.279430598,4.924559116,1.641612887,1.514410853,1.019233823,1.793925881,0.3593971729,3.095294714,1.147265315,0.4055416584,1.675665855,0.07677459717,1.775014877
58,0.06943000108,0.06551853567,3.45639205,4.773101807,1.811700344,0.2352312356,5.147562981,2.054115534,1.441273093,1.153447509,1.692415118,0.3140915036,3.004865408,1.189171314,0.441287756,1.662469506,0.08117509633,1.665467739
59,0.08559843153,0.07395490259,4.34350729,4.678806305,1.662038326,0.1832981557,4.684610367,2.249112368,1.423616886,1.650562286,1.488789916,0.1748049259,2.866704941,1.194450617,0.5085746646,1.653767228,0.1378412396,1.551645637
60,0.0928350389,0.1029882133,5.530749798,4.583779812,1.538928628,0.1295092404,4.829654694,3.259643793,1.334578872,2.357460737,1.291034818,0.08727202564,2.742312431,1.258729219,0.6388185024,1.633919239,0.3156156838,1.418459296
61,0.1478294879,0.06467732042,4.053128719,4.503021717,1.456272483,0.1168051586,4.788074017,2.336289167,1.464141369,1.369801521,1.489186168,0.2627181113,2.65200448,1.273149252,0.5217942595,1.635245919,0.08125463128,1.3409096
62,0.09924694151,0.08621183038,5.5896492,4.400745869,1.336268783,0.09225598723,4.611690521,3.224618912,1.377699852,2.288935423,1.224648118,0.09697515517,2.526390076,1.325851798,0.6903576851,1.623478889,0.2518174946,1.233980298
63,0.07838915288,0.06986993551,5.351063251,4.309230328,1.217632055,0.08122432232,4.263757229,2.773429155,1.449225903,2.076512575,1.220189214,0.1206413582,2.407509565,1.360285401,0.6941768527,1.609025002,0.1760529727,1.138481021
64,0.08078750968,0.06505512446,4.435438633,4.240190983,1.172812939,0.08064936101,4.637232304,2.715821028,1.488776207,1.469157815,1.327033401,0.2482080013,2.347832203,1.38452208,0.6155071855,1.60020864,0.07841502875,1.070380807
65,0.08157745749,0.0603463538,5.045073509,4.150902271,1.089421391,0.07841860503,4.474277973,3.057510376,1.47723484,1.806496024,1.189287543,0.164472729,2.254158735,1.430008054,0.7046834826,1.590554595,0.1059376299,0.9981171489
66,0.1160660163,0.09791859239,7.17276144,4.040589809,0.9715600014,0.07659167796,4.229932785,4.36004591,1.476271272,3.144061327,0.9167001843,0.06090042368,2.125466585,1.600667357,1.028142333,1.565654278,0.4601417482,0.894865334
67,0.08483663946,0.05744208023,5.225363255,3.958799362,0.9146268964,0.0782263577,4.274831295,3.216057539,1.51265049,1.835025668,1.089876294,0.1593786478,2.052132368,1.504801393,0.7744102478,1.557549477,0.09514803439,0.8359681964
68,0.08998146653,0.05480877683,5.784650326,3.868392944,0.8401592374,0.08213431388,4.089077473,3.500683546,1.522410393,2.152732849,0.9781250954,0.1073387638,1.963151097,1.56856823,0.8785333633,1.544752479,0.1406959146,0.7722395062
69,0.08834370971,0.1111424938,8.383978844,3.755358934,0.7379329801,0.09858288616,3.962649584,5.380989075,1.60120523,3.833965302,0.7231251597,0.08143696189,1.842018008,1.842637897,1.331020832,1.513863683,0.6654058099,0.6763090491
70,0.07675155997,0.06826154888,7.541484833,3.651716232,0.6702516079,0.1156705245,4.070744038,5.188483238,1.616231799,3.196971178,0.7426331639,0.05476258323,1.749654412,1.793298721,1.218354583,1.49218142,0.3975577652,0.6034252048
71,0.07600850612,0.05132123828,5.824718475,3.562625647,0.6123914719,0.1156250015,3.780370951,3.633054733,1.574607015,2.064496756,0.8571710587,0.1124624088,1.673040032,1.661695957,0.964182198,1.482230306,0.09974666685,0.5601510406
72,0.074760288,0.05503380299,7.347848892,3.463029146,0.5541111231,0.1308092624,3.777744293,4.949728012,1.638516307,3.013064384,0.6824905276,0.05118222535,1.589215875,1.832805157,1.248061657,1.464093208,0.3163991868,0.5020681024
73,0.08523929119,0.1284526438,9.779219627,3.339125872,0.4677821696,0.1728771776,3.646288157,6.901729584,1.835217953,4.63990736,0.5295398235,0.1567291468,1.472519994,2.168055296,1.745299339,1.42808044,0.9285352826,0.4214728177
74,0.0843668282,0.09324234724,9.317154884,3.227390528,0.3991228044,0.2161625177,3.609047651,6.815172672,1.865313172,4.25480938,0.5100778937,0.1154228821,1.374985337,2.156674623,1.705564976,1.39264679,0.7347692847,0.3544828892
75,0.07312134653,0.04203096032,7.484461308,3.131598711,0.3523824513,0.2291810066,3.464327574,5.341264248,1.744932771,2.980768204,0.5572285056,0.04386105016,1.302350521,1.958918929,1.391466498,1.369952559,0.2668274939,0.3136431873
76,0.08878180385,0.04170322418,7.336925507,3.040525436,0.3190602064,0.2383636683,3.523786783,5.661049366,1.802124143,2.871049166,0.5277314782,0.04272674397,1.242329955,1.97667253,1.395943046,1.348219037,0.2340248972,0.2786362469
77,0.05222625658,0.04669481888,6.889093876,2.954376936,0.2832712829,0.2431656569,3.254056692,5.059123516,1.773446083,2.581659317,0.5159952641,0.04792724177,1.1829772,1.961071849,1.355664134,1.327280879,0.1662839502,0.2525042295
78,0.07756281644,0.06464163214,6.201722622,2.875491858,0.267249316,0.2276566178,3.353139877,4.97606039,1.781262398,2.159564734,0.529127419,0.07071507722,1.142781138,1.899053216,1.241861224,1.31374836,0.0919707194,0.2335447222
79,0.06635329127,0.08190276474,5.86683321,2.794853926,0.2432669401,0.2097588629,3.069828749,4.431911469,1.740895391,1.976480842,0.5155345798,0.08473372459,1.095831394,1.875007272,1.206595421,1.3015095,0.07529325038,0.2186453938
80,0.0468868427,0.05651305243,7.064363956,2.712939024,0.2180552632,0.2213974446,2.96194768,5.507558823,1.876944661,2.733364105,0.3912470341,0.04146261141,1.045702934,2.062045813,1.486889243,1.280136108,0.2186621279,0.1966816187
81,0.07171393931,0.05899493769,8.196016312,2.623450756,0.189452365,0.2526758015,2.921737671,6.774627209,2.073148012,3.482312441,0.3091417551,0.07475107163,0.9886605144,2.26663661,1.769489765,1.251444221,0.4522907734,0.1693972349
82,0.06258741021,0.07686442137,6.62946701,2.543957949,0.1678830981,0.2516602874,2.609484911,5.020066261,1.859925151,2.46628356,0.348200798,0.04413265362,0.9420158267,2.058095455,1.475780129,1.233531952,0.1634968072,0.1557497978
83,0.06982598454,0.06952672452,8.527638435,2.463639975,0.144307971,0.2917224467,2.529689074,6.799289703,2.139966011,3.723208189,0.2463784069,0.1093825698,0.8911941648,2.396820068,1.94135952,1.202147126,0.5533897877,0.1337933391
84,0.07802194357,0.08547663689,6.864836216,2.389424324,0.1360176057,0.2909852564,2.667043447,6.071920872,2.050858974,2.626469135,0.2764332891,0.04517776147,0.8585178852,2.153289795,1.593497276,1.183781624,0.2079655677,0.1227678582
85,0.05849235132,0.1475435942,5.638188839,2.328909874,0.1344420314,0.2765980065,2.450800657,4.79356432,1.896191716,1.896351218,0.3212678432,0.07681494951,0.8367412686,1.997233391,1.364849091,1.170095444,0.09498593956,0.1254614443
86,0.06268262118,0.099394463,6.976963043,2.25924468,0.128450051,0.292506367,2.445937872,6.383466244,2.159228086,2.76414299,0.2201284617,0.06295282394,0.8067393303,2.237826347,1.702877641,1.14821136,0.2749801576,0.1198431477
87,0.07613040507,0.09697455168,7.664942265,2.18208909,0.1223976314,0.3234976232,2.561237335,7.885686398,2.446755171,3.247084856,0.1786552072,0.1056037247,0.7738104463,2.389043093,1.898579001,1.121695518,0.4415401518,0.1130194291
88,0.06936584413,0.1344333142,6.461148739,2.103612423,0.1178700924,0.3267809153,2.340098619,6.490903378,2.22247982,2.493835211,0.1925810128,0.06693714857,0.7418606877,2.197450638,1.658914208,1.102819443,0.2301842421,0.1119851395
89,0.06122419238,0.1469067782,6.40366888,2.036668539,0.119454205,0.3373842537,2.197234869,6.46559906,2.24493885,2.498847246,0.1754489094,0.07711499929,0.7188907266,2.213709593,1.688762784,1.083483696,0.2496892959,0.1156742796
90,0.05302636698,0.2140446305,5.36504221,1.978975654,0.1262858361,0.3240136206,2.261723042,6.003854275,2.184052229,1.892278671,0.2035459727,0.08424771577,0.7072663903,2.049108982,1.466671109,1.070082784,0.1435295045,0.1224353537
91,0.05787357688,0.25218907,4.955813885,1.916780472,0.1294724792,0.3048253953,1.924206376,5.040887356,2.023571968,1.70175302,0.2043458968,0.09745591879,0.6888570786,1.982246399,1.402571082,1.058492064,0.1349746138,0.1281721145
92,0.05790550634,0.2424342781,5.143859386,1.868703485,0.1388166994,0.3042063415,1.7942909,5.226031303,2.077589035,1.863959908,0.1768002063,0.09670314938,0.6801323891,2.034386873,1.483565688,1.045222878,0.1702986956,0.1382938027
93,0.06063013151,0.2077423334,5.729274273,1.814602375,0.1442594826,0.3162721992,1.708012938,5.946292877,2.23085475,2.280275106,0.1376516968,0.1110507622,0.6651775837,2.159145117,1.659968734,1.027598381,0.2754799128,0.1441416293
94,0.06642839313,0.2631149888,5.026100159,1.757738113,0.1454773992,0.3056802452,1.622288108,5.322658539,2.113752127,1.882209301,0.1496817917,0.1046067849,0.6477689743,2.021236181,1.499904633,1.01633215,0.196180895,0.1455064267
95,0.06902834773,0.2283309251,5.592160702,1.703767419,0.1502417773,0.3193390667,1.716310143,6.677261829,2.399253607,2.29370141,0.119002305,0.1308878809,0.6342157722,2.141916513,1.661646247,0.998278439,0.314227432,0.1507545114
96,0.07306604832,0.3304933608,4.440274715,1.660280228,0.1649203598,0.3180828989,1.472706199,4.987291813,2.077622414,1.617714286,0.1575800627,0.1256003529,0.6306350827,1.928862929,1.408436775,0.9872456193,0.1831685305,0.1649203598
97,0.05865524709,0.2664865553,5.185909748,1.615367293,0.1738151312,0.3348051012,1.648952603,6.891866207,2.494341612,2.142151833,0.1226704717,0.1531056613,0.6247575879,2.09258914,1.617985845,0.9702393413,0.3183021843,0.1753063053
98,0.06915845722,0.2690545619,5.233919144,1.553800941,0.1814482957,0.3510336876,1.496206641,6.875804901,2.502966642,2.236254454,0.1177864149,0.1775540709,0.6085603237,2.105096102,1.660656929,0.9521465898,0.3719186783,0.1825704575
99,0.08559467643,0.3042117357,4.835638046,1.504178047,0.1917119026,0.3656627238,1.572250724,7.207890987,2.596759796,2.030757189,0.1261028796,0.175516367,0.6016712189,2.029109001,1.577723503,0.9357855916,0.3309109211,0.1944608688
100,0.064452447,0.3528598249,4.338812351,1.441214442,0.1996087283,0.361525327,1.241109848,5.753294468,2.269396544,1.775300384,0.1324558705,0.1667774469,0.5848772526,1.907355309,1.472241044,0.9234086871,0.278855294,0.1986157149
101,0.05918660387,0.4339903891,3.649565935,1.404251456,0.2085918635,0.3524018824,1.296646118,5.518026829,2.228339434,1.396128058,0.1559123844,0.1641314924,0.5834257603,1.756673813,1.297727585,0.912943542,0.2135502547,0.20899041
102,0.06849297136,0.4563374519,3.460698128,1.355659842,0.2146174759,0.3363403082,1.089673162,4.884823322,2.079250574,1.342787147,0.1554684192,0.1681812555,0.5730124116,1.696785331,1.258693218,0.9049403667,0.2163253278,0.2117234915
103,0.08806017786,0.5041345358,3.1245296,1.326652884,0.231083557,0.3299569786,0.8854289055,4.001954556,1.88593781,1.192083716,0.1730462909,0.1807881147,0.5759266615,1.621181846,1.19091022,0.8960599899,0.2101613283,0.2238247395
104,0.05478695408,0.3564540446,4.306023121,1.28937161,0.2335737795,0.3506061733,1.060185552,6.674203396,2.526525259,2.016101122,0.1448971182,0.2668350637,0.5678426623,1.895691395,1.523122311,0.878159523,0.4673968852,0.2312273979
105,0.07477169484,0.5795800686,2.661062956,1.256534576,0.2456008941,0.3321175277,0.8341569304,3.869578123,1.857055306,1.005061746,0.1930187494,0.1968789846,0.56725353,1.497164726,1.078694701,0.8708345294,0.2075198293,0.237573266
106,0.07448392361,0.400278002,3.823740005,1.220104337,0.2560071051,0.3499757051,0.740793407,5.261088848,2.199605227,1.811599731,0.1607574075,0.2742480934,0.561312139,1.773659348,1.429792047,0.8543178439,0.443123579,0.2451303005
107,0.08641851693,0.3637185097,4.296267986,1.195206642,0.2742804587,0.3902945518,0.6907609105,5.954589367,2.394831896,2.194275618,0.1833585948,0.3769452572,0.5641677976,1.906552792,1.595619678,0.8326585889,0.6444779038,0.2615108788
108,0.0683837533,0.4402228296,3.498779535,1.165940046,0.2844753563,0.4036755562,0.6579766273,5.151597023,2.201741219,1.672771573,0.1872803569,0.289967984,0.5619071126,1.705652595,1.381046414,0.8170394897,0.4286013544,0.270783931
109,0.08449584246,0.5576413274,2.660986662,1.145768642,0.29399845,0.3970529139,0.6575033665,4.369454861,2.010691643,1.156663895,0.2076310962,0.2337511033,0.5649629235,1.487897992,1.14121902,0.8068234324,0.2678661048,0.2810531855
110,0.07615747303,0.4620883465,3.262089968,1.122739434,0.3057714999,0.4184605181,0.705922842,5.913243771,2.427436113,1.61785543,0.2187672108,0.3270505369,0.567589879,1.650899291,1.335164189,0.7907896638,0.4616936743,0.2961903512
111,0.07252077013,0.4981404841,2.971637487,1.100418806,0.3219000697,0.4380497932,0.7323696613,6.093904018,2.494035006,1.469491959,0.239761889,0.3253028393,0.5737643838,1.578241706,1.265102506,0.7767400146,0.4271725118,0.3147034645
112,0.09554044157,0.5197159648,2.803858042,1.07248497,0.350076586,0.4537510872,0.5306994915,4.939280033,2.195422411,1.412219167,0.2611967027,0.3418301046,0.5821818709,1.531598926,1.246256471,0.7626363635,0.4341784716,0.3308508098
113,0.08037874848,0.3803304732,4.612705231,1.049371839,0.3718243539,0.5291144252,0.5136755109,7.856035709,3.011885881,2.837681532,0.3673919141,0.792154789,0.5865432024,2.051793337,1.827499032,0.7314043641,1.289551735,0.3525911868
114,0.08316337317,0.5122100711,2.864531755,1.035636067,0.3980580568,0.5525391102,0.4609800279,5.337991238,2.343611002,1.539066315,0.31516096,0.4248013198,0.6000183225,1.566212296,1.318598747,0.7161538005,0.5439568758,0.3747220933
115,0.09184549004,0.4747370183,3.232489347,1.01698494,0.4243647158,0.5895568728,0.3944164813,5.658499241,2.449874163,1.869293571,0.3615574837,0.554056108,0.6099429131,1.681468964,1.464531898,0.6958454251,0.7632567883,0.3944840133
116,0.06310501695,0.5884705186,2.31171155,1.015041351,0.4519635737,0.5971878171,0.3669366539,4.31942606,2.086259604,1.22791338,0.3596167564,0.4014391601,0.6291339993,1.412561417,1.185809851,0.685169518,0.4433937073,0.4184353352
117,0.09014316648,0.6139913797,2.12124157,1.005509496,0.474452734,0.5912272334,0.3148479164,3.71067214,1.914282799,1.138167262,0.3796823919,0.4034770429,0.6412460804,1.352275729,1.138420701,0.6734764576,0.4266096652,0.4319789112
118,0.1050024703,0.5350040197,2.588460684,0.9996981621,0.497191757,0.6155652404,0.2937175333,4.344017029,2.118006945,1.532195449,0.4278721511,0.54932338,0.6541954875,1.508908272,1.319501996,0.6565151215,0.6717844009,0.4504535496
119,0.09106167406,0.6774601936,1.728705049,0.9961666465,0.5163068175,0.595782578,0.2699067295,2.823195696,1.655520916,0.9311164021,0.4166308343,0.3916788995,0.6663000584,1.223614573,1.027771115,0.6470584869,0.3692126274,0.4604856968
120,0.1295021325,0.4780806005,3.064574003,1.000188947,0.5254671574,0.6536723971,0.3046708107,5.917748928,2.626752377,2.002660036,0.52628088,0.7847669125,0.6764877439,1.681363106,1.504754663,0.6241084337,1.048199654,0.4861463606
121,0.09149964899,0.5938246846,2.047254324,1.007321,0.5616609454,0.6742570996,0.2893438041,4.205907345,2.13024354,1.237142205,0.4990550578,0.5410346389,0.7034125328,1.357524276,1.179466844,0.613525331,0.5802025199,0.5155443549
122,0.09187795967,0.5985302329,1.967776895,1.009446144,0.5712407231,0.6874849796,0.3194146454,4.998291492,2.395123243,1.2202667,0.5316305757,0.5683612227,0.714395225,1.337103248,1.156490445,0.6008113027,0.6021764278,0.5374556184
123,0.111265175,0.7361831665,1.315310955,1.008185387,0.5974094868,0.6641507745,0.2942517102,3.424581766,1.904842496,0.7736377716,0.5339668393,0.4479309618,0.7327442169,1.091371775,0.9186416268,0.594317019,0.3774973452,0.552493751
124,0.1104252413,0.5600114465,2.094888687,1.02336657,0.6400911212,0.7135296464,0.294341892,4.808857441,2.379983902,1.434742451,0.6390309334,0.7415365577,0.7663782239,1.406134129,1.252861857,0.5819146037,0.836956203,0.58999753
125,0.1118097976,0.7100569606,1.287578344,1.027249217,0.6635356545,0.700542748,0.2973607481,3.223920107,1.871424317,0.8283883929,0.6143781543,0.5300968289,0.7844398618,1.096344233,0.9480037689,0.5741176009,0.4605304897,0.6060404181
126,0.1180784777,0.5496783853,2.050964594,1.040473342,0.6931796074,0.7520025373,0.3007712364,4.946756363,2.466239452,1.498226762,0.7288076282,0.855009079,0.8095753789,1.412508607,1.272952914,0.5581312776,0.9713545442,0.6386837363
127,0.1384830475,0.7656528354,1.008475304,1.051301956,0.7158756852,0.7306054235,0.314943552,2.982466459,1.819636226,0.6801750064,0.6791082025,0.5329383016,0.8302075267,0.9860227704,0.8520255089,0.5544734597,0.4199414253,0.6576245427
128,0.155121699,0.6024552584,1.540789723,1.067371488,0.7518422008,0.7658756375,0.3295535147,4.081553936,2.221426249,1.162287951,0.7775613666,0.7908222079,0.8599761128,1.235019803,1.108623743,0.5437342525,0.8023945689,0.689447403
129,0.1384646147,0.6096177697,1.442223549,1.089774728,0.8068618774,0.8027112484,0.3846143186,3.327377319,1.983772397,1.118209243,0.8229842782,0.8139054179,0.9022820592,1.209531903,1.100208402,0.5355372429,0.8060927391,0.7257739902
130,0.100803405,0.7127324939,0.9732293487,1.110482097,0.8455942273,0.7989830971,0.4544161558,2.159817696,1.56541431,0.7485427856,0.8178088665,0.6661987901,0.934212625,1.002080798,0.90486902,0.5319963098,0.5469270349,0.7507815361
131,0.123790957,0.5908113122,1.33862114,1.140859246,0.8842722774,0.8375127912,0.4876936674,2.821207285,1.842570782,1.098885655,0.9108044505,0.8832111359,0.9703538418,1.194421172,1.099094748,0.5242676139,0.8597887158,0.7872336507
132,0.1532995254,0.7056775093,0.8619093299,1.170247436,0.9106037021,0.8371909261,0.5038200021,2.179912567,1.614529729,0.7059524655,0.9033097625,0.7104856968,0.9992883801,0.970962584,0.8800573349,0.5251359344,0.5623332858,0.8182485104
133,0.1714069694,0.6235030293,1.020771146,1.209054947,0.9275423884,0.8677651882,0.4489001334,3.473165512,2.138495207,0.8798928261,0.9841957092,0.8490617871,1.028069019,1.076134086,0.9726116061,0.5266552567,0.7401797771,0.8613823056
134,0.2252988964,0.5306572318,1.341653824,1.238940001,0.9796673656,0.9242444038,0.5000286102,3.994249344,2.356346846,1.219320297,1.094662666,1.091206431,1.072189927,1.252960086,1.152574182,0.5190434456,1.088264823,0.9040591121
135,0.1946914643,0.6424770951,0.8364375234,1.265347481,1.027558446,0.9333672523,0.5965561271,2.526555777,1.819732189,0.7797756791,1.07635951,0.8771393895,1.111768723,1.003532052,0.9249067307,0.5179455876,0.7218708992,0.9351694584
136,0.1522740573,0.5582287908,1.029977202,1.303497672,1.047782183,0.9758508205,0.5369498134,3.855312347,2.360256433,0.9993931651,1.170374632,1.057877421,1.141783118,1.131603956,1.038664699,0.5161570907,0.9661314487,0.9785416722
137,0.1583814472,0.4927484691,1.28044951,1.341056466,1.113038421,1.046258092,0.6241275668,4.047392845,2.463693857,1.286930799,1.286905408,1.290933371,1.196343303,1.282444358,1.194374919,0.510111928,1.294339418,1.028555155
138,0.134428516,0.5466424823,0.9444785714,1.380155206,1.176073313,1.08688879,0.7449890971,2.928936005,2.060856104,0.9873349071,1.295148015,1.151585579,1.249732137,1.123838782,1.056102872,0.5098481774,1.035901666,1.073944092
139,0.1461477727,0.4914285243,1.108059525,1.437211514,1.233204603,1.159335017,0.7660240531,3.55137229,2.346751928,1.186186075,1.405598998,1.335503578,1.307967067,1.242907643,1.169750333,0.513213098,1.277608037,1.136071563
140,0.1045911908,0.4525287151,1.257334948,1.48024404,1.305337548,1.23380506,0.9140164852,3.349480629,2.297831774,1.373088241,1.505178928,1.509020209,1.367753386,1.344997048,1.280560136,0.5063064098,1.512245178,1.187339306
141,0.1520047635,0.617423594,0.5673966408,1.517753243,1.343804359,1.220537305,0.989818573,1.868523598,1.687050819,0.672763586,1.415804744,1.057296872,1.405835152,0.9290204048,0.891964972,0.5134630799,0.7933984399,1.222254395
142,0.08578813076,0.5194747448,0.7182229161,1.555562615,1.414437294,1.239771485,1.262367725,1.633880258,1.594397187,0.8692048192,1.513506532,1.253206134,1.46133709,1.061447024,1.029388785,0.5144272447,1.05141449,1.259832025
143,0.1254168302,0.3960545063,1.16706121,1.616928101,1.490801215,1.327544332,1.420147896,2.138216257,1.86590147,1.373837471,1.682624817,1.655221939,1.53079927,1.363470078,1.323651195,0.5141180754,1.632496476,1.322429299
144,0.1241850257,0.3653930724,1.258306384,1.669312358,1.526616096,1.410969734,1.331201553,2.717030287,2.153944969,1.481912613,1.755262375,1.759963393,1.574617505,1.438114166,1.388488173,0.5076255798,1.763878226,1.376722217
145,0.110462971,0.3817031384,1.016050935,1.727489829,1.575758934,1.473926067,1.320997357,2.57912159,2.127046824,1.238286972,1.763963103,1.627925038,1.628184319,1.325786233,1.279821754,0.5108914971,1.518164515,1.43580091
146,0.117069155,0.3750531673,0.9424576759,1.786131263,1.692406178,1.52895391,1.828004479,1.442345977,1.608151078,1.180617213,1.816647887,1.630948424,1.717431188,1.30599916,1.287823915,0.5168619156,1.482925892,1.495192885
147,0.1236422658,0.3769648075,0.8309832215,1.846710086,1.669473648,1.569464684,1.284684181,2.804862976,2.295493126,1.066074848,1.847425461,1.575779796,1.733773232,1.256672621,1.20913887,0.5286826491,1.363872409,1.555679321
148,0.1157337502,0.3011017144,1.176427841,1.915377021,1.753509402,1.660756111,1.423247695,3.332301378,2.566206694,1.481889725,2.023533821,1.943593621,1.811243653,1.505272508,1.450080872,0.5352531075,1.878365993,1.628210068
149,0.1191335917,0.3854095042,0.6449206471,1.962748528,1.839385033,1.661051393,1.800126672,1.541759491,1.744149327,0.9037539363,1.945483208,1.542946815,1.878822923,1.16628027,1.149398804,0.5451350808,1.239882588,1.671979785
150,0.1080749854,0.2814725339,1.018490195,2.019744635,1.92201519,1.725862622,2.072110891,1.782298088,1.898716092,1.357552886,2.117059946,1.944747567,1.949264884,1.455287933,1.433146596,0.5480588078,1.806960106,1.729522347
151,0.09551531076,0.259848237,1.043638587,2.076134682,1.999117851,1.789482236,2.318412781,1.505930901,1.77662468,1.39520359,2.176923752,2.002631426,2.016416788,1.494924664,1.48131144,0.5506764054,1.863446116,1.78652668
152,0.1149825975,0.2449780107,1.022072554,2.138414145,2.043917418,1.851904511,2.24510026,1.719520211,1.921907067,1.374932647,2.224092722,2.012758017,2.069523573,1.506498218,1.487060189,0.558672905,1.845257163,1.849573493
153,0.1368526965,0.2825987637,0.7082972527,2.193265676,2.099069357,1.861609101,2.361060381,1.212825298,1.65636301,1.019917488,2.18685627,1.758509517,2.123926401,1.303491116,1.297115922,0.5741017461,1.435617566,1.902043223
154,0.1004878655,0.3461954892,0.4693132937,2.230919123,2.159242392,1.81232512,2.722590685,0.5958488584,1.216136098,0.733346045,2.149726152,1.527940273,2.171996832,1.093178391,1.109071612,0.5909928679,1.088056326,1.933000684
155,0.1403882354,0.1616710424,1.29606998,2.301231146,2.269959211,1.918704033,3.171779633,1.072747588,1.610770106,1.727880955,2.467158556,2.381967545,2.263585329,1.746219158,1.748313904,0.5978605151,2.31304574,2.006011009
156,0.1239443421,0.1631165445,1.124020696,2.3631742,2.263419867,1.991143346,2.591954947,1.716994643,2.024199486,1.518578887,2.456060171,2.228990793,2.290632486,1.664176941,1.642533302,0.6092578769,2.049644709,2.07266736
157,0.1325578094,0.1259937435,1.827842116,2.449599504,2.413707972,2.14551425,3.228534698,1.649254918,2.025077343,2.30672574,2.71175313,2.843484879,2.41034174,2.115593672,2.107714653,0.6146573424,2.952857971,2.162431479
158,0.1193487421,0.1177183017,1.761130333,2.526082754,2.475543261,2.272357464,3.135927916,1.794612288,2.14129281,2.211101532,2.733680725,2.777863503,2.47997117,2.113574743,2.101581573,0.619786799,2.814106703,2.243908644
159,0.1193895563,0.1196480319,1.261284947,2.591776609,2.490229607,2.324392796,2.768241167,1.907207847,2.233607292,1.647602081,2.640090466,2.371883392,2.519528389,1.845225811,1.822116733,0.6342368722,2.161710501,2.311352253
160,0.1177921519,0.1249013618,1.022520423,2.644894838,2.559529066,2.328703642,3.035294771,1.335503459,1.920463562,1.387270927,2.619637012,2.19636178,2.580621481,1.707137465,1.697506309,0.6474205256,1.874196649,2.36034894
161,0.1501697153,0.09612490982,1.325212955,2.707668066,2.700338364,2.383240938,3.86437726,0.8665996194,1.615640283,1.736165643,2.762134314,2.496011019,2.68350029,1.934273839,1.950225472,0.6592231393,2.287652969,2.423312426
162,0.1089515388,0.08624116331,1.382846832,2.764003754,2.670802116,2.435046196,3.116848707,1.782716751,2.240942001,1.78418541,2.80575943,2.533141136,2.696733475,1.993913651,1.972761989,0.6712779403,2.32004118,2.485283613
163,0.1270865947,0.07776800543,1.505739689,2.829097033,2.754090309,2.499544382,3.367987871,1.662899017,2.199315786,1.923551202,2.892094851,2.662991285,2.771226883,2.097565889,2.082159281,0.6829363704,2.482853889,2.550776243
164,0.109925054,0.07165040821,1.402224064,2.886483908,2.903765917,2.539450645,4.356566906,0.7064542174,1.542308807,1.806807518,2.902255058,2.590389013,2.875869513,2.057231188,2.083073378,0.6946401,2.348449469,2.607764721
165,0.1427832246,0.06579098105,1.494644761,2.935928106,2.916934967,2.581265211,4.03819561,1.00965631,1.811096311,1.886724591,2.944641829,2.642817736,2.908337355,2.136040449,2.145075083,0.7063437104,2.408483505,2.664721251
166,0.09656554461,0.0660117045,1.716793656,2.995091438,2.900891542,2.645673037,3.404340029,1.989844799,2.462175131,2.113786459,3.035643816,2.814386606,2.929955244,2.296378851,2.269552469,0.7178912163,2.640731573,2.728657484
167,0.1450692862,0.06000711396,1.626406312,3.056429863,3.019612551,2.692074776,4.035457611,1.213803649,2.005443096,2.015942812,3.054611206,2.761159658,3.020634651,2.268351555,2.268238783,0.7314258218,2.533368111,2.788635254
168,0.09852594882,0.07096984237,1.919534564,3.124196291,3.173603773,2.771985292,4.958798885,0.7328466773,1.649579167,2.31970191,3.173415422,2.992666245,3.132820845,2.471900702,2.506765366,0.7458848357,2.850286484,2.860506058
169,0.1302399784,0.06946987659,1.89160347,3.16828537,3.198633194,2.819359779,4.775774479,0.827601254,1.749798656,2.252884626,3.162970543,2.918449402,3.169528246,2.476017237,2.501625061,0.7546618581,2.727674246,2.915060759
170,0.1321621984,0.04354551062,1.404688358,3.208538294,3.160193682,2.795185089,4.106245995,1.024963498,1.924798012,1.705597758,3.026920319,2.493602514,3.171259642,2.192541838,2.188633204,0.7753317356,2.095872641,2.958679199
171,0.08926576376,0.03746579215,1.275164723,3.248646975,3.178254843,2.748864412,4.077387333,0.9849178195,1.908728242,1.564892888,3.012670517,2.394183397,3.200083494,2.121866465,2.110894442,0.7952693105,1.940321326,2.990996599
172,0.09451529384,0.03452619165,1.21293962,3.286061525,3.178956985,2.697300911,3.933405876,1.099440217,2.011172056,1.500627875,3.020127058,2.356697321,3.218517303,2.093753338,2.069364309,0.8154562116,1.874201179,3.01817894
173,0.1271790713,0.03625424579,0.7800866961,3.30463624,3.136821032,2.565447807,3.688554049,0.9320893288,1.887832046,1.030018091,2.887338638,1.976366401,3.204642057,1.765408993,1.72911799,0.834604919,1.35421145,3.012637377
174,0.1269684583,0.03891305253,1.270103812,3.350742579,3.153431654,2.555957794,3.621861219,1.632566929,2.401603699,1.594647408,3.109728575,2.483119249,3.235025406,2.160597324,2.099718094,0.85641855,2.024071693,3.046621561
175,0.1082741618,0.0389517732,1.184249759,3.396080017,3.236335993,2.538989067,4.173196793,1.039958596,2.009965181,1.515437603,3.126200438,2.448627472,3.298928022,2.11900115,2.075296164,0.8796340823,1.956875443,3.077328444
176,0.1208006516,0.035607595,0.9248844981,3.425549507,3.290542364,2.4782722,4.656442642,0.5615663528,1.581159949,1.232123375,3.058813095,2.226801157,3.340256453,1.935655475,1.907672524,0.9033000469,1.643014312,3.090512991
177,0.1544841081,0.03950059041,0.9333364964,3.451418161,3.233447075,2.429140806,4.071234703,0.9648454189,1.971801758,1.243947864,3.080838919,2.246166468,3.323321104,1.952400684,1.893450379,0.9290670753,1.660583377,3.106277704
178,0.1568635106,0.04716442153,0.99801296,3.480708838,3.320304871,2.394927025,4.865201473,0.5474883318,1.58613956,1.329574466,3.133765221,2.340612411,3.381424665,2.01569438,1.976153731,0.9494763017,1.778817534,3.118301392
179,0.1283916682,0.04764054343,0.7580295205,3.492223024,3.242089987,2.320372581,4.227256298,0.7361335754,1.789093971,1.054037929,3.045122862,2.100062847,3.346408844,1.823111892,1.758146882,0.9730434418,1.456045747,3.116388083
180,0.1411516517,0.07149165124,1.150421619,3.530574799,3.20872879,2.331965685,3.764419556,1.656172276,2.49219203,1.513164639,3.230173826,2.520867825,3.347228765,2.15004158,2.043587923,0.9974806905,2.009855509,3.14343071
181,0.1052712873,0.08160531521,0.408051163,3.544213057,3.244148493,2.189805031,4.39558363,0.4203301966,1.437318206,0.6541829109,2.936560392,1.745886445,3.36913681,1.477799058,1.414874673,1.025850773,0.9991099238,3.116330147
182,0.1198007464,0.07877390087,0.5818083286,3.559581757,3.263057709,2.122866869,4.729863644,0.4456135333,1.483903289,0.8911889195,3.058379412,2.019868135,3.384823561,1.688678861,1.615512967,1.052725792,1.329468369,3.108971834
183,0.1237653792,0.09056595713,0.5728767514,3.570039511,3.201060057,2.065167665,4.285757542,0.6647408605,1.749945641,0.8883360028,3.06910038,2.030143976,3.356505632,1.685210109,1.587795258,1.079639912,1.339606643,3.10153842
184,0.1289636046,0.1039872989,0.6429871917,3.589528322,3.196551561,2.033955336,4.327567577,0.7436240315,1.834611535,0.9890067577,3.128443956,2.15100503,3.362166166,1.764129996,1.6534971,1.105131149,1.489483237,3.099840879
185,0.143392399,0.1260230392,0.397851944,3.59778285,3.125713348,1.952986121,3.923657179,0.7615625262,1.854588151,0.6889978051,3.020982027,1.86268425,3.32660675,1.503365517,1.384807944,1.133092999,1.12330544,3.078985453
186,0.1066760197,0.1418955624,0.3984035552,3.611751318,3.090586424,1.891022682,3.82362175,0.9033824801,1.984928012,0.7116689682,3.056178331,1.921507239,3.31224227,1.516893864,1.381024957,1.15943706,1.190231323,3.059998274
187,0.1495726556,0.1568989903,0.4885109365,3.63684082,3.103158236,1.872942924,4.001998425,0.9671490788,2.047834635,0.8555762172,3.150927305,2.113223553,3.328804255,1.636756897,1.486442447,1.188896537,1.422231555,3.058778048
188,0.1253272444,0.1914574653,0.2650579512,3.647156477,3.111146927,1.798693299,4.360702991,0.464659363,1.554359078,0.5547609329,3.03707099,1.800652385,3.334877253,1.349428535,1.222984672,1.219235778,1.031903625,3.03407383
189,0.1426774412,0.1999473572,0.3966007233,3.661925077,3.072945356,1.781635642,4.117444038,0.8426909447,1.954022408,0.7679876685,3.158447981,2.080055475,3.319846392,1.549928784,1.387565613,1.24756372,1.370434165,3.027405977
190,0.1562703401,0.2649680078,1.033252954,3.701434374,3.140461922,1.879877687,4.501070976,1.34552896,2.356923342,1.594448447,3.495147705,2.900325775,3.374181986,2.141082048,1.940303802,1.269632697,2.466754198,3.061302185
191,0.1217791438,0.2299814671,0.501840353,3.715482712,3.077990294,1.879097581,3.992877245,1.20679009,2.263888359,0.9267346263,3.259471178,2.281912565,3.346578598,1.692889571,1.499673367,1.292248487,1.621730804,3.057605982
192,0.1198985353,0.2538187802,0.1797613055,3.714245796,3.078396797,1.780490756,4.450975895,0.4052871466,1.505915999,0.4507543147,3.041136742,1.74439466,3.343097687,1.246079326,1.094429016,1.312862754,0.958871901,3.012425661
193,0.1635033637,0.2656386197,0.2667571902,3.718791962,3.065515518,1.744181991,4.57294178,0.5079829693,1.645265698,0.6194363832,3.143728971,1.993876815,3.336543083,1.420321345,1.242874146,1.336859345,1.257801175,2.991847277
194,0.12247926,0.2962621748,0.448690325,3.736809731,3.053992033,1.767385483,4.465526581,0.8404771686,1.983766198,0.8980800509,3.28275609,2.32647109,3.338069201,1.655880928,1.444386601,1.363773465,1.680982947,2.996929884
195,0.1027582586,0.3032133579,0.2501836419,3.741317034,3.015431166,1.735340714,4.321045399,0.6731488109,1.83247602,0.6082339287,3.157916307,2.01449275,3.31777668,1.41330564,1.210588813,1.387758374,1.283098102,2.977178574
196,0.1384869218,0.3968145549,0.8476407528,3.775423765,3.010819674,1.833366513,4.038912296,1.943567634,2.776504517,1.445103645,3.520844698,2.90257144,3.331225395,2.034154892,1.755225539,1.410262704,2.458939314,3.007521868
197,0.114836812,0.336268276,0.278796047,3.788284302,2.996588945,1.811064124,4.065559864,1.007901788,2.143933058,0.6695950627,3.220061064,2.12917614,3.327773094,1.480869174,1.246556401,1.433899283,1.421659827,2.99338913
198,0.1253277808,0.4619876444,0.9476397634,3.819730043,3.010392427,1.919028401,3.96539712,2.332485199,3.026795626,1.592863083,3.61182785,3.088143587,3.349852324,2.130307913,1.822719455,1.449760914,2.708855391,3.021975279
199,0.1109811738,0.3524119854,0.1840870827,3.826862335,3.067038774,1.85965693,4.805261612,0.418898344,1.595505118,0.5210925937,3.169298887,1.984944701,3.381513357,1.357861519,1.141926646,1.471416831,1.241503596,2.994592667
200,0.0953296721,0.4428028166,0.5888590217,3.846529722,2.978743315,1.915337682,3.855147123,1.981678843,2.8311131,1.135174155,3.456575155,2.685658216,3.343325377,1.844088912,1.53878212,1.493176818,2.151669741,3.009235382
201,0.09915086627,0.4171144664,0.3794251382,3.858450651,3.058925629,1.91636467,4.760840893,0.7432219982,1.954895973,0.8417050242,3.340415239,2.398736,3.391127586,1.637663245,1.373915195,1.50760138,1.77099359,2.997187853
202,0.1615398079,0.4878461659,0.6109556556,3.878982544,3.106081724,1.974455357,5.133440018,0.7640958428,1.982622743,1.168980956,3.48447156,2.747856855,3.426358938,1.87671411,1.597959876,1.528563142,2.237482548,3.013059855
203,0.1072742864,0.4097507,0.1908760667,3.871449709,3.034837008,1.915897965,4.705859661,0.5103903413,1.730974793,0.528090775,3.16865468,2.023555994,3.383951426,1.394651055,1.140391231,1.549501419,1.305166721,2.987286806
204,0.1585338861,0.5138401389,0.5309568048,3.881247282,2.982306719,1.951531768,4.208990097,1.492115855,2.534495115,1.049693584,3.414643526,2.626260042,3.360416412,1.803235054,1.481892467,1.56419909,2.088950396,2.988220453
205,0.1384332329,0.46717152,0.2931334078,3.886164427,3.014784575,1.92694664,4.739536285,0.6586803794,1.8902812,0.6925646663,3.24558568,2.242374659,3.379258871,1.544806838,1.256296396,1.579056144,1.59310782,2.968307734
206,0.1775379926,0.4668459892,0.234597683,3.881035805,2.973665953,1.885590672,4.617768764,0.6425088644,1.872175097,0.5875418186,3.174283743,2.115081072,3.354112625,1.461431026,1.16666019,1.593276858,1.443593025,2.941080093
207,0.1658317298,0.4518129826,0.1356417239,3.873471498,2.933608294,1.811251998,4.597567081,0.4701870978,1.687138081,0.3908090591,3.045042038,1.856159687,3.327503204,1.281291366,0.9937550426,1.611420631,1.137099743,2.904584169
208,0.1490522474,0.4954409301,0.1925829649,3.870974302,3.024729967,1.774226665,5.869832516,0.1981785297,1.169184923,0.5019618869,3.105275393,2.020994902,3.374463797,1.387364984,1.110635638,1.629579544,1.34517777,2.879520178
209,0.1681060344,0.5227932334,0.2258666605,3.847200632,2.890698195,1.745002747,4.753852844,0.5216000676,1.732559681,0.5478063226,3.091716528,2.057566404,3.292924166,1.430963516,1.111949921,1.643157959,1.408286929,2.851984262
210,0.1327965409,0.492133826,0.1299673319,3.83099103,2.876438856,1.671646595,5.085900784,0.2614844739,1.340237021,0.3325805962,2.930248976,1.751175046,3.276635408,1.230128169,0.9306232929,1.656304359,1.052343488,2.807197571
211,0.1573532075,0.574185431,0.2615486085,3.818624496,2.788957834,1.66121769,4.441767216,0.7386954427,1.93271935,0.5858638287,3.061259031,2.094362974,3.224124193,1.464826941,1.109861732,1.668261886,1.483773828,2.782843828
212,0.1564015597,0.4899567068,0.1142710447,3.799123764,2.722615004,1.560748577,4.352487087,0.3930176795,1.542220116,0.2044424415,2.76912117,1.515740991,3.177185774,1.085849404,0.7620671391,1.678935051,0.8130640984,2.723934889
213,0.1778639704,0.6138828397,0.2723124027,3.794247389,2.742277145,1.562480927,4.806053162,0.5176469684,1.696002007,0.5759559274,3.013788223,2.086304903,3.185417175,1.455797791,1.084241867,1.689085603,1.502024293,2.700295687
214,0.1825331002,0.6322078109,0.2883681953,3.782648802,2.652114868,1.563781857,4.127061844,0.9652371407,2.107535601,0.5832334161,2.986019135,2.0796175,3.131546021,1.466732502,1.06527257,1.698035717,1.509590149,2.676020861
215,0.1950279921,0.6575315595,0.3201889694,3.779412985,2.738940239,1.571416259,5.278223515,0.3579382896,1.469259262,0.6183139682,2.986670732,2.120722055,3.177042246,1.498723865,1.117258191,1.706334472,1.573676467,2.654169798
216,0.1679900289,0.6224268079,0.2549397945,3.754631042,2.631711006,1.545974255,4.50035429,0.5643594265,1.723647714,0.464835763,2.843328714,1.885780931,3.108767748,1.378155708,0.9815842509,1.712856293,1.303656697,2.619237185
217,0.1699765474,0.5086836219,0.1838590354,3.729008436,2.569306135,1.43386364,4.481317043,0.3066871464,1.30172503,0.1300455183,2.519930601,1.28506422,3.06112504,1.002695918,0.6441149116,1.724309921,0.635938108,2.557325125
218,0.1784337759,0.6068338156,0.2182861567,3.71109271,2.473973751,1.393835664,3.908552885,0.7455947995,1.882403374,0.3122089505,2.669598818,1.641550422,3.000397444,1.233632565,0.8128229976,1.732347846,1.044986248,2.515836954
219,0.1763942242,0.5952308774,0.222440958,3.698628187,2.50849843,1.344400048,4.732335091,0.3454301655,1.345961213,0.2532007992,2.592388391,1.534361482,3.012465239,1.172294974,0.7670585513,1.740199566,0.9356102943,2.47027421
220,0.16758959,0.5118046403,0.2905697525,3.659901857,2.365731716,1.228229165,3.97725296,0.3842467368,1.384908319,0.08709766716,2.31796813,1.082174182,2.914986372,0.9050024152,0.5132961273,1.744359612,0.4765611589,2.395225525
221,0.204051435,0.6394463778,0.2662670314,3.646495819,2.402323961,1.204746842,4.783125877,0.3674311638,1.311012506,0.2737739086,2.534663916,1.548148274,2.928353548,1.191960931,0.7558922768,1.751923203,0.9859893918,2.356040955
222,0.2003068477,0.5970826149,0.2890065312,3.612980604,2.250337839,1.15073812,3.720718384,0.6272451282,1.699970245,0.1811142564,2.377133131,1.320286512,2.829641342,1.07984674,0.6266205311,1.753718019,0.7531636357,2.299666643
223,0.2210636139,0.570235908,0.3467155397,3.593385458,2.255903244,1.083830953,4.386819363,0.3995418549,1.239133716,0.1333402395,2.264601469,1.166091442,2.822302103,0.9994373322,0.5597186685,1.757169724,0.6058400273,2.239507914
224,0.2339954376,0.5759775043,0.3897062838,3.56139946,2.18764925,1.021563649,4.296133041,0.4328067601,1.250182748,0.1382104605,2.203794718,1.129748225,2.76967144,0.9993545413,0.5446802974,1.756884575,0.5885922313,2.176315069
225,0.1736386865,0.5365223885,0.5125428438,3.524970293,2.069028139,0.9379088283,3.75084281,0.4833134711,1.347669244,0.1166844368,2.043667793,0.9199332595,2.686148405,0.8994805813,0.4427232444,1.755527854,0.404191494,2.102876425
226,0.2417745143,0.5616031885,0.5314916372,3.49921608,2.047852278,0.8766359687,4.187439919,0.5040912032,1.180351257,0.1323206723,2.033928633,0.9645928741,2.661376715,0.9413241744,0.4682433605,1.755699039,0.4609852731,2.038361788
227,0.2231393605,0.5493468642,0.6268976331,3.463177443,1.92842567,0.8117886186,3.579333544,0.5525087714,1.380222797,0.1432160288,1.935606003,0.869296968,2.577530622,0.9134845734,0.4255838692,1.752862573,0.391186595,1.968593955
228,0.2482472211,0.5069899559,0.8713231087,3.434937477,1.869203091,0.7281258702,3.774991989,0.6244055629,1.153077722,0.1979432553,1.771831512,0.6722535491,2.529693842,0.8402279019,0.3621772826,1.745668292,0.2461787909,1.885344148
229,0.2243889123,0.478140682,1.188953757,3.397656202,1.811353683,0.6321747899,4.130740166,0.9929669499,0.9357121587,0.3170463741,1.611815453,0.5034785271,2.478219509,0.7891144753,0.3215955794,1.735232353,0.1539739072,1.791450977
230,0.21154356,0.5393050313,0.9585700035,3.356735229,1.696357608,0.5876333714,3.520752668,0.7039042115,1.27298975,0.2307979912,1.696273446,0.6982350349,2.394383192,0.9159192443,0.389824003,1.729667664,0.300991416,1.72315836
231,0.2176154405,0.5428911448,1.040719151,3.325080872,1.658625245,0.547840178,3.77062726,0.813681066,1.158748031,0.254699707,1.641281605,0.6695460677,2.357565641,0.9261507392,0.3917082846,1.726831079,0.2909282148,1.659955144
232,0.2345846891,0.5139449239,1.292879701,3.282720804,1.612589478,0.4951519072,4.042802811,1.147476673,0.9955902696,0.3436323404,1.501425147,0.5204040408,2.31116271,0.8830353618,0.3625989854,1.721485496,0.197046876,1.588235855
233,0.2368481308,0.5238166451,1.338529587,3.234860182,1.515660286,0.4532674253,3.634983063,1.010453343,1.106015444,0.3610478938,1.452905059,0.5146732926,2.234045506,0.9097833633,0.3730233908,1.714222074,0.2065562755,1.519335389
234,0.2237282246,0.5104597211,1.542638302,3.193023682,1.459757924,0.4098322392,3.777685881,1.288010478,1.034228206,0.4462545812,1.353144288,0.434731096,2.182373285,0.9104750156,0.375025779,1.705103517,0.172554478,1.447669983
235,0.2290940732,0.468878746,2.167911053,3.140904188,1.382451534,0.3474190533,3.878181458,2.002453566,0.9527754784,0.7710282207,1.14839983,0.2438741773,2.113037586,0.883947432,0.3818257153,1.688661456,0.136058256,1.357782245
236,0.2243295163,0.544875145,1.566687226,3.094630957,1.259729624,0.3331696093,2.952279329,1.013801694,1.307296276,0.4499881566,1.289980054,0.4757018089,2.02152729,0.9978391528,0.4185506105,1.680077553,0.2243098617,1.300746441
237,0.2719602287,0.4992637634,2.022547722,3.062644958,1.216194987,0.3042851388,3.181437731,1.400901437,1.15371716,0.6610608101,1.131641865,0.3182454109,1.980500698,0.9890139103,0.4331181943,1.668164611,0.1598017365,1.233150363
238,0.2107554078,0.5348694324,1.845834732,3.032410383,1.200645924,0.2977732718,3.640841246,1.70687294,1.136841536,0.5645184517,1.168577313,0.4177649915,1.958503127,1.066914439,0.4697299898,1.65801394,0.2173864394,1.180257797
239,0.2135218829,0.4744876921,2.445146561,2.990848541,1.138885856,0.2817323506,3.623953104,2.363903761,1.133935928,0.8818417192,0.9795438647,0.2489439845,1.90448916,1.085608482,0.5192437768,1.642962098,0.1843316555,1.115534902
240,0.2172923088,0.529221952,2.053122282,2.955634117,1.077943444,0.2909165919,3.295635223,1.793374181,1.258734822,0.6739706993,1.061100364,0.3999810517,1.854877114,1.175740838,0.5540397763,1.633802533,0.2493861169,1.072953582
241,0.2285772562,0.4528148174,2.783448935,2.925792933,1.016155601,0.2886486948,3.13380456,2.344044447,1.279252887,1.075109243,0.8613638878,0.2287105322,1.805392265,1.221566319,0.6387112737,1.619201303,0.2404125184,1.016860604
242,0.2597154081,0.4381911755,3.073685646,2.886552811,0.9469152093,0.2820770442,2.897545099,2.411839247,1.335134149,1.239021897,0.7832863927,0.1997393519,1.746322274,1.283972383,0.7045533061,1.601270795,0.2735153139,0.9576201439
243,0.24616234,0.4164588749,3.615324259,2.84951973,0.9058981538,0.2778074443,3.173747063,3.439234495,1.400987029,1.563650489,0.6771181226,0.1592481285,1.704819083,1.368268132,0.8013214469,1.579543471,0.3553072512,0.8942713737
244,0.2438605875,0.4131199121,3.734917402,2.811306238,0.8191850781,0.2903809249,2.532737017,2.709788561,1.46020925,1.627272487,0.6395566463,0.1708971411,1.634709716,1.447683454,0.8775039315,1.559509277,0.3820194006,0.840780735
245,0.2454493493,0.4294343889,3.488238096,2.794444323,0.8054528236,0.3125705421,2.874006987,3.168456078,1.540632248,1.446288705,0.6679620147,0.2196609974,1.619533896,1.513702035,0.8947224617,1.544058681,0.345099926,0.8022912145
246,0.2334718108,0.4339279234,3.43706131,2.763130188,0.7726902962,0.3345293105,2.804311037,3.178131104,1.600953102,1.410529494,0.6592724919,0.24683626,1.586960793,1.573335648,0.9349014163,1.529511333,0.3527858257,0.7697930336
247,0.2765948474,0.4279740751,3.506985903,2.730471849,0.7404322624,0.3560929298,2.681578398,3.21034503,1.65634644,1.453231812,0.6295377612,0.2561719716,1.554052353,1.633998871,0.988558352,1.514951825,0.3734705746,0.7405841351
248,0.2271690965,0.3799585998,4.162381649,2.709758759,0.6963880658,0.3923190534,2.280161142,3.251325607,1.734378695,1.869377971,0.525421381,0.2285977155,1.517069936,1.764652371,1.153720379,1.499069333,0.4913474619,0.712696135
249,0.2439636737,0.3541924655,4.691337109,2.702986956,0.6567963958,0.437066704,1.90511167,3.105154991,1.813515663,2.204442978,0.4651494026,0.2441203594,1.486745477,1.911677957,1.320797324,1.481316924,0.6136069298,0.6862737536
250,0.2362095118,0.3535059392,4.68724823,2.710341215,0.6775862575,0.4859649241,2.621825457,4.743623257,2.046411991,2.17007041,0.474581033,0.2737774551,1.504657745,2.010983706,1.370558143,1.466842532,0.6039053798,0.6700520515
251,0.2259440422,0.3395607471,4.975373745,2.719101667,0.6755892634,0.5650810599,2.368031263,4.678226471,2.155223846,2.368394852,0.4625743628,0.3231368661,1.506522775,2.163183928,1.52403748,1.464072227,0.7037375569,0.6761012077
252,0.2087626308,0.3194918931,5.324595928,2.710528612,0.6826918721,0.6269724965,2.719720125,6.219245434,2.458691597,2.603286028,0.4348711669,0.3606387675,1.508848786,2.29974103,1.652276397,1.449291825,0.8077061772,0.6689348817
253,0.1991196424,0.300966382,5.668237209,2.70347476,0.6849854589,0.7114182115,2.536422491,6.445152283,2.601978064,2.855629206,0.4211345613,0.4206237793,1.507374763,2.451668978,1.814484715,1.440665603,0.93979913,0.676556766
254,0.2183033675,0.300367415,5.510112762,2.679635048,0.6753180623,0.7720617652,2.118770838,5.400997639,2.511752605,2.755432129,0.4364745915,0.4458472729,1.489673018,2.499443769,1.861602306,1.425554633,0.9125196934,0.6772925258
255,0.2043545097,0.2718915045,6.038199902,2.671538115,0.6747446656,0.8440670967,1.886182427,5.475274563,2.603627443,3.128225327,0.4088149965,0.5083978176,1.483080268,2.66791749,2.057391405,1.40806067,1.088637233,0.6800176501
256,0.1768596619,0.2822419405,5.696155548,2.673271418,0.6908968091,0.9053991437,1.997199416,5.754733562,2.729635954,2.879827738,0.4474525452,0.5179858208,1.494291425,2.69224906,2.043519974,1.395543575,0.9844539762,0.6919922829
257,0.2138791531,0.2599775791,6.000524521,2.663713932,0.7023618817,0.9682814479,1.92540586,6.125860691,2.866223574,3.103359938,0.4379201233,0.5691190362,1.496560454,2.816798449,2.18027997,1.380066514,1.095926881,0.7033123374
258,0.211918667,0.2477128506,6.127237797,2.660058022,0.7212384343,1.036209464,1.9096632,6.517671108,3.015455246,3.203279734,0.4475180209,0.6149452329,1.506461501,2.915448427,2.278374434,1.36656189,1.155960917,0.7214746475
259,0.199030444,0.2341862321,6.269823551,2.646916628,0.7370236516,1.098331451,1.777742982,6.508993626,3.078927994,3.3204844,0.4535151422,0.6610692739,1.509339929,3.00593853,2.380019903,1.349917412,1.225081086,0.7373660207
260,0.1719056517,0.2341037244,6.22151041,2.662863016,0.7754166126,1.178352475,1.735951066,6.589092731,3.185159683,3.300478697,0.4903226793,0.7051309943,1.53925705,3.085329771,2.450226068,1.345192909,1.23623693,0.7751938701
261,0.1712787598,0.2236557603,6.313081264,2.661075354,0.8029035926,1.240791917,1.747307777,7.077437878,3.35549736,3.386050463,0.5086233616,0.7534176707,1.556002617,3.16995883,2.535041094,1.332777858,1.294483542,0.8026695251
262,0.179070875,0.2060465813,6.556598663,2.668783903,0.8428686261,1.32072556,1.64734602,7.244363785,3.472206831,3.589048147,0.5312422514,0.8301976323,1.582870483,3.297783613,2.678215265,1.324526429,1.419111252,0.8416385055
263,0.1748985797,0.1917314976,6.755048275,2.677693129,0.8817811608,1.402274728,1.679644227,8.000854492,3.720371008,3.759024382,0.5592702031,0.9044447541,1.611217856,3.415736914,2.799999475,1.314669132,1.528512955,0.8817151189
264,0.1865269989,0.1665067524,7.201316357,2.684416771,0.9273545146,1.499460816,1.581076622,8.407244682,3.896237612,4.122644901,0.5867881179,1.025009274,1.640525818,3.591876745,3.003992081,1.302986741,1.751865268,0.9257283211
265,0.2052557319,0.2212825567,6.344387054,2.706053019,0.9926455617,1.568528533,1.369482994,6.57783699,3.551390409,3.519209623,0.6657367349,0.9654257894,1.68670845,3.470678329,2.86173892,1.304365039,1.457750797,0.9826088548
266,0.1943379641,0.1498200446,7.468511105,2.73315835,1.050177932,1.673094392,1.290299296,7.485844135,3.849902153,4.381816864,0.6821243167,1.189460397,1.729872108,3.820201159,3.268886805,1.294096708,1.950414658,1.035186172
267,0.2011755258,0.1555166245,7.291889668,2.738196611,1.089951992,1.740787864,1.234020114,7.230619431,3.843136549,4.261137486,0.7188032269,1.196137428,1.753798366,3.832690954,3.281077147,1.27575314,1.888550758,1.071226001
268,0.2066203505,0.1502108574,7.347901821,2.75990963,1.154381156,1.819455743,1.101218581,6.340116978,3.684622049,4.319282532,0.7627862096,1.251335144,1.795853138,3.915039062,3.388042212,1.263230205,1.934251666,1.120155454
269,0.1989908665,0.1722365171,6.967079163,2.792044401,1.19062674,1.873952389,1.210199952,7.214580536,3.974532366,4.035378933,0.8138282895,1.222026229,1.835037231,3.885797739,3.314788103,1.254885554,1.777046323,1.170549512
270,0.1949035525,0.1201187596,7.845601559,2.817212105,1.251690269,1.969772816,1.170427442,8.033873558,4.258480549,4.732809544,0.8566920161,1.440670013,1.880029321,4.18409729,3.658112288,1.242056489,2.204451799,1.22715342
271,0.1838794202,0.1092249081,8.074575424,2.851089478,1.328035355,2.075731039,1.105549693,7.693153381,4.243340969,4.929971695,0.9167430997,1.544226646,1.935541749,4.321692944,3.821463823,1.231079936,2.341149092,1.291182399
272,0.1803235263,0.1096082106,8.042671204,2.89191246,1.397094727,2.17278266,1.098039389,7.722391129,4.326494694,4.916364193,0.9767823219,1.587153792,1.992003441,4.390460968,3.890482187,1.221601009,2.341977835,1.35733068
273,0.1966928989,0.09176167846,8.461963654,2.934268236,1.465697169,2.283204794,1.100929499,8.410751343,4.594453335,5.258534908,1.044461608,1.734493256,2.049265623,4.584733963,4.099612713,1.210126042,2.568247557,1.426792622
274,0.1985297203,0.1199215055,7.825311184,2.971827269,1.548437476,2.352642059,1.077536702,7.194354534,4.315279007,4.782007694,1.100151181,1.644875169,2.110663652,4.472711086,3.980913401,1.203375459,2.284483194,1.493728042
275,0.195375368,0.1011275649,8.244488716,3.031409502,1.6115942,2.452106476,1.117279291,8.740530968,4.844978809,5.126211166,1.178709865,1.799203515,2.176303864,4.677135468,4.179067135,1.201503158,2.51426363,1.575692534
276,0.1754029542,0.08294185996,8.737524033,3.075214386,1.744274139,2.56516552,1.117989421,7.001608372,4.401246548,5.549420834,1.264658332,1.99029696,2.261695623,4.895177841,4.474348545,1.193015099,2.812812805,1.655176759
277,0.1983899623,0.0703099668,9.116679192,3.137543678,1.808135629,2.683607817,1.113589287,8.15963459,4.827287197,5.842394352,1.3422333,2.124894142,2.326377869,5.091432095,4.663984776,1.181987405,2.998463869,1.735312104
278,0.1878686547,0.07081029564,9.084748268,3.194023848,1.893205047,2.791420698,1.130064845,8.171329498,4.904310703,5.823776245,1.413962007,2.166382074,2.398115158,5.160387039,4.73476553,1.172835946,2.990050077,1.817187905
279,0.178226456,0.06684588641,9.211971283,3.243772507,1.965447426,2.89084506,1.133415103,8.673710823,5.126525402,5.937372684,1.488312364,2.25095582,2.461018085,5.269809246,4.845707417,1.160547376,3.072230577,1.894778252
280,0.1755622774,0.06928469241,9.119949341,3.287109375,2.067415714,2.974828482,1.193438172,7.717948914,4.884382725,5.884595394,1.555182099,2.281580687,2.533452034,5.304573059,4.906330585,1.148000598,3.049409151,1.969412446
281,0.1732134968,0.06050488353,9.616793633,3.367953062,2.168510914,3.104227781,1.221196532,8.342503548,5.169254303,6.289848328,1.664023042,2.477178574,2.625264406,5.552179813,5.167732239,1.146389723,3.328644037,2.071575403
282,0.1763165742,0.06324975938,9.490333557,3.421785355,2.235887527,3.192567825,1.207433343,8.836695671,5.392658234,6.197373867,1.730323195,2.488853693,2.688286781,5.579972744,5.182285309,1.134902596,3.269114256,2.1521101
283,0.1523747444,0.0557843633,10.10842037,3.474013567,2.356744051,3.311107635,1.318953395,8.361779213,5.299749374,6.72202158,1.842513442,2.734270096,2.77371192,5.846175671,5.504386902,1.120137811,3.646368265,2.238554716
284,0.1363760829,0.05567836761,10.38371181,3.523445845,2.411423445,3.423672915,1.257268667,9.567053795,5.756257534,6.947650909,1.926455855,2.857330322,2.827748537,5.998967648,5.650011063,1.099879622,3.799372673,2.317993402
285,0.1502761692,0.05988528207,10.200284,3.603793859,2.456788301,3.550661802,1.147199035,12.0082655,6.638967037,6.813230991,2.014269829,2.86765027,2.896734238,6.026965618,5.622236729,1.098659039,3.716636896,2.427719355
286,0.142723307,0.07062206417,9.60481739,3.651472807,2.603615761,3.626250029,1.285781026,9.68237114,5.94060564,6.391068935,2.082454681,2.786109209,2.996611357,5.890159607,5.523546696,1.094955564,3.470213652,2.521406889
287,0.136308074,0.07822941244,9.305907249,3.699283838,2.74282527,3.669768333,1.520474076,7.766587734,5.328209877,6.193345547,2.150071859,2.771395683,3.090285063,5.841846466,5.518522739,1.087529778,3.364801407,2.601279974
288,0.1418742687,0.0844123885,9.080382347,3.761994123,2.79615283,3.700731993,1.451905847,8.437328339,5.623291016,6.031333447,2.21358943,2.755860567,3.152014494,5.823123932,5.472734928,1.084453344,3.26525569,2.682547331
289,0.1219540462,0.07939946651,9.60813427,3.807379961,2.838217974,3.75519824,1.36332953,10.07928467,6.24738121,6.504535675,2.329057217,2.998038054,3.200030088,6.054701328,5.702809811,1.071669221,3.626385927,2.756977081
290,0.1102252677,0.08215140551,10.13821888,3.853654146,2.959520102,3.851223707,1.515159607,9.697612762,6.16688776,6.996650696,2.464843512,3.267917395,3.285339355,6.29157114,5.99233675,1.057924867,4.021687984,2.843101263
291,0.1146621928,0.08647847176,9.636651993,3.900692225,2.951301813,3.906025648,1.255982518,12.09395885,7.052005291,6.616102695,2.506155729,3.163900137,3.311502457,6.163014889,5.796593189,1.045666099,3.768969774,2.919495583
292,0.09687144309,0.09330316633,9.627826691,3.944407701,3.118724108,3.980477095,1.548194528,9.879185677,6.330823421,6.692363739,2.62067008,3.285946846,3.419805527,6.208591461,5.913167477,1.038939834,3.892460108,3.009290934
293,0.09900480509,0.09901668876,9.526768684,4.014760494,3.126750946,4.058351994,1.274719238,12.89167023,7.460635662,6.656560421,2.718533278,3.342694998,3.466054201,6.23431778,5.879501343,1.038568377,3.905337334,3.108280897
294,0.09901254624,0.1165825501,8.420057297,4.036444187,3.297833681,4.038911343,1.714189172,8.595850945,5.948702335,5.832903385,2.721699476,3.073070765,3.565875053,5.849443913,5.558507442,1.030460596,3.379782677,3.166782379
295,0.08301351219,0.1158257499,9.060509682,4.116312027,3.325557709,4.111411572,1.464385986,11.59459686,7.118872166,6.424437046,2.89576149,3.411078691,3.625497103,6.153512478,5.832918167,1.036227703,3.864371538,3.269356966
296,0.08956012875,0.1228502318,9.07916069,4.153490067,3.43170929,4.164204121,1.610133529,10.98956013,6.943904877,6.527673244,3.008872271,3.545901537,3.701778173,6.196783543,5.911029816,1.026274204,4.01534605,3.34529686
297,0.07834828645,0.148113668,7.532500744,4.206007481,3.464042664,4.122219563,1.51787281,10.46706486,6.80040741,5.301441669,2.954398394,3.065956354,3.750650167,5.634091854,5.298845768,1.032436967,3.159138918,3.412290573
298,0.07798179239,0.1400410384,8.737205505,4.260616302,3.636180162,4.19790411,1.911314964,9.908839226,6.640920162,6.42427969,3.21764636,3.693427324,3.867655039,6.153179646,5.906050205,1.031723022,4.101838112,3.503764391
299,0.09132158756,0.1463363767,8.586583138,4.329233646,3.658877134,4.267030716,1.65489614,11.88193035,7.439347744,6.35650444,3.312912226,3.740076065,3.918489456,6.145154476,5.858738422,1.032807231,4.103182316,3.595296144
300,0.070057109,0.1640463024,7.348863125,4.366582394,3.756160975,4.232924461,1.881638169,9.561739922,6.596716404,5.390121937,3.274600744,3.362421751,3.990878105,5.673558712,5.398777485,1.031627536,3.434392214,3.650436163
301,0.07858929783,0.1709063202,7.167424679,4.41526413,3.83025527,4.210735798,1.99949491,9.241896629,6.510303497,5.322579861,3.361532211,3.415765047,4.056601524,5.629866123,5.364625454,1.033794761,3.459837914,3.710631609
302,0.05138586834,0.1794450283,6.950563431,4.474543095,3.93036294,4.198532104,2.228801966,8.433979988,6.229457855,5.219412327,3.448139191,3.451916933,4.13983202,5.575466633,5.328649998,1.041686535,3.454958677,3.778328657
303,0.05274963751,0.1735575199,7.665120602,4.517467499,3.966355562,4.237478256,2.15244174,9.986390114,6.884484768,5.916965008,3.642510176,3.884346724,4.182715893,5.904288769,5.660852909,1.032999516,4.082304478,3.837831497
304,0.05679158494,0.1791568995,7.518327236,4.574441433,4.033901691,4.290175915,2.171942949,10.20987701,7.017402172,5.863954067,3.735567808,3.942738295,4.248653412,5.880371094,5.637735844,1.032345414,4.111017227,3.912424326
305,0.05499679968,0.188487649,6.507399082,4.60544157,4.107532978,4.248362541,2.427317381,8.327290535,6.279636383,5.057763577,3.679466963,3.59526372,4.304316521,5.463821888,5.232869625,1.026548505,3.529052734,3.94732666
306,0.05106307194,0.1893186122,6.445228577,4.647157669,4.101066589,4.228164196,2.208345652,9.601771355,6.832698822,5.0792799,3.763585091,3.682429314,4.325424194,5.4602108,5.201803684,1.023546576,3.618876219,3.990774393
307,0.05404365063,0.1997606754,5.920317173,4.693888187,4.226722717,4.193150997,2.715994835,7.431622982,5.95772028,4.704674244,3.791786194,3.568834305,4.414725304,5.250666618,5.030716419,1.028232098,3.397411346,4.037334919
308,0.05190921947,0.1990403533,5.936127186,4.748020649,4.191203594,4.17875576,2.295562029,9.501879692,6.864702225,4.787993908,3.891032457,3.690006256,4.426882267,5.287094593,5.019934177,1.032692552,3.5355618,4.087231159
309,0.05295019969,0.2104093283,5.292032719,4.779718876,4.212130547,4.112863064,2.328947783,8.986427307,6.675019741,4.30548811,3.881187201,3.505068541,4.456914425,5.003577709,4.728810787,1.032448888,3.222757339,4.110435009
310,0.0530000031,0.2202197313,4.859171391,4.810096264,4.220867634,4.034572124,2.330299139,8.869595528,6.647891998,4.012608051,3.90473628,3.42587924,4.480007172,4.810620785,4.525594234,1.0334059,3.072118044,4.127197742
311,0.05515388772,0.2310947925,4.538541317,4.850830555,4.274006367,3.968375921,2.535397768,8.119866371,6.355676174,3.819767714,3.958447695,3.409915686,4.53040266,4.672832489,4.396055698,1.041468024,3.009083986,4.153766155
312,0.04996256903,0.2472948432,4.061551094,4.894703388,4.382806301,3.885740519,3.140411377,5.988218307,5.42402792,3.474116087,3.972393036,3.291968107,4.609272003,4.450754166,4.208568096,1.05329144,2.804210424,4.175409794
313,0.06157973409,0.2217816114,5.452811718,4.940202236,4.367902279,3.951193571,2.809908867,9.156593323,6.856444836,4.833632946,4.351828098,4.207574368,4.625843525,5.16551733,4.893083572,1.049196839,4.098041058,4.222973347
314,0.05136248097,0.2287515253,4.295296192,4.990324497,4.415990353,3.929502726,2.953160524,7.56306076,6.197124004,3.825372696,4.210588932,3.664450645,4.676941395,4.618511677,4.349456787,1.059180379,3.267703295,4.259326458
315,0.04446808994,0.2275369912,4.202481747,5.027727604,4.509619236,3.905982971,3.487282991,6.221898556,5.605758667,3.815695524,4.28485918,3.741898298,4.74438715,4.589189529,4.349432468,1.061163902,3.348372698,4.281768799
316,0.03979780152,0.2218531817,4.007404327,5.059939861,4.435191631,3.872021437,2.982093811,7.749372005,6.321664333,3.68992877,4.308469296,3.722225189,4.723257542,4.502569675,4.213984013,1.060055494,3.300928116,4.293712616
317,0.04192887619,0.2250342369,3.874000311,5.102972507,4.493076324,3.860015154,3.242722273,7.142312527,6.073330402,3.639663696,4.379280567,3.777973413,4.775491238,4.45306778,4.173894405,1.066133618,3.347418547,4.321561813
318,0.04666361585,0.247790888,2.775774717,5.145584583,4.5166502,3.747166634,3.454750061,5.400849819,5.272316456,2.65029788,4.184525013,3.175271988,4.808743,3.855317354,3.58155179,1.082369328,2.493014574,4.325405598
319,0.04908239469,0.223994419,3.231414795,5.174823284,4.516893864,3.702419281,3.506915808,6.192337513,5.670576572,3.161706209,4.387499332,3.612589598,4.823686123,4.133919239,3.842720747,1.083641171,3.071804762,4.327424049
320,0.05151930079,0.2419229001,2.336417437,5.214205265,4.544026852,3.587485075,3.813247681,4.524299145,4.862192631,2.343143463,4.21235466,3.09288764,4.856420994,3.617753983,3.337105989,1.100420117,2.351926804,4.32310915
321,0.04204891995,0.2201269418,2.432045698,5.236815929,4.506054401,3.496928453,3.748590231,5.03255558,5.13410902,2.495939732,4.302179337,3.271787643,4.847455025,3.689070463,3.381868362,1.103744864,2.581516743,4.303637028
322,0.0456703119,0.2074358016,2.501746178,5.262178421,4.505928993,3.443950653,3.887746811,5.056345463,5.158685684,2.622915983,4.389299393,3.434467316,4.85948801,3.744483948,3.42533946,1.10667336,2.789054155,4.293674946
323,0.05134020373,0.2050289959,1.926264882,5.281541348,4.509075642,3.334492922,4.209890842,3.797906637,4.505108356,2.086284876,4.249357224,3.074799776,4.869583607,3.38442874,3.072139025,1.111507893,2.311508894,4.263379574
324,0.04786100611,0.2091258168,1.380244613,5.297390461,4.494902134,3.173997164,4.543953419,2.66465497,3.851348877,1.561722755,4.087824345,2.690579653,4.867888451,3.003042459,2.694894791,1.121346116,1.825858712,4.217394352
325,0.0492156744,0.1916684657,1.286347747,5.315633297,4.393447399,3.039061308,4.134053707,3.315125704,4.248777866,1.500154614,4.091527939,2.686595917,4.821708202,2.940003633,2.589795351,1.135152817,1.820245624,4.179624081
326,0.04533024505,0.1667090207,1.383005619,5.331848145,4.352591991,2.944892168,4.175337315,3.570276976,4.401750088,1.64704597,4.179338932,2.873849154,4.806587219,3.023290634,2.645917177,1.142253518,2.053189993,4.142404079
327,0.05406881496,0.1599741131,1.961217403,5.36009264,4.380461216,2.961653471,4.473207951,4.071424484,4.691408634,2.312782049,4.469200134,3.500902176,4.833984852,3.444166899,3.043288469,1.147847772,2.855995417,4.14215517
328,0.04891167581,0.1582569033,1.911270738,5.389769077,4.374382973,2.98174572,4.481701851,4.138282776,4.741512775,2.290015459,4.495012283,3.528990984,4.844152927,3.423437119,3.008420944,1.154717803,2.886686563,4.145130634
329,0.05651594698,0.1440414041,1.412896037,5.418922901,4.377295494,2.944817305,4.668094635,3.240874052,4.253679276,1.772467256,4.3295784,3.129261971,4.858119011,3.083300829,2.676790237,1.168647885,2.362581491,4.135932922
330,0.05341173336,0.1373300105,1.281818271,5.436573029,4.410146713,2.892235994,5.240111828,2.349499941,3.716536283,1.651905417,4.299315453,3.061810255,4.882247448,2.991003036,2.594027758,1.176508069,2.279177427,4.111258984
331,0.05799124762,0.1247306392,0.9338443279,5.441544056,4.269595623,2.789715767,4.518501759,2.894147158,4.058883667,1.267198563,4.126207352,2.7200737,4.808579445,2.708199263,2.273044586,1.184392095,1.866297722,4.065992832
332,0.06582701951,0.1204426289,0.8851796985,5.458257675,4.274531841,2.70892787,4.925104141,2.353954554,3.729605913,1.234914422,4.134132385,2.73617053,4.816996098,2.67068696,2.231502295,1.196895957,1.887551308,4.031580448
333,0.05024147406,0.1235691682,1.004263401,5.467610836,4.196488857,2.660279274,4.624576092,3.060471773,4.170352459,1.394749761,4.216214657,2.92936039,4.778446198,2.777058601,2.294604063,1.2026577,2.131996632,3.99739933
334,0.0506275557,0.1017253771,0.4917109907,5.464711666,4.170193195,2.509979963,5.112315655,1.587079048,3.200810671,0.7620760798,3.876547813,2.281255245,4.760315418,2.269954443,1.815714717,1.20721817,1.376683712,3.921192169
335,0.06775642931,0.103166081,0.2249521464,5.445164204,3.991012335,2.285261869,4.583754063,1.487470269,3.113280535,0.3583847582,3.563035011,1.755260944,4.651313305,1.848225594,1.378265381,1.210055232,0.8326247334,3.808986664
336,0.06463002414,0.1028322056,0.17389898,5.431708813,3.938312769,2.065611124,5.140158176,0.8203791976,2.5078969,0.2250046879,3.424717188,1.551951051,4.611599445,1.650529981,1.184237599,1.218727946,0.6465131044,3.699585199
337,0.04622285441,0.1053348407,0.1748333722,5.411841869,3.841530561,1.862699628,5.264253139,0.6389877796,2.278494596,0.1501828432,3.318119764,1.406964183,4.544167042,1.500362039,1.026712775,1.235937953,0.5227047801,3.598316193
338,0.05444326997,0.07098224014,0.2840934694,5.398586273,3.792323351,1.777672172,5.555417538,0.896420002,2.566529274,0.4287202358,3.595143557,1.960762382,4.50828886,1.879202843,1.338387847,1.244205594,1.08217442,3.526495695
339,0.0589720197,0.07201734185,0.2881705761,5.387640476,3.722972155,1.712495804,5.526882172,0.9152510762,2.579585314,0.4202152193,3.571773767,1.962698936,4.462611675,1.862051845,1.300214291,1.259302616,1.095435977,3.469441175
340,0.06391819566,0.07144257426,0.233872816,5.357929707,3.580187559,1.571019769,5.167301655,0.7387930751,2.362387896,0.1581768543,3.251404524,1.455096841,4.366657734,1.49535656,0.9463985562,1.268122315,0.6003949046,3.371150732
341,0.05766733363,0.06794344634,0.2836473286,5.328873158,3.450288773,1.431572795,4.996287823,0.7553024292,2.356114388,0.1246634647,3.147715807,1.347355485,4.277421474,1.40672338,0.8372821808,1.273273826,0.5181617141,3.264251947
342,0.07598909736,0.06172171235,0.3007165492,5.309854984,3.35943985,1.341414928,4.954125881,0.8765471578,2.484455347,0.1611811966,3.193101168,1.474300742,4.214241028,1.474158287,0.8665873408,1.285743833,0.6450242996,3.183588982
343,0.05839547515,0.06072236225,0.3368579447,5.28819418,3.305679321,1.268688679,5.303008556,0.752558887,2.314375639,0.186557889,3.192714691,1.538691044,4.17117548,1.509817481,0.8773975968,1.290706277,0.7229784131,3.099269152
344,0.07517182827,0.07055518031,0.5646497607,5.248357296,3.208402634,1.132280231,5.486030579,0.5264119506,1.771615028,0.1060040668,2.840607643,1.025893807,4.093303204,1.165331841,0.5795939565,1.299690962,0.2886213958,2.990155935
345,0.05802140757,0.07131468505,0.7322621346,5.199184895,3.050792933,0.9931194186,5.248012543,0.5834277868,1.775536656,0.1425151825,2.705961943,0.9094997048,3.978279352,1.102725625,0.4989570677,1.2968961,0.2242002934,2.859253883
346,0.09888792783,0.07373982668,0.9148327708,5.14985466,2.926175833,0.8675401807,5.247295856,0.6280631423,1.669450402,0.1911033392,2.590422869,0.808619976,3.88003087,1.039286494,0.4292201996,1.300378323,0.1703377366,2.739024401
347,0.124449335,0.2039463073,2.197169065,5.070561886,2.74410224,0.6562399268,5.261131763,1.201439738,1.146771073,0.8586993814,2.13065362,0.3182586133,3.730609179,0.7141001821,0.2081701159,1.293474078,0.1028489098,2.558618784
348,0.06747775525,0.06949559599,1.337527275,5.012411118,2.621068954,0.5664448738,5.299435139,0.8421071172,1.471996903,0.3237102032,2.371651888,0.6545485258,3.628885984,0.9518666863,0.3222590387,1.29180491,0.1062528417,2.43576169
349,0.09850355238,0.1366229653,2.278244734,4.937722683,2.433943987,0.4386398792,5.029692173,1.224830627,1.273914218,0.8078026175,2.054014921,0.3481681347,3.480638504,0.8016737103,0.2301752716,1.27928102,0.07152611762,2.274124146
350,0.1115664467,0.05133752152,1.497340083,4.883637905,2.345417261,0.3954773843,5.186604023,0.9681427479,1.513744354,0.3464637995,2.276732445,0.6765842438,3.400715113,1.001881599,0.3158843815,1.281022191,0.1366330981,2.175509691
351,0.1060313508,0.05201323703,1.674681306,4.82300806,2.214068651,0.3544307649,4.829251766,0.9602047801,1.591267943,0.4079474211,2.188594103,0.6231406927,3.293024063,0.9932978749,0.299949646,1.281457424,0.1174311638,2.077199221
352,0.0921876207,0.05596324801,1.932197213,4.769561291,2.107027292,0.3141635358,4.852484226,1.114385843,1.529827595,0.5076906681,2.080081701,0.5541868806,3.203073263,1.002056956,0.3007092774,1.274297714,0.09887013584,1.969254971
353,0.09001209587,0.05080163479,1.85333097,4.715985298,2.023350954,0.2927191556,4.806975842,1.09084785,1.589354396,0.4476667345,2.094805002,0.6284133792,3.125880003,1.04947269,0.3164218366,1.281231999,0.1399274617,1.892220855
354,0.1136929393,0.05593007803,2.22513485,4.656437397,1.923896313,0.2607069016,4.761880398,1.262635589,1.504274011,0.6055181026,1.951924205,0.505354166,3.037037134,1.028043389,0.3100046813,1.27753067,0.09097566456,1.797826648
355,0.139242515,0.05187317356,1.984897017,4.603404999,1.837007165,0.2494576424,4.603148937,1.148131013,1.656259179,0.4687038958,2.009049177,0.6444908381,2.959422827,1.11082828,0.338044405,1.278125167,0.1691895872,1.725131989
356,0.1241580248,0.09511271864,3.46500659,4.530330181,1.712233901,0.194168523,4.510904312,1.815963864,1.349611282,1.24672401,1.610992074,0.2330065519,2.846805573,1.005708814,0.3582442701,1.267096162,0.09049990028,1.607479095
357,0.1160003766,0.05419873819,2.658818007,4.473921776,1.629499078,0.1793861985,4.512750626,1.480021954,1.536153674,0.7419947982,1.759631753,0.4527068138,2.769784689,1.116033077,0.3594732285,1.260792136,0.0919181928,1.524967551
358,0.1146112755,0.07310374826,3.530456781,4.406505108,1.526198506,0.1506445259,4.470090389,1.972891212,1.414466262,1.197473049,1.533981323,0.2572802901,2.674092054,1.1169523,0.4164816439,1.248748302,0.07649092376,1.424704671
359,0.1337209791,0.06724715233,3.59497714,4.33842659,1.441815019,0.1313385963,4.558473587,2.174377918,1.416621208,1.194470763,1.489244938,0.2643283606,2.589982271,1.168331504,0.4460633695,1.238184571,0.07561293244,1.334400535
360,0.1971169263,0.06914899498,3.874282837,4.26347208,1.315580606,0.1150855646,4.002763748,1.944385529,1.515426993,1.323923111,1.401980042,0.2283739597,2.476429939,1.210490823,0.4950738847,1.22730267,0.08460602909,1.246952295
361,0.1931591183,0.1026668325,4.927135468,4.192331791,1.240918517,0.09475596994,4.38822031,3.065963745,1.395843625,1.925946832,1.216504693,0.1175549701,2.394936562,1.282566071,0.6225891113,1.210038781,0.1884424686,1.14509201
362,0.1976125687,0.07518732548,4.533024311,4.116094589,1.143228769,0.08932516724,4.1670928,2.684236526,1.478078246,1.629620552,1.230432391,0.1651695371,2.298582792,1.327613473,0.615431726,1.195644617,0.1159183383,1.061744571
363,0.1819632649,0.0782616958,3.129569769,4.063287258,1.094404101,0.09740041941,4.079467297,1.892634749,1.677622437,0.8181095123,1.465227723,0.4861328602,2.246121407,1.388071656,0.5202227235,1.190727234,0.1691325307,1.018698692
364,0.1757204533,0.06420511007,4.136463642,4.000895023,1.013865829,0.09977475554,3.76275754,2.252642393,1.627741814,1.34039557,1.215790868,0.2417543381,2.167536736,1.425620198,0.6404969096,1.179995179,0.09197822958,0.9574773908
365,0.1579617411,0.06507790834,4.331154346,3.937355042,0.9792766571,0.09751223773,4.054914951,2.728019714,1.573412418,1.426608443,1.15649128,0.2188026309,2.116502047,1.458303452,0.6748620868,1.177458644,0.09305282682,0.9051036835
366,0.1932148784,0.06468969584,4.60309267,3.862911224,0.9216043353,0.09572216123,4.028371811,2.992098808,1.571407199,1.565552831,1.076253653,0.1813443154,2.046801567,1.497357965,0.7273429036,1.170013905,0.1000167951,0.8493567109
367,0.157411322,0.06764987856,5.139075756,3.785857439,0.8503636718,0.09649883956,3.867118597,3.30467248,1.589750648,1.866113782,0.9604172707,0.1212814748,1.967199683,1.566332221,0.8287274241,1.156244159,0.1364874989,0.7871682644
368,0.1230130494,0.06836379319,5.336660385,3.712575197,0.7927445769,0.1011458263,3.890800238,3.648726225,1.623126626,1.960008502,0.8964953423,0.1080369577,1.898364067,1.628800869,0.890253067,1.141219497,0.1503508836,0.7280032039
369,0.1921552867,0.06796050072,5.469250202,3.635743856,0.7175388932,0.107760407,3.503953695,3.366425514,1.661303878,2.019128084,0.8397485614,0.1000531539,1.816022277,1.684527993,0.9509469867,1.126194715,0.1592494398,0.6730239391
370,0.2114808559,0.0703175813,5.590783596,3.573308229,0.6696856618,0.119846344,3.524249077,3.652703524,1.707523942,2.065618753,0.7904513478,0.09790719301,1.758238196,1.754841447,1.010872483,1.110509396,0.1673675328,0.6231104136
371,0.2896932065,0.08920031786,6.798703671,3.496368408,0.6120432615,0.1360596269,3.573175192,4.859500408,1.798819542,2.81302166,0.6367858052,0.05228051916,1.686485887,1.923802733,1.251127124,1.088394284,0.3532271385,0.5623803735
372,0.2562266886,0.07473004609,6.344142437,3.416132927,0.5626851916,0.1495709568,3.545030594,4.696471214,1.822998047,2.488928795,0.6381061077,0.06261973828,1.619782329,1.922167182,1.210120082,1.070869088,0.2531052232,0.5142707825
373,0.2534959316,0.07538279146,6.275660992,3.345208406,0.5158059597,0.1707185507,3.380748987,4.605534554,1.86586988,2.427830935,0.6067852378,0.07046667486,1.559337497,1.974523187,1.249408245,1.053568482,0.2396470457,0.4745898545
374,0.24119775,0.07717385143,6.499893188,3.271776438,0.4736989439,0.1901034266,3.285823822,4.866978168,1.924863935,2.55757165,0.5501642823,0.06622904539,1.500745654,2.049570799,1.334049582,1.035634875,0.2719829381,0.4363193512
375,0.2460275888,0.07654575258,6.061181545,3.198727369,0.4379791915,0.1998045295,3.141734362,4.492599964,1.923576355,2.271952391,0.5536229014,0.08468993753,1.44713366,2.037023544,1.289876938,1.021468639,0.2074822932,0.4062342942
376,0.2850867212,0.08170031756,5.88927412,3.134497881,0.415374279,0.2108155042,3.166062117,4.64817667,1.969250202,2.163777351,0.5355977416,0.09748714417,1.407308221,2.060765266,1.293882728,1.008082747,0.1927304417,0.3825459778
377,0.2047550529,0.09744735807,8.083568573,3.051651001,0.3673065901,0.2489738017,2.972841978,6.40447998,2.198529243,3.597883224,0.3444302976,0.09880778939,1.338511109,2.396103144,1.777032256,0.9817347527,0.6161162257,0.3413606584
378,0.2224402428,0.07970469445,6.314817429,2.982491732,0.3489442766,0.2593992949,3.055468798,5.385055542,2.108995914,2.418587446,0.4269042015,0.08101160824,1.299692988,2.193085432,1.454529405,0.9670731425,0.2456789762,0.3203267753
379,0.1829630286,0.08035752177,6.346127987,2.910752535,0.3295281827,0.2730571032,3.012745619,5.649327755,2.170538425,2.451523542,0.3901315629,0.08278592676,1.25927496,2.232404947,1.498317719,0.9522132277,0.2603888512,0.3026827574
380,0.2386199236,0.1029093266,5.453215122,2.83603406,0.3128246367,0.2603551447,2.858427763,4.79602766,2.072640896,1.926504493,0.4374885857,0.1255779564,1.220333695,2.117404699,1.335474849,0.9462934136,0.1777594239,0.2908146083
381,0.2791485786,0.08564128727,8.287226677,2.746969223,0.2742765248,0.3014481366,2.582571983,7.029726028,2.396848917,3.795768976,0.2207285911,0.1469549835,1.154729724,2.562334776,1.97913599,0.9194143414,0.7230985761,0.2600828111
382,0.1823970824,0.0690029189,7.386447906,2.667560577,0.2489996701,0.3252456486,2.409847736,6.120924473,2.284741163,3.177336454,0.2337229103,0.1006929949,1.103619456,2.446311712,1.824076176,0.8995568156,0.4854176044,0.2389573306
383,0.2121906728,0.07361862808,6.486897945,2.604841471,0.2351091355,0.3359967172,2.252293348,5.257567883,2.187814713,2.592097044,0.2595687807,0.08636063337,1.069010258,2.336558819,1.666329384,0.8841776252,0.3094637394,0.2283257246
384,0.2439645678,0.06854697317,6.945795059,2.543368101,0.2257749289,0.3566512167,2.317761183,6.168970108,2.349974394,2.905491829,0.2112275511,0.100405179,1.038824201,2.442849159,1.800985456,0.8662108779,0.4069365263,0.2173835039
385,0.199628368,0.09811296314,5.747395992,2.486898661,0.2251486927,0.3525975645,2.398527145,5.604106426,2.286227226,2.159370661,0.2645860612,0.1060538888,1.019856095,2.275104046,1.557810426,0.854983151,0.2283561826,0.21537669
386,0.2066829652,0.08281077445,6.079219818,2.4200809,0.2175142914,0.3575052321,2.19375515,5.748241425,2.324886322,2.405963182,0.2141447216,0.103085041,0.9894757271,2.34354496,1.666670203,0.8416242599,0.2912253737,0.2114257365
387,0.2335273772,0.09408662468,5.729103088,2.360795736,0.2150537223,0.3562428057,2.152739286,5.650615692,2.325135231,2.218590021,0.2148509771,0.1103991792,0.9672846198,2.300115108,1.611540318,0.829931438,0.2597494423,0.2096841186
388,0.1638731807,0.06380347908,6.697084904,2.293126822,0.208606109,0.3785953522,2.048957109,6.702083588,2.52526927,2.885819435,0.1405155212,0.1370967478,0.9364727139,2.485751867,1.871431351,0.812306881,0.4594963789,0.2048742622
389,0.1870908737,0.05935106799,7.594399929,2.226676464,0.2017204762,0.4245788157,1.735149026,6.959913731,2.604065657,3.530012369,0.1020643637,0.2211993486,0.9018451571,2.685398102,2.145909309,0.7892067432,0.7218468189,0.2010962516
390,0.2126377672,0.110852696,5.362539768,2.179902315,0.2050620914,0.4121991694,1.840081811,5.497790813,2.35447979,2.069411039,0.1828385442,0.1288498193,0.8903930187,2.287646294,1.621020317,0.7790207863,0.2544274628,0.203760013
391,0.2273784131,0.06163829565,8.164558411,2.105370045,0.1980597526,0.4673776925,1.787585258,8.66255188,2.986295462,4.010837078,0.08086691052,0.3329028189,0.8536849022,2.84404254,2.346627235,0.7515983582,0.9760251641,0.1977075487
392,0.2318017632,0.08880650252,5.69975853,2.053183794,0.2052099705,0.4693939388,1.397492766,5.202512264,2.327509642,2.348063707,0.133021608,0.1458029002,0.8367926478,2.377628326,1.783808708,0.739304781,0.3395933211,0.2050067633
393,0.2884671688,0.05843866989,7.074045181,2.018293619,0.2153711766,0.5177338123,1.635083795,7.87284708,2.905228376,3.307746887,0.09295583516,0.2635703683,0.8325610161,2.695811033,2.164796352,0.7204728127,0.7013421655,0.2164776772
394,0.2949028313,0.05841487646,7.08323431,1.958714128,0.2223580629,0.5586357713,1.538668633,8.018452644,2.965350389,3.356348753,0.09444043785,0.293713659,0.8133476377,2.722500086,2.211596727,0.6996690631,0.744404614,0.2239736468
395,0.2352112085,0.05797332898,7.191130161,1.895716071,0.2318575829,0.600202322,1.240809917,7.335363388,2.840307236,3.477429628,0.09743371606,0.3376066983,0.7909819484,2.764689684,2.295763731,0.677529633,0.8215081096,0.2307798862
396,0.2097433209,0.08404613286,5.816179276,1.857664704,0.2450870275,0.6050955653,1.184630275,6.110143185,2.600142479,2.559267282,0.118413128,0.2212219685,0.7865695953,2.489717484,1.964226127,0.6641222835,0.464464277,0.2436067462
397,0.2430457324,0.07175642997,6.29377985,1.828195572,0.2672180831,0.6386694312,1.114001393,6.707993984,2.769067764,2.930360794,0.1215654835,0.2968017757,0.7899371982,2.629585505,2.140921831,0.6500690579,0.6314504743,0.2649159431
398,0.2291656584,0.0632385537,7.089124203,1.793207645,0.2827553451,0.6941828728,1.218695402,8.603238106,3.242708206,3.535574913,0.1366660148,0.4350189269,0.7882304788,2.845483541,2.393882036,0.6298021674,0.928422749,0.2846746147
399,0.2166107893,0.1277235895,4.967946529,1.757847667,0.3014392853,0.676522553,1.169636369,6.413995266,2.758063555,2.119950533,0.1654646993,0.2389707118,0.7913438678,2.37263298,1.836776137,0.621722877,0.3809252679,0.3031131923
400,0.1772069186,0.07295006514,6.154928207,1.713624954,0.3264103532,0.7082157731,0.9593300819,7.230876923,2.973223925,2.998999834,0.1638361961,0.3946195841,0.7890904546,2.665968657,2.219547033,0.6051874161,0.7510234714,0.3221853077
401,0.2026945353,0.1606130153,4.374162674,1.6853863,0.3400997818,0.6737238765,0.9429941177,5.538239956,2.583032846,1.838644624,0.1976578385,0.2509623468,0.7925334573,2.247159004,1.726649284,0.5981979966,0.3406799734,0.3362394273
402,0.2602640688,0.1196809188,4.805157185,1.656925797,0.3626285493,0.6724767089,0.8459070325,5.955966949,2.703320265,2.185705423,0.1984049082,0.3106409609,0.7985904813,2.36182642,1.883857131,0.5889089704,0.4759172499,0.3553833961
403,0.2583602965,0.07782870531,5.656889439,1.631411433,0.3864955902,0.7105552554,0.8267690539,7.296408176,3.065992117,2.839284897,0.2180830091,0.4584575593,0.8057956696,2.595020771,2.167729616,0.5745436549,0.7850703597,0.3797974586
404,0.2201335877,0.07830459625,5.632926941,1.608166099,0.4201648533,0.753483057,0.7160348296,7.024957657,3.029875517,2.878128052,0.2465808392,0.5031245351,0.8181502223,2.614300489,2.209735632,0.5609046221,0.8380052447,0.4080362618
405,0.2396050692,0.1360882372,4.413612843,1.596797347,0.4512531757,0.7543907762,0.6590507627,5.611123562,2.693327188,2.069202662,0.2686683238,0.3747857511,0.8364987373,2.318393946,1.878334403,0.5558957458,0.5083746314,0.4358617067
406,0.197940588,0.1371812373,4.317690849,1.585402608,0.4790529311,0.7559781075,0.6203728318,5.593290329,2.712752581,2.060956955,0.2947613597,0.4034266472,0.8529436588,2.308652401,1.878727555,0.5499053597,0.5349232554,0.4614936411
407,0.3110732734,0.08379683644,5.258232594,1.571989655,0.5141456723,0.8002997041,0.5514163375,6.558348179,2.999540091,2.792483568,0.3358673155,0.5987342596,0.8700091243,2.58483839,2.211782694,0.5368997455,0.9116882682,0.4911443293
408,0.2480058819,0.07597696781,5.552149296,1.565258145,0.5276739001,0.8604453206,0.734128952,9.020501137,3.704378128,3.061018229,0.3831636012,0.7098056674,0.882329762,2.695469141,2.316295385,0.5226961374,1.090610862,0.5257190466
409,0.2595742941,0.1325804144,4.148517609,1.54371357,0.5707076788,0.8636813164,0.569578886,6.276903152,2.976622343,2.102084398,0.3870737553,0.5074326396,0.9024747014,2.310935497,1.920767665,0.5165256262,0.6392880082,0.5532936454
410,0.237830475,0.07876130193,5.367504597,1.539794564,0.6136546731,0.9352745414,0.5515605807,8.194384575,3.553027391,3.072439909,0.4727818966,0.8179402947,0.9294144511,2.691669464,2.35588479,0.5049872994,1.202271223,0.596327126
411,0.1837063432,0.1276879758,4.118953705,1.542820454,0.6582053304,0.9589329362,0.5313977599,6.728675842,3.178721189,2.19816947,0.480471462,0.6174904704,0.9620707631,2.35243082,1.993386865,0.5044715405,0.7609561086,0.6389243007
412,0.1602071524,0.1760318279,3.418336153,1.538115144,0.6865301132,0.9436344504,0.5238118172,6.053495407,3.006813288,1.7609905,0.5085579753,0.5495923162,0.9832283854,2.147468805,1.778544426,0.5032357574,0.5901125669,0.6672959328
413,0.243109107,0.1004920602,4.416559219,1.539177895,0.7534701228,0.9978149533,0.4234591722,6.425712109,3.1502285,2.574295044,0.5955955982,0.8305912018,1.023924947,2.481862783,2.179003,0.4976229668,1.073116779,0.7118504643
414,0.153782323,0.08262269944,5.154414654,1.55338192,0.7909223437,1.087997317,0.4582621157,8.51805687,3.816210985,3.206628561,0.6980128884,1.09737289,1.055926681,2.746269464,2.46012044,0.4864987135,1.513873577,0.7626225948
415,0.2327625304,0.1668826491,3.263009787,1.561010718,0.8496329188,1.082845211,0.4097350836,5.104342937,2.81398201,1.810925484,0.6569839716,0.6878250241,1.096329808,2.157896757,1.852956176,0.4891048372,0.7167529464,0.8003072739
416,0.2299420834,0.08540943265,4.936285019,1.583470941,0.9009177685,1.178477645,0.4169261456,7.890075684,3.720132113,3.174085617,0.8182391524,1.210452676,1.1385113,2.742995501,2.485545158,0.4805710018,1.607648015,0.8566870689
417,0.1844418794,0.1722314358,3.023848295,1.593196511,0.9272627831,1.160366416,0.4303011,5.764269352,3.088573694,1.734964728,0.7555885315,0.7494168878,1.163908839,2.116056204,1.819962144,0.4818925858,0.7438464165,0.8887973428
418,0.1735764891,0.1642879248,2.978396177,1.60722065,0.9820501804,1.160154343,0.425565809,5.288366318,2.963102341,1.769752622,0.8154295087,0.8133897781,1.205189109,2.116140366,1.840888023,0.4860235155,0.8115589023,0.928188324
419,0.2475805879,0.1654373556,2.849530458,1.625793576,1.038447022,1.161802888,0.445690006,4.606693268,2.763207197,1.733680367,0.8691537976,0.8511381149,1.248168588,2.085863829,1.828907609,0.4901033938,0.83518821,0.9664650559
420,0.2266108245,0.1218855008,3.264198303,1.65364933,1.086691141,1.201180339,0.463801533,5.333259106,3.041613579,2.115766287,0.9589385986,1.044351816,1.290772676,2.26391983,2.023489952,0.4916946888,1.12224865,1.013374209
421,0.2062587291,0.0937044397,3.740962267,1.680634856,1.129020214,1.270140767,0.4656906426,6.576351643,3.491327286,2.559093952,1.063749909,1.277680516,1.329883099,2.464588165,2.234307528,0.4875496328,1.477020264,1.063772321
422,0.1670717597,0.1384803504,2.824800491,1.705849051,1.144461632,1.287085652,0.4657301903,6.656680584,3.55364418,1.86719656,1.055826783,1.046391606,1.355943561,2.142470598,1.88848865,0.4918845594,1.038156033,1.107005119
423,0.1846461743,0.1221124455,2.914519548,1.728633523,1.195837617,1.326364756,0.4791637659,7.157600403,3.757143021,2.015098333,1.145405054,1.176425934,1.400125861,2.199294329,1.957509875,0.4974349439,1.203689456,1.158390403
424,0.2204495221,0.111609064,2.973766327,1.750425935,1.268265128,1.377390862,0.5101394057,6.728356838,3.649231911,2.140461683,1.236419678,1.303171992,1.454164863,2.244394541,2.027806997,0.5008000731,1.362012863,1.211012483
425,0.2978692055,0.0922620669,3.517234802,1.776527047,1.330787778,1.467269897,0.5287472606,7.730701923,4.027297974,2.675750494,1.380755901,1.623237967,1.503960609,2.483496428,2.284891367,0.4969729483,1.842954993,1.268970609
426,0.219129324,0.1208766475,2.608792543,1.809454441,1.403227448,1.503952622,0.594271481,5.802621365,3.40131259,1.954083323,1.363942146,1.346064925,1.562123656,2.141315222,1.958501816,0.5046694875,1.33080709,1.323169231
427,0.2498584986,0.1286876649,2.371865988,1.844956994,1.453118205,1.528300881,0.622623384,5.663410664,3.386739016,1.811759591,1.419516563,1.341287017,1.609277129,2.061306715,1.883810163,0.5132276416,1.275824904,1.373596787
428,0.2367607504,0.1009725407,2.884206772,1.883737564,1.503499627,1.602797151,0.6199141741,7.221860886,3.980938673,2.327208757,1.573855042,1.673688293,1.658266068,2.310540915,2.135123968,0.5165265203,1.760378242,1.434344888
429,0.2571307421,0.1398956329,2.011654854,1.91868937,1.589919448,1.611293435,0.7771646976,4.655787468,3.079184532,1.616987228,1.548088908,1.373048425,1.724046707,1.939936042,1.792904735,0.5286086798,1.2312361,1.483180881
430,0.186944887,0.1732650548,1.585493088,1.953287125,1.659822822,1.582748771,0.9744777083,3.176397562,2.510055304,1.295672655,1.567410111,1.257378817,1.779198289,1.740372062,1.613566875,0.5416516662,1.018115044,1.518781066
431,0.1869866997,0.1960883141,1.343862653,1.993293762,1.707948327,1.545052171,1.1032902,2.577545404,2.271011591,1.127433062,1.607325077,1.214734674,1.824428916,1.621564984,1.50295198,0.5598365068,0.9219104648,1.553786874
432,0.1839374453,0.09726087004,2.133592606,2.045987129,1.777368546,1.605237365,1.22580874,3.596469879,2.745009184,1.893304348,1.800521851,1.71154511,1.886847138,2.066081285,1.951216578,0.569784224,1.638070703,1.610984802
433,0.1982390434,0.08718898147,3.244658232,2.120447397,1.815311313,1.758727431,1.024579644,6.709567547,4.01028204,2.971892595,2.065123796,2.384549379,1.943522573,2.614356995,2.470983267,0.5736770034,2.665013552,1.695059896
434,0.1577118933,0.09260511398,1.941239715,2.169993639,1.86973536,1.795861602,1.068989158,4.795128345,3.316002607,1.780415535,1.933241844,1.752769947,1.997670293,2.03405118,1.904458642,0.586776495,1.607201219,1.750607967
435,0.181513086,0.08079657704,2.72197938,2.235438347,1.992808819,1.917686462,1.352019668,5.025822639,3.454130173,2.579961538,2.171852827,2.305146694,2.094836235,2.450499773,2.341247082,0.5963965058,2.418509245,1.830871582
436,0.1570332199,0.07667902857,2.134946585,2.30336237,2.073221922,1.986171722,1.468793869,4.059385777,3.101804972,2.047850847,2.154394388,2.041967392,2.170242548,2.201497793,2.103815794,0.6141423583,1.950184822,1.903076768
437,0.2221218497,0.08268073201,1.718789101,2.356480598,2.10995388,2.001718998,1.442111969,3.837521315,3.039368391,1.681516647,2.152547121,1.865736008,2.215667486,2.005709171,1.906103134,0.6296193004,1.640044212,1.955034614
438,0.2186973691,0.07219872624,2.499345541,2.42437911,2.178882837,2.110378027,1.453577161,5.432156086,3.746688604,2.49248004,2.400192499,2.446152449,2.285290956,2.446531773,2.335518599,0.6403260827,2.484455109,2.031933069
439,0.1934444159,0.07764878869,1.511078238,2.476392746,2.280040979,2.107928514,1.85528934,2.818977118,2.644082785,1.554656029,2.281198263,1.898797989,2.363573074,1.941378951,1.86884582,0.6588587761,1.60423851,2.081235886
440,0.1879192144,0.06729798764,2.393636942,2.549850464,2.369527817,2.216224909,2.005525589,3.902913809,3.182256937,2.472544909,2.555370092,2.561596155,2.445711136,2.458611727,2.38125062,0.6716876626,2.56673336,2.159566641
441,0.1880809069,0.1027585045,1.018055558,2.590666056,2.402712584,2.13600564,2.145509481,1.829283714,2.187462091,1.106648326,2.304805994,1.665204048,2.481742859,1.661071777,1.60562551,0.6933605671,1.206318974,2.185795546
442,0.1505416781,0.04745490476,1.962691903,2.661608458,2.570027113,2.214282274,3.012012482,1.72251904,2.157448053,2.109070063,2.610526323,2.430083513,2.602065802,2.284369707,2.255368948,0.7120068669,2.285587549,2.257332802
443,0.1436278224,0.05178598687,2.291779518,2.736795187,2.565019608,2.318518877,2.424981117,3.299704313,3.010145187,2.439954758,2.737286329,2.672584772,2.636524677,2.496727943,2.426417589,0.7282127738,2.619955063,2.335310221
444,0.1561787874,0.03808313236,1.639838576,2.799772263,2.682719469,2.342074633,3.003583908,1.666595817,2.183871984,1.791976929,2.653798819,2.270521879,2.727212906,2.160022736,2.124163151,0.7509775758,1.974341035,2.394066572
445,0.1268574446,0.04784317315,1.21575129,2.842618704,2.637744665,2.298065186,2.466432333,2.113234282,2.460492611,1.364246488,2.592276812,1.985779166,2.724217653,1.904000878,1.840788484,0.7736828923,1.539742351,2.428718328
446,0.1867676228,0.03669725731,1.963106513,2.907455444,2.706170797,2.369022608,2.582919836,3.095917463,3.000785828,2.172020912,2.85454917,2.61724472,2.790897131,2.396308661,2.319119692,0.7908495069,2.429543495,2.493021488
447,0.120855473,0.0347449556,1.882578015,2.966288805,2.76921916,2.4245646,2.71369648,2.891720057,2.928860426,2.110046148,2.899378061,2.615220547,2.851818085,2.376832247,2.303471327,0.8060021996,2.392352343,2.550075293
448,0.1029687747,0.05922778323,0.8971108794,3.007650614,2.771083832,2.336710215,2.649932146,1.773470044,2.338546991,1.08856833,2.687477827,1.882964492,2.871207237,1.729388118,1.667971253,0.8346538544,1.319753289,2.573058605
449,0.1648789495,0.08157712221,2.621442556,3.087256193,2.876815796,2.49448514,2.883729219,3.87521553,3.468232393,2.948595285,3.232053518,3.306730509,2.964493036,2.837662697,2.7458992,0.8482301831,3.367792368,2.659405708
450,0.1060547009,0.02759159356,1.504468083,3.143839598,2.89301753,2.51125741,2.714847565,2.95111537,3.046576738,1.785531044,3.001546144,2.51228404,2.999710083,2.22363019,2.137928009,0.8704698682,2.141639471,2.709054232
451,0.1146556735,0.03643429652,1.705295205,3.203860044,3.042024612,2.559904099,3.568594694,1.896677852,2.498255491,2.030970573,3.130990267,2.746511459,3.105605125,2.376007318,2.323632479,0.8899779916,2.450382948,2.765187979
452,0.1336912513,0.0354645215,1.576990128,3.259793997,3.023438215,2.589556932,3.077793121,2.651288509,2.946319818,1.900226474,3.141405344,2.673144579,3.122807264,2.319566488,2.238761187,0.9122626781,2.317359209,2.817465544
453,0.08506083488,0.03227635846,1.112069249,3.304445982,3.095647812,2.548728228,3.533339262,1.498485208,2.292503595,1.417563796,3.05673337,2.335876226,3.180747986,2.020976782,1.964925766,0.9362977147,1.81343019,2.846840143
454,0.08623012155,0.03816726059,1.02701056,3.345185041,3.109609842,2.505070448,3.529278517,1.494958282,2.307111502,1.342135549,3.076519012,2.306858301,3.206536055,1.973403931,1.910449147,0.9620347023,1.754658222,2.873791456
455,0.08158162981,0.04361031577,1.126874089,3.390450716,3.145346642,2.491080999,3.652946472,1.569671035,2.375025034,1.475471139,3.16195035,2.453449726,3.245981455,2.067850351,1.997947335,0.9875674844,1.93809402,2.907392502
456,0.085472323,0.0526637733,1.219805598,3.437511444,3.224536896,2.498238564,4.132791519,1.232330322,2.163427591,1.597278118,3.241627932,2.585685015,3.309022665,2.154881716,2.094629049,1.012142777,2.103679895,2.945100784
457,0.09436973184,0.06008211896,1.196515918,3.478034258,3.220350027,2.500824213,3.900909424,1.513677001,2.374682665,1.57797277,3.266986847,2.588790894,3.326005936,2.154704332,2.077598572,1.035781503,2.092701197,2.978792191
458,0.08009894937,0.06526397914,0.9472658634,3.514566422,3.139403343,2.466139078,3.128105164,2.368395567,2.909062624,1.308328629,3.219012499,2.388874292,3.300125122,1.980251312,1.868577123,1.062470078,1.799940586,3.001139879
459,0.07492145151,0.07457260042,0.7982609868,3.549616098,3.204937696,2.41416955,3.661789894,1.494829178,2.3925488,1.167172909,3.221425295,2.313888311,3.349790573,1.87276423,1.779028296,1.086502433,1.68109262,3.011854172
460,0.07329732925,0.08721681684,0.6921868324,3.576149702,3.207460165,2.352725983,3.746148348,1.33251965,2.292638779,1.062598586,3.218901396,2.253262758,3.362092733,1.790323257,1.693223953,1.109379172,1.589666724,3.014792204
461,0.08876487613,0.1929599047,2.08976388,3.644091845,3.288643122,2.511581182,3.904251337,3.059833765,3.344902754,2.685543776,3.763373613,3.630919218,3.437152147,2.800657988,2.652898788,1.12663877,3.527166367,3.088018179
462,0.05507335067,0.1521938443,1.57844317,3.702588797,3.364762545,2.599866152,4.175924778,2.130371094,2.855929613,2.117057562,3.646821976,3.212444305,3.50475049,2.511024952,2.386925459,1.149748921,2.88420701,3.144449949
463,0.09658605605,0.1169314757,0.9797105789,3.742541552,3.389928102,2.590069771,4.256540298,1.402175546,2.410662651,1.435076714,3.466545105,2.665740252,3.536198854,2.103597403,1.995881438,1.176953793,2.094197512,3.172020674
464,0.05143757164,0.1217858195,0.7815349698,3.77254653,3.396907806,2.545243502,4.305054188,1.17440033,2.259907961,1.211054444,3.416828156,2.488964319,3.5530231,1.952904105,1.845519543,1.203048229,1.843646884,3.184542418
465,0.06127834693,0.1367318034,0.7752230167,3.798323631,3.39668107,2.505436659,4.323759079,1.205859661,2.29403758,1.217659831,3.442145586,2.51984477,3.564131975,1.959614158,1.841848969,1.22563076,1.878322482,3.192371368
466,0.06984739751,0.1462124586,0.4665605128,3.812538147,3.427903175,2.404370308,4.844892979,0.5217847824,1.69079113,0.839196384,3.314101934,2.17022109,3.585256338,1.664009094,1.570318222,1.250326753,1.417656898,3.178439379
467,0.08007570356,0.1643988341,0.5928397775,3.827666998,3.392040253,2.353697062,4.609865665,0.8240564466,2.000777006,1.015447974,3.39771843,2.368703604,3.572734118,1.807150722,1.68561697,1.275085688,1.67171514,3.177835464
468,0.07659759372,0.1948299408,0.7852151394,3.855498552,3.392234087,2.3544209,4.558805943,1.134993911,2.264715433,1.268912435,3.513144493,2.63305831,3.585433006,1.996149898,1.851358771,1.300297618,2.018069983,3.193532228
469,0.04521178082,0.1979636997,0.310400635,3.862882614,3.368361712,2.242015123,4.638941288,0.5251826644,1.717662215,0.6471534371,3.272180557,2.008654356,3.573857546,1.494806886,1.375942588,1.329039931,1.209574223,3.170991182
470,0.08107396215,0.2179826051,0.4323431253,3.877223253,3.329989433,2.189409971,4.431868076,0.8723614216,2.063251495,0.8389975429,3.37694335,2.253167152,3.558766127,1.664707184,1.513571262,1.356530547,1.51197207,3.163919449
471,0.0509259589,0.2530658245,0.6494095325,3.900966883,3.320798159,2.194970131,4.351286411,1.316613555,2.416837215,1.142997146,3.519266129,2.590066433,3.564172745,1.899111152,1.716118455,1.37985146,1.94976151,3.171705961
472,0.03701097891,0.2521056831,0.3752283156,3.915086985,3.401242495,2.14153862,5.341972828,0.3727997243,1.544527054,0.7827041745,3.387670755,2.240321159,3.611563444,1.619763732,1.479573846,1.405000806,1.490196228,3.158983946
473,0.04264793918,0.2690523565,0.3550125062,3.910228729,3.288110733,2.085088968,4.517987728,0.785292387,2.001820087,0.7546126246,3.366176844,2.212205887,3.548664331,1.596266747,1.420845628,1.425365806,1.462046027,3.137963533
474,0.04781005159,0.2999312878,0.4752954245,3.923195839,3.276864767,2.072195053,4.544933796,0.9797728658,2.172542095,0.9366772771,3.455416679,2.432450533,3.547690153,1.743481636,1.544299483,1.445535064,1.746943831,3.130909681
475,0.04598372057,0.3055305183,0.3265531063,3.931192636,3.212409258,2.028325319,4.162283421,1.111661792,2.279225826,0.7300536633,3.371945143,2.22424674,3.515369415,1.576363921,1.366802335,1.468055129,1.480670094,3.113867998
476,0.06009871885,0.4879225492,1.333399653,3.969318628,3.38596034,2.166985989,5.525831223,1.140164375,2.318411589,2.053694963,3.899615049,3.527955055,3.625849485,2.464848042,2.231492281,1.481425285,3.252711535,3.154887438
477,0.05076359585,0.355130285,0.5176371336,3.969319105,3.330425978,2.156288862,5.116426468,0.6649826169,1.920025229,0.9987451434,3.492124557,2.523674488,3.596966982,1.80971539,1.601925373,1.498494148,1.872649312,3.147366285
478,0.0593005605,0.4291273057,0.8072514534,3.987000227,3.296229124,2.204553604,4.71135664,1.341949463,2.472521782,1.377601266,3.640975237,2.898661852,3.587683678,2.079002619,1.829414248,1.516268134,2.379668474,3.161501646
479,0.07628768682,0.375041008,0.4436626434,3.989353895,3.292988539,2.168217659,4.926600933,0.717273891,1.978556991,0.8888588548,3.431987762,2.41003418,3.586342573,1.742843986,1.516220093,1.529585242,1.736496568,3.141572952
480,0.08213757724,0.3858555853,0.4040581882,3.987516403,3.206557035,2.127016783,4.359643936,1.122203708,2.312658548,0.8295757771,3.391761065,2.347588778,3.538836718,1.699666142,1.445215821,1.542956352,1.666549325,3.118878603
481,0.06488480419,0.3865561485,0.3198207915,3.989726067,3.196302414,2.071942091,4.565132618,0.8265538216,2.076175451,0.7067897916,3.330402374,2.223969936,3.533039093,1.601004243,1.347993016,1.557218909,1.517064452,3.090924978
482,0.09147012979,0.4304521084,0.4060326517,4.001288414,3.170408964,2.057964802,4.441364288,1.102029324,2.303513765,0.8400152326,3.399135351,2.39200139,3.523695946,1.70844996,1.429730058,1.578604221,1.734077096,3.0832901
483,0.07561933249,0.4531909227,0.4173494577,4.009028435,3.205839157,2.045161009,4.96382761,0.7170472741,1.988280892,0.8569634557,3.406183243,2.423929214,3.545493126,1.723517776,1.449180007,1.594307542,1.781088471,3.069866896
484,0.09505759925,0.4694851339,0.4115104973,4.007227421,3.224782944,2.028460264,5.398207188,0.4602033794,1.723629832,0.8407151103,3.381194353,2.403044462,3.554625273,1.715587258,1.44531095,1.606826305,1.765703201,3.051457167
485,0.07906278223,0.4319535792,0.2378359288,3.98947978,3.073455572,1.958469033,4.310099125,0.8843997121,2.125398874,0.5543197989,3.200813293,2.048866034,3.465111971,1.48582232,1.191495299,1.618951797,1.337731957,3.013214827
486,0.08237638324,0.5058791041,0.4073848724,3.990938902,3.185438156,1.947156072,5.703782558,0.3319960535,1.543320298,0.8188887239,3.331189394,2.377511024,3.525114298,1.701142311,1.41590941,1.628406048,1.759990811,2.99146843
487,0.05420053005,0.5539553761,0.5056438446,3.97671628,3.049500227,1.953217506,4.529877186,1.118787766,2.305550575,0.9436709881,3.350849152,2.488470078,3.447455168,1.799574852,1.460484505,1.635728955,1.922488093,2.97377944
488,0.0685845241,0.4641386271,0.2372253537,3.96539402,3.067598581,1.880011201,5.193151951,0.3426280916,1.535863996,0.5054603815,3.09274292,1.962936521,3.450819731,1.456647396,1.156412482,1.643343568,1.278536916,2.928672075
489,0.05314233899,0.4098904133,0.1363662481,3.931995392,2.991531372,1.741134048,5.187216282,0.2385184616,1.230996013,0.233996734,2.848524094,1.52519989,3.393136263,1.165711999,0.8792197108,1.648701072,0.7980661392,2.855755568
490,0.03847025335,0.5034663677,0.2626366317,3.90757966,2.946409225,1.690475345,5.241544247,0.3399339914,1.467284203,0.5039460063,3.002630234,1.930319905,3.357872009,1.452922225,1.120922685,1.651813149,1.284252167,2.808046341
491,0.06123900041,0.572545588,0.3829683363,3.885863543,2.844079971,1.67715919,4.565589905,0.7661924958,1.96582365,0.6821549535,3.058295012,2.13079381,3.293830872,1.605413437,1.226526856,1.653904915,1.553318977,2.772139788
492,0.03700823709,0.506314218,0.2640427351,3.865921974,2.810460329,1.613512993,4.790552616,0.4461043775,1.584152579,0.4263566434,2.853301287,1.768958688,3.265979052,1.389690042,1.025086403,1.654919267,1.138040781,2.716924667
493,0.0723451376,0.4235713482,0.2261490375,3.831725121,2.761210203,1.481317163,5.140450001,0.3562017977,1.101383805,0.1790096313,2.573170662,1.290099502,3.222012758,1.087122679,0.7493695617,1.655477524,0.6355043054,2.635637522
494,0.0918495357,0.4704478681,0.2422260791,3.795907259,2.598893881,1.39780128,4.095285892,0.5655751824,1.687657356,0.2481167316,2.602886438,1.426706314,3.117172956,1.189136147,0.7978615165,1.659637451,0.7969629765,2.573032618
495,0.06993264705,0.4829548299,0.2604882419,3.778137207,2.605282068,1.328453779,4.745275021,0.3945200145,1.339408517,0.2442954034,2.57059288,1.416483045,3.110835314,1.183187366,0.7920215726,1.666994095,0.7997381091,2.517378092
496,0.06323619187,0.532245934,0.2985109389,3.750919342,2.466932058,1.286659718,3.836856127,0.8023450375,1.916427612,0.3264719248,2.59817338,1.546987891,3.022836447,1.281593442,0.839882195,1.66910398,0.964052856,2.465396881
497,0.04775749147,0.5552382469,0.3345437944,3.737459898,2.449780703,1.258379102,4.120649338,0.6776121259,1.771688581,0.3594075739,2.591418028,1.591134667,3.006504059,1.31820178,0.8634626865,1.671309948,1.031055331,2.418780088
498,0.07804210484,0.5180711746,0.3470841348,3.716422081,2.438429117,1.208684444,4.582586765,0.4753259122,1.399922729,0.2714916468,2.460811138,1.402245045,2.989883423,1.218936205,0.7753181458,1.672732353,0.8394625783,2.36341548
499,0.05964066461,0.5002148151,0.380807519,3.684904099,2.377176762,1.149112105,4.568853855,0.4891937673,1.319237113,0.2319829464,2.353324175,1.275024414,2.941651106,1.161468029,0.7129769325,1.673362851,0.7243788242,2.303045988
500,0.05905719474,0.4732111394,0.4550232887,3.65159297,2.247033834,1.076135278,3.909461975,0.5867477059,1.519753933,0.204558894,2.219437599,1.117077947,2.854623795,1.097682118,0.6312051415,1.67008543,0.589183569,2.231052399
501,0.06111869216,0.4368098974,0.5774455667,3.624329805,2.167306185,0.9886590838,3.860562086,0.594355464,1.41339159,0.1942481399,2.07752037,0.9423847198,2.79650116,1.018384576,0.5496165752,1.665952682,0.4461763799,2.152101517
502,0.07147505879,0.4649985731,0.5971605182,3.599223375,2.146302938,0.9290158153,4.362336636,0.6575773358,1.251806736,0.2214652449,2.077891111,1.0138762,2.772479296,1.085248351,0.5951582193,1.662603021,0.5303936601,2.08349824
503,0.05839241669,0.4900991023,0.6322383285,3.5680058,2.095512152,0.8884904981,4.480769634,0.7339707017,1.240355253,0.2559972703,2.055510759,1.056572795,2.730532408,1.144183517,0.6316786408,1.659218192,0.5944260955,2.021147013
504,0.06459701806,0.4640108049,0.746439755,3.532418013,1.968105912,0.8395009041,3.75525856,0.7495855689,1.455028176,0.2698692083,1.930219173,0.927377522,2.643926382,1.112917304,0.5845297575,1.654845357,0.4982243478,1.953971267
505,0.08493041992,0.4719806015,0.7924835086,3.504632235,1.965355515,0.7977724075,4.398384571,0.9030973911,1.211285233,0.2863979042,1.89121151,0.9253174663,2.629143,1.134505272,0.5995127559,1.65266037,0.5121252537,1.894374013
506,0.09066622704,0.4026032388,1.054279089,3.461936235,1.833280563,0.7300379276,3.717233896,0.9175624847,1.301881194,0.3479408324,1.681296468,0.6736895442,2.53575635,1.041924477,0.5139554143,1.645202279,0.3299143016,1.816374183
507,0.1057721749,0.3588679731,1.36459291,3.420451164,1.719049573,0.6458519101,3.331228256,0.9686109424,1.317937374,0.4689710438,1.518762231,0.5022336841,2.450007677,0.9803247452,0.4628469944,1.637458444,0.2415441424,1.730873942
508,0.08393660933,0.4292822182,1.133889318,3.392823458,1.709979057,0.609734714,3.908989668,1.090756416,1.261133075,0.3717597723,1.62466526,0.7047887444,2.431275606,1.10309267,0.5372946858,1.634264946,0.3766824007,1.670235276
509,0.08300735056,0.3791293204,1.425415397,3.352624655,1.664146066,0.5604614615,4.239719868,1.620040894,1.116654992,0.4840097427,1.460793614,0.5352227688,2.386827469,1.063264728,0.5111922622,1.625125885,0.2814473212,1.596225262
510,0.1033532843,0.3816058338,1.492806435,3.302092314,1.516415596,0.5203912854,3.209668398,1.128930449,1.38329494,0.5158350468,1.400910974,0.519528687,2.279996634,1.090950847,0.5201289058,1.616112709,0.2879850268,1.526504159
511,0.108718656,0.3587222099,1.719677091,3.270582199,1.515784621,0.4790422022,4.076127529,1.927018762,1.157982469,0.6140512824,1.304784894,0.4462625682,2.264384031,1.100043178,0.5312957764,1.606090903,0.2654677331,1.455142975
512,0.135529995,0.3496336043,1.865344644,3.219073057,1.36917603,0.4449233115,3.024870157,1.337172151,1.3789078,0.687586844,1.223867059,0.406290859,2.156783104,1.124505401,0.5475851893,1.594631553,0.26602754,1.384734511
513,0.1411843151,0.3854895532,1.752153277,3.196007729,1.31741333,0.4325330555,3.011884451,1.32916975,1.462898612,0.6232405305,1.258318067,0.5005809069,2.115832567,1.207448125,0.590039432,1.585858822,0.3211913705,1.328983903
514,0.1433817297,0.3338325322,2.157402277,3.165517807,1.252344728,0.4077559412,2.933339834,1.542199135,1.420172334,0.8187926412,1.11283052,0.3698630333,2.062909365,1.211258888,0.6109398007,1.574072242,0.2827950716,1.264664531
515,0.1679535359,0.3319328725,2.269195318,3.140357733,1.214352608,0.3938325942,3.151063919,1.844539762,1.401893497,0.8660488725,1.072116971,0.3701544106,2.02884078,1.267587066,0.6499676108,1.562363982,0.2977345586,1.205819011
516,0.1811684221,0.3174964488,2.473276615,3.109570742,1.176305294,0.3844512403,3.371022463,2.3160882,1.398767114,0.9705613256,1.002024293,0.3408604562,1.992823005,1.318439841,0.6939176917,1.550034523,0.310644865,1.148919702
517,0.1808604598,0.3408192694,2.374149561,3.067888975,1.095533252,0.3806633055,2.848831415,1.829740047,1.515128255,0.9120188355,1.003508329,0.3870215714,1.926831365,1.366953731,0.7193546295,1.539382577,0.3293785155,1.100545883
518,0.2064164728,0.302531004,2.746702194,3.041697741,1.052594066,0.3784925044,2.900625944,2.214908123,1.512533307,1.111723185,0.895616293,0.3157529235,1.889387131,1.417061806,0.7786087394,1.526536942,0.3389164507,1.049658179
519,0.2158736438,0.2747617066,3.127370834,3.000422716,1.002476811,0.3687173128,2.930945158,2.643400192,1.521573067,1.327058196,0.7933135629,0.2579852045,1.840328217,1.460759759,0.8365910649,1.51140058,0.3675947189,0.9936845899
520,0.2465091944,0.2848604023,3.127904892,2.955937386,0.971991539,0.3641962707,3.202189684,3.143315554,1.550599456,1.314057112,0.7701427341,0.2683435082,1.802491665,1.497389913,0.8580747247,1.497596741,0.366065383,0.9438832402
521,0.2248668075,0.3091143668,2.964855909,2.912694693,0.9052562714,0.3721254766,2.692974806,2.451560974,1.604071736,1.215286613,0.7789618373,0.31182006,1.743957639,1.538036823,0.8785920143,1.485096335,0.3659993112,0.9048590064
522,0.2476323843,0.2542190254,3.626322031,2.873824358,0.8511222005,0.3749407232,2.53605628,2.862162828,1.635193467,1.613455892,0.6334548593,0.2289326191,1.692951202,1.609327316,0.9881324768,1.46751368,0.4391252995,0.8559568524
523,0.2693665922,0.2545324564,3.724534273,2.839874983,0.8255628943,0.3836627305,2.79553318,3.49775815,1.699038148,1.658140182,0.6018978953,0.2338192463,1.662478447,1.666780829,1.032000422,1.450174451,0.4499794543,0.8122174144
524,0.2784190178,0.2587018907,3.748173475,2.796073914,0.762612164,0.3954856396,2.290109396,2.844926834,1.717374206,1.66633749,0.5761303306,0.2422994375,1.603812099,1.710532308,1.076144814,1.433474541,0.4544220269,0.7735393643
525,0.2644782066,0.2346450537,4.194145679,2.768518448,0.7130439878,0.4138722122,2.006676674,2.824826956,1.767892718,1.938981891,0.4996604025,0.2284702808,1.558927536,1.805536389,1.191633344,1.414277434,0.5337045789,0.7346801758
526,0.3152626157,0.2418510914,4.178799152,2.751228571,0.6772087216,0.435860604,1.82240057,2.62421155,1.822328687,1.901162148,0.4967764318,0.2458482385,1.526877999,1.868180633,1.237600923,1.396971345,0.5174142718,0.7036421895
527,0.3053772449,0.213662073,4.820387363,2.737223864,0.6707672477,0.4638094008,2.280885458,4.050770283,1.953179002,2.298218012,0.4145418704,0.2433418036,1.51674211,2.006031752,1.383068085,1.37590158,0.6449792385,0.6699393392
528,0.2945308387,0.222421363,4.737681866,2.701766253,0.6643071771,0.488815695,2.764317513,5.290356159,2.13996315,2.227020979,0.4105394781,0.2548435032,1.498892426,2.045483828,1.39374125,1.356272101,0.6146920919,0.6414309144
529,0.3250000179,0.2014465481,5.214618683,2.653769255,0.6130140424,0.5296981335,2.04899168,4.316131592,2.072804451,2.560479164,0.3452083766,0.2766121328,1.443649411,2.158632278,1.552069545,1.334779263,0.7521341443,0.6165146828
530,0.3253202736,0.2073554248,5.17614603,2.623039246,0.6050192714,0.562834084,2.39500165,5.3820858,2.259172678,2.516683102,0.340098232,0.2868289649,1.426324368,2.205978632,1.574941635,1.313547254,0.7278938293,0.5938307643
531,0.3372343481,0.1902362108,5.687512875,2.579927444,0.5742819905,0.6100370288,2.032520771,5.195068836,2.283831835,2.876462221,0.2858589888,0.3251557648,1.386124611,2.332852125,1.73969841,1.289743066,0.8860025406,0.5734643936
532,0.3332011998,0.1830203533,6.217420578,2.543078423,0.5471023917,0.6637599468,1.759899735,5.135545254,2.325552225,3.243011713,0.2441080809,0.3773188591,1.349060535,2.472472429,1.914315224,1.262189627,1.053331017,0.5518774986
533,0.3324521184,0.198606357,5.692212582,2.519016743,0.545973599,0.7046294212,2.08457303,5.902772427,2.499058485,2.846781969,0.277338773,0.3502281904,1.339316368,2.442593336,1.83112967,1.240300298,0.8583539128,0.5408558249
534,0.3422148228,0.1871650964,6.023458004,2.483284473,0.5299072862,0.7572558522,1.56444037,4.884918213,2.383762836,3.087995529,0.2516053617,0.3938918114,1.308826447,2.550834417,1.980346203,1.217588782,0.973515749,0.5345649719
535,0.3559652865,0.1818636656,6.212539673,2.481587172,0.5425243974,0.8225342631,1.916582108,6.512264252,2.737650633,3.206294298,0.2517834008,0.4314829409,1.317580104,2.663549185,2.070135355,1.198506832,1.025999069,0.5399072766
536,0.3528561294,0.1759041995,6.486497402,2.440282106,0.5318894386,0.8756954074,1.2068156,4.520652294,2.427192926,3.412960768,0.2361425906,0.4786123335,1.283711314,2.757433891,2.224440098,1.17318666,1.131046653,0.5361078978
537,0.3720572889,0.1786987931,6.438046932,2.442299128,0.5432292819,0.9307675362,1.616908431,6.243114471,2.7992661,3.34814477,0.2505526245,0.4858866632,1.294713974,2.820293188,2.241695404,1.152012229,1.084895492,0.5431730747
538,0.3594070375,0.1680263728,7.108970165,2.410848856,0.5456362367,0.9958397746,1.650005341,7.437683105,3.084485292,3.842329025,0.2280226946,0.5850936174,1.281453609,3.002153397,2.455236673,1.124615073,1.33685112,0.5456800461
539,0.4065363407,0.1625002176,7.180922031,2.396716833,0.566858232,1.079098821,1.325462818,6.450733662,2.953947067,3.902660131,0.2456682324,0.6294848323,1.282720685,3.088486671,2.565877199,1.103290915,1.377489686,0.5655202866
540,0.3698063791,0.1576967388,7.50844574,2.392482996,0.5912908912,1.163325191,1.094979048,5.921605587,2.910880327,4.138604641,0.2578141689,0.7025659084,1.28887105,3.230707407,2.739247084,1.079223275,1.502651811,0.5854097009
541,0.3918431699,0.1585043669,7.262212753,2.403176546,0.6127865314,1.234039426,1.338454366,7.243173122,3.264785767,3.936308622,0.2882369459,0.6877912879,1.308996677,3.25552392,2.717671394,1.059712052,1.385046482,0.6123260856
542,0.4261125326,0.1560499668,7.329998016,2.380100965,0.6325272918,1.288287759,1.256038666,7.292434692,3.322508574,4.000865459,0.3029710948,0.7271487117,1.309094787,3.317281723,2.792458296,1.035652876,1.426903725,0.6310691237
543,0.4298599958,0.156170249,7.049021244,2.379508257,0.6846482754,1.34590292,0.8799607158,5.160856724,2.904791594,3.808937788,0.3388583958,0.7250568867,1.330940604,3.318364859,2.821008682,1.020281076,1.338760018,0.6663239598
544,0.4004176855,0.1402819157,8.217540741,2.407089233,0.698058188,1.446004748,1.3924371,9.803330421,4.064867496,4.664886475,0.3561269343,0.9394100308,1.359826207,3.677618027,3.16276288,0.999248445,1.800807953,0.706304729
545,0.4285600185,0.1321156621,7.952862263,2.410608768,0.7705172896,1.545846343,1.020830035,7.536949635,3.604101419,4.498173237,0.4073242843,0.9549202323,1.397450805,3.693677902,3.21266675,0.9871580601,1.733985543,0.7611933351
546,0.4261256754,0.1305533499,8.03331089,2.401091814,0.7977390289,1.609307885,1.038612843,8.199018478,3.815688133,4.571277142,0.4352338314,1.002588391,1.409350753,3.763492584,3.285096407,0.9623155594,1.781538486,0.7922690511
547,0.4810082912,0.1270221919,7.925543308,2.39696312,0.8419746757,1.673481941,0.9593126774,7.915128231,3.800379992,4.512056351,0.4713669121,1.025670886,1.43181324,3.791345596,3.322457075,0.9414625764,1.762035012,0.8321784139
548,0.4872622788,0.1187740341,8.254173279,2.408147335,0.9078009129,1.759280205,0.8231828809,7.335235596,3.717559814,4.783154011,0.5184218884,1.138361454,1.470032334,3.942764282,3.514354467,0.9229874015,1.935497403,0.8833490014
549,0.4910396039,0.1149738505,8.21011734,2.43103385,0.966353476,1.836808801,0.7875318527,7.193837643,3.746807098,4.755704403,0.5642636418,1.168921828,1.511696815,4.002862453,3.5782547,0.9062110782,1.924917817,0.9371754527
550,0.4952832758,0.1098921001,8.516303062,2.453162432,1.017559886,1.919272423,0.7884446979,7.854609013,3.98682332,4.998212337,0.6147305369,1.272682428,1.550367355,4.152712345,3.737969637,0.8870332837,2.074902534,0.9912078977
551,0.522836864,0.106174089,8.68112278,2.470180511,1.069380164,2.001196146,0.782658577,8.372073174,4.188326359,5.139319897,0.666193068,1.352483392,1.587299705,4.261015415,3.853915453,0.8665497899,2.169603348,1.045553088
552,0.5281566978,0.1029360071,8.692699432,2.480608463,1.124936223,2.07463336,0.753847599,8.419001579,4.256662846,5.169707298,0.7153165936,1.402446866,1.622721314,4.320510387,3.924697638,0.8450276256,2.201700449,1.098197818
553,0.5255038142,0.09900369495,8.576757431,2.495593071,1.194753766,2.141239882,0.7081287503,7.776124477,4.131284714,5.103971004,0.7647109032,1.42594111,1.666511178,4.345088959,3.966943741,0.8259548545,2.177253008,1.154338956
554,0.5838398933,0.09569814801,8.924835205,2.523033142,1.266422868,2.226125956,0.6910114288,7.885442734,4.223581314,5.392248631,0.8319957852,1.557538986,1.717149258,4.509126186,4.157682896,0.8073084354,2.368311882,1.217872024
555,0.5213884711,0.09174590558,8.530139923,2.552858114,1.336021781,2.283993721,0.6864106059,7.375972748,4.132198811,5.098890781,0.8750106692,1.506682754,1.768652081,4.457525253,4.100374699,0.7921109796,2.195042849,1.280336261
556,0.5573220849,0.09393020719,8.325367928,2.561840773,1.310161591,2.305933714,0.790422976,10.82598209,5.180152416,4.961891174,0.9104687572,1.496404648,1.770786166,4.435081005,4.006597996,0.7710595131,2.12123847,1.323690772
557,0.5395159721,0.08402284235,8.751590729,2.564421892,1.400071144,2.381561041,0.7130324841,10.39616871,5.110618114,5.370177746,1.002795458,1.698126793,1.822730422,4.607906818,4.236620426,0.754778564,2.431856155,1.391119957
558,0.5862746239,0.07973274589,9.050066948,2.576370478,1.503548026,2.472311258,0.6729620099,9.320674896,4.845396042,5.664890289,1.092533946,1.862969995,1.883004189,4.748679638,4.43736124,0.7357179523,2.666426182,1.460579515
559,0.5516383052,0.0786125958,9.144776344,2.595438719,1.584231734,2.558263779,0.6727824211,8.969473839,4.789876938,5.776798248,1.165042758,1.954411626,1.935047746,4.828350067,4.546594143,0.713763535,2.766024351,1.526238918
560,0.5758233666,0.07320901752,8.879862785,2.62720871,1.655879617,2.632338047,0.6756696701,8.875946999,4.817891598,5.594680786,1.220042109,1.940244317,1.990052581,4.802909851,4.521123886,0.6968312263,2.666245699,1.597161651
561,0.5341963768,0.06697467715,8.361683846,2.667168856,1.761159301,2.682424545,0.7391991615,7.442319393,4.41757822,5.218692303,1.266325355,1.861264229,2.064457655,4.697408199,4.43002367,0.6874631047,2.44636035,1.672231674
562,0.5328660011,0.06848488748,8.565485954,2.68803668,1.800495505,2.717687607,0.7126515508,8.282268524,4.727822781,5.41169405,1.334613204,1.971517205,2.09834075,4.800593853,4.535769939,0.6666640639,2.592576504,1.725944638
563,0.5349366665,0.06766880304,8.64080143,2.715479851,1.846055984,2.768461943,0.6854125857,9.206719398,5.07323122,5.510456562,1.407284737,2.057956934,2.139609575,4.869208813,4.600770473,0.6487467885,2.685658216,1.789479613
564,0.5360357761,0.06709659845,8.824171066,2.745150328,1.97524035,2.838578463,0.835236609,7.589267731,4.586235523,5.708438873,1.500148296,2.193986654,2.219356537,4.976879597,4.772714138,0.6321265697,2.85820961,1.86141777
565,0.4760545194,0.07557050139,9.296066284,2.789928198,2.03049922,2.931682825,0.787838459,8.849438667,5.062353611,6.110799313,1.607475758,2.396412611,2.272249222,5.188624859,4.988632679,0.6128258705,3.150071383,1.937633991
566,0.4770680368,0.07155546546,9.1644907,2.841144562,2.088613272,3.022716284,0.7357525826,9.850307465,5.457857609,6.032159328,1.680356622,2.420633793,2.331361532,5.20638752,4.98827219,0.5995407701,3.118023634,2.022911072
567,0.4689398706,0.05925653502,8.575039864,2.87959671,2.198363066,3.071492195,0.8525429368,8.320454597,4.991280079,5.602165699,1.717268348,2.311233521,2.408207178,5.055650234,4.856767654,0.5880925059,2.858033419,2.098589659
568,0.4473689497,0.06311958283,8.768985748,2.916121483,2.271550894,3.12466836,0.8842308521,8.550617218,5.115222454,5.803023815,1.811858535,2.448052168,2.466059923,5.166158199,4.984645844,0.5714811683,3.030915499,2.168069124
569,0.4542446136,0.05114070699,7.95122385,2.95707202,2.316173792,3.130585432,0.8426685333,8.530540466,5.153647423,5.178668499,1.814075828,2.244615555,2.513893843,4.922646523,4.707989693,0.5623440146,2.627658844,2.233299255
570,0.433239609,0.04945373163,7.895610332,2.992516279,2.401645422,3.140466928,0.9432703853,8.016774178,5.011561871,5.195213318,1.893251061,2.315346718,2.578054905,4.940104008,4.747411251,0.5524413586,2.687692881,2.296966314
571,0.3812435567,0.05527709797,8.225710869,3.026879549,2.354952335,3.174379587,0.6464104056,12.24888325,6.52211237,5.520491123,2.006153822,2.5128479,2.580448866,5.094695568,4.840807438,0.5378109813,2.960633516,2.359999657
572,0.4226943552,0.04293048382,7.209148407,3.045737982,2.497891426,3.160188675,0.8954703808,8.620521545,5.297000885,4.787023067,2.008236647,2.285871744,2.667362928,4.750030994,4.54449749,0.5319005251,2.523124456,2.419362068
573,0.3860509396,0.0427261591,7.033918381,3.07078433,2.512768507,3.137969017,0.8074067235,9.68128109,5.709798336,4.719547272,2.073807478,2.324320555,2.694058657,4.708361149,4.484570503,0.5218084455,2.53630352,2.467274666
574,0.3892359734,0.04427364096,7.170776367,3.090660095,2.610668898,3.144853354,0.984641552,8.763160706,5.408216,4.924690723,2.186750412,2.497503042,2.758032084,4.783025265,4.604626656,0.510065496,2.760762215,2.519997835
575,0.395973593,0.04691271111,6.062525272,3.128091097,2.664212227,3.093011618,1.043101788,7.594537258,5.008277893,4.078602314,2.144775867,2.180000067,2.808718443,4.381003857,4.184416771,0.509786129,2.208610773,2.568294287
576,0.3675018251,0.04711496457,5.945020676,3.165864706,2.723899841,3.052734613,1.13301599,7.361058712,4.951920986,4.060028076,2.222214937,2.243723392,2.86214757,4.360562325,4.172476292,0.5092275739,2.261094093,2.615985155
577,0.3809212446,0.04603313282,6.000925541,3.207937956,2.758949995,3.037675142,1.099536777,8.091983795,5.267819881,4.181546688,2.322733641,2.373619795,2.905659676,4.41223526,4.218496799,0.5086510777,2.414758444,2.668587446
578,0.4174880087,0.05557762459,7.150411129,3.255161047,2.832237482,3.125574827,1.123788238,9.776717186,5.944078445,5.238161564,2.590681076,2.973505735,2.970386505,4.907457829,4.742591381,0.501489222,3.29432559,2.74491787
579,0.4143481553,0.04918514565,6.054633617,3.284349442,2.878844023,3.124029398,1.16010952,8.686877251,5.565470219,4.375667095,2.526028633,2.618419409,3.013226748,4.490560055,4.315629482,0.4940536916,2.692971468,2.790506124
580,0.4088134766,0.05708755925,5.337265491,3.318855524,2.956949234,3.087827682,1.372014642,7.122993469,4.984594345,3.846635103,2.516551495,2.429152966,3.073822737,4.213222027,4.05179739,0.4932458699,2.360595703,2.831939459
581,0.3590778112,0.06185461208,5.180193424,3.364577532,2.966707945,3.06476593,1.239846826,8.095413208,5.404911041,3.78661418,2.588867664,2.472893476,3.105963707,4.173282623,3.989131689,0.4964185655,2.382475138,2.880077362
582,0.3546049595,0.08039519936,4.491003036,3.397361994,2.981739759,2.996105194,1.217038274,7.820325375,5.323525906,3.282916784,2.574778557,2.287763596,3.134775877,3.887311935,3.687090874,0.4992276728,2.070601225,2.90903759
583,0.4520544708,0.1053930521,3.902889252,3.422432184,3.049662828,2.897264481,1.522447109,6.032005787,4.610188961,2.871883392,2.570512533,2.147425175,3.185593605,3.628596067,3.448553085,0.5017393231,1.835960865,2.922494888
584,0.4616634846,0.1060775593,3.83966136,3.45234108,3.11696887,2.822888613,1.860441685,5.063199997,4.208458424,2.896932602,2.644517899,2.233150005,3.236818314,3.613146067,3.455597162,0.5035786629,1.929837823,2.938213348
585,0.381870836,0.1130268872,3.588406324,3.47675705,3.060861826,2.740181923,1.575880647,6.096019745,4.673428535,2.74302125,2.662396669,2.202244997,3.223097086,3.502913237,3.306372881,0.5021938682,1.866927981,2.941405535
586,0.3461170197,0.1797850728,2.593071699,3.498099089,3.016447067,2.587935686,1.469529152,5.500884533,4.429756165,1.95401144,2.541235685,1.806920171,3.213692904,3.002082109,2.776551247,0.5075927377,1.3074224,2.925254107
587,0.3985590041,0.2277471274,2.10337925,3.522912741,3.03581357,2.430166006,1.716379762,4.283826828,3.891699076,1.610952377,2.525357962,1.671500564,3.23783946,2.737529755,2.517266512,0.5191723108,1.111544609,2.908152342
588,0.3792976439,0.2530475557,1.816770196,3.549207687,3.074331522,2.282194853,2.12849021,3.088542223,3.313688278,1.431868196,2.541316271,1.625153542,3.270947695,2.576568365,2.369841814,0.5327479839,1.03568995,2.888994932
589,0.3765985966,0.1816807538,2.170441389,3.569379091,3.031257391,2.202079058,2.008363724,4.119943142,3.838573456,1.809390664,2.685183764,1.928993225,3.259322405,2.79652977,2.565164566,0.536057651,1.415321708,2.873748064
590,0.3485098779,0.1406763494,2.579338789,3.615222931,3.05710721,2.21158433,2.057222366,4.878796101,4.21876955,2.248349667,2.872385025,2.287072897,3.295904875,3.045457125,2.804857016,0.5493428111,1.871534228,2.903057337
591,0.3043875396,0.1159270182,3.048616409,3.655313492,3.067844391,2.267779589,1.970988274,6.158284664,4.813109875,2.749087095,3.069135666,2.681575537,3.322208405,3.31331563,3.055308104,0.5523890257,2.396398544,2.936801672
592,0.268633157,0.190999195,1.811176658,3.671955109,3.036579132,2.190498352,1.943273902,4.668064117,4.15257597,1.642838836,2.815789938,1.996943355,3.314922333,2.63056159,2.371093035,0.5546389222,1.447465301,2.916982412
593,0.3454220295,0.1960510463,1.653855681,3.693267107,3.042717934,2.12748003,2.111361027,4.224424839,3.953658342,1.557982802,2.845895529,2.004883766,3.329073668,2.543569803,2.28353858,0.5600888133,1.443681717,2.904183626
594,0.2042957395,0.2013802081,1.560318947,3.734908342,3.068343401,2.097537756,2.259546995,3.998523951,3.865419388,1.526658177,2.90864253,2.05539012,3.36250329,2.501918077,2.240510225,0.5791401267,1.485539079,2.918308258
595,0.2979426086,0.2026906759,1.431486249,3.759460449,3.075966597,2.053304195,2.426915169,3.630345345,3.694579124,1.454693198,2.937162399,2.06414628,3.378111601,2.429529428,2.166393042,0.5866342783,1.483794808,2.910084486
596,0.2695349753,0.3498341143,0.5890264511,3.767767906,3.036902666,1.887236953,2.618203402,1.977025986,2.785911798,0.6489746571,2.668819427,1.435311675,3.359403849,1.777100205,1.532227397,0.5950823426,0.724447906,2.852463722
597,0.2616459131,0.2585103512,0.7612048984,3.781041384,2.980808973,1.798504829,2.525078773,2.667493105,3.19602704,0.8717887402,2.79747653,1.69639504,3.334563017,1.947149873,1.667969346,0.603038311,1.018659949,2.817566156
598,0.2150634527,0.2618299723,0.6346638799,3.799794436,2.938182831,1.721471786,2.477683306,2.715236664,3.2312572,0.7783708572,2.802137375,1.667490005,3.319057226,1.847190499,1.554264069,0.6160974503,0.9769272208,2.790215254
599,0.2036001682,0.3589177132,0.2956181467,3.813519716,2.903358221,1.595498085,2.627352715,1.816380858,2.705988169,0.4290138185,2.67566371,1.356205583,3.303833008,1.484382033,1.207119107,0.6334429383,0.625918448,2.74388051
600,0.2647782564,0.3836061954,0.1948759705,3.824297667,2.844599485,1.4719944,2.62928462,1.654149175,2.605191231,0.3290227354,2.654856443,1.280913949,3.273511171,1.335194468,1.052648544,0.6523551941,0.5457263589,2.693759203
601,0.2324699908,0.1612234414,0.7017807364,3.845525742,2.874848366,1.489328742,2.982144117,2.528077364,3.147575378,0.994612515,3.028251886,2.071813345,3.298563242,1.936584115,1.595926642,0.6604616046,1.44979465,2.686957598
602,0.1546060294,0.3046349585,0.1726726145,3.846628904,2.845680952,1.392907977,3.271769762,1.088767648,2.207450628,0.3453000784,2.724279404,1.398436546,3.28002739,1.338858604,1.045202136,0.6692457199,0.6612650156,2.631293297
603,0.1568179876,0.1158867851,0.726264894,3.863054276,2.791391373,1.436677933,2.905170441,2.983515501,3.407399416,1.086166024,3.109915495,2.250431299,3.257321596,1.969358802,1.583122611,0.6731135845,1.679794312,2.628659964
604,0.1229585782,0.1054645404,0.7213952541,3.87521553,2.810014725,1.47804451,3.180850029,2.578671217,3.19005847,1.102411747,3.138401747,2.305599928,3.272301674,1.97114265,1.584408402,0.6729767919,1.751144767,2.620338202
605,0.1358003765,0.2105002403,0.1733757406,3.887710333,2.777511835,1.423905492,3.20422554,1.425321937,2.480015755,0.3905922472,2.814866066,1.566609025,3.257371902,1.380005717,1.041635394,0.6898931861,0.8433048725,2.594199181
606,0.1249014735,0.1780722886,0.1823914796,3.889390945,2.745110273,1.375302672,3.333057404,1.375667572,2.445799112,0.4175238609,2.843163252,1.639819503,3.238157034,1.39868927,1.042559624,0.6953364015,0.9309605956,2.553936005
607,0.1553509831,0.134787932,0.2457119972,3.898144007,2.725152254,1.364339828,3.411452055,1.529708982,2.557021141,0.5297554135,2.926052094,1.819598556,3.229305029,1.497564912,1.115971684,0.7036585808,1.143260598,2.532800674
608,0.1407454461,0.177500084,0.1045613959,3.897410154,2.650863647,1.306833148,3.181682825,1.376554489,2.450252295,0.2847698629,2.77473855,1.511992812,3.185381174,1.243033051,0.8696724772,0.712184608,0.7941834331,2.491508484
609,0.129498139,0.1919603497,0.07570511848,3.901875257,2.638154745,1.246135831,3.471797943,0.941198051,2.116659403,0.2016917914,2.725563049,1.408259988,3.176935196,1.127197266,0.7624104023,0.7267382741,0.6828472018,2.454004049
610,0.1078242436,0.1240793541,0.1302357465,3.899123907,2.592432022,1.222518563,3.446757555,1.281109452,2.382062674,0.3394846022,2.837469816,1.66821146,3.14844799,1.290143013,0.8809749484,0.7304854393,0.9788241982,2.417068005
611,0.1317603439,0.1738806218,0.08388727158,3.899694443,2.556828737,1.168227434,3.52385211,0.8511932492,2.036527395,0.1542816311,2.689267874,1.367020607,3.12537837,1.049853683,0.666349411,0.7459035516,0.6491830945,2.38083005
612,0.129032433,0.1885231286,0.1066112816,3.896722794,2.493795156,1.10626018,3.380900145,0.8511333466,2.03501153,0.1053194031,2.636759043,1.269464612,3.084858179,0.9506284595,0.5663681626,0.7626934648,0.5520690084,2.340456009
613,0.08825936168,0.1092772707,0.1068178117,3.89558959,2.476079226,1.091216207,3.578772306,1.039933085,2.19512248,0.228663817,2.783815145,1.588411927,3.072207689,1.146005988,0.7125167251,0.7692683339,0.8978698254,2.307486773
614,0.08276821673,0.1603647321,0.1589684933,3.881311655,2.431435585,1.025853753,3.765013933,0.5803975463,1.746163487,0.08480495214,2.593518734,1.245546937,3.037606955,0.9068927169,0.5052182674,0.7739575505,0.543692708,2.249398947
615,0.06141728163,0.06174160168,0.1696522683,3.881067276,2.403236628,1.054510236,3.70032239,1.212116718,2.321788311,0.3643927574,2.878224134,1.85766983,3.020582199,1.287038565,0.7973290086,0.7788216472,1.233654022,2.233461618
616,0.08195834607,0.05254548788,0.2105110437,3.887483597,2.375816584,1.099439621,3.532971144,1.555519223,2.569314957,0.4448697865,2.934127092,1.992698669,3.007129669,1.362567544,0.8451559544,0.7854418159,1.404126763,2.228693247
617,0.07205758989,0.09898126125,0.1885520965,3.880008936,2.368590117,1.056562901,3.916522741,0.5930526853,1.760160446,0.1000752077,2.6092484,1.35181427,2.996996641,0.9651281834,0.5187434554,0.7937095165,0.6714137197,2.188767433
618,0.08170439303,0.06255603582,0.1787953377,3.87314105,2.335550547,1.053985596,3.891866684,0.8066000938,1.979666114,0.1972746253,2.718055487,1.603939652,2.973862886,1.113416672,0.6230068803,0.8004644513,0.9581801295,2.163858414
619,0.07022877038,0.06529068202,0.2080409676,3.862815142,2.293682575,1.036496043,3.839203596,0.7460374832,1.914829135,0.1441472918,2.640684366,1.487303257,2.943941355,1.043953061,0.5540201068,0.8067059517,0.8371693492,2.132373571
620,0.06623715907,0.05922460929,0.2330419272,3.852923155,2.275358438,1.02151525,4.021036148,0.6386019588,1.793922067,0.1415277719,2.619245291,1.483621001,2.927584887,1.041722417,0.5436051488,0.8127554059,0.8435103893,2.101899385
621,0.1036026776,0.07050579041,0.3186640143,3.832161903,2.210811138,0.9777199626,3.880863905,0.5784705281,1.703767419,0.08179811388,2.483094931,1.27572298,2.880064011,0.93033427,0.4411744177,0.8157276511,0.6342346072,2.055072069
622,0.07692696899,0.07501778007,0.4014598429,3.812988281,2.183313847,0.9288323522,4.126275539,0.4507944286,1.475418687,0.06595570594,2.4023664,1.169629574,2.853580475,0.8722179532,0.3888075054,0.8220049739,0.5369749069,2.009789944
623,0.09634978324,0.06872404367,0.4319576025,3.791783094,2.127254486,0.8898447156,3.995412588,0.4881671369,1.531229377,0.06755586714,2.377129316,1.166253924,2.81013298,0.8714761734,0.375213623,0.8311311603,0.5431223512,1.970990658
624,0.1045213342,0.05174784362,0.3816311359,3.778839827,2.115794897,0.8808121681,4.209639072,0.4990873337,1.539547086,0.1000337526,2.448197603,1.336880088,2.796377897,0.9652603269,0.4384934008,0.8410558701,0.7296121716,1.945552468
625,0.1064704284,0.08546636254,0.6731759906,3.74656105,2.047054291,0.8137951493,4.089433193,0.434930414,1.280285478,0.08322354406,2.195723295,0.9281258583,2.740094423,0.7520224452,0.2736343443,0.848674953,0.3367026746,1.892401695
626,0.07820164412,0.04968570173,0.4913363755,3.725511312,2.027012587,0.7979251742,4.294654369,0.4644597471,1.38898468,0.0836089775,2.330788851,1.218917012,2.718127489,0.9108722806,0.3781697452,0.8553154469,0.6287955642,1.859095573
627,0.07132020593,0.06147487462,0.6872441173,3.691011429,1.985398889,0.7504947782,4.461238861,0.4927732944,1.146571517,0.08510553837,2.163553476,0.9793875813,2.677647829,0.8031516671,0.2952735424,0.8584766388,0.4056923389,1.807916164
628,0.07682753354,0.04773637652,0.6126550436,3.657612801,1.909860253,0.7289469838,4.088140965,0.5024673343,1.384088635,0.08827659488,2.200386763,1.108082891,2.619240046,0.8823511004,0.3373484612,0.8618960977,0.545799911,1.767979026
629,0.07759228349,0.05031212047,0.6838021278,3.634487867,1.885187507,0.7093670964,4.201862335,0.4989553392,1.277729392,0.09150141478,2.141142368,1.042346954,2.593294859,0.8546339869,0.3134344816,0.8738319278,0.4885769188,1.738299727
630,0.101880841,0.0607120581,0.9051145911,3.598231554,1.831605434,0.6618717909,4.175686836,0.5463537574,1.138606429,0.127849862,1.992627144,0.8388143182,2.544595718,0.7664449811,0.2487635165,0.8807034492,0.3097323477,1.690853477
631,0.08850309998,0.1094834432,1.496651769,3.546042442,1.758208632,0.5682918429,4.226468563,0.8502657413,0.8840920329,0.3538377583,1.749270082,0.5156818032,2.475557089,0.6284995675,0.1681788117,0.8834982514,0.08986353874,1.616753697
632,0.07654800266,0.04462062195,0.8041135669,3.512903452,1.707736373,0.5619137883,4.077165127,0.5591724515,1.257672071,0.1114138141,2.019844294,1.009352088,2.431727648,0.8644413948,0.2937804461,0.8870046735,0.4963333607,1.581435204
633,0.08594659716,0.05924712494,1.247707725,3.469530344,1.663459301,0.5124508739,4.298192501,0.8122086525,0.9608035088,0.225033164,1.775510788,0.6651911736,2.38564682,0.7368574142,0.2160051316,0.8868756294,0.2022968531,1.522251487
634,0.08941930532,0.04611195996,0.9771695137,3.429667711,1.61360991,0.5017595887,4.229588032,0.6885294914,1.113777757,0.1484720111,1.873645782,0.8957278132,2.339955091,0.8608188629,0.2836187184,0.8866594434,0.419405669,1.480329394
635,0.1174859479,0.09282883257,1.931859016,3.369261503,1.532250762,0.4212132394,4.233011246,1.334267974,0.8232009411,0.5296499729,1.495699883,0.3861190379,2.2639153,0.6860237718,0.2032629699,0.8819133639,0.06259153038,1.401029706
636,0.1295820624,0.06906595826,1.76780808,3.310716391,1.452684402,0.3715044558,3.992843866,1.100711703,0.9053754807,0.4329071045,1.507476807,0.4507014751,2.189764261,0.7200004458,0.2118922025,0.8846661448,0.09400737286,1.342256546
637,0.1128859743,0.07667367905,2.03800416,3.253334045,1.376998782,0.3178119957,3.929722786,1.291282296,0.8743904233,0.5565539598,1.406710625,0.3706854284,2.118298292,0.7195896506,0.2216510177,0.8808115125,0.06633766741,1.272710204
638,0.08477344364,0.04381034896,1.344376922,3.213531494,1.329773068,0.3165457249,3.740245581,0.8294579387,1.099371314,0.2406831831,1.593367219,0.6926487088,2.072994709,0.8367066383,0.2532118559,0.8868095279,0.2879369855,1.241600037
639,0.09889423847,0.07946778089,2.356235743,3.156079054,1.283590674,0.2641792595,4.077796459,1.773710132,0.8153018951,0.7050961852,1.275509834,0.291901201,2.018416405,0.7378730178,0.2462724,0.8825977445,0.05116705224,1.17231369
640,0.1193411946,0.08431977034,2.599737644,3.086871862,1.194585681,0.2164548784,3.858881712,1.847786069,0.8331170082,0.8281598687,1.189625144,0.2430960387,1.933918476,0.7564582229,0.2734870911,0.875369072,0.05244127288,1.099782944
641,0.1221168414,0.1514643878,3.608729601,3.009307861,1.096419215,0.1551823169,3.764748335,2.666410685,0.8146265149,1.428063035,1.009027839,0.1228280663,1.83800602,0.7933397293,0.3719939291,0.8616922498,0.1553532034,1.008453965
642,0.1311045289,0.03712565079,1.757466197,2.961904526,1.054076314,0.1604042798,3.649975538,1.244179368,0.9999157786,0.3701330721,1.315565705,0.5284742713,1.793434024,0.8658625484,0.2765266001,0.8605665565,0.2047372609,0.9747138619
643,0.1421068311,0.04057897255,2.279178858,2.906937599,1.009241939,0.1498398632,3.684182405,1.726631522,0.918866694,0.6120823026,1.141266942,0.3307695985,1.742931962,0.8467097282,0.302459985,0.8569641113,0.08486268669,0.9283461571
644,0.1132924333,0.06537490338,2.917497635,2.836967707,0.9498556256,0.1276250631,3.565749407,2.186096191,0.8773201108,0.9620034099,0.9912652969,0.1883292645,1.674717546,0.8396264911,0.3520484269,0.8584501147,0.06010762975,0.8778374195
645,0.1143504381,0.06451312453,3.067951202,2.771494627,0.8906601071,0.1087037995,3.559401751,2.436456442,0.8921394944,1.036821246,0.9314416051,0.1669023186,1.609869599,0.8697399497,0.3846732676,0.8498764038,0.06741527468,0.8192455173
646,0.1254881173,0.05275097489,2.927943468,2.703655958,0.841140449,0.09681578726,3.524871588,2.39660573,0.9005382657,0.9452915192,0.9181780815,0.1866071373,1.549862981,0.8782116771,0.3815481663,0.8471446633,0.06055488065,0.7725993991
647,0.1352815777,0.04522723332,2.82101512,2.638068914,0.7932166457,0.08960133791,3.444969177,2.331918955,0.9115845561,0.8786578178,0.898188293,0.2014966607,1.492595315,0.8892159462,0.383299619,0.8433921933,0.06049485132,0.7299628854
648,0.1600974649,0.03875165805,2.6211133,2.578270197,0.7487632632,0.0878931284,3.321743727,2.139225721,0.9323022962,0.765314877,0.8939085603,0.2378569245,1.44090426,0.9049263,0.3800611496,0.8387391567,0.07145556808,0.6928720474
649,0.1764173061,0.04189201817,2.828400373,2.515347242,0.7143165469,0.08320619911,3.357908964,2.490252733,0.9293907285,0.8809526563,0.8229537606,0.1894620657,1.393255115,0.9146797061,0.4083996713,0.8367428184,0.06314084679,0.6567667127
650,0.1954241246,0.04853321984,3.165834665,2.44575572,0.6589403749,0.07664448768,3.123815536,2.609648705,0.9392002225,1.077710748,0.7354725003,0.132208094,1.329494596,0.9381386638,0.4619573355,0.8302617073,0.07189982384,0.6143935323
651,0.1103237271,0.04763221741,3.244492769,2.382111788,0.610118866,0.07276928425,2.976898909,2.613876581,0.9545539021,1.120093942,0.6901469827,0.1199431792,1.272243619,0.9608888626,0.4904668331,0.8221833706,0.07739893347,0.5730060935
652,0.1049702391,0.06340049952,1.990899444,2.340508461,0.6050364971,0.07846874744,3.114171982,1.810482383,0.9723690152,0.4584091902,0.8866629601,0.4049961865,1.254568815,0.9431837201,0.36268273,0.8240566254,0.203964293,0.5606122017
653,0.125170514,0.04620395973,3.332097054,2.278733253,0.5673678517,0.07747172564,3.144518614,3.305622816,1.016945958,1.185429692,0.6064565778,0.09795129299,1.206328273,1.001402497,0.5312523246,0.8136546016,0.09069949389,0.5209661126
654,0.1359931231,0.04366523027,3.225650787,2.209274054,0.5309198499,0.07544507831,3.102307081,3.335213661,1.028853774,1.125573277,0.5825108886,0.102963157,1.155625343,1.004220128,0.5313443542,0.8062698245,0.08439742774,0.486638099
655,0.1385049671,0.04309910536,2.845479965,2.14825511,0.4969383776,0.07919349521,2.938086271,2.883684397,1.016942859,0.9110743999,0.5960678458,0.1476478577,1.11131227,0.9976919293,0.5009208918,0.7993350625,0.07741395384,0.4604230821
656,0.1148785725,0.04500710964,3.310707331,2.083538532,0.4539532661,0.081137456,2.693444967,3.128083467,1.047422171,1.195977211,0.4986786842,0.08464954048,1.058393359,1.044615865,0.5885336399,0.7896896005,0.1028819084,0.4284466207
657,0.1244365945,0.05836620554,3.943610191,2.018994331,0.415969342,0.08507234603,2.676564932,3.946964979,1.143199086,1.599676013,0.4072520733,0.05324843526,1.007639766,1.126680374,0.7125697136,0.7757814527,0.1988373548,0.3901155889
658,0.126736477,0.07071847469,2.320636272,1.971543431,0.4037353992,0.08682694286,2.654976606,2.455088139,1.033249736,0.6477229595,0.5799897909,0.2368610501,0.9839240909,1.008990884,0.4804337025,0.772629261,0.1308367997,0.3783739507
659,0.1395556331,0.05041612312,2.839632273,1.914883256,0.3850259781,0.08961611986,2.661040068,3.212460279,1.09389317,0.9452390075,0.4565067589,0.1186187938,0.9512681961,1.044237971,0.5642350912,0.7664331794,0.08957686275,0.3588938713
660,0.138130337,0.04784501716,3.207999945,1.854145408,0.3644629717,0.09551131725,2.713129044,3.983377457,1.191184402,1.181491137,0.377551198,0.07378669083,0.9156128764,1.089400887,0.6393946409,0.7568716407,0.1174026728,0.3357511461
661,0.09592031687,0.05154483393,3.16518569,1.794706941,0.340690285,0.106283091,2.588274717,3.959265947,1.211941123,1.173814416,0.3510193825,0.07634357363,0.8789194226,1.105003953,0.6594879031,0.7475199699,0.1257789135,0.316624403
662,0.1279725283,0.05848966539,3.867658615,1.732391715,0.3072040379,0.1227554679,2.34464097,4.510673046,1.314170003,1.643521905,0.2630839944,0.06109738722,0.8331829906,1.212122321,0.8189852238,0.7336114049,0.2570569217,0.2917197049
663,0.1146028042,0.05687552691,3.644939661,1.676987648,0.2876623571,0.1392245144,2.329017639,4.535478115,1.346957803,1.50816071,0.2559987307,0.0660565719,0.7997708321,1.209341884,0.8070064187,0.7212429047,0.2231992334,0.2719574273
664,0.1858734339,0.06481277198,3.044860125,1.626617551,0.2684901357,0.1518153697,2.048069239,3.478933334,1.224917531,1.145582914,0.2854512334,0.09014114738,0.7692580223,1.15572536,0.7280468345,0.7130948901,0.148925066,0.2616318762
665,0.1973587424,0.06151378155,3.430543184,1.575869203,0.2526126802,0.1647985429,1.99080658,4.032142639,1.319639206,1.40797317,0.2279582173,0.07710617036,0.7398629189,1.21973598,0.8233476281,0.7018641829,0.2149355561,0.246474281
666,0.2141692638,0.06526948512,3.305075884,1.526425004,0.2426167727,0.1768832207,2.034178019,4.283652782,1.376474977,1.345110774,0.2174429744,0.08225736767,0.7155597806,1.217331767,0.818323791,0.6913990378,0.2063176483,0.234255448
667,0.1783550829,0.07976114005,2.870797396,1.474939942,0.227273345,0.1805888265,1.766144276,3.384669542,1.249738693,1.096445918,0.2337096184,0.09800863266,0.6869321465,1.162482262,0.7534157634,0.6837077141,0.160888359,0.2258897275
668,0.2005484104,0.06970959157,3.435749769,1.434853673,0.2186229974,0.2013318539,1.696409345,4.107066154,1.387198448,1.479273796,0.1719266176,0.09427309036,0.6663970947,1.265617251,0.8967129588,0.672644794,0.2677069604,0.2178128362
669,0.1738505363,0.09168214351,2.748673677,1.396731973,0.2170242071,0.2069066614,1.729583859,3.649715424,1.330082297,1.060199618,0.2127275318,0.1114422083,0.6530558467,1.177228808,0.7719313502,0.6654785872,0.1732628793,0.2144953161
670,0.1303449869,0.0966174975,2.700036764,1.355686784,0.2082226276,0.2126318216,1.43261385,3.087526321,1.252800345,1.058044314,0.1991775036,0.1145896316,0.6325512528,1.176957965,0.7856860161,0.6582913995,0.1819318086,0.2117921561
671,0.157905072,0.07576406002,3.523827791,1.315902233,0.1999729425,0.2317639142,1.384877801,4.110417843,1.440052867,1.617688179,0.126168713,0.1251347512,0.6115353107,1.320771217,0.9849772453,0.6451695561,0.3540435135,0.2029563189
672,0.1323690861,0.07805728912,3.487711668,1.280282497,0.1962745041,0.2542164922,1.376797557,4.326381683,1.502993941,1.609619141,0.1206913665,0.1346545964,0.5956754684,1.334720969,1.001980901,0.6325998306,0.3606922626,0.1980166286
673,0.104690887,0.0799452588,3.600116968,1.243882298,0.1977947205,0.2808820307,1.627781987,5.663351536,1.788571715,1.70784235,0.1109158769,0.1569292843,0.5845615268,1.375471473,1.04400301,0.6194236875,0.4126608372,0.1949263364
674,0.1679899693,0.08527664095,3.634602308,1.193404078,0.1927766353,0.3097315133,1.339542389,5.07220602,1.691987038,1.765825748,0.1053526402,0.1800543666,0.5613093972,1.395363331,1.089427948,0.6056681275,0.4566237032,0.1931521446
675,0.137148723,0.1074122787,2.776742935,1.162930846,0.1980814487,0.320597738,1.166803241,3.709654808,1.443713188,1.20787847,0.1432143599,0.1454725116,0.554192245,1.251535773,0.9161502719,0.5987326503,0.2614274323,0.19940193
676,0.1844903678,0.09475793689,3.244074583,1.139278889,0.2063364387,0.349123925,1.115113616,4.386751175,1.6088835,1.55187273,0.1208259836,0.1877871305,0.5511212349,1.363487363,1.060082316,0.5894374251,0.401548475,0.2070630789
677,0.2129386663,0.09479240328,3.723702192,1.106290102,0.2095216513,0.3842426538,0.9511674047,4.612803459,1.679480672,1.919891953,0.1116069928,0.260163188,0.5388772488,1.478496671,1.214106202,0.5746042132,0.5864144564,0.20939219
678,0.1717918366,0.09959790856,3.281615496,1.077924013,0.2142184973,0.4037028849,0.8285395503,3.863517761,1.537034869,1.62289381,0.1220496073,0.2239759564,0.5300748348,1.39989531,1.129137158,0.5624458194,0.4567017555,0.212577939
679,0.1727517843,0.1086573079,2.968900681,1.068223953,0.2292692512,0.4252929986,0.8212313652,3.707280397,1.533491135,1.424408555,0.1411037892,0.2153106183,0.5370448232,1.36059916,1.07717824,0.5558611751,0.3865024149,0.2266207784
680,0.1961684674,0.1120341644,2.904088259,1.04840076,0.2384807616,0.4363063872,0.7677761912,3.646826506,1.537153244,1.405431628,0.1471462995,0.2264565825,0.5359347463,1.359054446,1.081450701,0.5467644334,0.3922912776,0.2345178872
681,0.2279067039,0.1505607218,2.292128325,1.028787613,0.2477540225,0.4211106598,0.5772045255,2.365716934,1.261404634,1.02208817,0.177510038,0.2035735846,0.5339874625,1.228021741,0.9358274341,0.5409191847,0.2712625265,0.2396453172
682,0.1859197766,0.1203535423,2.703682899,1.023542166,0.2630709708,0.4340677261,0.4969946444,2.554519415,1.320908904,1.318324685,0.1627643257,0.2405848652,0.5409932137,1.336688638,1.075806618,0.53371948,0.3830175102,0.2513673007
683,0.2244862467,0.09938246757,3.406033754,1.027684569,0.2833278179,0.4756925106,0.4522767961,3.110915422,1.479140878,1.834631324,0.1648945957,0.3499227762,0.5538156033,1.53099978,1.307379603,0.5234155059,0.6377316117,0.2677474022
684,0.2594664097,0.09623036534,3.65329361,1.030133843,0.2958658338,0.5203068256,0.5256804824,4.027629852,1.72919178,2.023550987,0.1807652861,0.4090808928,0.5635097027,1.621509552,1.398745179,0.510479033,0.7451190948,0.2826897204
685,0.1597643942,0.1314957887,2.490653753,1.023770213,0.3037346601,0.5154208541,0.6123376489,3.402771711,1.595123768,1.203906178,0.205725193,0.2668363154,0.5695889592,1.353137612,1.073882699,0.5048584342,0.36094293,0.2946593463
686,0.2062388659,0.1035213694,4.160634518,1.010971069,0.3164593279,0.5790403485,0.6889739633,6.37427187,2.364763498,2.469602585,0.2259113938,0.5758677721,0.5731595159,1.790367126,1.575420856,0.4876323938,1.049379468,0.3113076985
687,0.2275924087,0.1023884788,3.227772474,1.005572438,0.3578141928,0.6207665205,0.4619802535,3.881327868,1.767382503,1.788019776,0.2367440909,0.4246860445,0.5940648913,1.5822258,1.366150498,0.482175976,0.6730945706,0.3388834
688,0.2095810324,0.1491021961,2.242946386,1.006549478,0.3766034842,0.6071929336,0.4516440332,2.827179193,1.512138486,1.106538653,0.265817076,0.3098176122,0.6083285213,1.338714004,1.083633304,0.4803582728,0.3664405644,0.3568230569
689,0.2421082705,0.1164287701,2.666891813,1.012745023,0.40217641,0.6259259582,0.4450571537,3.446226835,1.70211041,1.435196877,0.2793930471,0.3911310732,0.6279888749,1.473715186,1.242462397,0.4774776399,0.5295516849,0.3814564943
690,0.2538916767,0.1154387668,4.452941895,1.012745023,0.4292672575,0.7108048797,0.4161619842,5.593958378,2.310772181,2.844011068,0.3559640944,0.8291079998,0.6424667239,1.985889077,1.824599743,0.4584263265,1.408440232,0.4058618546
691,0.2225006372,0.1027871147,2.933356524,1.013130784,0.4735428393,0.7307140231,0.3126935661,2.642179728,1.522778153,1.670163631,0.3252656162,0.4884538651,0.6654931903,1.587651372,1.407582283,0.451067239,0.6791055799,0.4275794029
692,0.2219897062,0.1076326296,2.695201874,1.030300498,0.49066782,0.7432863116,0.3420436382,2.948524714,1.636376023,1.504390836,0.3466655314,0.4645661414,0.6856389642,1.544945717,1.344957948,0.4480035007,0.5979875326,0.4532761574
693,0.2385343313,0.1032358631,2.734507799,1.048166633,0.5241062641,0.7641765475,0.3412875235,2.971895933,1.671114802,1.556589127,0.3778068125,0.5040004849,0.7136874795,1.582717299,1.388319016,0.4468906224,0.6438716054,0.4837088287
694,0.2562443316,0.08718898147,3.419360876,1.06310463,0.5705974698,0.8139598966,0.3277030289,2.996502638,1.704719067,2.104874611,0.4276582301,0.6931191087,0.744345367,1.811573029,1.661059737,0.4381624162,0.9893752933,0.5133187771
695,0.2605983019,0.08945202827,3.965953112,1.082915902,0.6086427569,0.8822544217,0.3336937428,3.269356966,1.815931916,2.543177843,0.4823910296,0.860537231,0.7725090981,2.004971743,1.88065958,0.4244933128,1.281502604,0.5433803797
696,0.2222700566,0.0929672718,4.269281387,1.104312062,0.605507195,0.9583252072,0.3477391005,5.583455563,2.533423424,2.782073975,0.5278909206,0.9617832303,0.7843685746,2.129404068,1.977199674,0.4087409973,1.440354347,0.5746672153
697,0.1599395573,0.08177989721,3.05704236,1.112962961,0.6675069928,0.9744628072,0.3367367685,2.822649717,1.725604653,1.84140718,0.4951811731,0.6639083028,0.8207053542,1.78156662,1.629477024,0.4038370848,0.8389088511,0.6038057208
698,0.2063357085,0.08256369084,2.890427351,1.147159934,0.6701542735,0.9954027534,0.3660294116,4.43889761,2.265653372,1.727709413,0.5283765793,0.6554835439,0.8439071774,1.763028145,1.570962548,0.407892853,0.7839972377,0.6453714967
699,0.2257885933,0.0935510993,2.552932024,1.163466573,0.7035915256,0.9955153465,0.3759842813,4.240478039,2.233850241,1.511358261,0.5598820448,0.624481976,0.8737437129,1.672519326,1.47488749,0.4120239913,0.6873497963,0.6804685593
700,0.2440801859,0.143673867,1.886431694,1.178932905,0.7666742206,0.9562754631,0.3858923018,2.206758499,1.587810159,1.063450933,0.5892879963,0.5321760774,0.9162726998,1.452433944,1.261996627,0.4214802682,0.4815484583,0.7089208961
701,0.2346456796,0.08202659339,3.906308413,1.212696075,0.8120324016,1.047908187,0.3902899325,4.700781345,2.446653128,2.687965631,0.7386415601,1.139638782,0.9569856524,2.172779083,2.042273521,0.4146696031,1.551753521,0.7564790845
702,0.2054068595,0.09359756857,2.320559502,1.243381023,0.8420370221,1.048362136,0.4006993473,3.304279327,2.025685072,1.428878188,0.6836226583,0.6981034875,0.9906182289,1.662040353,1.485804558,0.4238494337,0.7114429474,0.7956789136
703,0.3079420328,0.07108988613,2.800253868,1.276224136,0.907032311,1.088655353,0.4527650774,3.368658066,2.080239534,1.84609127,0.7631912827,0.8908688426,1.041701794,1.862264633,1.715812683,0.4299912751,1.012483954,0.8423752785
704,0.3115999103,0.06910323352,2.726017714,1.302676678,0.9508879185,1.114363432,0.4914474785,3.122285843,2.020528078,1.813036919,0.8007722497,0.9096204638,1.078594685,1.858540893,1.718233705,0.4309194982,1.011752963,0.8784325719
705,0.2461125404,0.0691492781,3.590775728,1.342456818,0.98615098,1.198366523,0.4645709097,4.811955452,2.633398056,2.552629232,0.9201937318,1.248548746,1.117809415,2.199261189,2.068228006,0.4286473989,1.568729758,0.9295482635
706,0.2687381506,0.09552037716,2.019690752,1.368741155,1.037722111,1.17242527,0.5506640077,2.404881239,1.810592055,1.296499372,0.8502405286,0.7738287449,1.158884525,1.637104988,1.486339927,0.4383526742,0.7084067464,0.9609680176
707,0.308803618,0.06948815286,3.714855909,1.42172873,1.110839128,1.277610779,0.6141526103,4.059851646,2.455472231,2.728051901,1.047353029,1.414574265,1.222449183,2.311963081,2.207248449,0.4408830106,1.768640161,1.0240134
708,0.2869050205,0.07764175534,3.994269609,1.472157478,1.149100423,1.388157248,0.5518963337,5.314191818,2.933229446,2.977852821,1.132076621,1.560965657,1.267963886,2.454588175,2.340027809,0.4387156963,1.974460959,1.084993243
709,0.1883155555,0.05611907318,2.507954121,1.506519318,1.216962218,1.393298745,0.6802256703,2.888695955,2.096426249,1.743110776,1.040252805,1.04903996,1.320810199,1.92524004,1.803349376,0.4475382268,1.05675602,1.127128959
710,0.2488271147,0.06168518588,2.229633331,1.541556835,1.207798362,1.37926209,0.5479621291,3.904191971,2.503726006,1.542430401,1.065587163,0.9964669347,1.336414337,1.832622409,1.678661704,0.4580357969,0.9376859069,1.163827538
711,0.2739281058,0.05540190637,2.261503458,1.574575543,1.241617799,1.383041978,0.552654922,4.387925625,2.708611727,1.616423607,1.132031798,1.077895045,1.373234153,1.866973519,1.712701201,0.4702081978,1.031727791,1.205947876
712,0.2890876234,0.04730529711,2.543063164,1.612084866,1.338828921,1.422683358,0.7438898683,3.563388109,2.435549974,1.906626582,1.232774734,1.268171191,1.443508744,2.010198832,1.891851425,0.4822092056,1.299065709,1.257958531
713,0.2610124052,0.04574296996,2.637295008,1.659897447,1.373806119,1.472381592,0.6977540851,4.3861413,2.780817747,2.020656586,1.308154583,1.36798346,1.48684442,2.079823732,1.95286262,0.4942462146,1.420293927,1.312939167
714,0.3286079764,0.04597017169,2.389618397,1.705636024,1.43623507,1.507454991,0.7708308101,3.925315142,2.643982172,1.846128106,1.351822495,1.334330082,1.543262839,2.003293991,1.882135272,0.5099272728,1.319385648,1.3669734
715,0.2451874018,0.04561369494,2.271360636,1.750464916,1.48661387,1.535122871,0.8087747693,3.894834518,2.665744543,1.783146262,1.407529354,1.352936625,1.592951298,1.977590561,1.85776484,0.5254734159,1.306897044,1.417845368
716,0.3708519936,0.04431578144,2.206970453,1.793293357,1.551162362,1.560704589,0.9251696467,3.494287252,2.538754463,1.768262506,1.46880877,1.395855427,1.648598671,1.973006129,1.864094734,0.5401399732,1.334802508,1.466280937
717,0.2747461498,0.05799995363,1.69892025,1.833708167,1.597288132,1.542640567,1.01454556,2.693336487,2.231103897,1.35828495,1.469894052,1.226373076,1.693144679,1.748962045,1.641571522,0.5595524907,1.033905625,1.504541993
718,0.3164182007,0.04028547555,2.238339901,1.883416533,1.649983048,1.588287711,1.058337808,3.535836458,2.615937233,1.877492547,1.608729005,1.55370152,1.745562196,2.036604166,1.932705522,0.5754347444,1.507650971,1.557889938
719,0.3498875201,0.04850709438,2.648375988,1.939117551,1.696593404,1.670918941,1.017254472,4.641281605,3.092951775,2.286028624,1.73976326,1.82633698,1.797907352,2.254387379,2.14477706,0.5888373256,1.900641799,1.62081039
720,0.3555981219,0.05382407829,2.707484961,1.994758606,1.803864837,1.759024501,1.29843533,3.731376648,2.769378424,2.377480745,1.827815652,1.932061791,1.881007195,2.313817263,2.23171258,0.602504015,2.021437883,1.68646431
721,0.3378333747,0.05182874203,2.604763508,2.064084291,1.844396114,1.844200134,1.166978478,4.507009506,3.128641844,2.304260015,1.888332725,1.937837005,1.936609268,2.306367159,2.207615614,0.6239629388,1.979774117,1.759837747
722,0.3195007741,0.04327706993,2.270827293,2.121226549,1.929761052,1.893574238,1.360624909,3.563233137,2.7786901,2.029069185,1.91462791,1.835070014,2.009311438,2.180374384,2.096555948,0.644677639,1.769428253,1.821369529
723,0.3480309546,0.03727773204,1.823126435,2.166622877,1.954371095,1.890714645,1.310274363,3.393443346,2.733350515,1.642965317,1.905434251,1.652646422,2.044882298,1.976274967,1.884460807,0.6634297371,1.452517152,1.863589883
724,0.3488334119,0.03674125299,1.731262565,2.211378098,2.001742125,1.888388038,1.398100495,3.226704836,2.686622858,1.597573757,1.960636735,1.677032948,2.091862917,1.948335648,1.859393954,0.6832383275,1.454396367,1.905226707
725,0.3452793658,0.09870442748,3.014652252,2.277780294,2.103174686,2.020389318,1.602910638,4.525744915,3.280589342,2.866054535,2.273543358,2.500486612,2.176912069,2.614424467,2.535554647,0.6962294579,2.694943666,1.982522011
726,0.3957116604,0.06524311751,2.474372387,2.343865871,2.222233534,2.102335691,2.013107061,2.879466057,2.602444649,2.364823341,2.249691963,2.244461298,2.270294905,2.395797968,2.346585512,0.7164607048,2.240131378,2.052472115
727,0.3610930443,0.06739666313,2.453475714,2.409759283,2.212090254,2.175312757,1.556159616,4.50211525,3.354756117,2.356017113,2.308036327,2.273323774,2.297839165,2.41907239,2.331191301,0.7363138795,2.244777918,2.119593382
728,0.365901202,0.03938964754,1.797198653,2.461834192,2.304414034,2.176716805,1.90869844,2.766054153,2.611026525,1.755455375,2.255628824,1.948468804,2.371120214,2.101400375,2.038588762,0.7601385713,1.708564162,2.168154001
729,0.3808842897,0.03581244871,1.52309227,2.506751776,2.301549911,2.146531582,1.71637392,3.109761,2.797846556,1.517676473,2.260394812,1.834742904,2.391541004,1.962779641,1.883127093,0.782984972,1.51160574,2.203650475
730,0.3711811006,0.04522794485,1.05862987,2.543263197,2.398706436,2.060740709,2.356183767,1.349040985,1.876416564,1.097545505,2.223680496,1.591036439,2.458642483,1.673088431,1.627586722,0.808971405,1.140439034,2.221332788
731,0.4173088074,0.04137290642,1.30132091,2.588840961,2.414624929,2.038333893,2.286315203,1.884917259,2.217824221,1.368430138,2.338777304,1.826345801,2.488410711,1.859819531,1.800145149,0.8371277452,1.44543457,2.257195711
732,0.4311086237,0.09612283111,2.305319071,2.651006222,2.492102385,2.13722086,2.460128784,2.900081635,2.773778915,2.406245947,2.626220703,2.572194815,2.558461666,2.46336627,2.397775173,0.8551889062,2.528341532,2.321542978
733,0.3803932965,0.05088156462,1.446861744,2.695581675,2.462262869,2.130850792,2.045239449,2.910911798,2.801950216,1.550498366,2.481841803,2.02072978,2.56435895,1.998388171,1.912822366,0.8789508939,1.6730299,2.357316732
734,0.2987985313,0.1178639904,2.310211658,2.761618853,2.610074997,2.237985849,2.705608368,2.761618853,2.761618853,2.466052055,2.762509584,2.704735518,2.672805071,2.519566059,2.457793474,0.9006860852,2.658064604,2.427459002
735,0.3624004424,0.07382743806,1.654675364,2.811637878,2.66229248,2.259476185,2.853485107,1.909385681,2.332271814,1.804707408,2.657155991,2.278077364,2.723637819,2.176281929,2.124463081,0.9241566658,1.987348914,2.471925497
736,0.3544805944,0.06526159495,1.298837781,2.854826689,2.743812561,2.235624552,3.371926546,1.045804262,1.788619637,1.451625824,2.614544868,2.051692009,2.785667181,1.970146537,1.940460801,0.9519948363,1.636592269,2.50471139
737,0.2920867503,0.07672040164,1.324540019,2.893528938,2.64157939,2.219216585,2.357079268,2.606950521,2.747934341,1.485666633,2.656332254,2.095747709,2.751694441,2.002984285,1.915910363,0.9794128537,1.682031989,2.537026405
738,0.3260965049,0.08312762529,1.242570996,2.932767153,2.702991486,2.197443247,2.707431078,1.997652411,2.436969757,1.434054852,2.69531846,2.104362011,2.801893234,1.965684414,1.890337586,1.002994895,1.671327949,2.561458826
739,0.212124303,0.09847269207,1.295333743,2.978319883,2.776643753,2.198887587,3.113620043,1.590343475,2.214596033,1.516389251,2.767360926,2.207880259,2.861310959,2.021089792,1.956418395,1.030727983,1.794848084,2.59578228
740,0.2678709924,0.2803242505,2.869155884,3.056971788,2.866416693,2.378075361,3.227688551,3.213637114,3.134728193,3.172591925,3.224931479,3.412208557,2.945795059,2.950888872,2.864930391,1.050658822,3.565614939,2.681809187
741,0.3003367484,0.1140611991,1.235826969,3.095427752,2.876965284,2.350049257,3.181779146,1.609014034,2.276001692,1.461750627,2.837597609,2.207040548,2.969150782,2.028319597,1.959265113,1.077635646,1.748524308,2.707990646
742,0.2763695419,0.2247234583,2.162621737,3.158247709,2.929486036,2.450577497,3.169785261,2.814261436,2.983336687,2.456990242,3.144458055,2.973430634,3.026672125,2.623913765,2.531370878,1.101631284,2.839306116,2.771846771
743,0.3097545207,0.2025941759,1.848583102,3.211828232,2.960435152,2.50517869,3.092898607,2.715817451,2.957735777,2.13568306,3.109190226,2.769330978,3.068402052,2.467394114,2.371074677,1.125867128,2.509280682,2.821741104
744,0.2356856316,0.1643982083,1.357193351,3.252243042,2.998773336,2.489488125,3.260531187,1.953360558,2.553489923,1.630434036,3.014927149,2.421812534,3.107121468,2.176831245,2.091289759,1.150427699,1.987381935,2.848865509
745,0.2337037176,0.2828362584,2.149578333,3.314552307,3.081418276,2.586971521,3.511064291,2.587218523,2.937882185,2.491124868,3.297229767,3.098481894,3.179900408,2.687735558,2.594301701,1.175224662,2.944022179,2.911725283
746,0.2688176632,0.2410392165,1.717009187,3.361986876,3.122415781,2.619183302,3.58839035,2.087403297,2.680569887,2.036623001,3.213335037,2.784075022,3.223803759,2.453753233,2.366115808,1.199127555,2.461304426,2.953338623
747,0.1906286031,0.2225600034,1.430095077,3.403730154,3.052261591,2.61195302,2.843503237,3.157872438,3.279504776,1.738926888,3.164254189,2.57956481,3.207110643,2.289101362,2.161673784,1.225608945,2.151404142,2.984190702
748,0.2659343779,0.319285512,1.952654719,3.455960035,3.204693556,2.681613922,3.749408722,2.346340895,2.870857239,2.332774162,3.390568972,3.083024979,3.311335564,2.637478113,2.539634466,1.247497678,2.848524094,3.033961058
749,0.2549422681,0.1789245158,0.7732322216,3.476059198,3.184814692,2.559808731,3.719933748,1.110638022,2.096100569,1.047403932,3.019888163,2.065735579,3.309190035,1.831986427,1.750915885,1.273781419,1.422584176,3.026552916
750,0.2310070843,0.3003182411,1.510016799,3.519499779,3.189370394,2.586756945,3.535963774,2.358290672,2.906476974,1.888306141,3.323759317,2.798432112,3.332163811,2.391745567,2.270466566,1.29899323,2.411266088,3.061727285
751,0.1785683036,0.2330542803,0.9006555676,3.545222998,3.219152212,2.514139414,3.856129646,1.26769793,2.239901781,1.226616621,3.141670227,2.280115366,3.358772278,1.969644189,1.869462013,1.323073745,1.685400128,3.062375784
752,0.1723822802,0.2707998753,0.9963843226,3.574860334,3.264646292,2.47680831,4.244207859,1.053482771,2.095023155,1.35266006,3.210906267,2.41628027,3.395749092,2.057585716,1.959208488,1.349651694,1.859943032,3.073830843
753,0.1775208712,0.282794416,0.9169993401,3.598089218,3.150383949,2.432062864,3.271613836,2.209284544,2.857004166,1.270596385,3.199328184,2.360630274,3.346603632,2.006440163,1.858461738,1.37603724,1.779678941,3.080318451
754,0.137035206,0.3295856714,1.057440639,3.628033876,3.203797579,2.420331955,3.689008474,1.903710961,2.689653158,1.458871841,3.29891777,2.564895868,3.388095856,2.127829552,1.981188893,1.396999002,2.046158552,3.090209723
755,0.1723898202,0.3643269539,1.115556359,3.659028053,3.244676352,2.425964594,3.974849701,1.679722309,2.564339399,1.542337537,3.354687929,2.664904118,3.423638344,2.18405652,2.037861109,1.418834329,2.174238205,3.105757952
756,0.1092980132,0.3243376017,0.7630975842,3.675881147,3.23079133,2.370550394,3.979301214,1.284087181,2.308490753,1.141670227,3.226093531,2.328828096,3.423345327,1.918189406,1.774458528,1.439036846,1.718220592,3.098295927
757,0.1560350209,0.2909203768,0.4220564663,3.681176186,3.240021944,2.249785423,4.42041254,0.5522176623,1.704298854,0.7326753736,3.06795001,1.946596742,3.428668976,1.597180009,1.473071098,1.459269881,1.231237769,3.066104889
758,0.1120118871,0.3039792478,0.3364645541,3.677322149,3.18050456,2.125893354,4.286737919,0.5522175431,1.702371597,0.6285392642,3.018054247,1.847085357,3.393681765,1.49887383,1.361227512,1.479277611,1.115847588,3.027784348
759,0.09818523377,0.3363895118,0.3672000468,3.675813675,3.100699663,2.032431841,3.923208237,0.8854443431,2.007990122,0.6823654771,3.042871475,1.925510049,3.34920311,1.541912436,1.372922301,1.497073174,1.217455268,2.993227005
760,0.1178632602,0.3505304158,0.2913437784,3.679973841,3.091473341,1.941061378,4.194718838,0.6095514894,1.76262188,0.5906828046,3.008614779,1.847334027,3.344036102,1.453190207,1.284656525,1.519185185,1.124576449,2.960186958
761,0.100283958,0.4206175804,0.4957493544,3.688378572,3.065940142,1.917483807,4.143386364,0.9680030942,2.080046177,0.8824189305,3.147224426,2.186147451,3.333450079,1.693493843,1.491351008,1.538517594,1.552007079,2.945967913
762,0.1094074249,0.4392043054,0.4713064134,3.693711519,3.016064882,1.891758323,3.90196538,1.191748619,2.250777006,0.8566162586,3.136068344,2.173580885,3.308440924,1.673107505,1.450979233,1.554593086,1.541286826,2.926980257
763,0.0947740674,0.5096647143,0.6593586802,3.708671808,3.051082611,1.911517024,4.299563885,1.101049304,2.191295385,1.111053586,3.251104116,2.449436188,3.333438873,1.856362343,1.623987794,1.571097732,1.904278159,2.924490213
764,0.1054398119,0.4127598107,0.2115896493,3.697451353,2.950098038,1.815117836,3.848624468,0.8107483387,1.955814481,0.4861142933,2.945321083,1.771148086,3.272587538,1.359875083,1.137998462,1.582425117,1.057749629,2.87498188
765,0.1001188979,0.4741032422,0.3422489166,3.697919846,2.916701555,1.77737391,3.851668119,1.099542499,2.185165644,0.6920496821,3.050424337,2.039242506,3.253653765,1.53850162,1.283378005,1.593569398,1.393725753,2.844008446
766,0.1235390678,0.4942910373,0.3457582891,3.694299698,2.937197924,1.74305284,4.413471699,0.6565747857,1.815232635,0.6951325536,3.040352583,2.053916931,3.261889696,1.539327502,1.287139416,1.599748969,1.424502373,2.808195829
767,0.1031687632,0.5393740535,0.4299554825,3.684496164,2.898919106,1.729653955,4.377081394,0.7784560323,1.919935226,0.8051744103,3.065853834,2.170083523,3.236722231,1.626454949,1.352161407,1.60327816,1.589422226,2.776593924
768,0.09842591733,0.5023691654,0.2850782573,3.668570518,2.853224993,1.675062776,4.427803516,0.5403472781,1.676499844,0.5690045953,2.910610437,1.884144425,3.204259634,1.439007759,1.16780901,1.605228901,1.251764655,2.728139162
769,0.1021651551,0.5006391406,0.248615697,3.650416374,2.802945375,1.612933755,4.454244137,0.4675410688,1.574287415,0.4889141023,2.82951355,1.771682143,3.168175459,1.367988229,1.088458419,1.608245254,1.135478854,2.677725554
770,0.09460557252,0.5179870725,0.2587693632,3.631571531,2.69524169,1.558804154,3.883751869,0.7956003547,1.902045131,0.4858244359,2.791493654,1.756559372,3.100978136,1.365771294,1.053844571,1.611261487,1.136829495,2.629270554
771,0.0881768465,0.4866074026,0.1965228319,3.615751266,2.665196896,1.475876212,4.188091278,0.4623645842,1.528972149,0.3275241554,2.654617071,1.522137642,3.075817823,1.204321623,0.9010680318,1.614001751,0.8824589849,2.569103956
772,0.08208862692,0.4700716734,0.1987244338,3.590991259,2.616196632,1.372757792,4.462732792,0.3587982655,1.248578429,0.2368243188,2.525895357,1.334906936,3.036345243,1.084708333,0.7823736072,1.612759233,0.7011321187,2.494285107
773,0.0884860754,0.5589170456,0.2892402112,3.568676949,2.536634684,1.340162635,4.161822796,0.5882995725,1.634680152,0.4436566532,2.645390272,1.664707661,2.98310113,1.324201703,0.9679691792,1.612537265,1.092338204,2.444734097
774,0.1101092026,0.6319841146,0.4047307074,3.554052353,2.475593567,1.342346191,3.921687841,0.8801373839,1.918809533,0.6112636924,2.704120636,1.865282416,2.94360733,1.475687146,1.081412673,1.612465262,1.356872559,2.407478571
775,0.1108774319,0.48123613,0.3316917121,3.534479856,2.390200853,1.240478396,3.848377943,0.5283569694,1.441259384,0.2309765369,2.320348024,1.165559649,2.886686325,1.050481319,0.6913496852,1.609314442,0.5994103551,2.327674389
776,0.07911845297,0.6049776077,0.4037249982,3.521336794,2.30344224,1.225426555,3.418444872,1.068539143,2.046793222,0.4665142,2.503443956,1.604705215,2.833067656,1.355506301,0.9227383137,1.609143853,1.095958352,2.282413244
777,0.1172719672,0.7143813968,0.5517385602,3.514801025,2.308409214,1.254981875,3.707263947,1.131687522,2.092713356,0.7139792442,2.638076544,1.937420845,2.832886457,1.570585251,1.106565833,1.609156013,1.513070583,2.2580688
778,0.07041707635,0.5628162026,0.4746263027,3.50453496,2.291453362,1.209958076,4.100104809,0.6459517479,1.485084176,0.3760429621,2.313247919,1.354337573,2.81862545,1.259819865,0.8339335322,1.609796166,0.8591478467,2.20316124
779,0.07870911062,0.512831986,0.5892131925,3.487965584,2.229346037,1.136755943,4.159798145,0.7158314586,1.312906384,0.3281385303,2.128965616,1.097864151,2.776809454,1.150326133,0.7262555957,1.610088944,0.6294109225,2.13531971
780,0.07636616379,0.5669535995,0.6289046407,3.469306946,2.103286743,1.097016692,3.376210451,0.9130434394,1.786449432,0.3989070654,2.150656462,1.220157981,2.699189186,1.266273141,0.7912942767,1.610837579,0.7756645083,2.080609798
781,0.07990626246,0.6264296174,0.6827938557,3.46105957,2.151637316,1.084829569,4.376386642,0.840097487,1.424262166,0.4881222248,2.198211193,1.373089671,2.722169161,1.387468457,0.8993970752,1.611204743,0.9571490288,2.038297892
782,0.0540507324,0.5917702317,0.7566364408,3.433778763,2.051474333,1.054443002,3.791875839,0.8971703649,1.575315475,0.459859699,2.061534643,1.203850389,2.655706644,1.334105849,0.8345020413,1.610491276,0.8061302304,1.988791466
783,0.05842705444,0.4627791345,1.087362885,3.411319971,1.913446784,0.9654330611,3.101236343,0.9738399982,1.602420807,0.4894987643,1.760219216,0.7796751857,2.567453384,1.142843604,0.6636794209,1.605239868,0.4693089724,1.910673738
784,0.08469323069,0.5329350829,0.9873207211,3.398208618,1.884919763,0.9259758592,3.365245819,1.026862025,1.649715781,0.4842574596,1.857928276,0.991704464,2.544704437,1.291427255,0.7638778687,1.601671576,0.6489309669,1.854933262
785,0.07723888755,0.4817046821,1.229829669,3.389544249,1.904184699,0.8791030049,4.327148914,1.585054517,1.28101027,0.5569658875,1.712217689,0.8276349902,2.55116868,1.26247704,0.7460096478,1.600133419,0.5437692404,1.793188572
786,0.08992753178,0.5764517784,1.153244138,3.369299173,1.792807579,0.8772156835,3.427589655,1.204740047,1.687602997,0.5866751075,1.792247891,1.029637218,2.481680155,1.421837807,0.8489897847,1.605358124,0.7353499532,1.754616737
787,0.07006568462,0.5874342322,1.26674819,3.367400408,1.74238503,0.8800264001,3.223363161,1.289497733,1.80107367,0.6458399892,1.751195312,1.026115537,2.452906609,1.482848763,0.8890085816,1.611501575,0.7584271431,1.719770551
788,0.06350881606,0.5067801476,1.548086166,3.35650444,1.691208243,0.8523211479,3.193698883,1.419183373,1.711775899,0.7325716019,1.581370354,0.8269534707,2.418650866,1.445663333,0.8623500466,1.609116673,0.6247702241,1.668321252
789,0.06102717295,0.4554058313,1.867814541,3.350982666,1.664437294,0.8212987781,3.517735243,1.853144288,1.597488999,0.8781506419,1.4525038,0.7097532153,2.400626659,1.46419394,0.8829061389,1.607497811,0.5864489675,1.613306046
790,0.05672606826,0.5329506993,1.779243946,3.351907492,1.649229407,0.8316467404,3.714961052,1.977006555,1.683800101,0.8625428677,1.523087382,0.8641106486,2.393627644,1.603859305,0.9779536128,1.616805434,0.7064705491,1.583144784
791,0.05254877731,0.5876960158,1.746186256,3.330835342,1.62217617,0.8396818042,3.767438889,2.037340879,1.738767266,0.8752892017,1.546246171,0.9539945722,2.370755434,1.68763864,1.035840869,1.617425323,0.792008698,1.552433014
792,0.06278876215,0.6279168725,1.801912665,3.320245504,1.55691278,0.8644544482,3.120559692,1.790726662,1.956069589,0.9296693206,1.535639286,0.9947542548,2.330779314,1.765868187,1.091453552,1.625937104,0.8492947221,1.534162164
793,0.05709393322,0.5565491319,2.127774,3.327924967,1.524713516,0.8801133037,2.968633652,1.975453258,1.985454917,1.075158954,1.395739913,0.8539528251,2.316215754,1.796710968,1.129959106,1.635485053,0.7815267444,1.511613488
794,0.04855582118,0.3915158808,3.033287048,3.332079649,1.462589741,0.8614436984,2.752198935,2.460384607,1.974108338,1.580190063,1.120121479,0.6118677258,2.280754328,1.830249429,1.209193826,1.633362412,0.7946696877,1.461942792
795,0.05078284442,0.4079618156,3.037081957,3.333940506,1.39474237,0.8583480716,2.3532269,2.19477272,2.146209478,1.563399315,1.132807851,0.6614926457,2.240061522,1.925199151,1.273789763,1.630065918,0.8089082837,1.419960141
796,0.05810989067,0.3635717332,3.400678873,3.331135511,1.41725862,0.8497325778,3.334981203,3.679416656,2.09313035,1.762225986,1.059657216,0.6352134347,2.251964808,2.00773263,1.344307303,1.619726777,0.8557408452,1.371464252
797,0.04758347943,0.4003894329,3.276632071,3.314048052,1.334792495,0.8661703467,2.50075531,2.596088648,2.208148241,1.684093952,1.085708022,0.6948754191,2.195235968,2.08125186,1.394949913,1.617622018,0.8604415059,1.341126084
798,0.05773459747,0.3275431097,4.050800323,3.344521523,1.327236772,0.902888298,2.703846931,3.503380775,2.295466423,2.167344093,0.9621886611,0.6599926353,2.203147888,2.24244523,1.568561196,1.622788072,1.017486215,1.31733954
799,0.04711189494,0.31367293,4.301429272,3.349452019,1.295250773,0.9347260594,2.613508701,3.674884558,2.396398783,2.315093279,0.9335143566,0.6842525601,2.184770346,2.359556437,1.673848748,1.618861794,1.078365207,1.288208842
800,0.05015844479,0.3920316398,3.812586546,3.357280016,1.304033875,0.9745206833,2.938616514,3.911887169,2.493311644,1.981248498,1.044089437,0.7805643082,2.194416285,2.416972637,1.666125417,1.62194407,0.994667232,1.278105021
801,0.05516961217,0.3550900221,4.358960629,3.383063555,1.272517085,1.044681668,2.199727774,3.267552137,2.598991156,2.343341589,0.9716823101,0.7865569592,2.183833361,2.578240156,1.852407813,1.638862133,1.130689502,1.285290122
802,0.0592341125,0.3276431262,4.804803848,3.421305418,1.308965325,1.108915925,2.885195732,5.037425518,2.831447601,2.619562149,0.9388081431,0.8184383512,2.223869562,2.746784449,1.997523427,1.647333145,1.242081285,1.285976887
803,0.05047241971,0.281131506,5.546248913,3.430466413,1.304264665,1.180188417,2.897001982,6.076456547,3.072891235,3.136489153,0.8603253961,0.8633880615,2.224553347,2.942057848,2.211535215,1.649362683,1.47951746,1.281576872
804,0.05195716023,0.32299155,5.347963333,3.450367689,1.295097589,1.263781548,2.28016758,4.508222103,2.986715317,2.996399641,0.9177725911,0.9170756936,2.224144697,3.02752614,2.284678221,1.662471414,1.435266495,1.296991944
805,0.04782913998,0.3112735748,5.679168224,3.484665155,1.304966092,1.343942165,2.139010668,4.525593281,3.094496012,3.210756063,0.9137527347,0.970346272,2.241670847,3.189371347,2.444930315,1.670276523,1.536604047,1.310275435
806,0.04495785758,0.3085980713,5.963777065,3.533171415,1.331642509,1.435344815,2.148223877,4.857787609,3.25015831,3.388710737,0.9286987185,1.031652808,2.276261806,3.359578133,2.601504087,1.683607578,1.623053074,1.334807992
807,0.04604466259,0.2728665173,6.492942333,3.547962189,1.339054942,1.505477905,2.22928977,5.683795452,3.448816061,3.744548559,0.8958402276,1.086515903,2.285267115,3.536010504,2.783019781,1.677433014,1.785958648,1.3385185
808,0.04320720211,0.2495226413,7.018936634,3.574744463,1.356579781,1.600166678,2.219622374,6.297891617,3.6496315,4.10902977,0.8831198812,1.166023374,2.304535866,3.735155106,2.989014864,1.677436471,1.969646454,1.355644703
809,0.04857708141,0.2351887226,7.325328827,3.581233025,1.364414215,1.682914138,2.095448732,6.316842556,3.729529381,4.315555096,0.8819209933,1.222918034,2.307687521,3.876209259,3.139582396,1.668041229,2.069561005,1.364654422
810,0.04658930004,0.2132567912,7.876924038,3.600355387,1.381510615,1.783546805,2.020648241,6.692099094,3.886627913,4.701726437,0.8755583167,1.315030694,2.321487665,4.080621719,3.360156059,1.66008389,2.269440413,1.381627679
811,0.04371988401,0.2081933022,8.018042564,3.618365526,1.402290344,1.879599929,1.969620824,6.80190134,3.990624666,4.77796936,0.8978614807,1.358230948,2.337346792,4.201968193,3.477377653,1.651697278,2.294145823,1.40194118
812,0.04600547627,0.2065721303,8.082964897,3.632269621,1.427401185,1.966116905,1.78692615,6.148136139,3.933175087,4.801439762,0.923119545,1.390797257,2.351274252,4.299786091,3.584329367,1.642470241,2.290436983,1.423972011
813,0.05335322022,0.1880467683,8.586062431,3.640722275,1.439799905,2.048306465,1.911183715,7.46560812,4.266478539,5.144612312,0.9196655154,1.471206069,2.360909462,4.482340336,3.765083075,1.62562716,2.457070827,1.439356446
814,0.05905837193,0.1835087687,8.781710625,3.645357132,1.459865928,2.136276484,1.977817416,8.345738411,4.525768757,5.273910046,0.9382573962,1.523289323,2.373098373,4.599582195,3.876152754,1.611438155,2.515317202,1.462832808
815,0.0549684763,0.1822593212,9.019659996,3.656149626,1.494414687,2.238149405,1.95035708,8.775240898,4.701936245,5.449981213,0.9658092856,1.597231507,2.395324707,4.735572338,4.019207954,1.602526307,2.613130808,1.498816133
816,0.05482172966,0.1811259985,9.297013283,3.661863327,1.532102942,2.34007144,1.872635841,8.930268288,4.811698914,5.662084103,0.9934828877,1.681303024,2.416053772,4.876207352,4.177669048,1.591183186,2.735684156,1.535639405
817,0.05910465121,0.1745020598,10.55339336,3.680047274,1.583064437,2.492286921,1.754990101,9.635668755,5.069356441,6.632507324,1.015192509,1.961326122,2.446570635,5.270611286,4.637161255,1.576787591,3.330574036,1.582008958
818,0.05630737916,0.1752320975,10.3325882,3.696219206,1.63808763,2.616911173,1.633164763,8.675217628,4.912611485,6.43708086,1.063016415,1.945354104,2.477783918,5.302826405,4.678752422,1.562076688,3.185784101,1.627622962
819,0.06046364084,0.1831375808,9.797142029,3.713418961,1.68392837,2.69848752,1.597941041,8.170175552,4.851242065,5.998168945,1.111544371,1.86260128,2.507725954,5.244050503,4.598209381,1.549403548,2.892150879,1.671195507
820,0.06394317746,0.1864979416,10.07549953,3.716643095,1.690361619,2.770115137,1.790408731,10.85240078,5.588353634,6.202347279,1.13962698,1.938284874,2.517860174,5.37272501,4.696839809,1.530558586,2.999774218,1.707265854
821,0.07085392624,0.1941395402,10.44639587,3.701514244,1.74550724,2.861392021,1.64789927,10.4087677,5.526576996,6.521008015,1.179199696,2.067322016,2.537848234,5.519575119,4.893321991,1.511839867,3.21116066,1.75071919
822,0.07215601951,0.2034211159,11.10320759,3.709438562,1.803277493,2.987767458,1.599020362,11.0753212,5.773477077,7.049598694,1.232580185,2.261874199,2.570675611,5.764264584,5.177316666,1.494544387,3.551631689,1.807055831
823,0.07851725817,0.2112448364,11.10128403,3.717219353,1.88174355,3.103204012,1.491819978,9.902732849,5.523288727,7.057441711,1.288104415,2.309384346,2.611289024,5.832604885,5.284119129,1.477555156,3.556560516,1.865117669
824,0.07477401942,0.2212225795,11.25545025,3.726680517,1.94645083,3.205535889,1.446277022,9.538710594,5.478563786,7.174542904,1.338045716,2.378287315,2.646047354,5.937828064,5.418338776,1.45663631,3.619633675,1.918394685
825,0.08454075456,0.2306246161,10.99256516,3.732023954,2.017657518,3.274685621,1.417657256,8.290186882,5.16790247,6.958471298,1.377485752,2.340298176,2.680557251,5.917453766,5.422857761,1.435215831,3.462003946,1.965713501
826,0.08653479815,0.2450163811,11.42208862,3.768801928,2.068798065,3.373689651,1.408239484,9.384480476,5.547861099,7.273480892,1.435714126,2.463774204,2.724737883,6.11636734,5.622663975,1.419961452,3.639603853,2.031100512
827,0.107051909,0.2737752795,12.13201237,3.775393724,2.076286316,3.477259874,1.424254775,12.50898457,6.492597103,7.830912113,1.497289777,2.669077158,2.736112595,6.372339725,5.866275311,1.393300056,3.989328146,2.084446907
828,0.09561547637,0.2726435959,11.51409149,3.792329073,2.191751957,3.569208384,1.379750133,10.05606365,5.846140385,7.36580801,1.554561973,2.575463295,2.800827026,6.260976315,5.790180206,1.381912112,3.69579196,2.158734322
829,0.1019637883,0.289019376,11.73181152,3.826285124,2.225024939,3.663338661,1.382283211,12.44240856,6.620586395,7.545564175,1.627177835,2.678189278,2.839989901,6.397618771,5.898332119,1.369833589,3.811873674,2.234830618
830,0.1038393378,0.319003433,12.32254887,3.822502851,2.325360537,3.768944502,1.350660801,11.63708115,6.429453373,8.064486504,1.716713786,2.911975622,2.887942553,6.620153904,6.198554516,1.346846581,4.185575485,2.301527262
831,0.1202185377,0.3231173754,11.9909668,3.845658064,2.424546003,3.859357834,1.36687851,10.49113083,6.139614105,7.815287113,1.775808692,2.875439405,2.948727846,6.58335495,6.185798168,1.33118999,4.022041798,2.376900911
832,0.1163993478,0.3564144075,12.54129791,3.865881681,2.496782303,3.96246171,1.358015418,11.10081482,6.380221844,8.269966125,1.863788605,3.077346087,2.995265961,6.808214664,6.444375515,1.308815479,4.32972908,2.448454857
833,0.1168035641,0.3784621954,12.54510403,3.871254683,2.562399387,4.043914318,1.35181272,11.0926466,6.416321278,8.286391258,1.923938751,3.122237444,3.031214476,6.85231781,6.509464741,1.282583237,4.338941097,2.510247231
834,0.1344168186,0.3716014624,11.95649433,3.92269206,2.650499105,4.124397755,1.354258418,10.88584995,6.423614502,7.821630955,1.979357362,3.006165743,3.103414536,6.746334076,6.385368824,1.277787209,4.024086475,2.603090525
835,0.1290573627,0.4257993698,12.81513214,3.932687759,2.629537821,4.214226723,1.23640728,15.70742035,7.98027277,8.547641754,2.093269348,3.321939468,3.106536865,7.060714722,6.667030811,1.252458692,4.536529064,2.671802759
836,0.1375168115,0.4528973103,12.92564392,3.903695345,2.797680616,4.306841373,1.358008981,11.88020802,6.801396847,8.722893715,2.19041276,3.469540358,3.175039291,7.118652344,6.855000019,1.223780036,4.718392849,2.737582922
837,0.1525140852,0.4539094865,12.52919769,3.921369553,2.806599379,4.380849361,1.22434938,14.13957977,7.575212002,8.420844078,2.238444567,3.400655031,3.195008039,7.038081646,6.724535465,1.201270223,4.513442516,2.810278893
838,0.1503819525,0.4844849408,12.76961994,3.917135954,2.902379036,4.469142437,1.24823308,13.81850433,7.512153625,8.68718338,2.347050905,3.580192327,3.244410515,7.150899887,6.891491413,1.176013827,4.750186443,2.884196043
839,0.1405497789,0.4831561148,12.43739414,3.928513765,3.018413544,4.54435873,1.335005641,12.36784077,7.082548141,8.470796585,2.415982246,3.564440966,3.310347319,7.084401608,6.868615627,1.155314326,4.635463238,2.963002205
840,0.1399066895,0.4789564312,12.08560658,3.961962938,3.047194481,4.607019424,1.203184128,14.32337189,7.787002563,8.224052429,2.48208642,3.529163361,3.348747015,7.020654202,6.764512539,1.141533732,4.488763809,3.049062967
841,0.1602175683,0.5315006375,12.76442719,3.968880415,3.165138245,4.708479404,1.274419785,14.16479397,7.780149937,8.867390633,2.646523714,3.882730484,3.415078163,7.288751125,7.106273651,1.118949056,5.016080379,3.134312868
842,0.1477076858,0.5093440413,12.07402802,3.971077681,3.258148909,4.753315449,1.343806624,12.86338711,7.376241207,8.359444618,2.679256678,3.741057634,3.466532469,7.082801342,6.924405575,1.095628619,4.693626881,3.202736139
843,0.172086522,0.5372300744,12.2586031,3.988618135,3.293432236,4.823514938,1.219875336,14.85757351,8.095237732,8.573821068,2.793733358,3.905270338,3.499458075,7.184940815,7.020139217,1.073893428,4.895774364,3.281921625
844,0.1643316895,0.5200224519,11.75121307,3.989747047,3.477179289,4.861055374,1.611812234,10.95384979,6.775846004,8.235874176,2.850642443,3.844693184,3.592787743,7.034655094,6.966272831,1.052337885,4.714952946,3.351988792
845,0.1610621959,0.5416296124,11.73807144,4.009918213,3.462759018,4.895625591,1.323024035,13.61038971,7.744524479,8.265660286,2.92875886,3.911776304,3.602247953,7.061944962,6.950219631,1.029521585,4.764122486,3.418672562
846,0.1555588096,0.5664120317,11.85942841,4.019281864,3.598012924,4.952114582,1.558167577,12.08156109,7.239961147,8.446376801,3.047926188,4.076159954,3.677062273,7.134206295,7.094398499,1.006759524,4.962576866,3.492334366
847,0.1487953663,0.5393390656,11.1983757,4.03657198,3.646999121,4.962147236,1.519301534,12.01526356,7.247552395,7.945142269,3.061561584,3.911738157,3.714717865,6.924053669,6.873558044,0.9861915708,4.629609585,3.555083036
848,0.1538689882,0.5958822966,11.62132931,4.041838646,3.718050003,5.003326416,1.568367958,12.39183044,7.406373978,8.371909142,3.204439163,4.180960178,3.756443739,7.097885609,7.086648464,0.960439384,5.006156921,3.616779327
849,0.1813694686,0.6043452024,11.47286892,4.059331417,3.765449286,5.049512863,1.494629264,13.1142664,7.698930264,8.307574272,3.283386946,4.222246647,3.793680191,7.072210789,7.061711788,0.9375211596,5.007654667,3.686160088
850,0.1635572463,0.5377917886,10.3639946,4.062430382,3.80235672,5.014204025,1.470898032,12.45898724,7.482342243,7.446527958,3.235121489,3.88880372,3.81959343,6.674447536,6.648268223,0.9171268344,4.419823647,3.73221755
851,0.1484858096,0.5582691431,10.42777157,4.073580265,3.902420044,5.012723446,1.669051528,11.60651398,7.193263531,7.589057922,3.350362062,4.043856621,3.879426241,6.718967438,6.740215302,0.8979155421,4.605330944,3.789976835
852,0.1337299943,0.5253697038,9.792282104,4.085897923,4.000627995,4.972175121,1.948426843,9.775643349,6.518373013,7.123556137,3.353708982,3.889163971,3.937593699,6.49296999,6.546247005,0.8798895478,4.314216137,3.834881544
853,0.1366127729,0.5366587043,9.717999458,4.115734577,4.069650173,4.951266289,2.06152463,9.485216141,6.433030605,7.118505478,3.430156708,3.950704336,3.989865541,6.490646839,6.559693813,0.8650156856,4.361236095,3.889556885
854,0.1550375372,0.5566098094,9.615374565,4.128183842,4.09168148,4.917001724,2.018319607,9.84553051,6.589731693,7.089799881,3.489396334,3.994002581,4.010556698,6.463586807,6.530292511,0.8452184796,4.388996124,3.926182508
855,0.1332253367,0.5239117146,9.02301693,4.149363995,4.141120911,4.862604618,2.116071463,9.122851372,6.324567318,6.645573139,3.478268623,3.830650091,4.049084187,6.24772644,6.314290524,0.8301973343,4.101216793,3.964307547
856,0.135941878,0.6279763579,9.855110168,4.175875187,4.145093441,4.891494274,1.885220528,11.38727856,7.236623287,7.421272278,3.702526808,4.297514439,4.068545818,6.600214481,6.662604809,0.8110639453,4.762390614,4.020197392
857,0.1058692709,0.5701406002,9.080903053,4.19336462,4.188306808,4.869656086,1.920333505,10.74758434,7.010529041,6.825744629,3.667083025,4.060973644,4.10323,6.309806824,6.36776495,0.7945718765,4.361898422,4.06268549
858,0.1149979457,0.5027258992,8.265461922,4.222361088,4.192693233,4.812227726,1.773013115,11.02099609,7.145308018,6.19885397,3.624010086,3.80697155,4.125452042,6.000248432,6.025157928,0.7857463956,3.943384171,4.104700565
859,0.1087783948,0.5174488425,8.182395935,4.225643158,4.311453342,4.75305891,2.304325104,8.877684593,6.297504425,6.225240231,3.710947037,3.910366774,4.189764977,5.972119808,6.061006069,0.7696742415,4.058631897,4.127085209
860,0.1453801543,0.4201056063,7.022763729,4.247285843,4.277513027,4.627243519,2.09567523,8.815639496,6.289260864,5.288315773,3.564025164,3.45793438,4.188007832,5.494759083,5.532425404,0.761184454,3.382077456,4.13945961
861,0.1082069874,0.4046980441,6.64208746,4.257423878,4.270478249,4.493762493,2.095502615,8.73764801,6.267005444,5.046631813,3.571884155,3.398650169,4.193912506,5.334972858,5.359085083,0.7510914803,3.276339293,4.138887882
862,0.1063317284,0.2811293602,5.206727505,4.277739525,4.234399796,4.277585983,2.021983385,7.75049448,5.866577625,3.893707514,3.352516174,2.813214064,4.190504551,4.696788311,4.674977779,0.751288414,2.454971075,4.124458313
863,0.1246327087,0.2148646116,4.147680759,4.277596951,4.205005169,3.981758118,2.240125895,6.040498257,5.114922047,3.08577466,3.181251526,2.408515215,4.17927599,4.185189724,4.143096924,0.7477622032,1.923838973,4.060141087
864,0.1208259761,0.1771171242,3.487914324,4.288547039,4.157662868,3.696109056,2.338963747,5.259538174,4.759634495,2.606937647,3.090569735,2.184274197,4.163482666,3.852620363,3.783909559,0.749366343,1.637747884,4.002860546
865,0.1210606918,0.2118995935,3.731813669,4.299899578,4.109703541,3.49864459,2.35193944,5.810596943,5.022830009,2.899842501,3.225177526,2.440155268,4.147447109,3.980766296,3.894107819,0.7486774325,1.951101899,3.959851503
866,0.1429778337,0.2118727416,3.546341896,4.312963009,4.101985455,3.331384659,2.584995985,5.195175648,4.742398739,2.815834045,3.248445511,2.457051039,4.151931763,3.889515638,3.798601151,0.7488258481,1.96551609,3.921256781
867,0.116351299,0.2341499478,3.558859587,4.325217724,4.091192722,3.202845335,2.789100647,4.907127857,4.610985279,2.897443771,3.315613031,2.574330568,4.153850079,3.89976716,3.803818464,0.7471523285,2.109107018,3.886340141
868,0.1053796113,0.1492755264,2.437597036,4.3353405,3.962219238,2.987560987,2.421670914,4.720375061,4.52555275,1.961741805,3.030093431,1.99200058,4.094144344,3.292401075,3.137174606,0.750392437,1.398244858,3.8234303
869,0.09018307924,0.1188136116,1.861514211,4.344215393,3.849493027,2.753237486,2.233714342,4.68164587,4.511165619,1.518431306,2.899739504,1.735083222,4.041593075,2.948320389,2.751265764,0.7554784417,1.105796337,3.747754335
870,0.1046839952,0.08428881317,1.067481995,4.349978447,3.851232529,2.461289883,2.94975543,2.21376729,3.176837206,0.8769105077,2.653985262,1.289797783,4.044095516,2.405096054,2.222952843,0.7628755569,0.6450317502,3.644619703
871,0.1032625958,0.08933188766,0.8206128478,4.344791412,3.63919735,2.179347038,2.412374735,2.944235086,3.605286837,0.7006985545,2.563290358,1.173206329,3.930181503,2.206264257,1.957643867,0.7635421753,0.5473623276,3.518374681
872,0.1338407546,0.09430927038,0.6158187985,4.343224525,3.463320017,1.92802465,2.100568056,3.416787386,3.864121199,0.5564854741,2.493440151,1.082132339,3.836151123,2.022101641,1.724189639,0.7651934624,0.4741357267,3.394806862
873,0.08440613002,0.120984219,0.9364311099,4.348992825,3.462287903,1.800106525,2.624086142,3.136687994,3.714600325,0.9056188464,2.731641769,1.485843301,3.838158846,2.296756983,1.986783981,0.770126164,0.8599507213,3.31738925
874,0.1122765765,0.1149887368,0.2280599624,4.345178604,3.371816874,1.55601418,2.907560349,1.345773697,2.579069138,0.2327777594,2.277830601,0.769967556,3.78398633,1.53974247,1.250405312,0.7796573043,0.2429894805,3.1933496
875,0.1193566397,0.1383558959,0.1528927237,4.331851482,3.197001696,1.316956878,2.705275536,1.307597995,2.540782213,0.1514624208,2.154488325,0.6271705627,3.679167509,1.320496202,1.004857421,0.7838690281,0.1689299196,3.051398516
876,0.08379924297,0.1415029168,0.1692809612,4.326051712,3.050084352,1.145157576,2.508262157,1.665662289,2.803903818,0.165206477,2.193240881,0.6940479875,3.592306852,1.317803383,0.9663850665,0.7957566381,0.2035170346,2.937175751
877,0.1096719801,0.1416491419,0.2128030658,4.323643208,2.96689105,1.030062795,2.669049025,1.745479107,2.858060837,0.221220538,2.295495987,0.8576845527,3.542279005,1.407589555,1.022147298,0.8034206033,0.310179621,2.836410522
878,0.1035644934,0.1522738338,0.2232584953,4.319742203,2.941863775,0.9382100701,3.265269041,1.112439156,2.370150328,0.2211172432,2.30090785,0.8866288662,3.522694588,1.377521157,0.9875532985,0.8105804324,0.3347771168,2.742133379
879,0.1056920663,0.1646536291,0.2319028527,4.305167675,2.785859346,0.851289928,2.867334366,1.452899933,2.636831999,0.2003607005,2.246325254,0.8468797803,3.426529169,1.309225082,0.8856877685,0.8126727939,0.313382417,2.639923334
880,0.1048395708,0.1921945363,0.348469764,4.306856155,2.753264189,0.8367042542,3.111792803,1.749073625,2.85146451,0.3957985938,2.491485834,1.247359872,3.406504869,1.579951644,1.104453087,0.8211205602,0.6593604088,2.583754778
881,0.1072732806,0.2068047523,0.3567287028,4.297941208,2.625353575,0.7451794147,2.792865038,1.121231079,2.363645554,0.171701625,2.044941902,0.5975064039,3.324330091,1.020995498,0.6107462049,0.8449494243,0.1659522206,2.501825094
882,0.1237434521,0.2656259835,0.6952342987,4.277122498,2.490836382,0.6142129898,2.763908386,0.8025898337,2.021161795,0.3164136708,1.835125327,0.3754778206,3.231495619,0.7879808545,0.4084802568,0.8508871198,0.1184067354,2.37410903
883,0.1071335748,0.2884264886,0.9183799624,4.254772186,2.376041651,0.4968369007,3.013664484,0.6715412736,1.767205358,0.4106856883,1.764091134,0.3345835209,3.149292231,0.7412264347,0.3529720306,0.8464292884,0.1250524968,2.232553244
884,0.1108059362,0.2355092317,0.5772585869,4.237981796,2.3013556,0.4570646286,3.209983826,0.8857833743,2.06879878,0.2171192914,2.012801409,0.6632617712,3.094633818,0.9944491386,0.5112573504,0.847458899,0.2119983584,2.140686035
885,0.1222475767,0.268283695,0.9202105999,4.210844994,2.160431385,0.3989824951,2.886410475,0.858451426,2.00727272,0.3453913629,1.815899253,0.452142328,2.995116472,0.8338756561,0.3767384589,0.8499625325,0.1255492717,2.038474321
886,0.159523204,0.379704833,1.882416725,4.176229477,1.99279654,0.3050864637,2.66968751,0.7362400889,1.677868843,0.8934137225,1.512874246,0.1973199397,2.873335838,0.6418408751,0.2611486614,0.8423317075,0.2168025523,1.895244956
887,0.1234253868,0.2746261954,1.042863011,4.167044163,1.922974586,0.2944188118,2.610530138,1.160537004,2.303586006,0.3456253111,1.85688746,0.5589005947,2.82167244,0.8853363991,0.369209379,0.8598297238,0.1666156054,1.835942626
888,0.1172783896,0.3721778691,2.019668818,4.144739628,1.859168649,0.2553334832,2.852483749,0.7528739572,1.659814954,0.8613317609,1.578466773,0.2723979652,2.763698578,0.6919970512,0.285518229,0.8802871704,0.1645203978,1.751346588
889,0.1269995421,0.4236846864,2.599796057,4.107134342,1.808147788,0.2099605203,3.501722336,1.007070422,1.22924459,1.172253251,1.485529542,0.2225014567,2.706846952,0.6696113944,0.2951099575,0.8851051331,0.2336031348,1.643415451
890,0.1059638187,0.3691910207,2.302587986,4.060498714,1.696338177,0.1872627735,3.306293488,0.8589406013,1.418728709,0.9214861989,1.559676051,0.3038038015,2.611184835,0.727289021,0.3018628359,0.8895478249,0.1495644301,1.554294586
891,0.08516890556,0.3363307714,2.105848551,4.023757458,1.616630912,0.1755378246,3.384271383,0.8728086352,1.49125576,0.753744781,1.613382339,0.3909622133,2.541620493,0.7973335385,0.3180486262,0.88701123,0.1297216564,1.471741199
892,0.08214456588,0.3036107123,1.436444759,3.998993635,1.549232125,0.1847835034,3.16450429,0.9676744938,1.955958724,0.4027033746,1.860659599,0.7414383292,2.486887932,0.9719961286,0.3694283664,0.8899231553,0.2967365086,1.426946282
893,0.08197911829,0.3422031403,2.475064278,3.962468863,1.498542428,0.1726587266,3.484148741,1.005603909,1.405980468,0.8879673481,1.521212935,0.3580422401,2.434591055,0.8397019506,0.3500578105,0.8899231553,0.1282208115,1.353450418
894,0.1102398038,0.4914652407,4.289551258,3.893818617,1.381985068,0.1427174062,3.43231082,1.693905473,1.113291621,1.997222066,1.20697403,0.1619958878,2.323091507,0.8246275783,0.4842970371,0.8830220103,0.3926889002,1.245505929
895,0.09123352915,0.3691695631,3.308000565,3.841341019,1.266563296,0.1352561563,2.94076252,1.048963666,1.452572823,1.282681346,1.348017693,0.2605414093,2.221386194,0.8612330556,0.4182585776,0.8825085759,0.1543536484,1.172257423
896,0.136103645,0.384180516,3.739250183,3.797940969,1.200949788,0.1288527548,3.11067462,1.259237647,1.335447669,1.486805916,1.277872205,0.2298821211,2.155078173,0.9024956822,0.4717496336,0.8780508041,0.1786734611,1.09565556
897,0.1216433868,0.6204488873,6.4085145,3.730702639,1.073968887,0.1214679107,3.106337786,2.472973824,1.11260879,3.217240572,0.9831296802,0.1862811446,2.035900593,1.080357671,0.8314597011,0.852519989,0.7887699008,0.970731318
898,0.1712240428,0.5027679801,5.748703003,3.661380053,0.9975853562,0.1284622699,3.326709032,2.463195801,1.140200496,2.64424777,1.027348638,0.1604915708,1.948155999,1.075604796,0.7572023273,0.8429291248,0.4832264185,0.8827362061
899,0.1351126283,0.460078001,5.684638977,3.586061239,0.9003989697,0.1395337582,3.046409607,2.133986712,1.194978595,2.520087481,1.023899198,0.1638758034,1.843866348,1.103990197,0.7756197453,0.8363100886,0.4017975628,0.8075504899
900,0.1341279,0.5700787902,7.184359074,3.50787282,0.8015553355,0.1631825417,2.993898392,2.900627375,1.163907886,3.46421504,0.908054173,0.2006839067,1.735857606,1.273738265,1.041207075,0.8171283603,0.7412273884,0.7145626545
901,0.1221328154,0.4866186678,6.788057804,3.433862686,0.7203853726,0.1854257435,2.914844513,2.648292542,1.201297164,3.086182356,0.9184750915,0.17560637,1.641767144,1.279321074,1.006068826,0.8040792346,0.5352804065,0.6407719254
902,0.118774794,0.5619792938,7.953549862,3.351472139,0.6418673396,0.2203949541,2.967152357,3.456753969,1.206541061,3.801156282,0.8487812877,0.2249314189,1.544421196,1.439522266,1.236684799,0.7865185142,0.7884982228,0.562048912
903,0.1276615858,0.3014146984,5.320714474,3.296590567,0.6014631391,0.2144845128,3.024965525,2.217904091,1.287468433,1.960717797,0.9981393814,0.2013092041,1.4913311,1.240460038,0.8104222417,0.7779989839,0.1475427896,0.521019578
904,0.1480551958,0.3980845511,6.934927464,3.218005896,0.5512008667,0.2301303595,3.005455732,3.114690065,1.24426043,2.957687616,0.8641245365,0.1719065905,1.416305184,1.405521035,1.105165958,0.7750272155,0.3985828459,0.4751732647
905,0.1342474669,0.2694868147,5.513333797,3.157059431,0.5212916732,0.218111828,3.075511217,2.509603262,1.274942398,1.990730286,0.9479496479,0.2050199956,1.367793679,1.300169945,0.8714874387,0.7717280388,0.1369452626,0.444535017
906,0.146994859,0.3001075685,6.337145329,3.085810661,0.4755915701,0.2208234519,2.965976715,2.920809984,1.275733352,2.471426249,0.8557422757,0.1708491594,1.302844048,1.407702804,1.041406512,0.7628424764,0.2269948572,0.4067827165
907,0.147022441,0.2723169923,6.255572796,3.017784834,0.435344547,0.2193920016,2.843468904,2.800148726,1.2900635,2.37901783,0.8372359276,0.1732009649,1.24317205,1.42867744,1.050742388,0.7556829453,0.1956390887,0.3744862974
908,0.1766045243,0.2368546724,5.993476868,2.955197573,0.4096337855,0.2112807781,2.889941931,2.819670439,1.298932076,2.18026638,0.8339985013,0.1842281669,1.197253108,1.42675817,1.017822862,0.7514412999,0.1493528336,0.3489317894
909,0.1235181093,0.1712162048,4.742938042,2.905561447,0.3986335695,0.180468455,2.863883972,2.183687449,1.3251158,1.42742455,0.9319751859,0.2988198996,1.169070363,1.320161819,0.7977282405,0.7577872872,0.09902022034,0.340721637
910,0.1615515202,0.1788287163,5.386952877,2.847410917,0.3812018931,0.1667670757,2.845718384,2.582336426,1.302727699,1.789549708,0.8416705132,0.225003317,1.132036567,1.388240457,0.9228523374,0.7596724629,0.09942845255,0.3258697093
911,0.1110263094,0.2238514274,6.592367172,2.774783134,0.3571797907,0.1710935384,2.839295626,3.389850616,1.30708468,2.516864061,0.7350997925,0.1698480397,1.081654072,1.52671814,1.162589192,0.7605550289,0.2103849798,0.3044030368
912,0.1116834357,0.1924428493,6.296780109,2.704909563,0.3495604098,0.170697853,3.144448042,3.863809824,1.328845501,2.314693213,0.7357711792,0.179314062,1.046589017,1.498293281,1.105583549,0.7634218335,0.166500017,0.287702471
913,0.09605100751,0.2212136537,7.041680813,2.614137888,0.3172342777,0.1797547787,2.943358183,4.190281391,1.344685555,2.784379959,0.6751026511,0.1752439737,0.9828061461,1.592546463,1.272938848,0.7616117597,0.2746844888,0.2654727697
914,0.1375899166,0.1710222363,6.437222958,2.536411762,0.2867853343,0.1800572127,2.653191805,3.401983261,1.288627267,2.387939692,0.6786963344,0.1758086234,0.9269266725,1.524768233,1.176422,0.7580184937,0.1801157743,0.2470787317
915,0.12361186,0.1343796849,5.90914011,2.472727776,0.2726587951,0.1725711077,2.649858952,3.196354151,1.276152134,2.053319216,0.6857481003,0.1898195893,0.890648067,1.46744585,1.080637336,0.7575291991,0.1237197295,0.2343958765
916,0.1043860614,0.09294547886,4.601255894,2.423555136,0.2708185613,0.1476474851,2.72014904,2.599809408,1.252082944,1.301890969,0.7617340088,0.2963613272,0.8728502393,1.320758343,0.8242249489,0.7612935901,0.1123207808,0.2309698462
917,0.09850709885,0.09322115034,5.037115097,2.366252661,0.2707678974,0.1358446926,2.854230165,3.226997137,1.268061042,1.561792731,0.6984072328,0.2369374037,0.851898253,1.360845447,0.9068080783,0.7693145871,0.09450865537,0.2277398705
918,0.08432024717,0.11643406,6.00648737,2.289848566,0.2526016235,0.137152344,2.76401639,3.967441797,1.321282864,2.153177977,0.6069381833,0.1754153222,0.8083794713,1.482692719,1.115530372,0.7661536336,0.1469919831,0.2140529901
919,0.0887985602,0.1042194441,5.857784748,2.216062307,0.2377443761,0.1372667998,2.71607399,3.969970703,1.317784309,2.071694374,0.5875290632,0.17522268,0.7688618302,1.46469593,1.097870708,0.7635119557,0.1366856098,0.2020884305
920,0.1266573519,0.07407385856,4.934011459,2.15299058,0.2263628095,0.1283467859,2.564288855,3.187582016,1.243840337,1.53739965,0.6126810908,0.2152986079,0.7378189564,1.343454957,0.9209130406,0.7637190819,0.09351659566,0.1960079819
921,0.1373465955,0.06925071031,4.139821529,2.102728605,0.2243571728,0.11474365,2.589667559,2.823515654,1.216958523,1.116483092,0.6450534463,0.2891639173,0.7214190364,1.249777913,0.7673327327,0.7637190819,0.1290087402,0.1936206818
922,0.1266037375,0.09034175426,5.730821133,2.030025721,0.2142825127,0.1177817956,2.692788363,4.501881123,1.377004981,2.059866428,0.5107964873,0.1615035683,0.6870474815,1.454612136,1.100084186,0.7590661645,0.1477844268,0.1819269508
923,0.1013098955,0.07440122962,3.771269083,1.976467729,0.2073255032,0.1053558961,2.474421263,2.717411757,1.19280827,0.9627785087,0.6090044975,0.3042555749,0.6660767794,1.195270896,0.7101389766,0.7599757314,0.1534816474,0.1811701506
924,0.1198282465,0.1055902839,6.147546291,1.901948929,0.1897420138,0.1140040383,2.428398132,4.787853718,1.422813892,2.380834341,0.4417025149,0.1577009112,0.6244998574,1.529297471,1.225649714,0.7479980588,0.2310741693,0.1659870595
925,0.1187955961,0.1021377444,6.055179596,1.826157451,0.1772205681,0.1226805449,2.514845848,5.238872528,1.492172599,2.335763216,0.4199463427,0.1555364877,0.587021172,1.523997426,1.222141623,0.737260282,0.2258767337,0.152614221
926,0.09674796462,0.06956692785,4.42747736,1.763582349,0.1693442613,0.1191560924,2.359149218,3.719618559,1.286338329,1.366569519,0.452457279,0.1786057502,0.5608611107,1.284278631,0.892355144,0.7322079539,0.09315039963,0.1489868313
927,0.1035366729,0.08713958412,5.356485367,1.693672776,0.1609994918,0.1254265159,2.410986185,4.986951351,1.467824578,1.95365715,0.3864758909,0.1434851289,0.5302739143,1.429339051,1.109099984,0.7226076722,0.1601814777,0.1405264884
928,0.1103299782,0.08135343343,4.404421806,1.631088614,0.1563030928,0.1254619509,2.343422174,4.240262985,1.362266541,1.407786012,0.3936525881,0.1583181322,0.5069755912,1.288698554,0.9220793843,0.7159881592,0.09921833128,0.1379570216
929,0.1383261532,0.1154415235,3.259293795,1.581069827,0.1537121385,0.1150061563,2.1354177,2.983958244,1.191958785,0.8153993487,0.4384303987,0.2564515769,0.4917691648,1.122685075,0.6929793358,0.7137095332,0.1615472138,0.1396104693
930,0.1505947113,0.1587802023,6.59015274,1.499849677,0.1395028234,0.1321529895,2.252285242,6.896831512,1.819225192,2.894119978,0.3169829547,0.2284291238,0.4501264095,1.664777756,1.448358536,0.6953379512,0.4864757061,0.1245685816
931,0.1210745946,0.1178796813,3.426169634,1.443964005,0.1397600025,0.1221759394,2.270864248,4.004447937,1.326288104,0.9486377239,0.3573555648,0.1881577969,0.4355322123,1.131344199,0.7476291656,0.6927261353,0.1143454313,0.1246490553
932,0.1519036442,0.1642060131,2.743474007,1.394850135,0.1402589828,0.1115216985,2.136949301,3.256579161,1.209944963,0.6405966282,0.3800064623,0.2617649734,0.4245185852,1.024367571,0.6123008132,0.6910148263,0.1938755959,0.1273263097
933,0.08923140913,0.132275328,3.472819328,1.336761117,0.1397027522,0.111678876,2.165880442,4.462183475,1.400445104,1.06793344,0.298984319,0.1474675089,0.4074938595,1.123943925,0.7798235416,0.6862056255,0.1020954624,0.1266098469
934,0.08298336715,0.1571462303,3.098622084,1.279272437,0.1379579455,0.1106802896,2.061593771,4.10474062,1.336340547,0.9025076032,0.2928687632,0.1608763784,0.3901210129,1.054940343,0.7099096179,0.6824679971,0.1106683314,0.1268107742
935,0.08054146916,0.153090179,3.530902147,1.216236591,0.1334950179,0.1133406535,1.936741233,4.634361744,1.426271915,1.196639419,0.251021415,0.1257996559,0.3669940531,1.116111159,0.8206060529,0.6761908531,0.115937829,0.1247552261
936,0.08939152956,0.1631780714,4.264117718,1.147077322,0.1292751431,0.1215762123,2.046676874,6.281611919,1.742009044,1.700723767,0.2247995585,0.1427609175,0.340806514,1.2427212,0.9997065663,0.6647593975,0.229066059,0.1197744682
937,0.06929735094,0.1860161275,3.329145432,1.083285093,0.1268344074,0.1271321028,1.869348168,4.991593838,1.493999362,1.158266306,0.2196631879,0.1231302395,0.319132477,1.070439696,0.8083519936,0.657068193,0.126631394,0.1202377453
938,0.07850512117,0.2467379123,2.428975821,1.036458492,0.1319909841,0.1280938834,1.882441163,4.206811428,1.348527908,0.686226368,0.2368406802,0.1636600941,0.3115164042,0.912062943,0.6177903414,0.653270185,0.1320299506,0.125367716
939,0.0847639814,0.2342725545,2.791337967,0.9746608734,0.1294447929,0.1279104948,1.771160722,4.7803092,1.451038957,0.9398086667,0.2029001713,0.1266527027,0.2912296057,0.9553160667,0.7078518867,0.6497398615,0.1208771393,0.1243265271
940,0.07962899655,0.2782051861,2.337950468,0.9273900986,0.1343901753,0.1331059337,1.734815598,4.413585186,1.383800864,0.7237434387,0.2051317692,0.1436701268,0.282497555,0.8718827367,0.6208078265,0.6450562477,0.125327155,0.1298821419
941,0.07760969549,0.3261788189,1.947118878,0.8786544204,0.1356521696,0.1299889833,1.755587459,4.249424458,1.344531059,0.5562662482,0.206393674,0.1628677994,0.271835953,0.7851141095,0.5339162946,0.6430148482,0.1434349418,0.1308371574
942,0.06246083602,0.3283645511,2.009302616,0.8238132596,0.1342868805,0.1292057782,1.608663201,4.310569286,1.347682834,0.6353257298,0.1855283231,0.1393312365,0.2559530437,0.7753592134,0.5544151664,0.6404480934,0.1266554147,0.1309828013
943,0.07894969732,0.3726805151,1.70468843,0.777274847,0.1364925802,0.129143551,1.686375737,4.422920704,1.36729753,0.5111140609,0.1846109629,0.1517319083,0.2464025617,0.7041314244,0.4869641364,0.6375210285,0.1385661811,0.1323709488
944,0.08121006191,0.4872006476,1.123743653,0.7364276052,0.137982741,0.1271178126,1.65471065,3.554727793,1.176771641,0.2757552862,0.2136129141,0.2341056615,0.2400517613,0.5833383203,0.3583619595,0.6372597814,0.2482619733,0.1338075399
945,0.1143822446,0.4287435114,1.402366042,0.6880161762,0.1385962069,0.1305501759,1.441185474,3.914052963,1.247760415,0.4389637411,0.1705690026,0.1491476744,0.2281941921,0.6142000556,0.4296608269,0.6335971355,0.1411611438,0.1365843862
946,0.1185204163,0.5495522618,0.9146337509,0.654809773,0.1429844499,0.1350751668,1.465076447,3.264743805,1.105515838,0.2481542975,0.2018780857,0.2297774702,0.2253337353,0.5144985318,0.3256629109,0.6322309971,0.2492765337,0.1405066252
947,0.1475948244,0.4866832495,1.137595534,0.6130666137,0.145499751,0.1396912336,1.345038295,3.822506905,1.22520709,0.3766037226,0.164541319,0.1533289403,0.2168733627,0.5393245816,0.382152319,0.6285712123,0.1494518667,0.1441548765
948,0.1084182262,0.5613768697,0.8672448993,0.5791893601,0.1502826959,0.1460881233,1.324836135,3.463238716,1.144620419,0.2776771784,0.1781677604,0.1869614571,0.2129977196,0.47706604,0.328494072,0.6262382865,0.1919620037,0.148994267
949,0.0705640763,0.4947652519,1.136860728,0.536709249,0.1527388245,0.1486773193,1.296679854,4.467810154,1.373775125,0.4500688314,0.1523015648,0.1427402347,0.203362748,0.5169935226,0.3946514428,0.6207893491,0.148720935,0.151644066
950,0.08102720231,0.7419490218,0.5138724446,0.5115969777,0.1601739526,0.1606986672,1.19586432,2.553407192,0.9330857396,0.2163353115,0.2228903919,0.2953424752,0.204816103,0.3878061771,0.2675750554,0.620977819,0.356033653,0.1598319858
951,0.08651622385,0.618719399,0.6787309647,0.4787778854,0.1655257493,0.1654165834,1.340070724,4.135148525,1.302388549,0.2708218992,0.1727751046,0.1777413487,0.2007886171,0.4029045403,0.3015796244,0.618008554,0.1795319319,0.1637275666
952,0.09908548743,0.6342453957,0.6344748139,0.4406276941,0.1702965945,0.1714817733,1.202752113,3.937118292,1.255186677,0.2761146128,0.1730578691,0.1754963249,0.1952505112,0.3808562458,0.2987840474,0.6148198247,0.1757332832,0.1696562022
953,0.1053521931,0.6852865219,0.5262038112,0.4099743068,0.1773557216,0.180123508,1.065427065,3.403859377,1.128550887,0.2501787841,0.18548204,0.1922299862,0.1935515851,0.3475598395,0.2832590342,0.612672627,0.1939731389,0.1776563674
954,0.0923352018,0.5863296986,0.788330555,0.3769434988,0.1838056296,0.1837518662,1.059900165,4.784721375,1.477706075,0.433144927,0.1777165383,0.1901948601,0.189139843,0.4040479958,0.3508579731,0.605992496,0.2160071582,0.1838931292
955,0.09451628476,0.8933547139,0.3471018374,0.3557635248,0.1902050525,0.1944339722,0.8808972836,2.151653051,0.8178609014,0.260401994,0.2437114865,0.29809919,0.19063586,0.281988591,0.2560701668,0.6060549617,0.3488235772,0.1911942214
956,0.08112952858,0.7323325276,0.4109766483,0.3353999555,0.1989630014,0.202372238,0.8367462754,3.111631393,1.067042828,0.2546600103,0.2071175575,0.2061646581,0.1923015863,0.2949955761,0.2735861838,0.6034994125,0.2014698982,0.1998047829
957,0.1046312824,0.8903222084,0.3208157718,0.3222359717,0.2098079175,0.2162612677,0.6390385628,1.693630576,0.7030561566,0.2621160448,0.2541895807,0.2778244019,0.1983765215,0.2585006058,0.2593220174,0.6044740081,0.2986455858,0.2110272646
958,0.1057767496,0.6749582291,0.4698738158,0.3134184778,0.2226737291,0.2237203866,0.5137921572,2.454528093,0.915851593,0.3397194445,0.2303024381,0.2390471846,0.2060955316,0.3132173419,0.3083736598,0.6003751159,0.2513161898,0.2222890258
959,0.09600649029,1.168200612,0.5150207877,0.3101991415,0.223614499,0.2343702763,0.4535990059,0.6007401347,0.4061576128,0.536429286,0.3604230583,0.4787754118,0.207248047,0.2732615173,0.3074574172,0.600507021,0.6228701472,0.2244716734
960,0.07812395692,0.7625139356,0.2980249226,0.3081579506,0.233582899,0.2403612137,0.5102817416,2.020444155,0.8112646937,0.2546839416,0.2565169036,0.24635683,0.2138852626,0.2501792908,0.2620846927,0.5980744958,0.2332864553,0.2337758094
961,0.09312780946,0.8175086975,0.2710174024,0.301992476,0.2416201979,0.2468206882,0.5061790943,1.844052315,0.768145144,0.2523337901,0.2782094479,0.2634995878,0.2183952481,0.2315883636,0.2557429969,0.5959932804,0.2465059757,0.2413464338
962,0.09831875563,0.7885153294,0.258586973,0.2947238386,0.2489665747,0.2516688108,0.5254460573,2.202492952,0.8738515973,0.2519218028,0.2850194275,0.2676317692,0.2219329327,0.2268697768,0.2537373304,0.5928854942,0.248248443,0.2482418418
963,0.0902486667,0.8590710759,0.2613621056,0.291834712,0.2629913092,0.2630878985,0.3965530396,1.290555835,0.6197018027,0.2670975626,0.3165707886,0.2920825779,0.2325240374,0.212398842,0.2545619011,0.5930073261,0.2684709132,0.2602542341
964,0.1230698302,0.7671089172,0.2396404892,0.2936522365,0.2759138048,0.2713107765,0.3504618108,1.378651261,0.6545726657,0.2612917721,0.3198232353,0.2996568382,0.2430386543,0.2208511829,0.2566502988,0.590439558,0.2784005702,0.270747751
965,0.08242563903,0.7317641377,0.2342597246,0.2929723561,0.2861646712,0.2757058442,0.2931835949,1.010391712,0.5466463566,0.2704944611,0.3297204673,0.3174771965,0.2509795129,0.2233899981,0.2590635121,0.5852184892,0.3045754433,0.2764727473
966,0.1156258583,0.6670136452,0.2595057189,0.3018333912,0.2988370657,0.2854180038,0.2898101807,1.134374142,0.5969309211,0.3151994646,0.3458758891,0.3598401546,0.2631725669,0.2474246472,0.2771838009,0.5790634751,0.3747853041,0.2855816782
967,0.1077446267,0.9746541977,0.3770473301,0.3034557998,0.302217871,0.287635535,0.2895638049,0.3534851968,0.3267055154,0.3719730675,0.4037463963,0.3656838834,0.2655597031,0.2006074935,0.2683010399,0.5783275962,0.3474892676,0.2892126441
968,0.1186583042,0.8607807755,0.2771114111,0.306170851,0.3027599156,0.291788131,0.3219002783,0.8265943527,0.5028424859,0.2926796377,0.3891281188,0.3390748203,0.2659432888,0.190514788,0.2514568865,0.5763517022,0.2985930443,0.2937298119
969,0.1304499805,0.7151086926,0.1973196268,0.3100070059,0.3202640116,0.2994551957,0.3073197901,0.4905715883,0.387285918,0.2564186752,0.3815345764,0.353161931,0.2803777158,0.1993123442,0.2447352409,0.5721481442,0.3257884681,0.3014780879
970,0.1478855759,0.52952528,0.3098784387,0.3316192925,0.3397373259,0.3174573779,0.3386990726,0.8357074261,0.5288763046,0.4426715374,0.4079968035,0.5078181624,0.301890552,0.2943435907,0.3152852952,0.5629760623,0.6136548519,0.3134821057
971,0.1148140803,0.5874398351,0.2217380404,0.3446571827,0.3498132229,0.3326616585,0.3378737867,0.6721912026,0.4801841676,0.3230285645,0.4129921496,0.4320644438,0.3134702146,0.2499767989,0.2809445262,0.5559145808,0.4511786997,0.3223668933
972,0.1609495282,0.4543437064,0.4395691454,0.3589437902,0.3568674624,0.3592118323,0.3219550848,1.552757621,0.7941548824,0.6033976674,0.4545734823,0.6311677694,0.323882699,0.3675490916,0.375669986,0.5412885547,0.8180980086,0.3290613592
973,0.1394421607,0.5232077241,0.2654751241,0.3851846755,0.3803372383,0.3934515417,0.3367712498,1.135850906,0.6775266528,0.3903979361,0.4594875872,0.5056403279,0.3491731584,0.296464771,0.3184323013,0.5377144814,0.5515616536,0.3501772583
974,0.1078421548,0.5226939321,0.2503242195,0.40339908,0.3993300498,0.4206417501,0.3524454534,1.066061378,0.6681283116,0.3759465218,0.4809518158,0.5106856823,0.3684213459,0.2950939834,0.3192196786,0.5319974422,0.5396494269,0.3661154509
975,0.1487197727,0.6576448083,0.2179316133,0.4228140414,0.411188364,0.4345871508,0.3462632596,1.059085488,0.6803993583,0.2853324413,0.5092251897,0.4348610938,0.3828589916,0.2326836586,0.2756465077,0.5347573161,0.371411413,0.3867143393
976,0.1393994689,0.4920791388,0.2427494973,0.4410524368,0.4519973099,0.4662329257,0.4466658533,0.7518669963,0.5774048567,0.3911592066,0.5390997529,0.5669052005,0.4157787859,0.3084599078,0.3374288082,0.5304960012,0.5934489369,0.4063964784
977,0.129499957,0.2936163843,1.157475352,0.4887089729,0.4956812561,0.5593588948,0.5695006847,1.727242351,0.9695129991,1.473357201,0.72386235,1.294750333,0.4615128934,0.7340941429,0.7317845225,0.5080223083,1.902295709,0.4306379855
978,0.1284424812,0.3496390879,0.5050943494,0.5230484605,0.5271574259,0.6166924834,0.6188460588,0.7949218154,0.6459817886,0.71357584,0.6321403384,0.8123779893,0.4946049154,0.4896019399,0.506732285,0.4983755648,0.9911807179,0.4553669393
979,0.09487903118,0.5146029592,0.2255595177,0.5408141017,0.5257542729,0.6179944277,0.4735390246,0.6884738803,0.6102854609,0.3320176005,0.6028783321,0.5307947993,0.5016803741,0.311486572,0.3407090902,0.4980407059,0.4686576128,0.4739367068
980,0.1194084212,0.5193684101,0.2248697281,0.5653305054,0.5626890063,0.6246265173,0.5849118829,0.4480808973,0.5023472309,0.3291461468,0.6350516677,0.5427458882,0.5329327583,0.3087844551,0.3439050615,0.5024573207,0.4650675356,0.4992351532
981,0.08467596024,0.3700277805,0.3264175653,0.6045027375,0.6234564185,0.6690939069,0.8538492322,0.3933808804,0.4815079272,0.5032368302,0.6872615218,0.7138128281,0.5839362144,0.4294071496,0.4611207545,0.5051293969,0.7382917404,0.5342351198
982,0.1175716892,0.3871739805,0.2948106825,0.6304134727,0.6195570827,0.6927070618,0.591671288,0.8247827888,0.7215107083,0.4494509697,0.7035592198,0.6760953069,0.5941252112,0.4130704403,0.4368783534,0.5055326819,0.6516129971,0.5603201985
983,0.1308909208,0.1946799308,1.058181763,0.6670507789,0.679692924,0.7878870964,0.8431603312,1.255865216,0.9245730042,1.35464561,0.85829705,1.303904414,0.6430181861,0.8120450377,0.8281089664,0.4874148369,1.751179338,0.5896407962
984,0.1714709997,0.1711432785,1.878336549,0.7307348847,0.7377254367,0.9398037791,0.9726023674,1.735507488,1.153552055,2.206455231,1.024830818,1.820775032,0.7024100423,1.16669023,1.185864806,0.4620381892,2.641406775,0.6305199265
985,0.1205091551,0.1660086364,1.16959548,0.8030384183,0.7859449983,1.056327701,0.8955716491,1.392063022,1.06513238,1.405932426,0.9346898198,1.326131701,0.7623031139,0.9343080521,0.9480497241,0.4590632617,1.710086226,0.6872527599
986,0.1711663157,0.1732726693,0.9532319903,0.8518236279,0.8194788098,1.128543019,0.8281667829,1.434184194,1.112710714,1.152250886,0.9251025319,1.17039001,0.8032060266,0.8673968315,0.8761734962,0.453627497,1.403565407,0.7304942012
987,0.1020259634,0.2974374294,0.4067763388,0.8871642947,0.8234062195,1.11212492,0.6440286636,1.27132237,1.064835191,0.5351609588,0.8642542958,0.7686426044,0.8222744465,0.5853894353,0.5882644057,0.4621770382,0.6881511807,0.7664731145
988,0.1287228614,0.2838462889,0.4130703211,0.9274246097,0.8994767666,1.108642578,0.9324495196,0.7066192627,0.8089173436,0.5560144782,0.9142422676,0.813567698,0.8812039495,0.6057912707,0.6220690608,0.4740613401,0.7290120125,0.8078287244
989,0.09264543653,0.2028092593,0.586453855,0.9598565102,0.9767032266,1.126458645,1.389225364,0.4864577055,0.6596170664,0.7643278241,0.9736621976,0.9800513387,0.9362444878,0.7347877622,0.7678308487,0.4740591347,0.985671103,0.8401121497
990,0.09804413468,0.1280688196,0.9850332141,1.00562048,0.9905447364,1.1941365,1.12112236,1.137176156,1.069633365,1.187149167,1.064496875,1.260293126,0.9665579796,0.9654201865,0.9835450053,0.4711509049,1.440813541,0.8841802478
991,0.1297835857,0.1343363672,0.885130167,1.058660626,1.048715949,1.250847459,1.223116517,0.9373167157,0.9962236881,1.066602945,1.083162785,1.192513347,1.022201896,0.9426653981,0.9642322659,0.476509124,1.290947556,0.9353516698
992,0.1023310423,0.1494142413,0.7605534196,1.105194569,1.153668165,1.281138062,1.869995594,0.4906496108,0.6410169005,0.9208609462,1.095351577,1.106084704,1.097714782,0.8980312347,0.9458181858,0.4844760001,1.115454316,0.9820174575
993,0.1152108088,0.2154508233,0.5255438685,1.12330091,1.157904744,1.249902606,1.666428447,0.503893137,0.6268669367,0.6387141347,1.070219636,0.9033144116,1.110601306,0.7541222572,0.7918227315,0.493638128,0.7685113549,1.011126399
994,0.1013110355,0.07986422628,1.27710557,1.177277565,1.205637813,1.329200387,1.644892097,0.7931553721,0.964468658,1.427623868,1.217581153,1.423464894,1.162171245,1.195592999,1.238088131,0.4962287247,1.610777497,1.06482029
995,0.09846649319,0.06820943952,1.464059949,1.230796337,1.288122773,1.411866188,1.990713239,0.6462023854,0.87495929,1.590064883,1.27004528,1.517012,1.230133176,1.310889244,1.371119976,0.4965110719,1.742348313,1.118026614
996,0.07659102231,0.07964926213,1.173583865,1.267753243,1.314259529,1.444550872,1.867254853,0.6255807281,0.8636758924,1.254502177,1.234456182,1.295541048,1.263336062,1.19418788,1.242896676,0.5002906919,1.349005103,1.160852671
997,0.07439348847,0.064012371,1.423739552,1.323352456,1.392465949,1.506431222,2.138611555,0.6126448512,0.8550384641,1.479772568,1.299730539,1.429811835,1.330690384,1.344914556,1.407655358,0.5097491741,1.545137763,1.218839288
998,0.0840221867,0.05717654899,1.670015454,1.377540708,1.378817201,1.576408744,1.501350522,1.356489658,1.366979122,1.685494542,1.355907321,1.539479256,1.353500009,1.49002111,1.51882875,0.5168422461,1.703437448,1.277150512
999,0.06773259491,0.1162882224,0.8683605194,1.412232876,1.449865699,1.531961083,1.902706504,0.6104176044,0.8348250389,0.8814771771,1.270835757,1.061570287,1.405838847,1.092887759,1.125331521,0.5332022309,0.8954684138,1.31142652
1000,0.08600601554,0.0670606941,2.458474398,1.488091946,1.482966065,1.665964723,1.58416903,1.989496827,1.724386215,2.42945075,1.541808724,1.986141086,1.460883141,1.896465659,1.929284096,0.5379264951,2.395265818,1.385638118
1001,0.08163096011,0.0504980199,1.573958039,1.544283867,1.5589118,1.702047825,1.813138604,1.035639167,1.263702631,1.540498257,1.444479346,1.475942612,1.526735425,1.534399152,1.566380858,0.5527730584,1.502918839,1.442305565
1002,0.1021684706,0.05450652167,1.410483241,1.581617713,1.589470267,1.69880116,1.804391265,0.9760866761,1.239625931,1.367842197,1.444712639,1.377149582,1.561087012,1.472115397,1.497030854,0.562253058,1.320811391,1.480387092
1003,0.08327236772,0.04990105703,1.557919979,1.633878708,1.63085115,1.722464561,1.76978147,1.16772604,1.381747603,1.501686454,1.50380671,1.468739867,1.608300567,1.572791696,1.593512177,0.579269886,1.439305186,1.533536911
1004,0.1192412376,0.04808725789,1.760824084,1.687573314,1.643511653,1.761237502,1.499754906,1.889575958,1.786269188,1.689777732,1.571833253,1.592607617,1.642060399,1.699949622,1.701649785,0.5938103199,1.61022222,1.587833762
1005,0.08227593452,0.0672717765,2.430762529,1.757722974,1.737392426,1.865161061,1.721414566,2.162682772,1.952098489,2.338433743,1.728756905,1.996263862,1.723629832,2.046275377,2.066290617,0.6065673232,2.231941223,1.66042769
1006,0.1413853467,0.06448806077,2.313234329,1.828953385,1.846957088,1.949906707,2.097332716,1.499990582,1.657412052,2.210405111,1.760312915,1.938545346,1.813385963,2.033829451,2.072638512,0.6239049435,2.092938423,1.732862473
1007,0.1329971403,0.109808445,3.05361557,1.902907968,1.91374886,2.07933116,2.073745489,2.15028739,2.023679972,2.896081209,1.914834499,2.337172508,1.88355124,2.401347399,2.444794416,0.6315649748,2.713324308,1.809682012
1008,0.1020803079,0.1274006218,3.261194229,1.982844949,2.020698786,2.213856697,2.347068787,1.903401732,1.942798972,3.060668945,1.989738107,2.433934212,1.976064324,2.537645102,2.598928213,0.6419624686,2.828813553,1.892626405
1009,0.1185940206,0.1357156783,3.336755991,2.065675497,2.086201906,2.339214087,2.248111725,2.207280874,2.13557744,3.088623047,2.039134264,2.445666552,2.050380468,2.620100737,2.671101332,0.6560669541,2.804276228,1.978386521
1010,0.08196752518,0.09572792053,2.766647339,2.132200718,2.134696245,2.390275717,2.159774065,2.021737814,2.076393127,2.516756773,1.982288957,2.120302916,2.10828805,2.409238338,2.440241575,0.6731645465,2.237580061,2.046525478
1011,0.1139765754,0.1140905023,2.95481658,2.202218294,2.15602231,2.452005148,1.847016454,2.977234602,2.568978548,2.679232359,2.058343172,2.227068663,2.154660463,2.533589363,2.539214849,0.6909914017,2.370657682,2.118281126
1012,0.1689072996,0.1122160926,2.844843864,2.267235518,2.243529558,2.494775057,2.066046953,2.512606621,2.387615681,2.576728821,2.095389366,2.19436574,2.230715275,2.519912958,2.535173178,0.7091816068,2.277501106,2.184602022
1013,0.1170283183,0.2147009373,3.910945177,2.341005325,2.365398169,2.623720407,2.445724726,2.725199461,2.527915239,3.57783699,2.329520464,2.791607141,2.327330828,3.031902313,3.086621046,0.7175831199,3.195398331,2.266019106
1014,0.1426358521,0.1361952871,3.031791925,2.40631032,2.426211596,2.6585114,2.479186773,2.084113359,2.24085331,2.718793869,2.213342667,2.298810482,2.390537977,2.682419777,2.720413446,0.7364006639,2.370051146,2.331931353
1015,0.1137163863,0.1541884691,3.147629499,2.476802349,2.46061492,2.701629639,2.270435095,2.670952559,2.572580814,2.81325078,2.27859807,2.367085695,2.443614483,2.774629593,2.793416262,0.7585439682,2.44072485,2.402942419
1016,0.1085348651,0.1532569379,3.038039446,2.541110754,2.489056587,2.724434614,2.084455967,3.128760338,2.824525833,2.708138704,2.308900595,2.327105761,2.490521669,2.758883476,2.756352186,0.7796669006,2.342072248,2.465959549
1017,0.138832286,0.1168450639,2.470002413,2.594156981,2.608715057,2.683097839,2.721338987,1.626767516,2.066337347,2.189691305,2.258422136,2.049450874,2.576132536,2.511113882,2.534268618,0.8030834198,1.884369373,2.510599375
1018,0.1780059338,0.1797113419,3.084229231,2.654192686,2.578698635,2.710198164,2.117614746,3.376342773,3.000859499,2.760708094,2.412518024,2.40551877,2.592382431,2.840989351,2.825345278,0.8229907155,2.399808645,2.569273472
1019,0.1586602479,0.1462323666,2.596189737,2.703852654,2.732705355,2.68240428,3.054800034,1.475060105,2.016515017,2.319508553,2.373153925,2.172746658,2.693165779,2.629145384,2.659872055,0.8434746861,2.014575958,2.610431671
1020,0.1397598386,0.1317079812,2.276026487,2.748146057,2.762970686,2.623159647,3.095789671,1.286892295,1.904559135,2.013653755,2.340312243,1.99444139,2.730765104,2.486304522,2.504440308,0.8700940609,1.729331374,2.645502329
1021,0.1567090005,0.1670178324,2.560738564,2.785403013,2.719641924,2.590568542,2.571924448,2.210894823,2.486478329,2.276623011,2.418381453,2.163034439,2.728855133,2.652117014,2.63496995,0.8869311213,1.964027286,2.67463994
1022,0.1532144696,0.1401471049,2.071750164,2.827554703,2.790798187,2.5177176,3.009579659,1.342701316,1.976166129,1.834163666,2.363646269,1.913873315,2.784868479,2.413015366,2.404750109,0.9141330719,1.577685356,2.699236631
1023,0.1406276077,0.1651665121,2.198397398,2.867897272,2.774751663,2.469575882,2.728563309,1.834866881,2.309742689,1.959509015,2.423146486,2.010082722,2.797354937,2.500680447,2.468405962,0.9402033687,1.698675036,2.726309776
1024,0.1398314685,0.1486553997,1.766984582,2.896725893,2.721111298,2.370999575,2.338087559,2.125888109,2.490558863,1.573701859,2.366304636,1.785553336,2.784622192,2.269347429,2.199476719,0.9635873437,1.366354823,2.730494738
1025,0.1066953167,0.1658218503,1.761511207,2.933874846,2.899066687,2.299503088,3.763491869,0.8156921268,1.54969883,1.601584792,2.418647051,1.84343493,2.890875578,2.282147646,2.27498889,0.9912667274,1.427038789,2.743103743
1026,0.1153992414,0.2257844955,2.266522408,2.969709396,2.78026557,2.295357943,2.580046415,2.394816637,2.671853065,2.072684526,2.54598546,2.152594566,2.850870132,2.584239244,2.510228395,1.017640114,1.855330944,2.773411036
1027,0.1092128977,0.234003827,2.16580677,3.009969711,2.769383669,2.28254509,2.370729208,2.830062628,2.919115782,1.999948382,2.570544481,2.137303591,2.86522603,2.547599554,2.45126605,1.041906476,1.812867522,2.796948671
1028,0.0839528814,0.2094657868,1.702018738,3.047312498,2.837019682,2.227130175,2.83952713,1.693015456,2.300428152,1.59040308,2.520736694,1.90644455,2.917203903,2.29639554,2.216620207,1.071017623,1.465661645,2.808762789
1029,0.09217527509,0.2508300245,1.915153384,3.085243225,2.84180522,2.20907259,2.776680708,2.089908361,2.555157423,1.817946434,2.613827944,2.090694189,2.937957048,2.439308882,2.345868826,1.097925544,1.706700206,2.828121901
1030,0.1149160564,0.2725158036,1.908616066,3.127779007,2.901129961,2.201880217,3.114297867,1.712985635,2.34744072,1.835346222,2.661468029,2.136109352,2.988417387,2.454159498,2.369527102,1.128207088,1.75058651,2.85269928
1031,0.1096250787,0.309333533,2.037437201,3.166116714,2.971045732,2.208876371,3.572864294,1.366204739,2.132128477,1.975529671,2.728534937,2.254389048,3.042224884,2.545407534,2.475144386,1.153959394,1.902954459,2.876255989
1032,0.1806761473,0.3235702813,1.979533553,3.196963549,2.941022635,2.206246614,3.224381685,1.752858758,2.401969671,1.921987057,2.734938383,2.227493525,3.042341232,2.526210546,2.429083586,1.177991629,1.854400277,2.893745422
1033,0.1300527602,0.2952907979,1.53416574,3.222934484,2.888843775,2.153601646,2.837249756,1.927828193,2.52059412,1.502621651,2.652076721,1.955414176,3.027839422,2.267873049,2.142139673,1.204539537,1.465957284,2.894847631
1034,0.1133270636,0.2816369534,1.127952456,3.244545221,2.910632849,2.05743289,3.1801126,1.197731018,2.039559126,1.133040309,2.581367254,1.715758681,3.047897339,2.000622511,1.882932544,1.232471466,1.138915658,2.878807068
1035,0.08877193928,0.4865175486,2.525857925,3.292510986,2.929296494,2.145828962,3.035419703,2.875055075,3.07942462,2.539370537,2.98888588,2.743763924,3.080884933,2.870857954,2.72329402,1.256512403,2.556020498,2.921845436
1036,0.09385579824,0.3137328923,1.021592259,3.311145782,2.890432119,2.044554234,2.913370132,1.514796734,2.295940638,1.059835434,2.616934776,1.7045784,3.068279982,1.950622201,1.804302216,1.284777522,1.104985833,2.902140856
1037,0.09827180952,0.4682488739,2.00719285,3.353071928,2.939127684,2.095186472,3.116769075,2.438602686,2.873324394,2.082028151,2.945767641,2.503144979,3.113361359,2.610590696,2.4485569,1.311250091,2.175489664,2.931516409
1038,0.1219788119,0.5304099917,2.239081144,3.395451307,2.95876503,2.166410685,3.045098543,2.928590059,3.156833887,2.33186841,3.047935247,2.706050158,3.143894196,2.761279821,2.585607767,1.334582806,2.449213743,2.965759993
1039,0.09006714821,0.4834710658,1.791121602,3.433825254,2.93255353,2.188994408,2.709150076,3.19275856,3.311995268,1.898231506,2.968665123,2.42690587,3.148490191,2.519275904,2.323621988,1.362054944,2.033903837,2.987637758
1040,0.102586627,0.5179872513,1.84324491,3.470806122,3.003640413,2.220096111,3.135377169,2.59242034,3.012558222,1.9839288,3.03772521,2.533126354,3.202854395,2.567350626,2.385990381,1.386087418,2.16503787,3.008944273
1041,0.08978006244,0.4599635899,1.343298316,3.494160891,2.951348305,2.18615675,2.776845217,2.716239214,3.090791941,1.491580606,2.918605089,2.190400124,3.186164141,2.262861729,2.06205821,1.407712579,1.683616757,3.005181551
1042,0.1058009043,0.4535616934,1.144437313,3.517353773,2.989703894,2.138435125,3.176892281,1.915479064,2.643474817,1.317679763,2.898049116,2.094684839,3.216281176,2.137072086,1.948713183,1.430202484,1.546344399,2.995771408
1043,0.07588786632,0.4705428183,1.083133698,3.535075903,2.951794386,2.092262983,3.000784636,2.199113131,2.820411682,1.278292775,2.906675577,2.093514204,3.203950167,2.10228467,1.893821716,1.449859023,1.540956497,2.982071638
1044,0.05795052648,0.4665460587,0.9068112969,3.551592588,2.984241724,2.033363819,3.453545809,1.445314765,2.355488539,1.116901994,2.875869751,1.993651986,3.227475405,1.979259133,1.783239007,1.469869614,1.406331658,2.962352753
1045,0.09917646646,0.5209290385,1.051322103,3.566216707,2.871667862,2.008488655,2.657970905,2.99687767,3.274487257,1.294499993,2.951073408,2.168808937,3.174543142,2.096005678,1.843485713,1.487166762,1.635567069,2.950010538
1046,0.05838094279,0.4370654523,0.4802484512,3.575457573,2.889508247,1.893819809,3.155057192,1.352944732,2.302505493,0.6834910512,2.743454695,1.654969096,3.186382532,1.6205616,1.402367592,1.505064487,0.9833943248,2.904983521
1047,0.08194237202,0.5408377647,0.8516405225,3.594656706,2.88824439,1.879620552,3.241954088,1.918799043,2.680508614,1.139466882,2.949408531,2.122448921,3.193702936,1.962004304,1.71168673,1.526492,1.567143083,2.896025419
1048,0.09911397845,0.5105646253,0.5800179839,3.607592344,2.855559587,1.82677412,3.179586649,1.666750312,2.528209448,0.8454142213,2.853741884,1.880907655,3.180863619,1.739659309,1.487679839,1.548447728,1.255683541,2.872755051
1049,0.07894972712,0.4977982938,0.397760421,3.613408089,2.879631758,1.746072769,3.748124361,0.8673799634,1.94210875,0.6431349516,2.778855085,1.706965446,3.194271088,1.563295364,1.329218745,1.566411614,1.044123292,2.83352685
1050,0.08048722893,0.5269610286,0.4023935795,3.612363577,2.723320007,1.681522369,2.739962339,2.111871481,2.804484606,0.6620060205,2.787157297,1.746215463,3.108823061,1.572510123,1.283136845,1.582229257,1.097945571,2.795632601
1051,0.08618888259,0.5323194861,0.3354845047,3.617934942,2.749537706,1.617523193,3.304707766,1.287921786,2.276428223,0.5963808298,2.773516893,1.714959502,3.123796701,1.503886819,1.224251509,1.595222592,1.062675357,2.753316641
1052,0.1259076148,0.5380685329,0.2669607997,3.617714167,2.656159639,1.551220894,2.880903959,1.723902822,2.569627047,0.513833046,2.735459089,1.64577055,3.071429968,1.42143476,1.116679311,1.608807206,0.9862654805,2.709034681
1053,0.08524570614,0.5199181437,0.1487603635,3.614688158,2.684137344,1.454897881,3.666692019,0.6818491817,1.766127944,0.3348270357,2.634018421,1.442427993,3.082674026,1.227835774,0.9486457705,1.617412448,0.7613913417,2.64648366
1054,0.09997978061,0.5328498483,0.1364556402,3.598395109,2.458285093,1.36111784,2.317146301,2.170988798,2.832678556,0.2995605767,2.58547163,1.396464944,2.950215578,1.180776238,0.8413221836,1.619207263,0.7273654938,2.574748278
1055,0.1015005633,0.6291014552,0.3623195887,3.600581884,2.54575038,1.363697886,3.315193892,1.531386971,2.436310768,0.6783323288,2.820290804,1.930661798,2.998692274,1.530262947,1.164150715,1.622601628,1.366039753,2.540952682
1056,0.1082643047,0.5608189106,0.1815858632,3.590736389,2.46887517,1.305932999,3.145808458,1.206212401,2.201226234,0.3563250601,2.611605883,1.521308422,2.950715065,1.239622474,0.8836467862,1.622511506,0.8908773065,2.480038404
1057,0.08396198601,0.5960050821,0.2305173427,3.586143732,2.439654589,1.280150294,3.259617805,1.251802325,2.232242823,0.4380432665,2.656340361,1.655516624,2.931284904,1.319913268,0.9392035007,1.626887679,1.058828712,2.437014103
1058,0.09774046391,0.6150550842,0.2577331364,3.579936028,2.378555536,1.26413095,3.060438871,1.538837433,2.429713249,0.4657050669,2.656982899,1.700937152,2.893850327,1.345263839,0.9386110306,1.629288554,1.127098083,2.395928144
1059,0.1009339392,0.5465192795,0.1886100024,3.570386171,2.348476171,1.192864537,3.331378222,0.8207290173,1.863593102,0.2207140923,2.450986624,1.306607366,2.870801687,1.070692658,0.6940975189,1.632196903,0.6924526691,2.334521055
1060,0.1056129411,0.5711869001,0.2171118855,3.558283091,2.305014849,1.145188212,3.435613632,0.8328318596,1.863593102,0.2611944973,2.464615822,1.389586091,2.839820862,1.127067685,0.7251794934,1.632890105,0.7977044582,2.278620958
1061,0.0680398196,0.6667405963,0.3305813074,3.55031848,2.294018507,1.158764482,3.637336731,1.035694599,2.038846016,0.5110115409,2.62448597,1.782518983,2.829806089,1.383633614,0.9347138405,1.633670449,1.272833705,2.246931791
1062,0.07304786891,0.6021686196,0.2997927368,3.537255049,2.144227743,1.131018162,2.663272142,1.709342957,2.518263578,0.3246843517,2.437762022,1.459569573,2.740092039,1.207217813,0.7436811328,1.632428169,0.9149585366,2.196205139
1063,0.06169934198,0.693898499,0.4316573143,3.53758359,2.144743443,1.156693339,2.898387194,1.881795526,2.626698494,0.5582517982,2.585630894,1.813840508,2.740352392,1.434405804,0.9267792702,1.633398414,1.35057199,2.167816401
1064,0.0736008808,0.7005292773,0.480761528,3.534929991,2.160645485,1.180680037,3.28801918,1.420817852,2.316178083,0.5756685138,2.568425894,1.822084427,2.747896194,1.455664277,0.9464896321,1.633461595,1.376814365,2.141447783
1065,0.07697028667,0.6317194104,0.4791453779,3.527163267,2.185350895,1.16937077,3.942667723,0.7666909099,1.70311892,0.4252290726,2.40482831,1.546085477,2.757916689,1.323852897,0.841490984,1.632936954,1.069402218,2.102672577
1066,0.06537982821,0.5509138703,0.5681850314,3.5085361,2.09172678,1.11375463,3.537614584,0.7901446223,1.681218624,0.3098452389,2.180869341,1.194425464,2.697354078,1.162107944,0.6874022484,1.63132894,0.7137557864,2.045665026
1067,0.04783442616,0.6438741684,0.6097235084,3.500473738,2.109257936,1.112073302,4.113390446,0.7853059769,1.597936511,0.4603289366,2.301257133,1.491854191,2.703845739,1.367063046,0.8552420139,1.632725716,1.056622386,2.010839224
1068,0.0727949366,0.7284989357,0.7026308179,3.488384247,2.042648077,1.140535951,3.60411334,1.108930111,2.000371933,0.6146068573,2.366600037,1.692441344,2.662955284,1.52328968,0.9686414599,1.636950135,1.313278675,1.990068316
1069,0.05116789415,0.4842363596,0.9948268533,3.476150513,1.963569999,1.049460292,3.483360291,0.9034740329,1.513744712,0.4157681465,1.866901398,0.8663650155,2.612375259,1.132566094,0.6444995999,1.634382248,0.4953217506,1.919754028
1070,0.07082369179,0.5580542088,0.9126955867,3.460666656,1.863525987,1.010648727,2.917331696,1.175195694,2.006390333,0.4442106187,1.969581962,1.103078008,2.548681021,1.295991778,0.7455406785,1.632056832,0.7216983438,1.870234013
1071,0.05706780031,0.4602758586,1.268715143,3.452974319,1.842005134,0.9331472516,3.390749931,1.049816132,1.535272956,0.5167971253,1.739911199,0.790915668,2.531719208,1.186065912,0.6643230319,1.626520038,0.4809976518,1.801354408
1072,0.05643455312,0.5036916733,1.219455361,3.43833828,1.897549629,0.8947629929,4.736462593,1.66234982,1.250005841,0.5201435685,1.78818512,0.9302515984,2.5563941,1.302028537,0.7531681061,1.623531699,0.608727634,1.748739362
1073,0.05618910491,0.4851715565,1.397328734,3.403168678,1.768109441,0.8594287038,3.747994184,1.350057006,1.477398396,0.5971181989,1.671149254,0.8308556676,2.470187187,1.31615448,0.7540819645,1.624091625,0.5600280166,1.696911454
1074,0.0491796881,0.5108964443,1.439679503,3.38788414,1.651571274,0.8407533765,2.86680913,1.280303478,1.882253289,0.6354247928,1.662976265,0.886253655,2.397403002,1.401681542,0.8027275205,1.624783874,0.6278440356,1.652726531
1075,0.04926948249,0.5103573203,1.564869881,3.388218641,1.604767203,0.8289858699,2.75633049,1.36926651,1.966344476,0.693726778,1.631346107,0.8936187625,2.370217323,1.468936086,0.8477513194,1.625289798,0.656783402,1.612212658
1076,0.05758200213,0.4180442393,2.128561258,3.403996229,1.591282845,0.8017511368,3.139535189,1.644450784,1.702920914,0.940603435,1.427185893,0.6676595211,2.368854523,1.47570312,0.8758904338,1.628491998,0.5523571372,1.562991023
1077,0.04948925972,0.3782812655,2.580229044,3.404483557,1.518642068,0.7684375644,2.909183502,1.814982057,1.766530037,1.180068374,1.30571568,0.5830881596,2.325841665,1.542282462,0.9421331286,1.626048088,0.5725210905,1.505661368
1078,0.06317747384,0.4330556393,2.348113298,3.407393694,1.55755806,0.7688010335,3.941922426,2.581372976,1.707696557,1.048513532,1.397375703,0.7407858968,2.350387573,1.671641946,1.012643218,1.627115846,0.6443879008,1.468215346
1079,0.06168341637,0.5412669182,2.115193129,3.399152517,1.578171372,0.8058309555,4.471429825,2.930250406,1.780939698,0.9840889573,1.516971946,0.961350441,2.362050295,1.815853119,1.108734131,1.639518142,0.8166272044,1.45751667
1080,0.05465138331,0.4617584944,2.512938738,3.359417677,1.495361328,0.8122172952,3.688203096,2.749735594,1.861434937,1.180680871,1.322744966,0.765679121,2.300288439,1.817328095,1.135623336,1.640354753,0.7214086056,1.426559091
1081,0.06612798572,0.327838093,3.726320505,3.351709127,1.423410416,0.8049839139,3.321582079,3.638623476,1.966602683,1.91783762,1.030552864,0.5520198941,2.254911184,1.907174706,1.28471601,1.639421105,0.8465676904,1.378520012
1082,0.06728910655,0.4052450657,3.137326956,3.340007067,1.341246963,0.8195458055,2.527894258,2.333214045,2.140659571,1.536858916,1.153692842,0.6871333122,2.200740576,1.984417915,1.30025506,1.638712287,0.7819769979,1.348156571
1083,0.0688489601,0.3391699493,3.817875624,3.359165192,1.310502648,0.8405690193,2.480335474,2.736035585,2.193339348,1.941356182,1.031260371,0.6311419606,2.189258099,2.117139816,1.447509289,1.638715148,0.8834661841,1.316755295
1084,0.05966374651,0.2944992781,4.462370396,3.37479043,1.289315343,0.8641650081,2.659394503,3.514730453,2.277697802,2.337595463,0.9433092475,0.6255183816,2.181913137,2.272357225,1.605007172,1.633185863,1.021739602,1.280323625
1085,0.04770481214,0.4035511017,3.594837427,3.383716345,1.298670173,0.903026104,2.948465347,3.357648849,2.366108418,1.767950535,1.127515793,0.7850639224,2.192414045,2.319659948,1.557696342,1.637921929,0.9031212926,1.271800876
1086,0.04024840519,0.360313803,4.001711369,3.379082918,1.274889946,0.9386267662,2.745340109,3.524956465,2.447445631,2.019105196,1.042753577,0.752176106,2.17615962,2.421105146,1.671868324,1.638425827,0.9619712234,1.258448243
1087,0.05078949407,0.2827452421,4.959895611,3.400672913,1.255772114,0.9969765544,2.521624565,4.028671741,2.586187363,2.643273115,0.9069156647,0.7305145264,2.172163725,2.62333703,1.911392093,1.643784046,1.177555203,1.249935269
1088,0.05590196326,0.2702870071,5.18637228,3.407833338,1.222549081,1.044378757,2.141837835,3.59016037,2.655793905,2.774839401,0.890856564,0.7614665031,2.151397943,2.746311903,2.033489466,1.638939261,1.231735826,1.233862877
1089,0.06169978902,0.302644521,5.083424091,3.461871862,1.269119263,1.125383258,2.700724602,4.712310314,2.867582321,2.676047325,0.9590043426,0.8325579166,2.204311609,2.878600359,2.103312492,1.657439232,1.212721586,1.252940178
1090,0.0702701807,0.2783840001,5.622543812,3.49084568,1.283837676,1.207925439,2.696993589,5.37620163,3.063845634,3.042318344,0.9201930165,0.8791865706,2.225113153,3.068347216,2.298848391,1.670248032,1.374394894,1.268485188
1091,0.0645833388,0.2990705371,5.631642818,3.516059875,1.293809533,1.288343549,2.402633905,4.825895786,3.105348587,3.049515486,0.9542294145,0.9368352294,2.239808798,3.182986498,2.401483774,1.683713913,1.399714351,1.28953445
1092,0.06049142405,0.3166378438,5.704717636,3.553786993,1.324235439,1.369973063,2.450695753,5.137390137,3.255033255,3.095477819,0.988846302,0.996448338,2.273921728,3.311461449,2.507234097,1.700358987,1.438966155,1.318380713
1093,0.07284770161,0.2455647439,6.962279797,3.596998215,1.351682186,1.47901535,2.458703041,6.4839921,3.585232735,3.980988741,0.8978488445,1.098100781,2.307070255,3.644178391,2.882432222,1.712459683,1.854137778,1.346070647
1094,0.07421681285,0.247626707,6.957664013,3.596998215,1.347988129,1.551024437,1.945323586,4.979297638,3.422756195,3.965831995,0.9166753888,1.128886104,2.29718399,3.725056648,2.980503798,1.705366611,1.843753457,1.35283947
1095,0.06844825298,0.2274128199,7.403319836,3.634837389,1.378651619,1.642069221,2.596968889,7.858460903,4.019072056,4.250375748,0.9169185758,1.195127368,2.336315393,3.919580221,3.131591797,1.70436132,1.971875191,1.372712612
1096,0.06389064342,0.2159845978,7.887128353,3.645305872,1.400231361,1.749733925,2.141974211,6.824968815,3.921075583,4.614445686,0.9166930318,1.293352246,2.347312212,4.111040592,3.364236116,1.704725266,2.175768852,1.400090814
1097,0.06167341769,0.2025570124,8.289901733,3.666840315,1.424593925,1.854516625,2.002458096,6.777471066,4.002646923,4.893033504,0.9263736606,1.374263644,2.365718126,4.29238081,3.560651064,1.698911309,2.318563223,1.424321771
1098,0.06965439767,0.2519610822,7.402173996,3.694271088,1.45890522,1.923802018,2.004424334,6.216738224,3.974847794,4.217368603,1.025370359,1.315547347,2.396405458,4.203365326,3.410446882,1.702081203,1.955544472,1.45847559
1099,0.05787415802,0.1875969768,8.845925331,3.707478523,1.481727004,2.023649931,2.004883051,7.716825008,4.356485844,5.275928974,0.9621375203,1.509817719,2.412228823,4.592169762,3.85881114,1.690050483,2.513394594,1.481895447
1100,0.0685383901,0.1886059791,8.793147087,3.702467203,1.494907975,2.101456881,2.141456366,8.760458946,4.642961502,5.220624447,0.9869629741,1.52380836,2.417809486,4.645055294,3.890311003,1.673754096,2.466665745,1.499894142
1101,0.06959598511,0.1765953302,9.387867928,3.695450783,1.522821784,2.204935074,2.021571159,9.07710743,4.782612324,5.678115845,0.9928610921,1.652571678,2.426882505,4.848517895,4.130546093,1.658223152,2.731729507,1.52709806
1102,0.07639303058,0.1696338207,9.95592308,3.68296361,1.539945602,2.315042973,2.117496729,10.78281879,5.24366188,6.112897873,1.005821705,1.782788277,2.430423021,5.044605732,4.340007305,1.636532784,2.985707045,1.55164969
1103,0.0728091076,0.1863501668,9.285969734,3.67455411,1.575512052,2.40491724,2.073734999,10.31480503,5.203418732,5.613353729,1.062397003,1.71211493,2.446715355,4.950988293,4.226207256,1.625243545,2.692378998,1.589479327
1104,0.07135591656,0.1864651591,9.902335167,3.695145845,1.637277961,2.541960716,2.001353979,10.98388386,5.467028141,6.113775253,1.107036233,1.889953971,2.489686728,5.194339752,4.502157688,1.624470115,3.013166428,1.65176487
1105,0.06716683507,0.1878498346,10.46288967,3.700157404,1.701397777,2.680265188,1.811410069,10.54109001,5.440053463,6.573645115,1.153638721,2.062326193,2.52299428,5.413789749,4.774900436,1.612487793,3.314228296,1.705603242
1106,0.07690020651,0.1949437708,10.31797409,3.721961975,1.759749413,2.805986404,1.788068771,10.66608429,5.559810638,6.464555264,1.212932706,2.08275938,2.564100027,5.463426113,4.821411133,1.60446775,3.245517731,1.765802383
1107,0.07316157967,0.1986203939,10.63589573,3.730644226,1.818783402,2.927538872,1.720332265,10.83060551,5.676958561,6.729412079,1.265469909,2.203602791,2.598258972,5.618867397,5.005234718,1.590036035,3.419948578,1.821269989
1108,0.07362578809,0.2063985318,10.59098434,3.720412493,1.840918064,3.01947403,1.815832734,12.57967663,6.194530487,6.710044861,1.309466839,2.238079309,2.609020472,5.657181263,5.028049946,1.568426728,3.409796715,1.864360809
1109,0.07571335137,0.2252472788,10.02415085,3.70335269,1.912127018,3.087144613,1.641038537,10.54646969,5.698465347,6.311918259,1.362091899,2.179876328,2.637892723,5.54711771,4.945999622,1.55305481,3.182463884,1.913273454
1110,0.06980315596,0.2266870886,10.7353363,3.70977664,1.971183777,3.194855452,1.607730389,11.46640873,6.014683247,6.903177261,1.422184825,2.403155565,2.672619581,5.803268909,5.24307251,1.536623597,3.579110384,1.972385049
1111,0.07258976251,0.2354353666,11.35349274,3.713070631,2.038363218,3.324808836,1.555391908,11.95204163,6.213652134,7.423980713,1.493054748,2.617701292,2.708647728,6.036518097,5.522618771,1.515636086,3.938817024,2.034098387
1112,0.071183227,0.2428444177,11.10916615,3.723396301,2.124400854,3.43667984,1.495131612,10.75035572,5.936538219,7.24885416,1.55348742,2.61350131,2.756385565,6.02987051,5.545480728,1.498235703,3.82937336,2.0997293
1113,0.06367176026,0.2512313128,11.08401871,3.73908329,2.17005229,3.533863783,1.49601078,11.87202454,6.321187496,7.241191864,1.613646626,2.655314445,2.790312529,6.082754135,5.589921474,1.479931474,3.825152636,2.16359663
1114,0.07042908669,0.2620229125,10.98604679,3.740906954,2.250157118,3.61623764,1.457439065,11.02906895,6.125389099,7.198135376,1.675097823,2.694093704,2.832392454,6.101890564,5.642999649,1.460645318,3.814526796,2.224941254
1115,0.06289086491,0.2750469148,10.67576694,3.736632586,2.317634821,3.663365126,1.441765428,10.12750149,5.891075134,6.979425907,1.72052002,2.664430618,2.864897966,6.044289112,5.607820034,1.438972831,3.679234266,2.27525115
1116,0.07275459915,0.2900110483,11.53609943,3.768244982,2.386436462,3.781986237,1.426926255,11.55643177,6.389231205,7.692390442,1.8202672,2.958955765,2.916857481,6.370641708,5.966592312,1.422610879,4.172882557,2.353423119
1117,0.06674723327,0.2969566882,10.04302406,3.785041094,2.47211957,3.795122147,1.450699329,9.281792641,5.733726501,6.519007206,1.835737586,2.603155613,2.969784498,5.958404541,5.534358978,1.411729693,3.391022444,2.414277077
1118,0.06449673325,0.3143398464,11.59423923,3.812481642,2.542578697,3.90329051,1.438428402,11.0614357,6.346402645,7.797702789,1.960865617,3.099667788,3.019858599,6.497196198,6.136821747,1.392428875,4.275138378,2.488677263
1119,0.06289475411,0.3242450655,11.55576324,3.845417261,2.649084091,4.007085323,1.492586017,10.18962097,6.129651546,7.78388834,2.035288572,3.145088911,3.08890152,6.547714233,6.221547604,1.376760483,4.271514416,2.569151163
1120,0.06019910052,0.3288151324,10.93819523,3.864909172,2.708089828,4.046354771,1.48915422,9.801451683,6.044188023,7.29365921,2.06507206,3.001623154,3.129811287,6.395051479,6.056835175,1.358059525,3.929103136,2.629620552
1121,0.06356554478,0.357419759,11.79364777,3.895057917,2.757740736,4.144365788,1.426931024,11.72062778,6.71728754,8.011948586,2.179509878,3.315778732,3.172582626,6.723165989,6.403305054,1.338242531,4.438689709,2.705685854
1122,0.06898429245,0.3785306215,11.78585815,3.890479088,2.820347548,4.213487148,1.428240776,11.68121624,6.732573986,8.043464661,2.2445755,3.376727104,3.203512192,6.747570038,6.454631805,1.311004519,4.479549885,2.762634277
1123,0.06912324578,0.3802225292,11.39969921,3.918994904,2.927415848,4.284214497,1.513967156,10.47021484,6.38414526,7.759511471,2.302201509,3.32250905,3.272172928,6.672726154,6.405915737,1.295518875,4.296982288,2.840622902
1124,0.06810556352,0.4180979431,12.11821079,3.947239876,2.990423918,4.387640476,1.470673561,11.83495426,6.886522293,8.376919746,2.425593853,3.616139174,3.319954634,6.959169388,6.71762228,1.273144364,4.750785351,2.919195175
1125,0.06161130592,0.4249987304,11.84363556,3.962116241,3.059936523,4.460178852,1.471128106,11.74016571,6.894113541,8.182770729,2.481742382,3.589736223,3.364527941,6.90655899,6.675385952,1.249640822,4.6278615,2.988698721
1126,0.05969276652,0.4680940211,12.47362041,3.985684156,3.134455919,4.577037334,1.448067069,12.84011078,7.309771061,8.743600845,2.616245031,3.879381418,3.415994644,7.164138794,6.965158939,1.225144029,5.059866428,3.071437836
1127,0.06056854501,0.4493688047,11.72782421,4.006063938,3.216205359,4.640569687,1.473702908,12.07776165,7.096591949,8.163853645,2.642371416,3.698168516,3.470127106,6.953227997,6.756791592,1.20483458,4.661936283,3.146802187
1128,0.06362848729,0.4469012916,11.34199047,4.028504848,3.324064255,4.680268764,1.609899879,10.77791882,6.687089443,7.893266201,2.697274208,3.647359848,3.537085295,6.858930588,6.694547176,1.186917305,4.499560833,3.219316483
1129,0.05868496373,0.477424413,11.63941288,4.054019451,3.433051348,4.737208843,1.774188161,10.13762951,6.496408463,8.180846214,2.80395627,3.824874163,3.604660034,7.000723362,6.88751936,1.165848255,4.735892773,3.292001963
1130,0.07210464031,0.5156700611,11.88621998,4.071242809,3.379240751,4.794119835,1.352325439,14.20912266,7.947040558,8.412739754,2.894450426,3.96728158,3.593590498,7.116981506,6.939676762,1.139570832,4.918495655,3.355602264
1131,0.07096707076,0.515815556,11.62535095,4.075661659,3.578446627,4.850172997,1.848250985,10.21673393,6.574337482,8.273133278,2.97193408,3.988355637,3.694802999,7.052125931,6.987417698,1.11671865,4.87741375,3.426207304
1132,0.06866133958,0.5533490777,11.89118671,4.106013298,3.554034472,4.922063828,1.463807702,13.55273151,7.800592422,8.521157265,3.075348139,4.145120621,3.70369029,7.185051441,7.070797443,1.092803955,5.076057911,3.500567675
1133,0.07679980248,0.5585642457,11.73978138,4.12308836,3.613956451,4.991757393,1.410996318,14.24926281,8.08304882,8.461807251,3.16382122,4.197350979,3.74763298,7.164366245,7.056546688,1.070705414,5.086856365,3.578139305
1134,0.08861970901,0.539029181,11.13678455,4.117690086,3.704894304,5.009523869,1.543337464,12.79207611,7.589491367,8.037043571,3.195779562,4.084478855,3.794943571,6.960272312,6.88722229,1.046282887,4.834971428,3.634185076
1135,0.08434718847,0.5875050426,11.55511761,4.126390457,3.765904665,5.074085236,1.52021122,13.7670393,7.966058254,8.466938019,3.348027945,4.365300655,3.834489107,7.137178898,7.092057705,1.020494819,5.224966526,3.703553438
1136,0.099655509,0.5508970618,10.83102798,4.133797169,3.87109828,5.093929768,1.716295242,11.9477129,7.334754944,7.926874638,3.360203505,4.189325809,3.8944695,6.890722275,6.880345821,0.9980387092,4.875471592,3.764756203
1137,0.1043785885,0.5136863589,10.07012272,4.147428989,3.936156034,5.066333294,1.803883433,10.96392536,6.992857456,7.347593784,3.351812601,3.980536222,3.937785387,6.623357296,6.61870718,0.9788331985,4.489125729,3.815271378
1138,0.09592110664,0.5327046514,10.11015701,4.16762352,3.993656397,5.061162949,1.835235238,11.16989136,7.096896648,7.450288773,3.450306892,4.102173328,3.980596304,6.661605835,6.672134399,0.9599909782,4.627089977,3.871706724
1139,0.09522267431,0.5000919104,9.415131569,4.177846909,4.046164989,5.006912708,1.929483771,10.26424789,6.769207001,6.928665161,3.437989473,3.912716627,4.01586628,6.406141758,6.42099905,0.9416227341,4.286744595,3.909792662
1140,0.09720233828,0.5177767873,9.342912674,4.185231686,4.055967808,4.962120056,1.834789634,11.00697041,7.068725586,6.940194607,3.509758711,3.986184359,4.029157639,6.388062,6.396551609,0.9220626354,4.359149933,3.944346189
1141,0.1054172292,0.473644346,8.680163383,4.217433453,4.185599804,4.912486553,2.271736145,8.64470768,6.17082262,6.448360443,3.511492968,3.815464973,4.112649441,6.151252747,6.200220585,0.9137356281,4.04853487,3.996561766
1142,0.09109378606,0.5087357759,8.846365929,4.235808849,4.1480937,4.870777607,1.932583213,10.65570641,6.98581171,6.651031494,3.611932039,3.978473663,4.107908726,6.232657909,6.24698782,0.8964748979,4.259705067,4.031207561
1143,0.1148051098,0.5659710765,9.235617638,4.242832661,4.223892212,4.87591362,2.139852285,10.38514805,6.893848419,7.06986475,3.771061182,4.276916504,4.152536869,6.399472713,6.456987858,0.8756151199,4.667758465,4.071547508
1144,0.1400835514,0.5904333591,9.273003578,4.264548779,4.302649975,4.904722691,2.322355986,9.918559074,6.731349468,7.166234493,3.869897127,4.398674965,4.205252171,6.434362888,6.521438122,0.8560464978,4.806114674,4.123381138
1145,0.09919971973,0.538777113,8.470099449,4.276981354,4.321678638,4.867646217,2.306594849,9.432828903,6.550028324,6.524307251,3.801598787,4.111818314,4.224128246,6.118614197,6.192108154,0.8377979398,4.344938755,4.151926041
1146,0.09124668688,0.5006389022,7.888736725,4.299907207,4.355494499,4.811583996,2.36479497,8.902297974,6.352957249,6.08190012,3.776704073,3.935826063,4.255690575,5.893377304,5.961246967,0.8245177269,4.053127766,4.183150768
1147,0.07552281767,0.4551618993,7.15882349,4.309194088,4.368877411,4.701073647,2.448521376,8.097855568,6.027024746,5.51679945,3.707196236,3.684812546,4.270131588,5.588895321,5.647412777,0.8110656738,3.668726683,4.188676357
1148,0.08685482293,0.4807087183,7.222539425,4.335872173,4.428632259,4.640231609,2.692900419,7.599516392,5.83366251,5.63954401,3.80365634,3.822312117,4.315629959,5.632826328,5.71099472,0.800802052,3.83575058,4.215785503
1149,0.08491524309,0.4061134756,6.239019394,4.348789692,4.422203541,4.498225689,2.745979309,6.673054218,5.437980652,4.83988142,3.655616045,3.416227579,4.321231365,5.207248211,5.26174593,0.7906578183,3.250159979,4.208839893
1150,0.06649631262,0.2512706518,4.392620087,4.368384838,4.290606976,4.222469807,2.231075048,6.593479633,5.414330959,3.303216219,3.298023224,2.561660767,4.268565655,4.353197098,4.308942318,0.7923855782,2.09651041,4.174517155
1151,0.0741282329,0.2287415713,3.99936223,4.385607243,4.31305027,3.967930555,2.623283386,5.260471821,4.811368942,3.052455187,3.286786318,2.486296415,4.290892124,4.16366148,4.125311375,0.7952959538,1.988695264,4.13735342
1152,0.07959567755,0.1682846397,2.996418715,4.39317131,4.207163334,3.644665718,2.482861757,4.723773479,4.556707382,2.264479637,3.081495047,2.045137167,4.242991924,3.638636589,3.545509338,0.7965757251,1.447951674,4.061842918
1153,0.07186201215,0.2748250067,4.076339722,4.410053253,4.170295715,3.514853716,2.447968721,6.449117184,5.374797821,3.286207199,3.448311567,2.779007196,4.235174179,4.207684994,4.103785992,0.7957368493,2.351635933,4.038132191
1154,0.0937647596,0.212788716,3.272315979,4.424425125,4.189979076,3.338000536,2.878310204,4.566850185,4.495313644,2.647879362,3.299124002,2.431792974,4.253587246,3.797789812,3.698949099,0.7975574136,1.904809594,3.996395111
1155,0.06544769555,0.2939321101,3.845384836,4.444078922,4.149649143,3.26026082,2.781819105,5.720327854,5.059690952,3.224738359,3.528022766,2.878291368,4.244211674,4.103649616,3.98289299,0.7966887355,2.462622404,3.979438066
1156,0.07934474945,0.2123704404,2.868632555,4.452022552,4.025032997,3.097736359,2.378002405,5.900165558,5.147853851,2.405621529,3.286636353,2.377168417,4.186089039,3.588078499,3.410667658,0.7955941558,1.833796859,3.92565918
1157,0.06443997473,0.1578065902,2.138966322,4.461861134,4.00426054,2.89862895,2.68398881,4.319246769,4.390229702,1.816522002,3.112538338,2.022548676,4.181195259,3.169343233,2.988676071,0.7991643548,1.411327958,3.861428022
1158,0.06002610549,0.09361890703,1.042298436,4.461452484,3.823607206,2.580388308,2.323363543,3.687802553,4.064218044,0.883541882,2.716300011,1.327734351,4.086978436,2.428515911,2.196089745,0.8013260961,0.6813343167,3.741879463
1159,0.06503516436,0.09484735876,0.5161111951,4.459719181,3.659855843,2.222580671,2.280934572,2.888621092,3.624858141,0.4581211507,2.469618797,0.9614426494,3.999334097,1.960103869,1.691442966,0.8003563285,0.3776204586,3.58504796
1160,0.07848279178,0.1085912958,0.6780844331,4.459058762,3.568706751,1.987508893,2.497445822,3.002691984,3.689235687,0.6461544633,2.61017251,1.213602424,3.950445175,2.116250753,1.81180656,0.8003923297,0.5970105529,3.461391211
1161,0.06407160312,0.1160423979,0.5794999003,4.461596966,3.516434908,1.799300075,2.856704712,2.301072121,3.276298761,0.5817145705,2.592557669,1.197215915,3.921995163,2.014664888,1.70054245,0.8067957759,0.5855109692,3.361572981
1162,0.0664921701,0.1216348633,0.3540244102,4.458763123,3.350754976,1.600705028,2.504523993,2.465340614,3.375567198,0.3703615367,2.441829443,0.9801252484,3.829425812,1.740871787,1.395209789,0.8146039844,0.4071421921,3.251402617
1163,0.05885903537,0.1381177753,0.2264918536,4.455395222,3.193650484,1.395388007,2.294616938,2.398672581,3.333344698,0.2298225611,2.298695326,0.7874588966,3.739799261,1.482667089,1.116834164,0.8216285706,0.2739805877,3.127944946
1164,0.08634432405,0.1729136258,0.2178700715,4.449920177,3.177927732,1.181686163,3.223720551,0.8714923859,2.176015139,0.1654565334,2.135674238,0.5853242278,3.723320961,1.211587787,0.8732380867,0.8276354671,0.1733289212,2.988878489
1165,0.07876536995,0.1721439809,0.241085127,4.433170319,2.995419741,1.02730751,2.82756114,1.365468025,2.614001274,0.1831157357,2.186665058,0.687276125,3.611234903,1.26639998,0.8758535385,0.8303912282,0.2227954865,2.861695528
1166,0.1074002907,0.1817821264,0.3274892867,4.43161726,2.965706587,0.9683691859,3.271015167,1.478012443,2.700654745,0.3379639089,2.448233366,1.090770245,3.590847015,1.559160829,1.118309498,0.8375511169,0.515535295,2.782398224
1167,0.1031583548,0.1926784664,0.3116217554,4.423212528,2.845543861,0.9045063853,3.009451866,1.622514367,2.803714752,0.277167201,2.361447573,0.9885981679,3.517038107,1.441844344,0.9828057289,0.8449810147,0.4360620975,2.699910164
1168,0.1174069047,0.205929175,0.331019938,4.417088985,2.774252653,0.8407312036,3.144212484,1.349227071,2.591392517,0.2417791337,2.291039228,0.9094155431,3.470454931,1.342646241,0.8786508441,0.8538908958,0.3780976832,2.617964029
1169,0.09229442477,0.2516320646,0.5868093371,4.398388386,2.646480322,0.7225020528,3.026739836,0.8642237782,2.121220589,0.2648466527,1.945156097,0.4751273096,3.382899523,0.9522668719,0.5410553813,0.8685609698,0.1452914923,2.509988546
1170,0.07416944951,0.2594147027,0.6468777657,4.38017416,2.528891087,0.6291134953,2.982856512,0.9404370189,2.192183733,0.2736195326,1.95937252,0.5182688236,3.301772356,0.9624692798,0.5254455209,0.8760898113,0.1581883281,2.401689768
1171,0.09796473384,0.2709103525,0.7340270877,4.362789631,2.468843937,0.5561664104,3.398606062,0.7461952567,1.91732657,0.2938089669,1.954232097,0.5396712422,3.253522158,0.9593720436,0.5095487237,0.8828830719,0.1671889424,2.300211668
1172,0.08885391802,0.3564148843,1.445256591,4.322572708,2.341612339,0.4434458017,3.582635164,0.7142990232,1.415309787,0.6712630391,1.648111343,0.2570218742,3.153940916,0.7273447514,0.3390780389,0.8803765178,0.1768303663,2.158760786
1173,0.09715213627,0.3285189569,1.333505154,4.282792568,2.177596092,0.3753736019,3.148995638,0.7337875962,1.750960231,0.5549416542,1.707420945,0.3419425488,3.033900261,0.7949176431,0.3597235978,0.8823096752,0.1400415152,2.043842554
1174,0.09165652841,0.3323683739,1.42801857,4.253706455,2.033143759,0.3287385404,2.737992048,0.8953754306,2.029587507,0.568606317,1.70886004,0.3692348897,2.928777456,0.8104106784,0.3545434475,0.8896643519,0.1385526806,1.946068883
1175,0.08198038489,0.4426931143,2.489466906,4.218574524,1.933894157,0.2590930462,3.048505068,0.8113456368,1.461686015,1.187602401,1.456342697,0.182892248,2.844551802,0.686758697,0.3151193559,0.889355123,0.2793941498,1.81637013
1176,0.09820050001,0.354562521,1.748500466,4.196930408,1.939286232,0.2473738939,3.872413635,0.8598246574,1.399892807,0.6594316959,1.699240804,0.4039380848,2.829735994,0.8216617107,0.3546143472,0.9117339253,0.1456442028,1.752025962
1177,0.105628401,0.4566530287,2.84188652,4.133534908,1.778882623,0.2121276408,3.275805235,0.9381873012,1.329571962,1.305941224,1.447665811,0.2154342979,2.694761276,0.710765779,0.3460586071,0.9231168628,0.2728954554,1.651214242
1178,0.05276596919,0.378922224,2.241424799,4.096163273,1.714555144,0.1974439174,3.557683229,0.9040578008,1.42205441,0.8607671857,1.595877767,0.3598676622,2.63296771,0.8058381081,0.3517204225,0.9250741005,0.1523980349,1.566070914
1179,0.06319282204,0.4341492653,3.044295073,4.043355942,1.616998672,0.175271675,3.730386734,1.297828674,1.20081389,1.305985093,1.412552357,0.2375148535,2.543763399,0.7883167267,0.3847307265,0.9166987538,0.2225839049,1.458349228
1180,0.07406496257,0.4066455066,2.96283412,3.987963676,1.457721353,0.1639316231,2.95844841,0.9554170966,1.538004279,1.197031856,1.418939948,0.2724488676,2.415284395,0.8355959058,0.4015097618,0.9107009768,0.1809577793,1.366317272
1181,0.06724882126,0.4244203568,3.385298491,3.946702719,1.381644607,0.1554691643,3.091164351,1.09485817,1.417654037,1.396202683,1.35057652,0.2428805232,2.342799425,0.8646802306,0.4436827898,0.9085755944,0.2059979588,1.281037211
1182,0.07649448514,0.4003715217,3.300461531,3.904882669,1.339393258,0.1524179131,3.492876053,1.28474319,1.321705818,1.280935645,1.375006318,0.2858433425,2.292091608,0.9067464471,0.4498051405,0.909881413,0.1693906784,1.210615039
1183,0.105686903,0.5322322845,5.065924644,3.835650206,1.220219016,0.1464192718,3.400054932,2.041711569,1.147419453,2.372556686,1.108627439,0.1650384068,2.179060221,0.9762355685,0.6487907767,0.8937613368,0.4707467556,1.101441741
1184,0.08828561753,0.395737797,3.804112434,3.78154254,1.135648847,0.1476393789,3.120382309,1.30510366,1.389191747,1.473732352,1.273133278,0.2622258067,2.095342636,0.9781472683,0.5282034874,0.8956525922,0.1763261408,1.040487647
1185,0.09247567505,0.6668560505,7.022230625,3.707831383,1.016704082,0.1571391672,3.177985191,2.884163618,1.133869886,3.574851274,0.9278244972,0.2154619247,1.977188587,1.19986403,0.9798962474,0.8698065877,0.912211895,0.9190309644
1186,0.08424652368,0.6043822765,6.923269749,3.629486799,0.9003477097,0.1781929731,2.979199171,2.62389183,1.187924504,3.384847641,0.9204545021,0.1951070428,1.857752323,1.243556619,1.003569007,0.8499495387,0.7584781647,0.817892313
1187,0.06984624267,0.5823248029,7.166113377,3.555140734,0.7974742055,0.2056016475,2.81038022,2.575552225,1.22556591,3.442626953,0.89449507,0.1956067085,1.748109698,1.316403508,1.080588937,0.8315811157,0.7261077762,0.7273082137
1188,0.07914523035,0.6046212316,7.84526062,3.480456591,0.7305133343,0.2412503213,3.185355186,3.626081467,1.229373574,3.805639029,0.848849237,0.2210052758,1.662928462,1.435273767,1.217953444,0.8118591309,0.8280906677,0.6402680278
1189,0.06458163261,0.6307478547,8.561166763,3.384583712,0.6334195733,0.2860281765,3.001574755,3.851793289,1.257552028,4.2114048,0.8047084212,0.2598959506,1.545989513,1.556224704,1.386994958,0.7908012271,0.9601610303,0.5565114617
1190,0.05669763312,0.3240461349,5.364194393,3.32633853,0.5989355445,0.267710954,3.016479492,2.195296526,1.319999576,1.982007384,0.9971405864,0.2116420716,1.493801594,1.273693442,0.8451180458,0.791062355,0.1561261863,0.5238431096
1191,0.06864834577,0.400857538,6.838379383,3.253807068,0.5485335588,0.2787013054,3.064378738,3.131607771,1.287225366,2.876929522,0.8542791009,0.1687518954,1.423612595,1.440823197,1.121317863,0.7795742154,0.3648661673,0.4738376141
1192,0.1364413798,0.4355357885,7.657866955,3.172582388,0.4906209707,0.3009278476,3.038836718,3.716725111,1.317682147,3.362167358,0.784696281,0.1819510013,1.343769431,1.570670724,1.302957654,0.7634571195,0.5061879754,0.420208782
1193,0.09967491776,0.3482090533,6.925486088,3.094995737,0.4302670956,0.3023264408,2.546642542,2.609590292,1.323729157,2.819926023,0.807485044,0.1689893752,1.261562705,1.51204741,1.202319264,0.7585070729,0.3106254339,0.3847213089
1194,0.1097121537,0.3582910597,7.438305378,3.030823946,0.4068955183,0.3111320436,2.946358919,3.637467623,1.344916701,3.092573166,0.762172997,0.1721002012,1.215307832,1.609665513,1.311349511,0.7472230792,0.3716560304,0.3458656371
1195,0.09000118822,0.2543437183,6.199045658,2.965541124,0.3747776747,0.2921673954,2.806615829,2.815795183,1.34722805,2.258008242,0.8125152588,0.1855205745,1.163574338,1.500776887,1.099115849,0.7404506803,0.1556293964,0.3215347826
1196,0.1037582383,0.1910705566,4.956071854,2.916373491,0.3675526679,0.2461735755,2.928377151,2.392735004,1.367867827,1.505408883,0.902805984,0.2941182852,1.140089154,1.40047586,0.8750095367,0.7402706146,0.1047459766,0.3109088838
1197,0.1238330975,0.2051018029,5.856703281,2.852101088,0.354565233,0.2264188975,3.028758764,3.159793854,1.356354713,2.024298191,0.7896960378,0.202134192,1.104179502,1.49630487,1.049170017,0.7414863706,0.1193177402,0.2962064743
1198,0.08559244871,0.1657667756,5.060690403,2.793442965,0.3335359097,0.1959018707,2.733387947,2.3902843,1.359063745,1.558776259,0.8351457715,0.2721648216,1.065419316,1.423184395,0.9145318866,0.7437317967,0.1022095308,0.2876466811
1199,0.1119499132,0.1958175749,6.331515789,2.729326963,0.315710336,0.1928549558,2.833797216,3.413265228,1.375128746,2.302230835,0.6979462504,0.1714251786,1.026380062,1.58191359,1.173744202,0.7371246219,0.1564578563,0.2678743303
1200,0.0958917141,0.350374192,9.031600952,2.641628981,0.2749441564,0.2282821685,2.872964859,5.639022827,1.591662765,4.046762943,0.5589269996,0.2325311154,0.9577064514,1.988066077,1.763667583,0.7142322659,0.6651522517,0.2288394719
1201,0.09020471573,0.2244478911,7.57126236,2.556256056,0.244719997,0.2381096333,2.704908609,4.437920094,1.473855019,3.040207148,0.5741155744,0.1595405191,0.8983815312,1.797108293,1.48631227,0.7038937211,0.315467149,0.2062328011
1202,0.1071175337,0.2343178988,8.000434875,2.470155001,0.2194815874,0.2530071437,2.693210602,4.951982021,1.531254888,3.306027651,0.5381845832,0.1737450361,0.842346251,1.875738502,1.600369573,0.6928167939,0.3912196159,0.1836540103
1203,0.1363333613,0.1622574031,7.017912388,2.395352602,0.1995215565,0.2523967922,2.588913918,4.25485754,1.469007134,2.655943632,0.5426717997,0.148625955,0.797209084,1.755987287,1.417525887,0.6824061871,0.2124906331,0.1683952063
1204,0.09694579989,0.09182693809,5.103962421,2.340625525,0.1920663863,0.2118050307,2.395727873,2.774032593,1.351040244,1.516540527,0.6316028833,0.230924651,0.771977663,1.497518659,1.02054584,0.6865188479,0.0939533487,0.1666321009
1205,0.08645177633,0.09592740983,5.754786015,2.282474995,0.1885219812,0.1937462091,2.54182744,3.615898132,1.405746102,1.904619813,0.5574150681,0.1707116961,0.7490923405,1.58568275,1.160956502,0.6848737597,0.09850393981,0.1601449847
1206,0.108133316,0.1090093032,6.372240543,2.213531733,0.1792491227,0.1919170171,2.634988785,4.509805679,1.505570769,2.291171789,0.4951105118,0.1445969343,0.7171971202,1.686803937,1.308787584,0.6764983535,0.1506030262,0.1500824243
1207,0.08982025832,0.09273248911,6.054010868,2.141965151,0.1666601151,0.1864287406,2.48510623,4.195083141,1.472357154,2.112673521,0.4791961014,0.1456045359,0.6813492775,1.650241733,1.262707114,0.6693536639,0.1268445253,0.1422990412
1208,0.1126786768,0.09803745151,6.337454319,2.070644617,0.1546793729,0.1871177405,2.390513897,4.468088627,1.510091424,2.304841757,0.4392035902,0.1378470957,0.6456152201,1.704004288,1.347643733,0.660605967,0.1631366462,0.1337049603
1209,0.0919322595,0.08087852597,5.892492771,2.002849817,0.1459746212,0.1804187745,2.307946682,4.179841995,1.472442627,2.050481081,0.4310140312,0.1391591281,0.6144201159,1.638824344,1.264359474,0.6556528211,0.1256228238,0.1276336461
1210,0.08984322101,0.07122527808,5.427522182,1.943705678,0.139458701,0.172769174,2.171530008,3.764395952,1.427604675,1.791799426,0.4239720404,0.1475309581,0.5890999436,1.580572009,1.184126377,0.6490213871,0.1016827449,0.1245044246
1211,0.1068586931,0.07533849031,4.168527126,1.898279548,0.1429313421,0.1451311558,2.340426207,3.312667847,1.372673512,1.111145616,0.4789450169,0.2414390594,0.5814865232,1.394786954,0.9031017423,0.6494446397,0.1318633705,0.1247027516
1212,0.09633921832,0.09508813173,6.355619907,1.820403099,0.1254469305,0.1536209136,1.893222213,4.314144135,1.493864179,2.44024682,0.3437571526,0.1361753196,0.5360229611,1.727654457,1.425436974,0.6401327252,0.2266121656,0.1163675785
1213,0.1085000038,0.07419383526,5.608566284,1.764188766,0.12568973,0.1532396525,2.220784426,4.796546936,1.568531632,1.985974193,0.3433952034,0.1258499175,0.5189406276,1.609827638,1.252463937,0.6341768503,0.1372499317,0.1116814315
1214,0.09759300202,0.07524269074,5.505788326,1.695509791,0.1194820106,0.1543491036,2.136405706,4.806380272,1.570374608,1.956632972,0.3229473531,0.1236870885,0.4904199541,1.593724251,1.247236133,0.6268010736,0.139897421,0.1077013388
1215,0.09451836348,0.0925418511,5.997423649,1.624129295,0.1104151011,0.164601326,1.912294507,4.969564915,1.600679994,2.299676418,0.2923223972,0.1343617588,0.4563833773,1.684667706,1.392078996,0.615642786,0.2219295055,0.102814354
1216,0.09362920374,0.07918947935,4.368364811,1.573070168,0.1117705107,0.1512330621,2.06014657,4.166668892,1.471951842,1.336738586,0.3171114028,0.1428072602,0.4441353083,1.406960845,1.015368581,0.6122204661,0.09186866134,0.1024941131
1217,0.1069072261,0.08397755772,4.975162029,1.50762558,0.1085525975,0.1513434201,2.014312029,4.965940475,1.602570891,1.740340829,0.2728239,0.1179661155,0.4202981889,1.504713416,1.17072916,0.6053489447,0.1286635548,0.1005718336
1218,0.1155335307,0.1564333886,2.845041513,1.467365265,0.1086087152,0.1205742657,1.901771665,2.881041765,1.263570547,0.6145737171,0.3681789935,0.2908838987,0.4137383401,1.143371463,0.6790859103,0.6076005101,0.2420799732,0.101319544
1219,0.135126397,0.09715151787,4.981170177,1.399430752,0.1055494547,0.1255897582,2.005864143,5.654263973,1.719484448,1.859282851,0.2367990464,0.1184957251,0.3889098167,1.482235312,1.176585197,0.6012724638,0.1730902791,0.09777907282
1220,0.0845149532,0.104568541,4.189191341,1.336018205,0.1034794822,0.1262849718,1.897665977,4.87113142,1.575010777,1.415588498,0.2330921143,0.1114571914,0.3675044775,1.334982038,1.007635713,0.595076263,0.1074505076,0.09743540734
1221,0.06372242421,0.1320617348,3.423839569,1.283320189,0.1059959754,0.1212660596,1.99306488,4.633796215,1.532112122,1.015785336,0.2394577712,0.1332497448,0.3563447297,1.194509864,0.8351120353,0.5910775065,0.09694304317,0.09923065454
1222,0.1296226233,0.1308766752,3.788906336,1.220406055,0.1050495729,0.1244737804,1.788361669,4.870597839,1.575723648,1.280095696,0.2072176337,0.1109083071,0.3359705508,1.252121806,0.9424788356,0.5844728947,0.1100680009,0.1007623896
1223,0.07305172086,0.1447699219,3.642708063,1.162768722,0.1047639623,0.1268108189,1.672283292,4.729115009,1.548024178,1.240790367,0.1949032098,0.1104197875,0.3181378841,1.218603492,0.9244320393,0.5781475902,0.1136715412,0.1018053889
1224,0.07571125031,0.1576253027,3.591595411,1.10891819,0.1066928282,0.1319007427,1.691557288,5.117805004,1.628994942,1.256979585,0.1830821037,0.1115293205,0.3038540781,1.206562877,0.9264804721,0.5710056424,0.1255237609,0.1041104123
1225,0.05854629353,0.1838860065,3.110420227,1.052712798,0.1067483425,0.1292422116,1.706101775,4.950377941,1.589399457,1.01956892,0.1785014868,0.1127178892,0.2884835005,1.099693418,0.8150709271,0.5674392581,0.1067691222,0.1043001786
1226,0.07389410585,0.2800813019,2.012262106,1.010064483,0.1068521813,0.1147317663,1.664148927,3.665636063,1.321209073,0.4779939651,0.2117422223,0.1934470385,0.2811076343,0.8749504685,0.5493080616,0.5703782439,0.1820458621,0.1041401848
1227,0.06880125403,0.2392959148,2.428440094,0.9571684003,0.1071499363,0.1118667796,1.684620857,4.722770214,1.525907516,0.7405039668,0.168134883,0.1194261536,0.2680096626,0.9274004102,0.6484777927,0.5689222217,0.1045718715,0.1043065265
1228,0.05813409388,0.2582240403,2.305896997,0.9052990079,0.1099623516,0.1142855212,1.636381507,4.808498859,1.542837143,0.7211332917,0.1590381116,0.117549859,0.2566628456,0.8922157884,0.630525291,0.5645270348,0.1072043553,0.1076465473
1229,0.08803909272,0.2680343091,2.358762264,0.8462479711,0.1099655256,0.1143690348,1.531496644,4.951951981,1.557374358,0.8071439862,0.1482681334,0.1103667915,0.2394781262,0.8742583394,0.6444436908,0.5679132342,0.1125113741,0.1082627773
1230,0.07342553884,0.4165987968,1.272948623,0.8094425797,0.1107210293,0.1073486209,1.623838902,3.721696138,1.284912586,0.2857582569,0.1872595698,0.2116845995,0.2350958735,0.6466558576,0.3806139529,0.5703088641,0.2294743061,0.1079205051
1231,0.09059277922,0.3832465112,1.425406575,0.7619541287,0.1115580723,0.1078737155,1.485667825,4.030080795,1.342743278,0.3904311657,0.154302299,0.1453159451,0.2248631269,0.6528182626,0.4214848578,0.5684174895,0.1403116733,0.1095593199
1232,0.1043746248,0.4060404301,1.311462045,0.7187296748,0.1130593643,0.1100703701,1.340192437,3.743934631,1.274304628,0.3718820512,0.1473972052,0.1408226043,0.2159712166,0.6140675545,0.4021172822,0.5660217404,0.137297973,0.1119102612
1233,0.1049356833,0.4366483688,1.16857779,0.6806920171,0.1158606112,0.113074474,1.346290946,3.842603683,1.292841554,0.3361841738,0.1446540803,0.143430084,0.2097562999,0.5714972615,0.3725538254,0.563634932,0.1427550465,0.1145807132
1234,0.08961755037,0.4299514592,1.215061784,0.6393300891,0.1186242104,0.1169805229,1.218231559,3.908066034,1.304891944,0.395922035,0.1331859976,0.1244171038,0.2014989406,0.567234993,0.3925723135,0.5599871874,0.1217326149,0.1180782542
1235,0.07774823159,0.5534226894,0.75871557,0.6085460186,0.1207515001,0.1205553785,1.217254281,3.170845747,1.132365942,0.2138738781,0.1581546068,0.1900927275,0.1977145672,0.4608139694,0.2869597971,0.558996439,0.2141025662,0.1200705692
1236,0.08605318516,0.6579748988,0.535790503,0.5819990039,0.1214434132,0.1269622892,1.110210776,2.480952263,0.9686560631,0.1759500653,0.1829547137,0.2579543293,0.1949428916,0.4022042453,0.2380121499,0.5589453578,0.324110508,0.1213417351
1237,0.07160439342,0.4025742114,1.449280739,0.5404794216,0.1242026612,0.1245111749,1.124135971,5.305418015,1.636262298,0.6800217628,0.1266200542,0.1462073475,0.1845399886,0.5865057111,0.4584146738,0.5499480367,0.1990609914,0.1239039004
1238,0.07343926281,0.63069278,0.5419978499,0.5132554173,0.1311010271,0.1330405325,1.206338286,3.536272049,1.214303493,0.1936573237,0.1553850174,0.1852961779,0.1842633337,0.3749400675,0.2493115515,0.5488667488,0.2083077878,0.1302611083
1239,0.08155744523,0.7342403531,0.396674037,0.4854341447,0.1360415369,0.1427962184,1.218748569,3.214911222,1.134049892,0.1864839345,0.1812728643,0.2437930852,0.1831917018,0.3297347724,0.2210232019,0.5484040976,0.3013756275,0.134924829
1240,0.08231598139,0.6271369457,0.4886294901,0.4480809271,0.139007628,0.1467895657,1.078676224,3.768077135,1.264876246,0.2111045122,0.1463977695,0.1537648588,0.1769702435,0.3338005245,0.2421749681,0.5458189845,0.1568330526,0.1387240291
1241,0.09100749344,0.8242897987,0.3071711957,0.4238751829,0.1415393949,0.1572097689,0.9902956486,2.543910265,0.9565172195,0.2108684182,0.1955232173,0.263587743,0.1752902865,0.2759398222,0.2059769779,0.5454105735,0.3320665658,0.1417616606
1242,0.1030652002,0.6627109647,0.3764966726,0.391456753,0.1427102536,0.1570078731,0.8787477612,3.344404459,1.151807904,0.1978048235,0.1485869288,0.1502296329,0.16868864,0.2796334922,0.2164754719,0.5426635146,0.1486984342,0.1435130239
1243,0.08749154955,0.9230354428,0.2800773084,0.3739643097,0.1438383907,0.168153584,0.9055800438,2.253817558,0.870083034,0.2607358396,0.2123896629,0.2893998027,0.1672190428,0.2358959913,0.2006924599,0.542789638,0.3749563694,0.1445919126
1244,0.1035953388,0.6696233749,0.3196273148,0.3486554623,0.1509472877,0.1685327291,0.7493821979,3.318307877,1.147508025,0.2053429335,0.1564201266,0.1539518237,0.1668447256,0.2482026368,0.2051520348,0.5394685864,0.1501212269,0.1523564607
1245,0.08938620239,0.9214629531,0.2629318237,0.3357376158,0.1578638405,0.1828244925,0.4867183268,1.233079195,0.5976784229,0.2531691492,0.2186816186,0.2577806413,0.170968011,0.2096951008,0.1995031983,0.540032208,0.3052988648,0.1606201082
1246,0.07602220774,0.6508143544,0.3079454005,0.3280457556,0.1667423844,0.1801044196,0.4511306584,2.403481483,0.9219555855,0.2374749929,0.1789614409,0.1826478243,0.1758741885,0.2430059463,0.2143847495,0.5353031754,0.1872208118,0.1681549549
1247,0.08061041683,0.6448163986,0.311853379,0.3250875771,0.1797340661,0.1833463758,0.3392038345,1.944807053,0.8098627925,0.2579366863,0.1980443001,0.2059797794,0.1856076717,0.2486179322,0.2268487662,0.5312042832,0.2153752893,0.178737089
1248,0.07812070101,0.7895757556,0.2151729614,0.3261907101,0.189216733,0.1928439289,0.5061693192,2.1473248,0.8765532374,0.1997077465,0.2258357257,0.2105166167,0.1917833686,0.202276513,0.2014549524,0.5304047465,0.1962364167,0.1889188737
1249,0.1026018485,0.7306268811,0.2075730562,0.3120706975,0.1941741556,0.1945249587,0.4115414321,2.117962122,0.869075954,0.2012046576,0.2269066423,0.2121351957,0.1924927235,0.2019395083,0.2003023475,0.526117444,0.1968367696,0.1926468611
1250,0.08979453892,0.7211772799,0.2042442113,0.3114703298,0.2064070702,0.2049372643,0.5043773651,2.858016968,1.091659904,0.2115816623,0.2469982058,0.2324136049,0.2009375542,0.2032920122,0.2046842128,0.5240357518,0.2175080031,0.2048741132
1251,0.1126589254,0.7443591952,0.1853924543,0.3001734316,0.2160320133,0.2116111964,0.3872052431,2.188089371,0.9052150249,0.2059547454,0.2639170587,0.2436713725,0.20607014,0.1885468215,0.200041607,0.5201054215,0.2238340825,0.2121965736
1252,0.1067627296,0.9191641808,0.2595519722,0.2970516682,0.225043714,0.2189495414,0.3214465082,1.12262845,0.5886672735,0.2599849701,0.300930053,0.2668133676,0.2124917954,0.1644308418,0.2056337148,0.5195912719,0.2478732318,0.2196197957
1253,0.1171509996,0.7565352321,0.1643114686,0.2963267565,0.2388623506,0.2261589766,0.2377614528,0.9539370537,0.5386468768,0.2017624825,0.2958568037,0.268160224,0.2234789729,0.171052888,0.1934460998,0.5157959461,0.2421835065,0.2273782939
1254,0.1089224592,0.867105484,0.2273942977,0.2993299663,0.2486269027,0.2315951735,0.2319733649,0.3896032274,0.3401081264,0.2344680578,0.3203441203,0.2720289826,0.231401667,0.154782325,0.194443509,0.5139791369,0.2362116128,0.2332136631
1255,0.1268563718,1.093096018,0.550108552,0.3009508848,0.2489770502,0.2379124165,0.2421460897,0.2944131792,0.2976460159,0.4872830808,0.3886933625,0.3690760136,0.2297959328,0.1821903735,0.2555505335,0.5148670673,0.3978729248,0.2383715659
1256,0.1142947152,1.067949891,0.5528373122,0.3033507466,0.2534354925,0.246951893,0.247129485,0.3033507466,0.3033507466,0.4781646729,0.400124073,0.367507726,0.232103169,0.1782821566,0.2556293011,0.5157669783,0.3816036284,0.244099617
1257,0.09577158839,0.6365093589,0.1260545552,0.3125194609,0.2663402557,0.2503012717,0.2511070669,0.852057755,0.5217382908,0.2078242749,0.3414078653,0.337241888,0.2449855953,0.1651908904,0.1840068251,0.5103474259,0.3332296908,0.2523518801
1258,0.1315280646,0.5674791932,0.1372023672,0.3264473677,0.2818256319,0.2589721978,0.2723186314,0.8283324242,0.5253763199,0.2554062903,0.3633215725,0.3991807997,0.261302501,0.1923079938,0.2009030432,0.5031477809,0.4346587956,0.2616785765
1259,0.1339002103,0.5403831601,0.1465838403,0.3445911705,0.3013625443,0.2751824856,0.3206144571,0.6244700551,0.4637827873,0.277505666,0.3855240643,0.4311245382,0.2816236317,0.20794864,0.2148796767,0.4961220324,0.476035744,0.2731820643
1260,0.1119910255,0.4978715181,0.1747245193,0.3614892662,0.3115912974,0.2948074639,0.307531625,0.8971374035,0.5772998333,0.3262250125,0.4067863524,0.4802867472,0.2951024771,0.2353582829,0.2347807735,0.4867100716,0.5530745387,0.2824625969
1261,0.1214147136,0.5936214328,0.1301396042,0.3760640621,0.3170334101,0.3115850985,0.2780008614,1.049778581,0.6431856751,0.21885176,0.4138116837,0.3867341578,0.303681165,0.1842494756,0.2000952363,0.4829564095,0.3622712195,0.2947077453
1262,0.07936197519,0.5295519829,0.1326927394,0.3945545256,0.3381873369,0.3378256857,0.2964713275,1.159349918,0.6973829865,0.2590798736,0.443041414,0.4519884586,0.3247688711,0.2120782882,0.2189110667,0.479262501,0.4603234231,0.3116723001
1263,0.1135264263,0.501088798,0.1373677999,0.4120559692,0.3578194082,0.3649586737,0.3161661625,1.154167295,0.710170269,0.2815637589,0.4696735144,0.4920862615,0.3444205821,0.2271266729,0.2309746593,0.4739026725,0.5129867792,0.3272357583
1264,0.08515366167,0.4470075667,0.169982627,0.4360095561,0.3951946795,0.402492851,0.4431402981,0.6890051365,0.5495039821,0.35249874,0.5072310567,0.5755931735,0.3777164519,0.2674050033,0.2684977949,0.4681433737,0.6404526234,0.3468751907
1265,0.1409413069,0.3091519773,0.570309341,0.4739931524,0.4195886552,0.4722690284,0.4440843165,1.610858798,0.9212531447,0.8847932816,0.616981566,0.9794595242,0.4087667763,0.4893544018,0.4590374529,0.4512473047,1.348470688,0.3670915663
1266,0.1364930421,0.3624608815,0.2860004008,0.5079529285,0.4474135339,0.526322186,0.4589085877,1.097652793,0.7586777806,0.5158759952,0.5838320255,0.7247738838,0.4398616254,0.3702989817,0.3561957777,0.4440799057,0.8599672318,0.3922120333
1267,0.1100919843,0.3593291044,0.2701164186,0.5407314897,0.495900631,0.5767025948,0.6700097919,0.5407314897,0.5407314897,0.4926784039,0.6079730392,0.7198012471,0.4819658697,0.3752729893,0.3714386523,0.4381853044,0.8251969814,0.4183614254
1268,0.1939673871,0.3777753115,0.2198600322,0.5691636205,0.5149660707,0.6120581031,0.6156718731,0.5952124,0.5820439458,0.4114085436,0.6152541637,0.6580005288,0.5056669116,0.3521984816,0.3498589993,0.43424806,0.6969402432,0.4428015947
1269,0.1739271134,0.3314503133,0.2916195095,0.6089437604,0.5491863489,0.663980186,0.630995214,0.7721224427,0.6861746907,0.5105438232,0.6618552804,0.7492282987,0.5427873135,0.4164573848,0.4083066881,0.4327777922,0.8299472332,0.47601071
1270,0.1721233875,0.2585702538,0.5226229429,0.6452343464,0.604193747,0.7327894568,0.8931677341,0.6181949973,0.6315705776,0.799973309,0.7354053855,0.9706907272,0.5892861485,0.5581416488,0.5529200435,0.4221043587,1.195939183,0.5046181083
1271,0.1090429798,0.2369508743,0.6007556915,0.6822273135,0.6118961573,0.8025951982,0.6670794487,1.263249278,0.9381225705,0.8732978702,0.7659141421,1.016301274,0.6112756729,0.6138210297,0.5946071744,0.4107916057,1.25532639,0.5339850783
1272,0.1544720531,0.190997377,1.55618751,0.7455468178,0.6900038719,0.9546998143,0.9597828984,1.55506134,1.095517039,1.929214001,0.9881606102,1.711453319,0.6812128425,1.047576547,1.034882426,0.3892931938,2.442462683,0.5784838796
1273,0.1038055345,0.175874114,1.514700413,0.8133868575,0.7219798565,1.100212097,0.7799589038,2.186612368,1.38296926,1.838136673,1.002633691,1.639993072,0.730017364,1.071983814,1.045995116,0.3718651235,2.274615049,0.6277446747
1274,0.1669155359,0.2162827998,0.5524103045,0.8608437181,0.7862039208,1.136777282,0.9854412079,0.7108786106,0.7822591662,0.7564294338,0.8387954831,0.9368914962,0.7860024571,0.671633184,0.6629268527,0.3737324774,1.025332808,0.6722908616
1275,0.1146169528,0.2883577049,0.3074944317,0.8944928646,0.8134908676,1.113406062,0.9519364834,0.5372900367,0.6876513958,0.4533000886,0.8098940849,0.7168598175,0.8165404201,0.528435111,0.5198290944,0.3818198144,0.6398777962,0.7081585526
1276,0.1120725647,0.2642692626,0.3405357301,0.9313418269,0.8566730618,1.102398157,1.044805765,0.5288732648,0.6932225823,0.4944755137,0.8508813977,0.7635353208,0.8566094041,0.5665486455,0.5603756309,0.3908855915,0.6908752322,0.7463242412
1277,0.1120072007,0.1667336375,0.6741284728,0.9809599519,0.8970263004,1.15208292,1.014385581,0.9809599519,0.9809599519,0.8825969696,0.9569497108,1.059710145,0.9016861916,0.7927479744,0.7804000378,0.3944338858,1.151799083,0.7938844562
1278,0.1216564402,0.141959846,0.8128151894,1.025841475,0.981815815,1.206251264,1.444019318,0.608184278,0.7845945358,1.028458476,1.013990045,1.167355895,0.9664726853,0.8857215047,0.8934138417,0.3928734064,1.306010008,0.8373283744
1279,0.1457656622,0.2071408182,0.4492047131,1.060314536,0.9823713303,1.197539687,1.11874342,0.6644046903,0.8361007571,0.5986530185,0.9597265124,0.8628877997,0.9848096967,0.6907334328,0.6828654408,0.4036351144,0.7826163769,0.8772910237
1280,0.1659581214,0.1102702022,1.037959933,1.117897868,1.110395432,1.275894523,1.901178479,0.5153476,0.7229334712,1.248248458,1.117168546,1.325430989,1.077054977,1.042940736,1.071153283,0.4062796831,1.514876008,0.9323205948
1281,0.1256524175,0.1633699983,0.5722742081,1.144775033,1.135901332,1.267670989,1.834095597,0.5037310123,0.6161988378,0.7091580033,1.034187198,0.9464814067,1.105205417,0.804672718,0.8238172531,0.4150513113,0.8734118342,0.9695774913
1282,0.1163837537,0.1121233106,0.8475911617,1.185308576,1.179689288,1.299650788,1.861137033,0.518260777,0.7177525163,0.9874017239,1.106654048,1.133107901,1.148842216,0.9823073745,1.006366611,0.4227090776,1.156064391,1.016049862
1283,0.1476783752,0.09270954877,0.9930856824,1.219648004,1.226006627,1.331649899,1.98155725,0.5292170048,0.7314673066,1.113903046,1.143902898,1.205021024,1.190386057,1.075579047,1.106378078,0.4248948991,1.258452535,1.056002259
1284,0.0908068493,0.07750916481,1.161204338,1.255602479,1.276218891,1.372457504,2.122360945,0.5398219824,0.7408072352,1.255294561,1.182077646,1.280353427,1.234808326,1.178778648,1.217909694,0.426636368,1.366861939,1.098137021
1285,0.1149637476,0.06794410944,1.420354843,1.310653687,1.255113482,1.442678452,1.378185868,1.269680381,1.290022969,1.478818417,1.244833112,1.404901505,1.254845738,1.332888365,1.334898591,0.4362868369,1.547506332,1.158352852
1286,0.1188356057,0.0633603856,1.590850472,1.370087624,1.34920156,1.517402053,1.741381049,0.9546785951,1.14332819,1.633800149,1.309919238,1.507514119,1.330991149,1.443559289,1.465729117,0.4434520006,1.684214473,1.217856288
1287,0.1170126721,0.06218005717,1.206212878,1.408669829,1.404118061,1.528244019,1.932163119,0.6609452367,0.9336261153,1.225563049,1.261242986,1.253799081,1.378035188,1.28031671,1.302644134,0.4511729181,1.247460365,1.259147525
1288,0.1402619928,0.05985062197,1.172887802,1.45046556,1.426840425,1.535082221,1.774597287,0.7570717931,1.03403306,1.171772957,1.27844286,1.21973753,1.411605239,1.28438592,1.295043826,0.4655154049,1.170534134,1.305512309
1289,0.1287349313,0.05823935568,1.959198356,1.51127255,1.497057915,1.620329857,1.906518817,1.082623124,1.279513955,1.925027728,1.441527009,1.676136971,1.477095246,1.690704823,1.71822834,0.4730917215,1.88557303,1.367662787
1290,0.1425475925,0.04505463317,1.528734565,1.557794571,1.508134723,1.645564556,1.630253673,1.189197063,1.361825347,1.476402164,1.390292645,1.405328751,1.507104874,1.517680526,1.518297315,0.4850417674,1.418149114,1.416839242
1291,0.1032174006,0.04695755243,1.270201921,1.602747917,1.511189461,1.63782084,1.364942193,1.466915011,1.533534884,1.219212055,1.381569266,1.262050986,1.531753063,1.409141183,1.385322928,0.5027372241,1.164000869,1.461190581
1292,0.1284580678,0.04285624251,1.420021892,1.655229926,1.590337157,1.654307723,1.640091896,1.250071764,1.439647317,1.372414589,1.455605865,1.38155508,1.597333312,1.512349486,1.502588749,0.5218192935,1.320013046,1.512530923
1293,0.1408621222,0.05997684225,2.151747465,1.716433048,1.627389431,1.738838792,1.494357705,2.298316479,1.991489768,2.077214479,1.621947885,1.819077492,1.646602273,1.893840909,1.878649116,0.5324273109,1.991944671,1.575448036
1294,0.114686884,0.04993960261,1.925495625,1.776887417,1.728318572,1.797014236,1.869570136,1.472085357,1.618398786,1.853360653,1.63041985,1.706635118,1.726828575,1.822353721,1.825519919,0.5487145782,1.771890998,1.636763573
1295,0.1073887125,0.04174955562,1.523730874,1.82681179,1.848430514,1.801620126,2.595866919,0.7125640512,1.077734947,1.455026269,1.595840812,1.477036357,1.810827255,1.649142623,1.678644657,0.5692585111,1.379773974,1.685648441
1296,0.09222800285,0.04995585978,1.173899055,1.852252603,1.832510829,1.747729778,2.247273445,0.7454161644,1.127341151,1.100412369,1.550487995,1.253286958,1.817485213,1.46784699,1.469260097,0.5906282663,1.023831844,1.715098023
1297,0.08662327379,0.05152369663,1.911230564,1.898357391,1.889632821,1.784605384,2.40054822,0.9758346081,1.357526779,1.796933651,1.705150723,1.686166644,1.869416237,1.88134563,1.899839759,0.6049436927,1.670290947,1.762907147
1298,0.08177740127,0.06859559566,2.210947275,1.955269694,1.918120265,1.848157048,2.191296816,1.39327848,1.653526306,2.059369564,1.784019113,1.841642976,1.913193107,2.055546045,2.061886787,0.6228609085,1.890467525,1.822808623
1299,0.1209658086,0.04740673304,1.547056794,1.996284962,1.892161489,1.828607202,1.737954736,1.597322464,1.787582397,1.416297078,1.698592544,1.463548303,1.921657205,1.743955731,1.708854795,0.6457073092,1.277616858,1.860919952
1300,0.1098741516,0.1098809242,2.654915094,2.057533264,1.981733203,1.923476577,1.99047029,2.230179071,2.14255929,2.480028391,1.942166686,2.124810934,1.996736407,2.316210508,2.305146217,0.6597192287,2.281868696,1.925228119
1301,0.1280420721,0.08631690592,2.275467157,2.116276503,2.061879873,1.976743579,2.235089064,1.604305863,1.845883012,2.10780549,1.917033076,1.919365764,2.065967321,2.171609879,2.167130709,0.680220902,1.921309948,1.983543754
1302,0.1328504235,0.06085273996,1.631821036,2.156612158,2.08532691,1.948153138,2.209334135,1.232927442,1.637137055,1.49125421,1.832715869,1.556975842,2.098020315,1.86412394,1.843455315,0.7034365535,1.341380596,2.017926931
1303,0.09908630699,0.06944476813,1.672603965,2.19912982,2.131662607,1.929914832,2.360196114,1.158294559,1.602492809,1.534461021,1.877733231,1.601962447,2.142330408,1.905770421,1.88732338,0.7278409004,1.386299491,2.054123163
1304,0.06933418661,0.0787338689,1.696228981,2.241777658,2.15384531,1.917603135,2.302810907,1.286755562,1.706634045,1.55834043,1.917728066,1.632540345,2.174922705,1.93818891,1.910516262,0.753577888,1.410047531,2.09120822
1305,0.1009688675,0.1133703664,2.167025805,2.291101694,2.184233665,1.955075622,2.230832338,1.820818901,2.045550585,2.008067369,2.04189682,1.92577374,2.214978933,2.207546711,2.174328566,0.7744489312,1.831680655,2.137983561
1306,0.08173334599,0.09003978968,1.410863519,2.327174902,2.158416986,1.903567672,1.906773925,1.726827979,2.009567499,1.296839833,1.938424706,1.50195694,2.219850302,1.812141418,1.747902513,0.8024074435,1.176684737,2.161491394
1307,0.08293109387,0.1302047521,2.055423021,2.377423525,2.296368837,1.939353585,2.713240385,1.291634917,1.764793515,1.934756875,2.115801573,1.940083861,2.313647509,2.192290068,2.171673775,0.826025188,1.79974699,2.206887245
1308,0.05721880868,0.1467666477,2.129550934,2.42368722,2.312993288,1.975364566,2.54303956,1.587886453,1.97117126,1.997220635,2.158766985,1.986443162,2.345535278,2.253321886,2.218175411,0.8488414288,1.848916411,2.251075029
1309,0.1009169593,0.1629272103,2.183386087,2.466645956,2.351019144,2.007748365,2.593459368,1.617725015,2.007570028,2.046887159,2.199603796,2.029141665,2.386102676,2.301998138,2.264422178,0.8681998253,1.89331758,2.290112972
1310,0.08707851171,0.1529887021,1.902628899,2.501941442,2.399586916,2.004589796,2.835603714,1.199946284,1.749762535,1.777948022,2.171716452,1.871631145,2.427883863,2.170724154,2.137739897,0.8882429004,1.639341712,2.317340851
1311,0.07013755292,0.1518844217,1.680088043,2.534406424,2.357546568,1.979330659,2.346592188,1.642156005,2.05139637,1.564609408,2.152660847,1.744902253,2.423249006,2.061300278,1.993948817,0.9134548306,1.437867522,2.340796232
1312,0.09633630514,0.1840167046,1.904687405,2.57539916,2.42144227,1.986649156,2.667542219,1.489022613,1.974578261,1.795653462,2.239734888,1.919469833,2.475444555,2.205538034,2.149526596,0.9375140071,1.673178554,2.372016668
1313,0.08577670902,0.1975182444,1.877298355,2.610219002,2.346886396,1.987467885,1.94054687,2.81503129,2.711328506,1.774939418,2.263294458,1.921051979,2.455192089,2.206401587,2.10050416,0.9590908885,1.659550786,2.397387981
1314,0.1458985806,0.2556899488,2.289050817,2.66437149,2.515467644,2.047747612,2.927024126,1.630548358,2.100777388,2.202894211,2.413497925,2.239853859,2.567122221,2.451985121,2.399566889,0.9866077304,2.102813959,2.447904348
1315,0.1799421757,0.2995081246,2.524846077,2.71209836,2.531105042,2.115902901,2.723465919,2.169711351,2.430495024,2.424614429,2.49047327,2.388520002,2.599001169,2.596046686,2.527574778,1.007250667,2.307291508,2.494606972
1316,0.1761260778,0.2340370268,1.763932109,2.753209829,2.527293444,2.103146791,2.513002157,1.893485665,2.295107603,1.69108355,2.365696669,1.932074904,2.617180586,2.207181215,2.120159149,1.03753233,1.608118057,2.523799181
1317,0.1123216674,0.2320048958,1.523173928,2.78537631,2.568421125,2.060534716,2.7855618,1.391534686,1.998404145,1.477643371,2.351559877,1.815663338,2.653199434,2.07803607,1.99747467,1.063819051,1.425892234,2.53699851
1318,0.07846135646,0.2426389903,1.399853826,2.810674667,2.572942019,2.008099794,2.823452711,1.302873254,1.947811961,1.373437762,2.353085756,1.764611363,2.667247057,2.011662722,1.924371719,1.08836484,1.343301773,2.542359114
1319,0.1121010408,0.2786266506,1.546019673,2.84312892,2.593596935,1.98945272,2.905492783,1.399366021,2.027558327,1.532921791,2.422370672,1.899143219,2.693175554,2.116879225,2.024435282,1.115813136,1.517678261,2.55938983
1320,0.09916016459,0.2791824639,1.307422996,2.866542101,2.578252792,1.941564202,2.794244051,1.369024754,2.016601801,1.311974883,2.39303112,1.762747765,2.696083069,1.975437522,1.870459437,1.141262412,1.317255974,2.56238842
1321,0.07907038182,0.3928862512,2.088966608,2.911641359,2.555761576,1.999598384,2.356425762,3.05932498,2.984906435,2.103012085,2.6189363,2.336274862,2.706562042,2.459995985,2.315196276,1.167524815,2.120027304,2.601228952
1322,0.05068278685,0.5053060651,2.70365262,2.963961363,2.655136347,2.113551617,2.755702734,3.038487434,3.001080275,2.735150337,2.815853119,2.792604446,2.783057451,2.807832479,2.679257154,1.189248323,2.774164438,2.655791044
1323,0.09947565198,0.4685021937,2.319732428,3.015177488,2.704643965,2.186843634,2.828901291,2.620108128,2.813284159,2.359080076,2.771983385,2.566358328,2.833328247,2.633163691,2.50808239,1.216456056,2.4076581,2.703032494
1324,0.07456902415,0.3464402854,1.273074031,3.042410612,2.725893259,2.126072884,3.019348383,1.378265381,2.097377777,1.326333642,2.543140173,1.864834189,2.85652256,2.02771616,1.914719582,1.244354725,1.390580058,2.706210136
1325,0.07881004363,0.7672066689,3.738709688,3.107584953,2.722519875,2.323188543,2.435800791,5.443844318,4.182025433,3.804845095,3.186923265,3.572356462,2.886580229,3.383239985,3.206476212,1.260662913,3.889032364,2.783531427
1326,0.05301710963,0.5769242048,2.546796322,3.156637192,2.804105043,2.404912233,2.733790159,3.437188387,3.295147896,2.6253829,2.961245298,2.827946424,2.952479124,2.819922686,2.673884153,1.283878326,2.724677324,2.831695557
1327,0.029556619,0.4527908266,1.669890404,3.191170454,2.823729753,2.381135941,2.792765379,2.425853014,2.792626619,1.760444045,2.774787188,2.252866507,2.978923082,2.344415426,2.204797983,1.309135437,1.874139786,2.848344088
1328,0.05410530046,0.4424835443,1.450665951,3.217753649,2.825495005,2.332875252,2.806475401,2.248361826,2.706798792,1.562081695,2.749947309,2.138113976,2.992115974,2.220381498,2.074826241,1.330973744,1.703357697,2.851835251
1329,0.02362741716,0.450535059,1.340719581,3.243351936,2.846106768,2.282890558,2.991825819,1.92738688,2.533355951,1.47525692,2.755046844,2.10532403,3.014418602,2.161030769,2.01618886,1.353295445,1.64831543,2.852851152
1330,0.02871610038,0.4431397021,1.141467333,3.26121068,2.787962675,2.212354183,2.63815403,2.34313941,2.779662371,1.290650487,2.71987462,1.988251805,2.992036104,2.035016298,1.864685059,1.372597694,1.485169768,2.841645479
1331,0.04820315167,0.5048652291,1.337340355,3.286628962,2.764221907,2.190422058,2.452447653,3.165906906,3.225943804,1.527658105,2.8262043,2.214205503,2.99138093,2.179517984,1.982799172,1.392650127,1.781709671,2.844722033
1332,0.03431940079,0.5294753313,1.335155606,3.31199193,2.913769484,2.179735899,3.66952014,1.343441367,2.193684578,1.559527397,2.87452507,2.28397584,3.080888987,2.190299988,2.044821501,1.411574006,1.865475297,2.849238157
1333,0.03280353174,0.4659497738,0.8747916222,3.323757172,2.785425901,2.105136156,2.735417128,2.090285063,2.665381432,1.073359013,2.724330902,1.89816606,3.018969297,1.871027946,1.684211373,1.434445024,1.347140908,2.835057497
1334,0.03265783191,0.4442991912,0.6257141232,3.3357265,2.730168104,2.000103474,2.549678087,2.096640825,2.674544096,0.8255745769,2.657269478,1.71435833,2.994076729,1.673278928,1.473347664,1.453804612,1.110348344,2.8039608
1335,0.03953518346,0.4811897278,0.6732602119,3.352381468,2.763366699,1.932941079,2.986501694,1.633305192,2.402792215,0.9120387435,2.721558571,1.839565873,3.01825428,1.726066947,1.527793288,1.474415779,1.263004541,2.783277512
1336,0.03109675646,0.5395843983,0.807682991,3.371832609,2.698077202,1.907957435,2.538530111,2.739505768,3.046447754,1.089082479,2.811203003,2.033162355,2.991969347,1.846295834,1.607591629,1.496206284,1.50961113,2.776118517
1337,0.0301604718,0.5523778796,0.7577721477,3.389608622,2.757001877,1.884052873,3.116153955,1.786518455,2.515122175,1.060777664,2.831929445,2.05157423,3.030788183,1.816343665,1.593947411,1.514199853,1.527771354,2.764675856
1338,0.03368936107,0.6510884166,1.05514133,3.406089544,2.679666519,1.909784913,2.50144434,3.534421206,3.469931364,1.419145584,2.975772619,2.391195059,2.997106552,2.047004461,1.770347714,1.526958466,1.982261062,2.764945984
1339,0.03494887426,0.6614706516,1.009571075,3.424236298,2.780091047,1.935114861,3.325814486,2.010289431,2.665249348,1.392307281,2.997997999,2.41015172,3.05874896,2.023047447,1.779594064,1.539999366,2.000421286,2.766020536
1340,0.01966718398,0.4803263247,0.2893159688,3.421210527,2.649824858,1.817703605,2.646876097,1.7940768,2.534702063,0.5203591585,2.633812666,1.578091741,2.986099958,1.384576917,1.143636703,1.551314712,0.9398695827,2.716373205
1341,0.03971893713,0.4837210476,0.2364172935,3.421210527,2.697312117,1.706658721,3.51263237,0.7504740357,1.794076562,0.4602320194,2.609819412,1.540969253,3.009684324,1.317830682,1.093100667,1.558509231,0.9031422734,2.660779715
1342,0.03261042014,0.5013353229,0.2235015482,3.411828756,2.648409605,1.610567689,3.565838099,0.7053869367,1.747066855,0.4434371293,2.587155342,1.532845855,2.977479935,1.296379209,1.056428432,1.564833045,0.9059173465,2.606250763
1343,0.03198596463,0.4809909761,0.1387081295,3.395498037,2.519248724,1.487611413,3.034500122,0.9208388329,1.921838284,0.2895754278,2.463918447,1.323500514,2.898487806,1.126630783,0.8653371334,1.566471696,0.686841011,2.533948183
1344,0.0275980141,0.5079962611,0.1645597368,3.386830568,2.480052948,1.395593166,3.258119583,0.8074059486,1.818175912,0.3241799772,2.470396996,1.38816452,2.871548891,1.162698865,0.8808927536,1.566369653,0.7733516693,2.467080116
1345,0.03485788032,0.660825789,0.4724243879,3.385439157,2.462583542,1.409344673,3.316479921,1.411122322,2.272893667,0.7976595759,2.720242262,1.979201198,2.860993624,1.568515182,1.23184824,1.570037246,1.500822425,2.44325304
1346,0.03813028708,0.4997026026,0.1504074186,3.370783567,2.389958143,1.306864381,3.269108057,0.6694477201,1.674175143,0.2314407825,2.354944468,1.236702085,2.812788963,1.048349738,0.7494950294,1.570856571,0.6361451745,2.373689413
1347,0.02635521255,0.5890610814,0.2557014525,3.363235474,2.295389891,1.277374029,2.772228479,1.566151261,2.363512039,0.4460310638,2.49539113,1.578668952,2.756726027,1.281946182,0.9204066396,1.574143052,1.034369349,2.332247972
1348,0.04028408229,0.5752788186,0.2408754379,3.358365297,2.299371481,1.238565087,3.2366364,0.9530005455,1.919352889,0.3812861443,2.435225487,1.493184447,2.755631447,1.220033407,0.8631987572,1.573995948,0.9486225247,2.282835722
1349,0.03637537733,0.5930732489,0.2619819641,3.350440979,2.222606659,1.212248921,2.878218889,1.348502159,2.211008787,0.3972822726,2.427345037,1.519555688,2.708910227,1.235953808,0.8513991237,1.57762444,0.9923529625,2.243216276
1350,0.02614553832,0.6333380342,0.3302984536,3.346022367,2.126831293,1.205421448,2.340323448,2.343240023,2.818372011,0.4842227399,2.461684465,1.638906121,2.653348923,1.31677258,0.8877208233,1.577300549,1.150210977,2.205558062
1351,0.02932965755,0.5805940032,0.3172079027,3.346250534,2.086278915,1.174189568,2.359073162,1.974114418,2.605395555,0.3564243317,2.346041441,1.439005017,2.630287647,1.197694898,0.7708182335,1.5764817,0.931748569,2.157535315
1352,0.01977321319,0.5713319182,0.3524073362,3.343999147,2.155470133,1.14335835,3.397880316,0.7958102226,1.751628041,0.3401512206,2.313532114,1.409502625,2.66695857,1.180829048,0.7693664432,1.57580626,0.9115260243,2.112308264
1353,0.02171830647,0.572758019,0.3942743838,3.331391573,2.128791094,1.114132643,3.585217476,0.6892468929,1.613193989,0.3391669989,2.264508486,1.374853969,2.646079779,1.181155324,0.7603192329,1.574606061,0.8924098015,2.06670475
1354,0.02389898337,0.5649942756,0.4623145163,3.321340561,2.082449198,1.083646178,3.589981079,0.6844816804,1.55910337,0.3317877352,2.182873011,1.289099336,2.615936995,1.169372678,0.7368668914,1.575363636,0.8231543899,2.019189596
1355,0.02587485313,0.549465239,0.5579146743,3.313776731,2.039409637,1.047042847,3.656573534,0.6858684421,1.463694096,0.3292309046,2.083302736,1.175991178,2.588739157,1.15067625,0.7092707753,1.577598214,0.7305234075,1.969334006
1356,0.03509068862,0.6225137115,0.6009081602,3.299992561,1.95798254,1.0396837,3.175449371,1.003556728,1.866456628,0.4348445833,2.145979166,1.363335609,2.537735939,1.291301131,0.8033282161,1.577680111,0.9531476498,1.932082176
1357,0.03819291666,0.5693202615,0.7103011012,3.296872377,1.929486275,1.013442516,3.325117826,0.8603199124,1.650637269,0.397521019,2.004361391,1.164533377,2.520290375,1.228287101,0.7445041537,1.579551578,0.7651734352,1.887698293
1358,0.03975077346,0.5026814342,0.876999557,3.281105757,1.874447823,0.9557814598,3.343041182,0.8454030156,1.491393685,0.3922222555,1.837531567,0.9397702813,2.481725931,1.145019412,0.6685385704,1.575980544,0.5719117522,1.829201102
1359,0.04554863647,0.5371544957,0.8991031647,3.265621901,1.838438153,0.9224269986,3.470086336,0.8978863358,1.500780106,0.4281913936,1.850628257,1.02507627,2.454426765,1.226713181,0.7226850986,1.573469043,0.6692929864,1.780724406
1360,0.05214464664,0.4933755398,1.089153409,3.252762556,1.845101357,0.8803752065,4.198066711,1.284136653,1.20282042,0.4732704461,1.717875481,0.8741313815,2.452444792,1.202873111,0.7068523765,1.572257876,0.5599123836,1.727305412
1361,0.04427465796,0.5227730274,1.118194461,3.222558975,1.74748528,0.8529746532,3.577522516,1.099090576,1.424242616,0.5078149438,1.696900249,0.914337337,2.385831833,1.268934608,0.7437539101,1.570773244,0.6172749996,1.68018961
1362,0.04578970745,0.4765318334,1.360733032,3.210042238,1.685450077,0.8182637691,3.435595274,1.259084344,1.424103141,0.5948019624,1.559169173,0.7693979144,2.345621347,1.262079239,0.7356541157,1.570961356,0.530102551,1.629010797
1363,0.03901472315,0.4776540995,1.501600266,3.20236969,1.6189152,0.7940428853,3.178524017,1.305830002,1.537977338,0.666216135,1.506177545,0.7557141185,2.304764748,1.32272017,0.7756202817,1.572560191,0.5487295985,1.582257271
1364,0.05550673604,0.49118343,1.570941925,3.191293716,1.581764817,0.7760010362,3.248543501,1.422977448,1.560215354,0.7056741714,1.486170411,0.7836797237,2.278831005,1.391028404,0.8214713931,1.570778728,0.5896668434,1.537862778
1365,0.04531379417,0.408072114,2.052494764,3.18297267,1.549845695,0.7432842851,3.530507326,2.072642565,1.460744858,0.9348580241,1.299016476,0.5954315066,2.256798029,1.391294122,0.8383458257,1.568169236,0.5227843523,1.483257771
1366,0.049187392,0.5174183846,1.773783684,3.173265457,1.51858747,0.7538760304,3.497344732,1.851702094,1.60185051,0.8233352304,1.425442696,0.8164867759,2.236237764,1.538088679,0.9277425408,1.572866082,0.6644588113,1.454724193
1367,0.05240117013,0.5484217405,1.877160549,3.177628279,1.555984855,0.7831015587,4.292622089,2.783444643,1.596774578,0.8988673091,1.41163218,0.8524494171,2.261889219,1.6338377,1.008576989,1.587069511,0.7222716212,1.440355301
1368,0.05800228938,0.4617477357,2.360423326,3.153974771,1.506390214,0.7881094813,4.051887035,3.40359664,1.690283775,1.154842734,1.210478663,0.6612180471,2.22663188,1.64920485,1.046056151,1.593979239,0.6644632816,1.409297943
1369,0.06219487265,0.454341799,2.572262049,3.126957893,1.400959969,0.7908425331,2.992350817,2.462747097,1.802272797,1.292764544,1.136912465,0.6376734376,2.156076431,1.713183522,1.10806787,1.595746636,0.7032513618,1.374320626
1370,0.07097858936,0.3952569067,3.019941092,3.111397028,1.320256233,0.7804319859,2.488693953,2.34442544,1.895694852,1.559488893,1.021911383,0.5767006874,2.100795984,1.778184295,1.185636878,1.587203026,0.7621147633,1.326222301
1371,0.06792060286,0.373055011,3.265268564,3.10912323,1.277284741,0.779873848,2.451693296,2.534987211,1.956663966,1.693477154,0.9778588414,0.578466773,2.072966337,1.865972519,1.261789441,1.578260064,0.8048245311,1.281646371
1372,0.08545007557,0.3465645611,3.604254484,3.117670774,1.265372038,0.7961230874,2.786352873,3.362114668,2.033603668,1.891746521,0.9283186793,0.5843688846,2.069050074,1.978385091,1.359972596,1.572715402,0.8753405213,1.244748235
1373,0.0686770305,0.3405219316,3.734400034,3.104950905,1.232388616,0.8140506744,2.806610346,3.652797699,2.119275331,1.963111877,0.9046738148,0.6027606726,2.043437004,2.060997009,1.427946091,1.563763738,0.9053680301,1.208890796
1374,0.06396149844,0.3936307132,3.447810411,3.096090078,1.183797002,0.8435071111,2.2867558,2.749261141,2.18609333,1.771739364,0.9633496404,0.6716762185,2.009548426,2.11871624,1.452990413,1.560974479,0.8675480485,1.189215183
1375,0.06148282811,0.3007825911,4.294012547,3.102704287,1.184581161,0.8770520687,2.754282713,4.358109951,2.332489252,2.311742067,0.8272240758,0.634931922,2.012825012,2.270883799,1.625624776,1.552788377,1.046173573,1.161528945
1376,0.05873961374,0.3064853251,4.471503735,3.120354414,1.153154492,0.9421388507,2.207782507,3.566086531,2.386193037,2.4271698,0.826628983,0.6828548312,1.999151826,2.40150547,1.752875924,1.559179425,1.111607671,1.157331109
1377,0.06237149611,0.3208774626,4.553337574,3.158193588,1.167868614,1.013251662,2.351715088,4.018983364,2.53531456,2.461590767,0.8533496857,0.7362728119,2.023674011,2.533795595,1.853238463,1.568932414,1.138512015,1.163069844
1378,0.0644088909,0.2985646725,4.961442947,3.181080103,1.170452595,1.081699371,2.347629309,4.498552322,2.685684919,2.730506897,0.8256521821,0.7774348259,2.033845663,2.68987155,2.007815838,1.572162271,1.259653211,1.164620519
1379,0.05530519411,0.3687665761,4.54538393,3.207250595,1.189151764,1.147545815,2.355488539,4.272600651,2.759268761,2.440352201,0.9194300175,0.8412434459,2.056228876,2.74055171,2.008953333,1.584085345,1.167634606,1.182614684
1380,0.06220535561,0.3780493438,4.792938709,3.253064156,1.226944327,1.235043526,2.39843154,4.713891506,2.930203676,2.614111662,0.9335115552,0.9017766118,2.098693609,2.894076109,2.151959419,1.608684897,1.262396693,1.219291806
1381,0.05645616353,0.2676570117,6.210448742,3.281782866,1.241184592,1.331743836,2.386331797,6.26697731,3.275353193,3.619617462,0.8040969372,0.992875576,2.117855549,3.221720457,2.536486387,1.612716794,1.73518908,1.234179378
1382,0.06695634872,0.2810566127,6.202867508,3.304528475,1.253542304,1.424492359,2.098368406,5.511777878,3.254021645,3.603823423,0.8386954665,1.037477851,2.131137609,3.325077057,2.635327101,1.616583467,1.731791377,1.25368464
1383,0.06710007042,0.3242862523,5.864591122,3.33647418,1.280152321,1.503206849,2.006664753,5.057291031,3.274759054,3.344353676,0.9100813866,1.060108423,2.158403635,3.367167234,2.644235611,1.624547362,1.60717392,1.281328917
1384,0.06597981602,0.2565414011,6.82449007,3.35314393,1.296226501,1.58613205,2.2587111,7.074993134,3.715041399,4.029653072,0.8507464528,1.164336801,2.175477743,3.628803968,2.924768448,1.616820812,1.95075798,1.293797493
1385,0.06953322142,0.2589409053,6.881053925,3.353751898,1.310358524,1.666715622,1.993285656,6.31857729,3.643023252,4.070230007,0.8702683449,1.204955935,2.179651499,3.713934183,3.021883726,1.609511852,1.974118829,1.310356736
1386,0.08442176133,0.2547883987,7.01455164,3.365218401,1.331030369,1.745453477,1.827688575,5.916255951,3.636162758,4.157214165,0.8879148364,1.249262929,2.192116499,3.818297625,3.135040998,1.602274537,2.015333891,1.330339551
1387,0.07353135198,0.2201659232,7.656198025,3.370651245,1.344348431,1.827300429,1.828410506,6.697329044,3.853924513,4.617750168,0.8715786934,1.349749207,2.198947906,4.021760941,3.359658003,1.586365342,2.257850409,1.343321204
1388,0.08477922529,0.1994264126,8.196558952,3.38690114,1.364402413,1.932157516,1.999119282,8.430977821,4.305272579,5.006407738,0.8786714077,1.45582521,2.217406034,4.223152161,3.557759523,1.573200107,2.469963074,1.367344975
1389,0.07749542594,0.2161971778,7.872074127,3.394393206,1.398718357,2.023558378,1.866020799,7.698404789,4.218541145,4.757078648,0.9273837209,1.443341255,2.23720479,4.22700119,3.554871559,1.565816045,2.32173562,1.400127769
1390,0.07959753275,0.196750477,8.541472435,3.412463427,1.443160057,2.137733221,1.692938924,7.513627529,4.256755829,5.266955853,0.9426333308,1.591775537,2.264535189,4.464433193,3.8365345,1.556883454,2.623183489,1.438512206
1391,0.09277886152,0.1891412735,8.889137268,3.441878557,1.495934129,2.256453991,1.55340004,6.918258667,4.199411392,5.513691425,0.976811409,1.683927536,2.299926758,4.637991905,4.03966856,1.547485471,2.758008242,1.481183648
1392,0.07916864753,0.1925034076,8.895829201,3.493545532,1.538557053,2.373434544,1.690894127,8.306069374,4.626700878,5.480474949,1.029062152,1.710088611,2.348437786,4.74595499,4.107444286,1.546018481,2.711669207,1.536688805
1393,0.08582744747,0.2081985623,8.620257378,3.521575212,1.587640762,2.460552931,1.704275608,8.455981255,4.742614746,5.265421391,1.085178852,1.700891137,2.388328314,4.760118008,4.101119995,1.543647289,2.579144001,1.589105129
1394,0.082792826,0.190274477,9.522244453,3.541535378,1.657817483,2.576642036,1.542848706,7.979074955,4.694675922,5.972805023,1.115654469,1.919082642,2.429088354,5.064801693,4.476444244,1.533640027,3.016645432,1.64108932
1395,0.09436375648,0.1876443475,9.796822548,3.567290068,1.680859208,2.684895277,1.687497497,10.31827068,5.369370937,6.165924072,1.157105327,1.999902129,2.45684886,5.213554859,4.595777512,1.519313216,3.1175735,1.689780831
1396,0.07778447121,0.1993997097,9.503375053,3.559622049,1.733130813,2.760839462,1.579159617,9.342903137,5.16457653,5.955429077,1.200865149,1.982794404,2.479225397,5.185743332,4.584496498,1.502491474,2.990642786,1.731330395
1397,0.07953137904,0.1965353042,10.15941334,3.559029341,1.800501823,2.86179328,1.46573782,8.659024239,5.030970097,6.483798504,1.242398858,2.168133497,2.508961201,5.41449213,4.880929947,1.481797576,3.329579115,1.776158929
1398,0.08960606903,0.2007031441,10.16471386,3.586981058,1.858778358,2.964328051,1.450451016,8.723046303,5.114023209,6.4716506,1.292312145,2.196317911,2.550862074,5.490203857,4.959351063,1.467731833,3.302974939,1.833210588
1399,0.07702221721,0.2047641128,10.5651083,3.627076387,1.929958344,3.085720778,1.439341664,9.085327148,5.290572643,6.776684284,1.354872584,2.325613022,2.605132818,5.684930801,5.172922611,1.45737648,3.487882853,1.90208149
1400,0.06663879007,0.2111219913,10.95958328,3.660508156,1.980991006,3.207701683,1.445834041,10.4137125,5.736771107,7.078933716,1.417983651,2.455164671,2.648403645,5.873254299,5.361570835,1.442536473,3.671908379,1.968871474
1401,0.06579360366,0.2181034833,10.62633228,3.682887316,2.082904577,3.299757004,1.421965241,8.490428925,5.24345541,6.820769787,1.472661018,2.417719126,2.70706296,5.845226765,5.369029522,1.429662585,3.499613523,2.034172297
1402,0.07116431743,0.2330893725,11.39077759,3.696544886,2.105041265,3.399270296,1.399075031,10.68496418,5.931154728,7.418523312,1.533062339,2.633636236,2.726920128,6.119295597,5.647893429,1.404553056,3.876114607,2.086961985
1403,0.07299033552,0.2404357046,11.23628521,3.71501565,2.171361685,3.497259855,1.383245349,10.66655827,5.984498501,7.302817822,1.590026259,2.637985945,2.770201921,6.135697842,5.670592785,1.386891365,3.795950651,2.152822256
1404,0.07624776661,0.2498994619,11.21466541,3.74250412,2.245556831,3.594087601,1.373494744,10.78704357,6.08470726,7.300409317,1.657737732,2.685256958,2.822513342,6.195599079,5.740448475,1.373666167,3.798604727,2.226592064
1405,0.06637359411,0.2563212812,10.67558575,3.760562181,2.326255798,3.645121336,1.37783134,9.744465828,5.818827152,6.892963409,1.704949975,2.595297813,2.872989893,6.085597515,5.637376785,1.360503674,3.536204576,2.290879965
1406,0.06712530553,0.2677641809,10.60630798,3.780865908,2.403841019,3.68612504,1.397672057,9.220368385,5.700927258,6.861401081,1.762670159,2.627281904,2.922688246,6.113161564,5.685835361,1.346905828,3.524204969,2.352751732
1407,0.06247060373,0.2928648293,11.42274475,3.79325676,2.450165749,3.759887695,1.367397666,10.55977154,6.159872532,7.535843372,1.847244859,2.898045301,2.953824282,6.407652378,6.01127243,1.324540019,3.982139349,2.411362886
1408,0.0715117529,0.3067440391,11.41816998,3.809056282,2.518530369,3.834698915,1.36696279,10.56320667,6.205474854,7.553491116,1.910428405,2.947853088,2.997256994,6.453084469,6.073589802,1.304833531,4.000792027,2.476067781
1409,0.06513556838,0.3163685799,10.94769669,3.810492754,2.544641733,3.863426924,1.317571402,11.18935394,6.434294224,7.201952457,1.943976998,2.860815763,3.015440702,6.334344387,5.933025837,1.283571959,3.770616293,2.525895834
1410,0.05684200302,0.3694865704,12.3214035,3.821927786,2.611352444,3.990598917,1.291378975,13.14408112,7.099242687,8.366093636,2.093834877,3.353200912,3.057287931,6.81596899,6.472653866,1.259306312,4.609193325,2.601174593
1411,0.05875368789,0.3493041992,11.22121716,3.825241804,2.721658468,4.042201519,1.382040977,10.4529295,6.273694515,7.510953903,2.105095148,3.085400581,3.114942551,6.499327183,6.181981564,1.239663005,4.033795834,2.664054155
1412,0.06032967195,0.4107711315,12.43224049,3.839601517,2.811497927,4.162025928,1.427042961,11.10894394,6.528952122,8.53420639,2.252260208,3.530780554,3.166546583,6.933985233,6.689684391,1.212464333,4.773068905,2.736370802
1413,0.05160158873,0.3981789052,11.68919754,3.858992815,2.888139963,4.227967739,1.462291121,10.22280407,6.273086071,7.934846401,2.267964602,3.333766699,3.215281725,6.734493256,6.489435196,1.190341592,4.344045162,2.803096533
1414,0.0513576977,0.4057776034,11.36706829,3.875118017,2.93537879,4.264593601,1.426015854,10.44313145,6.380758762,7.692446232,2.308030367,3.277241468,3.249517441,6.662870407,6.410748959,1.16880703,4.179319859,2.862720728
1415,0.05450925604,0.4516335428,11.98002148,3.894965172,3.027083635,4.345228672,1.503365993,10.48330212,6.431803226,8.22947979,2.426604033,3.542914629,3.305603981,6.907755375,6.707725525,1.145636678,4.57998848,2.933632851
1416,0.05600432679,0.4513722658,11.59499836,3.922453642,3.03507638,4.398870945,1.310973644,12.28049564,7.084833145,7.931144714,2.466747522,3.463611603,3.328846931,6.821360111,6.573678493,1.126131535,4.372697353,3.003481627
1417,0.05378134176,0.4979301989,12.047719,3.921408892,3.060405731,4.471516609,1.202764988,14.42000866,7.828981876,8.367386818,2.58764267,3.710009813,3.346910477,6.999998093,6.759174347,1.099650025,4.73044157,3.067642212
1418,0.05343461037,0.4861563146,11.56538677,3.920845985,3.155157089,4.527079582,1.268080354,13.2617178,7.475512028,8.044924736,2.643618345,3.653713942,3.3988235,6.861980438,6.654584408,1.077761412,4.555440903,3.135944366
1419,0.05909086764,0.5439770818,12.13405132,3.911839247,3.304772139,4.612727642,1.558487296,11.32640839,6.830132008,8.59505558,2.790585756,3.967064619,3.469162703,7.077891827,6.979453564,1.048767447,5.017510891,3.201172113
1420,0.05522434786,0.5451121926,11.7580061,3.925549746,3.201990128,4.673387527,1.050954819,16.97550392,8.785481453,8.310418129,2.827002287,3.890013933,3.434786558,6.97662878,6.760981083,1.02269733,4.823337078,3.265673876
1421,0.06330596656,0.5133082867,11.07998657,3.901848078,3.332026243,4.702236652,1.21864903,14.04025745,7.816921234,7.858772278,2.873725891,3.79368782,3.494714022,6.747997284,6.601417542,0.9991393089,4.585315228,3.325040102
1422,0.07301041484,0.5299116969,11.16446018,3.906886339,3.469265938,4.759287357,1.449109674,12.32351398,7.249809265,8.018922806,2.994001389,3.95659256,3.569425344,6.804541111,6.732720852,0.9773557782,4.780213833,3.396907806
1423,0.06961106509,0.5362315774,10.90958405,3.906428576,3.540267229,4.786501408,1.523048401,11.77869415,7.074748516,7.86995554,3.05182457,3.956181765,3.608141184,6.728147984,6.683622837,0.9520357251,4.720024109,3.45131135
1424,0.07289409637,0.494831413,10.11651134,3.928930998,3.608358145,4.782908916,1.572344303,10.97847652,6.816537857,7.259522915,3.047920942,3.738913536,3.6575315,6.465428829,6.419631958,0.935559094,4.308683872,3.512806654
1425,0.07549602538,0.5052625537,10.1218338,3.962617874,3.696978569,4.80051136,1.676965117,10.71205521,6.756362915,7.327411175,3.147941351,3.844088793,3.722178698,6.5028615,6.481641293,0.9222885966,4.414732933,3.584302902
1426,0.07054268569,0.4677814543,9.414107323,3.989808321,3.723716497,4.766541958,1.582364678,10.92494678,6.867218018,6.789258957,3.144798517,3.652342558,3.754353762,6.261955261,6.214749813,0.9093958735,4.059050083,3.638839722
1427,0.08209763467,0.487154156,9.474444389,4.000110626,3.76247716,4.742965698,1.572242737,11.41614532,7.070962429,6.920930862,3.245264053,3.791960716,3.784000397,6.300712585,6.264109135,0.8912528157,4.228717327,3.684200287
1428,0.06740313768,0.4714848995,9.128202438,4.018120289,3.865180969,4.719136715,1.842255592,9.886212349,6.516319275,6.706896305,3.29581356,3.766127825,3.847901583,6.187201023,6.188816071,0.8767121434,4.137087345,3.73417592
1429,0.09421551228,0.5343811512,9.755377769,4.054754734,3.964431047,4.765835285,2.026247025,9.957512856,6.578176022,7.306800365,3.487631559,4.14014101,3.918182373,6.463756084,6.50971365,0.8619317412,4.660538197,3.80463028
1430,0.09418994933,0.4918836653,9.060367584,4.082106113,3.994641304,4.753570557,1.963914037,9.861857414,6.567256927,6.759661198,3.462205172,3.920254946,3.95054245,6.215343475,6.242469311,0.8465535045,4.27759552,3.854142427
1431,0.07995848358,0.520722568,9.15599823,4.098950386,4.011574268,4.753805637,1.853703499,10.82948017,6.962666988,6.907369137,3.563191414,4.063358307,3.97151494,6.269815445,6.292509556,0.8276209831,4.45295763,3.898776293
1432,0.07870165259,0.5454906225,9.250666618,4.122416019,4.066726208,4.783542156,1.876496911,11.18350887,7.125586987,7.060814381,3.679750443,4.221472263,4.014763355,6.330121994,6.366764069,0.8101266026,4.643046856,3.95558095
1433,0.06907581538,0.4748846591,8.390013695,4.157301903,4.077414036,4.768414974,1.696052909,11.63567352,7.333667755,6.383498669,3.635517359,3.940911055,4.042964458,6.011038303,6.012850285,0.8013825417,4.172646999,4.011267185
1434,0.0673026219,0.3747655451,7.158403397,4.168887138,4.094299316,4.654939651,1.714170456,10.5202179,6.916593552,5.411282063,3.514139891,3.502440453,4.063171864,5.507926464,5.491661072,0.7915089726,3.493901491,4.029597759
1435,0.06879878044,0.3692549765,7.030069828,4.196166515,4.250204563,4.581430912,2.385409594,7.877889156,5.865534306,5.397958279,3.606877089,3.592401266,4.158298969,5.472775936,5.52639389,0.787594378,3.581860304,4.06615591
1436,0.06657599658,0.3535719812,6.650773525,4.215581894,4.263805866,4.479332447,2.442183733,7.559755802,5.74470377,5.134887218,3.605883598,3.507694244,4.177691936,5.319447041,5.364762783,0.7777657509,3.437179565,4.078060627
1437,0.06542298943,0.2761837244,5.591184139,4.23647356,4.254225254,4.311899662,2.465165377,6.647531986,5.36243391,4.279626846,3.455946684,3.078891754,4.186224461,4.856440067,4.872348785,0.7735741735,2.819454193,4.073325157
1438,0.05716084316,0.2619899511,5.205791473,4.249313354,4.266201019,4.137968063,2.700137138,5.781614304,4.980847836,4.018701553,3.43774128,2.988765955,4.200775623,4.683316708,4.697846889,0.7676053047,2.684588194,4.054454327
1439,0.06542646885,0.1892750263,4.110527039,4.26564455,4.208695412,3.899306536,2.624066591,5.077617168,4.661220551,3.132205963,3.240925789,2.510086298,4.182060719,4.162515163,4.131160259,0.7679221034,2.043494225,4.018474102
1440,0.069885768,0.1394274235,3.142002821,4.271411896,4.035767078,3.595175982,2.069675922,5.82027626,5.011228561,2.369829655,3.048009872,2.088370085,4.100349426,3.663282633,3.545230865,0.7674577236,1.516521096,3.946680784
1441,0.08406120539,0.180864796,3.618569374,4.288994312,4.123237133,3.429017305,2.806040525,4.617999077,4.451732159,2.872626066,3.262937546,2.493858576,4.155206203,3.919559479,3.845888853,0.7708242536,2.009334803,3.919065475
1442,0.1053486392,0.1835649759,3.423416853,4.299032211,4.011731625,3.268172264,2.423437357,5.652986526,4.9497509,2.763958693,3.260852814,2.477452755,4.105468273,3.820961714,3.694009066,0.7689795494,1.987416625,3.87591362
1443,0.0858098492,0.1971521825,3.379718065,4.310110092,3.984537125,3.145272017,2.508705378,5.619615078,4.94051218,2.798666954,3.3170259,2.568625689,4.098938942,3.801767111,3.661956787,0.7673419118,2.097478628,3.841201067
1444,0.07378237695,0.1110630035,2.137750626,4.319470882,3.905906677,2.918859243,2.480312109,4.319470882,4.319470882,1.752064705,2.99581933,1.904309392,4.06413126,3.110788345,2.939394712,0.7711372972,1.288808823,3.773555756
1445,0.07110825181,0.2194910496,3.174720764,4.343784809,3.87224102,2.869451523,2.379691362,6.350640774,5.295198917,2.76218605,3.408249617,2.693967104,4.060478687,3.704941988,3.507210732,0.7754647136,2.240998983,3.76378727
1446,0.0626206696,0.08249807358,1.388336182,4.353509903,3.817225695,2.623954535,2.572378874,3.502016783,3.914759874,1.187935233,2.85202384,1.59217298,4.036699772,2.640307665,2.43789649,0.7834894657,0.9361205101,3.684196711
1447,0.06621405482,0.07195740938,0.7896158695,4.353065968,3.695812225,2.325461149,2.580518484,2.681957006,3.459878683,0.6928995252,2.626202822,1.213720202,3.971926689,2.181328773,1.951442122,0.7866417766,0.5667083263,3.565856218
1448,0.05922982097,0.1144708619,1.377425075,4.358685017,3.62466836,2.190754652,2.601273298,3.85145092,4.100709438,1.292985201,2.952885389,1.803296089,3.937411547,2.631052494,2.360153913,0.7891551852,1.175730109,3.496720076
1449,0.05866551399,0.09609892964,0.9211258888,4.36149931,3.544698,2.022995949,2.673916578,3.097280502,3.69909668,0.8976870179,2.781168222,1.507162452,3.89585948,2.291282892,2.00593853,0.7923827171,0.8630844951,3.410772562
1450,0.1430639476,0.1698312908,0.2782281637,4.410788536,3.389917135,1.73672092,2.755736589,1.623669982,2.798080683,0.2824626863,2.286571741,0.7913606763,3.83543992,1.585770488,1.266460419,0.8263290524,0.2950525284,3.248454332
1451,0.1663315147,0.207415536,0.2188846916,4.400983334,3.214708567,1.467036247,2.517245054,1.553107262,2.740715027,0.2055736631,2.144912481,0.6166681647,3.731467009,1.322584152,0.9848208427,0.837030828,0.2143006772,3.111806154
1452,0.1450294554,0.1828347445,0.32084319,4.403144836,3.145859957,1.326678276,2.723779917,1.965625763,3.032199144,0.3404670656,2.394323587,0.9749689102,3.691898584,1.604053855,1.218726516,0.8490176201,0.422318846,3.019169807
1453,0.1764032245,0.2231881618,0.2681432664,4.394432545,3.054052114,1.144917965,2.984791517,1.109132886,2.369641542,0.2136404365,2.158758879,0.6589513421,3.632192373,1.243699908,0.8784047961,0.8593050838,0.2312723398,2.898230314
1454,0.142002061,0.2106912136,0.3738321364,4.394432545,2.958790541,1.08265686,2.84551239,2.079631805,3.102999926,0.4073649645,2.491624117,1.16234076,3.577003717,1.635168672,1.192035675,0.8696139455,0.5817573071,2.826853991
1455,0.1506841034,0.223375544,0.3646936417,4.395808697,2.909700394,1.027998328,3.045729399,1.776185036,2.899266958,0.3811502755,2.474880457,1.150571227,3.547328234,1.576877594,1.124673367,0.8803851008,0.5739844441,2.758418322
1456,0.1652558297,0.2485101372,0.3836601973,4.381362915,2.765211344,0.9015954137,2.923805237,1.237941861,2.470735788,0.2366576791,2.135235548,0.7045456767,3.456574202,1.192259073,0.7588403225,0.8778993487,0.2615580261,2.631627798
1457,0.1537877768,0.2556111515,0.4088573456,4.375353336,2.70399785,0.8274763227,3.142386675,1.168398499,2.404431343,0.2518268526,2.195258856,0.8033638,3.414488792,1.23299396,0.776514709,0.8916361332,0.3206345737,2.550308943
1458,0.1644758731,0.3002501428,0.6774041057,4.352313995,2.57109499,0.7085998654,3.120740891,0.8639580607,2.045316458,0.3247075975,1.942492604,0.5190454125,3.32339406,0.9833810925,0.5514834523,0.8907355666,0.1953659505,2.423534155
1459,0.1687764078,0.3309562206,0.9089028835,4.326426983,2.438477278,0.6040998101,3.027132988,0.8358951211,1.972415447,0.4229677618,1.849281311,0.4426925182,3.229164362,0.8978228569,0.4675699174,0.8958417773,0.1882954091,2.305728674
1460,0.1476876885,0.3010444641,0.7226600647,4.309785843,2.38387084,0.5545052886,3.397642851,0.8769313693,2.012384653,0.3107299507,2.015093565,0.6699554324,3.185367346,1.061104298,0.5689503551,0.9002006054,0.2561879754,2.21562171
1461,0.1812759787,0.3401150405,1.094518304,4.278351784,2.220292091,0.4854751527,2.904135942,0.9329431653,2.060693979,0.4644801915,1.817836165,0.4686504304,3.070774078,0.9096412659,0.4405673444,0.9021188617,0.189797774,2.108547688
1462,0.1625204831,0.3871734142,1.521659255,4.252327442,2.107871056,0.4192892611,2.839969397,0.8611394763,1.909949899,0.6746506095,1.697757721,0.3659785688,2.985250473,0.822634995,0.3811500072,0.9119679332,0.2012102604,2.006467581
1463,0.1831754446,0.5298143029,2.689229965,4.210971355,2.004730225,0.3291832805,3.212437868,1.000228047,1.346000195,1.393553853,1.455724716,0.216712296,2.895032883,0.7027900219,0.3490496576,0.9116347432,0.4292452335,1.867833614
1464,0.1743258387,0.4933503568,2.57572341,4.167408943,1.908768296,0.2867562771,3.293213606,0.9818740487,1.381499887,1.239532113,1.520020843,0.2674661875,2.80696702,0.7371506691,0.360586971,0.9297177196,0.3297147453,1.770209908
1465,0.1631083339,0.4411306083,2.353907347,4.125710964,1.814483166,0.2559553683,3.490612745,1.025430322,1.408507705,1.023308396,1.572476983,0.3290006518,2.725178003,0.8030565381,0.3731628954,0.9248636365,0.2366213799,1.661746979
1466,0.1470245272,0.368773222,1.617879272,4.094056606,1.738772988,0.2545656264,3.486612082,0.9340898395,1.725081086,0.5610935688,1.791025996,0.6015893817,2.662313223,0.970562458,0.4199339151,0.9227922559,0.2422660589,1.590394974
1467,0.1615735143,0.3737007678,1.762680888,4.060917377,1.676128387,0.2528192103,3.536312103,0.9677960277,1.671154022,0.6078557372,1.743529677,0.5822496414,2.605921984,0.979136765,0.422686547,0.9247735143,0.2375818938,1.52796042
1468,0.1803787202,0.4167363346,2.544459343,4.014721394,1.582074165,0.2374390811,3.458384275,1.131358981,1.469913602,1.00579989,1.513139129,0.3670382798,2.523010731,0.9126577377,0.4236413538,0.921810627,0.2047372609,1.444470525
1469,0.1661113352,0.3837163746,2.1613729,3.978064299,1.493407369,0.2353792936,3.127060652,1.023579717,1.764239788,0.7533672452,1.618990898,0.5137097836,2.448143721,0.9898409843,0.4333295822,0.9248275757,0.2172858864,1.386872411
1470,0.1939311773,0.4066777229,2.696886063,3.943021059,1.447433472,0.2273534089,3.496368647,1.229330063,1.483049035,1.009338975,1.476712584,0.3960214555,2.400557518,0.9885454178,0.4619221389,0.9202615619,0.1992456317,1.313893199
1471,0.2120715529,0.4079874456,2.889079809,3.896784067,1.371101379,0.2205593437,3.421292543,1.28237474,1.486453056,1.082043886,1.424404025,0.37935853,2.328861237,1.016313314,0.4867538214,0.9176859856,0.1998624802,1.246946692
1472,0.2294775844,0.5841761827,5.168545723,3.832321167,1.237265587,0.1998437047,3.214373827,2.152075291,1.264621139,2.505532503,1.060129046,0.1914126873,2.209545851,1.089021087,0.7306721807,0.8975281715,0.5834158063,1.130954266
1473,0.1970917732,0.6080851555,5.759700775,3.765683174,1.125293732,0.1940916032,3.220797777,2.544878006,1.26633203,2.821237564,0.9905149341,0.1964884549,2.101646662,1.180862784,0.8394805789,0.8773376346,0.670294106,1.020724654
1474,0.1947600245,0.5294133425,5.328420639,3.698473692,1.010390639,0.1988905668,2.804826736,1.908923507,1.391552567,2.432229042,1.019662857,0.1929337978,1.99051702,1.196751952,0.8140714765,0.866672039,0.4684355259,0.9370854497
1475,0.2273858041,0.5807631016,6.208025455,3.6348598,0.9211697578,0.211798951,2.752907991,2.254376173,1.356115937,2.944387436,0.9411058426,0.2021753043,1.895686507,1.300725937,0.9695730209,0.8552710414,0.6271865368,0.8525665402
1476,0.2163798809,0.77698946,8.468787193,3.55729413,0.840634048,0.2456767559,3.248572588,4.418749809,1.342644334,4.445428371,0.8103570938,0.3346232474,1.799492478,1.574736238,1.363695979,0.8277742267,1.26964438,0.7427995801
1477,0.1818010062,0.5837590694,7.111302853,3.472815752,0.7489161491,0.2737460434,3.05345273,3.346551895,1.352159858,3.364038467,0.8538047671,0.2184010893,1.694307923,1.475733876,1.169741392,0.8108347058,0.7012822032,0.6656522155
1478,0.1739332676,0.546151042,7.106672764,3.397172928,0.6583390832,0.3010412455,2.708644152,2.906274796,1.392448783,3.272979736,0.8336753845,0.2097253948,1.593368411,1.523699164,1.213294506,0.7931027412,0.6238623261,0.5965633392
1479,0.1902355403,0.5382823944,7.407797337,3.329454422,0.6066753268,0.328414619,2.958909988,3.585211039,1.416990638,3.389076948,0.8015401959,0.2135204077,1.523616791,1.604985118,1.291154981,0.776256144,0.6294469237,0.5338540077
1480,0.1780180335,0.3849347532,5.808980465,3.266558409,0.5639915466,0.3201063573,2.861495018,2.626654625,1.447579384,2.267758131,0.8918671608,0.2086774111,1.464016318,1.476098418,1.029749751,0.7708017826,0.2513056695,0.4984353781
1481,0.1901128292,0.3699624538,5.894334316,3.205047607,0.5270786881,0.3113577068,2.789512634,2.645391464,1.455440998,2.281673193,0.8668926358,0.2093879431,1.408875465,1.509784102,1.063863397,0.7671093941,0.2444873005,0.4671785831
1482,0.2116969228,0.3549873829,5.971212864,3.144705534,0.5021105409,0.3027757704,2.915425301,2.940469742,1.454085708,2.292411089,0.842792213,0.2100850791,1.363663077,1.542070389,1.090425491,0.7636842728,0.2378685474,0.4386673868
1483,0.1806464791,0.2901303768,4.883048534,3.092963457,0.4866728783,0.2735824883,2.991592169,2.521823168,1.47953558,1.612472057,0.9263353348,0.3001359403,1.33206749,1.468629241,0.9097086787,0.7617359757,0.15758048,0.4217842519
1484,0.1940651685,0.3241150677,6.041466236,3.026513338,0.4470314085,0.2707220316,2.751232147,2.956363678,1.477678895,2.292637587,0.7820442319,0.2050291449,1.27449286,1.603317618,1.145468473,0.7538919449,0.2280139923,0.394525975
1485,0.2039958239,0.3409464657,6.655405521,2.961238146,0.41944924,0.276529938,2.859972715,3.638651609,1.508683681,2.650286198,0.7124230266,0.1890005916,1.226420164,1.7046386,1.282711267,0.7435894012,0.3006041944,0.3646644652
1486,0.2008787841,0.3480966985,7.078399658,2.883132696,0.3893758059,0.2847509086,2.839990616,4.023765564,1.53136158,2.900167704,0.667866528,0.1907339543,1.169319034,1.7713871,1.383979917,0.7380959988,0.3611246049,0.3379012048
1487,0.1987367123,0.3372606933,7.207483768,2.802784681,0.3569709361,0.2932382524,2.685714006,3.962505102,1.526546836,2.962192535,0.6428294778,0.1946172267,1.10882318,1.800301909,1.432749629,0.733299017,0.372613579,0.3134757876
1488,0.1647782922,0.4029935896,8.428879738,2.715601206,0.3146250546,0.3195979595,2.463485956,4.473480225,1.571308136,3.747732401,0.5800511837,0.2432686836,1.036012292,1.989434719,1.719837189,0.7202889323,0.6247087121,0.280980438
1489,0.2012292296,0.3392852247,7.834423065,2.63919735,0.2976382971,0.3327118754,2.652649641,4.652242184,1.588195801,3.310959578,0.5868924856,0.2152534276,0.9887443185,1.916758657,1.603687882,0.7162694931,0.4601327479,0.2598841488
1490,0.1590973139,0.2901413739,7.363458157,2.562978268,0.2739555538,0.3376154006,2.605249166,4.433754444,1.576279044,2.9792068,0.5791402459,0.1990038157,0.9387078285,1.871622443,1.528799534,0.7055676579,0.3540314734,0.239665553
1491,0.1810485572,0.2330729216,6.583017826,2.493481398,0.254757911,0.3256436586,2.441291094,3.749433517,1.517790794,2.471482754,0.5880574584,0.1926071644,0.8954832554,1.775988579,1.385461211,0.6994738579,0.2296829373,0.2265824527
1492,0.2026716471,0.1836141944,5.48148489,2.439900875,0.2509303987,0.2938669324,2.565521955,3.405797958,1.496403694,1.803413033,0.6280178428,0.2331256121,0.8745917678,1.642733216,1.159968138,0.6961416602,0.1461304873,0.2202945203
1493,0.1583765745,0.1723905057,5.324308872,2.381660223,0.243011117,0.2646324039,2.474309683,3.299413681,1.48487103,1.728325486,0.6109231114,0.2360738367,0.847897768,1.623526931,1.136691451,0.695766449,0.1446296275,0.2155936211
1494,0.1549301893,0.2041288614,6.504013062,2.310455322,0.2350218296,0.2617211044,2.493276358,4.354319572,1.573112369,2.461395025,0.5246136189,0.190344736,0.8127598166,1.77933085,1.394398332,0.6982520223,0.2390527725,0.2084977031
1495,0.2183990031,0.2458132058,7.485440731,2.228756428,0.2169959396,0.2762075961,2.482686281,5.358231068,1.701389909,3.100650787,0.4722216129,0.2143856138,0.7656149864,1.940379143,1.630811095,0.6868238449,0.4091308415,0.1926422268
1496,0.1757857352,0.2010986358,6.817195892,2.151762724,0.2005306929,0.2799333036,2.298930168,4.649889946,1.609565139,2.671869516,0.4656133652,0.192164734,0.7218983173,1.844050407,1.508359313,0.6779982448,0.292565614,0.1816536337
1497,0.1814476997,0.1864406466,6.634737492,2.083179712,0.1920405626,0.2826380432,2.400608301,5.03345871,1.669371009,2.562703371,0.4472976923,0.1879501343,0.690195322,1.830080986,1.483395457,0.667929709,0.269869715,0.1725581139
1498,0.158639729,0.1380206496,4.452203751,2.031071901,0.1909713298,0.2418863773,2.309205532,3.298631668,1.445343137,1.289674997,0.5313200355,0.2670872509,0.6740630269,1.491874814,0.9994203448,0.6725828052,0.1586911082,0.1733007282
1499,0.1591858119,0.1519719511,5.810836315,1.965113759,0.1828351766,0.2391459197,2.223249674,4.444377422,1.58584249,2.111854076,0.4275989234,0.1801423579,0.6440857053,1.697324157,1.319862962,0.6650958061,0.1937044859,0.1677696109
1500,0.1711058468,0.1756547242,6.502851963,1.891231179,0.1701284498,0.2469823956,2.017339706,4.76051569,1.629706383,2.57348609,0.3894114494,0.1922510713,0.6046841145,1.81389904,1.503488421,0.6558019519,0.3020855486,0.159653008
1501,0.1738094091,0.1475524008,5.740293503,1.830506921,0.1637921333,0.243621096,1.941270947,4.209196091,1.55007267,2.107316494,0.3863325119,0.1759781837,0.5775924325,1.691367745,1.34414041,0.6493207216,0.2022068352,0.1551022977
1502,0.1704227775,0.1403129101,5.417945385,1.77466166,0.1621728987,0.2380812615,2.078426123,4.551790237,1.60483706,1.930610657,0.3748067915,0.1739947349,0.5586509109,1.644075394,1.277243137,0.6426563263,0.1779830605,0.1521580964
1503,0.1721027344,0.1375846118,4.149743557,1.724390507,0.1622493118,0.2110383511,2.042525291,3.599192381,1.45550251,1.226949334,0.4088451862,0.222168088,0.5449263453,1.425095916,0.9849209785,0.6461355686,0.148123607,0.1526589245
1504,0.1940641403,0.1374379545,4.613934994,1.669508934,0.1595463157,0.2042863816,1.888564467,3.904757738,1.500446916,1.528562546,0.3602573872,0.1806807518,0.5250876546,1.500060678,1.111034155,0.6405847669,0.1460209042,0.1524353474
1505,0.2174100727,0.1705961972,3.315641642,1.630942941,0.1646384448,0.1776998788,2.1860044,3.605224371,1.451020837,0.8521597385,0.4145420492,0.2849827111,0.5237384439,1.28381896,0.8016035557,0.6425661445,0.2137649059,0.1531753093
1506,0.2006638795,0.1436436921,4.368904591,1.565481782,0.1588229835,0.1747625321,1.900343537,4.26152277,1.543824673,1.479994416,0.3249361813,0.1705954522,0.4973243475,1.436018348,1.058602691,0.6389007568,0.1495644301,0.1515808702
1507,0.1729764938,0.1529186815,3.891809464,1.513660431,0.1610429287,0.1692093611,2.130579948,4.681040287,1.612983704,1.240267634,0.3224671483,0.1814877242,0.485919863,1.348409534,0.946609199,0.6358746886,0.1416534334,0.1511589289
1508,0.173685506,0.1676905602,3.478524446,1.455595613,0.1583471894,0.1620065123,1.919659138,4.018270493,1.490769386,1.055183768,0.3177861273,0.193768546,0.4672047198,1.263883352,0.8627724648,0.6343226433,0.1471300274,0.1511376649
1509,0.1574910432,0.1734631062,3.447408676,1.402998328,0.1572137624,0.1589671075,1.809121013,4.003843307,1.48391211,1.081322551,0.296382755,0.1812604219,0.4513936043,1.248360753,0.8665755391,0.6310054064,0.1442994326,0.1514497846
1510,0.1861831397,0.1999622583,2.962221384,1.357108116,0.1589242369,0.1530351341,1.911264062,4.017426014,1.480978012,0.8565650582,0.3005151451,0.2061202079,0.4422700405,1.153277993,0.7539170384,0.6301017404,0.1629865617,0.1518658549
1511,0.1464504153,0.1944112033,3.172634125,1.303147912,0.1581984162,0.1536055058,1.78306675,4.257930279,1.520939708,1.01821506,0.2670575678,0.172603175,0.4263380468,1.178173065,0.8153968453,0.6259408593,0.1459008455,0.152815938
1512,0.1779559106,0.197351262,3.281551361,1.247599959,0.1580246091,0.1542745084,1.85909605,4.961174011,1.649124503,1.127346158,0.2451293617,0.1594397426,0.4104172289,1.183645606,0.8439515233,0.6221132874,0.1514195055,0.1521002054
1513,0.1529314518,0.2775712013,2.158464432,1.203943133,0.1583120823,0.1477967352,1.770843506,3.581653595,1.376156926,0.5640291572,0.285541296,0.2427332401,0.4017377794,0.9661054611,0.5834315419,0.6264662743,0.2169782072,0.1528931707
1514,0.1688035727,0.2425101548,2.581885099,1.151893497,0.1594855636,0.1477430314,1.882929444,4.836629868,1.610499978,0.8288814425,0.2359737009,0.1687473506,0.3892077506,1.019231796,0.6799440384,0.6241186261,0.1474902481,0.1529080123
1515,0.1488061845,0.3518569171,1.622723699,1.109787107,0.1597547382,0.1451892406,1.790480614,3.474955797,1.335344195,0.3926534653,0.2851545513,0.2854551971,0.3820408285,0.8365361691,0.4645104706,0.6254065633,0.2856661975,0.1536767036
1516,0.1396639347,0.3390513957,1.673785806,1.065602064,0.1594483405,0.1458777338,1.684361458,3.625780106,1.353111386,0.4499988854,0.2515746355,0.2300319821,0.3724250495,0.8193106651,0.4758557081,0.6269016266,0.2165609747,0.1543262154
1517,0.1363093108,0.3629779816,1.53152597,1.025479794,0.1616121083,0.1482640058,1.721785426,3.813192368,1.378345013,0.4204445779,0.2420506924,0.2236058712,0.3659438789,0.769841969,0.43919155,0.6323621869,0.2119983882,0.1556663662
1518,0.1685294509,0.3177891076,1.91843164,0.9712689519,0.1602845341,0.1478170007,1.664238572,4.707086086,1.552490711,0.6619714499,0.1957487017,0.1538275927,0.3499229848,0.815761745,0.5279105306,0.6296243668,0.1447136551,0.1551524252
1519,0.1654498428,0.4921907187,0.9665183425,0.9374578595,0.1596497595,0.1532437801,1.511869431,2.837218523,1.161021709,0.2508473098,0.2657405138,0.3115649521,0.3446064889,0.6364657879,0.3224723041,0.6319660544,0.3482682705,0.1561139077
1520,0.1590473503,0.3509490192,1.703214765,0.8888301849,0.1588925719,0.1509401202,1.497248292,4.583256245,1.516534686,0.6311519742,0.17595689,0.1453565508,0.3302585185,0.7421779633,0.4837145805,0.6275081038,0.1459758878,0.1555201858
1521,0.1425320506,0.3406378329,2.051575661,0.8302490115,0.1538026184,0.1456335932,1.341694236,5.043777466,1.609155178,0.8925219178,0.1637343019,0.1577124149,0.3078299463,0.7935287356,0.5722361207,0.6208437085,0.2072241455,0.1523454338
1522,0.1564999223,0.3922670782,1.566840529,0.7835109234,0.1530645043,0.1450301707,1.35480535,4.629535198,1.513381362,0.6229112148,0.161676541,0.1438204944,0.2937335968,0.6831943393,0.4650934637,0.6162956357,0.1543731689,0.1513730437
1523,0.1710092425,0.5163183808,0.8890283704,0.7477471232,0.1540977508,0.1474558115,1.299235821,3.379905701,1.231609821,0.2871079743,0.1865198165,0.191748783,0.2867379487,0.5391762853,0.3163165748,0.6149716973,0.1952713728,0.1528350115
1524,0.1628135592,0.4730195999,1.109433651,0.7054665685,0.1555425078,0.1479997635,1.407944083,4.655109406,1.513225198,0.4287151396,0.1593385488,0.1474251449,0.2764448822,0.5646274686,0.364610672,0.6114863753,0.1467113048,0.1530397981
1525,0.194806084,0.453468442,1.37725544,0.6535611153,0.1547230482,0.1497186273,1.255127907,5.143294811,1.625321031,0.6340252757,0.1539053768,0.1594986171,0.2605980337,0.6087889075,0.4374340773,0.6034858227,0.1932632476,0.1537496001
1526,0.1365828961,0.547340095,0.8592233658,0.6126434207,0.1560123712,0.1513867527,1.271124244,4.37968874,1.442892194,0.348631531,0.157360062,0.1526326984,0.2509833872,0.484993428,0.3209611475,0.5999493599,0.1521413773,0.1548344195
1527,0.1456471384,0.6662972569,0.5303574204,0.5823441744,0.1639091671,0.1596691459,1.290531993,3.735439301,1.293500423,0.2201654166,0.1837666482,0.2044550925,0.2503009737,0.4092010558,0.2567312419,0.5987328887,0.22107853,0.162482962
1528,0.1902216524,0.6117786765,0.6818304658,0.542128861,0.1673331261,0.1648637056,1.130455852,4.159849167,1.393961549,0.3135774434,0.1652524322,0.1642038077,0.2427559346,0.4292254746,0.29771626,0.5944815278,0.1648220867,0.1670598388
1529,0.1700215936,0.5633907914,1.026945353,0.4966485202,0.1674952507,0.1677647233,0.9217141271,4.670877934,1.518134475,0.5732722282,0.1717246324,0.2028577328,0.2294957042,0.4998363554,0.3904671669,0.58531636,0.2544094324,0.1679833978
1530,0.203634277,0.7055699229,0.4834103882,0.4743773937,0.1758748144,0.1761653423,0.9160663486,3.354950905,1.198541522,0.249625802,0.1796000004,0.1817119569,0.2304670066,0.3639545441,0.2674176991,0.5828298926,0.1820218563,0.1762017757
1531,0.1669353396,0.6158720851,0.8854621053,0.4385429919,0.1788674146,0.1830369979,0.8479516506,4.751511097,1.55403614,0.543192327,0.1916495115,0.2305363566,0.2220208198,0.4599839747,0.3750032485,0.573343277,0.2852354348,0.1788340062
1532,0.1721493751,0.8020382524,0.3427999914,0.4137248993,0.1809552312,0.1827047318,0.6904134154,2.47385478,0.9674193263,0.2131875008,0.1910462976,0.1957265735,0.2184776515,0.3031927943,0.2389134616,0.5712417364,0.1998955011,0.180656597
1533,0.1648721844,0.7666347027,0.3942753971,0.3979599476,0.189786911,0.191439271,0.6450948119,2.817759752,1.062906623,0.2531597316,0.1957819015,0.19286488,0.2212330848,0.3163962066,0.2603337467,0.5678637028,0.1891028881,0.1889119893
1534,0.1536641568,0.9035708308,0.2701084316,0.3846279085,0.1951846331,0.1940379888,0.4996824265,1.574278355,0.7313082218,0.2208259106,0.2189663798,0.2305428982,0.2230765224,0.2657170296,0.2270273715,0.5664583445,0.2475505918,0.193471387
1535,0.1754559129,0.7974409461,0.3421037197,0.3843142092,0.2132927179,0.2101368159,0.3920021057,1.736017585,0.787527144,0.2563352287,0.2238811105,0.2175539732,0.2365985662,0.3010125458,0.2644659579,0.5659885406,0.2106896192,0.2089841366
1536,0.169522658,0.9492850304,0.2715540826,0.3808277547,0.2160995454,0.2135735005,0.4818228781,1.515201926,0.7288663387,0.2522562444,0.2514671385,0.2588441074,0.2381516695,0.2580701411,0.2370767146,0.5649343133,0.2763084173,0.213648513
1537,0.1784846336,0.7533199191,0.3960467279,0.3712898195,0.2243440151,0.2217717618,0.4655078351,2.80229187,1.093706965,0.331489712,0.249893263,0.2630091906,0.2417013645,0.3204998076,0.2860110998,0.5584042668,0.2774625123,0.220655635
1538,0.1609438807,0.9486215711,0.2600796521,0.3662469685,0.2316725403,0.2281029224,0.4815921783,1.776177406,0.8109644055,0.2513578236,0.2696989477,0.2584182322,0.2461253852,0.2449740916,0.2388479114,0.5576199889,0.2570869625,0.2283387184
1539,0.1677487642,0.928961575,0.2456254512,0.3585250378,0.2413514853,0.2338230014,0.3398548067,1.231633782,0.6521142721,0.2422279865,0.2768259346,0.2558144331,0.2521183789,0.2392862439,0.2371445894,0.5556860566,0.2421264648,0.2346213311
1540,0.1881392449,0.8487659097,0.2418192774,0.3542071283,0.2423554659,0.2382980138,0.4890010357,2.668821573,1.075666785,0.245314315,0.2809140086,0.2639839947,0.2512482703,0.2523041964,0.2419772297,0.5510715842,0.2481358796,0.2389086485
1541,0.1777424067,0.7778374553,0.3294266462,0.3462826312,0.2618757486,0.2521366775,0.2849001586,1.859646201,0.848803997,0.3548064232,0.3159459531,0.3487769067,0.264136672,0.300224334,0.2866529822,0.5438718796,0.3828358948,0.2493072897
1542,0.1898638457,0.7950577736,0.2931494713,0.3442159593,0.2722156942,0.2613124549,0.2510218918,1.269073963,0.6726129651,0.3270388246,0.3238153458,0.3444139659,0.2709006965,0.2846390903,0.2794165909,0.5357661843,0.3651588261,0.253469795
1543,0.1691322178,0.912422359,0.2233772427,0.3479620516,0.2716503143,0.2658322155,0.3086374104,1.38965857,0.7166238427,0.2398836613,0.3206816614,0.2831288278,0.271628648,0.223324582,0.235645473,0.5326525569,0.253130734,0.2595711052
1544,0.1541717201,0.9332311749,0.2319712639,0.3504115045,0.2844512165,0.2730997801,0.2803097069,1.021688581,0.6030588746,0.2472890764,0.3382809162,0.2935748994,0.2816911936,0.2158105373,0.2349995375,0.5309855342,0.2597645223,0.2688985765
1545,0.1551123857,0.9190907478,0.2282599211,0.3551015854,0.3056160212,0.2809347212,0.2828211784,0.4142712057,0.3829213679,0.2480344325,0.3543930054,0.3067168891,0.2977871597,0.215144977,0.2364771813,0.528958261,0.2694194615,0.2780975401
1546,0.898781538,3.650796175,7.273979187,0.3318009079,0.2247098088,0.2417218238,0.2431688905,5.339994431,1.247395635,6.715024948,1.490483403,3.35484767,0.2248253673,1.596971869,1.796041608,0.4927148819,5.956136227,0.2116773874
1547,0.09084094316,0.4902270734,0.2976728678,0.3543812037,0.2309805155,0.2190050036,0.2160950154,1.628808975,0.799642086,0.4595406353,0.3370898664,0.5101374984,0.2380892634,0.2795490623,0.2366400361,0.4789501131,0.6942822337,0.2172963768
1548,0.08888532966,0.5031629205,0.244650051,0.3747928143,0.2519377768,0.2217240185,0.2614419162,0.9456450343,0.5966787934,0.3941628635,0.3491233289,0.4782702029,0.2608682215,0.2679018676,0.2345350236,0.4682890475,0.6119274497,0.2279062271
1549,0.08567584306,0.4731485844,0.3016562462,0.3973731101,0.2568964362,0.2371530533,0.2246278524,1.996492028,0.9606024623,0.4651997983,0.3785211146,0.5365634561,0.2730924487,0.305840373,0.2590158284,0.4557039738,0.7000229359,0.2379270345
1550,0.08656191826,0.5138655305,0.1992221624,0.4177862108,0.2766875327,0.2642813325,0.2349600792,1.646191716,0.8702931404,0.3362168074,0.3832900524,0.4603677094,0.294288218,0.2657983303,0.2305060178,0.448813051,0.5365186334,0.2544753253
1551,0.07664699107,0.4949219227,0.2213302255,0.4457740784,0.3134278357,0.3029711545,0.3012612462,1.050197482,0.6903529763,0.3744696677,0.4219326973,0.5110061765,0.3292148411,0.2924621105,0.2598224282,0.4442181587,0.5986554623,0.2773192823
1552,0.1599378437,0.8799208999,0.3685927391,0.4533518851,0.3208688796,0.2989126742,0.2974856794,0.3334848881,0.3830084801,0.3255200684,0.4289526939,0.3332315683,0.3350915015,0.1771173924,0.1994212419,0.4475939572,0.2853150368,0.2887375653
1553,0.08025682718,0.3928674757,0.3897081912,0.487080574,0.3571106493,0.3478755951,0.395260185,1.146735072,0.756357491,0.6172801852,0.509241879,0.727656424,0.3716454804,0.3983616829,0.3548390865,0.4368274212,0.9490833879,0.3102294505
1554,0.09504713863,0.5800668597,0.1391373277,0.5052033663,0.3793874085,0.3655216992,0.4536120892,0.3930927217,0.4430605471,0.2235097438,0.4564317465,0.4037233293,0.392147541,0.2270458937,0.2173064202,0.4360003471,0.3584560454,0.3274976015
1555,0.0777707696,0.3929898441,0.2996346653,0.5369734168,0.3941055238,0.4128574431,0.3781437576,1.276434302,0.8401020169,0.5008840561,0.5295099616,0.6630377173,0.4147155583,0.3786337674,0.3375909328,0.4280556142,0.7933024764,0.3495035172
1556,0.07591753453,0.457994312,0.1768219471,0.5595597029,0.4256540239,0.4428962171,0.4794256687,0.6334376931,0.5952019691,0.3237534463,0.5198331475,0.5316426754,0.4428111613,0.3072394729,0.2829480171,0.4243016243,0.5424275398,0.3694823682
1557,0.06674468517,0.4233359396,0.2095200568,0.595962882,0.4671033919,0.4871512353,0.5898737907,0.5504930615,0.5726516247,0.3748772144,0.5599122047,0.5893647671,0.4824133813,0.3467955589,0.3220593631,0.4254699945,0.6164765358,0.4004815519
1558,0.08555395156,0.2789128721,0.6976351738,0.6450408101,0.5267999768,0.5727669597,0.8746788502,0.6708133817,0.6577829719,0.9838543534,0.700009048,1.041582942,0.5375464559,0.6211001277,0.5873489976,0.4135924876,1.384871006,0.4326192141
1559,0.09199460596,0.2653223276,0.7288131714,0.6834611297,0.5514243245,0.6513363123,0.8165461421,0.8128104806,0.7452180982,0.9908129573,0.7155954242,1.033505082,0.5693072081,0.6550124288,0.618393898,0.3989417851,1.3498559,0.4591962397
1560,0.1092566326,0.2371552587,1.82045269,0.7487361431,0.5858505368,0.8024170995,0.7336468101,2.162022591,1.316916823,2.150377989,0.9542011619,1.755906701,0.6174513102,1.116308331,1.061689019,0.3716380894,2.594287634,0.4962707758
1561,0.1347953528,0.3537116945,0.2863052189,0.7787652016,0.5888440609,0.8097308278,0.5323024392,0.9880800247,0.8773351312,0.4221875966,0.6476120353,0.6199647188,0.6334778666,0.4669823349,0.4204257429,0.3737821877,0.5957212448,0.5263164043
1562,0.1142591909,0.4895497859,0.1955336779,0.7989726663,0.6096740365,0.7679722905,0.5648220181,0.6033094525,0.6919198036,0.2730266452,0.6407617927,0.4850625992,0.6534981728,0.350355953,0.3156045079,0.3808044493,0.3674851656,0.5473757386
1563,0.07773249596,0.3279229105,0.2943919599,0.8381794095,0.6685919762,0.793484509,0.7638632655,0.6782846451,0.7530450821,0.4501466751,0.7187101841,0.6832762361,0.7031276822,0.4957075417,0.457264781,0.3883393109,0.6523618698,0.5859779716
1564,0.08561402559,0.3197864294,0.3059337437,0.8792427182,0.6943539977,0.8198191524,0.6752105355,0.9435873628,0.9108387828,0.4639846385,0.7573334575,0.7091302872,0.7361623645,0.5182172656,0.4745465815,0.3980533183,0.667358458,0.6268745661
1565,0.08199191839,0.2595589161,0.4239601791,0.9182934761,0.7440454364,0.8602183461,0.8001720309,0.9677134156,0.9426792264,0.6184668541,0.8228687644,0.8484953046,0.7808812261,0.6150164008,0.571436882,0.4012117386,0.8714773655,0.6646347046
1566,0.09985653311,0.3783791065,0.2362839431,0.9374743104,0.7635208964,0.8384734988,0.834176302,0.6021059155,0.7435312271,0.3609169722,0.7906937599,0.6393911242,0.7998793721,0.460447222,0.4268891811,0.4055624902,0.5184919238,0.6843319535
1567,0.06946391612,0.2896097004,0.3131005466,0.9674838185,0.8419363499,0.8532238007,1.361969948,0.4860284626,0.5882934928,0.4832275808,0.8456315398,0.7688272595,0.8547599912,0.5548445582,0.5337536335,0.4104621708,0.7035289407,0.7146245837
1568,0.09800938517,0.3873728216,0.2432798594,0.9782524109,0.8651898503,0.8282763362,1.455283284,0.6329963803,0.5138587356,0.3543145657,0.8348665237,0.6401142478,0.8723676205,0.4559359252,0.4428020716,0.4189251661,0.4908912182,0.7353263497
1569,0.1011083797,0.2836961448,0.3139309585,1.001138926,0.8815488815,0.8397946954,1.330765009,0.5003286004,0.6122711301,0.4643029869,0.8795154691,0.754888773,0.8930080533,0.5580837131,0.5417054296,0.4284984767,0.6519221663,0.7671400905
1570,0.08669445664,0.1673836261,0.5941161513,1.044935346,0.9389414787,0.8986752629,1.515597463,0.5372030139,0.7045841217,0.8003047109,0.9686927199,1.017743468,0.9444438815,0.7698605657,0.7560232282,0.4353247583,1.061692357,0.8115510345
1571,0.07724241167,0.1178009138,0.8907604218,1.093803048,1.02410996,0.9793224335,2.000550985,0.5435546041,0.6569830775,1.109688163,1.047386169,1.223275542,1.012331128,0.9491747022,0.9539211392,0.437807411,1.385699272,0.8593465686
1572,0.07231191546,0.1262610108,0.7711634636,1.12261939,1.031162381,1.027970195,1.663284779,0.5677123666,0.7439844012,0.9391724467,1.027217746,1.088695884,1.033163428,0.9038014412,0.8961381316,0.440446496,1.143746972,0.8975127339
1573,0.05805407465,0.1205157638,0.7936053276,1.164763331,1.072265029,1.078067422,1.652389884,0.5941033363,0.7820339799,0.9389672279,1.051564693,1.083803535,1.076117992,0.9360448718,0.9273821712,0.4500072896,1.112374663,0.9440427423
1574,0.06801577657,0.1447807103,0.6620935798,1.201091409,1.114591002,1.101323128,1.707058907,0.589518249,0.7383998036,0.777322948,1.05127418,0.9748261571,1.116543174,0.876845181,0.8688326478,0.4642088413,0.9097370505,0.9869682789
1575,0.08496081084,0.1152597368,0.8067721725,1.240946651,1.120662928,1.137241006,1.364386439,0.8077886701,0.9940745234,0.9147575498,1.100635886,1.067549586,1.140850425,0.9787254333,0.9560761452,0.4775248468,1.038909435,1.032403111
1576,0.05623902008,0.09338158369,0.9736294746,1.293764591,1.173031092,1.19207716,1.410476327,0.9320113063,1.095454097,1.081146836,1.166115642,1.187150478,1.19367063,1.09350884,1.070896983,0.4928397238,1.205643654,1.085752368
1577,0.06570818275,0.07452768087,1.184072018,1.34591043,1.224408031,1.257641673,1.452175975,1.092338324,1.212064266,1.287062764,1.234710097,1.325849891,1.2456007,1.225913048,1.203569651,0.5035019517,1.407185555,1.138011336
1578,0.04559856653,0.06827825308,1.257897735,1.392106533,1.24026525,1.316568494,1.232725024,1.612671852,1.498786926,1.348429561,1.275008082,1.369553685,1.276840687,1.285689592,1.248189092,0.5106313825,1.453675866,1.184938073
1579,0.05903248861,0.1021255478,0.8980102539,1.435299516,1.311798096,1.331911564,1.5282197,0.8961363435,1.126491666,0.9787316322,1.254446149,1.153837204,1.334112287,1.116318822,1.091485381,0.5267030597,1.069352746,1.2277385
1580,0.05122416839,0.1118602753,0.8472859859,1.473383546,1.362077117,1.335765839,1.69090426,0.7748749852,1.041138172,0.9233672023,1.279365897,1.130469084,1.378323078,1.101994872,1.082012534,0.5436842442,1.007799745,1.266724586
1581,0.06207023188,0.105302155,0.8941319585,1.50931406,1.407084107,1.342683911,1.820029259,0.7516958117,1.025469303,0.9666252136,1.31671989,1.168938637,1.419014931,1.145170331,1.129095435,0.5599720478,1.047188163,1.304541349
1582,0.07802963257,0.0609353669,1.709649086,1.576805949,1.476892471,1.444601059,1.902462006,1.170161843,1.357598901,1.780403614,1.488625169,1.686207652,1.487964749,1.59807694,1.58867085,0.5759529471,1.863262773,1.372200966
1583,0.0931917429,0.06542181224,1.952975273,1.641930938,1.570547462,1.550593495,2.235797882,1.014619708,1.284150124,1.993695259,1.559522629,1.812991977,1.567271113,1.745200515,1.753276348,0.5878696442,2.041277647,1.438093066
1584,0.06794517487,0.06463912129,1.846519828,1.698460221,1.613870144,1.629804254,2.130734682,1.082132459,1.351070046,1.847454429,1.562776685,1.714506745,1.618357062,1.728893161,1.727301002,0.6016054749,1.84852457,1.498458862
1585,0.1199336052,0.09669896215,2.637707949,1.774187446,1.67695713,1.76719892,2.066200495,1.680222154,1.726628423,2.587271452,1.722633481,2.143704653,1.688020349,2.1223526,2.122128248,0.6124082208,2.528568506,1.574852347
1586,0.0913663134,0.07366011292,1.529363155,1.823494911,1.704502702,1.780220389,1.92480135,1.187325597,1.46852541,1.475732446,1.569944739,1.486831665,1.727210641,1.639666557,1.614145279,0.6342968941,1.417284846,1.626008987
1587,0.1053404287,0.0774801299,1.704996943,1.877645612,1.724350095,1.80982244,1.701911926,1.709823489,1.791969657,1.637723923,1.636538506,1.597093463,1.764738679,1.755543113,1.714273572,0.6559063196,1.563791871,1.680628777
1588,0.1132032871,0.08995760232,1.438053012,1.923008919,1.76272428,1.801040173,1.728253722,1.51161921,1.705643535,1.38255024,1.635647178,1.463240981,1.806598783,1.638787627,1.591995835,0.6779661775,1.322786689,1.722897649
1589,0.1549667716,0.09138002247,1.877218246,1.973265052,1.852723002,1.84115839,2.115391016,1.394878507,1.659721851,1.813104272,1.7493577,1.745134473,1.876404166,1.888941765,1.864801049,0.6944428086,1.74156189,1.772914886
1590,0.1215606555,0.1657160372,3.164495707,2.046446562,1.959970474,1.989590645,2.448488474,1.84221065,1.942023277,3.040999174,2.001293421,2.472615957,1.965783238,2.511550188,2.519094706,0.7037268281,2.897399902,1.849809647
1591,0.1275175065,0.1047914252,1.996951222,2.097883701,1.992472053,2.015366554,2.332383394,1.308495522,1.656507015,1.875838637,1.828531861,1.781644464,2.008623362,2.01208806,1.993967414,0.7255103588,1.742504478,1.903231263
1592,0.1302654743,0.1117550433,1.968318462,2.143035173,2.030719042,2.025981903,2.33911705,1.321724057,1.683067799,1.834687829,1.851210594,1.762077332,2.050743341,2.021136999,1.997937202,0.7444754243,1.688479781,1.948104978
1593,0.1166839376,0.1199488342,1.64926517,2.187604666,1.997025967,2.002482653,1.796425223,1.89799726,2.038442373,1.523338437,1.832642555,1.585483551,2.057063341,1.876829147,1.812703967,0.7722986341,1.389239788,1.989974618
1594,0.1463458389,0.1748850942,2.761745453,2.246700525,2.115135193,2.092663288,2.28760004,2.107361555,2.176130533,2.59828496,2.071794271,2.255020857,2.145189047,2.453000784,2.426740408,0.787604332,2.412533045,2.052757502
1595,0.1959466785,0.1375511736,1.688704967,2.287300348,2.17499733,2.060563803,2.570618391,1.104163289,1.578701377,1.562557817,1.91932106,1.643891454,2.195173502,1.944217682,1.915594101,0.8123508096,1.427271366,2.087385654
1596,0.2234189957,0.1610452086,2.139825344,2.332613945,2.193271637,2.079912424,2.409256935,1.580957294,1.924367309,1.984454751,2.025479078,1.908418059,2.227593184,2.202245712,2.164869308,0.8333030343,1.813064098,2.131812572
1597,0.2404479384,0.1706821173,2.08486557,2.376318693,2.222862005,2.088577032,2.380090714,1.633351922,1.974542141,1.927341104,2.047320127,1.884909272,2.264457941,2.196130514,2.150799513,0.8544535041,1.754104257,2.172023058
1598,0.2051955462,0.1731205434,1.819750428,2.410442114,2.201640129,2.061421394,2.053296566,1.964989305,2.178494453,1.67672956,2.029493332,1.744371891,2.271135569,2.072910547,1.999783874,0.8743524551,1.521559358,2.198082447
1599,0.195599556,0.2621121109,2.964778185,2.466386557,2.286632538,2.156968117,2.30408597,2.65628624,2.560039759,2.781812429,2.28000617,2.438204527,2.3414464,2.667483568,2.614042997,0.8897812963,2.571594715,2.257598162
1600,0.2221920937,0.1903274506,1.528466821,2.499205589,2.249445677,2.090313196,1.928781152,2.064843893,2.273920298,1.411632895,2.053793192,1.614620805,2.338968277,1.947255492,1.85626924,0.9154345989,1.286525965,2.276039839
1601,0.2294711918,0.2428836375,2.343931437,2.544831514,2.352383852,2.13031292,2.434171438,2.101914883,2.315268517,2.217265844,2.256454945,2.154785872,2.41333127,2.409686089,2.34742713,0.9343426824,2.072799921,2.318850279
1602,0.2175429612,0.246636197,2.173611641,2.592193842,2.377954245,2.15350318,2.356640577,2.170190096,2.374132156,2.05544591,2.263493061,2.072509289,2.449804068,2.345928192,2.27258563,0.9585188031,1.921275496,2.361193419
1603,0.2821392119,0.2504160702,1.989515781,2.632889509,2.39743042,2.152380228,2.306950569,2.176375151,2.396527767,1.888180137,2.267309427,1.989297509,2.479746819,2.267747879,2.184602022,0.9811881185,1.773378372,2.393234491
1604,0.3538514376,0.2776999772,2.123547792,2.678147554,2.441895723,2.171420336,2.40529561,2.243200779,2.453614235,2.032184124,2.338404894,2.107748747,2.524513006,2.360526323,2.27743268,1.004950047,1.927227855,2.431580544
1605,0.1707277298,0.2717269659,1.792419434,2.715554953,2.448078156,2.151452541,2.304167747,2.187915564,2.441325188,1.724932313,2.31175518,1.934082627,2.54594326,2.196493149,2.100355625,1.029201508,1.647985101,2.456661224
1606,0.2214097232,0.3137872219,2.082745314,2.76357007,2.509872675,2.176664114,2.521613598,2.22715354,2.484951973,2.027349472,2.421934128,2.163316488,2.600785494,2.378693342,2.288652897,1.056064129,1.962715507,2.497303963
1607,0.1610316485,0.2959833443,1.570999742,2.799568176,2.544701576,2.139094353,2.689548492,1.587957025,2.127160788,1.541897416,2.355110407,1.867574692,2.635655165,2.103829145,2.015936375,1.084220767,1.508468986,2.517576218
1608,0.1538357586,0.3594176769,2.085336447,2.846718788,2.525073767,2.172054291,2.272261381,2.952520132,2.899295092,2.05947423,2.507041931,2.237095594,2.648964167,2.418437243,2.297865152,1.111620545,2.028839827,2.558162928
1609,0.1554627866,0.485678196,2.994329691,2.904891968,2.629742146,2.292193174,2.644987822,3.274491549,3.086089849,2.974035978,2.756477356,2.862846375,2.730779409,2.911114931,2.808575392,1.13252461,2.949259996,2.621273041
1610,0.1751309633,0.3959333897,2.096506119,2.94937706,2.604501486,2.312726974,2.225769758,3.362672806,3.151666641,2.092569113,2.605127096,2.312105417,2.739778519,2.47218585,2.34164238,1.157967448,2.087841511,2.657491446
1611,0.1776628941,0.4219510853,2.141348362,2.995614052,2.66422677,2.343407393,2.419955015,3.144138336,3.069299698,2.165682793,2.674865723,2.403430939,2.793009996,2.518422604,2.39421463,1.183587313,2.195302248,2.696466446
1612,0.2094594687,0.4755989611,2.399156809,3.040837526,2.708881378,2.399289846,2.482054472,3.466515541,3.249317884,2.444410086,2.785633087,2.625205755,2.838023424,2.678092957,2.551455736,1.204215407,2.500377655,2.738377333
1613,0.1576741487,0.6296582222,3.295779467,3.105290413,2.830364466,2.546406984,2.919014931,3.621631622,3.357373476,3.354165792,3.051357269,3.259186506,2.931488752,3.161247253,3.05728054,1.225959659,3.427760363,2.811323881
1614,0.2003482133,0.4809483588,2.160654783,3.148634911,2.779342413,2.560980797,2.310952187,3.884748697,3.505021334,2.220450163,2.823210955,2.52272439,2.926712751,2.599873543,2.459140539,1.250081897,2.294786453,2.846304178
1615,0.190383479,0.5286738276,2.334326029,3.194790602,2.918352842,2.601776361,3.100891113,2.575043678,2.874507189,2.426574707,2.92962265,2.710798025,3.020433664,2.716576338,2.617717505,1.273456454,2.543071032,2.888020277
1616,0.1841602772,0.477868557,1.838335395,3.228750467,2.978157282,2.576911926,3.489569902,1.625540137,2.337094069,1.934858322,2.833453417,2.38615346,3.067139864,2.453382254,2.370151281,1.29587388,2.056512594,2.907790422
1617,0.2289677411,0.5709329247,2.285770655,3.266571999,2.978156805,2.607423067,3.263746262,2.398046732,2.811561584,2.389154673,2.972472906,2.715768099,3.085925341,2.723725557,2.619910955,1.315442562,2.521027803,2.940565825
1618,0.1910808086,0.5652821064,2.108105898,3.301279068,2.937073469,2.614178419,2.775649071,3.182510614,3.241570711,2.215133667,2.952445269,2.608763695,3.081958055,2.641263962,2.504356384,1.334981322,2.352111578,2.965515852
1619,0.158292219,0.5280086994,1.741966248,3.329154253,2.990063906,2.577130079,3.156816483,2.184184313,2.719784498,1.866152167,2.889919043,2.389253855,3.122309923,2.441583633,2.320687294,1.353073597,2.026320219,2.974199057
1620,0.199133113,0.5774617791,1.88505125,3.357477188,3.045533895,2.566221714,3.544543028,1.844293714,2.531149864,2.027855873,2.958478212,2.528950691,3.164159536,2.539227724,2.428686857,1.370091081,2.214361906,2.98823452
1621,0.1504774243,0.4984783828,1.296145558,3.367999315,2.977704287,2.471503735,3.144455671,1.821371078,2.521743774,1.429684758,2.787941694,2.087863684,3.134064913,2.178187132,2.042253733,1.384248614,1.604586601,2.971167803
1622,0.145453468,0.5917740464,1.658342361,3.400778055,2.947064161,2.458562136,2.810279846,2.926964998,3.158684492,1.825012207,2.936153412,2.418318033,3.133890152,2.423531532,2.254319906,1.408268929,2.046901464,2.987155914
1623,0.1339202076,0.4397295415,0.6599168181,3.41201663,2.954587936,2.285598993,3.20303154,1.160732031,2.094421148,0.799788177,2.622537374,1.617231846,3.141228437,1.716891289,1.571978569,1.429852843,0.988638401,2.947102308
1624,0.1669321507,0.5074656606,0.878382206,3.426640749,2.995027304,2.19132638,3.761777878,0.9551334381,1.936726689,1.061267734,2.737058401,1.879187226,3.167762041,1.907599092,1.76504612,1.451598525,1.314252734,2.926518679
1625,0.2193826437,0.5888726711,1.156934142,3.439270735,2.905856848,2.153912783,3.101757288,2.033653259,2.681674719,1.372263789,2.846981049,2.150868177,3.127429247,2.117834091,1.926962495,1.469180584,1.6734339,2.917570114
1626,0.1720105261,0.4919175208,0.5376954675,3.444013357,2.941977262,2.01653266,3.818011522,0.6875299811,1.691014767,0.7123295665,2.617852926,1.596094728,3.146298647,1.628736496,1.470344186,1.487078547,0.9660835266,2.873066664
1627,0.1612907052,0.5987355709,0.9187855721,3.450022459,2.826618433,1.973137856,3.002915144,1.978968143,2.653944731,1.151089787,2.784200668,2.007892847,3.088704348,1.954373837,1.73433876,1.50284481,1.489658952,2.854272604
1628,0.1889579296,0.7011662126,1.262911797,3.467911482,2.855222702,1.989818573,3.268338442,2.109387636,2.739337206,1.549074769,2.93887043,2.368625402,3.111741781,2.204916954,1.975839019,1.516458988,1.970411897,2.853183031
1629,0.1952955276,0.5357610583,0.4727700949,3.464009047,2.750463724,1.869084954,2.840540886,1.616807938,2.435373068,0.6715125442,2.604826212,1.600307107,3.053241014,1.585899234,1.352672577,1.52471292,0.9855540395,2.798671007
1630,0.2011238188,0.6079435349,0.6715078354,3.4661026,2.765660524,1.81206429,3.283334732,1.438226223,2.318132401,0.9255010486,2.716071844,1.875421166,3.061225891,1.771385312,1.527636528,1.530304313,1.333250523,2.759947777
1631,0.2364216,0.4845711291,0.1624097973,3.449871063,2.612136841,1.619549155,2.753449678,1.053388119,2.026825905,0.2767424881,2.365277052,1.152015805,2.969369888,1.160097718,0.9150564075,1.530154228,0.5155727267,2.664932013
1632,0.1524084508,0.6206838489,0.5351958871,3.449642897,2.665570974,1.580986977,3.568176985,1.053634286,2.026834965,0.7957158089,2.644949198,1.796584487,2.996613741,1.648433208,1.374491811,1.533374429,1.260849476,2.623615026
1633,0.2264502794,0.5991685987,0.4109283984,3.439820051,2.534818649,1.523251891,2.829918861,1.668994308,2.457007647,0.63848418,2.552150726,1.634632707,2.921546936,1.521504998,1.212371469,1.536687851,1.075968504,2.575059652
1634,0.233123228,0.5832249522,0.3167677522,3.439311028,2.504383087,1.460458875,2.944982529,1.371064544,2.257647753,0.5202547312,2.494065523,1.525132179,2.903404951,1.413234353,1.1006881,1.545271873,0.952221632,2.529547453
1635,0.1976568699,0.6257741451,0.3917781413,3.436339378,2.499148607,1.424515605,3.262741089,1.197307944,2.130093575,0.6261257529,2.541524649,1.663207412,2.898121595,1.497528553,1.171638489,1.548690319,1.12863183,2.487179041
1636,0.2080751657,0.7113359571,0.5839188099,3.433345079,2.519338846,1.43238008,3.711730719,1.061287045,2.022512436,0.8773607612,2.646435499,1.935995579,2.90707016,1.68390739,1.345991731,1.551022053,1.482174277,2.459970713
1637,0.185109362,0.5735114217,0.2440088391,3.415550947,2.448865652,1.352132916,3.616551638,0.6782426238,1.642170906,0.3816836774,2.348642588,1.351064086,2.85993886,1.276906133,0.9543843269,1.551547408,0.7948513031,2.398730278
1638,0.2234123498,0.7703230977,0.6551346183,3.407892227,2.364655256,1.377299905,3.048586607,1.831036925,2.543245077,0.9491445422,2.620199919,1.994811535,2.811435699,1.730575442,1.333812714,1.551628232,1.594086647,2.374084711
1639,0.1379465908,0.6829047203,0.4436970651,3.402361631,2.319559813,1.357432723,2.972611666,1.524008751,2.342012405,0.6489901543,2.451118231,1.66910851,2.783928871,1.514749169,1.122124553,1.551925302,1.20012188,2.33521533
1640,0.1588999033,0.6003012061,0.307096988,3.394396544,2.268731833,1.294706702,2.98961997,1.15005815,2.064172983,0.4077227116,2.276207685,1.356956482,2.751593351,1.304302573,0.916998446,1.551028132,0.8512654305,2.279411554
1641,0.1299261451,0.6091865897,0.3337389529,3.386748075,1.808251381,1.243047595,0.4020296633,10.81437016,6.519584656,0.4157285988,2.2504251,1.3593961,2.489623308,1.311110854,0.7831204534,1.549854636,0.8716785312,2.2259655
1642,0.1082377061,0.7061982155,0.5260624886,3.35346508,2.317016602,1.2606076,4.163253307,0.670565784,1.607289672,0.6968669295,2.492298365,1.81131649,2.768346071,1.524008155,1.121591568,1.55004406,1.401350021,2.198566675
1643,0.09149382263,0.5732186437,0.418944627,3.337075949,2.244560003,1.214079738,3.951142073,0.5983447433,1.413859844,0.3901382983,2.200550079,1.309527159,2.722167969,1.257747173,0.8661091924,1.552179456,0.8440702558,2.146674395
1644,0.09163384885,0.5360043049,0.4656792581,3.318568945,2.186975241,1.147225738,3.993313074,0.6355673671,1.291094661,0.3348060548,2.059893608,1.126441002,2.682336807,1.178853393,0.7819420695,1.551505208,0.6786538959,2.085593224
1645,0.09468636662,0.5942194462,0.5291579366,3.302659988,2.106082916,1.110737205,3.652985811,0.7435566783,1.521559358,0.4143223763,2.071017981,1.22475493,2.63156867,1.278585553,0.844915092,1.553208351,0.8056004047,2.036101341
1646,0.1005531773,0.5103331208,0.6165450215,3.281647921,2.040009975,1.035474539,3.64733386,0.7677774429,1.348644853,0.3452047408,1.873597026,0.9466080666,2.585082293,1.140264988,0.7127655149,1.549697399,0.5561843514,1.969642639
1647,0.08136180788,0.4466860294,0.8167880177,3.260636091,1.835320115,0.9397413135,2.342950821,1.078808188,1.884404063,0.380777508,1.693773627,0.7298714519,2.460662842,1.047124386,0.599761188,1.544457793,0.4087901115,1.889907718
1648,0.1187951267,0.4999354184,0.8001422882,3.258731127,1.927336335,0.8888285756,3.922231436,1.006372452,1.2559582,0.3994270265,1.765923858,0.8912401795,2.51002574,1.171375632,0.7046685219,1.540595651,0.5485435128,1.828971505
1649,0.09212964773,0.4769893587,0.9402029514,3.234470367,1.775046945,0.8384237885,2.900711775,0.9808234572,1.614562869,0.4438838065,1.655456185,0.7894547582,2.414405584,1.159825921,0.6698412299,1.537994742,0.4918773174,1.765888691
1650,0.08054584265,0.5117790103,0.9851916432,3.231620073,1.78273344,0.8126702905,3.546255112,1.109294891,1.423537254,0.4828663766,1.669488907,0.8694275022,2.416997194,1.250547767,0.7366828322,1.537389755,0.5773253441,1.714267731
1651,0.09944963455,0.504163444,1.106230497,3.217020035,1.695693016,0.7893972397,3.104454041,1.133788705,1.585245132,0.533283174,1.597041249,0.8226421475,2.361854553,1.277037144,0.7438411713,1.537064195,0.5642784238,1.663751006
1652,0.1242298856,0.5226761699,1.179321289,3.210116148,1.654293418,0.7769559026,3.11965251,1.215255022,1.622526169,0.5772591233,1.579111099,0.8532559276,2.335380793,1.343098521,0.7864014506,1.537065864,0.6107223034,1.619199395
1653,0.1237825975,0.4028614461,1.754313111,3.220611334,1.654954314,0.7431558967,3.846088409,2.23589015,1.37258482,0.8327059746,1.326201439,0.5698170066,2.340055943,1.294579387,0.7656776309,1.541318893,0.4883863032,1.561573982
1654,0.1040705815,0.4541527331,1.694939256,3.204019308,1.596709847,0.7314045429,3.710369825,2.12826848,1.486077785,0.8138947487,1.351339698,0.6615818739,2.301017761,1.401415348,0.8351294398,1.543587327,0.551843822,1.514408469
1655,0.1058929637,0.5803132057,1.488536835,3.187571764,1.623729587,0.748488903,4.53467989,2.688793182,1.511736393,0.7607966065,1.474943995,0.8885922432,2.311290264,1.550715089,0.9421469569,1.547584534,0.7194935679,1.486800671
1656,0.111000441,0.5304410458,1.777495265,3.163757563,1.468369842,0.7652964592,2.748740911,1.704112649,1.81578815,0.9036429524,1.314638019,0.7341473103,2.215940714,1.556985378,0.9490457177,1.559011459,0.6528391838,1.460193992
1657,0.0902934894,0.4654643536,2.144950867,3.168660879,1.389640927,0.7622124553,2.248058558,1.724705696,1.970312715,1.094278216,1.192777753,0.6379413009,2.171346426,1.598468304,0.9935548902,1.55924499,0.6520888209,1.418628097
1658,0.1055724397,0.4433628321,2.376414061,3.180990219,1.38455689,0.7621837258,2.639120817,2.089138269,1.888144135,1.211229682,1.14855051,0.6312794089,2.173232317,1.679458618,1.05836761,1.557247996,0.6838648319,1.377824306
1659,0.1188943163,0.3612760007,3.024833679,3.187565565,1.33341825,0.7607636452,2.549493074,2.505098104,1.924208045,1.599787712,1.001199365,0.5487558246,2.144687653,1.762642264,1.158406496,1.552523017,0.7798067927,1.329638243
1660,0.08722468466,0.3273417652,3.408238173,3.184630156,1.293049932,0.7607719302,2.667940855,3.036396742,1.982028484,1.826735854,0.933983624,0.542686522,2.117961645,1.85920012,1.248726487,1.541719079,0.8587875962,1.277466178
1661,0.07519052178,0.3714473248,3.154534578,3.187098742,1.231547713,0.785202682,2.173774958,2.36389327,2.138330221,1.639206529,0.9942586422,0.6146156192,2.080676079,1.943472862,1.290509105,1.539716601,0.8114943504,1.247084618
1662,0.08011580259,0.4405256212,2.914005995,3.204846382,1.233531237,0.8206514716,2.34730649,2.451328278,2.219341755,1.47822094,1.086757302,0.7289190292,2.089426279,2.04108572,1.33268261,1.544014335,0.8182585835,1.234342694
1663,0.07518268377,0.3745178282,3.409712553,3.217449188,1.195591807,0.8548591733,1.994354606,2.450177193,2.323727369,1.769459367,0.9851225019,0.6775115132,2.069877863,2.144956827,1.454347134,1.545031428,0.8802153468,1.216770768
1664,0.09810841084,0.3602595031,3.687201738,3.250017881,1.201695561,0.9015417695,2.152103662,2.800326109,2.378388405,1.923251748,0.9668933749,0.7014701366,2.086810112,2.275410414,1.567012668,1.551592827,0.9383673072,1.209269404
1665,0.08679167181,0.3069151938,4.286800861,3.278496504,1.210680604,0.9518620968,2.450030327,3.738606215,2.479771137,2.295651197,0.8891112208,0.6989550591,2.1041677,2.434668779,1.728254318,1.554897785,1.067377567,1.199076176
1666,0.0855839327,0.2824168503,4.737028599,3.301909447,1.213027239,1.013349056,2.593789101,4.548493862,2.652094603,2.58719039,0.8486148715,0.7318652272,2.115082979,2.593176126,1.881302238,1.559418559,1.192676187,1.193799376
1667,0.08041607589,0.302285701,4.828304291,3.33611083,1.216323495,1.094368339,2.364780664,4.267734528,2.748648643,2.642568827,0.8750362396,0.7919923663,2.129978418,2.728879929,1.99955523,1.575496197,1.236675143,1.207906127
1668,0.09426053613,0.3494964838,4.661323071,3.370991945,1.233271718,1.167507529,2.282196999,4.062152386,2.839978456,2.521167517,0.9423957467,0.8588104248,2.153967142,2.824389696,2.059230566,1.592083931,1.213101387,1.228217244
1669,0.08403605223,0.2712619305,5.711496353,3.407563448,1.238426685,1.253027797,2.074072123,4.496206284,2.99485755,3.239582062,0.8386488557,0.9072461128,2.168937922,3.085160017,2.36500144,1.600234032,1.525827885,1.240519643
1670,0.0743535459,0.2455281019,6.264135838,3.44478488,1.250305295,1.341068625,2.093539238,5.091585636,3.177629471,3.60497117,0.8189854622,0.9759266973,2.189133406,3.290261507,2.570915699,1.602317691,1.698973656,1.250172019
1671,0.07312390208,0.2306192368,6.493432522,3.450157404,1.248250365,1.407147765,2.113129377,5.502783298,3.309407473,3.738486052,0.8145899773,1.011911154,2.187307835,3.4109056,2.684272051,1.590998054,1.749786735,1.246432781
1672,0.07838014513,0.2013372183,7.179950714,3.467219353,1.255339861,1.498987198,2.141157389,6.393004894,3.546350241,4.215692997,0.7868326306,1.10285008,2.195706606,3.631327629,2.918022156,1.582533479,1.990710855,1.252640605
1673,0.07141768187,0.2086616606,6.946901798,3.469488382,1.261604905,1.571676612,2.091383457,6.230615616,3.590452909,4.017073154,0.8223184943,1.101848483,2.197371721,3.667924643,2.931945086,1.572789788,1.869350433,1.25993228
1674,0.07492544502,0.2342597991,6.639384747,3.491090059,1.286570907,1.646570563,1.850657582,5.24606657,3.50318718,3.779040575,0.8803771138,1.113753319,2.216472387,3.702816248,2.950714111,1.575989723,1.74758482,1.286975026
1675,0.06775314361,0.1902667731,7.620385647,3.523022413,1.313013673,1.743694305,1.769089818,5.786523342,3.685967207,4.474678516,0.842222929,1.239502549,2.240754128,3.99625659,3.284262657,1.57296741,2.100023746,1.312494874
1676,0.0711736083,0.1795690805,7.866957188,3.538560867,1.330721855,1.823382735,1.734990954,5.977806091,3.789377213,4.621228695,0.8524468541,1.284689903,2.253411531,4.129751682,3.418102264,1.561383605,2.155929089,1.329201341
1677,0.082291089,0.1747603416,8.011735916,3.560413361,1.350560784,1.904810071,1.993899822,7.593443394,4.193166256,4.69442749,0.8740546107,1.321769238,2.276421785,4.247591019,3.501595259,1.553201079,2.173969507,1.353898406
1678,0.07971525937,0.1523969173,9.119294167,3.551756144,1.366620421,2.009583712,1.973531246,8.941842079,4.550632,5.528759003,0.8498936296,1.514117241,2.278345346,4.557569027,3.860541105,1.534089088,2.64765811,1.372383118
1679,0.08178669214,0.1566619128,8.812468529,3.543267488,1.392464042,2.098228693,1.841947913,8.263748169,4.462689877,5.286421776,0.8873951435,1.493017197,2.285135746,4.554929733,3.855910063,1.518873572,2.494632721,1.397023559
1680,0.07700310647,0.1586598009,8.954834938,3.563919067,1.427894235,2.20523715,1.976428509,9.615040779,4.861902714,5.387447834,0.9252743125,1.555006385,2.315597773,4.677550793,3.961676359,1.514022946,2.549168825,1.441039443
1681,0.07561267167,0.1575809121,9.422436714,3.557315588,1.482918382,2.312351942,1.611304402,7.906217575,4.525477409,5.761741638,0.9496892095,1.682440877,2.334164619,4.855948925,4.211028576,1.500473499,2.780331612,1.478428245
1682,0.08295227587,0.1551424861,9.890764236,3.573565245,1.520065784,2.425341368,1.598744869,8.562644958,4.754042149,6.099349499,0.9785087109,1.792793632,2.358571768,5.049972534,4.420101643,1.484096408,2.965266466,1.517293572
1683,0.09113511443,0.1567235589,10.1418581,3.575894594,1.563670635,2.528398275,1.497905731,8.150509834,4.709070683,6.275180817,1.009244442,1.863495469,2.377059221,5.178771019,4.578786373,1.463213563,3.053336382,1.552136779
1684,0.08427858353,0.1588190347,10.13562107,3.603899002,1.603148103,2.634812593,1.545496345,9.043038368,5.009406567,6.239772797,1.053275347,1.882583022,2.411043167,5.2634902,4.641966343,1.450888753,3.005027056,1.602259636
1685,0.09302341938,0.1673351079,9.757133484,3.598037958,1.611112952,2.691275358,1.716648698,10.88642883,5.530397415,5.944487095,1.089075804,1.833145738,2.417917013,5.215759754,4.546062946,1.432562947,2.813374519,1.636802793
1686,0.09496559948,0.1762898415,9.974518776,3.584170103,1.688392162,2.768991709,1.466134071,8.954399109,5.076143265,6.151490688,1.132170677,1.935223222,2.447385073,5.321670532,4.721898556,1.417632461,2.96071744,1.68314743
1687,0.08389997482,0.1850203276,10.70011902,3.596237183,1.744330883,2.875653505,1.423884988,9.474365234,5.275702953,6.719718933,1.178839564,2.129301548,2.480050802,5.581497192,5.02381134,1.399901748,3.312197447,1.735071659
1688,0.08535509557,0.1911306381,10.24815845,3.602296114,1.806339622,2.942453623,1.367527008,8.341929436,5.015085697,6.362934113,1.218892097,2.058016777,2.512065172,5.515261173,4.964951038,1.382884622,3.075448751,1.781646609
1689,0.07676777244,0.2149113268,11.56646824,3.620487928,1.824474454,3.068418503,1.432044029,11.80419064,6.031768799,7.390726566,1.280356407,2.393361807,2.533543348,5.945128918,5.407449245,1.360086918,3.719966888,1.83713448
1690,0.07856737822,0.2097895145,10.59506893,3.637791395,1.935452938,3.154249907,1.337705612,8.722779274,5.234964848,6.640272617,1.32971859,2.215718031,2.594741583,5.74477005,5.229901791,1.351913571,3.24114871,1.905240655
1691,0.07335083932,0.2297399044,11.27723217,3.653256178,1.974774361,3.245259523,1.329151869,10.21529484,5.714766979,7.175204754,1.388512611,2.410340786,2.62351346,5.996765137,5.498316288,1.331411958,3.574295759,1.960786462
1692,0.0739588961,0.2380578071,11.03414917,3.660494566,2.035150528,3.314635038,1.30763185,9.869519234,5.661880493,6.992604733,1.434423447,2.389609098,2.657901525,5.978580952,5.487843037,1.312684178,3.453047991,2.015734911
1693,0.0720570907,0.2502812445,11.08339214,3.684431791,2.117516279,3.393445969,1.302577496,9.376200676,5.573288441,7.043296814,1.495941639,2.447963476,2.710614443,6.056360722,5.591052532,1.299780011,3.487398148,2.082792044
1694,0.0740012601,0.2575805187,10.72799301,3.709147692,2.131240606,3.440629959,1.297766805,11.35444355,6.217733383,6.769480228,1.542666435,2.396423101,2.736668348,6.009017944,5.487778187,1.287959456,3.307001829,2.144950151
1695,0.07552889735,0.2736590505,10.92421436,3.714510202,2.266815901,3.499688148,1.326766968,8.730298042,5.465074062,6.976486206,1.615382671,2.521328211,2.804324865,6.113292694,5.684669971,1.274556756,3.472499132,2.208837271
1696,0.07437872142,0.3069886267,11.6673975,3.734243393,2.282241106,3.583072662,1.259703636,11.32413769,6.309682369,7.572668552,1.693591714,2.75447011,2.826205492,6.389719486,5.954312801,1.253523707,3.85981822,2.269713402
1697,0.07634631544,0.3120050728,11.02720928,3.724337816,2.339421749,3.613190651,1.253907323,10.43336391,6.062209606,7.097385406,1.722389221,2.633418798,2.852211237,6.219835758,5.79012537,1.232123852,3.558697939,2.315814018
1698,0.0785324499,0.3559084833,11.80949116,3.72116828,2.406980276,3.692359924,1.255094171,10.87079525,6.230352402,7.762536526,1.815591216,2.913759232,2.885313988,6.494618893,6.122374058,1.207200289,4.024011135,2.371693373
1699,0.07866147161,0.3600637913,11.43061447,3.733422518,2.462446928,3.754983187,1.236619473,10.93207932,6.291759491,7.480747223,1.860108972,2.855499268,2.922010422,6.419818401,6.042921066,1.187914133,3.840878725,2.433761835
1700,0.08306369185,0.3893875182,11.73596573,3.741594553,2.547625542,3.831635237,1.271992683,10.59128094,6.221116543,7.763799667,1.943646789,3.009144783,2.969437361,6.556148529,6.225687504,1.16635859,4.053437233,2.497605562
1701,0.08289366961,0.4026837349,11.65494633,3.764413595,2.599857092,3.906127214,1.231118798,11.3330307,6.507730961,7.721051693,2.008239746,3.038929939,3.010331392,6.579402924,6.243758678,1.148474574,4.033493519,2.567860603
1702,0.08083511144,0.4521120489,12.35151958,3.781883478,2.712659836,4.018180847,1.320266128,10.86110306,6.399369717,8.32679081,2.131239176,3.3276999,3.074960709,6.851191044,6.587795734,1.126520157,4.478915215,2.644452572
1703,0.08024330437,0.474751085,12.34237957,3.79698658,2.745591402,4.110394001,1.222260475,12.24627686,6.893146992,8.335680008,2.197406769,3.372554779,3.102504969,6.890294552,6.614046574,1.101410747,4.487974167,2.71241188
1704,0.08315875381,0.5008425117,12.58075428,3.847257614,2.798854589,4.250704765,1.122935772,14.72786427,7.773801804,8.5652771,2.317519426,3.5327034,3.16035533,7.042051792,6.745075703,1.091808915,4.675724983,2.817466736
1705,0.08992183208,0.4847599268,12.04883194,3.84906292,2.929409027,4.32683754,1.242042422,12.367383,7.042594433,8.199326515,2.374040604,3.463256836,3.229211569,6.901950836,6.661642551,1.071499467,4.4676404,2.892339945
1706,0.07782239467,0.5044609904,12.11939526,3.871598482,3.006073713,4.41191721,1.233732581,12.81637669,7.240861416,8.307038307,2.471462727,3.573620081,3.282692671,6.97127676,6.749177456,1.052729964,4.579868317,2.973274946
1707,0.08324602246,0.530156672,12.12339783,3.86746788,3.050706625,4.475142956,1.178661942,13.70085907,7.564655304,8.370903015,2.55561614,3.665378571,3.307941198,6.99588728,6.785352707,1.026257515,4.667926311,3.035526037
1708,0.08633157611,0.4955555499,11.27455807,3.867991686,3.060224771,4.495369434,1.052291036,14.97150326,8.021830559,7.739552021,2.569039583,3.470521927,3.3215065,6.7285676,6.478373051,1.005773425,4.264834881,3.096083879
1709,0.08703553677,0.5586539507,12.10043716,3.868623734,3.217093706,4.596818447,1.241636992,13.63889599,7.612487316,8.529838562,2.770123243,3.913529158,3.404232264,7.047414303,6.905519009,0.9842424393,4.927874088,3.179895401
1710,0.0926585868,0.530854702,11.5096817,3.887810946,3.281101465,4.659841537,1.203994036,13.77745914,7.704150677,8.098835945,2.811788559,3.799772978,3.451530457,6.87861681,6.732496738,0.9657849669,4.659421444,3.258192062
1711,0.1018749475,0.5400028825,11.37511921,3.885191679,3.382646561,4.704212666,1.335194111,12.67837048,7.348094463,8.068817139,2.898264647,3.868437529,3.505068541,6.851034641,6.755207539,0.9417799115,4.703822613,3.321423769
1712,0.09577570111,0.5092923641,10.80771542,3.920923948,3.433042526,4.743391037,1.241744876,13.37264538,7.64220953,7.655848026,2.942010164,3.759198427,3.554527521,6.690647125,6.573665619,0.9309859872,4.449820995,3.404230118
1713,0.08078096062,0.4931803048,10.34626675,3.918515205,3.498553276,4.731816769,1.298217058,12.72933292,7.43605566,7.359870911,2.98818326,3.707172394,3.592128515,6.53591156,6.438809872,0.9108319283,4.305109024,3.455122709
1714,0.0766370371,0.4823214114,10.06747627,3.936637878,3.590693474,4.733517647,1.421010137,11.89730167,7.170049191,7.211698532,3.06278038,3.724796534,3.65249896,6.459615707,6.391738892,0.8968617916,4.268980503,3.519686937
1715,0.07119034976,0.4502825439,9.431851387,3.947856903,3.623175621,4.691611767,1.381746888,11.88448334,7.189853668,6.757633209,3.07656312,3.586568832,3.680592537,6.23734045,6.158663273,0.8815464973,3.997371435,3.566176653
1716,0.08457115293,0.436124593,9.172478676,3.986532211,3.750513792,4.680101871,1.650862098,10.36938953,6.667874813,6.626171112,3.161354065,3.615832567,3.768080473,6.174369812,6.136819363,0.8789922595,3.978228331,3.638727188
1717,0.0846176222,0.3775357306,8.204841614,4.020481586,3.758677721,4.597361088,1.513192773,10.57872486,6.780908585,5.881835938,3.12340188,3.325503111,3.795469284,5.821433544,5.741442204,0.8759573102,3.481793642,3.686244965
1718,0.07643989474,0.5406014323,10.16474342,4.039306641,3.943096399,4.678307056,2.091667414,9.934539795,6.558963776,7.652524471,3.524989128,4.304934025,3.898446798,6.611402035,6.666245937,0.8564910889,4.93733263,3.756394625
1719,0.07363306731,0.5135808587,9.62539196,4.067066193,3.958089113,4.713068485,1.910384059,10.552598,6.825140476,7.226883411,3.520631075,4.14144659,3.923299074,6.427875519,6.455860138,0.8378679752,4.635859013,3.813145399
1720,0.07279440016,0.516282618,9.491197586,4.104874134,3.988504171,4.758244038,1.758277535,11.60212326,7.263339996,7.168958187,3.598844528,4.183076382,3.961737871,6.407859802,6.420423508,0.8246334195,4.644894123,3.882106066
1721,0.08699846268,0.4441838264,8.519293785,4.121673107,4.112987995,4.724060535,2.22857976,8.708937645,6.148899078,6.40568161,3.53552556,3.862505674,4.034919739,6.03623724,6.091680527,0.8104977012,4.113846302,3.92258811
1722,0.06543118507,0.4743057787,8.659270287,4.161151409,4.102809906,4.727548122,1.919581413,10.57304478,6.923290253,6.581046581,3.647623062,4.019036293,4.053845882,6.121733189,6.14509201,0.7999494672,4.304747581,3.979277372
1723,0.06190760061,0.4196331501,7.925745487,4.188402653,4.095229626,4.68252039,1.713918328,11.21965027,7.202476978,6.020045757,3.615921974,3.796188354,4.069082737,5.841041565,5.828187943,0.7908207774,3.931793213,4.020540237
1724,0.05975177884,0.3772743642,7.359992504,4.214495182,4.244495869,4.619839668,2.337823153,8.218096733,6.019048214,5.623121738,3.625550032,3.673764467,4.160263538,5.622914791,5.670304775,0.7856304049,3.70942235,4.059078693
1725,0.06280123442,0.2813122571,6.117027283,4.256975174,4.221209049,4.47910738,2.128376961,8.052570343,5.978272915,4.609557629,3.470868349,3.176626921,4.173933983,5.105256557,5.097869396,0.7914773822,2.968597174,4.084662437
1726,0.06857457012,0.2112661153,5.047663212,4.272447109,4.324424267,4.249843121,2.92078805,4.780969143,4.522349834,3.774911165,3.330276489,2.773275375,4.23496294,4.621483326,4.648653507,0.7900982499,2.397182226,4.062963009
1727,0.0906849131,0.1742010564,4.331843376,4.29589653,4.16970253,4.001502991,2.216478586,6.270690918,5.228506565,3.219365835,3.228422165,2.497149229,4.172490597,4.286252499,4.219166279,0.7949779034,2.021454334,4.035768509
1728,0.07237885147,0.1655009538,4.048454285,4.319598198,4.165145397,3.784104586,2.381732702,5.760875702,5.009943485,3.06220746,3.249914169,2.480377913,4.184741497,4.154747486,4.078245163,0.8020579219,1.983964562,4.011423111
1729,0.06408645213,0.1757225245,4.006961823,4.340034962,4.153184414,3.607522964,2.512462616,5.632917881,4.962126255,3.107736588,3.318446398,2.581220388,4.191110134,4.14147234,4.055781841,0.8056917191,2.102419138,3.986157656
1730,0.07302130759,0.3156397641,5.303823948,4.360470772,4.132883549,3.58782506,2.390486479,7.863874435,5.969207287,4.336894989,3.714164734,3.414239168,4.193586826,4.778368473,4.684201717,0.7998853326,3.204283476,3.99372673
1731,0.06432425976,0.1791524738,3.707383871,4.38649559,4.071484089,3.448667526,2.174304485,6.976511002,5.598512173,2.981939554,3.392845154,2.633980989,4.178017139,4.00895071,3.869388342,0.8070314527,2.143925428,3.977870226
1732,0.08215465397,0.1401945353,3.041542768,4.404636383,4.122086048,3.273733854,2.743117571,4.744210243,4.572658539,2.473186255,3.297489405,2.380487204,4.214509964,3.663127899,3.544211388,0.813474834,1.810291886,3.942176104
1733,0.08017601818,0.1396383792,2.814585447,4.424794674,3.979878664,3.115970612,2.144858122,6.510684967,5.412952423,2.336728811,3.299110413,2.352967262,4.153501987,3.544968367,3.358294249,0.8206146359,1.769204617,3.906284332
1734,0.06727540493,0.07947988063,1.615604758,4.448500156,3.964052916,2.8657372,2.439763784,4.164064884,4.304985523,1.333604336,2.999981642,1.707962632,4.157662868,2.826174498,2.640702724,0.8416073322,1.001662731,3.849101305
1735,0.06104172394,0.1058880016,1.833005309,4.470785141,3.961905241,2.699760199,2.769357681,3.998646975,4.231113911,1.600893617,3.166278124,1.9924016,4.167686939,2.975567102,2.784699678,0.8568068147,1.313965917,3.803838968
1736,0.08192760497,0.1065101996,1.602365017,4.481375217,3.888341665,2.532047749,2.759300947,3.915673971,4.193337917,1.446283698,3.139160395,1.934247017,4.134503365,2.828194618,2.61140132,0.8634418845,1.247329831,3.738840818
1737,0.0599658899,0.09570004791,1.175730228,4.492738247,3.74548316,2.35008955,2.338327646,4.492738247,4.492738247,1.097572207,3.022475243,1.707836509,4.064954281,2.531391382,2.269130945,0.8741142154,0.9947753549,3.667731047
1738,0.08153367043,0.08847478777,0.6576322913,4.498592854,3.714431524,2.122578859,2.813144922,2.648843527,3.507116318,0.6495648026,2.828568459,1.359818578,4.050122738,2.106280565,1.854846478,0.8828951716,0.6383004189,3.568842888
1739,0.07138849795,0.1319787651,0.1564747393,4.49744463,3.608518839,1.816491723,3.015845299,1.260100484,2.593454599,0.170175001,2.484013557,0.8102814555,3.988101959,1.460560918,1.222031474,0.9018880725,0.1939581186,3.441675901
1740,0.04702156782,0.1161357164,0.2266565114,4.50010252,3.482496977,1.614534855,2.881014824,1.818632126,2.99280858,0.2667702734,2.621140957,1.021426082,3.91781044,1.586643219,1.303856373,0.921895802,0.339786917,3.342229605
1741,0.05011718348,0.1408293694,0.1228568256,4.494007587,3.395166397,1.397361398,3.219811201,1.062255025,2.432190895,0.1433780193,2.490227699,0.8388988376,3.862737656,1.326660275,1.045251012,0.9327776432,0.2132050544,3.215395689
1742,0.05635705218,0.1216991171,0.3408300877,4.493623734,3.35051465,1.311213851,3.564656973,1.459260583,2.740111589,0.4426641464,2.805488586,1.363996983,3.835287333,1.735977054,1.398717761,0.9414775968,0.6500566006,3.134787798
1743,0.07053982466,0.1279013902,0.1793426275,4.481903553,3.200719118,1.189743161,3.239515305,1.410736442,2.69817543,0.2316014916,2.610532761,1.080066562,3.744706392,1.446983933,1.095277429,0.9475415349,0.4013234079,3.031827211
1744,0.06578506529,0.1389945,0.291329205,4.484263897,3.147126913,1.139244676,3.393173456,1.675527215,2.887942553,0.3998225033,2.784525633,1.38312149,3.713390112,1.639477134,1.245627522,0.9595615864,0.6815430522,2.96637845
1745,0.06163446605,0.1525696665,0.1557373703,4.477318287,3.0315907,1.027237058,3.240576982,1.130658031,2.478903532,0.1306128055,2.475959301,0.9066451192,3.641222,1.19846189,0.8319795728,0.9779271483,0.2708077729,2.876853943
1746,0.06314252317,0.1650160104,0.19919689,4.465323448,2.927111864,0.9121591449,3.288543701,0.9533293843,2.31972909,0.1098687351,2.399530411,0.8216138482,3.572386503,1.079558969,0.7049527168,0.988085568,0.2162382752,2.772022486
1747,0.07299692184,0.1762514859,0.2766242921,4.449125767,2.801622391,0.8026385307,3.200296402,0.9243208766,2.281997681,0.1117714942,2.326575756,0.7508425117,3.489372492,0.9827498794,0.595002532,0.9950199723,0.1768544167,2.661495686
1748,0.08095644414,0.1791052073,0.3376003206,4.434116364,2.75892067,0.7138054967,3.796845436,0.5580243468,1.858904481,0.121314764,2.310123205,0.759636879,3.452924013,0.9574961662,0.5606284738,1.001600266,0.1861176938,2.557171583
1749,0.0781603381,0.3009492457,1.109948754,4.387433529,2.56052947,0.5492184162,3.50463891,0.4348043501,1.406544685,0.5040127039,1.899323821,0.3219369948,3.310439348,0.5601041317,0.2392737716,0.9975927472,0.1148707494,2.394722939
1750,0.0793499127,0.2388422042,0.9243690372,4.354306698,2.383893013,0.4559568465,3.020488739,0.6327636838,1.884789467,0.3443117142,1.994262099,0.4423438609,3.186303377,0.6512631774,0.2715442479,1.005211473,0.07672656327,2.275167704
1751,0.08812849969,0.215442732,0.9027177691,4.333271027,2.306257248,0.3942403793,3.30730176,0.5967254043,1.798763871,0.294803828,2.043147564,0.5250187516,3.12519908,0.701499939,0.2867284119,1.011515379,0.08874088526,2.169726372
1752,0.1027954221,0.3503080904,1.998460412,4.288405895,2.176903725,0.2922282517,3.511006594,0.6111080647,1.216956973,0.9230101705,1.740655899,0.2590772212,3.019474745,0.4828237593,0.1626999378,1.009615302,0.1897512227,2.022952795
1753,0.08717876673,0.2260520309,1.339916587,4.252933025,2.06932354,0.2519456148,3.511241198,0.5681490898,1.533947587,0.4512418807,1.923408985,0.4574460983,2.933760881,0.6391225457,0.215428099,1.011830688,0.07793024182,1.919554114
1754,0.08394720405,0.2051802129,1.309131861,4.220058441,2.005186796,0.2267897874,3.87493515,0.6119920015,1.423445702,0.3975460529,1.94513166,0.5234797597,2.875899076,0.6916653514,0.2319968939,1.011830688,0.09421149641,1.82610178
1755,0.08527006954,0.2240940332,1.678058267,4.174636841,1.905241609,0.1966807246,3.953125,0.737124145,1.275814414,0.5628450513,1.822003484,0.4261066616,2.791060448,0.6545053124,0.2088361531,1.007895112,0.0777336359,1.724270821
1756,0.08798523992,0.1806364506,1.293485284,4.137153149,1.801030636,0.1927071065,3.571998358,0.6899957657,1.656244397,0.3390900195,1.954554081,0.6326292753,2.70800519,0.7746662498,0.2503353059,1.013148546,0.1534951478,1.658440232
1757,0.1013798714,0.2186884284,1.984150887,4.095319748,1.674101949,0.1699335128,3.155629158,0.7107480168,1.592573762,0.6631956697,1.736236095,0.402885288,2.606804132,0.6748566628,0.2130497694,1.014127135,0.07665152103,1.571822524
1758,0.08273821324,0.2428600788,2.449239969,4.057862759,1.606474519,0.1472563595,3.374227524,0.7892231345,1.370269179,0.8844981194,1.64492166,0.3342754841,2.541780233,0.6597800851,0.2236652523,1.019395351,0.08578269929,1.487786293
1759,0.08355792612,0.2321309894,2.585181475,4.015250683,1.513951898,0.1287001967,3.341027021,0.834104538,1.383686662,0.9103282094,1.616393566,0.3398313522,2.460542679,0.6936513782,0.2412970066,1.016273379,0.08220618218,1.400465369
1760,0.1037387177,0.2986282408,3.572891235,3.963352919,1.419939637,0.1032545641,3.508286715,1.238054276,1.145441532,1.462551713,1.44004631,0.2226103544,2.372906685,0.7037653327,0.3139628172,1.006088138,0.1754405946,1.295046449
1761,0.08922287077,0.2862426341,3.755746126,3.903392076,1.332896709,0.08860833198,3.580953836,1.386703372,1.116483927,1.512030602,1.411260247,0.2252578735,2.284906387,0.7368066907,0.341943264,1.003944755,0.16811198,1.205958247
1762,0.1017033756,0.3160452545,4.386227131,3.834741831,1.223093867,0.07730642706,3.419583082,1.55908072,1.093244791,1.854880333,1.323709369,0.1964128762,2.177960396,0.7797552943,0.4217079878,0.9971094728,0.246021226,1.111353517
1763,0.1431133151,0.4566420317,6.098211765,3.760066986,1.072571874,0.07155293971,3.076494932,2.053874016,1.050872684,2.936790466,1.157332897,0.1958907098,2.04043889,0.9201413989,0.672658205,0.9721941352,0.6297394633,0.9869619012
1764,0.1235648617,0.4071157277,6.12847662,3.691140175,0.9916226268,0.07925656438,3.435630083,2.594983816,1.033560395,2.839468241,1.143183708,0.187261939,1.950041413,0.9739694595,0.6966070533,0.9546062946,0.5314937234,0.882938683
1765,0.1011840999,0.3584171534,6.082798481,3.609831572,0.902965486,0.09304179996,3.481787443,2.713438749,1.052133441,2.713692904,1.130150199,0.182313785,1.849252701,1.009327888,0.7131329179,0.9417284131,0.4405556619,0.7946605682
1766,0.08392676711,0.2872718573,5.74835968,3.533960342,0.8175038695,0.1066734418,3.393479109,2.509124517,1.099455237,2.404721737,1.127711177,0.1769244671,1.754796982,1.030725002,0.6922323108,0.9270913005,0.2995220721,0.7176980972
1767,0.08691180497,0.1192098483,3.68897748,3.483329058,0.7923004627,0.09319782257,3.55153656,1.670609117,1.23524332,1.080421448,1.328323722,0.359433502,1.714944243,0.959651053,0.4187760055,0.9296339154,0.06438205391,0.6861767769
1768,0.0792857632,0.1696985364,4.86955595,3.413255692,0.7253956795,0.09480393678,3.288942337,2.057157993,1.176818252,1.745615602,1.155254126,0.2156015188,1.636878371,1.03257072,0.5975602269,0.9245006442,0.1048210338,0.637375176
1769,0.1046362743,0.116334416,4.210215092,3.358540773,0.675439775,0.08754509687,3.01328063,1.559319496,1.291867495,1.312901497,1.209238529,0.294785589,1.577273369,1.024503589,0.5211227536,0.9257164598,0.05847319961,0.605360806
1770,0.08622515947,0.2110230476,6.000607014,3.291891098,0.6326640248,0.09682714939,3.260165215,2.756699324,1.151808023,2.370555162,1.02105391,0.1714529991,1.515804172,1.176585078,0.8097974658,0.916782856,0.2255375832,0.5509442687
1771,0.08314347267,0.1844250411,5.953150272,3.217846632,0.578558743,0.1044621468,3.190725088,2.733058929,1.16809082,2.287056208,1.000193477,0.173228696,1.443742633,1.203204513,0.8245780468,0.9086869359,0.1896386594,0.5029414296
1772,0.09211912006,0.08874537796,4.519307613,3.16194725,0.5476540923,0.09397560358,3.104727507,1.949937701,1.241880059,1.375291467,1.103339314,0.2815332115,1.39799881,1.11773634,0.6069263816,0.9091522098,0.05527638271,0.47834602
1773,0.07572165132,0.1054346934,5.153512478,3.102441072,0.5273755193,0.09327441454,3.406921387,2.751404524,1.199345946,1.719510555,1.009258628,0.2159428596,1.359233022,1.196267486,0.7223047614,0.9019566178,0.07292642444,0.4453868866
1774,0.08935997635,0.06682928652,4.274272442,3.043030024,0.4965430796,0.08188139647,3.187814713,2.082710505,1.248808026,1.198686957,1.068545699,0.3194207251,1.314154267,1.153618813,0.5986511707,0.9011700749,0.06790754944,0.4268408716
1775,0.1028413996,0.06632032245,4.498221397,2.986176252,0.4715532959,0.07549221069,3.118542433,2.21517086,1.245007873,1.312248349,1.009283185,0.2823561132,1.274093986,1.189564347,0.6501176357,0.8988105655,0.05995904282,0.4067052901
1776,0.0757599622,0.1419754773,6.443097591,2.907531738,0.4338808954,0.08338355273,3.175988436,3.620358229,1.240712523,2.473413467,0.8242230415,0.1499022692,1.212804675,1.387842059,1.004227281,0.8901562691,0.2057833225,0.3686615527
1777,0.08726748824,0.07627176493,5.320445538,2.838178635,0.4127077162,0.08175244182,3.214776278,3.067602873,1.225313783,1.755126834,0.8729060292,0.1935523748,1.168943644,1.283289552,0.8124287724,0.8912189007,0.07036446035,0.3478961885
1778,0.07496139407,0.0628855899,5.083152294,2.769451857,0.3917189837,0.07827690989,3.189990282,3.00759244,1.223476768,1.609015346,0.8622102141,0.208848536,1.126487136,1.268901467,0.7814188004,0.8917141557,0.0590990521,0.3298484087
1779,0.09399869293,0.04834302887,4.233478069,2.712809563,0.3731274605,0.07178528607,3.056127548,2.417153835,1.237123966,1.129314899,0.9079060555,0.3076723516,1.093389869,1.217770934,0.6549620032,0.8878505826,0.0830976814,0.3179565668
1780,0.09799668938,0.07417970896,5.657831192,2.639442205,0.3397183716,0.0741680041,2.836808443,3.143698692,1.241977692,1.954082608,0.7499256134,0.1570334584,1.039071321,1.364336967,0.9297661781,0.8828975558,0.09729575366,0.294881314
1781,0.09138507396,0.05540611222,3.734452009,2.595335007,0.3362689912,0.06282448769,2.869278669,2.107332945,1.248207688,0.870988667,0.9019737244,0.3839706481,1.022570729,1.194701791,0.5914538503,0.8853140473,0.1486489028,0.2906847298
1782,0.08937913179,0.0476106517,4.747217655,2.536441803,0.3261552453,0.06210776046,3.004613638,3.081502914,1.250583529,1.421591401,0.7539188266,0.2083681375,0.9941235185,1.293921471,0.7787830234,0.8816066384,0.05676222965,0.276330322
1783,0.08381982893,0.04899701104,4.871182919,2.470636606,0.3012745976,0.06260729581,2.770730734,2.969051361,1.250065804,1.500552773,0.7067918181,0.1857619733,0.9516465068,1.318965197,0.822938621,0.8765724301,0.05806496739,0.2613399923
1784,0.09019377083,0.05072556064,4.255636692,2.41703105,0.3034928143,0.06000834331,3.078420877,3.162143707,1.261023521,1.162510633,0.7300459743,0.2473139763,0.9357808232,1.263080239,0.7117168307,0.8761911988,0.07453832775,0.253026098
1785,0.07320114225,0.05124984309,4.415002823,2.350811958,0.2787460089,0.06000095978,2.707381487,2.882293701,1.246875048,1.269500256,0.6742091179,0.2087526768,0.8944527507,1.283812165,0.7623850703,0.872618854,0.06307181716,0.2425752878
1786,0.07540785521,0.07407134026,5.978425503,2.277532816,0.2577146292,0.06414607167,2.797653913,4.469211578,1.384142876,2.214823484,0.5406112075,0.113442339,0.8508455157,1.487982273,1.081316352,0.8608334064,0.1624162197,0.2194630355
1787,0.09173003584,0.06248444319,4.132367611,2.218909502,0.2474249601,0.06101557985,2.668179512,2.958712339,1.247085094,1.131825209,0.6307747364,0.2195696086,0.823454082,1.25970304,0.7319728732,0.8633729815,0.07333765179,0.2141628861
1788,0.1169151887,0.06952767819,4.030618191,2.164068222,0.2386072129,0.06049947441,2.608547211,2.961563826,1.248754025,1.096078515,0.6044411063,0.2167904228,0.7993278503,1.2536906,0.7257056236,0.8604280949,0.07692166418,0.207723856
1789,0.09530118853,0.06434769183,5.038329601,2.094907522,0.2192224711,0.06148120388,2.432249069,3.614586115,1.296358109,1.698382974,0.4994700849,0.1174571142,0.7588305473,1.37153244,0.9352232814,0.8574922681,0.08362150192,0.1947429627
1790,0.09715277702,0.06866178662,4.732192039,2.036572456,0.20780164,0.0644364655,2.436690331,3.597098112,1.30307591,1.526240945,0.4871423244,0.1263375431,0.7301082611,1.345636368,0.8922264576,0.8496331573,0.06912925094,0.183466211
1791,0.1054699197,0.08017779887,4.647254944,1.986083627,0.2049205154,0.07574786246,2.544812202,3.998257875,1.37326777,1.491169333,0.4633124769,0.1296474636,0.7116475105,1.367345691,0.9050284028,0.8402304649,0.07673106343,0.1778739691
1792,0.1154872775,0.1214386597,3.774855614,1.941346526,0.202474162,0.08776465803,2.329415321,3.065238953,1.297003388,1.024171948,0.5005305409,0.2128170729,0.6963556409,1.28715384,0.7712345123,0.8358166814,0.1079127789,0.1820703
1793,0.1163736358,0.2252469212,2.730110407,1.907126904,0.2141335011,0.09077683836,2.5014112,2.614688635,1.26832819,0.5492332578,0.5992844105,0.4242660105,0.6984323859,1.187112808,0.5864703059,0.8343454003,0.3251656294,0.1885694265
1794,0.1321139485,0.2120617628,2.816237688,1.862329483,0.2119634598,0.09195804596,2.368421793,2.680425644,1.266803265,0.6175449491,0.5421040654,0.3510380089,0.6860115528,1.179991603,0.6062783599,0.8355071545,0.2509890199,0.1900621653
1795,0.105569005,0.151826784,3.457876444,1.808933616,0.209440589,0.0934227705,2.407347202,3.593846083,1.359663963,0.9674307704,0.4262884557,0.1883256882,0.6683012843,1.241135955,0.7318425179,0.8335439563,0.1090264097,0.186555028
1796,0.1475064307,0.1751059443,3.194070101,1.75561583,0.2050347328,0.09583818167,2.337647438,3.437327147,1.336872101,0.8624606729,0.4178874493,0.204145968,0.6496991515,1.199705958,0.6887356639,0.8314635158,0.1246532798,0.184210375
1797,0.13795726,0.1473645717,3.642038345,1.695911884,0.2020448595,0.09606256336,2.458358049,4.471293926,1.479936242,1.143832564,0.344530791,0.1294768006,0.6288931966,1.251458168,0.7827506661,0.8261319995,0.09309635311,0.1782266349
1798,0.113766022,0.1645805985,3.45018959,1.633128166,0.1954115629,0.09814976901,2.393289566,4.436480045,1.476415277,1.073646069,0.3273469508,0.1320444793,0.6047997475,1.2203511,0.7587354779,0.8199357986,0.09634570032,0.173757419
1799,0.128797248,0.2472128868,2.602717876,1.580682397,0.1961982995,0.1004379764,2.409137964,3.744491577,1.36224854,0.6633794904,0.3781171739,0.2282901257,0.5915136933,1.087859035,0.5914695859,0.823508203,0.1625032574,0.1741143465
1800,0.1612017602,0.1424037367,5.105722904,1.484605432,0.1730529517,0.09244355559,2.23995018,6.714324951,1.84818697,2.235488892,0.2188916951,0.1395055801,0.5381283164,1.445679784,1.11581254,0.8122692108,0.3819173276,0.156223461
1801,0.1475737542,0.2189552039,2.943207026,1.4233886,0.1693292409,0.09252073616,2.226063728,4.420761108,1.437708259,0.9050623775,0.275491029,0.1252720952,0.5168555379,1.08292675,0.6663666368,0.8114826679,0.09392181784,0.1529933363
1802,0.1507531554,0.214656353,3.099516153,1.355935693,0.1644299179,0.09254098684,2.21182704,4.942762375,1.515137315,1.041418195,0.2394976616,0.09971064329,0.4915456772,1.08264935,0.6991993785,0.8117138743,0.09746234864,0.1487230957
1803,0.1114731506,0.4250175953,1.625310779,1.315743089,0.1637230515,0.09294907004,2.031833887,2.785977602,1.151646018,0.3394966424,0.3717396557,0.3370839059,0.483550787,0.8644677997,0.4107159674,0.8174746633,0.3154821098,0.1519272923
1804,0.1083580628,0.3567391336,1.895276427,1.269852996,0.1691533923,0.09642422944,2.229635239,3.934574842,1.329106808,0.4808143675,0.2886902392,0.2038819641,0.4760848284,0.8735116124,0.4568978548,0.8165290356,0.1634893268,0.1523519903
1805,0.1121011153,0.2832224667,2.40927577,1.205681086,0.1616069824,0.09704368562,2.066378355,4.722394466,1.465010285,0.7934467793,0.2047547102,0.1011023521,0.4515562356,0.927719295,0.5655027032,0.8101617694,0.09343855828,0.1488568932
1806,0.1378130466,0.3046030104,2.287289381,1.142703772,0.1569743603,0.09594267607,2.034875631,4.83726263,1.476223469,0.766802609,0.18958731,0.09683966637,0.4289612472,0.886644125,0.5424981713,0.8085166812,0.0939578414,0.1450232565
1807,0.1142554879,0.4897778928,1.311893225,1.099564791,0.1564251035,0.09991770238,1.908061981,3.193118811,1.165684938,0.3143122494,0.2763055563,0.2487679124,0.4193076789,0.729619801,0.3553273678,0.8132178187,0.232611075,0.1471524537
1808,0.1197086275,0.3023964167,2.560435772,1.028251767,0.1481501907,0.09478133917,1.814621925,5.392477512,1.5607723,1.045022607,0.1391303092,0.08504187316,0.3886532485,0.8821867108,0.5969110131,0.8140643239,0.1600794047,0.1410876811
1809,0.154586792,0.5787883401,1.027697563,0.9922268987,0.1499218196,0.09933397919,1.774725795,2.929442644,1.084241152,0.249416396,0.2647431493,0.2636109293,0.3829267323,0.6376361251,0.2984450758,0.818903625,0.2628833055,0.1435232759
1810,0.1848566383,0.4271807373,1.595380902,0.9383838177,0.1437057406,0.09766039997,1.63989675,4.035404682,1.280605197,0.5444509387,0.1524501592,0.09353611618,0.3626869023,0.6870629191,0.401014179,0.8160667419,0.09074302763,0.1401553899
1811,0.1681912094,0.5586418509,1.051291466,0.8997893929,0.1443274766,0.1028734446,1.587927222,3.166196108,1.110869288,0.2962228358,0.1977008581,0.1712101698,0.3537717164,0.5977050662,0.3043417335,0.8134428859,0.1577875763,0.1415907294
1812,0.1824285388,0.3672834337,2.261021137,0.838234961,0.1297394931,0.09465128183,1.358470559,4.991392612,1.473995805,1.059243798,0.09779795259,0.1105190888,0.3228578866,0.780942142,0.5560429692,0.7996730804,0.2451432198,0.1312098354
1813,0.1657841951,0.4422957897,1.685681462,0.788148582,0.1330662668,0.09288590401,1.77927494,5.850402832,1.654230475,0.7053278089,0.1028406844,0.08199200034,0.3084057271,0.661755383,0.4272184372,0.7946869731,0.1330055445,0.1255974025
1814,0.1297039837,0.5963662267,0.9688577652,0.7364532351,0.130959481,0.09539888054,1.643659949,4.229927063,1.30312407,0.31902349,0.1395520121,0.1162803173,0.2935273349,0.5243558288,0.2909633219,0.7906792164,0.1093941107,0.1259367019
1815,0.1678025872,0.6932080388,0.7152343392,0.696536541,0.1355421692,0.1029505804,1.6028229,3.77678895,1.207882762,0.2313980311,0.1643782109,0.1627732664,0.2874026299,0.4757575691,0.2526744604,0.7871484756,0.1619179398,0.1310475618
1816,0.2088740617,0.5822800398,1.055982471,0.6437560916,0.1310955137,0.1055378914,1.39743042,4.534805775,1.369772315,0.4391542375,0.1038850173,0.09190386534,0.2695356309,0.5132551193,0.3217430413,0.7791061401,0.112493366,0.130060792
1817,0.229964897,0.770093143,0.5586419106,0.6068831086,0.1328389198,0.1075623035,1.421884179,3.516855478,1.139745712,0.2049451917,0.1545919627,0.1595951915,0.2620736063,0.4147718847,0.2272079736,0.7779172063,0.1622961611,0.1310921758
1818,0.2036193162,0.6614842415,0.8210703731,0.5651218891,0.1340072155,0.1145107746,1.268578529,4.311825275,1.322703958,0.3648871481,0.105222486,0.1015752032,0.2518513799,0.4482823312,0.2835970223,0.7698715329,0.1193717718,0.1344325542
1819,0.2253988534,0.7377921939,0.6324475408,0.5240946412,0.1325405091,0.1162474155,1.169585228,3.788556337,1.199298024,0.2796203196,0.1146136299,0.1103825569,0.2399051934,0.3983013928,0.2479014248,0.7647230625,0.1160834134,0.1341071278
1820,0.1899511367,0.724352181,0.7002306581,0.4842244685,0.1294122785,0.1194337383,0.9239032865,3.475524902,1.12561357,0.3474975526,0.1021006107,0.1089186445,0.2269775718,0.3995518684,0.2676188052,0.7564525604,0.1338294894,0.1338267922
1821,0.2269093543,0.667498529,1.047352195,0.4437419474,0.1236401424,0.1226033792,0.732978344,3.850826979,1.213598132,0.6257759929,0.09482432157,0.1652991623,0.2100346833,0.4648068845,0.3530273139,0.7432770729,0.282933116,0.1287679821
1822,0.1910043955,0.9091457725,0.3682503998,0.4300406873,0.1303737462,0.1296112686,0.6160428524,1.804325938,0.7350423932,0.1913599968,0.1439205408,0.1469854563,0.2120755166,0.3170984089,0.2097934484,0.7391457558,0.1472741216,0.1359816343
1823,0.2256625891,0.8043506742,0.5381814837,0.4116387367,0.1323509961,0.1344496757,0.5846819878,2.474782228,0.8982570767,0.3024838567,0.1146183982,0.1266411245,0.2083580643,0.3484243453,0.2502069771,0.7310492992,0.1482947022,0.1369281858
1824,0.2352228165,0.7868383527,0.6054251194,0.3938806355,0.1352413893,0.1422173083,0.5916703343,2.935964346,1.018139243,0.3695477545,0.1155128255,0.1456922889,0.2052235156,0.3623762131,0.2708026469,0.7207493782,0.1908003241,0.1382518858
1825,0.2238160372,0.8745834231,0.4112972021,0.3778635561,0.1404831558,0.1481452882,0.8394245505,3.652122498,1.204532981,0.2500178814,0.1316278726,0.1379063874,0.204231143,0.3113849461,0.2238834649,0.7133731842,0.1471990794,0.141603902
1826,0.2243361324,1.046273351,0.2457458377,0.3552892208,0.1434665918,0.1483603567,0.5695196986,1.868448615,0.7516643405,0.1781172305,0.1706405431,0.1701157838,0.2021757513,0.2577706575,0.1877854615,0.7098305821,0.1684481353,0.145455718
1827,0.2143100053,0.8702000976,0.4644455016,0.3368962705,0.1474532336,0.1577800363,0.4724024832,2.75927186,0.9852644801,0.3378234208,0.1383911222,0.178203389,0.1999004036,0.3160295188,0.247059539,0.6989212632,0.2276312709,0.1479368806
1828,0.175301075,0.9427776337,0.3350983858,0.3209167123,0.1498522758,0.1628318429,0.4474562109,2.407275438,0.8959743381,0.2509797215,0.1484475881,0.1640430391,0.1971587688,0.2744020522,0.2145837396,0.6909659505,0.182246998,0.1492691189
1829,0.2314106971,0.9572102427,0.3243197501,0.3100880682,0.1585610509,0.1730053872,0.2773962915,1.587397218,0.6823353767,0.2585220635,0.1588698775,0.1786988378,0.2005556673,0.2703396976,0.2204188854,0.6817164421,0.2009370774,0.1542573273
1830,0.1896789074,0.8270789981,0.8833643794,0.3021830618,0.1597267836,0.196526885,0.3141047359,3.480609894,1.205422878,0.7750859857,0.1985798329,0.408710748,0.1983913183,0.4403823316,0.383212328,0.6610002518,0.6548683643,0.1532557756
1831,0.2235453576,0.8921397328,0.5781219006,0.2909446955,0.1646422744,0.2169626802,0.2867441177,2.780291319,1.025532365,0.5069075227,0.1885430664,0.3028016388,0.1979126185,0.351303339,0.3051196039,0.6456392407,0.4304909706,0.1554018408
1832,0.2272498161,1.050039411,0.2206983566,0.2912013233,0.1777502894,0.2233453542,0.2426540256,1.397389412,0.6470473409,0.1972605437,0.1938839704,0.1853932142,0.2074838281,0.229767397,0.1980013698,0.6390551925,0.177363202,0.1654372811
1833,0.2332639247,0.9845738411,0.3129724562,0.2884112597,0.1890774518,0.2354315966,0.1903425902,1.380479455,0.6477152705,0.2937261164,0.2042033672,0.2386856526,0.2141778469,0.2694635093,0.2400894761,0.6283829808,0.2737074196,0.1710536927
1834,0.2346788198,1.029386163,0.2411546558,0.285245955,0.2019367367,0.2376321107,0.1671648473,0.5550991893,0.3898793757,0.2347010374,0.2090954036,0.2187869549,0.2207314223,0.2396751791,0.2202048302,0.6208570004,0.2280935049,0.1732665449
1835,0.2226307392,0.8780700564,0.8523228765,0.2891842127,0.20337677,0.2735692859,0.1577491313,1.899442673,0.8153709769,0.8315274715,0.275329411,0.5297477841,0.2227844596,0.4590829909,0.4333388805,0.5999187827,0.8064920306,0.1745115072
1836,0.2611300051,0.886121273,0.8274455667,0.2889275551,0.2144526988,0.3111391664,0.1593906283,1.504410744,0.7047162056,0.8055673242,0.2832959592,0.523039341,0.2281516641,0.4559533894,0.4406904876,0.5800161958,0.7792379856,0.1770515889
1837,0.2146187276,0.9341198802,0.4609608948,0.2967980206,0.2115391642,0.330806762,0.1613574624,1.832755089,0.8166316152,0.4464007318,0.248109892,0.3390563428,0.2305653542,0.3364445865,0.3129781783,0.5658828616,0.4297164381,0.1843719482
1838,0.2554680705,1.015037179,0.2419585586,0.2997396886,0.2264972329,0.3297151327,0.1553737968,0.9454632401,0.5430323482,0.2425581217,0.2397831082,0.2415882349,0.2410331517,0.248892948,0.2340271622,0.5568675995,0.2432040721,0.1923754811
1839,0.2227408141,1.038389802,0.1947057694,0.3084386289,0.2310286313,0.326547116,0.1677931994,1.195235133,0.6348064542,0.2028878182,0.2520122826,0.2300514579,0.2481313497,0.2277467698,0.2118800133,0.5497672558,0.211524114,0.2032790333
1840,0.1949879676,0.9504129291,0.3455910385,0.3211523294,0.2626764476,0.3517490327,0.1822714806,1.03406918,0.5946196318,0.3695207536,0.2921068966,0.346693486,0.2721020877,0.3110043705,0.2996762693,0.5387792587,0.3979899585,0.2203970701
1841,0.1773547977,0.8607475758,0.7848739624,0.3436051309,0.2881362736,0.4083352387,0.2007613331,1.651387691,0.8209961057,0.8198964,0.3792625964,0.6198999286,0.2960439026,0.4973492622,0.4857484996,0.5186777115,0.863638401,0.2388058901
1842,0.1960725337,0.8956604004,0.4396556318,0.3660458326,0.3140552938,0.4394629002,0.2275040895,1.003715992,0.6213408709,0.4697393477,0.3480739892,0.4293930829,0.320504874,0.3780781329,0.3703985512,0.5068790317,0.5059508681,0.2596258521
1843,0.1457540989,0.9077672362,0.3452824056,0.3829034269,0.3314065039,0.4539228678,0.2372810394,0.8746187091,0.5871214271,0.3760024607,0.3517642915,0.3836202919,0.337834686,0.3448484838,0.337693423,0.4965485334,0.412356168,0.27623263
1844,0.1545266509,0.9019641876,0.3264503181,0.394069761,0.3714734614,0.4605816603,0.4450602531,0.2955898046,0.3396427929,0.3612529337,0.3632291853,0.3841145933,0.3636955917,0.3415461481,0.3484828174,0.4859151542,0.4026546478,0.2882066965
1845,0.1168514267,0.8847562671,0.322208792,0.4118923843,0.3790949583,0.4703454971,0.3736284673,0.4222572148,0.4170387983,0.3527833223,0.375020653,0.3822338879,0.3765814006,0.3480648994,0.3499357402,0.4771635532,0.3885405958,0.3054500222
1846,0.1692187339,0.7817427516,0.7121267319,0.4432301521,0.4018669426,0.52219069,0.3506466448,1.016711712,0.6832883954,0.7495625615,0.4589323103,0.6307373643,0.4033585489,0.5386335254,0.5377163887,0.462158829,0.7954290509,0.3311217129
1847,0.1268991232,0.7879597545,0.5595656633,0.462140888,0.4484163821,0.5491408706,0.5960515141,0.34892869,0.4003478587,0.5907752514,0.4477950633,0.5416836739,0.4356998205,0.4860765934,0.5005957484,0.4486944675,0.628226757,0.3491112292
1848,0.1230026856,0.7473185658,0.7170310616,0.4927777946,0.4538269043,0.5932499766,0.4168195426,0.8721933365,0.6599727273,0.7360098958,0.4877754152,0.6275840402,0.454063803,0.5711340904,0.5730783939,0.4353857934,0.7586943507,0.3756496012
1849,0.1179407611,0.761569798,0.5021830201,0.5184123516,0.4732077122,0.6113817096,0.3963330686,0.7639637589,0.6307781935,0.517247498,0.471051693,0.5047492981,0.4766110182,0.4905582666,0.487344265,0.4271261692,0.5345645547,0.4003177881
1850,0.08665698022,0.7911114693,0.3393045962,0.54910326,0.5118975043,0.6143779159,0.4805700481,0.4489574134,0.4961126745,0.3559120893,0.4740095437,0.418871969,0.5112809539,0.4185516834,0.4174753726,0.4279824793,0.3738968074,0.431709379
1851,0.1044540405,0.8028141856,0.2798104882,0.5694593191,0.5155475736,0.5974575877,0.3921461999,0.5954780579,0.5823246837,0.2980414033,0.4874472618,0.390894264,0.52319175,0.3846284449,0.3772855103,0.4278036356,0.3168403804,0.4531722963
1852,0.09279923886,0.6872612834,0.5069546103,0.600076735,0.5652140379,0.6247711778,0.5446888804,0.6410679817,0.6202482581,0.5403990746,0.5577805638,0.5690832734,0.5635068417,0.5344387889,0.5356220603,0.4234490395,0.5789176822,0.4839150906
1853,0.1120034531,0.6570500731,0.5481185317,0.6294693947,0.6024569273,0.6514679193,0.6364600062,0.5647527575,0.5962105393,0.58253932,0.5890519023,0.6067822576,0.5967738628,0.5698159337,0.5749121904,0.4177737236,0.6222503185,0.512681663
1854,0.09939941019,0.5791194439,1.011758208,0.6831638813,0.6511163116,0.7302424908,0.6652786136,1.026558757,0.8404531479,1.045452476,0.704559505,0.9015194774,0.6476796269,0.8092879653,0.815328598,0.4112121165,1.085695386,0.56043154
1855,0.1133035198,0.6262584329,0.5082229972,0.7144656181,0.7018856406,0.7423340678,0.8695445061,0.386787653,0.5114004016,0.5322400928,0.6402189732,0.595901072,0.6885139346,0.5884886384,0.598924458,0.4107747972,0.5587717891,0.5921325684
1856,0.08330535889,0.6136236787,0.482660532,0.7473163605,0.7361223102,0.752507627,0.9037591815,0.3843622208,0.5138257742,0.5023299456,0.6635410786,0.5865211487,0.7222716808,0.5875966549,0.5976341367,0.4149057865,0.5234672427,0.6278427243
1857,0.07888413221,0.5080450177,1.024412155,0.7851858139,0.7831957936,0.8099395633,1.028811097,0.5743460655,0.6705446243,1.036833405,0.7785143852,0.9210062623,0.7645967007,0.8750295639,0.8973663449,0.4058353007,1.051240325,0.6641973853
1858,0.1021710709,0.4925988913,0.9824464321,0.8224024773,0.8505827785,0.8576860428,1.376740336,0.3895356655,0.5194839835,0.9765703082,0.7883254886,0.8839797378,0.8165106177,0.8777091503,0.9147931933,0.3996284008,0.9699016213,0.7013078332
1859,0.08812759072,0.5521399379,0.531783402,0.8398228288,0.8688559532,0.8427646756,1.342440963,0.4579940736,0.4353431761,0.5166275501,0.7242439389,0.5998235941,0.8357551694,0.6556215882,0.67840904,0.4035046101,0.5014557242,0.7285435796
1860,0.1011054888,0.460621357,0.9385144711,0.8738681674,0.9003577232,0.8783877492,1.316081405,0.4200104475,0.5639481544,0.8952681422,0.80809623,0.8296551108,0.8696918488,0.8886126876,0.9192623496,0.4027818143,0.8484827876,0.7668049335
1861,0.1133285463,0.4255183637,1.216914058,0.9139453769,0.9301400185,0.9316383004,1.23391819,0.5576670766,0.7075662613,1.140774488,0.8695856929,0.9685637951,0.9055925012,1.038921952,1.067780018,0.3995014131,1.0574193,0.8086220622
1862,0.08004603535,0.4408570826,0.8218617439,0.948633194,0.9142476916,0.941852808,0.8202926517,0.8513239026,0.8986817002,0.7505350113,0.8317756653,0.7480011582,0.9164512753,0.8699226379,0.86499089,0.4067481458,0.6786358356,0.8475697637
1863,0.08642864227,0.3855197728,1.174404502,0.993370533,0.9871570468,0.9875671268,1.085204005,0.7884650826,0.884830296,1.088290334,0.924580276,0.9627266526,0.9749099612,1.06513226,1.078538537,0.4088227451,0.9962026477,0.8923373818
1864,0.08593609184,0.3703797162,1.093897939,1.033630967,1.007302403,1.017907262,0.9638056755,0.9807168841,1.006849647,1.004597187,0.94068259,0.92475456,1.005512714,1.048879266,1.049921393,0.4122872353,0.9110757709,0.9331815243
1865,0.0826157853,0.33817029,1.319566369,1.082762837,1.097485423,1.070581913,1.361779571,0.6741227508,0.8502027392,1.218064547,1.015103459,1.065266728,1.074512362,1.180987835,1.205731869,0.4160877168,1.109345913,0.9822225571
1866,0.07873904705,0.3187350929,1.340639234,1.127810955,1.138670444,1.11527288,1.365699768,0.7181232572,0.8967081904,1.221824408,1.044509053,1.072090745,1.118059635,1.216035128,1.237410069,0.4200473726,1.096132398,1.028756499
1867,0.09115344286,0.298642844,1.380632401,1.17410171,1.145605445,1.157709718,1.080000043,1.213700175,1.193756819,1.245730996,1.079492927,1.092761636,1.145581126,1.260295987,1.260145545,0.4256548882,1.104267001,1.07634151
1868,0.1180376634,0.2783134282,1.439520955,1.225462317,1.211442113,1.204452872,1.24609983,1.056481242,1.138054013,1.3010782,1.130568624,1.143998623,1.20400846,1.315417171,1.32280314,0.4334265292,1.155633569,1.127732396
1869,0.08055705577,0.2918362319,0.983163774,1.26167047,1.218853831,1.192101002,1.086140513,1.00364387,1.125597119,0.8755107522,1.091946363,0.9133376479,1.226063848,1.102228284,1.090104461,0.4458332062,0.7708618045,1.163166642
1870,0.07863406092,0.2520745397,1.195804596,1.309735179,1.271113753,1.214829564,1.177982926,1.151173115,1.228148818,1.084466457,1.173989296,1.063087225,1.276219845,1.23875761,1.230817795,0.4598005116,0.9711969495,1.210514903
1871,0.08815682679,0.2394696921,1.140741467,1.345113277,1.35504055,1.21956563,1.652478814,0.6424952149,0.9073191285,1.041147828,1.201135278,1.057584405,1.335325599,1.226361871,1.2405653,0.467887789,0.9402853847,1.243755221
1872,0.1056990623,0.2020244151,1.618607521,1.397282958,1.37678206,1.278555393,1.435913444,1.212092638,1.301770091,1.482445598,1.313361645,1.326479077,1.372971654,1.491485953,1.495075583,0.4775294363,1.33780241,1.297464013
1873,0.09691470861,0.1907577515,2.065346956,1.461568832,1.43428421,1.371414065,1.436869025,1.675800443,1.565766931,1.898097396,1.431170464,1.581926465,1.433835983,1.730396867,1.73331368,0.4856039584,1.715928674,1.362024903
1874,0.09877425432,0.1738883704,1.951661468,1.524636269,1.469305634,1.447977662,1.282681942,2.073867083,1.783366561,1.781949162,1.457380891,1.533293366,1.483068109,1.714930892,1.701046467,0.4972925484,1.599623322,1.425417304
1875,0.07663401216,0.209370777,0.9508451819,1.558297276,1.539696693,1.397842765,1.685205817,0.6937823892,1.013079762,0.8558713794,1.329548001,1.008251071,1.534406304,1.205888629,1.202379584,0.5153124928,0.76665622,1.451681733
1876,0.09117990732,0.1420468539,1.725048661,1.603660583,1.520328045,1.443150163,1.241909862,2.20077157,1.884782195,1.585135818,1.497440696,1.464525819,1.547809958,1.650002122,1.620905757,0.5231893659,1.436566234,1.49723947
1877,0.08172457665,0.133951053,1.545748115,1.651993871,1.604214787,1.474987984,1.563012004,1.420862675,1.532826424,1.430864453,1.51886034,1.404761791,1.614049554,1.584978223,1.57332325,0.5369645357,1.310062408,1.544266582
1878,0.1151278019,0.128666997,1.371916413,1.693309426,1.646021724,1.482789397,1.649037004,1.213084698,1.435763001,1.273710012,1.528493881,1.331373572,1.65547812,1.51253283,1.500819683,0.5509980321,1.17207849,1.58224833
1879,0.101328589,0.1211574376,1.317421436,1.736696124,1.664218545,1.488875985,1.54008162,1.430372238,1.57744658,1.231087804,1.562259674,1.328628421,1.686100006,1.501677871,1.479101539,0.5688076019,1.142037392,1.622199416
1880,0.1272208095,0.1024661064,1.582932115,1.783180594,1.716134071,1.523878455,1.651348114,1.608529449,1.69408989,1.499387383,1.658211708,1.522148132,1.735281825,1.66695261,1.647228241,0.5822766423,1.41001761,1.666529059
1881,0.1202342883,0.104100965,1.32309866,1.833946824,1.815571785,1.538303256,2.159196138,0.8479349017,1.243541598,1.261182666,1.662563682,1.402781606,1.810085893,1.547709107,1.550611973,0.6061524749,1.196501851,1.713627696
1882,0.08945607394,0.09468311816,1.379273534,1.881812096,1.799546242,1.55729568,1.704199195,1.511386752,1.688494682,1.315397263,1.714761257,1.455096722,1.826037407,1.600636363,1.57542479,0.6304364204,1.248425364,1.761233211
1883,0.09224060178,0.08881491423,2.094684601,1.936348438,1.853218913,1.638807297,1.743357182,2.317751169,2.120962143,2.02050662,1.899073005,1.920018196,1.880170465,1.99993515,1.97190702,0.6413267255,1.937849402,1.816833854
1884,0.097708188,0.08422807604,1.333418012,1.976229072,1.926846147,1.635528564,2.127648354,1.05842793,1.4537884,1.292677283,1.79712677,1.490338683,1.936708808,1.615280509,1.606034875,0.6592925191,1.249612689,1.849798679
1885,0.08681433648,0.08325814456,2.150729418,2.034259558,1.974766254,1.720963478,2.098173857,1.868691802,1.950178742,2.090769529,1.999195695,2.012304306,1.989738822,2.077187777,2.061735868,0.6728903651,2.023405552,1.908855796
1886,0.08277278394,0.08002244681,1.244756222,2.071230173,1.99927938,1.69888103,2.119390726,1.115103245,1.529626489,1.212288857,1.857680917,1.472869515,2.019944906,1.600803733,1.583184242,0.6944161057,1.178253055,1.93833971
1887,0.06112267077,0.2099305242,0.6672861576,2.08148241,1.949888587,1.561223984,1.869568825,0.7909325957,1.274511695,0.6676330566,1.763881683,1.089475751,1.99742353,1.122606158,1.096980691,0.7187280655,0.6679332256,1.926230907
1888,0.04988638684,0.3125670552,0.5890244842,2.085013866,1.870180726,1.406086326,1.542233109,0.9154057503,1.387249589,0.6106718183,1.777117729,1.037305593,1.954396605,0.9541943669,0.9198316932,0.7399817109,0.6268413663,1.894915581
1889,0.07358241081,0.2126577646,0.6161690354,2.105881691,1.877547383,1.335848212,1.659166336,1.132861257,1.555831313,0.6767662168,1.848111033,1.173357606,1.96632731,1.093650699,1.049674034,0.7639784813,0.7359698415,1.889739394
1890,0.05510177836,0.07029543072,1.252195239,2.148626089,1.953780174,1.39178896,1.994069099,1.786188126,1.961319804,1.383479714,2.054929018,1.765391707,2.026505709,1.638590455,1.578377604,0.7827456594,1.536615849,1.928249359
1891,0.06503345817,0.07167588919,1.277603626,2.19178462,1.985737324,1.449154735,1.986450076,1.959188461,2.073181152,1.426711202,2.108689308,1.826197624,2.063574791,1.673032403,1.607904553,0.8013687134,1.60284853,1.96754539
1892,0.06586296111,0.08104434609,1.158244729,2.236930132,2.051809311,1.496150374,2.258902788,1.467587113,1.821965575,1.32025075,2.135975838,1.784997344,2.119236231,1.616682053,1.564776421,0.824608326,1.512401223,2.007380724
1893,0.08073559403,0.08908504248,1.111061692,2.278767824,2.084051847,1.535097122,2.280521154,1.474791527,1.844361305,1.28385818,2.171278238,1.786342621,2.155609369,1.602652431,1.549111485,0.8478239179,1.490155578,2.043992519
1894,0.08168236166,0.1151830927,0.8913493752,2.312987328,2.072226763,1.541850686,2.032616615,1.665537715,1.970207572,1.062616706,2.163332224,1.647494912,2.164829493,1.457784057,1.396013618,0.8723275661,1.266130924,2.068940163
1895,0.08581205457,0.1057949886,1.812191129,2.371226311,2.255995989,1.659348488,3.192563295,1.198664665,1.708726287,2.070385456,2.435217857,2.412869692,2.288447618,2.060848236,2.027772188,0.8898575902,2.394471407,2.129880667
1896,0.08310332149,0.1307715774,2.128396749,2.430792093,2.229046583,1.79259789,2.410985947,2.735957384,2.580457211,2.375142813,2.52830863,2.613801718,2.30431819,2.25658989,2.176660299,0.9050881863,2.685014009,2.19549489
1897,0.1041167974,0.1199864671,1.793838859,2.487254143,2.303241968,1.887862682,2.618172884,2.080253124,2.27766633,2.027657747,2.503775358,2.402253389,2.369997978,2.104289293,2.040418386,0.924593389,2.320100069,2.252624512
1898,0.1117860898,0.1639098525,2.278191805,2.552185774,2.28414917,2.022759438,1.980095506,4.412239552,3.405993223,2.530314445,2.658607721,2.762685061,2.391371012,2.392678499,2.278622627,0.9411357045,2.849018097,2.321821928
1899,0.07730476558,0.1550821364,2.036977291,2.613091707,2.383479357,2.131603479,2.288586855,3.401921511,2.991621733,2.300509214,2.677037001,2.653885603,2.472708464,2.29582572,2.206195354,0.9614391923,2.635046244,2.387157679
1900,0.08553760499,0.1237005368,1.29687202,2.656904697,2.465719938,2.142092705,2.718803406,1.735681534,2.163874626,1.535840631,2.552114248,2.14645648,2.53618145,1.882826924,1.82844007,0.9840214849,1.837278724,2.422685862
1901,0.0768424198,0.1316494048,1.046010017,2.687577486,2.484766245,2.111470938,2.777646303,1.433888793,1.994131207,1.278499961,2.521579742,1.975300193,2.560131073,1.724617481,1.673276305,1.004145741,1.572890162,2.440673113
1902,0.1524285078,0.1893598586,1.915804386,2.743967772,2.473847628,2.207676411,2.283013105,3.731753349,3.215348005,2.226095438,2.793648481,2.70234704,2.58153367,2.290504217,2.185431719,1.023068547,2.629333735,2.498594522
1903,0.1262530833,0.2153467983,2.047350168,2.804553986,2.651351213,2.317403555,3.282656431,2.009006262,2.386032343,2.385921717,2.894345522,2.858812332,2.703041077,2.39157176,2.338944674,1.043173909,2.830269575,2.563207626
1904,0.1286699325,0.3574669063,3.118672609,2.881877899,2.616804361,2.51751256,2.343452692,5.583901882,4.10750246,3.491678238,3.191736221,3.622149229,2.722748041,2.978456736,2.853060484,1.055435538,3.98349309,2.651042223
1905,0.1341623664,0.2470711321,2.126659632,2.936921358,2.751225471,2.604327917,2.991856813,2.824303865,2.880288363,2.464115858,3.013860941,2.955605268,2.819205523,2.496026754,2.428206444,1.072611451,2.909200907,2.709930182
1906,0.09507832676,0.2255595475,1.793321252,2.989067078,2.752882719,2.645535231,2.664213419,3.225180864,3.105827332,2.114640236,2.970556021,2.727648973,2.845161438,2.330706835,2.246892929,1.093938708,2.539236069,2.759429216
1907,0.06883351505,0.1746669263,1.051977038,3.021593809,2.886510134,2.571186066,3.74461484,0.8999889493,1.752737164,1.332904816,2.800508499,2.16495657,2.92915225,1.866683483,1.842329025,1.115404725,1.706676006,2.772204638
1908,0.04535055161,0.2111553103,1.299532413,3.056413651,2.875366449,2.551705837,3.456306696,1.458305836,2.167308569,1.608936667,2.90146637,2.39709115,2.94037056,2.053527832,2.004690886,1.138572335,2.023710012,2.800486326
1909,0.0539390482,0.3277612925,2.125687838,3.102177382,2.860340118,2.635818243,2.969123125,3.303921938,3.202149153,2.501378059,3.166756868,3.078609467,2.954973221,2.5718081,2.478340149,1.150984764,3.009349823,2.849265814
1910,0.04861212149,0.225907445,1.157870889,3.137821198,2.85351491,2.589114189,2.807040453,2.429650307,2.770732164,1.467440963,2.922459602,2.323232174,2.967920065,1.991320729,1.904527068,1.174074531,1.889217019,2.868183136
1911,0.07427654415,0.2042315006,0.5970693231,3.160514116,2.90369916,2.443473101,3.364947557,0.9513346553,1.853309274,0.8529375196,2.761304855,1.828340888,3.003133774,1.546950698,1.49300921,1.200025439,1.210354686,2.855246782
1912,0.09032964706,0.2424813509,0.8743585944,3.188958168,2.848857164,2.388010979,2.877290726,2.102491379,2.613306284,1.19965589,2.908499002,2.174817085,2.987208128,1.804829955,1.706638336,1.225069404,1.659873366,2.864496231
1913,0.06418254226,0.3123146594,1.309804797,3.223970413,2.932598114,2.411857843,3.408887148,1.997539639,2.569115162,1.720508218,3.106994629,2.647705078,3.047412872,2.134311199,2.037624121,1.242059708,2.307966948,2.889239311
1914,0.06997224689,0.2447983176,0.454593569,3.235262632,2.890923262,2.272396088,3.290663958,1.003918529,1.927637458,0.7249475121,2.792998314,1.782472253,3.028955221,1.438211322,1.361291885,1.265258193,1.130758405,2.865411043
1915,0.06424421817,0.3302764297,1.081572413,3.269482374,2.936257601,2.290503263,3.540299177,1.696243644,2.409921408,1.502894878,3.095015287,2.533034325,3.068537474,1.997758746,1.890510678,1.286657929,2.126215219,2.88763237
1916,0.07044573873,0.3145458996,0.8105342984,3.296864748,3.000152588,2.265967131,4.088773727,0.8635393977,1.84387207,1.195378661,3.01978755,2.288505793,3.114179611,1.80393219,1.720921993,1.310924649,1.777556777,2.897684097
1917,0.06740572304,0.3862597048,1.149180532,3.325003386,2.910345316,2.296956062,3.140932798,2.543238878,2.919712782,1.594239235,3.162289858,2.641258955,3.080821276,2.069299698,1.925237298,1.330313325,2.262893438,2.92032814
1918,0.04746726155,0.2963641584,0.3660737574,3.331012487,2.924092054,2.161482573,3.607050896,0.7805242538,1.789361119,0.6497026086,2.83590889,1.783627033,3.088853836,1.389739633,1.291779399,1.345305443,1.116884708,2.881611824
1919,0.07600266486,0.3696863651,0.7538105845,3.346861601,2.939114571,2.144376755,3.805261374,1.187435269,2.110243082,1.163494229,3.04897213,2.321907282,3.103627443,1.783427119,1.656139374,1.360003114,1.8178128,2.878632307
1920,0.07145164162,0.3690853119,0.6262497306,3.359059095,2.897985458,2.108892202,3.543437719,1.336330414,2.218021154,1.011434197,3.000687361,2.192503929,3.086993217,1.679897666,1.538794518,1.37654078,1.644341111,2.870243073
1921,0.05282337591,0.3781385124,0.5626667738,3.369648695,2.832689285,2.066363096,3.125743628,1.839517951,2.541043282,0.94078511,2.982702255,2.143764496,3.056408644,1.627719879,1.461629033,1.390722275,1.581165791,2.855481863
1922,0.06754025072,0.3984422386,0.5678746104,3.385079145,2.908328056,2.038357973,3.913972139,0.9728373885,1.970903993,0.9641095996,3.011870384,2.199353218,3.102775335,1.64109993,1.492686152,1.405444026,1.652487755,2.844877243
1923,0.08144890517,0.4098802507,0.5186790824,3.396257401,2.876569748,2.009381294,3.734137774,1.105956912,2.074606895,0.9045158029,2.99361825,2.15257287,3.090503931,1.600016952,1.437941194,1.423704624,1.592248321,2.836438894
1924,0.1226189733,0.4980143607,0.8161104321,3.420211077,2.894129992,2.045341253,3.810907125,1.487953782,2.345120668,1.293261647,3.157164335,2.545773029,3.110842705,1.868745804,1.683036804,1.442208171,2.118460417,2.850096464
1925,0.08108432591,0.4223152101,0.4132701457,3.423547029,2.965918541,1.989637017,4.777244091,0.3355290592,1.369452596,0.7676045299,2.946350813,2.034340858,3.149261713,1.504888177,1.366850376,1.455048084,1.442380548,2.826384306
1926,0.1146137491,0.5098996758,0.6809155345,3.427129984,2.922166109,1.998857141,4.396848679,0.7655066848,1.823679447,1.117392302,3.075487375,2.380677223,3.128885031,1.762156129,1.587647438,1.469247341,1.90705049,2.825294495
1927,0.06809269637,0.5400503278,0.7171538472,3.435194016,2.837187052,2.011870146,3.626845598,1.577895522,2.409145355,1.157082677,3.081602097,2.413154364,3.088163614,1.7963413,1.583559036,1.482813358,1.956829071,2.825033426
1928,0.07242449373,0.4196610153,0.2418822199,3.431033373,2.829703569,1.904226899,3.985893488,0.5281994343,1.60485971,0.4987288415,2.780134916,1.71754992,3.080485582,1.295199513,1.119277835,1.49332428,1.073007226,2.779722214
1929,0.09457234293,0.525609076,0.5120565891,3.432006121,2.793092012,1.88702023,3.830270052,1.070865631,2.064705849,0.892809391,2.959524155,2.171860933,3.061180115,1.612359047,1.39298594,1.502292275,1.654162765,2.761337519
1930,0.07818067819,0.6986762881,1.018208861,3.438922167,2.905410051,1.95429647,4.935722351,0.6939864159,1.768168926,1.536680818,3.206274271,2.791663408,3.124160051,2.029515266,1.817836165,1.504629254,2.49956274,2.765234709
1931,0.06885951012,0.7421515584,1.095217109,3.442075491,2.90776825,2.024311781,4.894979,0.7466890216,1.81543982,1.606257558,3.203946352,2.821002007,3.128908157,2.086185694,1.87016058,1.510084748,2.551136494,2.77567482
1932,0.07260773331,0.805018127,1.226300716,3.445063829,2.859547377,2.098404884,4.323996067,1.311734438,2.23993659,1.738389492,3.223451614,2.903203964,3.107027769,2.178345919,1.935669303,1.513685584,2.676397562,2.787084579
1933,0.1066393256,0.6386310458,0.6826888919,3.442808151,2.792966843,2.074772835,3.851165771,1.163649917,2.136670113,1.051757097,2.927753687,2.246314287,3.071278811,1.769112587,1.526399612,1.520798326,1.79871273,2.771377563
1934,0.1057763323,0.5988809466,0.5341069102,3.441475153,2.749936819,2.022418976,3.691606522,1.116715074,2.102595091,0.8512412906,2.821542025,2.039590836,3.047472,1.633712173,1.383369923,1.528256536,1.542473793,2.745943069
1935,0.1063484773,0.5184241533,0.3227967024,3.435251236,2.754669428,1.920422077,4.150711536,0.4739436209,1.549871445,0.5465109348,2.647277117,1.698383212,3.045879126,1.398522854,1.16666925,1.535784125,1.132586598,2.702616453
1936,0.1072192267,0.4635860026,0.2085425407,3.41667819,2.761729002,1.784324646,4.832576752,0.210953787,1.024823904,0.3445702493,2.489917278,1.424985409,3.039462328,1.209433913,0.9959525466,1.542807221,0.8308267593,2.644156218
1937,0.1047945991,0.5042434335,0.2467645854,3.387611151,2.647646189,1.678732276,4.228975773,0.33486256,1.333861351,0.3981130123,2.483175993,1.482761383,2.96565938,1.261507511,1.013019681,1.54769361,0.9147438407,2.589523792
1938,0.1389105767,0.4699734151,0.1963576823,3.363205671,2.560239077,1.556032181,3.988093138,0.3397929668,1.315370917,0.2779216766,2.357174635,1.2917068,2.906558275,1.133706212,0.8738090396,1.552240729,0.7189727426,2.525547266
1939,0.1260072589,0.5425386429,0.2700456381,3.34644866,2.504557133,1.484125257,3.921863556,0.4662321806,1.478381515,0.4050559103,2.420863867,1.476170659,2.868313789,1.263597131,0.9733840823,1.556475639,0.9401172996,2.475794077
1940,0.1149332747,0.6702456474,0.4465492666,3.337803602,2.46907258,1.473842263,3.843391418,0.7402877808,1.753727794,0.6756160855,2.560086012,1.810803413,2.845380545,1.489019394,1.164034724,1.561703682,1.353580952,2.44814086
1941,0.08353427798,0.5459255576,0.2655955553,3.321481705,2.477805138,1.401698589,4.450563908,0.303832531,1.146422982,0.3536794186,2.321683645,1.379163384,2.841525078,1.217355132,0.9218744636,1.56653595,0.8585085273,2.398041964
1942,0.09240303189,0.4997567236,0.2445450574,3.289536238,2.379792452,1.302469134,4.135534763,0.3392451704,1.148156285,0.2455605417,2.167763948,1.164479136,2.774131536,1.096310973,0.7886468768,1.564888358,0.6482691169,2.328463554
1943,0.09839015454,0.6491433978,0.3804392815,3.269981384,2.350739717,1.277670741,4.255212307,0.4202656448,1.317748189,0.5008845925,2.325628281,1.534613729,2.749960661,1.350422978,1.007103324,1.565959811,1.079980373,2.287853956
1944,0.1093525663,0.5211729407,0.2954047024,3.240732908,2.245528698,1.193397999,3.828970671,0.4258307517,1.252308011,0.2553052604,2.061384201,1.109707832,2.679873228,1.105136037,0.7614049315,1.563633919,0.6317071915,2.220636368
1945,0.1232355833,0.5075264573,0.3183107376,3.215192795,2.141909838,1.110886216,3.410203695,0.5238349438,1.401392341,0.2302770764,1.978713393,1.02669847,2.611227274,1.06618607,0.7008448243,1.562247276,0.5655135512,2.15453887
1946,0.1123758182,0.3707058728,0.4922403395,3.187149763,2.024284124,0.9658412337,3.146212339,0.4851834774,1.199000835,0.1687701195,1.689155102,0.6103679538,2.531378746,0.8075115085,0.4579568803,1.555629134,0.2256216258,2.056956053
1947,0.1336978823,0.4392125905,0.4405376911,3.166851997,1.998747468,0.882265389,3.605138063,0.5232931376,1.12895,0.1812823564,1.765078545,0.7839605212,2.506146431,0.9328267574,0.549849689,1.552717805,0.3712492883,1.982984185
1948,0.1626691222,0.4257536829,0.5095303059,3.136234522,1.924835324,0.8026809096,3.581477165,0.5786145329,1.089612603,0.188714698,1.683785439,0.7136898637,2.450128317,0.9054957032,0.5115832686,1.54896605,0.3274138868,1.907842994
1949,0.1688973159,0.4612387121,0.5242784023,3.109593153,1.902009964,0.7490286827,4.061501503,0.7429563403,0.9692473412,0.2138601094,1.683287501,0.7775227427,2.424715042,0.9680297971,0.5557821393,1.54444921,0.3986278772,1.840383649
1950,0.1810483932,0.3487262726,0.8413910866,3.05931592,1.743220687,0.6489728093,3.254343748,0.7576451302,1.020612597,0.2934746146,1.414802194,0.4425371587,2.312628269,0.7875731587,0.3920425475,1.535570741,0.1797360629,1.748238444
1951,0.1830090731,0.3994202614,0.7566464543,3.029815435,1.658642411,0.5897956491,3.082131147,0.7074747086,1.172693849,0.2580734789,1.456608653,0.5536863804,2.250413895,0.8745837212,0.4400470257,1.52968502,0.2530391514,1.6744591
1952,0.2180903405,0.3441342413,1.053749561,3.006570101,1.628346443,0.5206814408,3.684082031,1.259050012,0.9133015275,0.3792363703,1.301640511,0.3983741105,2.221017599,0.8254984021,0.4003477991,1.518733025,0.187393412,1.587540269
1953,0.1888396293,0.4593377113,0.7991215587,2.97619319,1.559369206,0.5056864619,3.495214701,0.9453417659,1.117564559,0.2975638807,1.439459205,0.6564201713,2.169369698,0.9994174838,0.5136820674,1.513406157,0.3663565218,1.531313896
1954,0.2053008229,0.4311984479,0.9232642651,2.944787264,1.441160202,0.4833772182,2.746205091,0.8657321334,1.342440248,0.3382177353,1.340137839,0.5687999129,2.088525295,0.9871205688,0.4894161224,1.506770492,0.3166122735,1.47219944
1955,0.2360141128,0.3750773966,1.183077693,2.930573225,1.414824486,0.4538336694,3.149347305,1.175170302,1.142238617,0.4406491816,1.209368587,0.4408872128,2.066206694,0.9698716998,0.4780644178,1.498216987,0.2560964227,1.406464577
1956,0.2358815074,0.3698744774,1.293417335,2.904579878,1.365822434,0.4294957817,3.275535583,1.409601808,1.12831068,0.4919374883,1.15298593,0.421490401,2.026334047,1.003488779,0.4986137152,1.489204049,0.2638063133,1.343640804
1957,0.287145555,0.3745466173,1.365700364,2.876341105,1.268783569,0.4142929614,2.719333649,1.189413428,1.296295047,0.5291098952,1.111459613,0.4224980772,1.958157539,1.048024178,0.5234058499,1.480761886,0.2823733389,1.286190033
1958,0.2829595804,0.2974834144,1.846249223,2.851851702,1.223893285,0.3823341429,2.984574556,1.78805387,1.178680778,0.7780315876,0.9408347607,0.2730843127,1.919863105,1.035996914,0.532523334,1.467084527,0.2660980821,1.215268493
1959,0.2821254432,0.3128207624,1.852676392,2.82609725,1.153314471,0.3693376482,2.784352303,1.689513803,1.265226007,0.7717868686,0.9275348186,0.3031864464,1.866990447,1.099187255,0.5706533194,1.455553651,0.2829511762,1.155118465
1960,0.2693927586,0.3125985265,1.951311707,2.803728342,1.109226823,0.3634448946,2.875590324,1.937025428,1.292320848,0.8190197349,0.8908312917,0.3071179986,1.831009388,1.154096365,0.6093046665,1.444226861,0.3015061915,1.100152016
1961,0.3007471263,0.2797181308,2.279039145,2.781508207,1.049420714,0.3623764515,2.750163794,2.186294556,1.342629433,1.007157445,0.7970520854,0.2607747018,1.785735488,1.206719875,0.6644111276,1.43196094,0.3386853039,1.044885278
1962,0.2875581682,0.2821706533,2.354481936,2.757724524,0.996360302,0.3659891188,2.648987055,2.231771708,1.404192805,1.042106152,0.7688822746,0.2729285955,1.743583679,1.267640233,0.7091138959,1.419409633,0.3563008308,0.9945983887
1963,0.3449192047,0.2628881037,2.593562603,2.733998537,0.9470434785,0.372589916,2.583946466,2.460969925,1.456212401,1.179349661,0.7058341503,0.25631845,1.703348279,1.328034282,0.7670047283,1.405606627,0.3929395974,0.945423305
1964,0.2864592075,0.2354035974,2.946543694,2.712048769,0.8715462685,0.3848116696,2.099630594,2.20776248,1.537782192,1.393311501,0.6295036674,0.2376212627,1.646833777,1.402595878,0.8512715697,1.390269876,0.4585177898,0.8966369629
1965,0.2887189686,0.2301730514,3.115819931,2.71110034,0.844181776,0.4094715416,2.202946901,2.557899714,1.605719686,1.477722764,0.6056165695,0.2541629374,1.628801703,1.495532632,0.9252894521,1.377548218,0.4890617132,0.8570928574
1966,0.285782069,0.1982572675,3.671159744,2.713824511,0.8049500585,0.4469994009,2.078775644,2.897153616,1.702362537,1.828922153,0.529468596,0.2587102652,1.604260564,1.627939343,1.067995191,1.364571452,0.6220611334,0.820114851
1967,0.2766783237,0.2520445287,3.175592422,2.721604586,0.805378437,0.4884413183,2.315494299,2.994724035,1.792535305,1.475839972,0.6196748018,0.3293281496,1.608116746,1.685435772,1.057477355,1.35972631,0.5145281553,0.8037571311
1968,0.2795403898,0.1949075907,3.945085764,2.730452299,0.7989460826,0.5455823541,2.466747522,4.162637234,1.976766229,1.979642868,0.5143921971,0.3239544928,1.607855439,1.848803163,1.243301272,1.353911996,0.6980283856,0.787276268
1969,0.2659117281,0.1774814129,4.310556889,2.722628355,0.7728969455,0.6010212898,2.282751322,4.323737144,2.082364798,2.224242449,0.474773258,0.3555204868,1.587420344,1.974440217,1.375379086,1.342559457,0.8090252876,0.7676846385
1970,0.2857569456,0.1602746397,4.695946693,2.71373558,0.7237851024,0.6589122415,1.570645213,3.209821701,2.062564135,2.481707096,0.4389962256,0.3932392597,1.547815919,2.104546785,1.533801675,1.327448726,0.9278328419,0.7475423813
1971,0.2531437278,0.1614675969,4.717559338,2.732671976,0.7356512547,0.7179229259,1.993910432,4.328005314,2.257231951,2.452673912,0.4541445673,0.4169254303,1.563574195,2.205881357,1.591410995,1.31553781,0.9013352394,0.7370980382
1972,0.2539276779,0.1873447299,4.361940861,2.726097107,0.726885736,0.7592945695,1.836081505,3.806865931,2.261907339,2.1924541,0.4986057281,0.4361334145,1.553664207,2.227239847,1.579928041,1.305085182,0.7953661084,0.7319229245
1973,0.259822011,0.1433360428,5.061528683,2.728835821,0.7202937603,0.8187785149,1.67294836,4.121395588,2.371841669,2.667159319,0.4359389842,0.4784023762,1.547474265,2.406569719,1.792017579,1.292315602,0.9984118342,0.7279750705
1974,0.2260851264,0.1434002668,5.110172749,2.745224953,0.7279191017,0.8831819892,1.586890817,4.062850475,2.447010279,2.679018021,0.4517348111,0.510258019,1.556213498,2.505689383,1.876683831,1.284631252,1.002579808,0.7353014946
1975,0.2256733924,0.1146219447,5.732549191,2.762672424,0.7392686009,0.9574030042,1.669863105,4.975301266,2.66269803,3.100718737,0.4216544628,0.5771510005,1.568722367,2.700755835,2.082758188,1.273056626,1.197911143,0.7420951724
1976,0.2228526324,0.120964013,5.632026672,2.783001661,0.7571196556,1.031578898,1.490253806,4.47345686,2.671201706,3.010414124,0.4552448094,0.6027624607,1.584113955,2.778388262,2.146043539,1.267992973,1.154628158,0.761267662
1977,0.208951816,0.08106694371,6.956059933,2.808972359,0.7733502984,1.13492322,1.446258545,5.542789936,2.943081141,3.956502199,0.4052652121,0.768414259,1.600172997,3.126250029,2.548354864,1.253005862,1.639482856,0.7753901482
1978,0.1807460189,0.07426489145,7.308181763,2.84206295,0.7989285588,1.248098135,1.685060143,7.12004137,3.34684062,4.180508137,0.4245098531,0.8411261439,1.629216194,3.308089972,2.707354784,1.240507245,1.747015953,0.7988556027
1979,0.1929421276,0.09451689571,6.39539957,2.866016626,0.8396275043,1.330582023,1.347048163,5.059422016,3.040596008,3.493048668,0.5031827092,0.7688426971,1.657245278,3.223783493,2.588672638,1.240510583,1.381157875,0.8376300931
1980,0.1882518977,0.0808781907,6.846241474,2.912098885,0.8821607232,1.425413251,1.603869081,6.757228851,3.478998184,3.804199934,0.5239370465,0.8583183289,1.704589844,3.426487684,2.773787737,1.241594791,1.540812373,0.8827245831
1981,0.1558953971,0.07232528925,7.186659336,2.941748381,0.9382522702,1.525356293,1.250249267,5.500874996,3.31067872,4.059922218,0.5529410839,0.950252831,1.741868615,3.598148584,2.98625946,1.241235256,1.688799381,0.9303075671
1982,0.1616906822,0.0630626753,7.69686079,3.004111528,1.016174316,1.64437449,1.023050904,4.356451511,3.178732872,4.414328098,0.5906606317,1.063514471,1.801465154,3.834229708,3.270741224,1.245156407,1.878100395,0.9895482659
1983,0.1788545102,0.052640412,8.184473991,3.066800833,1.077531934,1.748844147,0.9918057323,4.135002136,3.21876049,4.714315891,0.6213130355,1.147794127,1.855202079,4.062832355,3.517731428,1.238757253,2.009228468,1.037837625
1984,0.149901256,0.0483908169,8.240647316,3.124005556,1.11621058,1.829572678,1.042694569,4.71436882,3.417638779,4.67632246,0.6581186056,1.15240705,1.902381539,4.184840679,3.596843719,1.230580926,1.939264655,1.082676888
1985,0.1384596676,0.03889902309,8.888035774,3.186313629,1.146668553,1.932037354,1.254601598,7.123907089,4.064555645,5.103532314,0.6898937821,1.267842174,1.95362556,4.453342438,3.824046373,1.225226402,2.144572258,1.138090014
1986,0.1525616944,0.03720044717,8.809276581,3.220785141,1.201503754,2.016559601,1.243080616,7.171957493,4.155380726,5.03138876,0.7369158864,1.288690209,1.998278975,4.525508881,3.883886337,1.219778657,2.098044395,1.192677736
1987,0.1559154838,0.03370198607,8.984494209,3.24550271,1.256122708,2.09147191,1.194314361,7.103990078,4.205940247,5.158498287,0.7751646042,1.351433396,2.037167311,4.647449017,4.016754627,1.210191369,2.166136503,1.242518067
1988,0.1348675489,0.03089535236,9.83398819,3.296130896,1.329232335,2.213786125,1.172236681,7.710950375,4.450266361,5.79310751,0.825769186,1.548450828,2.097424746,4.966894627,4.370763302,1.20639801,2.53034687,1.312178731
1989,0.1459807903,0.02939615585,9.999632835,3.335640907,1.404190063,2.319850922,1.12214458,7.263185024,4.4115448,5.903303623,0.8771862388,1.613143921,2.151549101,5.102329254,4.524096966,1.197231293,2.584361076,1.37500751
1990,0.1234291568,0.02964078449,10.27836895,3.394714355,1.442589402,2.43714118,1.273694754,9.883198738,5.198138237,6.090967655,0.9381466508,1.700818658,2.206068754,5.282734394,4.655212402,1.194197297,2.68042922,1.450513005
1991,0.1402897984,0.02919577993,10.27341747,3.420176268,1.504931331,2.536832094,1.284421086,10.48623371,5.439445496,6.108440399,0.99954772,1.757667422,2.253920317,5.361845493,4.730836391,1.187086821,2.704924345,1.519890785
1992,0.1520445347,0.03074999154,10.25652885,3.455920458,1.600207448,2.643503189,1.214809895,9.855525017,5.35538435,6.12906456,1.074052811,1.826811433,2.321564436,5.445146561,4.835538387,1.187856078,2.742441177,1.602537751
1993,0.1642844826,0.03546046838,10.64826775,3.496263504,1.667752743,2.758989334,1.252617359,11.32129955,5.850392818,6.458742619,1.153177381,1.980209708,2.380466223,5.641759396,5.034579754,1.185191274,2.963637114,1.685568452
1994,0.1447978467,0.03978724405,10.74504566,3.53593421,1.767874599,2.880745173,1.2127496,11.11283588,5.88356638,6.576076508,1.240317225,2.085775137,2.453802109,5.757614613,5.173577785,1.186383843,3.068240404,1.777001381
1995,0.1339497417,0.04812337458,11.15907192,3.561484575,1.882801414,2.999713898,1.154174089,9.918509483,5.611512661,6.940612793,1.326444149,2.260762215,2.523382425,5.949928284,5.431701183,1.176175714,3.326580286,1.856773496
1996,0.1308820695,0.0470505394,10.9037981,3.608423948,1.98406899,3.101046324,1.16296041,9.105631828,5.446394444,6.750665188,1.393519044,2.252295971,2.597537518,5.958764553,5.451263905,1.171379685,3.210234404,1.941093802
1997,0.1454106718,0.0463247709,10.37166309,3.650409937,2.009293079,3.155704498,1.16641891,10.8807478,6.046071529,6.344065189,1.444348335,2.168308496,2.638653517,5.870933533,5.297332287,1.166340232,2.955923796,2.014842033
1998,0.1294544041,0.05833010375,11.06613445,3.67965436,2.086485624,3.253582716,1.161025643,12.11686993,6.486115932,6.945735455,1.548702836,2.429418325,2.69717288,6.145746231,5.604571819,1.159169674,3.377995253,2.097940683
1999,0.1172783449,0.07093083113,11.42724133,3.702107191,2.128960609,3.364938736,1.185614705,14.86712646,7.379135132,7.29076767,1.649557233,2.616794825,2.738291502,6.31767416,5.766685963,1.14779079,3.644860029,2.1811831
2000,0.1213446632,0.07491637021,11.17202282,3.723899126,2.269105196,3.478891373,1.14571178,12.78434086,6.827674389,7.173310757,1.747406006,2.670072556,2.824501276,6.30406189,5.808873653,1.145480275,3.631453276,2.27815032
2001,0.111277245,0.07856925577,10.84251499,3.76654315,2.387430906,3.575028181,1.163069487,11.8535738,6.616916656,6.973283768,1.836164594,2.681613207,2.909778357,6.271511078,5.798000336,1.147027016,3.544926882,2.376611948
2002,0.1064443588,0.09227206558,11.1978693,3.803414583,2.529932499,3.678809881,1.255701184,10.48207474,6.243530273,7.319892883,1.951630473,2.882392883,3.000528336,6.448370457,6.045282841,1.140072584,3.823794603,2.46810627
2003,0.1068391204,0.09156883508,10.67154217,3.863148451,2.607170105,3.753423691,1.238787651,10.7969408,6.419412136,6.925022125,2.014603853,2.798694372,3.073640823,6.350781918,5.921426773,1.141571164,3.574321747,2.56324172
2004,0.1025823727,0.1089870036,11.19964504,3.917859077,2.654289246,3.857713699,1.163274169,13.60027027,7.403398991,7.403134823,2.14644742,3.050321817,3.1318295,6.594362736,6.149279118,1.139296651,3.940014839,2.662458181
2005,0.09212195873,0.1043470204,9.895174026,3.94139266,2.795801878,3.868366241,1.311769366,10.06779575,6.288471222,6.430128098,2.16583252,2.763384104,3.218326569,6.199194431,5.78346014,1.137030602,3.331575394,2.736543655
2006,0.1072250009,0.1269436628,10.98428345,3.99448657,2.95021534,3.965111494,1.533353448,9.470747948,6.142457962,7.37456274,2.337205648,3.201791763,3.322164536,6.631257534,6.305459976,1.133357048,4.030505657,2.832061529
2007,0.08515731245,0.1447630078,11.37790298,4.057690144,3.009275436,4.075680256,1.427666306,11.11995029,6.778360367,7.718139172,2.454452753,3.39256072,3.386884689,6.833507538,6.497087479,1.126402736,4.286539078,2.928518295
2008,0.08081049472,0.154039368,11.35339832,4.110100269,3.05851841,4.1769557,1.310826182,12.80186462,7.414991856,7.738427639,2.549590588,3.466178894,3.443124056,6.886116028,6.526227474,1.118514895,4.329434872,3.022486925
2009,0.07095288485,0.1393583119,10.15055752,4.165792465,3.254577875,4.214794636,1.716360211,8.793387413,6.067192078,6.816408634,2.568778276,3.172803164,3.569870949,6.524393082,6.215432644,1.125533462,3.723970175,3.117408991
2010,0.07068320364,0.167002365,10.96672726,4.2270751,3.258692026,4.293003082,1.418040752,12.24004078,7.356964111,7.52432251,2.725541353,3.523425817,3.608780146,6.872807026,6.530632019,1.120268941,4.255304337,3.207911253
2011,0.09353310615,0.1762842685,10.85362244,4.273197651,3.37908864,4.36751318,1.552540421,11.44642544,7.133494854,7.501622677,2.82653141,3.596268892,3.695714235,6.883564472,6.574298859,1.115706921,4.294510365,3.298545122
2012,0.07872242481,0.2001146823,11.19631672,4.32365036,3.436838388,4.464313984,1.449632525,13.15977478,7.796391964,7.849103451,2.966632128,3.823608398,3.755102396,7.059501648,6.74698782,1.107951045,4.598665237,3.391995192
2013,0.08468949795,0.1882380992,10.42465115,4.372566223,3.63428688,4.518073082,1.932070136,9.548812866,6.540547848,7.280366898,3.009636164,3.662410021,3.879653931,6.828502655,6.585243702,1.107600331,4.23986578,3.482759237
2014,0.08303091675,0.1708590984,9.223503113,4.428501606,3.631314039,4.481022358,1.662368178,10.36137009,6.893386841,6.324095249,2.977133751,3.297529936,3.912350416,6.422256947,6.102412701,1.111439705,3.571519136,3.551102638
2015,0.06753639132,0.1807780713,9.106483459,4.468239307,3.708656073,4.447510719,1.769835472,10.04349422,6.812058926,6.313391209,3.066693544,3.372660875,3.975676298,6.409671783,6.104381561,1.111442685,3.63215518,3.612010956
2016,0.08065262437,0.2003482133,9.375448227,4.537398815,3.807006836,4.476342201,1.85703671,10.36778164,6.992643833,6.616855621,3.216275454,3.598485231,4.063828945,6.566236496,6.277683258,1.123531222,3.922924757,3.703631163
2017,0.0636306107,0.2007169724,8.792429924,4.600938797,3.87934804,4.467414379,1.884246469,10.13715839,6.956651211,6.203220367,3.265971184,3.490987539,4.136674404,6.384400845,6.082969666,1.136015654,3.678346634,3.782473326
2018,0.07420833409,0.2150255442,8.830127716,4.662502289,3.965167284,4.475868702,1.971484661,10.23957348,7.046312332,6.319811344,3.3888762,3.634631395,4.214934349,6.443421841,6.152377605,1.146720171,3.838565826,3.861586809
2019,0.06615799665,0.2479123622,9.469356537,4.722738743,4.00460434,4.540761948,1.806880593,12.45397091,7.941572189,6.946824551,3.587079763,4.024989605,4.27013731,6.742006779,6.442556858,1.150553823,4.392077446,3.947669744
2020,0.05499055982,0.2664372027,9.534432411,4.764593124,4.14708662,4.609679699,2.153969288,11.0620451,7.453372955,7.100337982,3.721343994,4.199561596,4.366213322,6.802953243,6.559468746,1.146991014,4.599168301,4.025276184
2021,0.0530292578,0.2308148146,8.068512917,4.808959961,4.152414322,4.570127487,1.974762321,10.8429985,7.405836582,5.91555357,3.625807762,3.687816381,4.396306038,6.236593723,5.942687511,1.149920583,3.737617493,4.076940536
2022,0.05282972753,0.2504095733,8.266493797,4.844207287,4.201784611,4.565914631,1.993974686,11.49061108,7.691038609,6.18970108,3.768681288,3.921931028,4.443953037,6.343652248,6.057874203,1.148203492,4.045377254,4.130329609
2023,0.07613369823,0.2589541376,8.004836082,4.905825138,4.376144409,4.586301327,2.558097839,9.143658638,6.799938202,6.063276768,3.868088961,3.963415146,4.565557003,6.274777889,6.047977924,1.161786675,4.039524555,4.208827972
2024,0.07665631175,0.2472601384,7.23130846,4.951368332,4.34831953,4.53262949,2.239430428,10.05991554,7.207355976,5.464984417,3.84538269,3.723447084,4.578639507,5.969008923,5.689930439,1.166279912,3.628457308,4.250504017
2025,0.06156362966,0.2452724576,6.597818851,4.994640827,4.308686256,4.455719948,1.91047442,11.48535252,7.812036991,5.014653683,3.860342741,3.57793355,4.585895061,5.712865353,5.382357121,1.175927281,3.362351418,4.287652969
2026,0.04974169657,0.25395751,4.954486847,5.027923584,4.3097229,4.260629654,1.934932113,9.722248077,7.126941204,3.715252876,3.717945814,2.97800231,4.609149456,4.959139824,4.604103565,1.193534732,2.447519302,4.292107105
2027,0.05865444615,0.2632233202,5.584473133,5.063980579,4.329730988,4.184998989,1.932430148,11.34998035,7.817384243,4.396618366,3.963540077,3.481374741,4.643476963,5.282660007,4.926054478,1.206865191,3.123534441,4.321154118
2028,0.05102745816,0.2797180116,4.936833858,5.102632046,4.429934025,4.09067297,2.36216855,9.050143242,6.899887085,3.950530291,3.988921404,3.347930908,4.718940735,4.989744663,4.665694714,1.225391388,2.882427216,4.34579134
2029,0.04040738568,0.2902728319,5.172594547,5.142979145,4.483587265,4.049355507,2.552414894,9.145331383,6.967655182,4.2724967,4.157748222,3.645841837,4.769977093,5.126598835,4.812576294,1.237139821,3.268779755,4.374696732
2030,0.03162791207,0.2993737459,5.042394638,5.187336922,4.56162405,4.024841785,2.880532026,8.25560379,6.612508297,4.254703999,4.252481461,3.738081694,4.834504604,5.085425854,4.790606022,1.249704719,3.360094786,4.407240391
2031,0.03122579865,0.3103984296,5.007917881,5.245533943,4.647792339,4.029092312,3.2055161,7.603832245,6.358081818,4.310041904,4.364841938,3.86871314,4.908990383,5.097656727,4.819042206,1.268168211,3.503931761,4.454043865
2032,0.03698947281,0.3183098137,4.993383408,5.298980713,4.672913074,4.041186333,3.1802876,8.063857079,6.594933987,4.372284889,4.465740204,3.992008924,4.949757099,5.11700201,4.826105595,1.281273484,3.643564939,4.49532938
2033,0.04238110408,0.308875531,4.268406391,5.335347652,4.71024704,3.985724211,3.420696259,6.789232731,6.036031246,3.77556324,4.39554882,3.694512129,4.988027096,4.763639927,4.47781086,1.289680719,3.19340539,4.506198883
2034,0.04390703514,0.3139622509,4.286277294,5.381549835,4.696308613,3.963910103,3.244311094,7.697602749,6.479026318,3.866051912,4.49446249,3.834115744,5.00481987,4.794947147,4.482536316,1.302239418,3.360654116,4.530891895
2035,0.04162750766,0.3091697693,3.817229986,5.416809082,4.646255493,3.907267809,2.948214769,8.400473595,6.814952374,3.502423525,4.473888397,3.678393364,4.997952938,4.561131954,4.214427471,1.311667085,3.118652344,4.537440777
2036,0.04716238379,0.3196181953,3.695152998,5.461378574,4.730878353,3.878308058,3.41662097,7.207236767,6.299691677,3.477597952,4.562652588,3.766439199,5.065049648,4.516030788,4.191215515,1.328149199,3.20674324,4.559319019
2037,0.05499802157,0.3279034197,3.735034227,5.50139761,4.779522419,3.868000031,3.694753647,6.84337616,6.151639462,3.592556,4.671031952,3.932977676,5.11054039,4.557200909,4.237384319,1.338177323,3.411497116,4.577382088
2038,0.04595819116,0.3129302561,2.008987188,5.523250103,4.65964365,3.655187607,3.273632765,5.682857037,5.602729797,1.975273728,4.233577251,2.825802088,5.058559418,3.525179625,3.176082611,1.352644444,1.932323337,4.529620647
2039,0.05481146649,0.3060125411,2.212538004,5.560422897,4.711391926,3.539860487,3.788319826,5.143354416,5.349583149,2.257993937,4.406704903,3.143531799,5.103497028,3.678869247,3.333333254,1.374700189,2.317939997,4.516340256
2040,0.05674284324,0.3207229674,1.411125541,5.591413021,4.677054882,3.342082977,3.918192625,3.890707016,4.696935177,1.513266444,4.20951128,2.621356487,5.098631382,3.125849485,2.780348063,1.402942538,1.651280999,4.475823879
2041,0.05106733367,0.2884538174,1.947484374,5.610361099,4.727254868,3.252603531,4.630540371,3.641119957,4.565189838,2.127809763,4.474440098,3.205855608,5.132982254,3.52633214,3.17611289,1.411084771,2.379685163,4.441212654
2042,0.06352950633,0.2766530812,1.834750772,5.631921291,4.644805431,3.177874565,4.287927151,4.273751736,4.926577091,2.054806471,4.479269505,3.199261904,5.099040985,3.45956111,3.070612669,1.423285842,2.36954689,4.414293766
2043,0.09346585721,0.2732503712,1.962296486,5.654397488,4.630922794,3.14181304,4.40908432,4.429270267,5.021085739,2.238016844,4.582513332,3.412195921,5.1016469,3.558108568,3.149228096,1.432034492,2.641762495,4.394414902
2044,0.07728391141,0.2666619718,1.849144936,5.680408478,4.590967655,3.112459898,4.291898727,4.690611839,5.172506809,2.162101984,4.593929768,3.408583879,5.092099667,3.492756844,3.06012845,1.443902135,2.631883621,4.379797459
2045,0.09590908885,0.2428088039,1.09932971,5.701840878,4.627564907,2.990030527,4.999671459,2.551942587,3.950391769,1.389253259,4.327512264,2.789592028,5.119258404,2.937892199,2.542475462,1.462965012,1.849016786,4.338551044
2046,0.08454232663,0.2578941882,1.552025199,5.737325668,4.581758022,2.977221489,4.733474731,3.795192719,4.711472034,1.927152753,4.588150978,3.332547426,5.11052084,3.305909395,2.857056856,1.486551762,2.520894289,4.338127613
2047,0.07535589486,0.2587083578,1.547469616,5.758347988,4.600506783,2.960463285,5.123136997,3.293495417,4.432232857,1.955762267,4.626462936,3.407881975,5.129113197,3.311781883,2.860002518,1.496789336,2.617573261,4.319679737
2048,0.06688617915,0.2088217735,0.6079939604,5.756065369,4.433124065,2.779316664,4.474167824,2.784522295,4.12275362,0.891569674,4.141557217,2.408921957,5.036283016,2.507428408,2.049253941,1.507236481,1.41170454,4.240392685
2049,0.0584358871,0.200424239,0.4427934885,5.768348217,4.379607677,2.612021208,4.643923283,2.327266455,3.834242105,0.7113842964,4.072255611,2.265366316,5.009759903,2.322901487,1.856260777,1.530711532,1.251355052,4.175210953
2050,0.05876393244,0.1919240355,0.5659989715,5.778994083,4.351381302,2.507316113,4.942304611,2.328435659,3.840149641,0.8957718015,4.200496197,2.535207987,4.996728897,2.469129324,1.97198379,1.54773581,1.561843753,4.120088577
2051,0.04975730553,0.1756145954,0.2865238786,5.775787354,4.261688709,2.343111277,4.965801716,1.740056515,3.42595768,0.5214533806,3.975341558,2.117620707,4.943068504,2.103206396,1.608668327,1.562436461,1.104601741,4.036096096
2052,0.03533408418,0.16437006,0.3160997927,5.775247574,4.178548813,2.222977877,4.940392017,1.914485574,3.553101301,0.5738191009,4.017934799,2.232229233,4.894407749,2.14167285,1.611248612,1.577665329,1.23825407,3.964168549
2053,0.03581218049,0.1544211656,0.2309558541,5.77438736,4.151102543,2.098088503,5.430132389,1.256462455,3.039054632,0.4353063405,3.925934553,2.080291033,4.874966145,1.98272264,1.456029296,1.596430421,1.08119297,3.89054203
2054,0.0395052433,0.168250978,0.3957079947,5.779821873,4.085456371,2.056227446,5.307021618,1.826658845,3.491699457,0.7074231505,4.121841908,2.490008831,4.839101315,2.241074562,1.656884193,1.617143989,1.543973327,3.848339796
2055,0.1295951158,0.1390642524,0.2066503018,5.765882015,3.985802412,1.936079979,5.260997295,1.32984364,3.096022367,0.3570469916,3.844394684,2.010198832,4.774750233,1.878199935,1.304750562,1.626354098,1.029842734,3.760884523
2056,0.1529188305,0.1333823204,0.2182240486,5.755170345,3.923708916,1.8397578,5.470301151,1.175830722,2.95541501,0.3515208662,3.826429129,2.026987314,4.732236385,1.862131,1.267476916,1.638782144,1.061030507,3.683769941
2057,0.1571791768,0.1164794341,0.197365284,5.731397152,3.806621313,1.701999307,5.384902954,0.9339053035,2.70503068,0.176402688,3.607971191,1.694636941,4.652789593,1.611911416,1.019008875,1.646998405,0.7401123047,3.582467318
2058,0.1701522022,0.1199484393,0.2270406932,5.719791412,3.740226507,1.623366475,5.491060734,1.026635528,2.792239428,0.2513463795,3.686834335,1.882756829,4.606936455,1.715564251,1.083159447,1.665199161,0.9391312599,3.512916327
2059,0.1290592253,0.1226942316,0.2488776892,5.707323551,3.686939955,1.559550405,5.683598042,0.9229912758,2.677991867,0.2532381713,3.672817945,1.904514313,4.568120956,1.71026516,1.059427381,1.68348074,0.9730699658,3.447975874
2060,0.130245775,0.1112261042,0.2810274065,5.681082249,3.587732077,1.473484397,5.624473572,0.8403000236,2.564739943,0.1813294888,3.539859056,1.738534093,4.497860432,1.596386313,0.9356622696,1.691282868,0.822417438,3.361209154
2061,0.1101800129,0.09142395854,0.4118789136,5.644882202,3.493898392,1.342288017,5.863320827,0.5698766708,2.102805138,0.08471976966,3.275495529,1.364498734,4.424732685,1.351140976,0.7114636302,1.695632577,0.4900042713,3.249699831
2062,0.09639868885,0.08566717058,0.6572266221,5.59500742,3.300330162,1.184417486,5.219577789,0.625412643,2.153182745,0.09674432129,3.036109209,1.05873394,4.288128853,1.146664023,0.5136222243,1.701711535,0.2608015835,3.124821901
2063,0.08042436838,0.07937398553,0.8708944321,5.551848888,3.205299377,1.032124281,5.635771275,0.5858622193,1.809256196,0.1475455016,2.908056974,0.9357993007,4.20868969,1.067113996,0.4328010976,1.704647422,0.1899343282,2.993267775
2064,0.07026099414,0.08689343184,1.338029385,5.489773273,3.052587271,0.8605424762,5.69508934,0.7400596738,1.541507244,0.3256081641,2.676427841,0.6897498965,4.087194443,0.9206573963,0.3067271709,1.700588703,0.07586056739,2.839095354
2065,0.07253454626,0.06028004363,1.140462518,5.433469296,2.934675932,0.7578684688,5.774665833,0.73360461,1.657090783,0.2130249292,2.751382828,0.8670137525,3.989335299,1.041418195,0.3653537929,1.703329444,0.1719916612,2.719021559
2066,0.06658092886,0.05555449054,1.071064949,5.379672527,2.806617022,0.6914246678,5.546234131,0.7325059772,1.836580873,0.1765665561,2.775935173,0.9816786647,3.887896776,1.121203184,0.3970743716,1.707003713,0.2613644302,2.616136789
2067,0.1005023196,0.05063901469,1.27993238,5.326156616,2.65515995,0.6227785349,5.119588375,0.7822486758,1.93843317,0.2371380925,2.654909134,0.8836441636,3.772781372,1.090662837,0.3547711074,1.705334663,0.2089006305,2.505786657
2068,0.1104745269,0.06267473847,1.122431159,5.288402557,2.601335764,0.5952587128,5.437138081,0.8128616214,1.947505951,0.1799206138,2.746454954,1.090058804,3.721269608,1.213542581,0.4210210741,1.712863445,0.3755207956,2.427358389
2069,0.09770357609,0.05307877064,1.397901177,5.23797369,2.496846437,0.5522706509,5.277044296,0.8523880839,1.865115166,0.2539995909,2.585733414,0.914068222,3.634403467,1.139477372,0.3605297506,1.719017386,0.251857996,2.340312958
2070,0.09071192145,0.04404057562,1.889417291,5.179781437,2.405018806,0.4853989184,5.462526321,1.048577905,1.585615993,0.439168185,2.368454695,0.672914207,3.55014801,1.042079568,0.2988432944,1.720611215,0.1112881675,2.235708237
2071,0.07842437178,0.04360629246,1.934106231,5.117934704,2.282890558,0.434189707,5.202751637,1.023717761,1.68706429,0.4373407662,2.330427647,0.6935751438,3.447348356,1.077488542,0.307777524,1.720860481,0.1320915222,2.137882471
2072,0.06787955016,0.0396390669,2.519592047,5.051979542,2.208630323,0.3663330972,5.733615875,1.591362357,1.366156936,0.6993048787,2.123659134,0.4946626723,3.369848251,1.026363969,0.2904140055,1.714700699,0.05483664945,2.023358583
2073,0.05954962969,0.04013613239,2.439328194,4.974936008,2.109674215,0.3226027489,5.695078373,1.570103049,1.400032401,0.6326818466,2.115241528,0.548504293,3.27356267,1.066288471,0.3026074171,1.718840122,0.07816588134,1.931727052
2074,0.06890223175,0.03782046959,2.9112854,4.893674374,1.941121101,0.2709046602,4.987246037,1.481312633,1.506923079,0.8569421768,1.94644928,0.4190143049,3.13447547,1.064058423,0.318266958,1.707358003,0.04886924848,1.819398522
2075,0.05777606741,0.04197596386,3.564255953,4.81606245,1.827696323,0.2140089124,5.00567627,1.884889007,1.394960999,1.189688802,1.777797818,0.290802151,3.02673912,1.062615275,0.3515040874,1.699171901,0.05203155056,1.705304742
2076,0.05788618326,0.04586871341,4.035875797,4.730789661,1.711644769,0.1631018966,4.993356228,2.219416618,1.348131537,1.425776124,1.663167357,0.2297740579,2.913332939,1.087763548,0.394459486,1.690136433,0.07506062835,1.591076255
2077,0.0554141365,0.04231372476,4.169644356,4.643380165,1.608021736,0.1263871342,5.013476372,2.399323702,1.341538072,1.458552361,1.611271501,0.2265882045,2.806512833,1.12119782,0.4203602076,1.684111595,0.07147658616,1.487361312
2078,0.04473757744,0.06172546744,5.041143894,4.542978764,1.488279939,0.08841653913,4.963796139,3.021712303,1.290846944,1.956523538,1.453055024,0.1418067962,2.68287468,1.161180019,0.5147436261,1.671714187,0.1654374152,1.372146249
2079,0.04728856683,0.0339653492,4.029941559,4.458858967,1.391008735,0.07699961215,4.728854656,2.229598522,1.422141433,1.286193013,1.567058682,0.2809860408,2.582784414,1.188442349,0.4447364509,1.668280005,0.044416219,1.292101979
2080,0.04755210876,0.04061079398,3.657394409,4.389167309,1.324568629,0.07543620467,4.779819012,2.148082972,1.477363706,1.044378161,1.598570466,0.3760951459,2.510349035,1.242975712,0.4413545132,1.660355091,0.05806945637,1.222810626
2081,0.04775370657,0.03269781172,4.411883831,4.30821085,1.229297519,0.06829132885,4.556605339,2.505165815,1.45117414,1.446007729,1.4193753,0.2354010344,2.414004326,1.283316731,0.5331332088,1.647008538,0.05406820402,1.142168522
2082,0.0479747355,0.03588494286,4.29643774,4.23281908,1.155323386,0.06496671587,4.474859715,2.459169149,1.489895821,1.346671104,1.398945212,0.2653748691,2.333577156,1.324921131,0.5468568802,1.637552857,0.05052018166,1.073446751
2083,0.04869981483,0.05639560893,3.841478586,4.165590763,1.113798857,0.0671492666,4.659619808,2.453317404,1.518192887,1.071998477,1.443037629,0.3728145063,2.278859377,1.364325166,0.5251110196,1.631825089,0.07739745826,1.02099216
2084,0.04454835877,0.03145987168,5.266947269,4.076060772,1.028063416,0.06157303229,4.530017376,3.435365438,1.468270302,1.877595901,1.166942954,0.1373235285,2.184756517,1.437162995,0.7090260386,1.614291191,0.09951401502,0.9431986213
2085,0.04793019593,0.04514069855,4.572449207,3.993272066,0.9713216424,0.06016507372,4.46157217,2.991603851,1.503208518,1.440605044,1.225713849,0.2325271368,2.112425804,1.43334806,0.6425392628,1.611877799,0.05557205155,0.8913197517
2086,0.04008689895,0.03444962204,5.51974535,3.90191102,0.8940668106,0.05792254582,4.314466,3.643485308,1.503373623,1.987437725,1.050337315,0.1149031818,2.022648811,1.511837363,0.7910667062,1.595991731,0.1099329367,0.8224115372
2087,0.04547643661,0.04602031037,4.98436594,3.823950529,0.8322408199,0.06245660782,4.174820423,3.253281355,1.549386859,1.639103532,1.073381543,0.1776558012,1.950281262,1.530330062,0.7540906072,1.581162453,0.06723216921,0.7680121064
2088,0.04865692928,0.03608829901,6.064929962,3.730261564,0.7682800293,0.06314724684,4.178013325,4.23482132,1.566253304,2.281793356,0.902870357,0.07651715726,1.867409706,1.630227685,0.9328804016,1.565393806,0.1623877138,0.7037269473
2089,0.04807236418,0.03845881298,5.934571743,3.641651154,0.7052881122,0.06973389536,4.077812672,4.203564644,1.598712325,2.174821138,0.8708632588,0.08478543162,1.788770556,1.663716793,0.949018538,1.546178818,0.1362218112,0.6456232667
2090,0.04924932495,0.03842617571,6.584722042,3.546414614,0.6447417736,0.07916963845,4.091268539,4.999839306,1.666651249,2.566734552,0.765709877,0.05355553702,1.708246231,1.761426568,1.086773276,1.5238868,0.2237830162,0.5842875838
2091,0.04868780449,0.06587079912,5.291258812,3.458128214,0.5995019078,0.07899280638,3.881783247,3.829480886,1.62057209,1.755472779,0.856005013,0.1390647292,1.642081857,1.662825108,0.8994195461,1.519384027,0.07458784431,0.5493662953
2092,0.04391086474,0.05693792179,5.778287411,3.371518373,0.5437915921,0.08430125564,3.56948781,3.919113159,1.639121175,2.045763254,0.7563408017,0.08862954378,1.569068551,1.728507996,1.008764863,1.505065084,0.1089258268,0.5076960921
2093,0.03917662799,0.08257967979,5.269644737,3.301436663,0.5195159912,0.08863204718,3.720436096,3.975739717,1.666252136,1.732127786,0.7721763253,0.135701105,1.526103616,1.71981895,0.9502581954,1.491781831,0.07726537436,0.4759449065
2094,0.04071255773,0.07804103941,5.563220978,3.225553513,0.4889737666,0.09847322851,3.747773886,4.514605045,1.725565791,1.909691453,0.6933350563,0.1029493883,1.476902962,1.784332275,1.032369852,1.475004077,0.09832382202,0.4439539909
2095,0.042532783,0.1013001576,5.238827705,3.145467758,0.4568938315,0.1012982726,3.604319811,4.248234272,1.724515319,1.72712183,0.683930099,0.1285768151,1.425283074,1.775581002,1.004083157,1.46291244,0.08715900034,0.4177206457
2096,0.04089384153,0.06280543655,6.403303623,3.054335833,0.4118117392,0.1122710109,3.402718306,5.145107269,1.812279105,2.451075792,0.5257250071,0.04500214756,1.357928276,1.920893073,1.243227363,1.443409324,0.2023748755,0.3803248107
2097,0.04236979783,0.06204845011,6.751142979,2.971128702,0.3765573502,0.131861493,3.412290573,5.805483341,1.915717721,2.672696352,0.4616307318,0.04094290361,1.300970078,2.005379915,1.348557115,1.418982863,0.2628727853,0.3441800177
2098,0.05685741827,0.1009016633,5.894654751,2.906363726,0.3498699665,0.1564016789,3.129245996,4.796838284,1.862371445,2.134957314,0.4945798814,0.07530302554,1.258532524,1.96058476,1.247297764,1.400346398,0.1551416069,0.3272924423
2099,0.05451190099,0.0804682225,6.661177158,2.827141523,0.3243820369,0.1748483628,3.185262442,5.926246166,2.016057253,2.62870574,0.3983528614,0.05334016681,1.210334778,2.091411829,1.429801464,1.377724171,0.269200325,0.2993278801
2100,0.06171603128,0.0920156315,6.543532848,2.750237703,0.289100945,0.1973554641,2.731554985,5.142250538,1.957015038,2.564097881,0.3720529079,0.05917819217,1.155040145,2.116936445,1.463931441,1.354996681,0.2612683177,0.2779861391
2101,0.05791993439,0.1452250481,5.614016056,2.691314459,0.2853814363,0.2034254819,2.979290724,5.162822247,1.988303542,1.991243958,0.4144078791,0.09312542528,1.132737279,2.026741743,1.301314116,1.339119315,0.1545397639,0.2659867704
2102,0.06200991571,0.1173322797,6.224407196,2.610592604,0.2680288255,0.2145080119,2.981564283,6.115266323,2.129625082,2.398193598,0.3290272951,0.06686546654,1.090883255,2.126223326,1.451470375,1.32062161,0.2366438657,0.2484583408
2103,0.06125896052,0.1393822432,5.960855007,2.539398193,0.2561354637,0.231794402,2.879505157,6.007762432,2.146609068,2.259695053,0.3166225851,0.07755055279,1.057261825,2.121073246,1.438697338,1.301634192,0.2198793441,0.2393072397
2104,0.0589655377,0.1605512053,5.715524197,2.465556383,0.2378032953,0.2406629175,2.483244658,5.18104887,2.048070431,2.140057087,0.3023741245,0.08557480574,1.016842961,2.104030848,1.429103374,1.28453517,0.2076939344,0.2304864377
2105,0.06437905878,0.1095739901,6.978309155,2.397437096,0.2270805389,0.2725677788,2.600378752,7.121723175,2.380465508,2.982902527,0.2044520378,0.1049940214,0.9836981893,2.337045431,1.739512086,1.258319378,0.4504131973,0.2166356593
2106,0.07476534694,0.1743746847,5.744464874,2.329670668,0.2208188176,0.2831780016,2.510950089,6.039273739,2.228957891,2.208085299,0.2469292432,0.09297484159,0.9556031227,2.160876274,1.502673626,1.240520835,0.2421760112,0.212106958
2107,0.06403587013,0.1806118339,5.743697643,2.264995813,0.219281137,0.2979686558,2.530893564,6.522090912,2.336019278,2.24693656,0.2228510827,0.1002906859,0.9326925874,2.184042692,1.535140038,1.222202897,0.2664868236,0.2103018612
2108,0.06007179618,0.2052503377,5.458744526,2.193471432,0.2126131505,0.3039377034,2.286426544,5.964812756,2.255606651,2.112998247,0.2154349536,0.1073163971,0.9026686549,2.146067381,1.504133344,1.205749154,0.2510595322,0.207678616
2109,0.07432189584,0.1777611822,5.944581509,2.132218599,0.2083994895,0.3286007941,1.918613434,5.800626278,2.25458622,2.468157053,0.1691296697,0.1237923801,0.8754563332,2.254880905,1.667799115,1.185056686,0.3610299826,0.2082907706
2110,0.05961191654,0.2012994885,5.668943882,2.081632376,0.2095824927,0.3450436592,1.859999776,5.717689991,2.265449286,2.32017684,0.1691164821,0.1290570349,0.8581417203,2.230553865,1.637318015,1.16609025,0.3325498402,0.2094984204
2111,0.06789518148,0.2563369572,5.075918198,2.040845156,0.2189459801,0.3558770418,1.885520935,5.545040131,2.264379263,1.978561044,0.1939842701,0.1401733309,0.8522157669,2.152360916,1.529250622,1.151245117,0.267534405,0.2182445675
2112,0.09487061948,0.1482587308,6.916965485,1.972388387,0.2135530114,0.3956718445,1.692268729,7.263444424,2.611721277,3.253812551,0.1088000908,0.2495383769,0.8197452426,2.51530242,2.015745878,1.123084426,0.712639153,0.2137314826
2113,0.1053140387,0.1680634171,6.592592716,1.906133294,0.2099466175,0.4258755744,1.657938361,7.257918835,2.626512289,3.059794188,0.1085015014,0.237363264,0.7910367846,2.463034391,1.964491487,1.098444939,0.6451097131,0.2099585682
2114,0.09533282369,0.1829152852,6.394054413,1.85056591,0.2138230354,0.4616611004,1.752577782,7.921428204,2.793893099,2.958783388,0.1102732643,0.2428413182,0.7738729119,2.447233438,1.945565581,1.072913527,0.6227141023,0.2140709013
2115,0.09254017472,0.2183210403,5.830690861,1.7863307,0.2175109833,0.4810815752,1.735526443,7.740617275,2.774244308,2.621834993,0.1177840754,0.2179315835,0.7538358569,2.340744257,1.830386281,1.051164746,0.5127481818,0.2183493823
2116,0.09404482692,0.301990658,4.79490757,1.725912452,0.2243507504,0.4724310338,1.397508025,5.716123104,2.351340055,1.990526199,0.1441530585,0.1761774272,0.736313045,2.124458075,1.597800851,1.036154866,0.3259340823,0.2235090733
2117,0.08745852113,0.3132727444,4.676469326,1.679181933,0.2298502475,0.4670211375,1.434792161,6.133659363,2.451158762,1.965740561,0.1424153894,0.1858418733,0.7263457179,2.10103631,1.580560565,1.020956159,0.3362734318,0.2296000719
2118,0.08554393798,0.3731007874,4.133962631,1.636052012,0.2395906448,0.4550869763,1.371041417,5.656097412,2.359387636,1.673977971,0.1636553854,0.1866539717,0.7208433747,1.987885833,1.456991792,1.008143425,0.2814082801,0.2390046865
2119,0.08242275566,0.2250685543,5.977564335,1.575815201,0.2481449097,0.4973715842,1.178177476,7.526967525,2.792116404,2.992612123,0.1231306568,0.3715804517,0.7014381886,2.397254229,1.984511375,0.9810994267,0.8036612868,0.2451126128
2120,0.1064700112,0.3500007689,4.324247837,1.545670509,0.2680123746,0.5055556893,1.052955747,5.448654652,2.343031406,1.889297128,0.1559856981,0.2273334265,0.7050148845,2.043329477,1.575071335,0.9662661552,0.3732709587,0.2626113892
2121,0.08961311728,0.314773947,4.665626049,1.514765143,0.2926317155,0.5257236958,0.7575299144,4.80199194,2.213057518,2.171281099,0.156080544,0.2824026644,0.7067577243,2.136191607,1.718576312,0.9478037953,0.4982154369,0.27833125
2122,0.1105732322,0.2949651778,4.953568935,1.482234001,0.2941693068,0.5432927012,0.889013052,6.145214081,2.540617228,2.409781933,0.1585444361,0.3365849555,0.6984395385,2.209116936,1.803189754,0.9281563759,0.6145509481,0.2848795354
2123,0.1089828834,0.3197499514,4.707395554,1.440959334,0.3047472835,0.5559907556,0.7825269103,5.692435741,2.438212395,2.285175085,0.1672175974,0.3334803581,0.6894734502,2.149646521,1.756625772,0.9095716476,0.582156539,0.2919017375
2124,0.1194317564,0.2969302237,5.088680744,1.406636238,0.3136862218,0.5883338451,0.8260313869,6.825781345,2.732447386,2.603175879,0.181907773,0.420180887,0.6836981773,2.252214432,1.882971287,0.8859615922,0.7544843554,0.3034281433
2125,0.1065279022,0.3570464551,4.351311684,1.37163198,0.3255647719,0.5987352729,0.8030959964,6.242929935,2.600991964,2.126040697,0.1916482002,0.3459959328,0.6803913116,2.072949171,1.690190673,0.8672385216,0.5568056703,0.3152337372
2126,0.1241026521,0.3579213917,4.367733955,1.338200212,0.3399336636,0.6172020435,0.7876871228,6.645633698,2.718810081,2.193788528,0.2086268216,0.3857513964,0.6793122888,2.082757473,1.716151595,0.8472455144,0.6169462204,0.3299981654
2127,0.1147685573,0.3183596432,5.041670322,1.303709388,0.3596403301,0.6671610475,0.763954699,7.927330017,3.07207942,2.746531248,0.2474090904,0.5526185632,0.6796505451,2.270240307,1.944918275,0.8209394813,0.9361894727,0.3499824107
2128,0.1360491365,0.3732205331,4.324304104,1.265383601,0.381993264,0.6883306503,0.6344524026,6.599555969,2.739328623,2.273874521,0.2530374825,0.4638400972,0.6795349121,2.083871365,1.764187336,0.7996408343,0.7192024589,0.3653417528
2129,0.1118070483,0.4752463102,3.328858137,1.242576599,0.3956836462,0.6750324368,0.6361912489,5.701854229,2.515188217,1.616491318,0.2621570528,0.3452878892,0.6841220856,1.816322803,1.47203958,0.7854021192,0.4405541122,0.3805786669
2130,0.09749770164,0.4281992614,3.759141684,1.210333705,0.4146558344,0.6861696243,0.560652256,6.228784084,2.6662848,1.986899734,0.2887032032,0.4560940266,0.6855362058,1.934014678,1.628392816,0.7666039467,0.6459622979,0.3949546814
2131,0.1255959421,0.5080533028,3.089569092,1.182008147,0.4229594469,0.6699280739,0.5484333634,5.633499146,2.5085392,1.56210041,0.2961789668,0.3804391921,0.6841591001,1.737636685,1.423588395,0.7528010011,0.4709448814,0.4038942754
2132,0.1367290616,0.4351516068,3.813580275,1.161140323,0.4452073574,0.707429111,0.5484244227,7.208974838,2.965548754,2.156139612,0.3483389318,0.5728180408,0.6929033399,1.95591867,1.677825809,0.7313668132,0.8177318573,0.4281387329
2133,0.1529265195,0.5147923231,3.047942162,1.144258618,0.4995246828,0.7175418735,0.3303128779,4.301301479,2.159960508,1.644622803,0.3586933613,0.466257304,0.7179726958,1.738471985,1.484580517,0.7162632942,0.5769997239,0.4521892965
2134,0.1691708565,0.5347878337,2.861539125,1.138153195,0.5075790286,0.7154338956,0.3603426516,4.740774632,2.302298307,1.550715804,0.3784025609,0.4660694301,0.7248628736,1.687551379,1.428128242,0.7011211514,0.5538264513,0.4684155285
2135,0.1882333905,0.450810343,3.733179331,1.138153195,0.5601721406,0.771990478,0.2864352167,4.961904049,2.39355588,2.265437841,0.4592919648,0.727727592,0.7549392581,1.974703789,1.770107865,0.6790652871,1.006729603,0.5012268424
2136,0.1898934096,0.428286463,4.223139286,1.139942288,0.5723444819,0.8429624438,0.3280238807,6.964388371,3.01117444,2.688192368,0.5300326943,0.9117004275,0.7661041617,2.146043539,1.944007277,0.6509611011,1.310023427,0.5310307145
2137,0.1448237151,0.6489289403,2.089354753,1.140626669,0.5922310948,0.8052697778,0.3255458772,4.118606091,2.177775621,1.096810222,0.4541760683,0.4228799343,0.7830953598,1.469011307,1.221284032,0.643019855,0.3955105841,0.5505948663
2138,0.1798114926,0.5787073374,2.424021959,1.140626669,0.6102929711,0.8040609956,0.3426791728,5.230484486,2.538772583,1.394804358,0.5033929944,0.5433324575,0.7987926602,1.591858506,1.358622432,0.6308190227,0.580008924,0.574798882
2139,0.1416561753,0.6388103962,2.029344559,1.142139554,0.6355210543,0.7912878394,0.3400598466,4.794361115,2.423296928,1.155710101,0.5306179523,0.5071520209,0.8192312121,1.460925221,1.229518056,0.622556448,0.4867218733,0.5993990302
2140,0.1744350791,0.5949199796,2.243590117,1.147182345,0.6897659302,0.8074324727,0.3013253212,4.299812794,2.28764987,1.375639319,0.5907283425,0.6241728067,0.8549663424,1.549629569,1.3497715,0.6122553945,0.6541900039,0.6313183904
2141,0.1522792727,0.5315793157,2.728423357,1.162851334,0.7106013298,0.8578164577,0.3266825974,6.231637478,2.929432631,1.809851646,0.6765158772,0.8332263827,0.8782157302,1.741518497,1.544218063,0.5965960622,0.9794712067,0.6697371006
2142,0.1579825729,0.5048870444,3.236026764,1.169426441,0.7523300648,0.9379227757,0.3226650357,7.454359531,3.343086958,2.288747549,0.7848841548,1.088187218,0.9081644416,1.938600183,1.759338737,0.5745309591,1.37795496,0.712524116
2143,0.1385182887,0.6541912556,1.850381017,1.182874203,0.8287072182,0.9418587685,0.3344351351,3.584411621,2.117235422,1.203113675,0.7256832123,0.6849176288,0.9590438008,1.445760608,1.28677237,0.5691435933,0.6504858136,0.7491839528
2144,0.1223671436,0.6811320186,1.634699345,1.200218081,0.8616297841,0.9291458726,0.3629072905,3.148891449,1.982601762,1.074384332,0.7566685677,0.6703953147,0.9876511097,1.368903756,1.215423584,0.562504828,0.5997930765,0.7754284739
2145,0.1379316747,0.5266966224,2.862841368,1.230631232,0.8986124992,1.012144446,0.3536338508,5.668981075,2.877945662,2.143805742,0.9341136813,1.19113338,1.024191022,1.873026967,1.73138082,0.5438254476,1.428294778,0.823497355
2146,0.1105510816,0.5802810192,2.19333744,1.261536837,0.9678199887,1.059445739,0.4221834242,3.998505831,2.344703436,1.610252738,0.9261250496,0.9927404523,1.077825189,1.64251101,1.51584518,0.5346886516,1.050922155,0.8711733818
2147,0.1607335657,0.5949009061,1.986146927,1.29508388,1.00556457,1.092107296,0.4298813343,4.055715561,2.396457195,1.471066117,0.9633758068,0.971721828,1.116232276,1.581117511,1.452890038,0.5269867778,0.9788407683,0.9150535464
2148,0.1616995186,0.5874826312,1.977594376,1.331284523,1.062380791,1.131874442,0.4837646186,3.898768187,2.372824907,1.505757213,1.028817296,1.038128853,1.16568768,1.601758957,1.483321309,0.5205364227,1.046050429,0.9630996585
2149,0.1301417351,0.5471308231,2.315863371,1.372775435,1.095463395,1.200614572,0.4464714229,5.407030582,2.946095228,1.842109799,1.14023459,1.257081151,1.205529809,1.771131873,1.64542675,0.5102136731,1.359177709,1.017413974
2150,0.1297087073,0.5444235206,2.409638405,1.414775372,1.183808208,1.282803416,0.5591543317,4.739192486,2.751899481,1.973475099,1.23433435,1.385861278,1.274313092,1.840686798,1.739009857,0.5004611611,1.518665791,1.078442574
2151,0.1435153037,0.6528465748,1.382096887,1.448454499,1.218302131,1.268933654,0.5855566859,3.285137177,2.237122297,1.096726894,1.154457688,0.9685768485,1.310655594,1.397324443,1.295341849,0.4999754429,0.8228602409,1.115694046
2152,0.09965013713,0.6017456651,1.609423995,1.479095936,1.276266456,1.284574509,0.7026863098,3.239001274,2.242017984,1.342422128,1.2496773,1.150882721,1.357446074,1.525881171,1.43722713,0.4934894145,1.07048893,1.15363729
2153,0.1464954466,0.6303072572,1.318201184,1.515796304,1.300017476,1.282374144,0.6793756485,3.232606173,2.265239239,1.115375161,1.26786387,1.068031073,1.389036536,1.398826718,1.305693269,0.4929977357,0.9117241502,1.191763997
2154,0.191276148,0.5326828361,2.092517853,1.562352657,1.357056141,1.363621712,0.7073683739,4.752801418,2.88493824,1.8737818,1.467778563,1.55733645,1.442933202,1.797627091,1.703127384,0.4838756025,1.633685112,1.249969482
2155,0.159417823,0.5348448753,2.068134069,1.608649611,1.426250815,1.443421364,0.7914400101,4.529668331,2.838627815,1.889692903,1.540590882,1.62215507,1.502983212,1.814643025,1.730903983,0.474753499,1.691341996,1.308484674
2156,0.1034355983,0.6223831773,1.164201498,1.641531587,1.484435678,1.426073074,0.9720077515,2.470998526,2.028024912,1.071326971,1.441433549,1.176528811,1.550236583,1.376208663,1.31316483,0.4738206863,0.973497808,1.341006875
2157,0.08444514871,0.6233894229,1.032340169,1.675871253,1.538828969,1.403495789,1.173567891,1.837765098,1.755521417,0.9795460701,1.474740624,1.160087228,1.595358849,1.313821435,1.262599587,0.4747369289,0.9235329032,1.37142694
2158,0.1424270719,0.5335276723,1.428114057,1.72854507,1.602002501,1.447255135,1.300790191,2.256911039,1.981057286,1.390174747,1.617759228,1.467616677,1.653745532,1.562732697,1.512712002,0.4753014147,1.3475703,1.424666047
2159,0.1109468341,0.5256375074,1.290816307,1.775881886,1.674050212,1.472988009,1.553394914,1.642831445,1.708456039,1.277953267,1.648022532,1.43258667,1.713772655,1.509488463,1.473012567,0.4761002064,1.263504505,1.470765591
2160,0.09495962411,0.5299927592,1.071138024,1.818363547,1.684652686,1.472387314,1.419642091,1.790718079,1.804504752,1.078244328,1.652034402,1.330150247,1.73963511,1.398416042,1.351892114,0.4801560342,1.086135268,1.509739995
2161,0.1109147966,0.4653045833,1.321427703,1.870665193,1.719026446,1.512268543,1.368361354,2.495980263,2.168914557,1.351781726,1.768243194,1.554699302,1.782788873,1.569399238,1.511602521,0.4829598367,1.386691213,1.561080813
2162,0.07444319874,0.453915149,1.22698915,1.923327088,1.776900887,1.545308709,1.481800437,2.259722233,2.087166071,1.28408885,1.815281034,1.553574562,1.838286996,1.538467765,1.485568881,0.4883180857,1.350190759,1.612282753
2163,0.07892484218,0.4919907153,0.8577805161,1.966605663,1.786240935,1.528664231,1.369194388,2.148689032,2.056350708,0.9339249134,1.791079879,1.345809937,1.863486886,1.31774497,1.261890054,0.4982661903,1.020459294,1.648846149
2164,0.1204546466,0.3874206245,1.381919861,2.033063412,1.870679975,1.602420449,1.551947236,2.804369688,2.399661779,1.509769082,2.000337124,1.81264019,1.939757705,1.678110242,1.616129041,0.507214129,1.663654208,1.716702461
2165,0.114512451,0.3651612997,1.432001948,2.093973875,1.960110188,1.673993468,1.8216573,2.383794546,2.235966682,1.587813973,2.085174799,1.914050102,2.015715837,1.734626412,1.684975028,0.5114764571,1.777738452,1.778545976
2166,0.1274325848,0.3476883471,1.379858971,2.159478664,2.018134356,1.741641521,1.847354531,2.45510745,2.30437541,1.55235815,2.142235041,1.930699229,2.077296495,1.733751655,1.682585716,0.5196290612,1.763547778,1.84362185
2167,0.1185424328,0.3407631218,1.206859708,2.220717907,2.103301048,1.786068439,2.133030653,1.798714519,2.002656221,1.392344952,2.169090509,1.859402061,2.150749445,1.655779839,1.619882584,0.5302370191,1.619784236,1.902716279
2168,0.125737384,0.3377193511,1.019089341,2.27928853,2.143777132,1.806529999,2.111590147,1.737631202,1.996789336,1.209639907,2.184280157,1.761380196,2.199377298,1.556614876,1.519535422,0.5457648635,1.442835212,1.95764482
2169,0.1152186096,0.2654589415,1.804840684,2.350321054,2.235889673,1.919483781,2.337373972,2.486154318,2.417661428,2.063738585,2.454916239,2.41976428,2.281400681,2.05957365,2.014145136,0.5480518937,2.391139746,2.031111479
2170,0.1578231305,0.3563621938,0.6827010512,2.388426065,2.283796072,1.8625983,2.611072302,0.8350980282,1.46879673,0.8660680652,2.19608593,1.545719504,2.323200941,1.337075591,1.325817704,0.5640905499,1.088929772,2.058438301
2171,0.1082794368,0.23152107,1.367726803,2.449791431,2.356523514,1.929229379,2.805974722,1.451358676,1.908935547,1.634256005,2.45329833,2.183322668,2.390307188,1.852104783,1.826458812,0.5729665756,1.972115517,2.119636059
2172,0.1403504163,0.2065893859,1.567034125,2.509855509,2.413539171,2.009586811,2.85574317,1.675649047,2.066493273,1.849742293,2.551825285,2.361237764,2.448877096,1.997160316,1.966734886,0.5775111318,2.210126638,2.181135178
2173,0.1688198596,0.1886918992,1.890770912,2.588075399,2.524454832,2.12876749,3.225228071,1.57611692,2.042869806,2.192578077,2.692113638,2.629490137,2.544060707,2.215746641,2.195796967,0.5857564211,2.578896523,2.261891603
2174,0.1349651664,0.1760738939,1.92567873,2.662894249,2.545428991,2.237869978,2.814941406,2.350624084,2.503841639,2.216714621,2.746056318,2.658305407,2.591670752,2.269216299,2.224415541,0.5942328572,2.587703466,2.34036088
2175,0.1465493292,0.1636989266,1.928304076,2.740050316,2.594489574,2.33962512,2.662441015,2.813909769,2.776836157,2.222251892,2.807976484,2.690812826,2.654375315,2.305777788,2.24873209,0.6044502854,2.596986055,2.41908288
2176,0.1805122644,0.169311285,1.064073086,2.79432106,2.668642282,2.315095425,3.004401207,1.344425797,1.986382484,1.312552452,2.624570608,2.048873186,2.718100309,1.790472984,1.761944413,0.6235652566,1.624672532,2.463987112
2177,0.1426983327,0.1574089378,0.9932088852,2.841075897,2.688622475,2.282667875,2.955645323,1.420110703,2.054373741,1.251535535,2.654357433,2.032162189,2.750144243,1.756833434,1.721009612,0.6415127516,1.578133941,2.501466751
2178,0.1481771469,0.1263473928,1.204729438,2.892742395,2.69916749,2.291953802,2.762620926,2.126971483,2.492423058,1.504287124,2.776544571,2.269625902,2.779937506,1.928794861,1.870531082,0.6556929946,1.88929224,2.546296835
2179,0.1350781322,0.1157573685,1.156208634,2.944924116,2.806832075,2.299520254,3.400015116,1.28769505,2.011274099,1.474275231,2.822996378,2.287283182,2.860274553,1.917094588,1.882958531,0.6706445813,1.887389183,2.589689016
2180,0.1329952031,0.1176747382,0.9320397377,2.989753008,2.800136566,2.275275946,3.128298044,1.433168054,2.124975443,1.233963847,2.794286013,2.116879225,2.877543211,1.769225717,1.723388672,0.6911885738,1.626494408,2.626081228
2181,0.1895491034,0.1008602306,1.973327041,3.062298536,2.91511178,2.399626732,3.567442656,2.133648872,2.573623896,2.397576571,3.177874804,3.056653976,2.972136259,2.476501703,2.420511246,0.7001003623,2.960109949,2.701239347
2182,0.1986697912,0.08065066487,1.20817256,3.111772537,2.92250371,2.411304951,3.345175982,1.691576004,2.33813405,1.560127616,2.985087633,2.434813261,2.999448776,2.020051241,1.965547562,0.7163518071,2.024268389,2.745192289
2183,0.1484043449,0.09889174253,0.7586347461,3.147288561,2.982863665,2.344090223,3.820025682,0.7736759186,1.700234413,1.064598441,2.86926198,2.046462297,3.046412706,1.68700695,1.658432961,0.7364006042,1.469627023,2.763418913
2184,0.1932365447,0.06701337546,1.511531472,3.205233335,3.025312424,2.413088083,3.783483505,1.641219497,2.347007275,1.927091002,3.174599648,2.783749819,3.096474409,2.260148764,2.201503754,0.7510219216,2.484186411,2.821042776
2185,0.2054206878,0.06756293029,0.8982735276,3.241933823,3.069510698,2.378266096,4.063006878,0.8208551407,1.777234197,1.242070198,2.999349594,2.243974447,3.136190414,1.841303229,1.804510117,0.7702332139,1.703252673,2.846206903
2186,0.1688270569,0.05631789193,1.019019365,3.28393364,3.038260221,2.374907494,3.560674667,1.502758384,2.292164564,1.388976097,3.0801754,2.389944077,3.139770508,1.951846123,1.883117676,0.7913324833,1.888120055,2.881898165
2187,0.167506516,0.09024705738,2.059496641,3.362991095,3.140785217,2.519657373,3.837894201,2.440651417,2.881073236,2.559418917,3.481362581,3.345824242,3.231184721,2.659420252,2.570272684,0.8068628311,3.238653183,2.964063644
2188,0.1978669018,0.04955823347,1.279000521,3.414680481,3.152975082,2.545505524,3.644804001,1.922212005,2.607895613,1.697533011,3.271060944,2.695325136,3.261977196,2.19174552,2.107815981,0.8259778619,2.266852617,3.008938074
2189,0.1661599725,0.04864661023,0.890086174,3.458625078,3.18953681,2.509853363,3.815124512,1.317569613,2.240557671,1.269160748,3.176182985,2.366172791,3.30089879,1.919222832,1.847609162,0.8504240513,1.789601207,3.036576509
2190,0.1778254062,0.0674694255,0.5985173583,3.489639282,3.175905466,2.42110014,3.716924429,1.102005124,2.098573923,0.9373057485,3.092687607,2.09004879,3.306651354,1.669189095,1.597658515,0.877166748,1.409778953,3.044378996
2191,0.1902117729,0.05044974014,0.9507247806,3.53459239,3.261079073,2.423213243,4.296064377,1.075128078,2.096806288,1.386929989,3.300048113,2.545545578,3.371700287,1.999668956,1.923567772,0.8994397521,2.001119375,3.075414419
2192,0.1927401274,0.05365588143,1.033183932,3.577407122,3.304603815,2.441354752,4.477919579,1.049708009,2.094409227,1.492160439,3.367465258,2.657908678,3.414511919,2.080626726,2.00117135,0.9212533832,2.141388655,3.110292435
2193,0.1809446812,0.0666834712,0.5917704105,3.602345467,3.262376785,2.373929739,4.10882616,0.9177109599,1.999780297,0.9651868939,3.201050758,2.190498114,3.402966261,1.70970571,1.628563523,0.9484913945,1.502213478,3.118510008
2194,0.1626933962,0.1972096413,0.2248543501,3.597950935,3.240100145,2.162050962,4.458423615,0.2843454182,1.21483171,0.4305091202,2.946358442,1.5560323,3.384555101,1.12092793,1.079426765,0.9740822315,0.7527448535,3.067234039
2195,0.1666924208,0.0804714933,0.5950759053,3.619252443,3.233780622,2.139817953,4.430595875,0.7765814662,1.886376262,1.017243147,3.264380693,2.307782888,3.390282631,1.72769177,1.628880024,0.9952059388,1.647140145,3.073003769
2196,0.2181352228,0.1202132404,0.3453126848,3.630351305,3.168706179,2.060982704,4.027057171,0.7624748349,1.878136277,0.6877892613,3.142752886,1.976808548,3.358870745,1.443521142,1.342458129,1.020991445,1.219703555,3.05979228
2197,0.1247667149,0.1148273125,0.411242485,3.653020144,3.195858002,2.022982597,4.371592999,0.6848988533,1.815923095,0.8062787652,3.228093386,2.148157835,3.381902695,1.546943665,1.437511086,1.04642868,1.426130652,3.058097124
2198,0.2039255351,0.1073715165,0.7007042766,3.686518908,3.203479767,2.058678389,4.306659222,1.18138063,2.236701727,1.207501531,3.416024446,2.581981421,3.401040316,1.859065652,1.714905739,1.069761395,1.990332484,3.081260443
2199,0.2501480877,0.1624299139,0.2511053979,3.69530797,3.16881156,1.976035476,4.245949268,0.5879558325,1.736906171,0.5836004615,3.166180372,1.929558158,3.383963823,1.337429404,1.224814534,1.095703125,1.143605828,3.060424089
2200,0.202067256,0.145164907,0.397623688,3.719477892,3.2299335,1.964957237,4.874927521,0.4985051155,1.649046421,0.8337762952,3.315600157,2.262726784,3.426146507,1.5679425,1.443963408,1.122686267,1.552532554,3.06511569
2201,0.1953122765,0.1705708951,0.294085294,3.728326797,3.16116643,1.926831365,4.351154327,0.6839983463,1.845958114,0.6837422252,3.259161234,2.105644464,3.392091751,1.435482979,1.298863411,1.150104642,1.350015044,3.058079004
2202,0.203833282,0.182309106,0.3024583757,3.746344566,3.157282591,1.903457642,4.415697575,0.7036340237,1.871952891,0.7137839794,3.297826529,2.171844721,3.396472931,1.46073401,1.313456535,1.177459955,1.427826524,3.054706573
2203,0.2286405712,0.2123928517,0.2179123759,3.755387306,3.127625227,1.855679512,4.352161407,0.6261225343,1.801157832,0.5834383368,3.250061035,2.035425901,3.382403612,1.332749248,1.185758591,1.203008533,1.255272269,3.038053513
2204,0.2345640063,0.2089466304,0.3688883781,3.78390336,3.16602397,1.876397014,4.669015884,0.7280964255,1.910059571,0.8498417735,3.408242464,2.389766932,3.414897203,1.571650147,1.400905252,1.233341217,1.697614074,3.051673889
2205,0.1533159614,0.2564820051,0.1635145992,3.786154747,3.127615929,1.818266869,4.573966026,0.4560819566,1.628034592,0.4986255467,3.243142843,1.968694687,3.392836332,1.242490292,1.094132543,1.259658337,1.166480303,3.029244184
2206,0.1825615913,0.2579651773,0.209198758,3.795197487,3.083722353,1.796530843,4.316748619,0.7651569843,1.948212624,0.6081405282,3.319279909,2.147729635,3.371477127,1.354768753,1.174742699,1.284408331,1.385432243,3.017534494
2207,0.2482266277,0.3132296503,0.1146942377,3.792212248,3.134795427,1.719041705,5.280918121,0.2237560302,1.164781332,0.3841164112,3.193541288,1.839015841,3.39453125,1.097938538,0.9609162807,1.305884004,1.015901208,2.978503466
2208,0.1876401156,0.2825503945,0.3513419628,3.799896479,3.1232903,1.757045746,5.180816174,0.5063365102,1.693171501,0.8677933812,3.451562881,2.499480486,3.392262697,1.571448445,1.370969772,1.325972319,1.848084807,2.98330307
2209,0.2463662475,0.3139418662,0.6250257492,3.82400775,3.140336275,1.847808242,5.146691799,0.8277993798,2.014362574,1.262324452,3.614955187,2.912785292,3.413649797,1.862782598,1.629847527,1.346015334,2.410758972,3.010618925
2210,0.2281779796,0.3047213852,0.2136427909,3.825155973,3.103848696,1.831677318,4.940076351,0.4592607319,1.649124503,0.6262848973,3.336507082,2.21178937,3.393827438,1.39093399,1.193563581,1.369246483,1.477464318,3.00009346
2211,0.198932752,0.3259305358,0.3388153613,3.841483831,3.063555956,1.860960007,4.504417896,0.9721844792,2.140426874,0.8411049843,3.446853638,2.48144722,3.379297972,1.574656487,1.336625934,1.3947891,1.827139258,3.009037971
2212,0.1986014247,0.3493403494,0.4185448587,3.862141371,3.07257843,1.904646039,4.539385319,1.108978152,2.255028963,0.9671285152,3.513846159,2.637558699,3.393285513,1.67491138,1.419803023,1.415459633,2.03402853,3.019366264
2213,0.2189250737,0.3610565662,0.3820245266,3.879971743,3.052812338,1.936511993,4.329213142,1.282251477,2.389158487,0.9120995998,3.498990774,2.591140032,3.390286684,1.641312003,1.37538147,1.43560791,1.971309304,3.025499582
2214,0.2144712955,0.3615085185,0.2141428441,3.894105196,3.151459932,1.922240853,5.455866337,0.3102681935,1.484039664,0.6371380687,3.382229567,2.289396524,3.448736906,1.426175594,1.208662152,1.459592462,1.575356007,3.018370628
2215,0.1966797858,0.3998244107,0.3829746544,3.903823137,3.072820902,1.957293868,4.60597086,1.052897334,2.230215311,0.9133999944,3.507041216,2.612272978,3.411628962,1.652542591,1.379673123,1.481968284,2.002702713,3.027716875
2216,0.169109866,0.3849435747,0.08931991458,3.892844439,3.048758507,1.855459571,4.8586483,0.3046309948,1.471117377,0.3206708133,3.172459364,1.833037972,3.391120195,1.113979697,0.899266541,1.498680472,1.031757832,2.980681419
2217,0.177052781,0.4055269957,0.1141078696,3.889302492,3.041162252,1.804531574,5.081665516,0.3133299351,1.483169198,0.41249457,3.236930609,2.00497961,3.383838654,1.222126603,0.9873068929,1.521743774,1.241056323,2.955572128
2218,0.1754459888,0.523198843,0.6416790485,3.911779165,3.058867693,1.905982375,5.040277004,1.078710556,2.253043413,1.299864292,3.661831617,3.055999517,3.405021667,1.914080024,1.596181273,1.539631724,2.626302242,2.982407331
2219,0.2159427404,0.5449810028,0.6744065285,3.931525946,3.105644226,1.999737859,5.338550568,0.869222939,2.095497131,1.330739975,3.668447495,3.075897217,3.44058609,1.949255586,1.637393475,1.554866195,2.656140566,3.005625963
2220,0.183530882,0.4956325591,0.4091332257,3.936816216,3.070810318,2.027011871,4.989019871,0.7923749089,2.032631159,0.9260157943,3.478676558,2.633697748,3.425236464,1.693009973,1.391427398,1.572124124,2.062291145,3.008513689
2221,0.2111663073,0.503973186,0.3837065399,3.941611528,3.072918653,2.040537357,5.084792614,0.6842281222,1.938163161,0.8748068213,3.441533089,2.570423126,3.428981781,1.664713383,1.3626405,1.587007999,1.98686409,3.004706144
2222,0.19975622,0.4939584732,0.2874620855,3.943664551,3.10502553,2.027269602,5.563049316,0.3331667483,1.548256874,0.7084217668,3.346303225,2.371177912,3.447333574,1.546936512,1.264187694,1.605970979,1.735094666,2.995716095
2223,0.2772641182,0.4830112457,0.2047819644,3.930697441,3.045880079,1.98058188,5.214841366,0.3642973006,1.584677696,0.5468779802,3.231222153,2.153141499,3.410037279,1.419581056,1.132911325,1.623268247,1.472001195,2.972726583
2224,0.2417148352,0.5594845414,0.3798384964,3.932042122,2.984263182,1.99252975,4.656769276,0.9511095881,2.162633657,0.8362383842,3.365460157,2.498859882,3.378220797,1.653810501,1.318106055,1.639520764,1.924967408,2.968249559
2225,0.2578645051,0.5240311027,0.231604442,3.933933258,3.003609896,1.958805442,5.059710026,0.4574101865,1.702587724,0.5761857033,3.219226837,2.18592906,3.388914347,1.457385063,1.145706058,1.658483982,1.531101823,2.95051074
2226,0.2329065353,0.6192857623,0.4319399297,3.942450285,2.971061945,1.987738609,4.718220234,0.9747614861,2.185967207,0.9020784497,3.377613068,2.571716309,3.376039505,1.71230042,1.356861591,1.677960277,2.034865856,2.954462051
2227,0.2306771278,0.7061279416,0.6275556684,3.957232475,3.03884697,2.051130056,5.324739456,0.7552242279,2.010288,1.181095004,3.499771357,2.868308306,3.420128107,1.909108162,1.550868392,1.692966819,2.435225725,2.966865301
2228,0.2272364348,0.5317292213,0.1795796901,3.938141584,2.9545784,1.969542623,4.863048077,0.4314814508,1.67472589,0.4285784662,3.065356493,1.952609062,3.366013765,1.356274128,1.03067863,1.705170631,1.275415063,2.927902937
2229,0.2409147471,0.516153276,0.1338820457,3.923257828,2.902264357,1.868938565,4.78190279,0.3551796377,1.567358017,0.295137912,2.946608305,1.746921897,3.329720736,1.224851727,0.8996893764,1.721537709,1.044890285,2.884000063
2230,0.3302671015,0.6345816255,0.2988078296,3.921734095,2.948340178,1.85748136,5.461528778,0.326397866,1.524649739,0.6315475702,3.150538683,2.222226858,3.353933096,1.529729247,1.178566456,1.73728621,1.632409453,2.867889404
2231,0.2649875581,0.5237062573,0.1362656802,3.887725115,2.915095568,1.74241066,5.772002697,0.2100667357,1.007904887,0.2232496887,2.816197157,1.594015718,3.320106506,1.151321411,0.8376169801,1.745426178,0.9014313221,2.80765605
2232,0.3088074923,0.6266992688,0.2465767413,3.858044386,2.733629942,1.704438806,4.241846085,0.8222823143,2.021886587,0.4806531966,2.957252741,1.96809864,3.210234642,1.409398437,1.015350819,1.752194047,1.362515569,2.770302773
2233,0.2849267423,0.5424790978,0.1673320681,3.840842962,2.71124959,1.603527188,4.596419811,0.3452379704,1.484294772,0.2085278779,2.714877367,1.526926994,3.188587427,1.138898849,0.7730148435,1.759190559,0.8631461263,2.710262299
2234,0.2619557083,0.5722596645,0.1890276223,3.82069397,2.635671616,1.527767181,4.328513145,0.4818410575,1.658183455,0.2381192446,2.708545685,1.573857307,3.137288809,1.174584031,0.7824848294,1.768164992,0.9315188527,2.658717394
2235,0.2929569483,0.5434359312,0.2069015056,3.799279451,2.600951195,1.428966641,4.584345818,0.3074240685,1.357400894,0.139505744,2.569562435,1.358145118,3.106763124,1.04460752,0.661963284,1.777208328,0.7098371387,2.596979856
2236,0.3255012333,0.5372251272,0.2477693707,3.7701931,2.574583054,1.324210167,5.001989841,0.2889815867,1.072559953,0.09733370692,2.467294216,1.225447297,3.07727623,0.9669850469,0.5903406143,1.786651015,0.5868391991,2.530638933
2237,0.2924005091,0.5555893183,0.2689047158,3.732051849,2.543678522,1.232753396,5.402560711,0.391089052,0.9074392319,0.1003969088,2.420369148,1.210313797,3.04214859,0.9682683945,0.5858145356,1.793437362,0.5885741711,2.463955641
2238,0.3010864556,0.5879241824,0.2737927735,3.687103271,2.385946035,1.163622499,4.315533161,0.3719157279,1.373036742,0.1289272159,2.403216839,1.260753274,2.935928106,1.015989184,0.5931153297,1.798002601,0.6607411504,2.401678324
2239,0.3464552462,0.5245096684,0.4519868791,3.650794268,2.283531904,1.044999599,4.119314194,0.3670799732,1.198476911,0.0760699138,2.163334608,0.9056531787,2.860780954,0.8205496669,0.4141083062,1.795823455,0.3372054994,2.311920404
2240,0.3206750453,0.5969779491,0.369934082,3.625107527,2.318250418,0.9888579249,5.167109966,0.487005502,0.9402869344,0.1115308031,2.262971163,1.141050816,2.866908789,0.9680280685,0.5355408788,1.801481247,0.573032856,2.251955271
2241,0.3259449303,0.5792959332,0.4502721727,3.575229645,2.199458838,0.9196458459,4.609299183,0.4654997885,1.051558614,0.1033272743,2.136214972,1.003998041,2.779359102,0.9163966775,0.4731209576,1.799104095,0.4611083269,2.177990913
2242,0.3307646811,0.5401014686,0.6417515278,3.527357101,2.100445032,0.8254733086,4.401818752,0.5704918504,0.9708682895,0.1188877225,1.951054215,0.7664259076,2.701416016,0.8000962138,0.3671818972,1.796708941,0.268930167,2.092861176
2243,0.3104032278,0.5572165847,0.6753050685,3.484484911,2.020647764,0.7502191663,4.369068623,0.6216394305,0.9874331355,0.1317704022,1.908800125,0.7731134295,2.636604548,0.8286390305,0.3750269413,1.792221665,0.2917791605,2.011346579
2244,0.3086341321,0.5459957123,0.8283846974,3.437747002,1.959488869,0.6719737053,4.608828068,0.9013547897,0.8554887772,0.174678728,1.793162823,0.6624580026,2.580151558,0.7930577397,0.3404073715,1.786594033,0.2222987413,1.926067948
2245,0.3143972456,0.5561685562,0.8811576962,3.38453126,1.884506822,0.6066429019,4.644904137,1.037933826,0.8415548205,0.193630293,1.731805325,0.6425719857,2.513839722,0.807967186,0.3422478735,1.780686975,0.2238356322,1.844761848
2246,0.292088896,0.5442451835,1.060745835,3.324219704,1.727451801,0.5371005535,3.706222534,0.7586446404,1.036857724,0.2607016265,1.609318137,0.5307274461,2.397529602,0.7727329135,0.3031000793,1.774011731,0.1632011682,1.759688377
2247,0.3107562959,0.5689863563,1.044667602,3.288491964,1.675199151,0.4906955063,3.92577529,0.8877914548,1.010085583,0.2501944602,1.600022316,0.5814418197,2.350745201,0.8308003545,0.3340153694,1.766211033,0.2107001394,1.683182836
2248,0.3758351803,0.6243395805,0.9095872045,3.251164198,1.596962333,0.472856909,3.623800993,0.751908958,1.201846361,0.2147248387,1.652365208,0.7291167378,2.28962636,0.9291501641,0.3890655041,1.761916041,0.3416210115,1.624819398
2249,0.3295238316,0.5770540237,1.190260053,3.212550163,1.585893989,0.4350188971,4.299544811,1.328128219,0.9146733284,0.3028568327,1.488918781,0.5368134379,2.265160322,0.8669854999,0.350656867,1.756171227,0.2062215805,1.556238174
2250,0.351336956,0.5774483085,1.274194121,3.157176256,1.516222596,0.4006806612,4.233343124,1.448065758,0.9188592434,0.3383178711,1.415764213,0.4970010817,2.201283216,0.8755143285,0.3537956178,1.748796463,0.1937660426,1.488147378
2251,0.3612713516,0.583363235,1.322795033,3.102558851,1.391354561,0.3725916445,3.386521101,1.013516545,1.112716794,0.3608517647,1.358162284,0.4801090658,2.105932951,0.8961141706,0.3604325056,1.740692616,0.1968052536,1.423058867
2252,0.3477983475,0.6134729385,1.274432659,3.069958448,1.329231143,0.3595223427,3.228796721,0.9677149653,1.208376765,0.3421341479,1.362751126,0.5445218682,2.055468559,0.9573786855,0.3926903903,1.733273149,0.2551253736,1.367528915
2253,0.3959893286,0.6001196504,1.414726853,3.040228605,1.306306601,0.3462444842,3.587334633,1.284831405,1.096900821,0.3981144726,1.289652824,0.4954378605,2.029115677,0.9783617854,0.4097003639,1.724539161,0.2357193679,1.311851382
2254,0.360668689,0.5376001596,1.867110372,2.99720645,1.22885561,0.3170205355,3.384226561,1.569544792,1.077086568,0.612085402,1.108801723,0.3149248064,1.964963555,0.9592422843,0.4159718454,1.71105063,0.1577740908,1.243437886
2255,0.3528973758,0.5532600284,1.854347825,2.962081909,1.154177308,0.3028233349,3.087376833,1.409101963,1.181017637,0.6009505391,1.091781139,0.3484723568,1.905942559,1.01979959,0.4517708719,1.698760033,0.1863368154,1.18435061
2256,0.3485392034,0.541300714,2.038648605,2.940113783,1.119013667,0.2979993522,3.270930052,1.77797699,1.178979397,0.6930975914,1.029100418,0.3259370923,1.875954628,1.080274582,0.5008249879,1.686895967,0.2004628181,1.129872084
2257,0.3348155916,0.5156756639,2.337116957,2.917469025,1.06168592,0.2986555099,3.115332365,1.975399137,1.240145087,0.8556202054,0.9403745532,0.2793979943,1.83273983,1.146561623,0.5653265119,1.675047517,0.2190268636,1.07727623
2258,0.3614015579,0.4963846207,2.599122047,2.88258338,0.980424583,0.2905192375,2.674468279,1.822858334,1.323940754,0.9981632829,0.8600023389,0.2413679808,1.768610954,1.199352026,0.6207875609,1.659035087,0.2378325462,1.019707203
2259,0.372920841,0.486946255,2.795630693,2.86457324,0.9655193686,0.2932031751,3.134477615,2.601428747,1.335083008,1.098602176,0.8112857938,0.236425519,1.751980186,1.27654326,0.6817621589,1.643623233,0.2645207047,0.9681589603
2260,0.3518031836,0.4423766434,3.476195574,2.830701828,0.9092290998,0.2960531414,3.087328911,3.336024046,1.418317318,1.516272545,0.6749764085,0.1731866151,1.703333497,1.369337082,0.8004814982,1.623228908,0.3653554618,0.909265697
2261,0.3729636371,0.4669832289,3.182066917,2.789398193,0.8582963943,0.3038664162,2.952375412,3.019328356,1.463545442,1.31722784,0.6984356046,0.2192153484,1.65516603,1.411557794,0.8077360988,1.605670571,0.323585242,0.8617036343
2262,0.3592132032,0.4381062984,3.618322372,2.750788927,0.8013746142,0.3164694309,2.720769882,3.217775583,1.52902019,1.586883664,0.6086776853,0.1916651279,1.603622794,1.493836999,0.9071671963,1.585360169,0.3965416849,0.8128811717
2263,0.383354187,0.4279485941,3.82261014,2.727970123,0.7529852986,0.3434045613,2.466282606,3.133704185,1.602979064,1.706682563,0.5696989894,0.2032309175,1.563547134,1.586947441,0.9963026047,1.566872001,0.4419184625,0.7730650306
2264,0.3214463294,0.4059919417,4.278957844,2.708410978,0.7435033321,0.3743121624,2.975965261,4.745601654,1.804918766,1.991129875,0.5054915547,0.2087277621,1.549811721,1.706362367,1.111785889,1.54534626,0.5419096351,0.7325538993
2265,0.3293459713,0.4259826243,3.895707369,2.673142195,0.6717335582,0.4083491266,1.97524488,2.719908953,1.727719665,1.735991478,0.5374336243,0.2456133962,1.488721728,1.735964298,1.125383615,1.529064178,0.4712030888,0.7064490318
2266,0.3106098473,0.4055747986,4.202161312,2.668279409,0.6782700419,0.4446131289,2.499486685,4.064291,1.88191843,1.91472435,0.4991066754,0.255713284,1.491747856,1.846524835,1.220055223,1.511629701,0.5299088359,0.6822724342
2267,0.3186388016,0.3913535178,4.381387234,2.648180008,0.6649364233,0.487383604,2.532697916,4.538623333,2.00489974,2.031285763,0.4724014699,0.2758919895,1.475570083,1.939378262,1.307848811,1.495242715,0.5805535913,0.6642506719
2268,0.3027313948,0.4028615952,4.208384991,2.636108637,0.6673791409,0.5369865298,2.62415123,4.808532238,2.118654013,1.922771096,0.4955536127,0.3160984814,1.473742843,1.999564171,1.339685798,1.485466003,0.56747967,0.6609478593
2269,0.2703992724,0.3409229815,5.057054043,2.613888502,0.6551730037,0.5969880819,2.509664536,5.762577057,2.332135201,2.509258032,0.4043201506,0.3441188037,1.457071185,2.184412241,1.567109704,1.468289971,0.7997274995,0.6508154869
2270,0.2738487422,0.3313872516,5.153503418,2.59847188,0.6516985297,0.6633973122,2.401358128,5.896504879,2.440126181,2.583279848,0.402033776,0.3829633892,1.44863379,2.280832052,1.660390258,1.453437686,0.848172009,0.6490259171
2271,0.2723181248,0.3125911653,5.411726475,2.578791142,0.6351678967,0.7294819355,1.813606381,4.764223576,2.343649626,2.773390055,0.3866821229,0.4283502996,1.426376343,2.395133972,1.802996635,1.43549633,0.9469011426,0.6469254494
2272,0.258675307,0.2975126207,5.646318436,2.580542564,0.6378430724,0.7975441813,1.707726836,4.870821953,2.438996077,2.926272154,0.3827370107,0.4708165228,1.426167488,2.518119097,1.927889228,1.416966796,1.019413352,0.6483184695
2273,0.2953055799,0.2971369326,5.580053806,2.575169802,0.643820405,0.8515885472,1.783465385,5.274272442,2.569055319,2.865737915,0.3955587447,0.4876822531,1.426994205,2.577254534,1.966721654,1.397383332,0.9905158877,0.649467051
2274,0.2472681254,0.2977614105,5.498066425,2.574603796,0.6576499343,0.908949852,1.710241437,5.199330807,2.627367973,2.807816744,0.4157241285,0.5130975842,1.434125066,2.637045145,2.014353037,1.382995963,0.9738174081,0.6620828509
2275,0.258166343,0.283631891,5.645515442,2.560946226,0.6636587977,0.9538587928,1.521605134,4.93723917,2.633323431,2.915486574,0.4118828773,0.5453145504,1.429314256,2.718616247,2.108687162,1.363790393,1.027142763,0.6679052711
2276,0.240974471,0.2463291436,6.225791454,2.565484762,0.6825731397,1.023074627,1.976881385,7.50141573,3.193669558,3.326709986,0.3956222534,0.6232598424,1.44650209,2.903189898,2.28646946,1.344675422,1.225823998,0.6820195317
2277,0.2540341318,0.2532703876,5.980315685,2.535709381,0.6941191554,1.073332429,1.549134731,5.921722412,2.928377151,3.174092293,0.4173491895,0.6316242814,1.43731153,2.900623322,2.299711704,1.324893832,1.167436481,0.6940320134
2278,0.2618945837,0.2411407828,6.098107815,2.538598299,0.7221056819,1.137033343,1.280488372,5.15430212,2.841875792,3.268182755,0.433609128,0.6779623032,1.450882316,2.993122101,2.411923409,1.309677958,1.224506378,0.718369782
2279,0.24455975,0.2282660753,6.239059448,2.545910597,0.7409629822,1.192743659,1.582698703,6.888771057,3.262078524,3.365916967,0.4473837912,0.718211472,1.469190478,3.087631941,2.481438637,1.291751504,1.273675799,0.7397167087
2280,0.2905672193,0.2121388167,6.420996189,2.545910597,0.7793729305,1.263024092,1.268785,5.88470602,3.112181902,3.521444321,0.4676665366,0.7826164365,1.487539887,3.192030907,2.618530035,1.277130246,1.371394634,0.7715342641
2281,0.2759598494,0.2057343125,6.454685211,2.56042695,0.813572228,1.327860951,1.281915545,6.232159138,3.255021334,3.550673246,0.4965943396,0.8211943507,1.513890386,3.26950264,2.689251184,1.262796998,1.393741012,0.8050694466
2282,0.2833272219,0.1759963781,6.909988403,2.56438756,0.832464397,1.398523808,1.60590589,8.862586021,3.922225237,3.899015427,0.5097063184,0.919461906,1.532031417,3.433845282,2.842747927,1.242916703,1.588104248,0.8347596526
2283,0.2788721323,0.1519274116,7.32548666,2.556318998,0.8840582967,1.49432528,1.281241417,7.866337299,3.756066084,4.251917839,0.5410037637,1.045721412,1.554659247,3.59318614,3.056303024,1.224270344,1.816621184,0.8752291203
2284,0.2697458565,0.162277624,7.012441635,2.574381828,0.9431517124,1.578854203,1.122898936,6.75995779,3.56404376,4.032514095,0.5908340812,1.041174293,1.593696594,3.59173274,3.059035063,1.211945653,1.7068609,0.9242062569
2285,0.2662438452,0.1369077563,7.460702419,2.596538782,1.002043366,1.670495629,1.006231785,6.455518246,3.557222366,4.382665157,0.6285206676,1.163102746,1.632791519,3.774885893,3.278715849,1.194608092,1.918252587,0.9710333943
2286,0.2806195319,0.1247897148,7.662316799,2.616313934,1.032270789,1.752747536,1.094282746,7.786888123,3.95543766,4.532773972,0.6646408439,1.230653167,1.660745621,3.89168644,3.382600784,1.172890663,2.00389576,1.012173295
2287,0.2670810819,0.1285983771,7.47232008,2.627178907,1.076068282,1.823262215,1.085846066,7.899564743,4.043863297,4.404343128,0.7063281536,1.236279011,1.691038489,3.900740385,3.385374784,1.153982997,1.938758969,1.056631088
2288,0.2580262721,0.1230748221,7.517446995,2.628849268,1.137063861,1.885653496,0.9487264752,6.78922081,3.798401594,4.465709686,0.7452995181,1.290359378,1.721995711,3.959560394,3.4801476,1.132655621,1.99124229,1.097299099
2289,0.2653617859,0.1013762727,7.970757961,2.651061773,1.225596309,1.9704175,0.8694939017,5.328407764,3.453606367,4.822957993,0.7920971513,1.422683716,1.771586776,4.142908096,3.731997728,1.111121297,2.212355375,1.146143675
2290,0.2628881633,0.1015114412,7.883088589,2.710953474,1.252072453,2.057167292,0.9409672618,7.368505955,4.094408512,4.723150253,0.8427402973,1.422101974,1.820275187,4.208026409,3.732205153,1.100030541,2.130710363,1.211807132
2291,0.2579417825,0.1159546003,7.497307301,2.751126528,1.339038372,2.11866045,0.9100404382,6.169704437,3.823249817,4.443481445,0.8989979625,1.391147256,1.88383007,4.171812057,3.70136261,1.092973828,1.976629853,1.277693629
2292,0.2359686047,0.08479561657,8.125659943,2.787682772,1.39104712,2.193544149,0.9179749489,7.169570923,4.168166637,4.93546629,0.9563546777,1.566002846,1.929928422,4.414001942,3.960492849,1.076509595,2.278887987,1.335980296
2293,0.2444514185,0.07737421244,8.241486549,2.823937654,1.433261871,2.270953894,0.9463021159,8.466720581,4.604338169,5.036857128,1.013952136,1.636176705,1.973396301,4.512420654,4.04193306,1.061276197,2.348912001,1.398302674
2294,0.2145235389,0.07419268787,8.242454529,2.853054047,1.541489959,2.347269297,0.9284318089,6.71357584,4.146149158,5.070062637,1.077037692,1.697037101,2.040697336,4.572755814,4.151648998,1.047474742,2.392299891,1.463779092
2295,0.2107685804,0.06602070481,8.417598724,2.886740446,1.579649925,2.414534807,0.9207785726,7.813195705,4.528665066,5.212046146,1.13148272,1.773893952,2.079746008,4.681772232,4.248435497,1.028774023,2.48218751,1.521220803
2296,0.2255718559,0.054702539,8.742803574,2.920706511,1.659673333,2.501107216,0.9312117696,7.687532902,4.546789646,5.489797115,1.203061342,1.90810442,2.137310505,4.838851452,4.435540199,1.010947108,2.674512148,1.587099075
2297,0.2016999125,0.04957075045,8.889293671,2.980716705,1.743575454,2.607456923,0.9466546178,8.028622627,4.726303577,5.616620541,1.283342481,1.999696732,2.210900545,4.963165283,4.563574314,1.002053738,2.766077995,1.672017574
2298,0.2079623491,0.04561949894,8.988917351,3.022252798,1.829345107,2.695427895,0.9770900607,7.735006332,4.69265604,5.713015079,1.353373528,2.077379942,2.275102377,5.056598186,4.677143097,0.9857308269,2.840045929,1.743791938
2299,0.1892784089,0.04764938354,8.815486908,3.08215332,1.889226556,2.78027916,0.9585224986,8.632004738,5.046618462,5.585995197,1.42022121,2.081155539,2.338888168,5.076852798,4.66991663,0.9781700969,2.764058113,1.82751596
2300,0.1939637214,0.03373054788,9.727073669,3.135331392,2.017161131,2.909796715,1.050169587,8.229793549,4.986611366,6.35035944,1.550480247,2.413145781,2.428478956,5.436166286,5.100241184,0.9639727473,3.303798676,1.917087913
2301,0.2032119036,0.03907262161,9.138239861,3.181414843,2.075832129,2.980892181,1.030761003,8.304972649,5.067126274,5.881568909,1.583026767,2.281532526,2.483457804,5.309355736,4.944917679,0.9483430386,2.985115767,1.989488721
2302,0.1868381053,0.04072596133,8.967783928,3.232886553,2.187587738,3.046749115,1.149381995,7.242034912,4.769339085,5.770219326,1.649789453,2.291893721,2.56523633,5.316092968,4.976202011,0.9384228587,2.927590609,2.068808794
2303,0.1840477735,0.0484700799,8.618433952,3.310578346,2.222452879,3.105471611,1.025444269,8.968877792,5.423605442,5.50317049,1.715303779,2.24545598,2.627753496,5.278131008,4.876298904,0.942193687,2.759412766,2.163409233
2304,0.2046327144,0.05260242149,8.410340309,3.344455719,2.258071661,3.124451399,0.9828779101,10.03635025,5.825010777,5.393320084,1.780669212,2.264492035,2.669198275,5.250327587,4.826834202,0.9327054024,2.725841522,2.228705168
2305,0.1662633568,0.04751140997,8.598074913,3.385907888,2.399292469,3.178606033,1.147120953,8.446421623,5.344303608,5.619599819,1.889927387,2.427242041,2.763257265,5.36429739,5.003545761,0.9282212257,2.936303377,2.310400248
2306,0.1884183884,0.04310985282,8.798271179,3.434234858,2.45395112,3.238847733,1.10567224,9.550057411,5.776023865,5.827471256,1.98623848,2.566700697,2.819360733,5.484428406,5.119129181,0.9189372063,3.113003016,2.38744998
2307,0.1754304618,0.04100140557,9.192099571,3.45843029,2.507230043,3.308109999,1.082822204,10.58513165,6.167520046,6.209879398,2.094701052,2.781272173,2.86266923,5.65553236,5.305665016,0.8990387917,3.42606163,2.452263594
2308,0.1845402122,0.05160818994,8.402137756,3.499493361,2.587855816,3.348675966,1.122455478,9.781829834,5.944710255,5.624839306,2.127574921,2.614883661,2.928588867,5.42376709,5.067717075,0.8921711445,3.060171843,2.52720952
2309,0.1714559048,0.05537102744,8.208054543,3.533783674,2.6840446,3.376044512,1.243296385,8.873827934,5.667676926,5.53683424,2.202003717,2.649234533,2.997731209,5.39080286,5.061171055,0.8826828003,3.052487135,2.593640804
2310,0.1407769769,0.04794908687,8.742493629,3.58536458,2.737672806,3.453994989,1.17365849,10.56847,6.319587231,6.037416458,2.343112946,2.929322004,3.055253983,5.63262558,5.304783821,0.8738281727,3.46006012,2.676335335
2311,0.1494022459,0.05207519233,8.518565178,3.642272949,2.911910057,3.531054735,1.540319085,8.097802162,5.487895966,5.920307159,2.434382439,2.961554289,3.172477484,5.604764938,5.340372562,0.8716614842,3.432515144,2.767688036
2312,0.1431539208,0.06917392462,7.578231335,3.701586485,2.962312698,3.533682108,1.496614933,7.845090389,5.441373825,5.178937912,2.431796074,2.695571899,3.231152296,5.300747395,5.000127792,0.8723160625,2.923595428,2.839155197
2313,0.1466067582,0.05434533954,8.565278053,3.747355223,2.93212533,3.600412607,1.142415166,12.20650482,7.066297054,6.060564518,2.614408255,3.14794755,3.245339155,5.711040497,5.371926785,0.8595198989,3.617868423,2.911088943
2314,0.1390200704,0.06406424195,7.805318356,3.774670362,2.99613452,3.624641657,1.161681414,11.64365673,6.909473419,5.517225742,2.645509481,2.993231773,3.298159599,5.452783108,5.113204956,0.8510761261,3.291975021,2.97530055
2315,0.1361934096,0.07928353548,7.150295734,3.791321993,3.083363295,3.606802702,1.322824597,9.943462372,6.322439194,5.070607662,2.678305864,2.877720833,3.356456995,5.215876102,4.902151108,0.8413052559,3.045163155,3.022115707
2316,0.1424403787,0.07969673723,7.124662876,3.826710939,3.149566889,3.616764069,1.378568292,10.02954102,6.391996861,5.140545845,2.780722857,2.99638629,3.412829161,5.233976841,4.933165073,0.8356619477,3.176655531,3.082126617
2317,0.1221983731,0.09659347683,6.562830448,3.87853241,3.239055872,3.61464572,1.511229157,9.064486504,6.074384212,4.7523036,2.831349611,2.901839018,3.488676071,5.043415546,4.751893997,0.8412273526,2.959530592,3.151269197
2318,0.1054855511,0.08390245587,7.135088444,3.935324669,3.342303276,3.672120094,1.66644156,9.36137867,6.235954285,5.327901363,3.019634247,3.273486376,3.572839022,5.317048073,5.057592392,0.8419120908,3.484313965,3.231257439
2319,0.1148070917,0.09041652083,6.744622707,3.975037336,3.360247612,3.689336777,1.530813575,10.18002796,6.584448338,5.065796375,3.066289186,3.219492674,3.606387377,5.184865952,4.903089046,0.8352872729,3.344755888,3.287375212
2320,0.1078578457,0.09798365831,6.416629314,4.003085136,3.44043088,3.690373182,1.719110966,9.149207115,6.215941906,4.874147892,3.125097513,3.209212542,3.665175438,5.068164349,4.809809208,0.8270082474,3.277106285,3.334058762
2321,0.1071206853,0.09278663993,6.739599705,4.040906429,3.457771301,3.73633647,1.561712623,10.96254826,6.947876453,5.239059925,3.274244308,3.481327772,3.697313309,5.230323792,4.959705353,0.8175016046,3.649677992,3.392971039
2322,0.1142238081,0.09829175472,6.718701839,4.08710289,3.503288269,3.806037188,1.475277066,12.13165283,7.433310032,5.313839436,3.39745903,3.621484995,3.748693466,5.254863262,4.97816515,0.8132904172,3.80304718,3.467142105
2323,0.1051930264,0.1179278493,5.873288631,4.120138168,3.655324936,3.812922239,1.985474229,8.685271263,6.130065918,4.667435169,3.3910532,3.378704071,3.846702576,4.913935184,4.695059299,0.8100905418,3.368970871,3.521368742
2324,0.1098525599,0.1367319524,5.172754765,4.154843807,3.712625504,3.765347242,2.165958643,7.467085361,5.654058933,4.12342453,3.369984865,3.156489134,3.895856619,4.618554592,4.406452656,0.8067762256,2.992709398,3.554917097
2325,0.0855338797,0.11872641,5.906477451,4.208442211,3.716307402,3.815170288,1.89353478,10.08705139,6.758150101,4.854809284,3.600603104,3.648655653,3.927571535,4.981166363,4.74542141,0.803996563,3.686469316,3.619544268
2326,0.0965211615,0.1317640394,5.510917664,4.258665085,3.856364012,3.846955299,2.378398418,7.937013626,5.921339512,4.583084583,3.652671814,3.591190577,4.02643919,4.83357954,4.64343214,0.8049362302,3.543489456,3.68248558
2327,0.1144477129,0.1695457697,4.34237957,4.312277317,3.841799974,3.782239914,2.131618738,7.852892399,5.920888901,3.590550423,3.534240723,3.087808847,4.048243046,4.309053421,4.080057621,0.8148898482,2.757590532,3.723441839
2328,0.09406858683,0.2107206583,3.673339844,4.360220432,3.924883127,3.677232027,2.521459818,6.019989014,5.14846468,3.07128334,3.515582323,2.867161512,4.116501331,3.994755507,3.784915209,0.8289256096,2.402034521,3.751432419
2329,0.09055981785,0.1875158995,3.874155283,4.39456749,3.928411722,3.606269598,2.506265879,6.689520359,5.469102383,3.331219673,3.642793655,3.103419065,4.137101173,4.114863873,3.893032312,0.8298704028,2.710935354,3.767341852
2330,0.08220446855,0.1728906184,4.040046692,4.423383713,3.972606897,3.572184324,2.730087519,6.515326023,5.408804417,3.561067343,3.762711287,3.323230982,4.175537586,4.213800907,4.001023769,0.8256523013,3.000155687,3.784415007
2331,0.08232566714,0.1682532579,4.178958416,4.477864742,4.037128448,3.592250109,2.913559675,6.484851837,5.426570892,3.756011248,3.891463995,3.523940802,4.236460209,4.311122417,4.104240417,0.8312442899,3.251782417,3.83258152
2332,0.07715754211,0.1616854072,4.311842442,4.508728027,4.05948782,3.612297773,2.944910288,6.83034277,5.599799633,3.940475464,3.995158911,3.705361366,4.26417923,4.393430233,4.182545185,0.8229168057,3.489667654,3.859167814
2333,0.0707565248,0.1724259108,3.775487661,4.557806015,4.081247807,3.609500885,2.918044329,6.554852009,5.504315853,3.487191439,3.957250357,3.481108665,4.300410748,4.144081593,3.923384428,0.8276143074,3.134949923,3.896498919
2334,0.07090722024,0.1876974106,3.156269073,4.590112209,4.145731926,3.543028593,3.372488022,4.83173418,4.710022449,2.957801104,3.880575895,3.195892334,4.349816799,3.827856779,3.627905607,0.8289582133,2.713043928,3.904633522
2335,0.0851180777,0.2137597352,2.429014921,4.620159149,4.082978249,3.413550138,3.081224442,4.814441204,4.716723919,2.309770823,3.746929169,2.800144196,4.332223892,3.423187256,3.190933943,0.8359933496,2.161832094,3.89504528
2336,0.07102811337,0.1751433462,3.293577909,4.675382614,4.14195776,3.434553146,3.280176163,5.815718174,5.228116989,3.214311838,4.08286953,3.51735878,4.390050411,3.942513227,3.703334093,0.8461870551,3.112900972,3.93731761
2337,0.06729488075,0.239128992,1.833354354,4.705261707,4.159919739,3.274723768,3.635123014,3.323426962,3.979728699,1.832956195,3.724709272,2.576519251,4.412930965,3.084983826,2.863157034,0.8587633967,1.832446098,3.917443037
2338,0.07289982587,0.1838297397,2.365808725,4.737037659,4.148019791,3.217919111,3.626903534,4.257005215,4.493419647,2.413287401,3.954075098,3.074993372,4.421819687,3.437477827,3.189391375,0.864243567,2.475882292,3.917737961
2339,0.08912778646,0.2001235932,1.75005722,4.751637936,4.125593662,3.086958647,3.797661066,3.269360781,3.971273184,1.840707779,3.797224045,2.68564415,4.416327953,3.052642107,2.801771879,0.8662352562,1.962668896,3.881989241
2340,0.08803685755,0.1803518981,1.761749268,4.776043415,4.101541042,2.998931885,3.826461792,3.406455994,4.058831692,1.896877408,3.852664948,2.783322573,4.414625645,3.072075605,2.801877975,0.8733151555,2.082879782,3.864948273
2341,0.07986426353,0.1701381952,1.623817563,4.795051575,4.093178272,2.910583496,4.03248167,3.016361952,3.848073959,1.7962147,3.847227812,2.751481771,4.418296814,2.987950325,2.710329056,0.8778825402,2.039380312,3.840143204
2342,0.06517697126,0.1490250826,1.802058578,4.818879604,4.058975697,2.871833086,3.920440435,3.602637053,4.18640852,2.01896596,3.955873728,2.978818893,4.411088467,3.119275331,2.812702894,0.8823720813,2.330647707,3.830497742
2343,0.05610625073,0.162367776,1.169462562,4.827591419,3.966339827,2.746483803,3.633860588,3.312922716,4.031031132,1.383898616,3.734575987,2.484281778,4.365318298,2.675013304,2.349247694,0.8853120804,1.704553962,3.78330493
2344,0.06035996601,0.143800661,1.245801568,4.852253437,3.982625961,2.678353071,3.98272419,3.00485158,3.868002176,1.5084728,3.825603247,2.654752493,4.384294987,2.744434118,2.411497831,0.8955378532,1.911204696,3.764176369
2345,0.07688837498,0.1292623132,1.517814279,4.880408287,3.980286598,2.669815063,4.062663078,3.428597689,4.119887829,1.839510918,3.990475893,2.993316889,4.395493507,2.953698397,2.596737146,0.9033142924,2.338250875,3.761732101
2346,0.06979062408,0.1270896941,1.245057464,4.901576519,3.95753479,2.628927469,4.087729931,3.109991074,3.950996399,1.569038272,3.910486221,2.800637245,4.392307281,2.765256166,2.401071787,0.9104452133,2.088642836,3.745197535
2347,0.07954216748,0.1260260344,1.045506597,4.924293041,3.91317749,2.575598001,3.950399399,3.163360834,3.991813421,1.373666406,3.85754323,2.668524981,4.378094673,2.620010853,2.238630533,0.9214574695,1.919456482,3.727401018
2348,0.07177387923,0.1272251606,0.7698126435,4.939661503,3.88040328,2.486445189,4.039973736,2.662034512,3.707159042,1.081809163,3.749329567,2.434235334,4.366042614,2.393007755,2.008202553,0.9310405254,1.632499576,3.691766739
2349,0.06499633938,0.1267174333,0.5532342792,4.943389893,3.864558458,2.365099907,4.456208706,1.788910747,3.152584791,0.8394111991,3.635527372,2.2214396,4.357073307,2.18612361,1.806559443,0.9358413815,1.388037562,3.633275986
2350,0.08020114154,0.1252508909,0.4122058451,4.946061611,3.786075592,2.241196394,4.338173866,1.730041504,3.113247871,0.6729351878,3.547944784,2.067952633,4.313700199,2.03061676,1.633479238,0.9458594918,1.218558431,3.577296495
2351,0.07772500813,0.1364310682,0.242182076,4.949555874,3.723709106,2.097818375,4.399202824,1.347852588,2.83716321,0.4457090795,3.414698601,1.821611047,4.278218746,1.798449397,1.399215102,0.9619382024,0.9506759048,3.516765594
2352,0.1108590961,0.1832482219,0.09437676519,4.930712223,3.616675138,1.869772553,4.521738052,0.7124410272,2.267726183,0.1429420263,3.124483347,1.340331078,4.206800938,1.387112498,1.001174092,0.9668254852,0.487016052,3.40205574
2353,0.07341798395,0.2252809554,0.1404328942,4.906642914,3.504647255,1.633588195,4.629634857,0.437381357,1.904200077,0.05715709925,2.947079659,1.075431466,4.128075123,1.12674427,0.7484180331,0.980505228,0.2770858705,3.285978317
2354,0.05521405861,0.09673757106,0.1652147174,4.891005516,3.417141914,1.539085388,4.631905079,0.9563744664,2.479882002,0.2873044014,3.25748539,1.680714607,4.070171356,1.566764235,1.09780252,0.9838287234,0.8416358829,3.204525948
2355,0.05760395899,0.1258484721,0.1440137923,4.871225834,3.361768723,1.40767324,5.032730579,0.4624425471,1.899022102,0.108673811,3.035228729,1.323474169,4.025952816,1.28034389,0.834967792,0.9940834045,0.5017184019,3.114742517
2356,0.06518185139,0.1239608005,0.1824236363,4.840908527,3.223983049,1.280270219,4.690444469,0.5450375676,1.997022033,0.0787698552,2.949235201,1.231192827,3.931818008,1.19295311,0.7274556756,1.002657056,0.4310747683,3.019724607
2357,0.0549315922,0.07632667571,0.1811519265,4.836286068,3.194984674,1.245565891,4.934994221,0.711476028,2.202020407,0.2270035744,3.164302111,1.641698718,3.91017437,1.452966332,0.9321678281,1.021209121,0.8322601318,2.974103212
2358,0.07900915295,0.08117744327,0.1923796535,4.818235397,3.126139879,1.188165903,4.952479362,0.5969534516,2.051121712,0.150325641,3.053277254,1.484654069,3.860390425,1.331884503,0.8107116818,1.033922553,0.6824524999,2.911102295
2359,0.09093425423,0.1216617525,0.3508490622,4.782336712,3.034766197,1.067012668,5.104829311,0.3900805414,1.581634164,0.05589547753,2.763550758,1.048217416,3.78824234,1.021899462,0.5376117826,1.041553378,0.3021080196,2.811396837
2360,0.06835048646,0.09884466976,0.3704728186,4.743122101,2.893370628,0.9709689021,4.716489792,0.4945097864,1.808355808,0.06249327958,2.748034477,1.093441367,3.687710762,1.051257491,0.5289562345,1.044579387,0.3524180949,2.713171721
2361,0.05855089426,0.09974237531,0.4830442965,4.707790375,2.794003487,0.8781046867,4.752207279,0.4777828157,1.693572044,0.07179731876,2.652530909,1.001915097,3.611476898,0.9881674647,0.4573001862,1.04811275,0.2914895117,2.614728451
2362,0.08966199309,0.08841630071,0.5348515511,4.672531128,2.699828148,0.8039746284,4.742087841,0.5008583665,1.68748033,0.07846844196,2.618054867,1.005553126,3.538141251,0.9875572324,0.4358153343,1.054083705,0.3050452173,2.52620101
2363,0.0926797986,0.1016312838,0.7468957901,4.630465031,2.571230173,0.7169499397,4.488603115,0.5260546803,1.656136394,0.1245542169,2.474910498,0.8461847305,3.441613913,0.891125679,0.3418376148,1.056542277,0.1990790516,2.42510581
2364,0.07401769608,0.1549164951,1.257971168,4.581309319,2.484450579,0.601300478,4.894264221,0.7009940147,1.214705825,0.3257246017,2.249203444,0.5816825032,3.363431215,0.7295067906,0.2216516584,1.057208657,0.06886059791,2.304205179
2365,0.09649974108,0.1244852915,1.248392701,4.525257111,2.368336916,0.5185614824,4.813567162,0.6976305842,1.269718051,0.2949717939,2.239945412,0.624345243,3.266115189,0.7603700161,0.2249161005,1.061087132,0.08882042766,2.199622154
2366,0.09288943559,0.1422833651,1.592642188,4.464678288,2.245580435,0.4315719903,4.816001415,0.8907286525,1.163944006,0.4433363676,2.108106852,0.5145594478,3.162820816,0.7161285281,0.1884195656,1.05692637,0.05906303227,2.07968998
2367,0.06181970239,0.102591753,1.469995499,4.407621861,2.147272348,0.3792090714,4.790271759,0.8501457572,1.230965972,0.3525539339,2.13023138,0.5965120792,3.075331926,0.7692175508,0.2051814198,1.061579347,0.08951532841,1.987636566
2368,0.08129049093,0.09076514095,1.549480796,4.349971294,2.036263227,0.3352995813,4.600836277,0.8469517827,1.28439939,0.367931366,2.08330369,0.5928667784,2.980793715,0.7838061452,0.203420341,1.061984658,0.09433906525,1.895500183
2369,0.08690825105,0.05412153527,1.245505929,4.306698322,1.958034515,0.3245240152,4.439905643,0.7404634356,1.494800925,0.2189380527,2.182902575,0.7921621203,2.912576437,0.8904091716,0.2480234951,1.069798589,0.2225988954,1.833922982
2370,0.1110458374,0.08238262683,1.786623836,4.25386858,1.871021628,0.2884990871,4.41352272,0.910071671,1.295283675,0.4404049218,1.979763627,0.5513859391,2.833494902,0.7932758331,0.1990836114,1.072482347,0.08519587666,1.751244068
2371,0.1086926088,0.04578965902,1.235737324,4.218856335,1.840705872,0.2951846421,4.61989212,0.8054682612,1.458888531,0.1954010278,2.172389269,0.8878837228,2.797858238,0.9514926076,0.2663902342,1.083586454,0.317230612,1.707736611
2372,0.1203926876,0.06372269243,1.802282333,4.163889408,1.754768252,0.2718082964,4.422806263,0.9565141797,1.300602436,0.4114947021,1.939888358,0.5903503299,2.719262362,0.8365632892,0.212073043,1.089290023,0.1132542863,1.640026212
2373,0.0952546373,0.04636187479,1.449193954,4.122117519,1.699959397,0.2729106247,4.386202335,0.8572117686,1.460884452,0.2506587207,2.046178102,0.8074820638,2.666735888,0.9431468844,0.2519352138,1.094072223,0.2729824781,1.590191245
2374,0.1064843237,0.06767611206,2.214047194,4.065385342,1.615141511,0.2407914847,4.32210207,1.151600838,1.238815427,0.5768168569,1.775332451,0.4761685431,2.588216782,0.8448290825,0.2257773876,1.091190338,0.07204390317,1.511292815
2375,0.1338151991,0.04864891246,1.915815949,4.016312122,1.55572927,0.2306134254,4.323673248,1.06046474,1.332099319,0.4128777087,1.835739136,0.6174508929,2.529311419,0.9181982875,0.2447417229,1.092667222,0.1556833982,1.453164697
2376,0.1178635135,0.06878802925,2.601835489,3.954500914,1.472341657,0.1998078078,4.213511944,1.354697704,1.199337006,0.7366769314,1.630147934,0.3933746815,2.448736906,0.8706550002,0.2555155754,1.091541648,0.05318270251,1.378953576
2377,0.1153090596,0.06125833467,2.652941704,3.895359755,1.408808708,0.1763268709,4.322770596,1.510997772,1.174615026,0.7373669147,1.590996146,0.3975955546,2.382004023,0.9019878507,0.2718563378,1.088662744,0.05851372704,1.308303475
2378,0.06163785979,0.04604404047,2.309119701,3.840128183,1.361030102,0.1701293439,4.440748215,1.455550551,1.221393466,0.5441988111,1.642081141,0.5247144699,2.328365564,0.9640228152,0.2796837091,1.087281823,0.1255537868,1.253547072
2379,0.06979542226,0.06027035043,3.010539293,3.769816399,1.271450758,0.1475337297,4.169911861,1.740064025,1.166438222,0.8944520354,1.443936229,0.324911505,2.241378307,0.9484858513,0.3220645487,1.082013488,0.04985981062,1.18347609
2380,0.06418097019,0.07725075632,3.570043564,3.696448565,1.201471329,0.1199937835,4.244409084,2.249651194,1.10056293,1.191725969,1.31522727,0.2285438776,2.163489103,0.9658699036,0.3761435449,1.077060342,0.05654761195,1.109188676
2381,0.05738894641,0.05525035784,3.290710688,3.626060486,1.134271622,0.105874747,4.197739124,2.112129927,1.141518116,1.003318071,1.324076533,0.2842640579,2.090266943,0.9978168607,0.3708523214,1.071807027,0.04893078282,1.045812607
2382,0.07694640011,0.04372130334,2.753571272,3.566866636,1.074834466,0.107183136,4.01240921,1.698906064,1.249124765,0.7003930211,1.391811013,0.4276171923,2.028687239,1.049347639,0.3562218845,1.067246914,0.1062408313,0.9987003207
2383,0.06469076872,0.04385617003,2.965687513,3.508567572,1.022727132,0.1059990153,3.947400331,1.858230591,1.24258101,0.798632443,1.307084441,0.3724011183,1.971713543,1.077291489,0.3916218281,1.061990499,0.08786439896,0.9507892728
2384,0.06506773084,0.0521321483,2.582795382,3.456570625,0.9989008904,0.1116778255,4.05160284,1.767247319,1.270183206,0.6053602695,1.362181306,0.497304827,1.935583472,1.108551502,0.3760627508,1.065475702,0.1692436188,0.9214117527
2385,0.04907852411,0.04363206401,2.994896173,3.393521309,0.9471490979,0.109341532,3.856375933,1.948557854,1.24459374,0.805247128,1.224825859,0.3593785763,1.876832604,1.109152079,0.4158762395,1.064689279,0.09221985936,0.8821356893
2386,0.06059676409,0.06183445454,4.349714756,3.323281288,0.8625600338,0.09195828438,3.558451653,2.654904127,1.213860631,1.567771435,0.9639215469,0.1265880615,1.792472363,1.180116057,0.5911299586,1.050342917,0.09985768795,0.814394176
2387,0.07115998864,0.0620915927,4.583777905,3.255328894,0.8064143062,0.07933236659,3.675704241,3.128738403,1.236519098,1.682278275,0.9004969001,0.1099765524,1.726716995,1.237294793,0.6487341523,1.036368966,0.1173576415,0.7501595616
2388,0.08558354527,0.04258080944,3.755681276,3.19241333,0.7598655224,0.07969974726,3.60503006,2.574887276,1.27998364,1.168732524,0.9733566642,0.2158052176,1.671309352,1.235292554,0.5700989962,1.028101444,0.06843135506,0.7071214318
2389,0.06331156194,0.04261331633,4.026907444,3.126447678,0.711353004,0.07891847938,3.510430574,2.794083834,1.295220494,1.316016793,0.8929470181,0.1724320203,1.612990499,1.278012156,0.6284844279,1.018969417,0.07301495224,0.6632400751
2390,0.05370032787,0.04257148132,4.257245064,3.057504654,0.6659796834,0.07722105086,3.462158918,3.050240755,1.310482621,1.442658424,0.8232453465,0.1407153159,1.555032134,1.316644549,0.6808100343,1.010053754,0.08228570968,0.6198986769
2391,0.06107056141,0.05141265318,3.56789279,3.001084566,0.6389225125,0.08330798894,3.486891747,2.707562685,1.340564132,1.045975804,0.8881391883,0.2535358071,1.516418934,1.316677094,0.6144941449,1.003212094,0.09539867193,0.5911145806
2392,0.05260245875,0.04411418363,4.031545162,2.936285019,0.6017286181,0.08674082905,3.416012049,3.147653341,1.361399055,1.30802393,0.7729249001,0.166285187,1.46712172,1.367776394,0.7013277411,0.99417907,0.08454301208,0.557081461
2393,0.07329574972,0.05791838095,5.471544743,2.850304365,0.5467352867,0.08408668637,3.330343485,4.42359972,1.439380169,2.196490526,0.5769969821,0.05301936343,1.394291282,1.506369233,0.947458744,0.9793467522,0.237895593,0.5057395101
2394,0.0538242124,0.04204954579,4.384608746,2.783073664,0.5066099167,0.08975020796,3.150749922,3.415554047,1.403146744,1.506864071,0.6477152705,0.1165108383,1.341667771,1.438639283,0.8029775023,0.9686867595,0.09927538037,0.4734353125
2395,0.05567067862,0.0514921844,5.522534847,2.71045661,0.4717106819,0.09937524796,3.335466623,5.015330791,1.557260156,2.216157675,0.5000397563,0.05261965469,1.289195895,1.586754799,1.021482825,0.9509631991,0.2448340058,0.4296595156
2396,0.0476144366,0.04629521072,5.339687347,2.621005774,0.4217163026,0.1052456871,3.027268171,4.487747669,1.514034271,2.100195646,0.4790598154,0.05451006815,1.218811631,1.577555537,1.016857028,0.9390487671,0.2134257108,0.3926357329
2397,0.05610197783,0.04580228031,4.384580612,2.551869154,0.39333722,0.1065322161,2.889213562,3.614490271,1.448967576,1.509916902,0.5356225371,0.1046605334,1.173022866,1.48785305,0.8683384061,0.9324685931,0.1037043929,0.3695192635
2398,0.04436656833,0.04207614064,5.070079327,2.479995966,0.3553161621,0.1147096157,2.661513567,3.992255211,1.492735505,1.940283775,0.4340383708,0.05773858353,1.118288875,1.579370499,1.017759562,0.9195001721,0.1777954549,0.3396762609
2399,0.05231295153,0.07971412688,6.778977871,2.407779694,0.3081541955,0.1418292969,2.50731492,5.39068079,1.683828712,3.071300268,0.3067193925,0.09488809109,1.054833293,1.847677231,1.393408656,0.8940469623,0.5519669652,0.2964924276
2400,0.05009352043,0.04708866775,4.613443851,2.34953618,0.291698724,0.1438997835,2.525606871,3.813022852,1.522890568,1.641639352,0.4146120548,0.0802090615,1.021759391,1.583073139,0.9912870526,0.8845006824,0.123108916,0.278341651
2401,0.05422861502,0.04548906162,5.685853481,2.284262657,0.2667703927,0.1635303795,2.503610849,4.99162817,1.682431221,2.331423998,0.3051384389,0.05641437694,0.9787036777,1.751767159,1.232846975,0.8670293689,0.2875317335,0.2530738711
2402,0.05216936767,0.04451516271,5.10804224,2.217899323,0.2508634627,0.1720221788,2.568996191,4.90070343,1.686813831,1.965771317,0.3144074976,0.05797478184,0.9428651333,1.690190911,1.13795054,0.8542711139,0.1917053908,0.2345212847
2403,0.05385552719,0.0972943902,3.670881987,2.163112402,0.237995401,0.1587375849,2.305410862,3.258440256,1.504487395,1.13171804,0.4229628146,0.1639214158,0.915843308,1.517230153,0.8766571879,0.8491196036,0.1186063364,0.2292018384
2404,0.04650086537,0.04528076947,5.122004032,2.103408337,0.220513463,0.1733560115,2.204454899,4.621670246,1.681969047,2.027301311,0.2554285824,0.05851615965,0.8808555603,1.724713683,1.194890022,0.8347220421,0.2243623734,0.2136861086
2405,0.04663212225,0.05812803283,4.571510315,2.049847364,0.2144848555,0.1802675128,2.30503726,4.620726109,1.701074958,1.695795536,0.2706149518,0.07130428404,0.8582553267,1.66583252,1.101656556,0.8236265779,0.1580502689,0.2042134255
2406,0.04620779678,0.05163545534,5.222131252,1.997874379,0.2056999654,0.2087854147,2.179894686,5.296579838,1.839864731,2.135558844,0.206835255,0.07499821484,0.8327908516,1.801445007,1.284598947,0.8097718358,0.2784306109,0.1981186867
2407,0.04627677798,0.05706540868,6.105262756,1.939701438,0.187609151,0.2480845898,1.838390708,5.542196751,1.917413712,2.749056101,0.1542333513,0.1294254214,0.7953594327,1.986313462,1.537319541,0.789742291,0.5053699017,0.1867815703
2408,0.04763897881,0.05572023615,5.722703457,1.885891318,0.1820302457,0.2739750445,2.044754267,6.162797451,2.05200839,2.496269941,0.1525879204,0.1140571907,0.7717247009,1.949680924,1.474950671,0.7717635632,0.4153728485,0.1764917374
2409,0.04795230553,0.08308468014,4.492639065,1.839118838,0.182386294,0.2841456831,1.829249501,4.620023727,1.81742537,1.720122457,0.1999892443,0.09870313853,0.7553663254,1.770274758,1.238934875,0.7623515129,0.2053316087,0.1802365035
2410,0.06138875708,0.08146805316,4.569580078,1.789842963,0.1793281436,0.2897703648,1.658465266,4.528330326,1.817360878,1.801391959,0.1770769358,0.1026149169,0.7352180481,1.79664886,1.285752416,0.7511208653,0.2340714335,0.1791945696
2411,0.1043673754,0.1256040782,3.837739229,1.754452705,0.1850648522,0.2845894992,1.648441911,4.035393715,1.753651261,1.381168962,0.2171650082,0.1304323524,0.7289271355,1.69107759,1.139739394,0.744278729,0.1765377373,0.1845925897
2412,0.06140963733,0.0859284997,4.632302761,1.721764088,0.1933021545,0.3098338246,1.485892773,4.67318964,1.897138596,1.912842751,0.1540433019,0.1295188665,0.7223219872,1.860576749,1.370044351,0.7349655032,0.297242254,0.1940135807
2413,0.07539498806,0.07006981224,5.996074677,1.68743217,0.1991812736,0.361307472,1.587537408,6.844660282,2.36056447,2.867799997,0.1119858995,0.246049121,0.7132243514,2.162886858,1.739934087,0.7165837288,0.6713522077,0.1986712664
2414,0.06008040532,0.07270114869,5.829478741,1.636643291,0.2010680437,0.4031565487,1.454543591,6.598496914,2.342338085,2.779215574,0.1138584986,0.2519004643,0.6935893893,2.157755613,1.74451828,0.6974188685,0.6495614052,0.2010404319
2415,0.08786418289,0.1086180285,4.406502247,1.604022384,0.2140538245,0.4161945879,1.371608138,5.108371735,2.069510221,1.842861652,0.1530969888,0.1685001254,0.6916180253,1.900518894,1.426890373,0.6889252067,0.319537431,0.2140228748
2416,0.1035630628,0.1408956051,3.893703699,1.571477771,0.2245417386,0.4125044346,1.439098001,5.095016956,2.087083578,1.556782246,0.1761718541,0.1743959188,0.6906483173,1.812312007,1.31629777,0.6818696856,0.2661310732,0.2248183489
2417,0.070037283,0.129358694,4.047895908,1.537762642,0.2390925735,0.4237456322,1.423818588,5.618153095,2.222292185,1.704683304,0.1668556333,0.194289431,0.6909353137,1.859498978,1.384303451,0.674843967,0.3225391209,0.2397133112
2418,0.07387725264,0.091785945,4.91002655,1.496321082,0.2536193132,0.460424453,1.222793579,6.297738552,2.398002863,2.33947444,0.1449330747,0.2825674117,0.6843367219,2.061272383,1.651990891,0.6613792181,0.5753846765,0.253118068
2419,0.06282747537,0.1144795045,4.452811718,1.481192589,0.2841430604,0.5011973977,1.062285066,5.432393551,2.250503778,2.065449953,0.1735817939,0.2766470611,0.6987535357,2.001297712,1.588283539,0.6571413279,0.4933721125,0.2814559639
2420,0.0514918007,0.1500320137,3.88867116,1.467234612,0.3049978912,0.5187539458,1.209557772,5.736684322,2.35579586,1.727455735,0.2060898542,0.2666495442,0.7119906545,1.90330255,1.461619854,0.6535672545,0.3990105391,0.3053375483
2421,0.05345705524,0.1120008454,4.650555134,1.444405079,0.3331675828,0.5661434531,1.111443162,6.716412067,2.625146389,2.307052374,0.2090233117,0.377519697,0.7226614952,2.107553959,1.717011094,0.6456403136,0.6588755846,0.3322814107
2422,0.05494318902,0.107827507,4.921805859,1.423873544,0.3688687384,0.6232283115,0.8566862941,6.112619877,2.522083044,2.553389072,0.2353438884,0.4626058638,0.735601902,2.205826759,1.856891155,0.6355699897,0.8106268048,0.3606103957
2423,0.05507397652,0.1060538292,5.361521244,1.421556115,0.4092589915,0.6988735199,0.7264345288,6.167611599,2.588294744,2.914536715,0.2746172249,0.5842221379,0.758186996,2.361211061,2.047699213,0.6246740222,1.028795242,0.3948355615
2424,0.06479629129,0.1072927043,5.583673,1.41770041,0.4374664724,0.7738963962,0.7534353137,7.026940823,2.852642775,3.109694242,0.3115204871,0.668335259,0.7748456001,2.46042943,2.156715393,0.6092725396,1.159837604,0.4250717163
2425,0.07273102552,0.1609588265,3.879256487,1.415839314,0.4664417505,0.7866620421,0.790569365,5.553449154,2.515837908,1.9046067,0.3233374059,0.4305239022,0.7964641452,2.054075718,1.688038707,0.6074332595,0.577652514,0.4569339752
2426,0.07882657647,0.2162346989,3.232077599,1.413655758,0.4954055548,0.7771098614,0.8182304502,5.164897442,2.446073771,1.518748879,0.3666051924,0.4091937542,0.819186151,1.902920365,1.516356111,0.6104357839,0.4655583799,0.4882597625
2427,0.06224888563,0.1169784889,4.862959862,1.412485003,0.5362349153,0.8508784771,0.8284561634,7.965991497,3.233976364,2.751751661,0.4133675098,0.7135407329,0.8466355205,2.377220154,2.059882402,0.60431844,1.09151566,0.5313343406
2428,0.06494069844,0.2557983994,2.861382723,1.414773941,0.5807068944,0.8383927941,0.7501400113,4.877119541,2.439945936,1.376426816,0.4537144601,0.4663361609,0.8795658946,1.844795823,1.475526214,0.6140866876,0.4812407494,0.569850862
2429,0.06566153467,0.1289342642,4.387923717,1.423995018,0.6390501261,0.9106125832,0.6604328156,6.669016361,2.980876923,2.536645174,0.5054745078,0.7658179402,0.9198681712,2.316128969,2.022450686,0.6137835383,1.074989915,0.6196641326
2430,0.07494110614,0.1814300567,3.45552516,1.44148767,0.7004395127,0.9439426064,0.5813992023,4.837928295,2.512087107,1.893558145,0.5421839356,0.6460390687,0.9654875398,2.080851793,1.77935791,0.6217893362,0.7634159923,0.6684188247
2431,0.06443186849,0.1556745619,3.801241636,1.468294144,0.7351424098,0.9981541634,0.6986230016,6.776397705,3.117771149,2.199710131,0.6031193137,0.7739040256,1.003386497,2.223792791,1.921483994,0.6276397705,0.9648379683,0.7207577229
2432,0.06977079064,0.1188204214,4.867303371,1.470647454,0.8147446513,1.091316342,0.5383402705,6.365431309,3.041445732,3.0962708,0.7048382163,1.113467574,1.048591495,2.575317144,2.34964633,0.6184245944,1.573169351,0.7685915828
2433,0.07035832852,0.1301502734,4.28158617,1.507838607,0.8594813347,1.170826316,0.5956463218,6.846570969,3.243518829,2.665297747,0.7384848595,1.017496943,1.094844937,2.447422266,2.195913076,0.6219214201,1.321158051,0.8283678889
2434,0.1022797897,0.1546899825,3.64513588,1.531174064,0.9277233481,1.214112639,0.5641400814,5.393197536,2.853440046,2.223177671,0.7744478583,0.9274455905,1.146195292,2.28006196,2.034866571,0.6279699802,1.087331414,0.8812659383
2435,0.07921727747,0.2424788475,2.680198669,1.559960246,0.9707377553,1.202010393,0.5888027549,4.387430668,2.576569796,1.549634337,0.8107360005,0.7794618607,1.188006401,1.980269909,1.711247802,0.6426817775,0.7493154407,0.9272626042
2436,0.056545645,0.1523473114,3.457493544,1.589531541,1.026966691,1.249553323,0.5987735391,5.634430408,3.012564659,2.197927237,0.8952922821,1.029775977,1.236229897,2.279842377,2.041434526,0.6498829722,1.165675879,0.9808645248
2437,0.05740214884,0.1805378646,2.992988586,1.616006494,1.066093206,1.269841671,0.6223468184,5.573753834,3.032060623,1.89028132,0.9388930798,0.9774823189,1.274910092,2.143351793,1.896012664,0.6589124799,1.014943838,1.027962327
2438,0.1001535058,0.1602681875,3.084626913,1.645394802,1.141910791,1.309145808,0.6320551038,4.99646759,2.885083437,2.025346518,1.01370132,1.082797647,1.332915306,2.204104424,1.983271956,0.6698028445,1.149706841,1.082239032
2439,0.1028520837,0.2285422683,2.410538197,1.678946137,1.181235909,1.305996537,0.6559299231,4.442735672,2.735756159,1.552433491,1.055577159,0.9715539813,1.374212742,1.972284436,1.738948226,0.686252594,0.8954744339,1.128529429
2440,0.1273436099,0.1141380444,3.47993207,1.714430809,1.227441907,1.382534027,0.6694498062,7.006576538,3.623921633,2.473167181,1.181203485,1.376592278,1.419994831,2.407292366,2.189800262,0.6920099258,1.567045689,1.187493682
2441,0.09997946769,0.1133972779,3.30919838,1.748704433,1.29928863,1.455545306,0.6897351742,6.561648846,3.527556181,2.393911362,1.252025247,1.411306977,1.478694558,2.376563787,2.173968554,0.7009728551,1.563791752,1.249477267
2442,0.1369534582,0.1208780184,3.014051199,1.789563656,1.370532036,1.516319871,0.7227441669,6.024202824,3.396797419,2.206876755,1.315540075,1.399380088,1.539919257,2.296410084,2.104038,0.7146396041,1.477656364,1.313027143
2443,0.1395974755,0.09387954324,3.372672319,1.828740478,1.447432041,1.599810243,0.7670858502,6.292544842,3.533267021,2.574174881,1.428438067,1.627969384,1.602443814,2.467955828,2.296344757,0.7211921811,1.816596866,1.3765167
2444,0.158739686,0.100075908,3.01930809,1.874846458,1.524193645,1.664895654,0.8282030225,5.506422043,3.308493376,2.322371721,1.481645226,1.577916622,1.667820573,2.362332821,2.202263594,0.7333640456,1.666514754,1.440916896
2445,0.1405557841,0.1532445699,2.221940756,1.912205696,1.578494191,1.661091208,0.8907664418,4.142303944,2.845675707,1.692075133,1.489297748,1.345896244,1.717039466,2.042659998,1.885239959,0.7484180331,1.222601652,1.486518741
2446,0.1246902943,0.08688480407,2.835187197,1.956014037,1.652767181,1.719730973,0.9864023328,4.732717037,3.10216403,2.276830912,1.618837357,1.680644631,1.778960347,2.339523554,2.201090097,0.7571949959,1.736365795,1.543762565
2447,0.1330058575,0.0645089671,3.58033371,2.020178556,1.769511819,1.842997909,1.204519391,4.69467926,3.13828063,2.986510038,1.786954284,2.093715429,1.871105194,2.689235926,2.58436203,0.7655122876,2.378858328,1.621955872
2448,0.1601106972,0.1115829721,2.252881289,2.069490433,1.844360709,1.846971154,1.402320027,2.601452589,2.32106328,1.824632049,1.709461212,1.553940892,1.934087396,2.143038511,2.04147315,0.782169044,1.421913505,1.672194004
2449,0.1469115466,0.05465419963,3.684586763,2.14731288,1.871376514,1.978528976,1.152840972,5.942949772,3.699190855,3.137655497,1.94678843,2.270229578,1.987143636,2.81365037,2.690110922,0.7917289734,2.567784309,1.754612327
2450,0.1249468103,0.1378394216,1.894637465,2.195602655,1.946839809,1.944539666,1.358609557,2.821638107,2.49118638,1.564329982,1.822264075,1.510779023,2.050632954,2.024311304,1.910036683,0.8163041472,1.259743333,1.801726937
2451,0.1430029422,0.04783054069,2.988809347,2.265324831,2.030878067,2.033608198,1.463418961,4.181108475,3.11025691,2.593814611,2.029802322,2.112390757,2.128597498,2.588756084,2.484968662,0.8334465623,2.185186625,1.877396941
2452,0.1455173492,0.04717242345,2.838248968,2.330797911,2.063333511,2.104259968,1.317319155,5.065251827,3.506071806,2.484263897,2.089552641,2.104628325,2.178502321,2.557497263,2.434537649,0.8502228856,2.117715836,1.947291732
2453,0.1455300152,0.05332784727,3.962018728,2.404230118,2.168265104,2.265649319,1.439708114,6.362847805,4.058454514,3.577166796,2.340281725,2.767637491,2.269307613,3.093665838,2.985421419,0.8579096198,3.155579329,2.037254572
2454,0.209285602,0.03687303513,3.274784327,2.475418329,2.294991255,2.369076252,1.763744712,4.368149281,3.324384689,2.96083951,2.333444834,2.487371206,2.369801283,2.839010239,2.760847092,0.8731608391,2.622256041,2.118766308
2455,0.1737001687,0.03404674679,2.914932489,2.544222116,2.358827353,2.432847023,1.778118491,4.171761036,3.285050154,2.645364523,2.358851433,2.357883215,2.436763763,2.711020708,2.629329443,0.8904983997,2.357055426,2.190935612
2456,0.1944943815,0.05327709019,2.176300287,2.600046158,2.418073416,2.416358948,1.896267295,3.12219882,2.851901293,1.983947396,2.325308561,2.026253462,2.494832039,2.368311644,2.289573908,0.9129152894,1.784624219,2.243239641
2457,0.1761632711,0.04148426279,2.333213091,2.66301012,2.475328445,2.432322264,1.946759582,3.452542305,3.0387218,2.168554544,2.428119659,2.188892603,2.555369616,2.481678247,2.400772333,0.9367187023,1.993476868,2.304499388
2458,0.1657449752,0.03202583268,2.662804365,2.728094816,2.560136557,2.486330271,2.140465975,3.573062181,3.129830599,2.518426657,2.559098244,2.450565577,2.630955458,2.682901144,2.610886335,0.9557163715,2.36017251,2.37123847
2459,0.1831203699,0.0370031409,2.363797426,2.790873766,2.660403252,2.510018349,2.512871504,2.571088791,2.679216385,2.258140802,2.585199356,2.341176987,2.712788343,2.55913806,2.506583691,0.9784812927,2.142856836,2.431787729
2460,0.1558657438,0.03573938087,2.710417986,2.858952284,2.716065645,2.570721388,2.504199743,3.132611513,2.993476868,2.609801531,2.708394289,2.592971563,2.77464509,2.771770477,2.712815046,0.998298347,2.497491598,2.499861479
2461,0.2150760442,0.04561275244,3.062273741,2.929845095,2.806845427,2.661023617,2.716299057,3.209147692,3.067191124,2.966248751,2.835736036,2.847357988,2.855608702,2.982620239,2.933110237,1.014327168,2.857098818,2.57333684
2462,0.1956038028,0.04807014391,2.175629616,2.985088587,2.833017349,2.64847064,2.63371253,2.594518661,2.78461647,2.115238428,2.740294456,2.353386164,2.895935059,2.545377016,2.48526001,1.038076758,2.048690081,2.622511148
2463,0.1530629843,0.06617533416,3.248278856,3.058456421,2.906663179,2.755964279,2.686240911,3.857056856,3.441871405,3.183591843,2.999315262,3.058893204,2.969519377,3.138975859,3.074724436,1.053733349,3.108754396,2.699688673
2464,0.1852318048,0.05439223722,2.620665789,3.124008894,2.930337667,2.794698954,2.482964754,3.853110552,3.475556374,2.58326745,2.953933716,2.724907637,3.013875008,2.853013992,2.771857023,1.076315045,2.540569067,2.762978315
2465,0.174396649,0.08777973801,3.303799391,3.197148561,3.050263166,2.904312134,2.860494614,3.941193342,3.556167603,3.284371614,3.161151171,3.215995789,3.111056566,3.237403631,3.175440073,1.09278512,3.261539698,2.841845751
2466,0.182028532,0.08661848307,3.090239286,3.268914461,3.060811996,2.985628843,2.486843348,4.935590267,4.047465324,3.084996462,3.189524651,3.128616095,3.151857376,3.166778326,3.075505257,1.111845613,3.078836441,2.915397644
2467,0.1414574683,0.137469098,3.694239378,3.348129988,3.200367689,3.126444578,2.9210217,4.711239338,3.99279952,3.712921858,3.39707303,3.581450224,3.262221098,3.505959272,3.441294909,1.127781272,3.735333204,3.00491333
2468,0.1304882914,0.1328959614,3.466801405,3.427973509,3.241273642,3.236605644,2.686622381,5.360974789,4.327871799,3.498136282,3.4288311,3.48750186,3.322453499,3.435719728,3.352596998,1.146928668,3.535731316,3.08976531
2469,0.1447327286,0.1045461893,2.862132788,3.493066788,3.365950346,3.273774147,3.211920023,3.532680511,3.512837648,2.926232576,3.386300802,3.172822952,3.418160439,3.157639265,3.108066559,1.167412162,3.002923012,3.154145002
2470,0.1519918293,0.09095891565,2.341351271,3.55156827,3.377468824,3.249379396,3.019086838,3.511693954,3.53159523,2.425850868,3.338508606,2.879386663,3.452530861,2.8960917,2.829928637,1.192668557,2.526450396,3.203460693
2471,0.1420579404,0.1185226068,2.616313696,3.60912919,3.476303101,3.264856339,3.458135605,3.142304182,3.370530128,2.736067533,3.46982646,3.139417648,3.531092405,3.078353643,3.028757811,1.211786389,2.881491899,3.255913973
2472,0.1250066906,0.1534164846,2.881195307,3.666748285,3.523994446,3.309802771,3.478527308,3.544432402,3.605266333,3.019961119,3.584256411,3.364230156,3.583615065,3.250008345,3.193900347,1.226786137,3.19070363,3.311906815
2473,0.1685391814,0.1422917992,2.515218019,3.724110842,3.535303354,3.315925837,3.267135859,3.724110842,3.724110842,2.666541815,3.559176445,3.16015172,3.617331743,3.074097395,3.00078702,1.248257279,2.852927923,3.362164497
2474,0.1786297113,0.1405795664,2.244508505,3.781671524,3.626431227,3.298434496,3.712019682,2.74420166,3.236677885,2.421201944,3.565102339,3.03821373,3.691706419,2.942681074,2.888058901,1.274435401,2.64019084,3.408187866
2475,0.1817382574,0.1607894152,2.278427601,3.833140373,3.694160223,3.287212372,4.028883457,2.414859295,3.071986198,2.477127552,3.627003908,3.113750696,3.751066208,2.98579812,2.938322306,1.296323895,2.726053476,3.449134827
2476,0.2221015096,0.2407587618,2.940119028,3.898727655,3.729804277,3.362679243,3.881835938,3.479449511,3.685486794,3.165623426,3.840680361,3.62267518,3.80142498,3.390562057,3.322879553,1.316807389,3.452441931,3.514497042
2477,0.1919779032,0.2104515284,2.432259798,3.953694582,3.72471118,3.370904922,3.565423727,3.653644562,3.801904678,2.656667471,3.766832352,3.2974751,3.825451136,3.129839897,3.041287184,1.339398384,2.942240715,3.560741663
2478,0.2276281565,0.1693545133,1.683090687,3.991640806,3.743082285,3.275721788,3.695453405,2.618826628,3.261108637,1.908825517,3.621097326,2.790823698,3.852446318,2.678658485,2.595181227,1.362494111,2.196815252,3.572713614
2479,0.2096291333,0.1886051446,1.672201991,4.029781818,3.718476534,3.201412201,3.47464633,3.15560174,3.576806784,1.930828452,3.672099113,2.852944136,3.857408285,2.688988924,2.580662012,1.385487914,2.266564369,3.586568594
2480,0.1997823119,0.341951251,2.905750275,4.09175539,3.81238246,3.307175875,3.786481142,4.368860722,4.229011536,3.262987852,4.08322525,3.888599157,3.935945272,3.462008715,3.343194246,1.402936578,3.737918854,3.650263786
2481,0.1962464303,0.3196520209,2.543792009,4.145343304,3.945391417,3.362880945,4.571518898,2.680571795,3.366274834,2.902243376,4.043687344,3.667446375,4.030133247,3.282042265,3.205112457,1.420520782,3.382368803,3.698836565
2482,0.1936531216,0.2032753676,1.246004462,4.164912701,3.931523561,3.218581915,4.654492855,1.335164189,2.501893759,1.525590897,3.673915148,2.620240927,4.03114748,2.440906525,2.373687983,1.442160964,1.90162766,3.686701536
2483,0.1643435508,0.2539586425,1.5524863,4.195501804,3.874990463,3.155867815,4.18108511,2.304139853,3.166829824,1.877704501,3.805297136,2.934931993,4.016177177,2.680187225,2.570975542,1.465067744,2.321363449,3.696591616
2484,0.1769344062,0.2663343251,1.447761536,4.225367069,3.887081146,3.08906436,4.336681843,2.066685438,3.033066034,1.788612008,3.809804916,2.898072243,4.035799026,2.620214462,2.506246805,1.486002326,2.26127243,3.699672937
2485,0.1353809983,0.3001291454,1.529446244,4.253740788,3.898537636,3.047386885,4.46873045,2.079090118,3.053455353,1.89984858,3.869535208,3.019542456,4.054586411,2.691636086,2.567811489,1.504091382,2.421228647,3.704903603
2486,0.1626148075,0.3672428429,1.836043,4.293567181,3.868316412,3.065701246,4.075158596,3.161846876,3.703357458,2.252309799,4.006471634,3.330581665,4.057708263,2.915807009,2.754187822,1.524887681,2.843414307,3.731240988
2487,0.1279696077,0.2923299968,1.101758242,4.315900326,3.880182266,2.968242645,4.360559464,1.865164399,2.942992449,1.461377144,3.786135912,2.710914612,4.073106289,2.401507139,2.258902311,1.544847012,1.987452626,3.716827393
2488,0.1377836913,0.3275385797,1.183469653,4.339257717,3.955251694,2.906840086,5.162811756,1.208720326,2.482223511,1.578288674,3.849559784,2.847697496,4.122042656,2.478252649,2.350462198,1.564521194,2.165609598,3.710367203
2489,0.1484539658,0.4859499037,2.00613904,4.378074646,3.915603399,2.977705956,4.581949711,2.83376956,3.559239626,2.501814127,4.157128811,3.621416092,4.120522022,3.063320875,2.878227234,1.582846999,3.231623411,3.745597839
2490,0.1091356874,0.3646301329,1.138008237,4.39118576,3.955973864,2.904486418,5.183006287,1.217693925,2.512674332,1.539221883,3.856940985,2.838921547,4.146652222,2.467656374,2.318721533,1.595962644,2.152331591,3.726573944
2491,0.1663857251,0.367610544,0.9998805523,4.398607731,3.916643143,2.821746826,5.098361015,1.174752951,2.481803179,1.386745453,3.800864935,2.712038755,4.128888607,2.361975908,2.198866844,1.612392306,1.990763307,3.705280542
2492,0.170764327,0.6254826188,2.209231615,4.430137634,3.885650396,2.923735857,4.603555202,3.18202877,3.777843237,2.754322052,4.257677555,3.866750002,4.128358364,3.213087082,2.983667612,1.621575236,3.580713511,3.737473488
2493,0.1308488101,0.6301278472,2.089705706,4.461032867,3.951284647,3.0025177,5.018340588,2.478433847,3.390164137,2.624153852,4.235367775,3.776329756,4.177307606,3.152926207,2.941321611,1.630839229,3.444197416,3.763667345
2494,0.1476695985,0.5499468446,1.574390054,4.469893932,4.026455879,2.993298769,5.869635105,1.109260082,2.464492083,2.044116974,4.037382126,3.298259735,4.220375538,2.822071791,2.650177002,1.635190368,2.785113335,3.755134583
2495,0.1642169505,0.4340758622,0.9229224324,4.453324318,3.843669176,2.867956877,4.683407307,1.517062783,2.766044855,1.283475041,3.719918013,2.602565765,4.117532253,2.327483177,2.111265182,1.63937664,1.883329391,3.706375122
2496,0.1916220635,0.6063489914,1.518781662,4.4596982,3.88819623,2.863200426,5.259156704,1.596972942,2.825720549,1.979337096,3.972355604,3.236425638,4.143492699,2.781636,2.554658413,1.641518593,2.731695175,3.69251442
2497,0.1261368245,0.4988553226,0.9738847613,4.451345921,3.804902792,2.7676754,4.93404007,1.338323236,2.634587049,1.343912721,3.704639196,2.658465147,4.095621109,2.371610403,2.133127689,1.645146728,1.985165119,3.649478197
2498,0.1721283197,0.6369697452,1.379778862,4.453537464,3.689631701,2.754580259,4.11967659,2.918510437,3.64189887,1.818131089,3.872708559,3.091558218,4.036224842,2.682732344,2.37863493,1.647603989,2.566535234,3.630759478
2499,0.1719822139,0.6303750873,1.250139832,4.459252834,3.761967897,2.727091074,4.992967606,1.622035623,2.843395948,1.676541686,3.81853199,2.983860731,4.076245785,2.590135574,2.314894199,1.650232434,2.431460142,3.607174635
2500,0.172000587,0.5637052655,0.926661253,4.449574947,3.675403595,2.641066074,4.667423725,1.56943953,2.801453352,1.285464883,3.625130892,2.608347654,4.025782585,2.330793858,2.037732124,1.651042461,1.965889573,3.559334755
2501,0.1442606896,0.583793819,0.8992054462,4.441338062,3.659621,2.559829473,5.007896423,1.204723477,2.524745703,1.246532798,3.578107834,2.567548513,4.012878895,2.301480055,2.002916574,1.651105285,1.935210705,3.508897781
2502,0.1190801039,0.3929446042,0.3514241278,4.418028355,3.592957258,2.332795382,5.408312321,0.4494211972,1.655358911,0.4954314232,3.114705086,1.691269517,3.964607239,1.672306657,1.393841386,1.649883866,0.9372837543,3.402684212
2503,0.1325917393,0.4527131319,0.4400531352,4.389757156,3.473921537,2.17103076,5.143187046,0.6144203544,1.88394165,0.607239902,3.128980637,1.820585847,3.887552261,1.78148222,1.458421111,1.649190903,1.106513739,3.31347847
2504,0.1093981937,0.6281704307,0.7912703156,4.373147488,3.348846436,2.123305321,4.451321125,1.502076983,2.707081079,1.073942661,3.345587015,2.349548578,3.813611269,2.165897608,1.770668983,1.649307847,1.750558019,3.263239622
2505,0.1392484456,0.4620781243,0.4319261312,4.356932163,3.261650801,1.973809123,4.481454372,0.8883482814,2.162694931,0.5334769487,2.973305464,1.676826596,3.757810593,1.70497787,1.319470286,1.648389816,1.000396132,3.172099829
2506,0.1351647526,0.6494308114,0.7513106465,4.34809494,3.160101652,1.936227798,4.04250145,1.792623997,2.893859148,0.9724292755,3.201193571,2.21194911,3.69913578,2.088776827,1.630753875,1.650851846,1.636951089,3.117630959
2507,0.1027984247,0.5604724288,0.587099731,4.340898514,3.135864973,1.849473357,4.484375477,1.064592004,2.298019409,0.6866857409,2.975913048,1.837581515,3.681647062,1.852458954,1.405040622,1.652230382,1.229597092,3.044876337
2508,0.09876248986,0.4312938452,0.5047655106,4.322101593,3.097335815,1.690629959,5.136755466,0.7186155319,1.598235011,0.4084148109,2.649115801,1.323753238,3.65008378,1.523290038,1.095903993,1.650655627,0.7299755216,2.941240549
2509,0.1077421531,0.4610189497,0.5601047873,4.29164505,2.987810135,1.566910386,4.992684841,0.7932423949,1.688182473,0.4489537477,2.608620644,1.350896478,3.576260328,1.570988178,1.10730505,1.649368882,0.7844384313,2.846788406
2510,0.1420932114,0.600497067,0.6795931458,4.266633511,2.847149611,1.522467017,4.205566883,1.220944881,2.361648083,0.6789454818,2.765795469,1.722791672,3.489013433,1.839275956,1.302998304,1.649129272,1.189908743,2.783950806
2511,0.113882862,0.4817612171,0.6523509026,4.245981693,2.734916687,1.426845193,3.906098366,1.133190036,2.237745047,0.4827855527,2.501757383,1.32487011,3.416788816,1.601706505,1.064880371,1.646908402,0.8063043952,2.700265884
2512,0.1118947044,0.556861639,0.727606535,4.234012127,2.680542231,1.379018307,4.004645824,1.242477417,2.333518982,0.5983583331,2.575492144,1.524266124,3.380599022,1.748978257,1.171665788,1.646368861,1.025574327,2.633748293
2513,0.1043646112,0.4819662571,0.8057637215,4.225661755,2.647884607,1.306580663,4.47013998,1.045895934,1.909462333,0.5221922994,2.371803284,1.255177021,3.357769012,1.622955918,1.051118135,1.648204207,0.7924919128,2.554148674
2514,0.0932925418,0.5182359815,0.8795640469,4.208702087,2.550468206,1.256368637,4.177350998,1.17107296,2.099728346,0.579621017,2.35191083,1.30599606,3.29636097,1.696055889,1.085847974,1.650186658,0.8676066399,2.483464956
2515,0.07227925211,0.3400090039,1.305213571,4.197183132,2.408017874,1.129728436,3.807001114,1.258372903,1.884575009,0.6386958957,1.924047828,0.750418365,3.210108757,1.419156194,0.8340429664,1.648495793,0.4904619753,2.372674942
2516,0.07878258824,0.3920041323,1.299737096,4.193916798,2.359369993,1.06059289,4.193738461,1.412657738,1.881163597,0.6528655887,1.979756951,0.9004275203,3.180111885,1.571302891,0.93450737,1.650280833,0.6035152078,2.285341024
2517,0.08144897968,0.3737908304,1.506871343,4.181225777,2.281427622,0.9981890321,4.281607151,1.644677281,1.847322464,0.7435810566,1.871408105,0.8300178647,3.129817247,1.596916318,0.9399299622,1.651105285,0.5944785476,2.198148966
2518,0.09362801164,0.3771059513,1.651012778,4.165406704,2.212454796,0.9521310329,4.415345669,1.899267197,1.852270722,0.8161356449,1.80898571,0.8236457705,3.083437681,1.66036129,0.9764184952,1.652143002,0.6230607629,2.11715579
2519,0.09709370136,0.3434556723,1.978832245,4.150042534,2.129971266,0.9086173177,4.422336102,2.308586836,1.859636784,0.9809239507,1.660003185,0.7153579593,3.029647827,1.682975292,0.9885541797,1.654333591,0.6179038882,2.03384304
2520,0.06717280298,0.4277555048,1.904186606,4.152227402,2.005722761,0.9177799225,3.527222395,1.882062793,2.290828705,0.9699625969,1.741409421,0.8909382224,2.960802078,1.859758019,1.099048615,1.671182036,0.7390466332,1.982837319
2521,0.1042134762,0.3730861247,2.275118589,4.151315212,1.909270167,0.9013780951,3.15552783,1.987404466,2.393292189,1.147456765,1.591874123,0.771504879,2.903597593,1.887544036,1.12172997,1.672544003,0.7214280963,1.914407253
2522,0.09203627706,0.3373897076,2.616369009,4.15530014,1.908524036,0.8862336278,3.956920624,2.695300817,2.179136992,1.318481088,1.492132545,0.7180294991,2.90384841,1.955304742,1.178519368,1.671405673,0.745243609,1.844732881
2523,0.0770899877,0.3015953004,2.981111765,4.132133961,1.753089786,0.8699209094,2.88931942,2.27093339,2.464951754,1.522565961,1.371672511,0.6566994786,2.801303148,2.012266397,1.232469082,1.666040778,0.7838711143,1.771233201
2524,0.07284925133,0.253916949,3.615833998,4.147442818,1.743953109,0.8655851483,3.646752119,3.366123199,2.330337286,1.885813117,1.237384677,0.598710835,2.801131487,2.122273684,1.337913156,1.66271162,0.8831449151,1.697999597
2525,0.05586839095,0.2435853481,3.896570206,4.142161846,1.643689036,0.8775401115,3.126502991,3.093903303,2.489547491,2.043215036,1.184032798,0.6132443547,2.737525702,2.241467476,1.439404845,1.660421014,0.9443181157,1.632727504
2526,0.05945345759,0.2183533758,4.443119049,4.153197289,1.592585564,0.901856184,3.23223114,3.704802752,2.573334217,2.368480921,1.096742511,0.6127725244,2.709692001,2.388638496,1.576561332,1.657377362,1.063193202,1.57022512
2527,0.06055099145,0.207100749,4.789062977,4.163581848,1.569036484,0.9425363541,3.662936449,4.817299366,2.715208292,2.563525677,1.054448009,0.6411260962,2.698951006,2.540167093,1.699479461,1.656426072,1.140556097,1.517279267
2528,0.08461090177,0.2618663609,4.174961567,4.160647392,1.522968173,0.9930440784,3.325684309,3.911001921,2.816316366,2.140745878,1.187017798,0.7612605095,2.669685602,2.626862764,1.712650776,1.663960099,1.022914767,1.491416931
2529,0.05252613127,0.1949330121,5.474767685,4.173280239,1.467607141,1.057399154,2.984469175,4.536951542,2.957198143,2.9945755,0.9711449146,0.7129771113,2.638651609,2.842536926,1.986256242,1.66673708,1.33783114,1.454539895
2530,0.07105853409,0.201175347,5.626819611,4.211756229,1.426315665,1.143373489,2.498523474,3.952324629,3.113234282,3.058998823,0.9879143238,0.7726601958,2.625250101,3.016771317,2.136182785,1.680623651,1.369664192,1.439236522
2531,0.06978272647,0.1847426444,6.389560223,4.262665272,1.432006836,1.235897303,2.830461264,5.171407223,3.304890394,3.536427259,0.9314007759,0.8275157809,2.648623705,3.265442848,2.372256517,1.689326406,1.573588014,1.423074722
2532,0.07143513113,0.1868998855,6.479690552,4.298162937,1.417284131,1.329590797,2.597980261,4.894121647,3.429079771,3.554074526,0.9567142129,0.8809003234,2.650234699,3.427768946,2.506117105,1.700037122,1.576685786,1.417875767
2533,0.06920908391,0.186864689,6.717212677,4.341968536,1.42458725,1.425515294,2.621783733,5.228084087,3.591884613,3.673667908,0.9702302814,0.9374030232,2.670175552,3.611547709,2.66131568,1.712963104,1.625322342,1.422122598
2534,0.07211048156,0.169633314,7.493442535,4.370807171,1.41062355,1.520819068,2.29795742,5.122463703,3.705644608,4.181119919,0.9148657322,1.002785087,2.666514158,3.857544899,2.934620142,1.715445995,1.849906921,1.418935418
2535,0.0690959096,0.1638737172,8.149500847,4.430765152,1.440315604,1.640882492,2.717767715,6.84629631,4.050028324,4.587105274,0.9025004506,1.084866524,2.709587097,4.127321243,3.175136328,1.726586342,2.02829361,1.43225193
2536,0.08754551411,0.1633488834,8.055939674,4.45311594,1.450005531,1.736979604,2.619325399,6.688358307,4.144291401,4.480543613,0.9425442815,1.118659616,2.72070694,4.241253376,3.259190321,1.731902957,1.96415329,1.4448241
2537,0.08376093954,0.1516742557,8.695794106,4.451273918,1.445522428,1.820320487,2.46517396,6.930828094,4.264605522,4.909556389,0.902844429,1.187785983,2.711087227,4.448985577,3.492015839,1.722156405,2.159217596,1.443500161
2538,0.08319478482,0.1451000571,9.449288368,4.452522755,1.447002292,1.916701317,2.545815468,8.085824966,4.541596889,5.418520451,0.8671167493,1.2783916,2.708368301,4.68836832,3.746003389,1.708984971,2.399187088,1.443808436
2539,0.07559689134,0.1400227845,9.109869957,4.462225437,1.463318825,2.007489443,2.379821539,7.447727203,4.528530121,5.133481503,0.918106854,1.275366426,2.716520309,4.73526001,3.765445471,1.706980228,2.23186183,1.462571621
2540,0.06677704304,0.1384012848,9.913047791,4.469274998,1.478612781,2.107974768,2.066672564,7.027421474,4.542058945,5.6913414,0.8902115822,1.384480834,2.717967272,4.994869232,4.077487946,1.697780252,2.50524354,1.478183389
2541,0.07591891289,0.1331682801,9.839398384,4.489604473,1.498654723,2.192141771,2.246248007,7.96133852,4.799026012,5.578412533,0.9238989949,1.390952468,2.737601042,5.089197636,4.126644611,1.690816402,2.408800125,1.499489903
2542,0.07117328048,0.1335155964,9.843234062,4.491373539,1.516999722,2.26111269,2.420784235,9.043566704,5.086900234,5.554755688,0.9473662972,1.415019393,2.749461412,5.178024292,4.186132908,1.682795882,2.378152847,1.521618247
2543,0.08268938214,0.1459394693,10.94649887,4.476219654,1.546710968,2.361813307,1.961297154,8.019070625,4.94730711,6.370027542,0.9124594331,1.58575666,2.746714354,5.491876125,4.598874092,1.668126583,2.811349869,1.543497682
2544,0.06284564734,0.1452314556,10.95132446,4.495526791,1.566163063,2.456908464,2.301641703,10.2123642,5.49784708,6.322643757,0.9453356862,1.601437211,2.770050049,5.597522736,4.64696455,1.65901053,2.74894309,1.575696945
2545,0.07203162462,0.1648278236,11.71254444,4.476245403,1.6154989,2.562925339,1.774520278,7.98431015,5.076146603,6.893981934,0.9445624948,1.75016892,2.772405624,5.843848705,4.999500751,1.641615868,3.063847303,1.603521347
2546,0.06724188477,0.1856030673,12.41801739,4.496105671,1.631318092,2.683510065,2.004631996,10.5486412,5.731112003,7.364531994,0.9586854577,1.870117188,2.791615486,6.110164642,5.243369102,1.623380661,3.28693223,1.637230873
2547,0.06895532459,0.1997413486,12.75895309,4.503683567,1.678699851,2.815213442,1.911092162,10.62317181,5.835851192,7.598466873,0.9937728047,1.960028052,2.815220594,6.291027546,5.445581913,1.609276175,3.401815176,1.682578683
2548,0.06764557213,0.2039458007,12.75482082,4.521477699,1.712988853,2.938898802,2.104233027,12.62063122,6.408926487,7.567520142,1.041252136,1.99032557,2.845003366,6.395422459,5.509851933,1.599875569,3.359900713,1.736730933
2549,0.06495692581,0.2158317119,12.81634617,4.50476408,1.772190928,3.0440979,1.898204803,11.67190552,6.248553753,7.630395412,1.084300041,2.052156448,2.864611864,6.485293865,5.637842655,1.585020423,3.400267839,1.785106301
2550,0.06413694471,0.2457240969,13.35042477,4.497318745,1.830436349,3.160430193,1.772940636,11.58182144,6.296180725,8.042807579,1.124270439,2.19689846,2.887538195,6.696984768,5.897924423,1.566863418,3.640464067,1.835349083
2551,0.0667187348,0.2615938485,13.37307739,4.48542738,1.897436261,3.255731583,1.613140106,10.2487545,6.011425018,8.053526878,1.16481936,2.233254671,2.909678698,6.770216465,6.015805721,1.545362115,3.630692244,1.880716681
2552,0.07381626219,0.2869176269,13.60629654,4.49078989,1.942037106,3.350594521,1.599224448,10.84359646,6.22637558,8.206088066,1.20544529,2.2992239,2.933518648,6.906879425,6.159039021,1.524647355,3.692540884,1.930464745
2553,0.06869732589,0.3322603703,14.30931187,4.508579254,1.995598674,3.479602575,1.60456121,12.21884441,6.667545319,8.731067657,1.261968613,2.479590178,2.969208002,7.182945251,6.454424381,1.50716579,3.992340326,1.995188355
2554,0.07778918743,0.3443680108,13.96703339,4.485646725,2.050400972,3.55040741,1.529296279,11.39452076,6.484821796,8.465942383,1.299996376,2.436618805,2.983423948,7.139863491,6.428529263,1.481503844,3.813710451,2.038625479
2555,0.07492353767,0.3884618282,14.46667194,4.493899822,2.102249384,3.658288956,1.523635507,12.59066772,6.877237797,8.847529411,1.359302044,2.583204269,3.014680862,7.351750851,6.656154633,1.461548805,4.034282207,2.10215354
2556,0.08289350569,0.4101114571,14.44933796,4.492626667,2.153805733,3.752256632,1.513964534,13.35945892,7.150810719,8.841719627,1.415464044,2.624051332,3.042588472,7.414519787,6.718856335,1.441284299,4.02459383,2.165165663
2557,0.0807775557,0.4233438075,14.20918274,4.481334209,2.253141165,3.823539019,1.424550653,11.36862564,6.638292789,8.681960106,1.469210148,2.624710083,3.084016085,7.403037548,6.760370731,1.421175838,3.932537079,2.225543737
2558,0.07767320424,0.4761165679,14.67160702,4.486670017,2.271444082,3.909116745,1.445344925,14.11966705,7.479631901,9.044654846,1.533790588,2.771349669,3.101996183,7.596923828,6.935060978,1.399047256,4.14827013,2.28869319
2559,0.08644797653,0.4914972782,14.46956158,4.475161076,2.364893913,3.982938051,1.381959319,12.78237534,7.14440155,8.927527428,1.595056891,2.790869951,3.143615007,7.591918945,6.973794937,1.379149079,4.092608929,2.354338169
2560,0.08776605874,0.5515366793,15.05359745,4.482905865,2.411213636,4.088366508,1.374081492,14.92873096,7.833330631,9.410916328,1.683155537,2.997411966,3.175993681,7.82740593,7.217830181,1.359251022,4.408420086,2.429951191
2561,0.08996351808,0.557839334,14.76322174,4.481566906,2.499924421,4.176716328,1.337239623,14.37001324,7.729623318,9.22925663,1.75274694,3.002854109,3.22335124,7.802276611,7.215767384,1.342261672,4.316910267,2.507642031
2562,0.09718734026,0.5960195661,14.95068073,4.480258465,2.55162406,4.2682271,1.319955707,16.02277756,8.279182434,9.426433563,1.839928627,3.132829666,3.255540133,7.914126873,7.33234024,1.322723866,4.47107935,2.58465457
2563,0.1002990007,0.6284014583,15.09192181,4.474687099,2.647813082,4.372941971,1.284144759,15.92454815,8.310668945,9.608500481,1.939596295,3.274202347,3.30605197,8.01248455,7.475819111,1.30459094,4.635050297,2.669033051
2564,0.09967594594,0.670252502,15.31356812,4.465231419,2.758304834,4.480948925,1.266538501,15.15228558,8.128188133,9.852723122,2.042929888,3.436856508,3.359510183,8.129799843,7.658462048,1.282018304,4.839517117,2.750433922
2565,0.09652617574,0.6666710973,14.79995823,4.457290649,2.860526323,4.547964573,1.28346324,13.67791462,7.711936951,9.495123863,2.097702265,3.373239279,3.408867121,8.013362885,7.577878952,1.258959174,4.630150318,2.822019577
2566,0.1127453819,0.7218503356,15.17715454,4.472419262,2.928591967,4.64652586,1.244449019,14.95961285,8.172574997,9.838944435,2.207271338,3.561824083,3.455184698,8.18937397,7.771568298,1.238638043,4.883739471,2.907705307
2567,0.102573745,0.6839935184,14.24663067,4.47539854,2.987553835,4.682193279,1.211803079,14.88485718,8.195759773,9.149147987,2.237443209,3.373595953,3.493038893,7.938138485,7.498325348,1.220540643,4.454179764,2.98089695
2568,0.1028716862,0.6699612737,13.56864452,4.463181973,3.069196701,4.673836231,1.236648798,13.67530823,7.836444855,8.689880371,2.280600071,3.275933504,3.533525705,7.744569302,7.324726582,1.201479435,4.201607227,3.039647102
2569,0.1164943203,0.7592251897,14.36879253,4.461430073,3.158471346,4.730543613,1.262829423,14.12372303,8.019470215,9.409919739,2.425630569,3.623354197,3.581523895,8.039373398,7.684900761,1.179467797,4.737902164,3.111753464
2570,0.1122162119,0.8392796516,15.02871227,4.479753971,3.247924566,4.842495918,1.254040241,15.10901356,8.396466255,10.0050869,2.577297926,3.932124376,3.639721632,8.308128357,7.996198654,1.159209728,5.189792156,3.203344584
2571,0.1242900267,0.7982459068,14.13454819,4.481451511,3.277971983,4.884149075,1.156377435,16.01063728,8.732284546,9.341106415,2.599126577,3.738075972,3.663891554,8.047678947,7.698907375,1.13782537,4.770214081,3.274382591
2572,0.1321608126,0.8518617749,14.39089108,4.466076851,3.38397336,4.946948528,1.223253846,15.38252544,8.554623604,9.648940086,2.727900743,3.953267813,3.714492083,8.157381058,7.876286983,1.11269784,5.057156086,3.34560132
2573,0.1498129368,0.8663446307,14.08525848,4.45004797,3.503068924,4.988219738,1.386300206,13.45846844,7.925477982,9.483524323,2.797893286,3.964626312,3.768793106,8.072319984,7.856496334,1.086279273,5.000611782,3.407594919
2574,0.1344584078,0.8468719125,13.44488525,4.456099033,3.562297821,5.001309872,1.381175399,13.16817951,7.855112076,9.019413948,2.82537365,3.835283995,3.806296587,7.881278515,7.663053989,1.064606547,4.714231014,3.470148087
2575,0.1325434893,0.8785565495,13.33202648,4.453690052,3.520976305,5.009460449,1.09689641,16.57996941,9.04705143,8.99985218,2.90243721,3.896065712,3.794695854,7.861436844,7.587940216,1.041132569,4.751698017,3.526234627
2576,0.1260417402,0.8986809254,13.26948166,4.437721252,3.610953569,5.039659977,1.154966831,16.08142281,8.903906822,9.066866875,3.016102552,4.028607845,3.839721441,7.856494427,7.631261349,1.01868248,4.893546581,3.591121674
2577,0.1423764974,0.868029356,12.65381908,4.425466537,3.784190178,5.04170084,1.556757808,12.18427277,7.557949066,8.668982506,3.063248873,3.951033831,3.923209429,7.653710842,7.523005009,0.9975078702,4.696028233,3.648551702
2578,0.1230304018,0.8699267507,12.21523762,4.425888538,3.792591095,5.015776157,1.427302361,12.99707317,7.868278027,8.376991272,3.096251488,3.885806084,3.933941841,7.509992123,7.357866287,0.9759247303,4.537960529,3.693193674
2579,0.1256297082,0.9385412335,12.53210449,4.425412655,3.854856491,5.033768177,1.463762879,13.38052845,8.026377678,8.727359772,3.233696699,4.125146866,3.970003843,7.640710831,7.523126125,0.9529250264,4.861555576,3.748731613
2580,0.1368691921,0.9072745442,11.91309834,4.431032181,3.895307541,5.02568531,1.430148721,13.37118816,8.046849251,8.294360161,3.255714417,4.004553795,3.999310732,7.433923244,7.30992651,0.9332332611,4.611970425,3.801496506
2581,0.1197664738,0.863768518,11.18509388,4.431474686,3.905164719,4.980464458,1.322811604,13.83481312,8.23392868,7.783411503,3.261732101,3.849979401,4.012358189,7.176433563,7.029066563,0.9152432084,4.317416191,3.842929125
2582,0.1246263683,0.9618881345,11.79836273,4.422378063,4.030149937,5.000275612,1.634565353,12.68209553,7.825920582,8.409650803,3.461625814,4.246863365,4.074707508,7.414468288,7.356010437,0.8925075531,4.876942158,3.893853426
2583,0.1119478121,0.9043469429,10.94277096,4.425245762,4.053179264,4.971026897,1.58289206,12.48584843,7.769574642,7.771551609,3.433188677,4.014168262,4.093498707,7.104326725,7.02973175,0.8729684949,4.469547749,3.93334651
2584,0.09931307286,0.9136583805,10.76435852,4.433188915,4.014951706,4.955615997,1.260180354,15.03285217,8.728446007,7.712769985,3.511464119,4.070841789,4.086870193,7.051615238,6.932680607,0.8549426198,4.506072998,3.979288816
2585,0.07758936286,0.9478340149,10.88507843,4.427690983,4.155618191,4.97367239,1.639181733,12.98984432,7.992643833,7.937738895,3.662916183,4.296041965,4.160272598,7.109594822,7.074754238,0.8351307511,4.78921032,4.031411648
2586,0.1228225902,0.7359182239,8.785327911,4.42803812,4.180723667,4.839286327,1.732008338,10.6200285,7.096074581,6.2572999,3.413619041,3.524211168,4.179056644,6.287248135,6.222753048,0.822075069,3.605494261,4.041926384
2587,0.08552571386,0.8237861991,9.251450539,4.429490566,4.075517178,4.777360916,1.206792355,14.98703098,8.762940407,6.753107548,3.59248805,3.867061615,4.136036396,6.479679108,6.35421133,0.8058317304,4.07167244,4.064777851
2588,0.08759453893,0.7217092514,8.315611839,4.421710491,4.106151104,4.684390545,1.261267543,13.98176575,8.402047157,6.092522144,3.558186769,3.637612581,4.157297611,6.10345602,5.981522083,0.7940821052,3.695281267,4.084005356
2589,0.08675823361,0.6793023944,7.861085892,4.412355423,4.168517113,4.590240479,1.480572224,12.50320911,7.849036694,5.840105534,3.603383303,3.619458199,4.192468643,5.915983677,5.826529026,0.7819870114,3.630996704,4.096914291
2590,0.1063073948,0.460678339,5.728155613,4.404492855,4.207903385,4.337220192,1.868081927,8.385325432,6.202955723,4.148664474,3.275857925,2.781028032,4.2146945,4.984608173,4.895132542,0.7757744789,2.454870462,4.058748722
2591,0.1086766496,0.4011933804,4.860347748,4.401898861,4.072998047,4.057462215,1.515378356,9.34987545,6.603248119,3.524739027,3.166419268,2.504791021,4.152083874,4.578821182,4.416780949,0.771563828,2.086882591,4.002403736
2592,0.1060570106,0.3720600307,4.392261982,4.394624233,4.07723093,3.802821398,1.832757592,7.721821308,5.919760227,3.250235796,3.154554367,2.438553095,4.156642914,4.349382877,4.197005749,0.7677553296,1.994608521,3.944895983
2593,0.1420905143,0.3611671031,4.136488914,4.397753716,3.978107452,3.593022585,1.594443202,8.863710403,6.405928135,3.132818222,3.179171324,2.451958418,4.113577366,4.22362709,4.026074409,0.7649829388,2.003507137,3.899495125
2594,0.1082165241,0.3385146558,3.81218338,4.395562649,3.939116716,3.40502739,1.658094525,8.557984352,6.279524326,2.961340904,3.19311595,2.439179659,4.098529816,4.059984207,3.850081205,0.7618201375,1.978788018,3.851547241
2595,0.1332405955,0.3175472021,3.507867098,4.394710064,3.92975235,3.23875308,1.874500394,7.611032963,5.877483845,2.797497511,3.205146074,2.425792456,4.098279476,3.90362668,3.695738077,0.7589215636,1.954358697,3.804695845
2596,0.1203642115,0.2130641788,2.372209787,4.400762558,3.859872818,2.999740601,1.897979379,6.19917345,5.255843639,1.88788259,2.947235823,1.889650941,4.068762302,3.286122561,3.052867174,0.7613329887,1.310902953,3.736500978
2597,0.1280786395,0.1654558331,1.720173836,4.409706593,3.889971972,2.743290663,2.574982405,3.61680603,4.001585484,1.393366933,2.807171583,1.605896473,4.089799404,2.890048265,2.678282738,0.7681780457,0.9955377579,3.659725904
2598,0.09736106545,0.1379906684,1.076695204,4.411403656,3.750133514,2.443807602,2.424479485,3.178784132,3.764801025,0.883699894,2.596854448,1.248151302,4.017546177,2.439948082,2.187482595,0.7730565071,0.6440352201,3.552504778
2599,0.1002387702,0.1508169174,1.119655371,4.419576168,3.590267897,2.228249311,2.004670858,4.561415672,4.490171432,0.9703391194,2.676808596,1.383380771,3.938251495,2.471301794,2.16251874,0.7820718288,0.7727648616,3.470057726
2600,0.1014977619,0.169615224,1.231781363,4.431478977,3.60617137,2.08540225,2.538840294,3.671453714,4.04105711,1.128376365,2.80722928,1.594047666,3.952730894,2.554132223,2.250720263,0.7916636467,0.9829141498,3.407569885
2601,0.1179283038,0.144713074,0.7195875049,4.434758663,3.434010744,1.891453147,2.082321167,3.976908445,4.202231884,0.6848343015,2.59126544,1.23370707,3.862512589,2.139220238,1.795745015,0.7985714078,0.6314580441,3.314564943
2602,0.08131188154,0.1514385343,0.2611189783,4.433497906,3.335855484,1.623515725,2.343628645,2.211801529,3.205619097,0.2630449235,2.270781755,0.7556287646,3.806936264,1.574546456,1.24323082,0.8033595085,0.2686044872,3.179777384
2603,0.08699641377,0.1577133983,0.2781959474,4.433652401,3.285975456,1.428565383,2.822259903,1.654068351,2.830295324,0.2874906361,2.3239429,0.8412699103,3.776643038,1.577948928,1.23470068,0.8128037453,0.322046876,3.068721533
2604,0.156921342,0.1682692766,0.3106360137,4.431346893,3.17276454,1.287957311,2.758691788,1.918626428,3.013291121,0.3285845518,2.384279966,0.9472438693,3.710903168,1.610710621,1.233053565,0.8226411343,0.3989145756,2.972995758
2605,0.1272693127,0.1832334399,0.3059747517,4.424882889,3.000287294,1.161832452,2.347124338,2.602563143,3.440781593,0.3168561757,2.363262892,0.9516924024,3.611558199,1.562928677,1.138859868,0.8232715726,0.4105746448,2.863293886
2606,0.08884289116,0.2043793648,0.3898443282,4.424696445,2.960725784,1.090991497,2.705101728,2.371663094,3.300780535,0.4224664271,2.484643936,1.160670996,3.587978363,1.679832935,1.226779342,0.8258385658,0.5890469551,2.779720306
2607,0.1572456807,0.2436828762,0.5227347612,4.428045273,2.869143248,1.07074964,2.479846716,3.342028856,3.862524271,0.5967870355,2.647720575,1.442864418,3.537527323,1.84787333,1.341813087,0.8309723735,0.8606861234,2.724683046
2608,0.2175139189,0.2280435413,0.3678798676,4.425732136,2.812177896,1.000351548,2.727717638,2.155834436,3.165395975,0.3389448822,2.3920331,1.064081669,3.502620697,1.522410035,1.0408144,0.8329207301,0.5172371864,2.640005827
2609,0.1591871083,0.2549675405,0.4888921678,4.414638042,2.685396433,0.8673477769,2.634451628,1.369198918,2.600152969,0.2440748215,2.012222052,0.5623349547,3.420999765,1.083938599,0.6506192684,0.8411910534,0.1921436042,2.531408548
2610,0.1382179856,0.2701918781,0.5740033984,4.403557301,2.658163071,0.758887291,3.376998901,0.8195943832,2.039715052,0.2643885911,2.005733252,0.5817713141,3.395230055,1.073763847,0.6326615214,0.8446702957,0.2021047622,2.422679186
2611,0.1493582577,0.3120397031,0.873267591,4.374380589,2.483409882,0.6366602778,3.051593065,0.8326577544,2.013360262,0.386996001,1.817010283,0.4070258141,3.277107477,0.9279594421,0.4904215336,0.8411399722,0.1593619883,2.2912395
2612,0.1606205553,0.3404223919,1.108447671,4.351135731,2.348703146,0.5312640667,3.09564209,0.8104152083,1.904707551,0.4842571318,1.728698254,0.3565400541,3.18388176,0.8982174993,0.4452735484,0.834733665,0.161895439,2.156996012
2613,0.1361317039,0.3560055196,1.266117215,4.323182583,2.228436232,0.4538156688,3.058340788,0.8338660598,1.902456284,0.5365946293,1.697474122,0.354087323,3.094844103,0.8928198814,0.4260383844,0.8374894261,0.1621115655,2.047389746
2614,0.1413410157,0.3736495972,1.452347875,4.295086384,2.137520075,0.3925359249,3.23085475,0.8134813309,1.76529181,0.6037558913,1.660971284,0.3448830843,3.022094727,0.8855903149,0.4122059643,0.8418391347,0.1633212417,1.945450664
2615,0.2070185989,0.4283664227,1.969142914,4.257752895,1.996910691,0.3343300819,2.896205187,0.8336483836,1.767334461,0.8786227107,1.531415462,0.249768734,2.913266182,0.8135971427,0.3755143881,0.8533902168,0.205004409,1.846353531
2616,0.1544873267,0.6109462976,3.500001192,4.206939697,1.867941856,0.2533702552,3.062291384,1.121067524,1.294325829,1.863861442,1.263091803,0.1330613047,2.800986052,0.7301256657,0.406039089,0.8533902168,0.5775099397,1.706387877
2617,0.2309178114,0.4353737831,2.221548796,4.17365694,1.785237908,0.2322226763,3.153367281,0.8889217377,1.643421173,0.9077621102,1.542647004,0.3078947961,2.728767395,0.8582311273,0.3913497627,0.8602194786,0.1798456162,1.621334434
2618,0.2333581001,0.4313672483,2.265388489,4.139467716,1.712072968,0.2181748301,3.284976721,0.9254825115,1.610351443,0.883292377,1.554127574,0.3455330431,2.662675858,0.8941243291,0.4052271843,0.8646772504,0.1707114428,1.542384982
2619,0.2500760257,0.4166896045,2.12909317,4.106268406,1.655755401,0.2120442837,3.504189253,0.963051796,1.600973725,0.7639718652,1.609355569,0.4362284243,2.608890533,0.9576992989,0.4239369631,0.8664875031,0.1756207198,1.473232627
2620,0.1849352121,0.4754737318,3.060272932,4.055335522,1.554950595,0.1941523552,3.464702606,1.206802368,1.384905338,1.271708608,1.371523499,0.2445875257,2.51835084,0.9124673009,0.4533869922,0.8625069261,0.2099137157,1.382091522
2621,0.2122457772,0.4933938086,3.447255373,4.000589371,1.472574115,0.1814293116,3.564698458,1.422947049,1.299622536,1.461171746,1.301813364,0.2183614969,2.436032295,0.9325057864,0.4895738065,0.8630623221,0.2381206751,1.298523068
2622,0.2611090541,0.5102143288,3.865666628,3.939604998,1.372885823,0.1711348444,3.517341375,1.59921205,1.270381451,1.670860648,1.223642707,0.1926261634,2.340576172,0.9672883153,0.5401992202,0.8569744229,0.2743602991,1.208834052
2623,0.2263866216,0.5390279889,4.44066,3.873015165,1.234046578,0.1653426737,2.944648027,1.415964127,1.371382594,1.98476696,1.132264733,0.1660698801,2.215902567,1.011207223,0.6224723458,0.8503103256,0.3473857939,1.119020581
2624,0.1910884529,0.5613455176,4.978965282,3.819757462,1.175382972,0.1653759331,3.454995394,2.138097763,1.219652534,2.257493019,1.062729955,0.1547435671,2.148597717,1.081662416,0.7015345693,0.8391523361,0.4048593938,1.027102828
2625,0.2672805488,0.6038185358,5.764331818,3.744719505,1.059894919,0.1731591225,3.255544662,2.383878469,1.224518299,2.713557243,0.9635784626,0.1487168968,2.03421402,1.170925021,0.835262835,0.8233955503,0.5424335599,0.9307444692
2626,0.2386287451,0.7418667674,7.479424953,3.660521507,0.9465460777,0.1966418475,3.313498259,3.55210042,1.208645344,3.827532053,0.8205673695,0.211561814,1.914643407,1.361626506,1.126782298,0.7985402942,0.9918486476,0.8188891411
2627,0.288618952,0.690032959,7.4539361,3.5691154,0.8355669975,0.2277195454,3.092409372,3.264147997,1.236817718,3.699560881,0.8114272952,0.1979023367,1.791846275,1.400519729,1.161813736,0.7813937068,0.8687982559,0.7270010114
2628,0.3162020147,0.6794393063,7.803504467,3.484059095,0.7350211143,0.2650616169,2.934925795,3.302434206,1.266274929,3.839453936,0.7794821858,0.207097277,1.678533912,1.483323574,1.261229277,0.7615725994,0.8745676875,0.6402673721
2629,0.2805809677,0.6889176369,8.361154556,3.40123105,0.6518185735,0.3098059595,3.015557051,3.895702362,1.306236744,4.123866558,0.7385410666,0.2302245498,1.57817173,1.597180367,1.395892024,0.7387825847,0.945763588,0.556943953
2630,0.2604740858,0.5578382015,7.455913544,3.319694519,0.5892062783,0.3337939084,3.019107819,3.463055849,1.316597104,3.395171881,0.7707222104,0.1697574258,1.493156075,1.533689618,1.260823846,0.727342546,0.5872024894,0.4987603724
2631,0.291007489,0.7038022876,9.400693893,3.227558851,0.4945884645,0.3916734159,2.746305227,4.287515163,1.378421783,4.672414303,0.6693387032,0.2885801792,1.379177094,1.819803596,1.680294037,0.6992661357,1.099347234,0.4220515192
2632,0.2040901333,0.5513930917,8.30657196,3.148025513,0.4412538111,0.4183587134,2.801084757,3.870145082,1.382113814,3.799536467,0.6907669902,0.1911848336,1.301226139,1.724167347,1.498029828,0.6837345958,0.6663153172,0.3700639307
2633,0.2290995568,0.3564222157,6.133440495,3.086718798,0.4173383713,0.3858402967,2.906101227,2.881510019,1.380447865,2.303195953,0.8016303182,0.1667245775,1.256668687,1.508888245,1.099103332,0.6793997884,0.1796205044,0.3447593153
2634,0.1998619288,0.3365257084,6.150502682,3.023442507,0.37839517,0.358975172,2.629719257,2.607406616,1.403278828,2.282446384,0.7730288506,0.1663465053,1.199961782,1.543517709,1.133010864,0.6719069481,0.1695302725,0.3201622069
2635,0.1908519268,0.4152218401,7.730096817,2.950645447,0.3468555212,0.3657696545,2.736697435,3.779356003,1.426235795,3.260787725,0.6540560126,0.1554913372,1.142733097,1.754583716,1.460098863,0.662346065,0.4118053019,0.2875860631
2636,0.2296885848,0.344253391,7.088445187,2.880105257,0.3123379648,0.3555349112,2.542564631,3.185559034,1.413928628,2.799179792,0.6665322781,0.1468063593,1.084670544,1.701391339,1.359701157,0.6549013257,0.2643781602,0.2631419003
2637,0.1658325344,0.3255239129,7.158703327,2.8150208,0.2828931808,0.3459065855,2.410557985,3.116376877,1.422258496,2.807561874,0.641561687,0.146060586,1.032835126,1.738542199,1.400016189,0.6469913721,0.2565857172,0.2407402247
2638,0.1989067644,0.2808725536,6.746077061,2.7566154,0.2726568282,0.3251225948,2.643057108,3.388305902,1.438248634,2.514093161,0.6475724578,0.1519501954,1.001049876,1.709210396,1.321971893,0.6430618763,0.1833216101,0.2246880978
2639,0.2509991825,0.2497069687,6.494590759,2.691706419,0.2553971708,0.3001996875,2.509153128,3.125560999,1.424266696,2.347412586,0.6444728374,0.1608317345,0.9598045945,1.685970426,1.284963965,0.6440524459,0.152232945,0.2138225287
2640,0.2591800392,0.2761574686,7.345843792,2.621417046,0.2404945344,0.2958362997,2.627335072,4.011428833,1.476642013,2.86878562,0.5774499774,0.1497538835,0.9185028076,1.811143994,1.472574592,0.6398978829,0.2577188313,0.1976820827
2641,0.1646675617,0.2046539932,6.26496172,2.557323217,0.2335512191,0.2697343528,2.688336134,3.557682991,1.438599944,2.189474821,0.6187128425,0.1707264036,0.8878192902,1.670360565,1.250326991,0.6428337693,0.1280722171,0.1908127218
2642,0.1441563815,0.1994929314,6.517655849,2.486723185,0.2210091949,0.2539751828,2.662014008,3.85043335,1.456742167,2.34904027,0.5778793693,0.1588630229,0.8502460122,1.708177924,1.314619064,0.6412157416,0.1520543396,0.1810654402
2643,0.152763173,0.2344650775,7.504362583,2.405280828,0.1995514631,0.2586444318,2.525732279,4.467432499,1.51426971,2.974533796,0.5080741048,0.1563335061,0.7993840575,1.85749805,1.548930168,0.6335849166,0.2890295684,0.1657619774
2644,0.1955722123,0.2581707537,8.161595345,2.321148872,0.1771893948,0.2741048038,2.439482927,4.980898857,1.576245904,3.396883965,0.4681857526,0.1807889789,0.7459826469,1.9729532,1.719548225,0.6221027374,0.4116266966,0.1481575072
2645,0.1259116679,0.1719314605,6.928690434,2.24853158,0.1689086109,0.2649935484,2.488949537,4.407058239,1.504259229,2.597591162,0.4872743785,0.1498180032,0.710695982,1.786101341,1.454477787,0.621076107,0.1986498237,0.1405122727
2646,0.1314157248,0.1448614299,6.589195251,2.175986528,0.1590082496,0.2520834208,2.408596992,4.196686268,1.474500299,2.39820838,0.4787703454,0.149922967,0.6746965051,1.734910846,1.392196655,0.6191909313,0.1634458005,0.1339351088
2647,0.09604245424,0.09952756017,5.508199215,2.116605282,0.1544155627,0.222723648,2.372328997,3.538869858,1.401291728,1.763856292,0.5066575408,0.180079177,0.6512206793,1.578122258,1.161680818,0.6181011796,0.09460470825,0.130941391
2648,0.1084807292,0.09471166134,5.633523941,2.055190325,0.1510113627,0.2035589963,2.440548897,3.988074541,1.448223233,1.860177398,0.4709897935,0.1637819111,0.628483057,1.597796082,1.196056485,0.6150903106,0.1009698287,0.1271827668
2649,0.1206677333,0.1364317089,6.901364803,1.980051637,0.1375806928,0.2124662846,2.26675272,4.871176243,1.569516182,2.664845943,0.3949491084,0.1501304954,0.5888588428,1.809310317,1.511817336,0.603577733,0.2409468144,0.119055368
2650,0.1241528392,0.08117109537,3.983582735,1.940069079,0.1427782923,0.1662783623,2.331843376,2.920801163,1.327308655,0.9937649369,0.5342984796,0.3045565188,0.5848303437,1.359342217,0.8490331769,0.6129167676,0.18030186,0.1225537434
2651,0.1410854459,0.08871684223,5.906835079,1.871781707,0.1349207163,0.1670070887,2.243526459,4.528794765,1.519717813,2.116738319,0.3804655075,0.1387528628,0.5544855595,1.643034935,1.295084476,0.6053518653,0.1457807571,0.1176366583
2652,0.1206969693,0.07679831237,5.564540386,1.807363629,0.1284852624,0.1643991619,2.126377344,4.241202831,1.48084271,1.934255242,0.3674930632,0.1384559721,0.5270921588,1.59320581,1.237211108,0.5989276171,0.1244986877,0.1142042875
2653,0.1371493936,0.06788352132,5.132064819,1.749977112,0.1266122609,0.1589523703,2.150555372,4.208552837,1.480237961,1.702823997,0.3597424924,0.1438459307,0.507778585,1.530310512,1.152499437,0.59319067,0.1052517667,0.1127679721
2654,0.1055608317,0.06457775831,4.899793148,1.688832283,0.123142451,0.1499219239,2.065934896,4.069228649,1.452584624,1.603234887,0.3460170925,0.1441790462,0.4852909744,1.483423591,1.10792625,0.5917377472,0.1014335826,0.1110817418
2655,0.091089122,0.06708949059,5.018191814,1.62731111,0.1210196242,0.1464613527,2.12784934,4.616467953,1.533387661,1.710241914,0.3178662956,0.1335128695,0.4643516839,1.497830987,1.141805649,0.5874599814,0.1144384742,0.1088125482
2656,0.08726402372,0.08004835993,5.455133438,1.558223724,0.1153705418,0.1522626132,2.008335352,5.044355392,1.605122566,2.017773867,0.2840348482,0.1317412406,0.4357919395,1.573696136,1.265263677,0.5788683295,0.1713853031,0.1059268191
2657,0.1147450581,0.08983880281,5.613939762,1.489480138,0.1108390763,0.1613193005,1.987343431,5.50292778,1.688841462,2.154723883,0.2637539208,0.1396576017,0.4083531797,1.605651498,1.322376609,0.568949759,0.2129004002,0.1029360518
2658,0.09828744084,0.0842018947,5.15122366,1.424575806,0.1089799628,0.1672146171,1.968582749,5.374074936,1.671748161,1.900244117,0.2522704005,0.1299054772,0.3855183125,1.526984692,1.232934356,0.5601088405,0.1686402559,0.1024456024
2659,0.1522711068,0.1018178686,5.449607849,1.347649693,0.1049000025,0.1740890294,1.972959518,6.089768887,1.796622276,2.138866901,0.2377758622,0.1485517025,0.3553600311,1.568714499,1.313777089,0.5541110635,0.2383263558,0.0994983837
2660,0.1547789723,0.09345493466,4.628741741,1.276539326,0.1022076234,0.1710405499,1.840888381,5.194615841,1.616674423,1.669318199,0.2304496169,0.1252132505,0.3293617666,1.399197578,1.127920508,0.5516434312,0.1459038407,0.09840324521
2661,0.09928963333,0.1010476649,3.810045242,1.220131278,0.1030683517,0.1616260111,1.868441939,4.75632143,1.532964349,1.221874595,0.2287791967,0.1259438843,0.3147712052,1.242180467,0.9393532872,0.5472304225,0.1008257493,0.09949699789
2662,0.09688955545,0.119851768,4.626089096,1.158866525,0.1058044732,0.1759322435,1.644756913,5.373874664,1.662703991,1.772884011,0.2071849853,0.1407534182,0.2953605354,1.40350771,1.173591018,0.5377016664,0.1995728463,0.1046036705
2663,0.08798152953,0.1268680841,4.048223019,1.104768276,0.1081716195,0.1791042089,1.501505494,4.660479069,1.526957989,1.453962922,0.1979359835,0.1272283047,0.2796447575,1.293787956,1.055781245,0.5302714705,0.1465267092,0.1080168858
2664,0.09103923291,0.153041169,3.087577105,1.059928775,0.109226048,0.1641656011,1.636035085,4.318519592,1.456424117,0.9295225143,0.2006752044,0.1352130622,0.2710506022,1.099096894,0.8167257309,0.5278397202,0.1104462147,0.1088477969
2665,0.08243247122,0.1594350338,3.211869001,1.005038142,0.1098982468,0.1573413759,1.725627899,5.140951157,1.617732525,1.052839398,0.183537364,0.1227292195,0.2576213777,1.107142329,0.8494324684,0.5242883563,0.112781547,0.109603405
2666,0.09925016761,0.1709564924,4.027276516,0.9341063499,0.1093844175,0.1670198888,1.531200767,5.97441864,1.789216995,1.620263696,0.1782998592,0.1574072987,0.2329408675,1.258753657,1.073713303,0.5149732232,0.2343205214,0.1103321686
2667,0.08799251169,0.1971210688,2.879896164,0.8851501346,0.1138221994,0.1653319001,1.5683676,5.040424347,1.593109608,0.9527614713,0.1656519771,0.1224597916,0.2239655107,1.020803452,0.798316896,0.5100135207,0.1174506918,0.1152746081
2668,0.07985471934,0.2371542007,2.334683418,0.8356879354,0.1157505214,0.1549513936,1.513115883,4.489957333,1.469681144,0.6931044459,0.1636390537,0.1331939697,0.2139149457,0.8958848119,0.6686196327,0.5071764588,0.1201882437,0.1171941459
2669,0.08471839875,0.3173047006,1.631743789,0.795865953,0.1161949262,0.1371995807,1.399844646,3.422837496,1.232757926,0.3817137182,0.1788876504,0.192921266,0.207744956,0.7381485105,0.4951092303,0.506735146,0.2030533105,0.1170729399
2670,0.06512348354,0.2838772237,1.950839996,0.7516883016,0.1180355772,0.1334121674,1.376387239,4.239062786,1.404820085,0.5846396089,0.1512664109,0.1319542676,0.1991561204,0.7844431996,0.5809604526,0.5040361881,0.1235936657,0.1189247593
2671,0.06872820854,0.3612380028,1.397630692,0.7147628665,0.1197583303,0.1268110722,1.38601172,3.683809042,1.277162194,0.3466844559,0.1630616337,0.1787155271,0.1945654303,0.6564073563,0.4442463219,0.502895236,0.1898848265,0.120385088
2672,0.06968723983,0.3312644064,1.627052307,0.6693665981,0.1213814616,0.1262667626,1.297088027,4.217750072,1.390284538,0.5030557513,0.14182356,0.1306642294,0.1849931926,0.684773922,0.5080100298,0.5003013611,0.1261421293,0.1219890937
2673,0.07081474364,0.3728339672,1.379170418,0.6316126585,0.1266381741,0.1294623762,1.223361373,3.887717485,1.314344287,0.4125961363,0.1439734101,0.1424662918,0.1805701256,0.6216165423,0.4561000764,0.4979473054,0.1416774541,0.1272317916
2674,0.07829582691,0.4916305542,0.8648748994,0.60226053,0.1286494732,0.1287483424,1.286956906,3.309332609,1.177430511,0.2183748335,0.1688934565,0.2224954516,0.1787300855,0.4986580312,0.3272404969,0.4973796904,0.2678571045,0.1289815307
2675,0.09412423521,0.4685124457,0.9103296399,0.5648172498,0.1289201677,0.1292002946,1.197508216,3.54738307,1.22388351,0.2601338923,0.1489893794,0.1708077937,0.1719950438,0.4865851402,0.3396175802,0.4970374405,0.1867870539,0.1290428191
2676,0.1035987362,0.4526253641,0.9912611842,0.5336475372,0.1393523514,0.1396374702,1.091646552,3.751880407,1.27737236,0.3319755197,0.1456602216,0.1497554332,0.1725997925,0.4984484613,0.3753966391,0.4962588847,0.1516611129,0.1395614594
2677,0.08437037468,0.5098483562,0.7809430957,0.5038120747,0.1444829553,0.1455447227,1.206764221,3.988844872,1.335695386,0.2613806427,0.1542598456,0.1699532866,0.1706941277,0.4391870499,0.3257842064,0.4947723448,0.1804609746,0.1447530985
2678,0.07600819319,0.5872641206,0.5710222721,0.4705847204,0.1464343369,0.1499304026,1.085406423,3.26693368,1.152636528,0.2046809196,0.165985465,0.2024735212,0.1663112044,0.372911483,0.2757851183,0.4939166009,0.2336556762,0.1465310007
2679,0.0865284279,0.6225437522,0.5006212592,0.4465711117,0.1563919187,0.1625871807,1.071750522,3.286963701,1.160766602,0.2056036443,0.1772447377,0.2139231563,0.1693309546,0.3470824063,0.2674151063,0.4950863421,0.2462928444,0.1564613134
2680,0.08556779474,0.563775003,0.5949897766,0.4182650149,0.1665234566,0.1717945486,1.110121846,4.283010483,1.416951537,0.2622035444,0.171184063,0.1755952835,0.1703260988,0.363620311,0.299721241,0.4945299625,0.176227048,0.1667234749
2681,0.1112027541,0.5923187137,0.5270393491,0.3882599771,0.1780236959,0.1815551519,0.8163273335,3.219602585,1.147458553,0.2564479411,0.1840304285,0.1863669157,0.1721730232,0.3373295367,0.2959758341,0.4942976534,0.1851256043,0.1776510477
2682,0.09980858117,0.7277264595,0.352153033,0.3697994649,0.1818661243,0.1895506531,0.9070870876,2.905729532,1.065903664,0.2216545343,0.2111387849,0.2446336746,0.1719119698,0.2729456723,0.2493409663,0.493939966,0.2794241905,0.1818696707
2683,0.090507783,0.7751204371,0.3220794201,0.3516331613,0.1912654191,0.2031191736,0.8106451631,2.509853125,0.962621212,0.2416780442,0.2301930189,0.2665562928,0.1758519858,0.2513557971,0.2463541031,0.4955900908,0.3077827692,0.1910639256
2684,0.07393985242,0.6648458838,0.3493879735,0.3304276168,0.1990644187,0.2084792703,0.7793936729,3.291891098,1.173993587,0.2338271737,0.2180407047,0.2125845701,0.1768188328,0.2600212097,0.2587533295,0.4943404198,0.2051304728,0.1987314224
2685,0.0822083354,0.7416793704,0.2936612666,0.3147046864,0.2115499228,0.2192848176,0.5331224799,1.934304237,0.8062277436,0.234376967,0.2424350232,0.2411616594,0.1835493594,0.2283054143,0.2485028505,0.4954950511,0.2418233156,0.209436968
2686,0.09018944949,0.9440386891,0.3783276379,0.3105983436,0.2198488712,0.2362404615,0.4644742906,1.028930187,0.548591435,0.382622391,0.3024228811,0.3606512547,0.1893265992,0.2150830775,0.2633968592,0.4979257286,0.4435753822,0.2175909281
2687,0.07524458319,1.070268989,0.5333312154,0.3077602386,0.2212741524,0.2553888261,0.4486084282,0.7552574277,0.4649070203,0.5508436561,0.3500679433,0.454022646,0.1902196258,0.22832416,0.2977921963,0.4986008704,0.6016466022,0.2201476097
2688,0.08138031512,1.048919559,0.5277869701,0.3053828776,0.225007847,0.2758372426,0.4507462084,0.8317528367,0.4889986515,0.5327058434,0.3544062674,0.4301767051,0.1921601295,0.2185901254,0.2975355685,0.4998011887,0.5455762744,0.224931553
2689,0.09438135475,0.8015624881,0.2742865384,0.3028254509,0.234741047,0.2809124887,0.445355922,1.503927588,0.6953222752,0.2764624655,0.3017480373,0.283544749,0.1985581368,0.1803223491,0.2388378382,0.5009709001,0.2735693455,0.2344713211
2690,0.1000720188,0.8751773834,0.3478824794,0.3011099696,0.2442150265,0.2909302413,0.4416948259,1.298636436,0.6381773353,0.3444541991,0.3356144428,0.3222868443,0.2047229558,0.1793197244,0.2564265728,0.5029181242,0.3261006773,0.2440016121
2691,0.0911776796,0.8670737147,0.3547581732,0.302862972,0.2592415512,0.3028052747,0.3451982439,0.8687083125,0.5095663667,0.3478320837,0.3563045263,0.3303846121,0.2170449495,0.1758961529,0.2575832903,0.5070773363,0.3217977583,0.2577963769
2692,0.1092128754,0.6637356877,0.2034272105,0.3114118278,0.2763280272,0.3005384505,0.310611248,1.179204464,0.619920969,0.2419323474,0.3439083397,0.3109127581,0.232857421,0.176722154,0.2305624634,0.5086516738,0.2791810334,0.2721480131
2693,0.1159877777,0.5340359807,0.2109192163,0.3202983439,0.2912268639,0.2910337746,0.2852624357,1.270058513,0.6611464024,0.2977936566,0.3625231683,0.3825797141,0.2479142547,0.2146345377,0.2471206933,0.5043185353,0.4035100937,0.2817824781
2694,0.09198501706,0.5864462852,0.189115718,0.3330931365,0.3042635024,0.294457674,0.3000973165,1.214243412,0.6566378474,0.2597689927,0.382527262,0.3636650741,0.2612205446,0.1942640394,0.2392215133,0.5027410984,0.3451044559,0.2937439978
2695,0.1402816623,0.4712274969,0.2446414977,0.3484018147,0.3177646995,0.3012118638,0.3180178702,2.122643232,0.9628837705,0.3720105588,0.4170685112,0.4762803316,0.2763909996,0.2525854409,0.2732616365,0.4974021912,0.5378273129,0.3060152233
2696,0.1090668067,0.4533986151,0.2530489862,0.3550716341,0.3335868418,0.3128241301,0.3047544658,1.682389259,0.8371513486,0.3983298242,0.4430111349,0.5168928504,0.2909533381,0.263153106,0.2850182056,0.4891638458,0.5930166841,0.3146071434
2697,0.1075768694,0.5022061467,0.1921546459,0.3667106926,0.3562539518,0.3295665979,0.3524487317,0.730553329,0.5203919411,0.3121035397,0.4522287846,0.4642100334,0.311185807,0.2257683128,0.2648331523,0.4842304289,0.4759562314,0.3256391287
2698,0.1190909371,0.4800085127,0.1988428831,0.3867020607,0.3720086515,0.352668047,0.3534490764,0.8923541903,0.5954031348,0.3285735548,0.4757944643,0.4916470051,0.3291120827,0.2397588342,0.275770843,0.4806566536,0.5071034431,0.3404165804
2699,0.1298778057,0.386538595,0.3062012494,0.411641717,0.3899961412,0.3880940378,0.3525954783,1.501873016,0.8313701749,0.4946061075,0.5259969831,0.6394823194,0.350792408,0.3220246136,0.338164717,0.4735615551,0.7544544339,0.3570151329
2700,0.1117439047,0.3770652115,0.3055708408,0.4355908334,0.411139518,0.4281188548,0.364002347,1.560710788,0.8727636337,0.4993743598,0.553494513,0.660679996,0.3740413189,0.3334580362,0.3492659628,0.4668836892,0.7678855062,0.3750936985
2701,0.1106351316,0.6652490497,0.2652054727,0.447674185,0.4193323553,0.4281965196,0.3557750285,0.7225102782,0.5706840158,0.2957548499,0.5438930392,0.4316492081,0.3828910589,0.183989808,0.2519515753,0.4699891508,0.3459599912,0.3890012801
2702,0.1466045231,0.5818783641,0.2114967704,0.4675770104,0.4357009828,0.445068568,0.3610423505,1.268176675,0.794935286,0.2807707191,0.5722446442,0.4742743969,0.4002174437,0.2001633197,0.2586313486,0.4757026136,0.3928780556,0.4110256135
2703,0.09021685272,0.4759715497,0.1697332114,0.4823693931,0.4638227224,0.4679706991,0.3988173008,1.186329007,0.7767165303,0.3014071286,0.6042317748,0.5549814105,0.4243980348,0.2322795391,0.2763072252,0.4755267799,0.5109591484,0.4291616976
2704,0.1577949077,0.5843364596,0.2316027433,0.5070073605,0.5087436438,0.4875341952,0.547603786,0.3715614378,0.4331969917,0.2949202061,0.6407469511,0.5187754631,0.4615179598,0.1986234933,0.265512675,0.4850852489,0.4203736782,0.4560209215
2705,0.1163125262,0.2835074961,0.3192162514,0.5447162986,0.5388222337,0.5453538299,0.5639459491,1.291059971,0.8602554798,0.6115527749,0.7262256145,0.8905792832,0.4958204031,0.4012849033,0.4141615927,0.4801900685,1.051165342,0.4829306602
2706,0.1717812568,0.3590810299,0.2018107027,0.5855320096,0.5860157013,0.5951448083,0.6857888699,0.6416398287,0.6130096316,0.4162264764,0.7302430272,0.7395777106,0.5410082936,0.3264282644,0.3605280817,0.4864161015,0.7481583953,0.518137753
2707,0.1183349118,0.4876181185,0.203579545,0.6043751836,0.6086547971,0.6049672961,0.7365528941,0.3511814177,0.455265522,0.3160116971,0.735848248,0.6127297282,0.5616716743,0.2498578578,0.3065760136,0.4903496802,0.5109426379,0.5380606055
2708,0.1309152395,0.6104796529,0.3233127296,0.6161794066,0.6233624816,0.5959317088,0.7594483495,0.2837466002,0.3802274168,0.3547132909,0.7672268748,0.5803881288,0.573908031,0.2160594016,0.291773349,0.4971830845,0.4444954097,0.5541778207
2709,0.1572132558,0.2441895753,0.2916252315,0.6656774879,0.6675578952,0.6633014679,0.8095433712,0.8423607349,0.7496606708,0.5920305848,0.8410132527,0.9480266571,0.6212850213,0.4348374903,0.4578688443,0.5018240213,1.048588395,0.5938662887
2710,0.181018427,0.1992388368,0.3838272095,0.7055581212,0.7132250667,0.7307302356,0.9526453018,0.767957449,0.736181438,0.7217288613,0.8919181824,1.063153863,0.6651711464,0.5108615756,0.5312783718,0.4981294572,1.225616813,0.6255046725
2711,0.1129304543,0.1076903567,0.9761587977,0.7548701167,0.7838986516,0.843272388,1.357194066,0.7548701167,0.7548701167,1.44874227,1.04264462,1.585660577,0.7264102101,0.8253857493,0.8431302905,0.4814672768,2.127678633,0.6587470174
2712,0.1289954334,0.09501535445,1.105212212,0.8062368035,0.7871168256,0.9637824893,0.9508722425,1.799969196,1.233367443,1.551573396,1.076953292,1.630003572,0.7531831861,0.908000052,0.9031637311,0.4648050368,2.179045439,0.6947672963
2713,0.1200102568,0.1087124869,0.7984670997,0.8635454178,0.8336507678,1.065444827,0.9510099888,1.500567079,1.149637818,1.170328259,1.046133041,1.374122143,0.8050112724,0.7989233136,0.8011363149,0.4618454278,1.68806994,0.7420167923
2714,0.1636397988,0.1228481755,0.6519833207,0.9144257903,0.8710618019,1.14114511,0.9002923965,1.54370594,1.19877255,0.9824965596,1.048460841,1.250827789,0.8489556313,0.7492306232,0.7515867352,0.4623980224,1.439062119,0.7875882983
2715,0.1338503957,0.1737732887,0.4260755479,0.963473618,0.9440628886,1.179577589,1.166947007,0.7245228887,0.835893631,0.6963842511,1.03871119,1.054644823,0.9107146859,0.6358261108,0.6573503613,0.472718209,1.068713307,0.834874928
2716,0.1251391321,0.1675014496,0.4437555373,1.012209296,0.9983386397,1.215545297,1.271378636,0.6731066704,0.8252241015,0.7133002877,1.080016494,1.080638528,0.9625508189,0.6661834717,0.6904945374,0.4841249883,1.08118391,0.88269943
2717,0.1297979355,0.08858755231,0.8495359421,1.069273233,1.058971405,1.302672505,1.378069282,1.013045192,1.040835023,1.197248816,1.204209685,1.445144057,1.021682739,0.9257478714,0.9455296397,0.4864633977,1.667754531,0.9350833893
2718,0.1051488891,0.1270729601,0.57483989,1.110768795,1.110923171,1.334100723,1.518491745,0.630880177,0.8339395523,0.8535046577,1.168835521,1.198965192,1.068879724,0.7901719213,0.819670856,0.4922601879,1.225432396,0.9770326614
2719,0.143367514,0.09287029505,0.7563872933,1.16071713,1.16789639,1.390466332,1.63425386,0.6993551254,0.8997429013,1.054917812,1.236509681,1.34921515,1.122902036,0.9181459546,0.9499853253,0.498609066,1.449935913,1.02660501
2720,0.1245219335,0.1146032736,0.6241077781,1.202988625,1.225478053,1.414621949,1.81988585,0.5275930762,0.7678915858,0.880841434,1.232273221,1.222895741,1.173529625,0.85765028,0.8973963857,0.5084730983,1.214792848,1.071470141
2721,0.1462521404,0.1183251739,0.6037450433,1.239297271,1.297723889,1.425049305,2.226531982,0.5021086335,0.6285013556,0.8389487267,1.248719931,1.190043569,1.228711486,0.8582089543,0.9125943184,0.5191836953,1.140200377,1.112871647
2722,0.146697104,0.09461931139,0.705534637,1.269080162,1.328246355,1.440700531,2.182420492,0.5003015995,0.6874428391,0.9320235252,1.280586839,1.246881366,1.260992646,0.934597671,0.9894393086,0.5276910663,1.218082666,1.152452707
2723,0.1249827966,0.04506879672,1.238194466,1.319357276,1.383514524,1.520479321,2.24170804,0.5992363095,0.8656075597,1.490053535,1.398254752,1.614376187,1.315327525,1.24603188,1.307450652,0.5325360298,1.808974266,1.206406713
2724,0.1198791265,0.04844169691,1.122107625,1.363849998,1.438693643,1.57131958,2.348459244,0.5535547733,0.8065159321,1.325568795,1.388847351,1.489147782,1.366799831,1.210628867,1.27525425,0.5413222909,1.577256083,1.257148504
2725,0.1187792048,0.05252351239,1.081309915,1.412337899,1.467309594,1.611163974,2.117441893,0.6339719892,0.9181192517,1.246513486,1.401118636,1.425311565,1.40758419,1.213307023,1.26656127,0.5584981441,1.446171641,1.313751101
2726,0.1752489358,0.0418946594,1.587199211,1.470317364,1.566241622,1.693357468,2.587542295,0.6177672744,0.9055797458,1.744811416,1.5129987,1.736803651,1.486319184,1.495367408,1.574922919,0.5678004622,1.93673718,1.374275804
2727,0.1756783575,0.06056747958,1.014318466,1.503546238,1.577378869,1.6868397,2.29944849,0.5974667668,0.8585534692,1.111126065,1.425664425,1.314699292,1.511308312,1.218703151,1.275273442,0.5865524411,1.222763777,1.419706345
2728,0.1736571938,0.04372616485,1.572991014,1.553668618,1.57079792,1.742143273,1.772822022,1.294285297,1.418789983,1.655952454,1.539534569,1.653991342,1.53499949,1.535784841,1.571423888,0.5988116264,1.753810287,1.474869251
2729,0.1393393129,0.04686821625,1.48352468,1.606738925,1.621347785,1.780420423,1.802391648,1.242851257,1.4143852,1.55129087,1.55948925,1.597664952,1.586975455,1.518604636,1.551652551,0.6146938205,1.630354881,1.528934956
2730,0.07835607231,0.06523644924,1.074634075,1.645813465,1.69751358,1.754872441,2.215094566,0.6848838925,1.017809033,1.131050944,1.524352193,1.341862559,1.644261479,1.315722823,1.359933496,0.6338753104,1.194657445,1.566959381
2731,0.1422265917,0.06052758172,1.831390858,1.699880242,1.733320236,1.820614815,2.077410221,1.225995064,1.445503712,1.873577476,1.675710082,1.808284283,1.690030694,1.736981988,1.781521797,0.6471969485,1.923106313,1.624288201
2732,0.1895032376,0.06239399314,1.692181945,1.754343152,1.787229538,1.863859177,2.123546124,1.128127456,1.408816814,1.713952541,1.684469819,1.714063764,1.744569898,1.697706819,1.739328504,0.6657326221,1.739142418,1.680523276
2733,0.1589685678,0.06831781566,1.67893219,1.8050915,1.823373675,1.894952774,2.048108339,1.253753304,1.50690949,1.68417263,1.713204741,1.70068419,1.788531303,1.716824174,1.75009191,0.6842533946,1.690192223,1.732708812
2734,0.2122868896,0.08495509624,1.980091095,1.857141018,1.867940426,1.948088765,2.029077768,1.563898444,1.705332756,1.968314528,1.794594765,1.881074786,1.837052703,1.891534686,1.923494458,0.6982834935,1.954643846,1.786399484
2735,0.2163288146,0.1323172003,2.599801302,1.926494002,1.964945912,2.058432102,2.30715847,1.672669768,1.795979857,2.559630632,1.938781142,2.244658947,1.919706225,2.215617895,2.268352985,0.7131237984,2.512265921,1.858616352
2736,0.1708184034,0.1348990202,2.539114237,1.994202018,2.00088191,2.1488657,2.081371069,2.077742338,2.035647631,2.467869997,1.961752892,2.188817739,1.972077966,2.226545095,2.260466337,0.7310227752,2.384749174,1.929142594
2737,0.1319372207,0.1817759424,2.984945059,2.065312147,2.0854671,2.265521526,2.221001387,2.269107103,2.165444613,2.881131411,2.079604387,2.442243576,2.049451828,2.466045618,2.511534214,0.7450885177,2.759133577,2.004443407
2738,0.1225867867,0.1556678414,2.603008747,2.127087355,2.181399584,2.329494238,2.560868979,1.521439552,1.803515553,2.485896349,2.049270868,2.212174654,2.127803564,2.328988552,2.387267828,0.7621471286,2.350482941,2.068466187
2739,0.1368806809,0.1558914334,2.493647575,2.186280966,2.261152744,2.371451616,2.802865982,1.231135488,1.648157716,2.353292704,2.059418678,2.132076025,2.197291136,2.31050992,2.375912666,0.7826578021,2.192784071,2.129647493
2740,0.1449565291,0.1660459191,2.494714975,2.243275881,2.279526949,2.402657509,2.518798828,1.591605663,1.894927979,2.324730158,2.084629297,2.110539675,2.236291409,2.342323303,2.385682106,0.8051676154,2.131981611,2.18914938
2741,0.170402959,0.2667065561,3.392135382,2.306325197,2.33743453,2.503446579,2.493611574,2.336741447,2.321497202,3.16124177,2.272049665,2.606321096,2.296750784,2.787210703,2.83855176,0.8168562055,2.893491507,2.257586718
2742,0.2275533825,0.2516019046,3.166167259,2.366865158,2.361530542,2.570508718,2.241129398,2.723665237,2.540906668,2.918182373,2.263399839,2.464347839,2.339597702,2.721353292,2.748668909,0.8325400352,2.633698225,2.32122159
2743,0.1287547797,0.2078380436,2.624001265,2.425650358,2.42553544,2.580849886,2.366600752,2.125780106,2.272113085,2.396716356,2.211064577,2.172244787,2.400968313,2.5004251,2.523015976,0.8572021127,2.140710592,2.377452612
2744,0.1364262551,0.2049256116,2.447552443,2.476583242,2.521208763,2.565860748,2.841458559,1.409567356,1.882524967,2.229301453,2.218734026,2.088689089,2.473665476,2.440168142,2.481722116,0.8805225492,1.98489964,2.423154831
2745,0.116055958,0.1666157842,1.796460152,2.510118246,2.423158884,2.468462706,1.968515754,2.231752157,2.368017673,1.609770775,2.121753931,1.713937879,2.442892075,2.114435196,2.085740328,0.90743047,1.408321738,2.445324898
2746,0.1323529929,0.4213596284,3.958398581,2.581521273,2.597974777,2.613064766,2.731729269,2.855156898,2.716033936,3.685670137,2.593692541,3.01024437,2.564990759,3.196544886,3.240514517,0.924572885,3.365336657,2.527526617
2747,0.1391580701,0.2109084874,2.073696852,2.622368574,2.614946365,2.547747374,2.694812775,1.51570034,2.011401415,1.876184106,2.261675835,1.918984056,2.594092607,2.317910433,2.328003407,0.9512615204,1.657957077,2.556945562
2748,0.118026495,0.2310540676,2.103096724,2.65935564,2.62262845,2.490650177,2.617446661,1.700986385,2.140944719,1.911004663,2.298817873,1.957256317,2.616575241,2.350883484,2.348014593,0.9743571877,1.697345376,2.58127141
2749,0.1788110584,0.2270257026,1.859717965,2.694175005,2.634843111,2.414388895,2.628161192,1.558930755,2.068920374,1.693022132,2.28463912,1.839219451,2.63990283,2.23268342,2.217964411,1.000202537,1.508829236,2.598882914
2750,0.1363843977,0.3693039417,2.937786102,2.746562719,2.695828199,2.468673944,2.772500038,2.320050478,2.527219057,2.728715897,2.542968273,2.511347294,2.696537733,2.816996813,2.81504941,1.020968556,2.486029625,2.649202347
2751,0.09538143873,0.3394983113,2.564540625,2.794793844,2.761141539,2.481114626,3.034639359,1.716125488,2.208777189,2.370305538,2.503070593,2.302939653,2.753153801,2.656120062,2.659225464,1.045958042,2.147114754,2.690380812
2752,0.09487939626,0.2982955873,2.062983274,2.83143878,2.794077635,2.433926821,3.182801485,1.257933259,1.923513055,1.892407417,2.425459862,2.00992322,2.787823439,2.408639669,2.405223846,1.073196054,1.699985147,2.713471174
2753,0.1213383749,0.3208272755,2.072169542,2.864636183,2.796029091,2.391239166,3.091721535,1.393188477,2.031512976,1.903154016,2.450844526,2.027005434,2.805556536,2.429020405,2.411440849,1.098888278,1.711799979,2.733397484
2754,0.1051114202,0.3121757209,1.804777145,2.892187119,2.823398829,2.320766449,3.313495874,1.058920145,1.793974519,1.656550407,2.416725874,1.878856182,2.83259201,2.289828539,2.270568609,1.124826789,1.490095735,2.741627693
2755,0.08344584703,0.5602613091,3.398018599,2.953552485,2.855684996,2.429307699,3.117848396,2.469647646,2.704540253,3.174586058,2.788628817,2.855902433,2.879886627,3.145149231,3.12087059,1.15023613,2.909889936,2.805354357
2756,0.07491148263,0.6104703546,3.579409361,3.009241819,2.877825975,2.534680367,2.883402586,3.12191391,3.065253496,3.333709717,2.856555223,2.959349871,2.91903758,3.26069665,3.218971968,1.169930458,3.041972399,2.863613844
2757,0.09610700607,0.4140965044,2.191502094,3.04299736,2.942488909,2.488567591,3.341879845,1.395830035,2.106453657,2.011656523,2.584236145,2.13574338,2.967754364,2.577366114,2.544916391,1.194196939,1.805288196,2.878609896
2758,0.08520045877,0.3166510165,1.237118125,3.053745031,2.891935349,2.318774939,3.168129683,0.9408811927,1.755111694,1.119054914,2.372182608,1.538305163,2.946649551,2.000421524,1.939162135,1.221960902,0.9906149507,2.853937149
2759,0.05928860232,0.3901086748,1.603193641,3.075376749,2.838303328,2.233749151,2.815399885,1.641708493,2.282323599,1.485280395,2.490369797,1.818541646,2.929825544,2.249307394,2.159093142,1.248277783,1.351181149,2.84853816
2760,0.0961637795,0.5355460048,2.376080751,3.11613369,2.885391951,2.258098841,3.01531148,2.158578157,2.609115839,2.250225306,2.716845512,2.36426425,2.973548889,2.709419966,2.621151447,1.274435163,2.100712776,2.87645793
2761,0.07090974599,0.5763723254,2.462964773,3.15499568,2.970628023,2.288890839,3.553709745,1.583003044,2.278948069,2.345213652,2.770462036,2.446832657,3.035456896,2.774041414,2.70792222,1.298407316,2.204128981,2.904083014
2762,0.107881166,0.5643097758,2.240404367,3.190313339,2.93208909,2.29566741,3.083711386,2.061468601,2.586664915,2.127720833,2.736909866,2.308351517,3.033781767,2.670511961,2.570091009,1.326710939,1.993337512,2.927582979
2763,0.08648238331,0.4620551169,1.465436935,3.208916664,2.891100168,2.204313517,2.897491217,1.661045671,2.351989985,1.396306396,2.56327343,1.820997834,3.021237135,2.2215271,2.100992918,1.351103902,1.315468431,2.91312027
2764,0.06634805351,0.5742416978,1.943576336,3.238687515,2.854845762,2.1925776,2.57904315,2.821561813,3.025766134,1.886960983,2.726057768,2.197801828,3.017012835,2.524830103,2.371978045,1.375091434,1.81844008,2.921784639
2765,0.09255548567,0.6267200112,2.067013979,3.275158167,2.918553114,2.206887007,2.958556414,2.399212599,2.816437721,2.039119482,2.80872345,2.343077421,3.06712842,2.611881018,2.471019745,1.401546121,2.004764795,2.940666199
2766,0.1090821996,0.623304069,1.896126151,3.306770563,2.891929626,2.203787565,2.690919161,2.807052612,3.050824165,1.891380906,2.799154997,2.266757488,3.068575859,2.527898312,2.363740206,1.42708838,1.885498166,2.952251196
2767,0.09044406563,0.6106134057,1.679151416,3.3364923,2.937060118,2.182646751,3.034483671,2.089118719,2.668680191,1.70618546,2.783029795,2.170698404,3.105632067,2.412003279,2.258780241,1.452873826,1.740035415,2.956990004
2768,0.1004341543,0.6881570816,1.905671716,3.372392654,2.944078445,2.199629068,2.977458,2.538537025,2.938030958,1.954690933,2.887758255,2.381042957,3.126338005,2.562835455,2.39420867,1.481147647,2.017046213,2.975818396
2769,0.08499560505,0.5585095286,1.134829998,3.389333963,2.872734785,2.113840818,2.601036072,2.346554041,2.839703798,1.202621579,2.681535006,1.843486786,3.09655571,2.081269979,1.892457128,1.504676223,1.288726091,2.954555511
2770,0.07430166006,0.6285137534,1.31870687,3.411925077,2.892829657,2.076104164,2.835131407,2.326853514,2.839096069,1.426857352,2.787801504,2.063008547,3.11717701,2.217741728,2.02348876,1.527193069,1.568178773,2.945677996
2771,0.0909261182,0.8171799183,2.019360065,3.446121931,2.941722631,2.135477781,3.069996119,2.885859728,3.15893054,2.17325592,3.051678419,2.662558556,3.158814192,2.661955118,2.458501101,1.549400687,2.378715754,2.968888044
2772,0.04940716922,0.5049919486,0.5397660136,3.44979167,2.872315407,1.974117875,2.939997435,1.277154565,2.20177722,0.6519380212,2.548003197,1.456156373,3.122074842,1.634503961,1.446797729,1.57023716,0.8028222919,2.915555954
2773,0.05725022033,0.6207343936,0.8839944005,3.463298798,2.826730967,1.912114739,2.782393456,2.128633261,2.749283552,1.052780271,2.726739883,1.855366707,3.103464127,1.935923576,1.70998323,1.590406895,1.286980748,2.890456438
2774,0.08148085326,0.7379515767,1.232169867,3.485463858,2.823683023,1.918406844,2.788537979,2.765829086,3.113975763,1.45572722,2.897931337,2.230636835,3.111840487,2.194789886,1.94446218,1.611080766,1.771907449,2.888186216
2775,0.09659186006,0.5420345068,0.3772510588,3.490152359,2.810168982,1.782366395,3.114735603,1.081788778,2.077916384,0.5364530683,2.5531919,1.434458733,3.104516745,1.501503944,1.286610842,1.630155563,0.7758219838,2.833654165
2776,0.07470463961,0.5738040209,0.3644746244,3.492523909,2.76167202,1.674037337,3.121951103,1.123992801,2.111010313,0.5434148908,2.568272829,1.473703027,3.0776968,1.494405627,1.261723518,1.64944315,0.8232910037,2.784300089
2777,0.06652370095,0.5852462649,0.2937545776,3.491405487,2.662666082,1.569715858,2.745905161,1.502152085,2.375605822,0.4753664434,2.540481806,1.427380085,3.022220612,1.417723179,1.157110095,1.665327072,0.775428772,2.729451418
2778,0.09211008996,0.7089249492,0.594612658,3.502099037,2.633219004,1.553565979,2.700642824,2.312976837,2.872922182,0.8669298291,2.741433859,1.871355057,3.010387421,1.72917521,1.42494452,1.681441903,1.310802341,2.70500493
2779,0.05846478045,0.610966444,0.2271556705,3.504096985,2.631555796,1.46639359,3.118607283,1.079079747,2.083534241,0.4230831563,2.541021585,1.433727264,3.008244514,1.348029137,1.0744133,1.695407867,0.7878394127,2.651510239
2780,0.09885969013,0.6802749634,0.3358513117,3.50616765,2.573473692,1.42664814,2.939041376,1.58315599,2.43569994,0.5836879015,2.631456614,1.646613717,2.976438522,1.484693527,1.174498916,1.709289551,1.042437911,2.613748789
2781,0.06902458519,0.6310469508,0.1592388302,3.503190279,2.46126461,1.347187638,2.456542253,1.867141128,2.61222434,0.3422131538,2.498399973,1.381501675,2.912097931,1.251322031,0.9283070564,1.720230103,0.7419912815,2.557250738
2782,0.1026837826,0.6356344223,0.1417087913,3.500692606,2.373728991,1.272711873,2.231570721,2.246442556,2.834341288,0.3137458861,2.481202126,1.372989297,2.861500978,1.211731791,0.8618627191,1.72308147,0.7425330281,2.492686272
2783,0.09157845378,0.7140292525,0.2782077491,3.501293182,2.343816042,1.256867051,2.295589924,2.740252733,3.107769728,0.531598866,2.621571541,1.690642357,2.844759703,1.407343268,1.014933944,1.725707531,1.120983481,2.449598789
2784,0.09665928036,0.6804364324,0.2135992795,3.500378847,2.36322093,1.225419998,2.843049765,1.586117148,2.434286118,0.4137553275,2.551125765,1.566742301,2.854288101,1.297619343,0.919806242,1.726073742,0.9843459725,2.398429155
2785,0.08766745776,0.6390804648,0.1672343016,3.494291544,2.285298347,1.17054522,2.66605854,1.540191054,2.400210619,0.2793274522,2.434016943,1.373037457,2.80721879,1.158243775,0.772811234,1.724825263,0.7797632813,2.336573601
2786,0.1047264412,0.6324934363,0.181087926,3.489091158,2.231779814,1.117987514,2.684702873,1.444552064,2.33278966,0.247361064,2.389442205,1.325926304,2.773772478,1.117583275,0.7179368138,1.724362969,0.7423560023,2.276578426
2787,0.09790254384,0.5797709823,0.2158455998,3.480446577,2.222141504,1.034237504,3.205033302,0.6589882374,1.680120111,0.1325156689,2.236149073,1.064914823,2.761993408,0.9295681119,0.5550501347,1.726821303,0.4848473072,2.207092524
2788,0.100739181,0.5848605037,0.2703876793,3.464993477,2.191215754,0.9580236077,3.621854067,0.4960076511,1.408639908,0.1341962516,2.186085463,1.033222079,2.73580265,0.9173907638,0.5325142145,1.723255515,0.4722416401,2.13219285
2789,0.1047190204,0.6479687691,0.2732123435,3.446935415,2.110476255,0.9281695485,3.347563028,0.7544063926,1.740466475,0.2169907093,2.262699842,1.246886253,2.681951523,1.069708586,0.6335860491,1.721520782,0.7072135806,2.077111006
2790,0.09272000939,0.6333136559,0.3523924351,3.437328339,2.090232611,0.8949747682,3.746503115,0.5868347287,1.449262023,0.2066318989,2.173775911,1.148737311,2.665602922,1.040219426,0.600879848,1.718766212,0.6290251613,2.017228365
2791,0.07289862633,0.6326918602,0.4308823049,3.420686722,2.033732176,0.8630595207,3.766197443,0.6270905733,1.415143013,0.2228785008,2.105140924,1.099597573,2.62633419,1.047324419,0.5918903947,1.715783596,0.6049649715,1.958238244
2792,0.0814210549,0.7256541252,0.4453968108,3.402798414,1.969187379,0.8710684776,3.467262268,0.8627559543,1.772572517,0.3549331725,2.217419624,1.383158803,2.582615852,1.238332272,0.7287793159,1.714358211,0.9281959534,1.920771956
2793,0.1076822281,0.6990955472,0.5250663161,3.395065546,1.928523421,0.8728346229,3.451352358,0.8442353606,1.707252502,0.3371872008,2.117995024,1.262577534,2.556576967,1.213292122,0.6980724335,1.714710593,0.8199726939,1.880426764
2794,0.1136745512,0.6438910365,0.6633758545,3.388226271,1.909367442,0.8526332974,3.77965045,0.8028944135,1.429326057,0.3178243935,1.96523416,1.055630565,2.542791367,1.148352027,0.6421702504,1.714564919,0.6336087584,1.831157327
2795,0.09401079267,0.6397051811,0.7902792096,3.38048172,1.856855273,0.8364970684,3.705291033,0.9037696719,1.45615232,0.3643310368,1.890226007,1.001971245,2.510450602,1.179461956,0.6568678021,1.717067122,0.6120340228,1.784817576
2796,0.105043672,0.6417370439,0.901499927,3.370310545,1.714010119,0.82141608,2.61324811,1.235162258,2.030097723,0.4138691127,1.832608581,0.9778978229,2.425135374,1.224211216,0.6665942073,1.717909217,0.617518127,1.739217401
2797,0.1005056575,0.6187434793,1.042608142,3.367758989,1.682800174,0.797205627,2.76372838,1.151901126,1.899625778,0.4536319673,1.767981172,0.9246234894,2.405354738,1.241364241,0.6737654805,1.71394825,0.5898334384,1.689414024
2798,0.1000092998,0.5328018665,1.441302657,3.364337206,1.644181848,0.7477272153,3.001514435,1.143232226,1.607001424,0.5865203738,1.573740005,0.6858075261,2.380450487,1.184393287,0.6378094554,1.707078934,0.4362827241,1.625159144
2799,0.1025771201,0.6014976501,1.29679811,3.355242014,1.569844246,0.7367358208,2.62663126,1.281952858,1.972657204,0.5483691096,1.670845628,0.8884783387,2.332995892,1.327509761,0.7199463844,1.703337073,0.6012623906,1.581295609
2800,0.1056119427,0.4705246985,2.020627975,3.347061157,1.580064178,0.6792263389,3.569055557,1.81112802,1.39902842,0.8529610634,1.384934902,0.5403469801,2.333825111,1.242370963,0.6891266704,1.691776156,0.4176916778,1.509608626
2801,0.09406916052,0.525686264,1.767244935,3.324048281,1.49438858,0.6638381481,3.082266092,1.435796261,1.653605819,0.7261845469,1.462905884,0.7003883719,2.274261475,1.360420823,0.749868691,1.685891271,0.505389452,1.460868359
2802,0.08712670207,0.4448673725,2.502304316,3.325556755,1.396650434,0.6385238171,2.561586142,1.572072029,1.732691884,1.109760404,1.252306223,0.5006535053,2.216181517,1.388629317,0.808535099,1.680313706,0.4821937978,1.401985765
2803,0.1189676896,0.5234213471,2.074594498,3.332202673,1.337878346,0.6503076553,2.214823246,1.591289043,2.136661291,0.8714106679,1.404334426,0.7330281734,2.183218002,1.539930344,0.8744423389,1.679325104,0.5806376934,1.368937969
2804,0.1060438752,0.4927689731,2.379707336,3.352168322,1.385823727,0.6670802236,3.159090996,1.968472838,1.794929147,1.013071656,1.3446064,0.6998355985,2.220985174,1.630189896,0.9537116885,1.680924296,0.5929326415,1.339971066
2805,0.09304752201,0.4016867578,3.305868864,3.355500221,1.346926808,0.6694177985,3.224467516,2.804063082,1.793095231,1.535255551,1.124207854,0.5159593225,2.199080706,1.712214351,1.07574892,1.677823186,0.6278244853,1.29597199
2806,0.1001854166,0.4729757309,2.766606092,3.344549894,1.358356476,0.6889267564,3.83770442,3.176610947,1.862662673,1.217974424,1.251934886,0.694019556,2.202820063,1.809766769,1.098564029,1.675934315,0.6527386308,1.269609451
2807,0.1139665917,0.5379293561,2.613177538,3.33604908,1.349619031,0.7354310155,3.777790785,3.055060148,1.962754607,1.171940804,1.312850118,0.8238194585,2.197411299,1.918827176,1.171140313,1.687097073,0.7523727417,1.267265439
2808,0.09660157561,0.5560496449,2.745084047,3.339434862,1.330628753,0.7934689522,3.343181849,2.820224524,2.087249994,1.273251891,1.293044448,0.8498120308,2.190568686,2.022498608,1.265319943,1.706019759,0.8071252704,1.276407361
2809,0.1078542694,0.4210951328,3.75480175,3.357846022,1.306600809,0.8402654529,3.060252428,3.520553827,2.206399679,1.864154816,1.058266521,0.6613273025,2.184876442,2.1512568,1.447164178,1.719251633,0.8554947376,1.270320773
2810,0.1123173535,0.4185958207,3.954159975,3.368328094,1.27259028,0.8812305331,2.666457653,3.230144739,2.318579435,1.989465714,1.039242148,0.6934485435,2.168401957,2.273874998,1.55953753,1.724129319,0.9173433185,1.259027004
2811,0.1178334877,0.360758543,4.785414219,3.399940491,1.258201599,0.9339036942,2.583348751,3.833008528,2.462342978,2.524026632,0.9381573796,0.6936767101,2.171780348,2.47380662,1.778712392,1.728659272,1.112478137,1.247960687
2812,0.1217561141,0.3455366194,5.142888546,3.426751375,1.265281558,0.9914505482,2.909847975,4.940511227,2.669872046,2.742925644,0.9184725881,0.7365823388,2.187404394,2.638417482,1.921208262,1.729338169,1.209332585,1.237554193
2813,0.1386153251,0.3796449602,5.019301891,3.466510773,1.266691327,1.079095483,2.539362907,4.208693981,2.747047424,2.653492689,0.9780187607,0.812171936,2.203509569,2.768741846,2.020829439,1.748784065,1.206565022,1.257374167
2814,0.1196907163,0.3987871706,5.053336143,3.507035255,1.290741086,1.158984303,2.621480465,4.521371365,2.898433685,2.667135954,1.016859531,0.877925694,2.235110521,2.904708147,2.124576807,1.764306426,1.238948941,1.277798891
2815,0.1233862415,0.3701310456,5.615393162,3.548530579,1.305387497,1.248946905,2.403686285,4.632602215,3.03729248,3.045553207,0.9855599403,0.9304788113,2.259312391,3.10921216,2.341451406,1.77957058,1.406540275,1.301396728
2816,0.1433521956,0.3566207886,5.965488911,3.588626146,1.322978377,1.335208893,2.293692589,4.757120609,3.16829896,3.272591829,0.9855949283,0.9887915254,2.284471512,3.285782576,2.514031172,1.789218545,1.514745712,1.322328687
2817,0.12783207,0.3551544249,6.216396332,3.641823769,1.356655478,1.432619095,2.2934587,5.051808834,3.330175161,3.429666281,1.009676576,1.055498123,2.325536489,3.46138835,2.673288107,1.805044532,1.596846581,1.355435371
2818,0.147298798,0.3677709103,6.201277256,3.675738573,1.389587522,1.509330153,2.548828363,5.89422369,3.552181005,3.405277252,1.049976707,1.10457027,2.361042023,3.569550753,2.744599581,1.813008308,1.596956253,1.381834984
2819,0.1513094157,0.3609984815,6.674013138,3.737549543,1.442965627,1.629691243,2.39033103,5.980798721,3.705042839,3.745174408,1.065724254,1.198058605,2.417134285,3.792844057,2.977180719,1.842636228,1.776539326,1.439993024
2820,0.1564547122,0.3459231853,7.093574524,3.780342102,1.481798768,1.731385589,2.27196455,6.099533558,3.836811781,4.041252136,1.074756384,1.27805841,2.455849886,3.987741232,3.180585861,1.855346084,1.928991318,1.481061578
2821,0.1452721506,0.2860482633,8.299594879,3.815421343,1.511305928,1.846734047,2.414237022,7.985461712,4.296774387,4.910876751,1.028502941,1.43467772,2.48728919,4.334990025,3.557515383,1.853125572,2.379860878,1.510377288
2822,0.1476887017,0.3038641512,7.91533041,3.824764252,1.537187219,1.934040904,2.053121805,6.313416958,4.052449703,4.618041515,1.082648158,1.429301739,2.499737978,4.344573975,3.56666255,1.847965717,2.220384598,1.536673069
2823,0.129263401,0.272560209,8.608620644,3.863288164,1.570955276,2.0448277,2.210929632,7.84948349,4.458467484,5.106536865,1.083947301,1.54522419,2.535830021,4.598527431,3.820468664,1.844754577,2.473542452,1.572399259
2824,0.138798371,0.287928015,8.486680031,3.911347151,1.628507972,2.163851976,2.123530865,7.492860794,4.4958148,5.006688595,1.148423672,1.584400177,2.587122679,4.691958904,3.900144815,1.8557266,2.422646761,1.629414558
2825,0.1400844157,0.26666677,9.02192688,3.936440706,1.674494147,2.268739939,1.927626133,7.029367447,4.478330135,5.398919582,1.162151933,1.694304824,2.617772579,4.903683186,4.149675369,1.850230813,2.636447906,1.669121265
2826,0.1209420785,0.2619782686,9.268454552,3.994213343,1.723564982,2.390774727,2.121658087,8.639996529,4.947427273,5.555341244,1.209583282,1.769722939,2.673297882,5.080380917,4.293588161,1.855634689,2.711654425,1.727856755
2827,0.1392351389,0.263011843,9.312819481,4.007041454,1.767656922,2.480100393,2.019515276,8.323925018,4.945974827,5.591472626,1.246597052,1.816138864,2.70079875,5.167739391,4.390748501,1.847608566,2.73186183,1.768704414
2828,0.1255965978,0.2422366887,10.0323925,4.031918049,1.817967772,2.595873117,1.961845398,8.843377113,5.150960445,6.135906219,1.268824935,1.974435449,2.736727715,5.42889452,4.685105801,1.838906884,3.045866728,1.817067742
2829,0.1349685043,0.2420222759,10.12165356,4.06161499,1.866843104,2.707787752,1.98367703,9.44081974,5.381539822,6.195028782,1.316583037,2.029307604,2.776568651,5.541671276,4.790083408,1.832237601,3.072810173,1.870640635
2830,0.1399352551,0.2569772005,9.769408226,4.068566799,1.898831367,2.779859543,2.05523324,10.1376524,5.61874342,5.933317661,1.365505219,2.006248713,2.799836397,5.516784191,4.737028122,1.820891023,2.917203188,1.913371563
2831,0.153034538,0.2441520691,10.62831783,4.095258236,1.969749331,2.911659241,1.984077454,10.81800747,5.883223057,6.621916294,1.410807967,2.231736183,2.849707842,5.824838161,5.091535568,1.817857265,3.349918604,1.9812603
2832,0.1457606107,0.2464446574,11.05345154,4.132563591,2.03795743,3.059328794,2.008754492,12.00782299,6.294961452,6.970789433,1.478485227,2.384972811,2.905153275,6.033985138,5.310312748,1.816270232,3.579790354,2.057738543
2833,0.1579693258,0.258458972,10.85796833,4.128056526,2.101875782,3.158976793,1.89518106,11.0984087,6.114205837,6.850141048,1.532430291,2.403340578,2.936060667,6.038747311,5.339654446,1.800439358,3.518953562,2.11034584
2834,0.1404449046,0.2696175277,10.94793224,4.172401905,2.193221092,3.291561127,1.852376342,10.91941738,6.162147522,6.943380356,1.611255169,2.493700981,3.005216599,6.158717632,5.476216793,1.803237915,3.593320847,2.195322037
2835,0.1272579879,0.2713286579,11.39832306,4.198215008,2.268534422,3.416577101,1.817787051,11.26881695,6.335597992,7.319987774,1.679156899,2.656745672,3.056693792,6.360089779,5.708766937,1.792795658,3.845779181,2.266479492
2836,0.1375499666,0.276597321,11.74048901,4.229746342,2.321754217,3.552170038,1.862527966,13.22248077,6.966838837,7.609088421,1.754356742,2.799510956,3.103320122,6.537250519,5.880000591,1.782419562,4.042569637,2.343416929
2837,0.1372147053,0.3131222725,10.7989912,4.284340382,2.436005354,3.665292025,1.833159447,11.83913803,6.677977085,6.906642914,1.847460151,2.668905973,3.192009687,6.363401413,5.692641735,1.797972322,3.617144346,2.447639942
2838,0.1328019351,0.3199402988,11.13795853,4.297007084,2.526719332,3.749202013,1.786753058,11.30421066,6.581100464,7.227399826,1.920658231,2.828496933,3.245726585,6.517410278,5.8968997,1.787361741,3.856441259,2.51678896
2839,0.125852406,0.3204546273,12.17991638,4.326791763,2.61806798,3.890177965,1.771368384,12.04604816,6.872357845,8.095610619,2.018534899,3.169554472,3.306884527,6.897070408,6.33638382,1.773506522,4.457461834,2.598203421
2840,0.1297661215,0.3317159414,11.87352753,4.358309269,2.733434916,4.002746105,1.799331307,10.37217617,6.431556702,7.868573666,2.087185144,3.148260832,3.378803253,6.87427187,6.349590302,1.761518121,4.309455395,2.677941561
2841,0.1305877715,0.3400120735,12.15655804,4.392401218,2.718261957,4.111002445,1.760512471,14.97195435,7.890916824,8.10093689,2.161806822,3.268393278,3.396653414,7.025932789,6.433315277,1.74452877,4.460645199,2.752650023
2842,0.1274227947,0.3578322828,12.17076588,4.385827541,2.873894453,4.215000629,1.776928902,11.44204426,6.86066246,8.186999321,2.247806787,3.375465393,3.470254898,7.071409702,6.585299015,1.724939823,4.569087982,2.82512784
2843,0.131210506,0.369112581,12.27401257,4.417248249,2.953588486,4.322384357,1.77621305,11.67621613,6.993457794,8.289253235,2.326596975,3.461741447,3.527003527,7.164906979,6.695474148,1.707797408,4.644394398,2.904164314
2844,0.1090127006,0.3824234307,11.77793884,4.480884075,3.072580576,4.422049522,1.834115386,10.77367687,6.784076691,7.906267166,2.403062344,3.386735678,3.619431257,7.09087801,6.6256423,1.709767342,4.3885746,3.006751776
2845,0.1053147689,0.3953741491,12.22521973,4.52281189,3.100144148,4.516842365,1.726109624,13.5715704,7.746852875,8.294247627,2.501771212,3.580446243,3.659906387,7.297557831,6.808354855,1.696998596,4.668378353,3.091518164
2846,0.103756845,0.4095715582,12.0201292,4.557499409,3.21449399,4.606656551,1.77095139,12.73849487,7.544870853,8.185736656,2.592211485,3.616905212,3.737777948,7.290781021,6.831429958,1.689768195,4.632368088,3.18347168
2847,0.1175329685,0.4288319647,12.43356705,4.570789814,3.321871519,4.695339203,1.850028157,12.16715527,7.400166035,8.581221581,2.697428465,3.832627296,3.79936409,7.467099667,7.06854105,1.668645024,4.948123455,3.257766724
2848,0.09908014536,0.4460831881,12.5354166,4.590565205,3.398138046,4.78396225,1.857576966,12.36710644,7.510028839,8.701586723,2.781632662,3.934143066,3.849381685,7.543703556,7.168221951,1.646324515,5.052596569,3.331878662
2849,0.09867682308,0.4577118456,12.25507641,4.609212875,3.489677191,4.849956989,1.929163337,11.57917023,7.283731937,8.508834839,2.842543364,3.912809372,3.905845642,7.489162445,7.139332294,1.625255227,4.933634281,3.402732849
2850,0.0877610743,0.4710731804,12.25337505,4.658073425,3.48852849,4.935867786,1.684774041,15.04370403,8.509162903,8.538352966,2.933591843,3.98342061,3.937263489,7.54889679,7.138353825,1.614371777,4.971941948,3.494548798
2851,0.08556941897,0.505315125,13.00677204,4.679914951,3.58161664,5.069885731,1.673262,16.4236393,9.023213387,9.252102852,3.105067492,4.371165752,4.000593662,7.854324341,7.487529755,1.596590042,5.562421322,3.591979027
2852,0.08325114846,0.4924275577,11.93862915,4.695336342,3.750239134,5.130466938,1.926442146,12.58389187,7.774221897,8.444262505,3.138151169,4.125685692,4.095565319,7.524227142,7.219357014,1.5825243,5.030035496,3.675519228
2853,0.07931057364,0.5049470663,11.81689167,4.714494705,3.903417826,5.170862675,2.284567833,10.21311378,6.962255478,8.402228355,3.216673613,4.174100876,4.181204319,7.513834,7.284358978,1.563034058,5.039711475,3.745207548
2854,0.08695093542,0.5367102623,12.4087677,4.7591362,3.948694944,5.257557869,2.137292147,11.93983173,7.63336134,8.919959068,3.345464706,4.442867279,4.228848457,7.772523403,7.543188572,1.543856502,5.433404446,3.829496384
2855,0.07680347562,0.5425775647,12.1256485,4.792815208,3.962557554,5.317970753,1.904639125,13.77693462,8.327847481,8.718977928,3.406618834,4.411535263,4.257896423,7.712841034,7.445133209,1.524969697,5.304909229,3.907272339
2856,0.07523670048,0.5630717278,12.28069687,4.81764555,4.040585995,5.396825314,1.899022937,14.38799,8.586176872,8.922763824,3.528523207,4.58365202,4.31400919,7.806091309,7.560225964,1.505746961,5.515250683,3.990536928
2857,0.07281187177,0.5575385094,11.82639599,4.845861435,4.143257141,5.45281601,1.993605018,13.56026077,8.337669373,8.613895416,3.596567869,4.530387402,4.383854389,7.67905283,7.456673145,1.49040544,5.341375351,4.07331562
2858,0.08025046438,0.6055874228,12.3808403,4.84537077,4.275233746,5.525711536,2.292234659,12.4014349,7.937429428,9.166300774,3.751784563,4.86256361,4.450930119,7.898835659,7.763175488,1.462029815,5.82773447,4.138413906
2859,0.07421597093,0.5780318379,11.4505949,4.871257305,4.291404247,5.545762539,2.096435547,13.01346588,8.195441246,8.41742897,3.73620677,4.572704792,4.476737976,7.58454895,7.408214092,1.442092061,5.281454086,4.203762054
2860,0.08800051361,0.5957508087,11.30082703,4.869133472,4.324477673,5.547511578,2.045690775,13.52797031,8.398861885,8.371432304,3.809211016,4.625846386,4.497169495,7.537841797,7.368947983,1.417894483,5.310451984,4.251457691
2861,0.08317970484,0.6362319589,11.67326641,4.871997356,4.398741722,5.598125935,2.112712622,13.83470917,8.532051086,8.777712822,3.956488609,4.90462923,4.539908886,7.694004536,7.565784454,1.391881108,5.699205399,4.313003063
2862,0.09053149074,0.6317467093,11.33226871,4.887211323,4.480998516,5.641038895,2.203057051,13.27096558,8.352772713,8.5608778,4.019886494,4.881727695,4.59265089,7.587759495,7.483705044,1.369317055,5.594377995,4.379651546
2863,0.087952815,0.6392717957,11.22626495,4.908315182,4.526788712,5.687747955,2.119013548,14.08452511,8.685959816,8.543848991,4.112850189,4.955210209,4.630956173,7.57290411,7.470617294,1.347662449,5.645744801,4.449149609
2864,0.0902589187,0.6839568615,11.60200024,4.912677765,4.669789791,5.761463165,2.504940033,12.61682129,8.156004906,8.958537102,4.276799679,5.253995895,4.706965923,7.734021664,7.715311527,1.320010185,6.055589199,4.515559673
2865,0.09441173077,0.6298825145,10.54012299,4.926353931,4.687655449,5.755861759,2.374095678,12.49998093,8.132193565,8.092300415,4.212241173,4.87853384,4.726863861,7.336397648,7.291834354,1.297349572,5.410238743,4.565059185
2866,0.09660353512,0.619300127,10.19588375,4.947163105,4.667963028,5.748629093,2.048667908,14.43699646,8.892390251,7.869944096,4.264225483,4.845087528,4.733529568,7.220340729,7.136329651,1.278360367,5.302857876,4.620639801
2867,0.0929448083,0.623428762,10.13640404,4.957343578,4.904578209,5.757957935,2.994849443,10.08091259,7.220842838,7.924166203,4.381006241,4.97949934,4.858899593,7.213272095,7.258264065,1.258485556,5.448842525,4.678262711
2868,0.08789659292,0.6277422309,9.931815147,4.982449532,4.882655621,5.752454758,2.642654657,11.63390636,7.864369869,7.792235851,4.425150394,4.964540005,4.864228725,7.150100231,7.157634735,1.23775208,5.383221149,4.727300167
2869,0.1002061144,0.5982183814,9.378773689,5.001960754,4.870429516,5.718098164,2.392493248,12.60114193,8.265422821,7.378913403,4.427239895,4.817638397,4.872695446,6.939785004,6.914559841,1.219609141,5.115518093,4.769907475
2870,0.09928023815,0.5984912515,9.274136543,5.021111965,5.048199654,5.702905178,3.141080141,9.658483505,7.103467464,7.379001141,4.523872375,4.912639618,4.973402023,6.914052486,6.975850582,1.202567935,5.207746983,4.818874359
2871,0.1092916727,0.6217621565,9.241645813,5.035609722,5.070854664,5.680945873,3.122478724,9.933995247,7.230642319,7.40669775,4.59154892,4.985820293,4.994253159,6.911332607,6.974437714,1.181630015,5.283498287,4.852400303
2872,0.099828206,0.6327931881,9.167345047,5.069421291,5.128727436,5.68465662,3.213158607,9.820096016,7.208427906,7.394895077,4.66524601,5.043712616,5.042169094,6.903504848,6.976182938,1.164852977,5.327899456,4.904497623
2873,0.09218552709,0.5849580169,8.458183289,5.09540987,5.080338478,5.632340908,2.789278746,10.9972887,7.714384556,6.819200993,4.605379581,4.777232647,5.034698963,6.618501186,6.6365242,1.149321437,4.903488159,4.937580585
2874,0.07124560326,0.5529822707,7.953276157,5.110741138,5.176559925,5.555540562,3.267923117,8.995463371,6.891405582,6.453026295,4.599188328,4.648717403,5.093114853,6.410162449,6.466120243,1.134423018,4.684537888,4.959470749
2875,0.08828249574,0.5602946281,7.744277954,5.121709347,5.142617702,5.473352909,3.048146248,9.808582306,7.245996952,6.333644867,4.627022266,4.642242432,5.084629536,6.324476719,6.353009701,1.118377447,4.653157711,4.969641685
2876,0.06670120358,0.5362550616,7.332372665,5.140439987,5.203734398,5.391241074,3.371506929,8.560959816,6.72531271,6.039919376,4.624473095,4.543466568,5.12697649,6.152380466,6.199739933,1.105307102,4.486148834,4.985671997
2877,0.07111874968,0.5092597008,6.913339138,5.176430225,5.224627018,5.309619427,3.408035278,8.303509712,6.634933949,5.725517273,4.61348772,4.422095776,5.157662868,5.982495785,6.017986298,1.099156022,4.288541317,5.011335373
2878,0.06631752104,0.3171735108,4.776744366,5.184787273,5.106341839,5.014043331,3.05073452,7.247450352,6.166806698,3.884752989,4.144278049,3.332405806,5.105051041,4.962527275,4.917734623,1.094303489,2.816098452,4.958818436
2879,0.06811558455,0.2599554062,3.991149664,5.198263168,5.065031528,4.705300808,3.185209513,6.215208054,5.693731785,3.272212744,4.011653423,3.011749983,5.093092442,4.560720921,4.490966797,1.094746113,2.401112795,4.90277338
2880,0.07081980258,0.2047930509,3.13583684,5.203823566,5.003612995,4.350368977,3.393006086,4.903125286,5.052177906,2.592017412,3.824422598,2.618923426,5.065821171,4.091024876,3.993786573,1.094380856,1.923888564,4.814949036
2881,0.08100827783,0.1831809431,2.688187838,5.213175297,4.918460846,4.021041393,3.441834211,4.477863312,4.837415218,2.26317215,3.742334366,2.451253653,5.027505398,3.831116676,3.699353933,1.097864032,1.729089737,4.730232716
2882,0.08420030028,0.2202063054,2.95148921,5.228461742,4.905089378,3.800295115,3.807023287,4.256630421,4.728137493,2.570133686,3.894766569,2.74465251,5.02829504,3.99080205,3.853471756,1.102109909,2.074587584,4.671778679
2883,0.07373729348,0.3971892297,4.276090145,5.244441509,4.884133816,3.761563063,3.845730543,5.887082577,5.560575008,3.858699083,4.374409199,3.721449614,5.0261693,4.721625805,4.56923151,1.096648335,3.300594568,4.654046535
2884,0.07175903767,0.2090064734,2.48973608,5.253937244,4.758369446,3.544839859,3.519432783,4.650739193,4.947151184,2.240900278,3.815667391,2.594176292,4.966330051,3.724781275,3.523345709,1.099549174,1.902992129,4.584116936
2885,0.06938692182,0.1972036809,2.170652151,5.261722088,4.69061327,3.333349943,3.632738113,4.183792591,4.705322742,2.000317574,3.745061159,2.467629671,4.934900761,3.526383638,3.301063538,1.102104783,1.761110663,4.506795406
2886,0.09906690568,0.1008690521,0.8325625062,5.25613308,4.538669586,2.942382574,3.656253099,2.318454981,3.610793829,0.7842805982,3.142668009,1.43645227,4.850289822,2.51636672,2.265522957,1.105301976,0.7093372941,4.356979847
2887,0.07097896934,0.1097127572,0.7270928025,5.249829769,4.331117153,2.612501383,3.248441458,2.902451515,3.974959135,0.7151102424,3.100809336,1.407990813,4.735980511,2.404696226,2.092660666,1.108436227,0.6943872571,4.212471485
2888,0.0666019544,0.1740001589,1.206763387,5.257333755,4.260241032,2.454841375,3.378804445,3.781422615,4.484762669,1.229529858,3.440416336,1.996255875,4.701122761,2.829401255,2.471232414,1.115416408,1.268134594,4.128015518
2889,0.06803230196,0.1200356111,0.3837507069,5.249296665,4.110971928,2.125062227,3.596336365,1.757834077,3.211799622,0.3933861256,2.825904846,1.05583179,4.614190578,1.933374047,1.580909729,1.113227725,0.4384079278,3.950186014
2890,0.08291586488,0.1360748857,0.3267197907,5.235820293,3.951597214,1.838119149,3.633635283,1.499830246,3.000380754,0.314150244,2.708369493,0.9262087941,4.517177105,1.740703702,1.361814976,1.1178056,0.3619740307,3.790100336
2891,0.08118772507,0.1682520956,0.3514257669,5.214566708,3.760904312,1.542337537,3.610654116,1.147137523,2.662157774,0.2635667622,2.484351873,0.6757918,4.397491932,1.436760545,1.043141484,1.1178056,0.2539667189,3.605322123
2892,0.07132449001,0.1746554524,0.3870389462,5.195753574,3.597168684,1.32659781,3.635790825,1.252579689,2.747796297,0.2765617073,2.521405935,0.7650542259,4.29361248,1.477892518,1.03814733,1.118345976,0.2904569209,3.441486359
2893,0.08001434058,0.2095390111,0.4747855663,5.193713665,3.55516696,1.253794074,4.066603184,1.573604584,3.030623198,0.4682262242,2.89268899,1.323533654,4.265384674,1.896239877,1.388587952,1.130921245,0.6747667193,3.354131699
2894,0.08091302216,0.2145691365,0.4555250704,5.176315784,3.381518602,1.155903101,3.623483419,1.76897943,3.174362183,0.3734993637,2.730233192,1.130807996,4.15802145,1.716820598,1.18407023,1.133064628,0.5294075608,3.237986803
2895,0.1014691368,0.2419617623,0.5039120913,5.165757656,3.35496068,1.085004926,4.339445114,1.23022902,2.696444511,0.4041067064,2.749927521,1.206498027,4.134476662,1.744774461,1.196443915,1.135232091,0.5994989276,3.133553267
2896,0.1011978388,0.2872922421,0.5654301047,5.151480198,3.21944809,1.052991629,3.89320755,1.828113079,3.204478502,0.4956805706,2.847845316,1.405290723,4.04984045,1.866737962,1.260949016,1.140449762,0.7813991904,3.054121256
2897,0.09963845462,0.2719148099,0.5838920474,5.142181873,3.193405151,0.9948000908,4.459824085,1.06943965,2.497065306,0.3723164499,2.620187044,1.094762921,4.025743008,1.618631005,1.045846581,1.155369282,0.5247879624,2.97326827
2898,0.07569723576,0.2738282979,0.990005672,5.099858284,2.975034714,0.8532153964,3.773966074,0.9606220126,2.303923607,0.4510464966,2.144062757,0.5308358669,3.876331568,1.18281424,0.66295439,1.160103321,0.2256396264,2.834322214
2899,0.07641821355,0.2897589505,0.9843055606,5.074307919,2.85686183,0.7581744194,3.828188658,1.038119912,2.389979362,0.4254894257,2.20780015,0.6446632743,3.791191816,1.258229256,0.694653213,1.164516091,0.2618701756,2.713601828
2900,0.06263068318,0.3173761964,1.404657364,5.039656162,2.773234606,0.6487033963,4.412642956,0.9201379418,1.825765729,0.6079593301,1.995629311,0.4508336484,3.720096588,1.118622422,0.5827598572,1.163585544,0.2177571505,2.573656797
2901,0.0934035182,0.3439346254,1.768649936,4.986791611,2.55977416,0.5467274785,3.757116556,0.9570994377,2.014918089,0.7823030353,1.853937149,0.3562339842,3.565512657,1.057627201,0.5222994089,1.160844684,0.2256381065,2.4296453
2902,0.1124304309,0.3469920158,1.441489816,4.960832596,2.436252356,0.5074447989,3.470094919,1.186273456,2.483393908,0.5648052096,2.055890322,0.6010721326,3.474909544,1.215187907,0.5994383693,1.173740864,0.2550548017,2.339377165
2903,0.08244231343,0.4153932631,2.701215744,4.918350697,2.294397354,0.4208400249,3.424470663,1.010711312,1.935751319,1.262255788,1.641198754,0.232594654,3.361502409,0.9871964455,0.4906232357,1.179240108,0.3095897734,2.203379393
2904,0.07685892284,0.5106535554,3.817103148,4.864032269,2.207054853,0.338432461,4.069712162,1.542136192,1.427852154,1.940897942,1.455647588,0.1574081779,3.271483183,0.9482012391,0.5242342353,1.186231375,0.5377208591,2.057032108
2905,0.1221104488,0.5386909842,4.305196285,4.787556171,2.043331861,0.2766500413,3.990679502,1.696833491,1.402414322,2.187525749,1.393601894,0.1582893878,3.126315832,0.9760742188,0.5691456795,1.18203783,0.5940822363,1.90370369
2906,0.09808462858,0.4651570618,3.671500921,4.728482723,1.932654858,0.2486504316,4.283761501,1.674326777,1.473827839,1.653017402,1.502712727,0.2264488488,3.02530694,1.056808949,0.5583412051,1.170678735,0.3360272944,1.771122456
2907,0.09453967959,0.5116677284,4.522061348,4.657067776,1.779365659,0.2273507267,4.219218254,2.117896318,1.415145874,2.144877672,1.337725759,0.1700091213,2.892452478,1.105652213,0.6420245767,1.150995374,0.4757671654,1.626103282
2908,0.12328583,0.4833301008,4.410882473,4.583862305,1.632194519,0.2192992419,3.893990278,1.835246682,1.544508934,1.986156821,1.344298363,0.193855539,2.761607409,1.159056544,0.6610299945,1.139119983,0.3809628487,1.507472157
2909,0.1287868172,0.6476606727,6.748901844,4.500578403,1.452125549,0.2181165963,3.630784035,2.769051313,1.419412971,3.523112535,1.044871688,0.1728678346,2.601415157,1.302423596,0.9564455152,1.109176636,0.9909617305,1.348276258
2910,0.1096090898,0.5823117495,6.442681789,4.424231529,1.327814937,0.2317514867,3.704214811,2.772108316,1.47119844,3.169834852,1.064138651,0.153769955,2.479468107,1.349310875,0.9514331818,1.088076591,0.7462747693,1.219794273
2911,0.1182766929,0.6052200794,7.122764587,4.340591908,1.196175456,0.2567788064,3.635572672,3.136158228,1.487097144,3.533727407,0.9880652428,0.1656264812,2.348790407,1.457513213,1.085214257,1.063779712,0.8467957973,1.094488502
2912,0.1499541551,0.5474668145,6.81210947,4.262517929,1.082198262,0.2814803421,3.511427641,2.894487619,1.555270076,3.200272799,0.9992878437,0.1523638964,2.232612371,1.498222232,1.080135107,1.043673158,0.6426557899,0.9904074073
2913,0.133865416,0.6091063619,8.036744118,4.17958498,0.9550150037,0.3208367527,3.267982244,3.297083855,1.576207042,3.94679141,0.8824993968,0.1818381399,2.103500128,1.666409612,1.320204377,1.016596675,0.9074302316,0.8796690106
2914,0.1546318978,0.5000081658,6.979099274,4.111330986,0.8761147857,0.339371711,3.286303759,2.867851257,1.649810195,3.098874331,0.9526808858,0.1510891467,2.014753103,1.637600541,1.18491745,1.000317454,0.506744802,0.8007629514
2915,0.1269832104,0.7675654292,10.76432037,4.003781796,0.7598371506,0.4105571508,3.249059677,5.026329517,1.650565147,5.674762726,0.724825561,0.3653721809,1.87629652,2.082069159,1.88962841,0.9694738388,1.613114715,0.6880396008
2916,0.1231626645,0.5592114329,8.882906914,3.917264938,0.6950294971,0.4473161399,3.556450605,4.601856709,1.672428131,4.183164597,0.7883867621,0.1885053515,1.787858009,1.921351552,1.574871063,0.9479776025,0.8251219392,0.6096145511
2917,0.1339416504,0.4583692551,7.829488754,3.830575705,0.6186433434,0.4551777542,3.228326082,3.560673714,1.689429879,3.380428314,0.8310685158,0.1523547173,1.692096353,1.856882095,1.428871155,0.9322358966,0.4836166203,0.5520036817
2918,0.1802729815,0.3892740011,6.830312252,3.763143778,0.5822246075,0.4327372015,3.328540802,3.258431435,1.719526291,2.666969061,0.894012928,0.1740492582,1.63558352,1.802328229,1.272556424,0.923428297,0.2626671493,0.5129029155
2919,0.1610836387,0.4122692347,7.878265858,3.680776834,0.5252355933,0.4331207275,3.103276968,3.618371725,1.727486968,3.296814919,0.7810685039,0.1519855112,1.555370212,1.944386482,1.498474121,0.9116399884,0.4131786823,0.4683152139
2920,0.1769574285,0.5202578902,10.11159801,3.586317778,0.4631747305,0.4758698046,3.124390841,5.165985584,1.808289647,4.743292332,0.6395725012,0.2290784866,1.464101195,2.263805151,1.971960068,0.8881896138,0.9149794579,0.407623142
2921,0.2121133357,0.3581446111,7.825519085,3.50854969,0.4269220531,0.4589149058,3.038613558,3.750139236,1.756857038,3.137072325,0.7417607307,0.1542813182,1.401566386,2.0097332,1.544799685,0.8811352253,0.325746417,0.3768023551
2922,0.1447596103,0.4460205734,9.938911438,3.420779943,0.3716915548,0.4925300181,2.896507978,4.946291447,1.841305375,4.490819931,0.6008618474,0.2042852193,1.31892693,2.331914663,2.018865108,0.857108295,0.7520709634,0.3289965391
2923,0.2351763994,0.302792877,7.476735592,3.352984428,0.3536733687,0.457100302,3.01937604,3.818873644,1.794668078,2.817479134,0.7154399753,0.163489148,1.277014613,2.044575453,1.530582786,0.850954473,0.2265161276,0.3082297742
2924,0.1313508749,0.3025307357,8.088469505,3.272689104,0.3271065056,0.4386844635,2.919378281,4.157772064,1.80974865,3.185063124,0.649256587,0.1524364352,1.221221805,2.138006449,1.676747918,0.8458482623,0.3017538488,0.2868988514
2925,0.1320148259,0.2946069539,8.429169655,3.191770554,0.2962228358,0.4291953146,2.698858261,4.109625816,1.810917735,3.379526377,0.6057724357,0.1530678421,1.160904288,2.204789162,1.777680039,0.8377522826,0.3439472616,0.2646579742
2926,0.1437905431,0.2366618961,6.914133549,3.132935762,0.2894620001,0.3853509426,2.884727478,3.672558546,1.799080491,2.411345482,0.6855079532,0.1940208226,1.134091496,2.033800364,1.469328403,0.8335195184,0.1553862393,0.2532440126
2927,0.1629042923,0.3052607775,9.561606407,3.039772987,0.2616547644,0.4022084475,2.887243509,5.629491329,1.955517411,4.089368343,0.5072011948,0.182921052,1.071548343,2.415348291,2.055994987,0.8202454448,0.5458359718,0.2276123166
2928,0.1170047745,0.3171964586,10.2133894,2.93797946,0.228967011,0.4288420677,2.726769209,5.964427948,1.997454286,4.50328207,0.4683207572,0.2214140296,0.9997014999,2.535800934,2.235811234,0.8046537042,0.6819467545,0.2014518827
2929,0.1488988847,0.1823201925,7.033916473,2.871454239,0.2222112566,0.3814543486,2.673416853,3.887591124,1.79102087,2.445313931,0.5932731032,0.1808986217,0.9684994817,2.070558786,1.544550896,0.8083310723,0.1492882818,0.1969123036
2930,0.09475597739,0.3085004985,10.72656631,2.774626732,0.1936440468,0.4206870794,2.675526857,6.748387814,2.116129637,4.836056232,0.4222244918,0.2687267363,0.9034072757,2.660646677,2.400006771,0.7853278518,0.8016201854,0.1706479192
2931,0.2029834241,0.1858302504,8.614993095,2.688664198,0.1815671474,0.4104322195,2.677188873,5.459707737,1.947214484,3.414419174,0.4552948475,0.1575246453,0.8585761189,2.32802844,1.936833858,0.7801136374,0.327164799,0.1601432413
2932,0.2262302637,0.1819081306,8.889982224,2.602501631,0.1608968228,0.412120223,2.309666157,5.050181866,1.904254317,3.595248222,0.4199777544,0.1666728258,0.8044441342,2.392689466,2.044164896,0.7657945752,0.3785059154,0.1478001326
2933,0.1559602469,0.3804006279,12.58725262,2.497815847,0.1317024678,0.4830207825,2.296474457,8.054196358,2.350244522,6.108944416,0.3812581599,0.4907164574,0.7320685387,3.063607216,2.952933073,0.7345274091,1.337233901,0.1210429072
2934,0.1442404389,0.1212931052,8.029942513,2.424634218,0.1294944435,0.4480269253,2.507298946,5.475492001,1.960833549,3.009649277,0.4021317065,0.1422218829,0.7044073939,2.274492502,1.874710441,0.7320959568,0.2225463837,0.1170578972
2935,0.1634637266,0.125161469,8.47026825,2.339186192,0.1198529303,0.4341961443,2.334743261,5.689898014,1.991309643,3.313554764,0.3657951355,0.1539395005,0.6625504494,2.35594511,2.006389856,0.7211179733,0.3007407486,0.1109572724
2936,0.1368412971,0.1112777218,8.276561737,2.25824666,0.1135415435,0.4182261527,2.314193487,5.801748753,2.006765366,3.210320711,0.3497702181,0.1512000412,0.6267563701,2.327377081,1.977098584,0.7122024894,0.2819260657,0.106132023
2937,0.1639792919,0.08354075998,7.285168171,2.187317848,0.1107184887,0.386596173,2.278629541,5.250401974,1.927598596,2.612095118,0.3516274989,0.1347151995,0.6003290415,2.166152,1.758077621,0.7036919594,0.1643868387,0.1045966074
2938,0.1362368464,0.07340858132,6.634634495,2.11887908,0.108963199,0.3443490267,2.239088774,4.927297592,1.873495936,2.254922152,0.3509187996,0.1380814314,0.5770465732,2.049536943,1.60981524,0.7007710934,0.1222399101,0.1036473513
2939,0.1616440415,0.07394851744,7.06385088,2.044666529,0.1051808968,0.3228543103,2.039126158,5.059173584,1.886874557,2.559025764,0.3134994805,0.1324885935,0.5466775894,2.118397713,1.733374,0.6948542595,0.1723518819,0.1019508019
2940,0.1508485675,0.1810338944,10.0700922,1.953530192,0.09513553232,0.3662084043,2.040407896,7.978868484,2.398337603,4.570666313,0.2898531854,0.3412313163,0.500387609,2.692432165,2.50202775,0.6710764766,0.8044281602,0.09400945902
2941,0.1750147492,0.07903098315,7.545186996,1.878675103,0.09316404909,0.3584346473,1.935406685,5.887275219,2.026877165,2.904316902,0.2633057535,0.1464525312,0.4711857736,2.220369577,1.902991414,0.6596841812,0.2575402558,0.09339305758
2942,0.167491734,0.1054813862,8.327515602,1.798241615,0.09014283866,0.3709121644,1.969952464,7.100143433,2.251620531,3.451754808,0.2505971193,0.2057053,0.4388293326,2.376884699,2.119142294,0.6441974044,0.4288430214,0.09196955711
2943,0.1295996755,0.07407669723,5.706184387,1.739385605,0.0930685401,0.328484267,1.944129109,5.054887772,1.883377433,1.840057969,0.2561185062,0.1234287918,0.4254926145,1.884222984,1.476434708,0.6378720403,0.09801766276,0.09536299855
2944,0.1227841675,0.0845381394,5.322856426,1.680191994,0.09458009154,0.2867711782,1.843818665,4.776426315,1.830391407,1.671157837,0.246164158,0.1263190061,0.4108125865,1.805302262,1.392127395,0.6334050298,0.09484935552,0.09692869335
2945,0.1496293098,0.09808685631,5.06481123,1.626725674,0.0984249711,0.2557019293,1.790470123,4.734041691,1.824718118,1.575151324,0.234214142,0.1277985573,0.4004393518,1.756124496,1.342308164,0.6279622316,0.09769047052,0.1009735167
2946,0.1327673048,0.102990441,7.046035767,1.552110672,0.09819353372,0.2699309587,1.906372666,7.500903606,2.364379644,2.863311052,0.2032627612,0.1830439568,0.375595957,2.142391682,1.859260201,0.6138951778,0.3453926146,0.1026697084
2947,0.1349543482,0.1040651798,6.40568161,1.47251606,0.100241363,0.2735743523,1.652292609,6.430660248,2.144225597,2.504803419,0.1898140162,0.1547304094,0.3477357924,2.006218672,1.726634622,0.6028841138,0.2634821236,0.104519926
2948,0.1208805814,0.1123788729,5.912045956,1.405729651,0.1024454907,0.271479249,1.592118382,6.16789484,2.090645075,2.242418528,0.1788533479,0.1384514123,0.3276525438,1.901321054,1.61723578,0.5929777026,0.2141536474,0.1071872488
2949,0.1055951118,0.1475671381,4.4596138,1.354580522,0.105506897,0.2456339747,1.661698341,5.300387859,1.915338159,1.408140659,0.1744289398,0.1130783185,0.3194216788,1.601620078,1.246425867,0.5875348449,0.09991022944,0.1112304628
2950,0.1277845949,0.1442384869,4.932970524,1.287582517,0.10693717,0.2342467755,1.567836404,5.934410095,2.037586927,1.760745406,0.1609377414,0.1177961007,0.3004354537,1.679216743,1.38033855,0.582428515,0.1474257112,0.1123220101
2951,0.0738048628,0.1679926366,4.448373318,1.228135228,0.108649157,0.2215437144,1.576479435,5.869478226,2.020242929,1.526636243,0.1528409123,0.111061655,0.2864538133,1.565240026,1.2608217,0.5763644576,0.1229918376,0.1146351472
2952,0.1116394028,0.1816185713,4.41362524,1.164114952,0.1112625375,0.2139834017,1.469391823,5.905996799,2.02129674,1.572817445,0.1467534155,0.1168814301,0.2696691751,1.541614175,1.264766693,0.5700333714,0.1423768401,0.1166451573
2953,0.1100470349,0.1935471743,4.568793774,1.097967863,0.1111809984,0.2136420459,1.561176658,6.942773342,2.245138407,1.738073707,0.1473729163,0.1379810423,0.2512142062,1.557925582,1.30832684,0.5630628467,0.1935018748,0.1184078678
2954,0.08139445633,0.3883109391,2.118794203,1.058345318,0.1085418165,0.1634708196,1.381557584,3.557152987,1.486446977,0.426579237,0.1686058789,0.2174217105,0.2461966127,1.010668397,0.6520937085,0.5642337203,0.2582201064,0.1128143296
2955,0.08994499594,0.2885259092,2.897392273,1.009293079,0.1090892628,0.1503596604,1.358520985,4.944911957,1.783960938,0.8743297458,0.1256937832,0.1060050204,0.2364904433,1.152440906,0.8661200404,0.5614598393,0.09873806685,0.1131864786
2956,0.08663449436,0.5219525695,1.456400871,0.9834708571,0.1006652489,0.1142100096,1.455200791,3.424078703,1.435962796,0.2444133162,0.1812095493,0.2919922173,0.2354146391,0.8210428357,0.4626298249,0.566224277,0.3956846893,0.1046155691
2957,0.09578412026,0.46326074,1.619091392,0.9445688128,0.09783173352,0.1006285548,1.40420258,3.96903491,1.546168923,0.340583086,0.1414554119,0.1852164716,0.2299269438,0.8245582581,0.5042188764,0.5681965947,0.2224083096,0.1007335186
2958,0.1094858274,0.3978228569,1.947823167,0.8966615796,0.09786971658,0.09816185385,1.384734035,4.919465065,1.75393188,0.5462674499,0.1122067869,0.1095821485,0.2205692083,0.8703892827,0.5925879478,0.5668096542,0.1080448553,0.1005317271
2959,0.1050132513,0.4042208195,1.928429484,0.8460888863,0.09830525517,0.09819209576,1.457843304,5.640554905,1.915464044,0.5891584754,0.1056472734,0.09954293817,0.2102554291,0.8445026278,0.5878270864,0.5639097095,0.09715016931,0.1014745012
2960,0.07954221964,0.5705808997,1.125456333,0.8047689795,0.09763401002,0.0950236693,1.270030618,3.839564085,1.478963733,0.2432716042,0.1253101975,0.1753213257,0.2039753646,0.640339613,0.3787709177,0.5643599629,0.2209659815,0.09921324253
2961,0.07652047276,0.6197550297,0.9459783435,0.7706215978,0.09750849009,0.09680060297,1.219411254,3.669811964,1.431224704,0.207177043,0.1268249303,0.18422167,0.2000601441,0.5791393518,0.3327821493,0.5638976097,0.2386595458,0.09855233878
2962,0.08402008563,0.5222354531,1.257536292,0.7311117053,0.1033150926,0.1025598124,1.221643806,4.860024929,1.717512131,0.3830307424,0.1047151089,0.1084234938,0.1959808469,0.6369233727,0.423725754,0.5604118705,0.1104807332,0.1045150682
2963,0.07729385048,0.5613123775,1.10973084,0.69247967,0.1111453548,0.1099487767,1.173419595,4.795719147,1.70310843,0.3480887413,0.1106025353,0.1157430336,0.1933950186,0.5902643204,0.3963325024,0.5573402047,0.1186813936,0.1122442186
2964,0.1135048643,0.6743001342,0.7496962547,0.6555392146,0.1112619266,0.1125357375,1.0882653,3.960691452,1.486813188,0.2130378634,0.1199857667,0.1477286965,0.1873050481,0.4808982313,0.3010810316,0.5567727685,0.1741468906,0.11178229
2965,0.09405580908,0.6843181252,0.6972942352,0.6210181713,0.1140977219,0.1172771379,1.084270358,4.235562801,1.55169642,0.2180282027,0.1194499806,0.1370562464,0.1829847097,0.4513362944,0.2902645171,0.5546110272,0.1535191685,0.1146316156
2966,0.0776970014,0.6527919173,0.7568699718,0.5842097402,0.1204051301,0.1223499775,1.074909091,4.880729198,1.7158283,0.2781151831,0.1209635735,0.12247888,0.1793486029,0.4546515644,0.313388586,0.5510411859,0.1224455237,0.1210378781
2967,0.09605338424,0.9798012376,0.3323912323,0.5597698689,0.1207692325,0.1329098195,1.067878366,3.148631811,1.264041781,0.1985131949,0.175325796,0.2825904191,0.1778583974,0.3142661154,0.1961498708,0.5509059429,0.414121151,0.1211840883
2968,0.0983780846,0.6985936761,0.5743665099,0.5171036124,0.1232723221,0.1315273196,0.9470629096,4.736635685,1.669842243,0.249501586,0.1294055432,0.1260323972,0.1695200652,0.3740958273,0.2660882771,0.5471803546,0.1218571961,0.1232317314
2969,0.09473399073,0.8165065646,0.366070658,0.4863736629,0.1284367889,0.1367432922,0.8791672587,3.948764801,1.460239291,0.1714471579,0.1420769393,0.1452973038,0.1670174748,0.2970904708,0.2131173164,0.5447483063,0.152368024,0.1280930191
2970,0.09132897854,0.919005096,0.2649196982,0.4597080052,0.1309530735,0.1428667158,0.8585028052,3.554855585,1.350809097,0.1602456868,0.1571141928,0.1724572331,0.1641090959,0.2458823323,0.1841749698,0.5432890058,0.199793458,0.1306078583
2971,0.09002283216,1.195150256,0.3083115518,0.4422981739,0.131373331,0.1584142894,0.8145475388,2.398400545,1.030752301,0.3281844854,0.2149650902,0.3213235438,0.1632736623,0.2128083259,0.1878318042,0.5432769656,0.4767427146,0.1310629398
2972,0.0840312764,0.9635323882,0.206837073,0.4197253287,0.1389542371,0.1658249646,0.7557266355,3.383506536,1.302199483,0.16622518,0.1767917424,0.1750305146,0.1643625647,0.1999911219,0.1687141061,0.5420604348,0.1871922761,0.1384671777
2973,0.106149219,0.7598921657,0.3243755102,0.3867125809,0.1465157121,0.1558379233,0.4555259645,3.441102982,1.31449151,0.2459532022,0.1866480857,0.1858720332,0.1624687463,0.2527228892,0.2108864784,0.534810245,0.1850910783,0.1429045945
2974,0.1066595316,1.169189453,0.2815970778,0.3820299208,0.1564623564,0.1723210067,0.3823405802,1.347047806,0.7123524547,0.2882649601,0.2291870564,0.2539876103,0.1692798585,0.1637699008,0.1805904061,0.5362412333,0.3197970688,0.1522714496
2975,0.106387876,0.9103937149,0.1744536906,0.3774628341,0.1694741696,0.1759632081,0.3036610186,1.869571209,0.8753721118,0.1658408344,0.2159115076,0.185206756,0.1783567071,0.1758037806,0.1711118072,0.5338087082,0.1617438346,0.1628104299
2976,0.1015822291,1.102296472,0.2404271513,0.3745256662,0.1749728918,0.1841290742,0.2752002478,1.136358261,0.650406301,0.2399031073,0.2447566241,0.2252039313,0.1819692403,0.1481876522,0.1735141724,0.5328625441,0.2361080796,0.168036744
2977,0.1156410202,0.9001937509,0.1540823132,0.3724860251,0.1814959198,0.1841269732,0.3205446005,2.182684898,0.9793002009,0.1672122329,0.2438922673,0.2071229964,0.1859181374,0.161418125,0.1653348058,0.52881217,0.1771801114,0.1752923131
2978,0.1213556752,0.8415603638,0.1552139372,0.3701566756,0.1884485036,0.1860157996,0.5022557974,3.943955183,1.51027298,0.1862012893,0.2681280077,0.2420113832,0.1890649796,0.1739251167,0.1708722264,0.5237858891,0.2185871154,0.1854485422
2979,0.09884851426,1.097433567,0.2506161928,0.3593265116,0.2018268108,0.1944760233,0.2934607267,1.478676915,0.7668153644,0.2394493371,0.2925403416,0.2389591187,0.1985747069,0.1261827946,0.1735372096,0.5229745507,0.2167861015,0.1934688687
2980,0.1027849242,0.9493050575,0.1513236612,0.3603591025,0.2149766684,0.2019432783,0.277315706,1.920942187,0.9158470035,0.1747566611,0.307328105,0.2506068945,0.2088261396,0.1319657713,0.1606139094,0.5204638839,0.2062801272,0.2049130201
2981,0.1235085949,0.9995334744,0.1821255237,0.3561987877,0.22940512,0.2049233466,0.204280749,0.7141580582,0.5069383979,0.18713516,0.3215673566,0.2535813749,0.2199913859,0.1178215742,0.1571628898,0.5169510841,0.2047552466,0.2094186991
2982,0.08236271143,0.9830054641,0.1763385087,0.3569026291,0.2317056656,0.2060138732,0.2061596364,0.7376568913,0.5169865489,0.1809685379,0.3291415274,0.2596624494,0.2217848152,0.1142029092,0.1528596729,0.5133965015,0.2084908932,0.2115962505
2983,0.09530173987,0.9782678485,0.1832125187,0.3606893122,0.2308113575,0.2100718766,0.2303041816,1.35390842,0.7402684093,0.1823645383,0.341606766,0.2678186595,0.2209994346,0.1107737795,0.1526624709,0.509652555,0.2135397643,0.2168832272
2984,0.08011557907,0.8443431854,0.1074499115,0.3636069596,0.2529202998,0.2170476317,0.2389604449,0.7481252551,0.5276260376,0.1674167067,0.3675488234,0.3297356665,0.2394852191,0.1285370737,0.1487605572,0.5031225085,0.2970306575,0.2251102477
2985,0.07935163379,1.321442246,0.7006505132,0.3659708202,0.2592350245,0.2232509851,0.2648358941,0.2008170485,0.2392688543,0.5304632783,0.4156843722,0.3446087837,0.2420612127,0.1354157776,0.2300527245,0.5046346784,0.3589317799,0.2316040397
2986,0.09124326706,0.7709624171,0.09301773459,0.3809553087,0.2786510885,0.2327617258,0.3361565173,0.459035635,0.4182304442,0.1771318763,0.4030071497,0.3817952573,0.2611540258,0.1347258836,0.1510510892,0.4978312552,0.3629675806,0.2424200326
2987,0.0947849974,0.7972195745,0.110838525,0.3987869322,0.2928533852,0.248320505,0.3247313201,0.491791755,0.4429840147,0.1709985137,0.4184568226,0.3688387871,0.2767328918,0.1285022646,0.1519409865,0.4939033985,0.3265674412,0.2568744421
2988,0.1552428752,0.8143393397,0.1315509081,0.4137819707,0.2957599461,0.2632420361,0.2576200664,1.031556726,0.6706559062,0.173382625,0.435757786,0.3667041361,0.2828158736,0.1245750189,0.1533090323,0.4904499948,0.3098479211,0.2701328993
2989,0.1482602805,0.5901937485,0.1266447157,0.4300436974,0.3156554401,0.2893014252,0.2821637094,1.65995276,0.9109662175,0.325122267,0.5055477619,0.598236382,0.3031692505,0.2190636843,0.2027350813,0.4785343111,0.6861175895,0.2830604017
2990,0.1585185826,0.8791670799,0.2073387355,0.4420385063,0.3271039128,0.3004291952,0.2853006423,0.7691223025,0.5881465077,0.1955246776,0.4771624506,0.3652464151,0.3143081963,0.1121124029,0.1554615349,0.4771672189,0.2817174494,0.2960356772
2991,0.08282455057,0.8937576413,0.2442846745,0.4525969923,0.3349070847,0.3094525337,0.2799693644,0.9426552653,0.665207684,0.2095030099,0.499324888,0.3744594157,0.3223003149,0.1086217165,0.1578493267,0.4760042429,0.2838937044,0.3079642951
2992,0.08396337181,0.7681176662,0.1410064548,0.4723977149,0.364205569,0.3336198032,0.3311556876,0.9153142571,0.6675970554,0.1793365926,0.5360425115,0.4465355873,0.3491601944,0.1264619678,0.1553258896,0.476002425,0.374048382,0.328971386
2993,0.08090952784,0.4790467322,0.1567838788,0.4981523752,0.406252116,0.3806395829,0.5110259056,1.067275643,0.7458289266,0.4504956901,0.6461615562,0.8291888237,0.3875600994,0.2814045548,0.2547749281,0.4621353149,1.003291249,0.3477343023
2994,0.09748166054,0.5219789147,0.1059191152,0.5425295234,0.4379768074,0.4382499456,0.4920153618,1.062475801,0.7722094059,0.3414262235,0.6540742517,0.7345888019,0.4255711734,0.2511439919,0.2343812734,0.4590169489,0.8082630038,0.3804655373
2995,0.07671897858,0.5526254177,0.08948942274,0.5770626664,0.4790538549,0.4849742353,0.6189934015,0.6364483833,0.6061791778,0.2863712907,0.6706387401,0.686811626,0.4650572836,0.2330094427,0.2273455411,0.4557998478,0.7011335492,0.4088934958
2996,0.1293251663,0.5788391232,0.09346292168,0.6164270043,0.5224127173,0.5306260586,0.7241398692,0.4491000473,0.5266761184,0.2597248852,0.6964893341,0.6607214212,0.5073703527,0.2261365205,0.2287017554,0.4584719837,0.6299871802,0.443624109
2997,0.1250713617,0.5404464602,0.1021894887,0.6591112614,0.5474506021,0.5811104178,0.6088442802,0.8624827266,0.7556099892,0.2963319719,0.7430451512,0.7198312879,0.5401509404,0.2600836456,0.2543126643,0.4620204866,0.6997302175,0.4814062417
2998,0.1574754417,0.3428820372,0.3396262228,0.7016168237,0.6145575643,0.6665589809,0.9606526494,0.8198931813,0.7589899898,0.7492592335,0.888712585,1.174095511,0.59809798,0.4839345515,0.451196909,0.4483601153,1.444850922,0.5133772492
2999,0.1208285093,0.2924950123,0.5158392787,0.7420933843,0.6674557328,0.7625759244,1.220597744,0.6486924291,0.694096148,0.9756529927,0.9585989118,1.348856091,0.6465142369,0.5968691707,0.5670246482,0.4285463989,1.723581791,0.5419631004
3000,0.1629533321,0.2320639044,1.077631116,0.8041191101,0.7192559242,0.9098833203,1.310962081,1.050700188,0.9213221669,1.643954396,1.124223351,1.820906639,0.7040268779,0.8866670132,0.8463482857,0.4019062519,2.511367083,0.5810670853
3001,0.1927320212,0.2502619922,0.6879671216,0.8604235649,0.7468185425,1.021089196,1.099159598,1.09289968,0.9714746475,1.128212929,1.032621622,1.425698757,0.7463428974,0.7359807491,0.6973316669,0.3876362741,1.79975307,0.625174284
3002,0.1721673012,0.4462987483,0.1477211714,0.9030882716,0.8058729172,1.027489424,1.300733447,0.3448432982,0.51100564,0.3471835554,0.8717239499,0.7659201026,0.7979199886,0.3875648975,0.3826345205,0.3983407319,0.6789705157,0.6705288887
3003,0.1637676358,0.5682991743,0.1623851806,0.9257135987,0.8276453018,0.9854094386,1.243833542,0.355029583,0.4638713896,0.2696727812,0.8658660054,0.638073504,0.8199498057,0.3052610457,0.3130538762,0.411266923,0.4697397649,0.7034282088
3004,0.1417437345,0.3729437888,0.2084447145,0.9743052125,0.9210135341,1.018327594,1.807186723,0.4126142561,0.4512582719,0.4517885149,0.9672200084,0.8936153054,0.8924182057,0.4752266407,0.4841013849,0.4234811068,0.8316747546,0.7540395856
3005,0.1418804526,0.4114982188,0.1856542826,0.9949809909,0.9398590922,1.013928771,1.673486233,0.419506222,0.4650420249,0.3808158338,0.9649296403,0.808683455,0.913895905,0.4359662533,0.4492157698,0.4316375256,0.682920754,0.7884904742
3006,0.1181279048,0.2965999842,0.3034003675,1.029303908,0.9863538742,1.046676278,1.793991446,0.3974001408,0.5317729115,0.5712123513,1.036278605,0.9968549609,0.9559626579,0.5751991868,0.5877176523,0.4360925257,0.9631493688,0.8288764954
3007,0.1489233971,0.291514039,0.3095395267,1.062492251,1.014175534,1.073106527,1.681594729,0.4108583033,0.5891355276,0.5608429909,1.055499911,0.9818975329,0.9880664945,0.5882681012,0.6002187729,0.4436093569,0.9198032022,0.8705872893
3008,0.1117012724,0.2846334279,0.3179494143,1.095428467,1.070159316,1.092431903,1.930861831,0.4498039186,0.5304146409,0.5581681728,1.078713059,0.9783971906,1.033896804,0.6032109261,0.6243025661,0.4519246519,0.894698441,0.9104844928
3009,0.1280362457,0.2847581208,0.3166184723,1.120330691,1.076597095,1.100401878,1.645377517,0.4373828471,0.6313169599,0.5373057723,1.093172431,0.9537488818,1.051088452,0.604606092,0.6208437085,0.4610535204,0.8394611478,0.9469243884
3010,0.1126582921,0.2348022014,0.4039505422,1.160200715,1.185786724,1.130269051,2.491463661,0.6774666905,0.4829862118,0.6487355828,1.147740722,1.055919409,1.126792908,0.6917951107,0.7319337726,0.4724754095,0.9789517522,0.9918625355
3011,0.1383451819,0.1088268384,1.048805237,1.210005045,1.201263905,1.232614517,2.024849176,0.5988100171,0.8408675194,1.378039241,1.307022214,1.571633339,1.162932754,1.093266487,1.118318439,0.4718811512,1.813799262,1.047497153
3012,0.1629108489,0.1414110661,0.7021587491,1.242855668,1.213464737,1.271679997,1.769825339,0.5944875479,0.8457301259,0.9497393966,1.237678051,1.254156351,1.187137246,0.9228279591,0.9394189715,0.4745532572,1.268431664,1.087328196
3013,0.1241119131,0.1617986411,0.5951840281,1.283943057,1.231284499,1.295156598,1.55055511,0.7058148384,0.9481964111,0.809004128,1.239173174,1.151723981,1.217286468,0.8717111945,0.8797137141,0.4871578217,1.078425407,1.133218884
3014,0.1521995366,0.1472106129,0.6326432824,1.319941044,1.288181424,1.312420845,1.791982293,0.5923187733,0.8624407649,0.8469694257,1.274091363,1.188249111,1.26406765,0.9103624225,0.9267855287,0.4947917759,1.116368413,1.170914292
3015,0.1341361701,0.1095757782,0.8357160687,1.371474266,1.384083629,1.365412354,2.304219007,0.5301085114,0.7640613914,1.064843416,1.349969745,1.351417184,1.338379383,1.056147099,1.091543913,0.5076212287,1.352659583,1.225149989
3016,0.1700487137,0.09442754835,0.9333869815,1.414506555,1.380823135,1.415098786,1.797225356,0.8196108937,1.075419068,1.143487096,1.386629701,1.395690799,1.360325217,1.131240845,1.145670533,0.5183885694,1.403472543,1.276227355
3017,0.140292421,0.07248859853,1.196390033,1.471815109,1.481931686,1.490123868,2.291271448,0.6547092795,0.9582265019,1.411170363,1.471401215,1.581155181,1.439774871,1.298984885,1.334874749,0.5284383893,1.677274346,1.334834456
3018,0.1621784121,0.1291372776,0.699121654,1.499358773,1.455724597,1.475411773,1.741500854,0.7400657535,1.043492913,0.8467957377,1.386407256,1.183264613,1.442002654,1.020684719,1.030454755,0.5439007878,1.020406842,1.371029973
3019,0.1368988007,0.07326173782,1.099354386,1.551466942,1.522034049,1.525068641,1.923373103,0.914829433,1.191508412,1.276047587,1.503314972,1.49615097,1.501414776,1.285523772,1.301646709,0.5577238202,1.490056634,1.424308181
3020,0.2079583853,0.05741637945,1.557302952,1.611616611,1.590185523,1.616050839,2.042611837,1.149552345,1.363150597,1.739457965,1.623103142,1.803629875,1.56582725,1.550268173,1.571991801,0.5667709708,1.962430358,1.486067176
3021,0.1533738226,0.05749023333,1.485413551,1.668011069,1.606534004,1.68677938,1.725081444,1.61923933,1.643481135,1.639954925,1.637808442,1.73905468,1.602782845,1.543308735,1.544805169,0.5782405734,1.826651216,1.54479754
3022,0.1264460683,0.07146728039,1.140950918,1.720456719,1.725392818,1.710880876,2.40661788,0.7132529616,1.078392267,1.276378512,1.613444448,1.516645312,1.688149095,1.384809852,1.415344596,0.5971425176,1.436537623,1.596895218
3023,0.1862173826,0.05910320207,1.668247342,1.778792024,1.800936699,1.787421823,2.609525442,0.8344557881,1.209224582,1.796838164,1.740438461,1.853540421,1.755837083,1.690660477,1.733713984,0.6107822061,1.951095939,1.659380555
3024,0.2225827426,0.06337483227,1.894535422,1.838878632,1.781465411,1.872331023,1.894678473,1.865146279,1.851976752,1.988827348,1.803076148,1.962780833,1.778001666,1.832863808,1.83637464,0.6240737438,2.101234913,1.724731565
3025,0.2501969337,0.08844122291,2.40639019,1.910566807,1.954280257,1.995888829,2.868550301,1.038151503,1.410819054,2.487820625,1.941925526,2.283483505,1.898979306,2.109451532,2.170926332,0.6339310408,2.585837841,1.799470305
3026,0.1679928303,0.06135997549,1.488760829,1.95312345,1.946284652,1.999754071,2.394152641,0.9821560979,1.384648681,1.525268197,1.782590866,1.664070129,1.918529034,1.684666038,1.707318425,0.6537485123,1.567002296,1.848905206
3027,0.2188860029,0.09728464484,2.470211267,2.0233109,2.026973963,2.10590148,2.531499147,1.482728004,1.73558557,2.480360746,1.99946785,2.262751341,1.994067192,2.203112841,2.241176844,0.6674240232,2.492351294,1.922382951
3028,0.1487662345,0.0687437132,1.491453171,2.07208848,2.166699648,2.090018034,3.524874926,0.7175393701,0.9668549895,1.487461209,1.845512033,1.644298673,2.087445974,1.741406441,1.806037545,0.6933709979,1.482992172,1.971799016
3029,0.1581053883,0.08016873151,2.063488245,2.112153769,2.095299959,2.123957872,2.399891853,1.409229636,1.730398536,2.006767035,1.95489502,1.948003173,2.076468229,2.061241865,2.079113007,0.7094513774,1.942252755,2.024070024
3030,0.1838581562,0.1376077384,2.847216845,2.183358669,2.185085535,2.232730627,2.60449338,1.73124218,1.946890473,2.749695063,2.134734154,2.403517008,2.156744003,2.46818018,2.503637314,0.7248257995,2.636373043,2.09872508
3031,0.1856224984,0.08762222528,2.015184879,2.234935522,2.231159925,2.239654064,2.633502007,1.216769338,1.656116843,1.916713357,2.009479761,1.897771478,2.206077337,2.099167109,2.119817019,0.7471826673,1.80670321,2.149873018
3032,0.1750290543,0.114102371,2.358598709,2.290647268,2.257198334,2.277498722,2.441693544,1.725026727,1.991951942,2.231855631,2.103153229,2.095262766,2.247703314,2.298487425,2.307343721,0.7668889165,2.088719368,2.206365108
3033,0.210035637,0.09096153826,1.725449562,2.332526922,2.272992849,2.234095812,2.348715782,1.426864624,1.833013177,1.618421674,2.017832994,1.728183389,2.276775599,1.992840767,1.981882453,0.7907738686,1.501767755,2.240914345
3034,0.2035021782,0.139079392,2.42601943,2.390479326,2.349352598,2.278428316,2.577322006,1.732025504,2.040504456,2.293949127,2.192800283,2.166209221,2.343800306,2.382596731,2.387141228,0.8120591044,2.144314051,2.297570229
3035,0.1780964881,0.1486475319,2.416448832,2.448224783,2.502333164,2.316006422,3.537986755,0.9131109715,1.483419776,2.274173021,2.228276491,2.165103197,2.448055506,2.407531977,2.457898378,0.8355324864,2.113489389,2.353826761
3036,0.1763746142,0.1321562976,2.080905676,2.484425306,2.461109161,2.30015564,2.872300386,1.226819038,1.758222699,1.920105577,2.173285961,1.932952881,2.448232174,2.256610155,2.261745453,0.8597085476,1.743245721,2.392965078
3037,0.1405003667,0.143203035,2.064074278,2.528512716,2.527859926,2.283361673,3.198134661,1.002884507,1.59420526,1.897305608,2.199507475,1.927479863,2.503622532,2.268964052,2.283374548,0.8859106898,1.714375496,2.431544304
3038,0.194569543,0.1647941917,2.210557222,2.568265676,2.472468138,2.277418852,2.47200036,1.874151707,2.200460911,2.021505117,2.246758223,2.004263878,2.497451305,2.36566186,2.33543849,0.9094174504,1.813323617,2.468593359
3039,0.1903678179,0.1411719471,1.547382236,2.596654415,2.471872091,2.187431574,2.446380615,1.418245316,1.934508324,1.407457948,2.151053429,1.636519909,2.510873318,2.008268595,1.961474419,0.9332998395,1.259232998,2.476440191
3040,0.2227454633,0.1752827913,1.908246636,2.635088205,2.492884398,2.162837744,2.460432768,1.797324538,2.185913086,1.766924262,2.262866735,1.893415332,2.540380716,2.23385644,2.18230319,0.9572720528,1.611262441,2.501544952
3041,0.1848570108,0.1680782884,1.41027689,2.663916588,2.583978415,2.080644846,3.231808424,0.8360646367,1.464672685,1.311291099,2.200073004,1.62128067,2.599195242,1.951294541,1.924938798,0.9841861129,1.205265284,2.507637262
3042,0.145991087,0.2111723572,1.899943471,2.697211504,2.591299295,2.072776556,3.126708269,1.149556637,1.780418873,1.778676867,2.322790861,1.936676025,2.619949102,2.257052183,2.222890139,1.009938359,1.643467546,2.533833265
3043,0.1617282182,0.2500451505,2.157183409,2.734362364,2.608062267,2.090597391,3.061597109,1.395751834,1.975005746,2.021746159,2.397171021,2.098964691,2.647230864,2.415093422,2.372353792,1.032994866,1.868527889,2.56470418
3044,0.198436141,0.2600372136,2.061984301,2.774223328,2.582516193,2.099635124,2.638904333,1.899898887,2.306767702,1.928566575,2.406356335,2.049943209,2.654561043,2.382252216,2.308807373,1.06061399,1.778122783,2.596232653
3045,0.1950569749,0.2377357036,1.529293895,2.801310778,2.619851351,2.041395187,2.949724436,1.176451921,1.841341615,1.43512392,2.329639673,1.749033332,2.685980558,2.084579706,2.017027617,1.085937262,1.331302285,2.60082531
3046,0.177440092,0.3708703816,2.651794672,2.851029396,2.653486967,2.117101669,2.893447638,2.177870035,2.49856472,2.522814274,2.596920729,2.471388102,2.7277565,2.727249384,2.652025938,1.109407902,2.372020483,2.647903204
3047,0.2016776204,0.3240222037,2.073848009,2.889488935,2.689168692,2.126941442,3.017329454,1.608361244,2.179189444,1.967281699,2.509274006,2.130820513,2.764607191,2.441362619,2.365489721,1.135160089,1.844781399,2.674866438
3048,0.1758590937,0.371673435,2.294065714,2.928679228,2.73759079,2.157644033,3.221163988,1.584899902,2.180570126,2.184688807,2.585097551,2.286208153,2.808362722,2.579111814,2.507496595,1.158327699,2.057272196,2.705677748
3049,0.2568991184,0.4454886615,2.691943407,2.971135139,2.644636393,2.221536398,2.215920687,3.881071329,3.407048464,2.564945698,2.692663908,2.53682375,2.782853842,2.806880236,2.667812347,1.178718686,2.414931059,2.74507308
3050,0.2344834358,0.4183839262,2.330199242,3.014767885,2.749637604,2.253414392,2.791794538,2.399034262,2.695230246,2.243233681,2.673736334,2.371101141,2.857712507,2.639455318,2.533074617,1.203867435,2.140396833,2.778713942
3051,0.1426355988,0.4318689406,2.248232603,3.059024811,2.686462164,2.278447151,2.114381075,3.948417902,3.486287355,2.177679062,2.698382378,2.354049921,2.847211123,2.615770102,2.460068226,1.231387496,2.093868971,2.81201911
3052,0.2579530478,0.5836325288,3.083045244,3.114095688,2.783927917,2.391513348,2.424533606,4.383366585,3.716312647,3.031699419,2.959633112,2.964729071,2.92450428,3.074637175,2.931465864,1.25562942,2.968771219,2.871516466
3053,0.1671239585,0.5331391692,2.625947237,3.158528566,2.871667862,2.449676275,2.82532692,3.081984758,3.120112419,2.604193211,2.911090851,2.722785711,2.991132498,2.864619017,2.747028589,1.276917815,2.577518463,2.911186218
3054,0.1624170095,0.509806931,2.32399869,3.20378685,2.921791792,2.477912188,2.988866091,2.581590414,2.882278442,2.321479082,2.885031462,2.562085152,3.038697481,2.724990129,2.612662077,1.303291202,2.31838727,2.946354866
3055,0.1779070348,0.5037561059,2.128959417,3.23951745,2.882227898,2.478802681,2.548890114,3.35915947,3.299014091,2.143625975,2.872602463,2.464603424,3.035815477,2.633477211,2.488885641,1.325531483,2.161698341,2.968028307
3056,0.155700326,0.5355039239,2.161643267,3.277423143,2.904006958,2.491564512,2.553495646,3.564067841,3.418980598,2.20705986,2.934316635,2.549875736,3.065444231,2.669410706,2.517490387,1.347960949,2.263829947,2.99281311
3057,0.1454307586,0.4808622897,1.692280173,3.309341431,2.970298767,2.453688383,3.019173384,2.228277922,2.736391306,1.768374801,2.859225988,2.279432535,3.11463356,2.409797668,2.280855894,1.371843338,1.864026904,3.001686096
3058,0.1678209305,0.4053684175,1.063063502,3.326218843,2.946897745,2.331293344,3.02513957,1.581634164,2.352744818,1.153017879,2.7012465,1.839349151,3.109425783,1.998844743,1.866521239,1.395059586,1.265944719,2.979712725
3059,0.1639769226,0.4003614485,0.8394370079,3.334863663,2.878942251,2.19000268,2.791157484,1.68841064,2.425152063,0.9484370351,2.650808573,1.699573398,3.076779366,1.831860423,1.677875519,1.413737893,1.087685585,2.941651344
3060,0.1405512244,0.608165741,1.839540124,3.366365194,2.908059359,2.225574493,2.901479721,2.969989777,3.164575577,2.021484375,3.012912035,2.579842329,3.106842756,2.524428129,2.342075825,1.432886481,2.263088465,2.959830523
3061,0.1702882051,0.5117904544,1.206669092,3.387905121,2.928548098,2.181416273,3.1452806,1.876069665,2.56538558,1.385109305,2.851207018,2.124546289,3.126984596,2.132810593,1.965780735,1.453542352,1.624800086,2.952383995
3062,0.1194680929,0.4727152884,0.8501352668,3.403754234,2.81300354,2.095283747,2.41807723,2.702814102,3.041613579,1.027109861,2.753919601,1.856658816,3.072880983,1.877748489,1.673001647,1.477449298,1.269148946,2.931624651
3063,0.1190116331,0.5181093812,0.9447987676,3.424149275,2.907648802,2.047185421,3.281426191,1.584080338,2.399079323,1.169048429,2.841730833,2.029990911,3.131442308,1.96319294,1.781582475,1.498168349,1.485285401,2.917683363
3064,0.1541743875,0.6467372179,1.40458107,3.450583696,2.887568712,2.07678771,3.048482895,2.628659964,3.023736954,1.687520385,3.034208536,2.482093573,3.133194923,2.294986963,2.077642202,1.518316627,2.09014225,2.928847313
3065,0.07764405757,0.5394018292,0.8120940328,3.464728117,2.846708298,2.019314289,2.890151262,2.126820326,2.749091387,1.05789578,2.841037035,1.984613776,3.117288828,1.880522847,1.664398789,1.536943555,1.419262886,2.908390045
3066,0.1362352222,0.6003212929,0.9551302791,3.481793642,2.773023605,1.999852061,2.4101758,3.481793642,3.481793642,1.244784713,2.932219744,2.185104132,3.085653543,1.999895453,1.739907384,1.553616524,1.678886294,2.897452116
3067,0.1299942434,0.5681262612,0.7308764458,3.497312784,2.8283813,1.956836343,2.989772797,2.075837851,2.734561205,1.021273494,2.883738279,2.035084009,3.121671438,1.833253026,1.598606706,1.570301414,1.476073146,2.877521515
3068,0.1662382334,0.5142347217,0.4323505163,3.504824638,2.876862526,1.86696434,3.740936995,0.8202171922,1.877202868,0.6823983192,2.758418798,1.736307502,3.148996115,1.564247251,1.361232758,1.587397933,1.101534009,2.839967966
3069,0.1463892758,0.6235374212,0.7261331081,3.50613904,2.726441145,1.8442384,2.672869444,2.778723955,3.130761147,1.049347162,2.905728579,2.109511614,3.069288254,1.836882591,1.556091666,1.596179605,1.582374215,2.815235853
3070,0.1543697864,0.4834891856,0.2136085778,3.504698515,2.741052389,1.709447861,3.322900772,0.8744430542,1.923163533,0.4044769108,2.612317801,1.454050064,3.074242353,1.295353532,1.063520312,1.603536248,0.78806144,2.748518229
3071,0.1211698875,0.5159618258,0.2415911406,3.494972944,2.621839523,1.603618503,2.855965614,1.473724365,2.358961344,0.4470430911,2.619396448,1.522280693,3.004107475,1.332431674,1.057131529,1.604481697,0.881085813,2.68028903
3072,0.1391670108,0.595559895,0.4027375877,3.493419647,2.639689207,1.564718604,3.376434326,1.255084634,2.207693338,0.6820799708,2.739529848,1.823227286,3.011992216,1.532022834,1.237092376,1.606669426,1.252395034,2.635817766
3073,0.1309799105,0.5948928595,0.3607977331,3.486069918,2.613992929,1.52038157,3.574790239,0.9858813286,1.999645591,0.615260303,2.685312986,1.751766086,2.993812799,1.475229621,1.174684286,1.607479692,1.180984497,2.587130308
3074,0.1179426014,0.5555272698,0.2435966581,3.475143671,2.491835833,1.450422168,2.934011698,1.377753735,2.283483505,0.4266726077,2.559710264,1.522031426,2.921334505,1.303070068,0.9816797376,1.612699151,0.9220350385,2.534371614
3075,0.1337058991,0.5758978128,0.2599556744,3.471475601,2.487575293,1.397653461,3.312482119,1.02970016,2.025784254,0.4460437298,2.565679312,1.567575455,2.915872574,1.317912459,0.988656044,1.617036223,0.9854639173,2.485727072
3076,0.1661748737,0.5481094718,0.2164547443,3.459859133,2.41321063,1.323299885,3.182659149,0.964707315,1.964138389,0.3290582895,2.457965612,1.395710588,2.868578672,1.195262671,0.8566533923,1.616834998,0.8072498441,2.422581673
3077,0.1307030618,0.716745317,0.4924319685,3.456016779,2.39019084,1.343877792,3.21167779,1.61351645,2.429731131,0.774435997,2.70602107,1.977686882,2.853970766,1.583799362,1.185579896,1.61717701,1.519413352,2.39481616
3078,0.0890250504,0.8507452011,0.7650941014,3.454624176,2.380742073,1.410040498,3.204772711,2.103319883,2.729660034,1.135774374,2.861812592,2.36045146,2.848281622,1.830717564,1.399699569,1.616987586,2.028680801,2.38523221
3079,0.07202803344,0.7144537568,0.4920690358,3.451017618,2.387459278,1.411618114,3.56970787,1.122727513,2.07881856,0.7030008435,2.614441633,1.866969466,2.850093842,1.541725755,1.143248916,1.617732644,1.412624717,2.352142096
3080,0.06619101018,0.6593667865,0.4263509214,3.441602707,2.223816156,1.381269336,2.447662115,2.270217657,2.81902504,0.5374978781,2.467894793,1.625564218,2.755949974,1.412324786,0.977974236,1.617679,1.142858505,2.308339119
3081,0.06918214262,0.5690696836,0.4032994509,3.44236064,2.29495573,1.310409427,3.621850014,0.7043018341,1.653188705,0.3576270342,2.289719582,1.31876266,2.794586897,1.229308248,0.8351845741,1.616407037,0.8158302307,2.248539209
3082,0.07642091066,0.6087042689,0.4688740671,3.431840897,2.226789474,1.264797091,3.433596849,0.8789995313,1.823455811,0.4213576317,2.289159536,1.389328599,2.752214193,1.30277431,0.8765446544,1.616497993,0.9160272479,2.19724822
3083,0.05090902373,0.5540785193,0.550099194,3.428423643,2.153845549,1.196785569,3.286927462,0.8473421931,1.74828577,0.3564108908,2.12632823,1.157954693,2.709904909,1.203432083,0.7709886432,1.61841166,0.701303184,2.136095762
3084,0.0671319738,0.5822964311,0.6209219098,3.423020363,2.165058613,1.147996306,3.968423843,0.7497987747,1.449243903,0.4069228172,2.116878748,1.207952142,2.713112831,1.269518971,0.8235747218,1.618772864,0.7750490308,2.081356764
3085,0.08116351068,0.643874228,0.6973624825,3.414807558,2.033103943,1.130613685,2.994143724,1.220225811,2.075315237,0.4961446822,2.133277655,1.313939095,2.637226343,1.381462693,0.8829092979,1.624745011,0.912322998,2.04041934
3086,0.06472406536,0.5905842781,0.7878063321,3.407428026,1.975169063,1.086594462,2.904316664,1.16770041,2.008621931,0.4644204378,2.010112762,1.151239038,2.600754023,1.32066071,0.8181977272,1.622743607,0.7663021088,1.987861276
3087,0.09984347969,0.5986471772,0.8519247174,3.399367094,1.954086661,1.052644372,3.148621321,1.06644249,1.872700214,0.4933525026,1.989851356,1.168812275,2.584622383,1.357900739,0.8401020169,1.620583057,0.8005470634,1.939865232
3088,0.0752312243,0.4782874882,1.130408883,3.388020754,1.966367722,0.9773008227,4.04092598,1.209437728,1.294154644,0.5135514736,1.742225647,0.8287760615,2.585187197,1.219971299,0.7347944379,1.61588347,0.525739491,1.871128082
3089,0.08711379766,0.582264483,1.052027702,3.369708776,1.893736005,0.958307445,3.698010445,1.089734197,1.563487411,0.5511314869,1.845475793,1.064066648,2.537681341,1.39248836,0.8538460732,1.617836356,0.7470371723,1.8273139
3090,0.07754022628,0.4216296673,1.668426156,3.36614728,1.80153501,0.884549439,3.437202454,1.445272803,1.436903954,0.7706664205,1.493368745,0.6217181087,2.483690023,1.250537038,0.7472758293,1.619084358,0.4767517149,1.755416274
3091,0.07547750324,0.4617661536,1.608269572,3.351558924,1.723080039,0.8388437629,3.21713376,1.373796105,1.605347514,0.7424327731,1.525424004,0.7224113941,2.432169676,1.35644877,0.809312284,1.615222931,0.543258965,1.693206429
3092,0.06533615291,0.3970701694,2.10728097,3.347764969,1.653390884,0.7859666944,3.190901995,1.715366006,1.562759399,0.9964268804,1.354429603,0.5718172193,2.389488459,1.369927406,0.8300095201,1.610833764,0.5284875631,1.622504115
3093,0.06192009524,0.3825117052,2.436638117,3.353526354,1.641658187,0.7531401515,3.861299753,2.738792419,1.532400131,1.178182006,1.278808951,0.54950881,2.38462925,1.459274173,0.9012823105,1.610026002,0.5804620385,1.558109641
3094,0.06412100792,0.5021837354,1.917462945,3.329901695,1.611290812,0.7585665584,3.993260145,2.385445356,1.638165116,0.9094743729,1.448540807,0.8051357269,2.358619928,1.606037736,0.9771478772,1.609844565,0.6745715141,1.51951313
3095,0.06208967045,0.6383645535,1.752330184,3.321033239,1.629986167,0.802515924,4.460309505,2.6398983,1.707358956,0.9007296562,1.574696183,1.042691827,2.368876457,1.762559891,1.091348886,1.62321341,0.8792007565,1.509954333
3096,0.07276788354,0.5792847276,2.075144053,3.309386492,1.576285005,0.8405997157,3.857008934,2.659397364,1.817329407,1.052525163,1.405195832,0.8669908643,2.3373909,1.781129479,1.122558475,1.641718507,0.7847310901,1.498510003
3097,0.07950875908,0.5187001824,2.442526102,3.295260668,1.46995008,0.8541648388,2.74762249,2.12324214,2.01330018,1.254270077,1.259583592,0.7474346757,2.27099061,1.818758965,1.170777321,1.647520423,0.7682156563,1.469151139
3098,0.07282684743,0.3740690649,3.620787382,3.325127602,1.398050904,0.859164238,2.331020594,2.493400097,2.087961435,1.984660506,1.007388473,0.5965058208,2.239466429,1.939608693,1.341560245,1.650549531,0.9610841274,1.423907876
3099,0.07775217295,0.3746608794,3.751509905,3.352570534,1.388449073,0.8757789731,2.699914932,3.12719655,2.161827326,2.028974295,1.012560725,0.6374675632,2.244640827,2.070994139,1.432323098,1.648760438,0.9787507057,1.38274157
3100,0.07067317516,0.3354041576,4.454119205,3.377861738,1.33670485,0.9102330804,2.438360929,3.341204405,2.293904066,2.484870434,0.9292522073,0.6593360901,2.22213459,2.247234106,1.616556764,1.647746444,1.174924135,1.344483852
3101,0.06801115721,0.3867376745,4.003320217,3.406713724,1.335287929,0.9594405293,2.638245821,3.429271698,2.413418293,2.136934519,1.029050827,0.7323090434,2.233106613,2.338594437,1.635800362,1.65328753,1.041830063,1.327656388
3102,0.06190273166,0.3985439241,4.203584671,3.448737383,1.33374989,1.032322526,2.526642561,3.501087904,2.552788734,2.257555008,1.038635969,0.7890025973,2.249087095,2.492446661,1.767297745,1.671631336,1.111429095,1.331178188
3103,0.06537696719,0.3745513856,4.725889206,3.494051218,1.334420562,1.110297799,2.433465958,3.817463875,2.69873023,2.593024969,0.9989357591,0.8266054988,2.267101049,2.679489136,1.953245163,1.687550068,1.255080104,1.335163116
3104,0.07719472796,0.3853249848,5.062119961,3.566853285,1.35812819,1.216293693,2.334489822,3.948579788,2.86984849,2.804872274,1.018293262,0.9027323723,2.31014657,2.884876966,2.139880896,1.719219208,1.367758155,1.362667203
3105,0.07949093729,0.3930517733,5.35266304,3.633352995,1.389099717,1.317161441,2.391897678,4.347206116,3.04495883,2.981904268,1.040785432,0.9736289978,2.355599165,3.076952696,2.308210135,1.74556911,1.460303664,1.389537811
3106,0.08673735708,0.3602969944,6.125804901,3.693831205,1.428938866,1.4236027,2.837125778,6.2624259,3.419739485,3.50304389,1.002584934,1.0504843,2.406167507,3.333797455,2.556346655,1.764663696,1.705469251,1.411916256
3107,0.07978936285,0.4044071138,5.906285763,3.733177423,1.448513031,1.524156094,2.472019434,5.231862545,3.404464006,3.34478569,1.075361133,1.111106038,2.431740761,3.430888891,2.629907846,1.787630558,1.654543877,1.444799542
3108,0.1077008843,0.464173913,5.752711773,3.801586151,1.499177337,1.632216454,2.322812319,4.797552109,3.489109278,3.235030413,1.168203473,1.194691181,2.488766193,3.555071115,2.721066475,1.825846314,1.640270829,1.500118136
3109,0.1064964458,0.3853531182,7.149293423,3.879246473,1.546910763,1.765575409,2.305962801,5.914251804,3.793622971,4.215519428,1.083834171,1.32031548,2.547255516,3.944019079,3.15785408,1.85341835,2.111867189,1.547552109
3110,0.1218719408,0.4418393075,6.739818096,3.948297739,1.60293138,1.876621842,2.391572952,5.94728899,3.931152105,3.895880461,1.191857934,1.360283494,2.609327555,4.014921665,3.171823502,1.883877397,1.961627364,1.602034569
3111,0.1126146093,0.3802781105,8.077736855,4.009275913,1.648091674,2.01159358,2.362844706,7.138642788,4.273621082,4.862841129,1.136278033,1.529472709,2.658843756,4.405437469,3.608373404,1.901342511,2.46713376,1.647780418
3112,0.104142271,0.3885383904,8.035754204,4.044912338,1.682374358,2.116661787,2.418672323,7.552749157,4.457104683,4.80773735,1.183176041,1.565565467,2.69285512,4.508000851,3.685318708,1.90746963,2.428303719,1.682748437
3113,0.1149962172,0.3750804365,8.459575653,4.068145275,1.71799314,2.222131252,2.091960907,6.575325012,4.352929115,5.114543438,1.194335341,1.656245589,2.715344667,4.693235874,3.908325195,1.908172488,2.595031738,1.715655923
3114,0.1143113598,0.3801060021,8.643819809,4.137844563,1.773733497,2.349354744,2.245897055,7.627128601,4.68934536,5.215398312,1.24802196,1.72460115,2.778031111,4.86887598,4.05146122,1.925940514,2.637168407,1.774320006
3115,0.1114895567,0.369663626,9.253499031,4.194210529,1.828294158,2.485391855,2.358351946,9.032369614,5.114263535,5.659538269,1.277054429,1.859892488,2.833770037,5.128774643,4.309732437,1.939317226,2.886952162,1.833547235
3116,0.1168589219,0.3771021366,9.282212257,4.219305038,1.877308011,2.594293356,2.263322115,8.797005653,5.152490139,5.679982662,1.323688388,1.91135633,2.869720459,5.229737282,4.413788319,1.942190289,2.898768187,1.881411552
3117,0.1230436563,0.3733342588,9.583692551,4.241735458,1.930809021,2.700451612,2.104868174,8.25969696,5.109444141,5.907613277,1.355965972,2.000957727,2.904360533,5.388063431,4.600246906,1.940806985,3.029277802,1.927650928
3118,0.1264263541,0.3537713587,10.40827847,4.268084049,1.966333389,2.823591471,2.187203169,10.0076189,5.609287739,6.523673534,1.372613549,2.174502134,2.93533349,5.67647934,4.902012348,1.932180524,3.385010004,1.972188473
3119,0.1368293017,0.3605481088,10.36974049,4.296198368,2.020853281,2.946323395,2.17409873,10.25277996,5.760730267,6.488868713,1.428619742,2.213340998,2.976819277,5.760766506,4.980591297,1.931085587,3.357610703,2.02922225
3120,0.1268040389,0.3619588315,10.56347656,4.298067093,2.054749727,3.047295809,2.21945405,11.37600422,6.109458923,6.646566868,1.466257691,2.291588068,2.997032166,5.875315189,5.096180439,1.918541551,3.4526577,2.072506189
3121,0.1454953551,0.3697447479,10.64259243,4.289157867,2.125594854,3.143830299,1.974051476,9.432668686,5.667772293,6.732919216,1.509023666,2.359124422,3.024395704,5.952073574,5.231464386,1.905007005,3.515731096,2.11697793
3122,0.1412280053,0.3673256934,11.07991695,4.306611538,2.151782036,3.253871202,2.085556507,11.72913074,6.337300777,7.065609455,1.549601555,2.48127389,3.049485445,6.139593601,5.405399799,1.891457438,3.710915565,2.167464018
3123,0.1406898946,0.3786506951,11.29637146,4.336616516,2.261217356,3.39337039,1.910346031,9.789188385,5.908771038,7.256019592,1.619778991,2.594895124,3.115016222,6.287694454,5.615736485,1.891461253,3.84441185,2.243120909
3124,0.1405978203,0.385491401,12.32566357,4.400944233,2.334314585,3.575594664,1.941533446,11.7685976,6.55620718,8.054068565,1.698570251,2.877802849,3.18355751,6.68275404,6.027851105,1.891465545,4.351485729,2.331343889
3125,0.1401417851,0.4044890404,11.36023808,4.471521854,2.415302277,3.71109271,2.008225918,12.26721191,6.810977936,7.283574581,1.788275361,2.715309858,3.263713837,6.533444881,5.814810276,1.909561157,3.842247725,2.433873177
3126,0.1376859993,0.4181844294,12.1436739,4.505592823,2.536397219,3.856197357,1.918215275,11.34579563,6.639007568,7.941915035,1.874819398,2.980712891,3.339431524,6.840788364,6.201641083,1.909564972,4.296323299,2.521798372
3127,0.1370643377,0.4285570681,12.40606403,4.513299465,2.585865021,3.964008331,1.902225494,12.23808956,6.949248791,8.158403397,1.933598876,3.088121414,3.369180918,6.972801208,6.346694469,1.889666557,4.43356657,2.580876827
3128,0.1424609423,0.4397645891,12.3030777,4.527625561,2.686260223,4.067681789,1.880006313,10.74947357,6.572920322,8.09318161,1.997442603,3.116440535,3.424221277,7.004999638,6.423257351,1.875207782,4.391967773,2.649027109
3129,0.1567299813,0.4528262317,12.50854206,4.541545391,2.716778994,4.159519672,1.854927897,12.45875072,7.130470753,8.257767677,2.055984497,3.204198122,3.449440718,7.120652676,6.527254581,1.855300426,4.489037037,2.709710121
3130,0.1450371295,0.4694315493,12.74330044,4.559279919,2.796299696,4.271942139,1.837731004,12.65367603,7.250812531,8.472071648,2.134115458,3.329491377,3.499301672,7.252684116,6.688223362,1.840445399,4.643529892,2.784667253
3131,0.1452847123,0.4914549291,13.0969553,4.561076164,2.885761261,4.381061077,1.835380554,12.12565231,7.137074947,8.785648346,2.211193085,3.486783266,3.54399085,7.406659603,6.89833498,1.817521453,4.867351055,2.850707769
3132,0.1802312732,0.5033335686,12.97586918,4.611347198,2.987293959,4.507958889,1.847014546,11.93886852,7.159337997,8.693584442,2.293138027,3.509227753,3.620245934,7.454326153,6.955908298,1.81253016,4.800112247,2.946642876
3133,0.1592068076,0.5276030898,13.42472553,4.655027866,3.077825785,4.641354084,1.842158914,12.62350941,7.446126938,9.069846153,2.394011497,3.696323395,3.688122511,7.670214176,7.196273804,1.801739693,5.061092854,3.039892912
3134,0.1538169533,0.5360072255,13.10306549,4.69498682,3.213366508,4.742933273,1.955196381,10.82030773,6.936344624,8.823745728,2.465118647,3.662310839,3.773654699,7.640929699,7.208305359,1.792738318,4.891796589,3.130111933
3135,0.1542792767,0.5486981273,12.86819363,4.72668457,3.260578871,4.800846577,1.889225483,11.59362316,7.23803091,8.633580208,2.519645929,3.628850222,3.815724611,7.622687817,7.168605804,1.777591705,4.746688366,3.202978849
3136,0.1643738002,0.5769270062,13.14665508,4.743294239,3.36819768,4.864287376,2.003855705,10.68359852,6.976864338,8.886322975,2.600745916,3.767418623,3.876255274,7.756229877,7.359666348,1.758086562,4.929443836,3.271945238
3137,0.143517077,0.6105491519,13.59605122,4.78284502,3.415818453,4.958769321,1.901317716,12.34133148,7.581431866,9.254593849,2.694768667,3.943759918,3.922402382,7.963021755,7.561916351,1.74165535,5.176149368,3.354898214
3138,0.1477055699,0.6345675588,13.68326092,4.81462574,3.486375093,5.051891327,1.866057396,13.06602192,7.874695301,9.348549843,2.781134367,4.031418324,3.976076365,8.048339844,7.653526783,1.725479484,5.248790741,3.439498186
3139,0.1399511099,0.6453275681,13.3147049,4.828095913,3.567106247,5.104548454,1.896690369,12.54092121,7.739187717,9.084893227,2.8370049,3.983805895,4.025309086,7.966453552,7.58694458,1.706175447,5.079845905,3.50980401
3140,0.1501785368,0.7059546113,14.11745071,4.843728542,3.688980341,5.205949306,2.047217131,12.03117847,7.605237484,9.786037445,2.970519781,4.317334652,4.092844963,8.274859428,7.976835251,1.682464957,5.601392269,3.588186979
3141,0.1542478949,0.7024850845,13.49546337,4.870694637,3.680374861,5.260976315,1.786344171,14.29148483,8.414027214,9.284836769,2.999626875,4.157070637,4.108538151,8.112675667,7.74422884,1.663346887,5.236988068,3.661960602
3142,0.1559239775,0.7409691811,13.7524519,4.879316807,3.800871611,5.336193085,1.919124126,13.34813023,8.133067131,9.564594269,3.113601923,4.344377995,4.174854755,8.235268593,7.932728291,1.642443061,5.483478069,3.739424467
3143,0.1520610899,0.7683498263,13.74417114,4.894361496,3.861907005,5.406427383,1.875227928,14.00271702,8.395266533,9.604400635,3.199644327,4.421678543,4.216555119,8.269341469,7.976804256,1.620431423,5.539382935,3.814688921
3144,0.1282726824,0.7694835663,13.31874371,4.913640022,3.915081739,5.456620693,1.804337144,14.60900116,8.645550728,9.307941437,3.259923935,4.36641407,4.258163452,8.16121769,7.858648777,1.602937341,5.361038208,3.891880751
3145,0.1341759413,0.771654129,12.90683746,4.921721935,4.007871628,5.480621338,1.88991642,13.69365692,8.362368584,9.043959618,3.32400012,4.333003998,4.312943459,8.045376778,7.771357059,1.584978104,5.225110531,3.960573912
3146,0.1284678429,0.8380630612,13.51664734,4.925924301,4.085456371,5.546404362,1.919119477,14.34447956,8.618560791,9.627762794,3.4750278,4.660516262,4.357588291,8.285190582,8.058127403,1.560802102,5.708659649,4.031036377
3147,0.1467358619,0.8965990543,13.81827259,4.91894865,4.09046793,5.625350952,1.709282041,16.98278999,9.552951813,9.952232361,3.598532915,4.876968861,4.363119602,8.408831596,8.17383194,1.532168031,6.001296997,4.097144604
3148,0.1300649196,0.9125833511,13.66414165,4.910964012,4.197124004,5.712277889,1.808744431,16.13111115,9.288237572,9.917582512,3.700872183,4.958141327,4.417503834,8.37548542,8.193374634,1.505803943,6.051559448,4.172847271
3149,0.1319753379,0.8569879532,12.57196045,4.913064957,4.286064148,5.731768131,1.901241899,14.53565216,8.755553246,9.08025074,3.693087339,4.66431284,4.46833849,8.003123283,7.836290836,1.485085845,5.48709631,4.238333225
3150,0.1332685947,0.9329889417,13.23456097,4.919548512,4.378149509,5.809929371,1.97165966,15.05519867,8.970732689,9.728759766,3.880583525,5.053733349,4.521858692,8.269551277,8.15722847,1.460243583,6.051020145,4.314651012
3151,0.131564036,0.8716869354,12.17359638,4.931651592,4.437354565,5.820270538,1.961244464,14.39569473,8.764458656,8.903197289,3.862070799,4.748096943,4.563114643,7.903172016,7.78271246,1.441065192,5.482004642,4.38010025
3152,0.141006276,0.892662704,12.07088852,4.927029133,4.528702259,5.823991776,2.134883165,13.47484684,8.443608284,8.910163879,3.954659462,4.839272022,4.610702515,7.875619411,7.802135468,1.417810321,5.565751553,4.433189869
3153,0.1479685307,0.9233632088,11.98487854,4.920012474,4.642442226,5.82754755,2.469025373,11.80838299,7.828070164,8.920264244,4.038709164,4.922370434,4.666046619,7.849842072,7.841529846,1.393417358,5.641888142,4.480083466
3154,0.1353663653,0.9279155731,11.67738724,4.934816837,4.71958065,5.82869482,2.622411013,11.04592609,7.554523945,8.712215424,4.081300259,4.881231785,4.713993073,7.751776218,7.7669487,1.37155211,5.52416563,4.533530235
3155,0.1401545852,0.868624866,10.72049809,4.960769653,4.638221264,5.774280071,2.034960508,13.53477192,8.531647682,7.943446636,4.027384758,4.556053162,4.693525314,7.404720306,7.322994232,1.356540084,4.969762802,4.580817699
3156,0.1432974935,0.8989623189,10.7927351,4.958631039,4.742316723,5.739753723,2.347948313,12.22430706,8.046515465,8.111338615,4.147517681,4.735619545,4.748821735,7.440670013,7.418325901,1.337001204,5.194794178,4.621275425
3157,0.1448602676,0.9186752439,10.70589066,4.96539259,4.826660633,5.717937469,2.593439817,11.27091599,7.69019556,8.119206429,4.230554104,4.818576336,4.797437668,7.417724609,7.434782505,1.317110896,5.274677277,4.662897587
3158,0.1591460705,1.008657098,11.27677059,4.981019497,4.855438232,5.756874561,2.484874964,12.68222809,8.259762764,8.679802895,4.413730621,5.179841995,4.823242188,7.660001278,7.687841892,1.294402361,5.77837801,4.718492508
3159,0.1476814598,0.9500749707,10.46027374,4.990737438,4.833488464,5.740267277,2.196884155,13.68791485,8.663257599,8.042935371,4.374125957,4.920146465,4.822706699,7.348959446,7.335258484,1.274584174,5.337250233,4.760005474
3160,0.1405128837,0.9524763227,10.24372387,4.98871851,4.943654537,5.724351406,2.584552526,11.86279583,7.965812206,7.95499754,4.44946146,4.969405651,4.880685329,7.268426418,7.312540531,1.254180551,5.363401413,4.797595978
3161,0.1095153689,0.9092243314,9.677914619,5.0128932,4.959022045,5.696301937,2.462063074,12.21466541,8.129088402,7.535094738,4.449862003,4.821546078,4.905138016,7.057938099,7.082294464,1.239982009,5.098531246,4.843689919
3162,0.1209105179,0.8590503335,9.074690819,5.028501511,5.014808655,5.634993076,2.617631912,11.23495197,7.756970882,7.096473694,4.443544865,4.668631077,4.945210457,6.821491718,6.856568813,1.226251483,4.83345747,4.876595974
3163,0.1367650032,0.8617680669,8.895390511,5.041469097,5.090605736,5.578493595,2.923621178,10.13805771,7.323356628,7.025166035,4.508356571,4.713067532,4.992853165,6.757033825,6.823561192,1.211133838,4.862039566,4.904297352
3164,0.1036996022,0.9001786709,8.959356308,5.05693388,5.05537653,5.546375751,2.601881266,11.87225628,8.044452667,7.153562069,4.609853745,4.858894348,4.987213135,6.795599461,6.831316471,1.194521427,5.040111065,4.933871746
3165,0.1248879805,0.6402444839,6.683243275,5.070971489,5.155583382,5.341056824,3.280310392,7.286967754,6.118419647,5.241991043,4.219324112,3.835175276,5.04721117,5.807133198,5.860654354,1.188985229,3.575893164,4.924436569
3166,0.1163440645,0.6653832197,6.63137579,5.081741333,5.115140438,5.1629529,3.193656206,7.744373322,6.330066204,5.27063942,4.272469044,3.915337563,5.035133362,5.787120819,5.816689968,1.180146575,3.674464464,4.906590462
3167,0.08663102984,0.4271610975,4.362803936,5.098166466,4.996503353,4.808238506,2.881364584,6.466907978,5.758187771,3.368522644,3.792061567,2.815490723,4.986662388,4.700639248,4.64063549,1.184245467,2.229787827,4.849468708
3168,0.1049317345,0.4245417118,4.182942867,5.107163906,4.936934471,4.500900269,2.947965622,6.371553898,5.71861124,3.303717852,3.820215464,2.852148056,4.963832378,4.609063625,4.523891449,1.184369683,2.272186518,4.785301208
3169,0.1323773116,0.3610785306,3.438591719,5.117040157,4.893951893,4.179314137,3.19254756,5.117040157,5.117040157,2.739807367,3.685630083,2.555759192,4.948566437,4.213859081,4.107447147,1.187447667,1.910655499,4.709610462
3170,0.1273315102,0.5768292546,5.003563881,5.132816792,4.860300064,4.089614868,3.150053024,7.361162186,6.189356327,4.20857048,4.199820995,3.601633787,4.941514492,5.029685974,4.914489269,1.183850288,3.216707468,4.690615177
3171,0.1225316301,0.5366104841,4.527620792,5.147628784,4.857753277,3.982780457,3.350993872,6.496744633,5.799673557,3.851318359,4.139161587,3.437671661,4.949264526,4.797858715,4.676908016,1.181645751,2.995591402,4.664318562
3172,0.1027917638,0.3767385781,3.129095793,5.152329445,4.677482128,3.748290062,2.73932147,6.73871851,5.915230274,2.655143499,3.758929253,2.672298193,4.861440182,4.052862644,3.851010561,1.180889964,2.050682068,4.588432312
3173,0.1067768335,0.2879031897,2.290922403,5.158650875,4.53193903,3.47325778,2.436175346,6.751829624,5.924947262,1.976457477,3.540528059,2.248819113,4.791756153,3.557085752,3.302550554,1.184358001,1.564228654,4.498722553
3174,0.09503060579,0.2452078313,1.844282508,5.168832779,4.508571625,3.21216011,2.831331253,5.168832779,5.168832779,1.644561768,3.455379248,2.073560953,4.786192417,3.267851114,3.013609171,1.19328928,1.37030828,4.412294865
3175,0.07881631702,0.1620463133,0.9255403876,5.169913769,4.397491455,2.848459959,3.035849333,3.277579069,4.160205841,0.8537936211,3.069830656,1.428298831,4.72743082,2.556905985,2.288588524,1.198705077,0.745654881,4.272214413
3176,0.094344832,0.1807240397,0.9379034042,5.171426296,4.316915512,2.570758581,3.354801416,2.90158534,3.939106703,0.9044861794,3.126013517,1.539578438,4.684074879,2.561383963,2.269263506,1.204685092,0.8496279716,4.149081707
3177,0.09493594617,0.1906675547,0.8316828609,5.167752266,4.164356232,2.326012373,3.230920076,3.04975009,4.025760174,0.8319881558,3.083303213,1.508635163,4.599977016,2.452402115,2.115788221,1.206282258,0.832552731,4.018805027
3178,0.1308243126,0.1789529771,0.5861364007,5.163791656,4.061038494,2.081453323,3.485958815,2.211966515,3.495925903,0.602510035,2.917668104,1.279132485,4.540041924,2.165367126,1.815265656,1.210563183,0.6443833709,3.88441205
3179,0.1416994184,0.1732452065,0.3715406358,5.149431229,3.86722374,1.78813076,3.360833883,1.662213326,3.087545633,0.3542901278,2.601150513,0.8714759946,4.424575806,1.717071176,1.34869206,1.209617496,0.3803624809,3.711188555
3180,0.1201943979,0.1991944313,0.4410328865,5.143429279,3.715989828,1.603436947,3.202635765,2.221185923,3.490354776,0.4331018925,2.732296228,1.079944968,4.33583498,1.845501781,1.423679709,1.2193259,0.5094072223,3.586613894
3181,0.1969961673,0.2116319388,0.4678072929,5.127995968,3.56496501,1.361944079,3.354330063,1.322642446,2.781511307,0.3408201635,2.398828745,0.6732864976,4.239813328,1.407354236,1.0030092,1.221835375,0.3081564903,3.418154955
3182,0.2193080783,0.2907469869,0.6119070053,5.125722408,3.46563077,1.305147171,3.300909758,2.764653444,3.832227707,0.6373941302,2.960067987,1.498283386,4.181801319,2.059319735,1.537143588,1.226869941,0.8640885949,3.33027339
3183,0.1976710558,0.3478546441,0.7189083695,5.125205994,3.44827199,1.283033967,3.788874388,2.37658143,3.584335327,0.770011127,3.077537298,1.719790459,4.169858932,2.179806709,1.633468628,1.230193377,1.084271073,3.257135391
3184,0.2267075032,0.3055389822,0.5823002458,5.116128922,3.302303314,1.216861606,3.37834239,2.346966505,3.560054541,0.5193328857,2.800170183,1.326399088,4.081804752,1.864276528,1.315608978,1.23546195,0.730158627,3.16651082
3185,0.2116588354,0.2712455094,0.6763026118,5.101984501,3.265975714,1.085279107,4.178964138,0.9773130417,2.363581181,0.3895343244,2.401634455,0.8080359101,4.04907465,1.442671299,0.9534158111,1.240397096,0.3692336977,3.041716337
3186,0.138271153,0.3013645709,1.115898252,5.062910557,3.085313082,0.9212477803,3.888428926,0.8573873639,2.094757318,0.5755009055,2.074777603,0.4683847427,3.920674562,1.13352859,0.6853834987,1.252689719,0.2816814184,2.90089035
3187,0.1296936721,0.3352764547,0.7822410464,5.047071934,3.03053093,0.8652982712,4.270609379,1.030418992,2.391962051,0.4260800779,2.451182604,0.9476259351,3.876877546,1.479385853,0.9345824718,1.265381694,0.4578274786,2.812259674
3188,0.1384559274,0.3350673616,1.084905148,5.012019634,2.912421465,0.7749645114,4.347876549,0.8831478953,2.036950827,0.5083822608,2.183939457,0.6593936086,3.787449598,1.266141057,0.7509055138,1.269773483,0.3129066527,2.693250656
3189,0.11410027,0.3583972156,1.608234406,4.963933468,2.681073427,0.6607367992,3.590578794,0.9638623595,2.153437853,0.7611150742,1.912761331,0.4206289351,3.625841379,1.096849561,0.6047653556,1.265267611,0.2835695148,2.545049667
3190,0.08169984818,0.3810723722,1.259331107,4.942389011,2.534128189,0.61744982,3.159558296,1.528781533,2.853444338,0.5466652513,2.162266731,0.7299752831,3.525430441,1.309317946,0.7160689235,1.270238876,0.3508452177,2.447855949
3191,0.07615169138,0.4170483053,2.43029952,4.91054678,2.42652297,0.522254765,3.450041771,0.9848396778,2.002372503,1.163597107,1.706042171,0.2979250252,3.438355446,1.032244802,0.558794558,1.273495793,0.3388624191,2.310379267
3192,0.09714373201,0.496127367,3.46786046,4.859915257,2.300118446,0.4289215505,3.701854944,1.191664696,1.613644242,1.788053513,1.503732085,0.2001810074,3.328031778,0.9736049771,0.5680498481,1.277821422,0.5382130742,2.161775351
3193,0.09089336544,0.4443929195,2.702603102,4.817808628,2.253439665,0.3892760575,4.471476078,1.297617197,1.573346496,1.192737341,1.717955589,0.3652056158,3.272901297,1.096387267,0.5879037976,1.28180182,0.3024427593,2.050046921
3194,0.1002990976,0.4925854206,3.666410685,4.743853092,2.090047121,0.3398878574,4.262229443,1.618043423,1.453371048,1.759689331,1.483810425,0.2337043881,3.133059263,1.059803724,0.6135405898,1.272661328,0.4409593642,1.910358787
3195,0.133145079,0.4635715485,3.195714235,4.687323093,1.986634254,0.3189136684,4.469474792,1.586394668,1.533192635,1.382169843,1.585584044,0.3381284177,3.039776564,1.152925014,0.6253786683,1.262821078,0.3085482121,1.794939876
3196,0.1034920886,0.4909794331,3.971917391,4.611680508,1.817128778,0.297080636,3.889966249,1.576777101,1.580469489,1.824667335,1.404986382,0.2439474314,2.894925117,1.153588533,0.6779114604,1.255133271,0.402225405,1.677444816
3197,0.09591886401,0.4951237738,4.246881008,4.549783707,1.693650246,0.2839478552,3.769220591,1.627969742,1.60450995,1.929098725,1.354552746,0.240276739,2.783474207,1.200129628,0.7211158276,1.246938229,0.4034020603,1.566889286
3198,0.09612876922,0.598333776,6.106361389,4.472856045,1.554365158,0.2726713717,3.821201563,2.566023588,1.409938216,3.116738081,1.081331611,0.1803513169,2.652289152,1.294269085,0.9356735349,1.225757241,0.8289250731,1.425914645
3199,0.1008647084,0.5951673388,6.453242779,4.395051956,1.410411239,0.2786245346,3.708614111,2.692866325,1.451855302,3.244846344,1.031181574,0.1819726229,2.517953396,1.380445838,1.019010425,1.201331139,0.8205248713,1.292651534
3200,0.08948147297,0.7708458304,8.915597916,4.298296452,1.239005208,0.3077848256,3.546637297,3.937731504,1.43344593,4.909712315,0.8229746222,0.3149346113,2.352909803,1.640895486,1.426651955,1.162991881,1.582737327,1.134327054
3201,0.08707842976,0.6990613937,8.682639122,4.203714371,1.115573764,0.3505232334,3.66869092,4.119308949,1.476943493,4.578463554,0.8285825253,0.2666988075,2.219684362,1.681992888,1.431161284,1.134399533,1.304147601,1.005467057
3202,0.1007001325,0.6455669999,8.586526871,4.105882645,0.9800092578,0.3962943554,3.317165136,3.588191271,1.523141384,4.375442028,0.8214817047,0.2414172143,2.076422691,1.730077744,1.468603253,1.108610749,1.123062253,0.894608438
3203,0.1213154271,0.642678678,9.074749947,4.014059067,0.8583635688,0.4466350079,2.989176512,3.397364855,1.561198592,4.594782352,0.78505373,0.2590188086,1.942766547,1.835263729,1.60508883,1.08506763,1.151617408,0.7944224477
3204,0.1276902109,0.787633419,11.31038666,3.921876907,0.7613943219,0.5319494605,3.373095751,5.575335026,1.656286359,6.070415497,0.6807637811,0.4412175715,1.825826049,2.172496796,2.054734945,1.045110345,1.8050102,0.6773630977
3205,0.09546884149,0.7329511642,11.32754612,3.808592558,0.6376106739,0.6127104759,2.920267105,4.779866695,1.648851395,5.931629181,0.6679484844,0.4116199911,1.677390456,2.232485771,2.13039279,1.011724114,1.638507485,0.5795007348
3206,0.09285715222,0.6973542571,11.54032421,3.717520952,0.5617206693,0.6916301847,3.242971659,5.823792934,1.762192607,5.926069736,0.6458154321,0.3976431787,1.576229095,2.336602211,2.215161562,0.9746215343,1.541301727,0.4907472432
3207,0.09593584388,0.6064426303,11.04152393,3.614790678,0.4772587717,0.7469385266,3.000802279,5.186398029,1.755216599,5.440495968,0.6385506988,0.3237544596,1.462420344,2.330359459,2.176907778,0.9434804916,1.238299012,0.4200398028
3208,0.09459393471,0.4380103648,9.162902832,3.53194499,0.4321393967,0.7354100347,2.99965024,4.209429741,1.72617352,4.034955978,0.6965724826,0.1905087978,1.388871551,2.128766775,1.829686761,0.9281830788,0.6106322408,0.3776600361
3209,0.1056030989,0.3824514449,8.657863617,3.452866554,0.3919502795,0.7041142583,2.866903543,3.816012621,1.728957772,3.634510756,0.7049778104,0.1761089712,1.321060061,2.102925539,1.760316849,0.9164757729,0.453982234,0.3448859453
3210,0.1290523261,0.5398327708,11.66983318,3.352705717,0.3381536007,0.7526975274,2.88117671,5.853875637,1.879243851,5.62724638,0.5729959607,0.3435430825,1.230641007,2.563083649,2.432347298,0.8896844983,1.188353777,0.2936831415
3211,0.1151830181,0.4970203936,11.6213913,3.25860405,0.2848249376,0.7952345014,2.711220741,5.67659235,1.899736524,5.496176243,0.5503618121,0.322208941,1.143495202,2.618523598,2.482625246,0.8590626121,1.084976554,0.2488100082
3212,0.1261266172,0.3500235975,9.812695503,3.176777124,0.2561608255,0.7708829045,2.673500299,4.666279793,1.829424858,4.182404995,0.5808557868,0.1927217245,1.083168983,2.388849258,2.119321108,0.8440592885,0.5488736033,0.2235569805
3213,0.1154975891,0.3042986691,9.334861755,3.10678196,0.2372791171,0.7392080426,2.784044266,4.822712421,1.872643352,3.815373182,0.5726816654,0.1724484563,1.039164901,2.373371124,2.047354937,0.826212883,0.4193261564,0.2042847127
3214,0.156906724,0.2567755878,8.694026947,3.028923988,0.2189306617,0.6813275814,2.645575762,4.327353477,1.838357925,3.378599882,0.5781598687,0.1632445306,0.9910459518,2.303478956,1.931770921,0.8179037571,0.2978351116,0.1912446618
3215,0.1005925909,0.290153861,9.978199959,2.941736221,0.1987206489,0.6654135585,2.595743418,5.227414608,1.922447681,4.194740772,0.5078883171,0.1970912218,0.9356265664,2.516330957,2.245310783,0.8063256145,0.5212039351,0.1744811386
3216,0.1112598255,0.1919262856,7.678716183,2.87617898,0.1920681745,0.5830881,2.555654049,3.873675346,1.801517844,2.714884996,0.5898991227,0.1796807498,0.9048264623,2.183951616,1.736420989,0.8060734868,0.1680609435,0.1697523594
3217,0.07322119921,0.1723244935,7.42087698,2.813119173,0.1878270358,0.509333849,2.591155767,3.941105604,1.80370295,2.56551528,0.5812340379,0.1871898919,0.8787129521,2.154647827,1.684299469,0.8053620458,0.1518772393,0.1657785773
3218,0.1126310304,0.1624692678,7.760246277,2.745093107,0.1801629663,0.4617832005,2.55773735,4.287561417,1.835756779,2.779321432,0.5312371254,0.1701830178,0.8473789096,2.218575716,1.777150154,0.798922956,0.17930682,0.1600178629
3219,0.1526940316,0.2545939982,10.65354347,2.652194977,0.1628760248,0.4875544608,2.680020571,6.94925499,2.174834013,4.65164566,0.4130438268,0.253890723,0.7947340608,2.706395864,2.468490362,0.7787144184,0.6814379692,0.1436922997
3220,0.09463831037,0.2863987684,11.52477741,2.540626049,0.137116909,0.5274698734,2.260506392,6.736544132,2.147086382,5.238031864,0.3914586604,0.3357394934,0.7203437686,2.876724958,2.732690811,0.7569749951,0.9028017521,0.1267977059
3221,0.0941176489,0.409733057,13.62731266,2.434834003,0.1122514382,0.6103646755,2.327133179,8.981164932,2.530670881,6.67704916,0.3995268345,0.5840547681,0.6510394812,3.303058863,3.284824133,0.7209830284,1.514394403,0.104996793
3222,0.1442423314,0.2230883092,11.14190006,2.334485531,0.1003775969,0.6285564303,2.285513163,7.324343204,2.261552811,4.910113811,0.360335499,0.3002816439,0.5973131061,2.861454248,2.713234901,0.7029628754,0.7541766167,0.09620157629
3223,0.1067763343,0.07588449121,6.883924007,2.272567749,0.1007370725,0.5242114663,2.20808816,4.229207993,1.795625687,2.204473257,0.420684427,0.161785543,0.578486681,2.108477116,1.675807595,0.7074686885,0.09946147352,0.09701040387
3224,0.1668254584,0.07891552895,7.85004425,2.203624725,0.09909743071,0.4779408872,2.173304319,5.121822357,1.919333458,2.818229914,0.3586829603,0.1381862611,0.5535256267,2.279547691,1.928671002,0.6986880302,0.1719841957,0.09667956084
3225,0.1342345923,0.06571462005,6.42758894,2.144906759,0.09933325648,0.3994335234,2.181198359,4.33494997,1.799110413,2.005192995,0.3887163103,0.1637278199,0.5381852388,2.026768923,1.578450561,0.700579226,0.09688901901,0.09682997316
3226,0.1081787944,0.0695393309,7.732244015,2.070463181,0.09737449139,0.3744737208,2.20164752,5.711569309,2.002067804,2.832932234,0.3215281069,0.1390253156,0.511498034,2.249528885,1.908273101,0.6934227347,0.1940301657,0.09590969235
3227,0.1298980266,0.06491233408,5.991758823,2.010121346,0.09736502916,0.3166767657,2.098737478,4.361272335,1.787779212,1.831871986,0.3529832661,0.1614787132,0.4951510429,1.93938601,1.489175439,0.691090107,0.09666088223,0.09629497677
3228,0.1185032129,0.1265699714,9.452384949,1.918102622,0.09139168262,0.3427294791,2.095979929,7.631727695,2.339932203,4.05672884,0.2850342095,0.2608234882,0.4537011087,2.574612379,2.368468285,0.6737243533,0.5747979283,0.09262951463
3229,0.1453542709,0.09370680898,8.55180645,1.832135201,0.08905348927,0.353836149,1.931631684,6.749948025,2.181539536,3.487698555,0.2656850517,0.2001228929,0.4176584482,2.408762932,2.177209616,0.6586998701,0.4015769958,0.09210991859
3230,0.1208676323,0.09205287695,8.334349632,1.754355073,0.08937289566,0.3644606769,1.788602829,6.515808105,2.145852327,3.378886461,0.2524923384,0.1967182606,0.3872381449,2.379151821,2.15745616,0.6428437233,0.3839629591,0.09376320988
3231,0.1587369293,0.06582733989,6.463784695,1.693704247,0.09095785767,0.3341873586,1.793515563,5.302884102,1.924884915,2.227671623,0.2398381978,0.1190027222,0.3711316288,2.019079447,1.692580581,0.6352787614,0.1288136393,0.09609377384
3232,0.1022671983,0.08356740326,5.50278616,1.639272809,0.09285956621,0.2914913297,1.821097732,4.881978512,1.848479629,1.706531525,0.2396564484,0.1242060959,0.3605111539,1.833192825,1.453570485,0.6302803755,0.09039031714,0.09841353446
3233,0.1151682734,0.08333783597,6.436970234,1.571042538,0.09466525167,0.2808016539,1.774986267,5.99713707,2.056512833,2.328544617,0.2114836574,0.1264780611,0.340542227,2.008692503,1.709591508,0.6213495731,0.1712982655,0.1009281278
3234,0.1359865665,0.09384965152,6.31495142,1.502153397,0.09721436352,0.2730313838,1.65332067,5.897744656,2.034903288,2.309509993,0.2003450394,0.1297796816,0.3197335005,1.979363084,1.69867599,0.6122686267,0.1820443869,0.1035251617
3235,0.08681344241,0.1220199764,4.92701149,1.447259784,0.0963717103,0.2394938618,1.777785897,5.325438023,1.916570306,1.5256778,0.1965249032,0.1146633625,0.3086650372,1.688738465,1.333655357,0.6095128059,0.09107021242,0.1037402526
3236,0.08162906021,0.1422223151,4.627608776,1.39000082,0.100738585,0.2155398726,1.606506228,4.893592834,1.827734828,1.416370988,0.1862575859,0.1153500974,0.2970450222,1.619593024,1.273961306,0.6044783592,0.09299881011,0.1069483757
3237,0.0680327341,0.1502645761,4.645787716,1.333358645,0.1012361869,0.1977615803,1.635213494,5.394663334,1.923193336,1.489268661,0.1726729125,0.109345533,0.2843818665,1.607709885,1.281920552,0.6003805995,0.09893617779,0.1079440042
3238,0.06464794278,0.1717167348,4.397752285,1.276962638,0.1044301763,0.185845539,1.600476146,5.43503952,1.929555297,1.406619668,0.1636135727,0.109171845,0.2731202841,1.546570897,1.228597045,0.5947067142,0.1003364623,0.1112231091
3239,0.1077953205,0.2057988644,3.905916929,1.221395016,0.1053203419,0.1683686376,1.502679229,4.969047546,1.82211411,1.186408162,0.157183513,0.1113753691,0.260740906,1.424567699,1.105296016,0.5924102068,0.09608155489,0.1111313477
3240,0.09312257916,0.2000871152,4.259925842,1.162926316,0.1078980267,0.1649166793,1.413758636,5.486773014,1.926932216,1.460079074,0.1477954239,0.1107987538,0.2463682145,1.483692169,1.21081984,0.5864212513,0.1218962148,0.1132295355
3241,0.0827665031,0.2436400205,3.644047976,1.113758445,0.1101464853,0.1584730297,1.509058356,5.525087357,1.935660958,1.152607441,0.1410022229,0.1077588424,0.2383106947,1.342634082,1.052565455,0.5810595155,0.1015581712,0.116920799
3242,0.1083566025,0.3236274719,2.781615019,1.065885663,0.1089361683,0.1403878182,1.560334802,4.994493008,1.810680747,0.7342751622,0.1418759376,0.1316049099,0.2304875702,1.137289882,0.8210725784,0.5796725154,0.1252986342,0.1158713102
3243,0.05488451198,0.4779717624,1.805291057,1.029293418,0.1035949811,0.1137224212,1.554260373,3.912964821,1.560495973,0.3315247595,0.1723266393,0.2465891838,0.2266856432,0.9044037461,0.5521166325,0.5827797651,0.3116294444,0.1091021001
3244,0.07024893165,0.3875598907,2.266876459,0.9799695015,0.1063843966,0.1092624366,1.363808274,4.483696461,1.678558946,0.593429029,0.1299114972,0.1295808107,0.21857059,0.9773551822,0.685801208,0.5804530382,0.1293674558,0.1101373211
3245,0.07112231106,0.3923507035,2.250598907,0.933382988,0.1057015061,0.1068478152,1.480777383,5.304934025,1.85955894,0.639298141,0.1205878183,0.1139158979,0.2100546509,0.9520664215,0.6789550781,0.5783606172,0.1103861704,0.1102959737
3246,0.06774365157,0.4306936562,2.00044322,0.8814730644,0.1061364487,0.104072243,1.300671935,4.718785763,1.709574223,0.5629764199,0.1160984263,0.1140376106,0.1989672929,0.8690758348,0.6171985865,0.5788109303,0.1128640771,0.1090723947
3247,0.06450573355,0.4364752769,1.982791305,0.8333316445,0.1065572202,0.1039073467,1.292873025,5.11514616,1.794172764,0.6067562699,0.1107600108,0.1049759164,0.1888217926,0.8434736133,0.6145676374,0.5763522387,0.102832377,0.1094765067
3248,0.0679878816,0.6458153129,1.067436814,0.8000352383,0.1052098274,0.102073811,1.294763446,3.747408867,1.463261962,0.2150384635,0.1358887702,0.208591342,0.1854512095,0.6160235405,0.3695271015,0.5761060119,0.2770993412,0.1076420173
3249,0.07222222537,0.8473818898,0.6519419551,0.7753537297,0.1012981534,0.1059765518,1.25094974,2.858938217,1.245285511,0.1593742222,0.1825848669,0.3623171747,0.1842942983,0.5025366545,0.2562488616,0.5764634609,0.5518513322,0.1026841402
3250,0.07142347842,0.6673180461,0.9029410481,0.7397820354,0.1033113599,0.1123380139,1.088318825,3.52900815,1.397812724,0.2164908648,0.1217596829,0.1655938029,0.1800696105,0.5365197062,0.3292797506,0.5753014684,0.2055327147,0.1038219705
3251,0.08694887161,0.5735304952,1.157385826,0.7005918026,0.1047836319,0.1126116738,1.117699623,4.679410458,1.673359871,0.3689526618,0.1045484915,0.1070316434,0.1725743562,0.5789911151,0.3977979422,0.5721492767,0.1079953089,0.1054995283
3252,0.08672231436,0.7929123044,0.5990860462,0.6716088653,0.1062860563,0.1217023432,1.11888504,3.528903961,1.384133935,0.1621984094,0.1327696443,0.1986208409,0.1702216119,0.425902456,0.2531758249,0.5713836551,0.2659344971,0.1068306565
3253,0.06478715688,0.8322424293,0.502497375,0.6418079138,0.1063071862,0.1304889172,1.220524907,3.941731691,1.481309533,0.15483585,0.1343337297,0.1984502077,0.1665095091,0.3823059499,0.2267071009,0.5710683465,0.2659720182,0.1067332625
3254,0.08212380856,0.8260543942,0.463057369,0.6055772901,0.1077362299,0.137510702,1.096897244,3.850975037,1.449910164,0.1557277292,0.1276461035,0.1696450263,0.161441341,0.3522540033,0.2183917314,0.5701226592,0.2138924599,0.1078902781
3255,0.08713645488,0.9052488208,0.3554879427,0.5757479072,0.1098121032,0.1473252177,1.086069942,3.676232576,1.39967382,0.1520907879,0.1396990418,0.1946383715,0.1582786441,0.3050272167,0.1922667474,0.5693058968,0.257040441,0.109803535
3256,0.07107076049,1.034112811,0.2862739563,0.5506911874,0.1143974587,0.1645341814,1.007674098,3.071492434,1.23923111,0.1948520094,0.1683115214,0.2569105923,0.1582931429,0.2660462856,0.1791761369,0.5692244768,0.3646650314,0.1143249944
3257,0.1026365161,0.7508485913,0.4482723773,0.5156747699,0.1208785772,0.1584403962,0.9208415151,4.611440659,1.641434073,0.213558808,0.1308955401,0.1265008748,0.1546860933,0.3111797273,0.2237269133,0.5649310946,0.1210242137,0.1208774075
3258,0.07079284638,0.8556252122,0.2994989455,0.4840728343,0.1242823377,0.1575237364,0.9060380459,4.192378998,1.527765632,0.1605807096,0.1422159076,0.1402760297,0.1500417739,0.2496653795,0.1870047599,0.5620218515,0.1405112892,0.1242799535
3259,0.07667145878,0.9865217209,0.2243564576,0.4592427313,0.1313874871,0.1659089476,0.9261879921,3.84177947,1.434388518,0.1654188931,0.1661086082,0.1781000942,0.1499341875,0.2048943043,0.1709711105,0.560895443,0.2017160505,0.1313848346
3260,0.07195865363,1.076320648,0.219678998,0.4349289834,0.1385277063,0.1768755913,0.6140781045,2.39757514,1.034111142,0.2019993067,0.1886862516,0.2082747966,0.1522055417,0.1795636415,0.1704149991,0.5603544712,0.2481418848,0.1382030994
3261,0.08572355658,0.9313428998,0.1984602064,0.4218280017,0.150091216,0.1802247316,0.622241199,3.276073456,1.286131382,0.1631047875,0.1875982136,0.1689980775,0.1575543582,0.1862057447,0.1723332256,0.5587924123,0.1561696827,0.1495360881
3262,0.06323550642,1.232699513,0.3153283596,0.4102279246,0.1573896557,0.1953340322,0.3554188311,1.154218316,0.6692630649,0.3220531642,0.2413623333,0.2741692364,0.1630028039,0.1626588851,0.1924737692,0.5589539409,0.3465017378,0.155445829
3263,0.07248031348,0.823007822,0.2050063461,0.4072262347,0.1686621755,0.1876266599,0.3562325537,2.642763376,1.12026906,0.1977639347,0.2198505253,0.2055865973,0.1707860231,0.1965457052,0.1829520911,0.5538196564,0.1917833835,0.1653761268
3264,0.0968599841,1.02672267,0.1836536378,0.4018411636,0.1764494777,0.1912360638,0.2982161939,1.544049621,0.7964451909,0.1868478507,0.2382223159,0.2046366185,0.1758142561,0.1459963173,0.1675903201,0.5515494943,0.1856118888,0.1718686372
3265,0.09267264605,0.9349729419,0.1571120471,0.4028497636,0.1846830398,0.194423914,0.500541389,3.244755507,1.313717008,0.1725239307,0.2532195449,0.2149184793,0.1800632477,0.1535740942,0.1680808216,0.5488376617,0.1834206432,0.1827462465
3266,0.07484327257,1.041329265,0.1897212714,0.3902425766,0.1919701844,0.1986212134,0.4562624693,2.664537668,1.145249248,0.1962366551,0.2745916843,0.225890696,0.182859078,0.1296743006,0.1693779677,0.5463573933,0.1942583174,0.1893855333
3267,0.1094118059,1.041886449,0.1922446936,0.382137984,0.2051288933,0.2052072287,0.3152560592,1.865604401,0.9047226906,0.1976059526,0.2954945266,0.2387769222,0.1923638582,0.1210024133,0.1668220758,0.5445552468,0.1996268481,0.1991889328
3268,0.1004621014,1.268538833,0.4411296844,0.3843712509,0.2190402597,0.2202119231,0.263676852,0.9214722514,0.5981345773,0.3790762126,0.3452368677,0.2972876132,0.2031803131,0.1291600019,0.214083299,0.5466974378,0.2988211811,0.2111782283
3269,0.078889139,1.010092378,0.1883089691,0.3853993416,0.2287002951,0.2231290787,0.2469072789,1.366794586,0.7549241185,0.1932400316,0.3356252015,0.268928051,0.2109489888,0.1128829345,0.1626776606,0.5434996486,0.2181278467,0.2188958526
3270,0.1043370366,0.7935984135,0.1063365713,0.3911025524,0.2469908446,0.2241926193,0.2247620076,1.304491162,0.7427611947,0.2017328292,0.3678530157,0.3649536073,0.2280275822,0.1489554048,0.162777856,0.5356186032,0.3622411788,0.228298381
3271,0.06778278202,0.8840125203,0.1236292943,0.4007365406,0.2568409443,0.2313971967,0.2310831547,1.166801453,0.7041998506,0.1743462533,0.3768893182,0.3262783587,0.2379215509,0.1229411736,0.1553454548,0.530349195,0.2826569974,0.2377725691
3272,0.06365824491,0.8698385358,0.1210643053,0.4102594554,0.2690324485,0.2412968278,0.2389865965,1.196216583,0.7236688733,0.1757134646,0.3978571594,0.3459504545,0.2497670203,0.1233695373,0.1553091407,0.5250438452,0.3012360334,0.2479567379
3273,0.06310033798,1.11878407,0.3580034673,0.4136213362,0.2768373191,0.24535878,0.2539513707,0.4918067455,0.4509491026,0.2831891775,0.4166018665,0.3127514422,0.2559863329,0.104682982,0.1781893969,0.5232060552,0.2495001704,0.2531354427
3274,0.08326225728,0.8857089877,0.1446290612,0.4251599014,0.2971902788,0.2568990886,0.321882993,0.4935447276,0.4580556452,0.174983263,0.4298255444,0.3588614762,0.2745249271,0.1116556302,0.1504435539,0.5190172791,0.3000143468,0.2642644942
3275,0.09813916683,0.9760500789,0.2403743267,0.4322514534,0.3004878461,0.2640459239,0.2927239835,0.5272493958,0.4774451256,0.2103657126,0.4436840117,0.3408747017,0.2780168056,0.101816915,0.1582327932,0.5159094334,0.2642955482,0.2717940807
3276,0.09891974181,0.6364924908,0.08713570237,0.4478122294,0.3246320784,0.2827247679,0.4040280879,0.7296121716,0.5743041039,0.2636322081,0.4940378666,0.5536330938,0.3013191223,0.1793351918,0.1793172508,0.5043752193,0.6097181439,0.2817673683
3277,0.1035126448,0.6769788861,0.07886774838,0.4664573669,0.3202748299,0.3055759966,0.2706048787,1.797581077,0.9844794273,0.2174033672,0.49913311,0.5060812831,0.3045280278,0.1607035697,0.1649879813,0.4958007038,0.5123788714,0.2944079041
3278,0.0982703343,0.8317466378,0.1495331079,0.4842274189,0.3366038799,0.3269266784,0.2785784006,1.555493712,0.9148249626,0.1806005985,0.5112940669,0.4197421372,0.3212247193,0.1180371046,0.1540609747,0.4950965345,0.3455816805,0.313592732
3279,0.08574058861,0.9437551498,0.2764421403,0.4976270497,0.3614598215,0.3400373757,0.3146466911,0.8421446681,0.6524519324,0.2254553586,0.5412531495,0.4044182301,0.3426785171,0.1051898599,0.1623148173,0.4963316917,0.3046489656,0.3307311237
3280,0.09538406134,0.7796993852,0.1354979724,0.5169565678,0.395957917,0.3639213145,0.4295750558,0.6299166679,0.571131289,0.1819705963,0.5760875344,0.4881137609,0.3730975091,0.1244461164,0.1553822607,0.4947089851,0.4156639874,0.3501902521
3281,0.1571911126,0.6343197823,0.06996878237,0.5410677791,0.4326039255,0.3969261646,0.6102539897,0.4775366485,0.5084016919,0.2211187631,0.6212215424,0.6134628057,0.406501174,0.1689280868,0.1778539568,0.4885115623,0.6066219807,0.3693700135
3282,0.1240039244,0.3621138632,0.3201920688,0.5837039351,0.4404264688,0.4690104425,0.4274261892,2.520814896,1.338694096,0.7498387694,0.774448812,1.143304229,0.4296723306,0.4087990224,0.3468836248,0.468775779,1.505405784,0.3914513588
3283,0.1150715947,0.4457402229,0.143213287,0.6276248693,0.4904194772,0.5408471227,0.5598020554,1.346124768,0.9401924014,0.4624027312,0.7504510283,0.9136910439,0.4792104959,0.3144939244,0.2822271287,0.4614789486,1.066010356,0.4251921475
3284,0.09516455978,0.5264163613,0.08252231032,0.6679437757,0.5414502025,0.5946335196,0.7400986552,0.6378727555,0.6527641416,0.3136641085,0.747294426,0.7729528546,0.5269116759,0.2569768131,0.2465360612,0.4594953954,0.7956963181,0.4589602649
3285,0.1509448886,0.6201953888,0.09319832176,0.7025353909,0.5567512512,0.6270062923,0.5873499513,0.8557394147,0.776219666,0.2359401584,0.7527948022,0.6664162278,0.5500895977,0.2121674865,0.2152181268,0.462707907,0.5945145488,0.4920728207
3286,0.1660300344,0.5018578172,0.08762719482,0.7373356819,0.62212497,0.6738551259,0.9469943643,0.4698237479,0.5891715288,0.3274720013,0.8178053498,0.8216984868,0.6035567522,0.2815699875,0.2749839723,0.4597009718,0.8250994682,0.5232198238
3287,0.1691678315,0.3145454228,0.3118560612,0.7874476314,0.6830542684,0.7663016319,1.214432359,0.6061567664,0.6916152835,0.7467541695,0.951526165,1.232929349,0.6611322761,0.4956518114,0.466376394,0.4476133585,1.497254729,0.5602298379
3288,0.168663308,0.216511786,0.7490589023,0.844922781,0.7022129893,0.8971478343,0.9469572902,1.802898526,1.263360381,1.315274,1.099908233,1.667436123,0.6989307404,0.7505781054,0.6884894371,0.4249595702,2.219965935,0.5987195969
3289,0.1395416409,0.2880065143,0.3617852628,0.8988499045,0.771156013,0.9870734215,1.208695889,0.7635330558,0.8288862109,0.780151546,1.013329148,1.250003815,0.7617993355,0.5695812106,0.5379427075,0.4172573984,1.468213081,0.6436160207
3290,0.141423583,0.367068857,0.1885058135,0.9403650165,0.7935285568,1.029406905,1.043238521,0.7699281573,0.8515444398,0.4978620112,0.9687671065,0.9981557727,0.7937595248,0.4579819739,0.4334535301,0.4162403047,1.023788333,0.6838608384
3291,0.1505968124,0.5689237118,0.1320723444,0.9818604589,0.8542985916,1.018391848,1.260334015,0.3701551855,0.5506206155,0.2759429216,0.9394472241,0.7319707274,0.8451490402,0.3092709482,0.3133486509,0.4335335791,0.5721879005,0.7298353314
3292,0.1733886003,0.331771642,0.2319472432,1.028934836,0.9017335773,1.070403695,1.311864734,0.623806715,0.8020208478,0.5655047894,1.06094873,1.089292645,0.8930878043,0.5241644382,0.5070847869,0.435680151,1.113973022,0.7754870057
3293,0.1288969964,0.3187280297,0.2461601049,1.071644425,0.9811720252,1.114611745,1.770663619,0.4049059153,0.6086015701,0.5790653825,1.092952251,1.106344819,0.9557598233,0.5497946739,0.5468484759,0.4367041588,1.11793077,0.817997396
3294,0.119853802,0.3038582206,0.2608964145,1.101281881,1.015882015,1.145156503,1.799852014,0.4132491648,0.6188029051,0.5833936334,1.10825026,1.100716472,0.9896380901,0.5702608228,0.5704869628,0.4350839555,1.094253421,0.8534345627
3295,0.1519946307,0.3691314161,0.1907619983,1.131791115,1.09486258,1.150504231,2.36472106,0.667511642,0.4478107691,0.4403998852,1.093297958,0.9533664584,1.04635632,0.4982910156,0.519757688,0.4438885152,0.8393861651,0.8933919072
3296,0.1098057404,0.281388849,0.2896343172,1.154290318,1.119079471,1.173957348,2.234455109,0.4920664728,0.5183013082,0.5841987133,1.141022205,1.079593658,1.073153853,0.6061341763,0.627120316,0.4474881887,1.027878165,0.9318122864
3297,0.1117281318,0.1806935519,0.5567775369,1.202918053,1.165895104,1.247618914,2.173729181,0.4551754296,0.6673509479,0.9196513295,1.237983704,1.345443606,1.123658538,0.8138491511,0.832005918,0.4521678984,1.440262794,0.9869666696
3298,0.1827483624,0.1692579985,0.5834740996,1.242905259,1.21527648,1.303581357,2.246573687,0.4681052864,0.6687752604,0.9211959839,1.254104257,1.328953385,1.170695424,0.8464919925,0.8695497513,0.4540353715,1.394378781,1.034262657
3299,0.1683557481,0.1186074317,0.854182303,1.291888595,1.303686976,1.385370851,2.721465826,0.5066066384,0.632840395,1.210229039,1.331418037,1.524304986,1.24151051,1.022707582,1.064968944,0.4540325105,1.696711898,1.088145375
3300,0.1007011309,0.1362674385,0.6951970458,1.323826671,1.342764378,1.425687194,2.673690796,0.5636510849,0.6117743254,0.9779670238,1.292230368,1.324745059,1.281008601,0.948495388,0.9914147258,0.4591057301,1.352794647,1.135979891
3301,0.2030859739,0.08685775846,1.071050167,1.376560569,1.40064466,1.508893013,2.676200628,0.5285671353,0.7277602553,1.35999763,1.386110306,1.57085228,1.339701772,1.180012584,1.228865862,0.4652561843,1.735264182,1.198291302
3302,0.1715704203,0.1220848635,0.7486054301,1.411450863,1.432456136,1.5268507,2.531126022,0.5698600411,0.6923701167,0.95813936,1.32292521,1.266868591,1.376539826,1.018816233,1.059638381,0.4782327712,1.219691634,1.249034047
