window_index,best_model,best_loss,second_model,second_loss,margin_vs_second,best_single_model,best_single_loss,oracle_gain_vs_best_single
0,RidgeCov,0.08929618448019028,TargetRidge,0.206178680062294,0.11688249558210373,RidgeCov,0.08929618448019028,0.0
1,RidgeCov,0.0754825547337532,TargetRidge,0.19185905158519745,0.11637649685144424,RidgeCov,0.0754825547337532,0.0
2,RidgeCov,0.07252626121044159,TargetRidge,0.22873187065124512,0.15620560944080353,RidgeCov,0.07252626121044159,0.0
3,RidgeCov,0.07304835319519043,TargetRidge,0.22238419950008392,0.1493358463048935,RidgeCov,0.07304835319519043,0.0
4,RidgeCov,0.06935299187898636,TargetRidge,0.2536947429180145,0.18434175848960876,RidgeCov,0.06935299187898636,0.0
5,RidgeCov,0.08420195430517197,TargetRidge,0.21371804177761078,0.1295160949230194,RidgeCov,0.08420195430517197,0.0
6,RidgeCov,0.0743001326918602,TargetRidge,0.23513197898864746,0.16083183884620667,RidgeCov,0.0743001326918602,0.0
7,RidgeCov,0.07755037397146225,TargetRidge,0.21539147198200226,0.1378411054611206,RidgeCov,0.07755037397146225,0.0
8,RidgeCov,0.07195412367582321,TargetRidge,0.2025628536939621,0.13060873746871948,RidgeCov,0.07195412367582321,0.0
9,RidgeCov,0.07482489943504333,TargetRidge,0.23594367504119873,0.1611187756061554,RidgeCov,0.07482489943504333,0.0
10,RidgeCov,0.07440239936113358,TargetRidge,0.21492904424667358,0.1405266523361206,RidgeCov,0.07440239936113358,0.0
11,RidgeCov,0.07742996513843536,TargetRidge,0.21420156955718994,0.13677160441875458,RidgeCov,0.07742996513843536,0.0
12,RidgeCov,0.07177924364805222,TargetRidge,0.2195761352777481,0.1477968990802765,RidgeCov,0.07177924364805222,0.0
13,RidgeCov,0.0777277946472168,TargetRidge,0.2236526757478714,0.1459248811006546,RidgeCov,0.0777277946472168,0.0
14,RidgeCov,0.07325581461191177,TargetRidge,0.22975297272205353,0.15649715065956116,RidgeCov,0.07325581461191177,0.0
15,RidgeCov,0.07401812821626663,TargetRidge,0.24659746885299683,0.1725793480873108,RidgeCov,0.07401812821626663,0.0
16,RidgeCov,0.07488396018743515,TargetRidge,0.26218271255493164,0.1872987449169159,RidgeCov,0.07488396018743515,0.0
17,RidgeCov,0.07438553124666214,TargetRidge,0.2380707859992981,0.16368526220321655,RidgeCov,0.07438553124666214,0.0
18,RidgeCov,0.07750556617975235,TargetRidge,0.2478289157152176,0.17032334208488464,RidgeCov,0.07750556617975235,0.0
19,RidgeCov,0.08773907274007797,TargetRidge,0.2438739389181137,0.15613487362861633,RidgeCov,0.08773907274007797,0.0
20,RidgeCov,0.08931363373994827,TargetRidge,0.237596333026886,0.1482827067375183,RidgeCov,0.08931363373994827,0.0
21,RidgeCov,0.08538173884153366,TargetRidge,0.23241181671619415,0.1470300853252411,RidgeCov,0.08538173884153366,0.0
22,RidgeCov,0.09133759886026382,TargetRidge,0.22753405570983887,0.13619646430015564,RidgeCov,0.09133759886026382,0.0
23,RidgeCov,0.08690369129180908,TargetRidge,0.22322063148021698,0.1363169401884079,RidgeCov,0.08690369129180908,0.0
24,RidgeCov,0.09727159142494202,TargetRidge,0.2223590612411499,0.12508746981620789,RidgeCov,0.09727159142494202,0.0
25,RidgeCov,0.0942540392279625,TargetRidge,0.2143857330083847,0.12013169378042221,RidgeCov,0.0942540392279625,0.0
26,RidgeCov,0.0938740000128746,TargetRidge,0.20651721954345703,0.11264321953058243,RidgeCov,0.0938740000128746,0.0
27,RidgeCov,0.09709522873163223,TargetRidge,0.21704168617725372,0.11994645744562149,RidgeCov,0.09709522873163223,0.0
28,RidgeCov,0.10242518037557602,TargetRidge,0.20062147080898285,0.09819629043340683,RidgeCov,0.10242518037557602,0.0
29,RidgeCov,0.10124939680099487,TargetRidge,0.19269317388534546,0.09144377708435059,RidgeCov,0.10124939680099487,0.0
30,RidgeCov,0.09189161658287048,TargetRidge,0.18218553066253662,0.09029391407966614,RidgeCov,0.09189161658287048,0.0
31,RidgeCov,0.079274982213974,TargetRidge,0.17978310585021973,0.10050812363624573,RidgeCov,0.079274982213974,0.0
32,RidgeCov,0.07891044020652771,TargetRidge,0.17201054096221924,0.09310010075569153,RidgeCov,0.07891044020652771,0.0
33,RidgeCov,0.083035908639431,TargetRidge,0.16506808996200562,0.08203218132257462,RidgeCov,0.083035908639431,0.0
34,RidgeCov,0.08389350026845932,TargetRidge,0.15301476418972015,0.06912126392126083,RidgeCov,0.08389350026845932,0.0
35,RidgeCov,0.09086670726537704,TargetRidge,0.14844056963920593,0.05757386237382889,RidgeCov,0.09086670726537704,0.0
36,RidgeCov,0.0808049663901329,TargetRidge,0.13989019393920898,0.05908522754907608,RidgeCov,0.0808049663901329,0.0
37,RidgeCov,0.08093757182359695,TargetRidge,0.13156577944755554,0.05062820762395859,RidgeCov,0.08093757182359695,0.0
38,RidgeCov,0.09195679426193237,TargetRidge,0.13821649551391602,0.04625970125198364,RidgeCov,0.09195679426193237,0.0
39,RidgeCov,0.075727179646492,TargetRidge,0.1302093118429184,0.05448213219642639,RidgeCov,0.075727179646492,0.0
40,RidgeCov,0.07717699557542801,TargetRidge,0.11928457021713257,0.04210757464170456,RidgeCov,0.07717699557542801,0.0
41,RidgeCov,0.07422840595245361,TargetRidge,0.1359044760465622,0.06167607009410858,RidgeCov,0.07422840595245361,0.0
42,RidgeCov,0.09443274885416031,TargetRidge,0.12239303439855576,0.027960285544395447,RidgeCov,0.09443274885416031,0.0
43,RidgeCov,0.07158409804105759,TargetRidge,0.11269421130418777,0.04111011326313019,RidgeCov,0.07158409804105759,0.0
44,RidgeCov,0.09356365352869034,TargetRidge,0.11471959203481674,0.021155938506126404,RidgeCov,0.09356365352869034,0.0
45,RidgeCov,0.06989884376525879,TargetRidge,0.10634549707174301,0.03644665330648422,RidgeCov,0.06989884376525879,0.0
46,RidgeCov,0.08374214172363281,TargetRidge,0.1035352349281311,0.01979309320449829,RidgeCov,0.08374214172363281,0.0
47,RidgeCov,0.09143248945474625,TargetRidge,0.10939346998929977,0.017960980534553528,RidgeCov,0.09143248945474625,0.0
48,RidgeCov,0.09750562161207199,TargetRidge,0.11349579691886902,0.015990175306797028,RidgeCov,0.09750562161207199,0.0
49,TargetRidge,0.09827202558517456,RidgeCov,0.12441933155059814,0.026147305965423584,RidgeCov,0.12441933155059814,0.026147305965423584
50,TargetRidge,0.09497282654047012,RidgeCov,0.09586336463689804,0.0008905380964279175,RidgeCov,0.09586336463689804,0.0008905380964279175
51,RidgeCov,0.07392565160989761,TargetRidge,0.12631240487098694,0.052386753261089325,RidgeCov,0.07392565160989761,0.0
52,RidgeCov,0.09818390756845474,TargetRidge,0.10079661756753922,0.0026127099990844727,RidgeCov,0.09818390756845474,0.0
53,RidgeCov,0.08261794596910477,TargetRidge,0.09690821170806885,0.01429026573896408,RidgeCov,0.08261794596910477,0.0
54,RidgeCov,0.07882065325975418,TargetRidge,0.09374973922967911,0.014929085969924927,RidgeCov,0.07882065325975418,0.0
55,RidgeCov,0.0912160649895668,TargetRidge,0.10367489606142044,0.012458831071853638,RidgeCov,0.0912160649895668,0.0
56,TargetRidge,0.11728253215551376,RidgeCov,0.13207878172397614,0.014796249568462372,RidgeCov,0.13207878172397614,0.014796249568462372
57,RidgeCov,0.09551635384559631,TargetRidge,0.10025187581777573,0.004735521972179413,RidgeCov,0.09551635384559631,0.0
58,RidgeCov,0.09827055782079697,TargetRidge,0.10026528686285019,0.0019947290420532227,RidgeCov,0.09827055782079697,0.0
59,TargetRidge,0.125142902135849,RidgeCov,0.14584465324878693,0.020701751112937927,RidgeCov,0.14584465324878693,0.020701751112937927
60,RidgeCov,0.14444293081760406,TargetRidge,0.1700599640607834,0.02561703324317932,RidgeCov,0.14444293081760406,0.0
61,TargetRidge,0.09124765545129776,RidgeCov,0.2286309003829956,0.13738325238227844,RidgeCov,0.2286309003829956,0.13738325238227844
62,TargetRidge,0.14070098102092743,RidgeCov,0.1717417687177658,0.03104078769683838,RidgeCov,0.1717417687177658,0.03104078769683838
63,TargetRidge,0.11493536829948425,RidgeCov,0.17165394127368927,0.05671857297420502,RidgeCov,0.17165394127368927,0.05671857297420502
64,TargetRidge,0.07975829392671585,RidgeCov,0.1617351621389389,0.08197686821222305,RidgeCov,0.1617351621389389,0.08197686821222305
65,TargetRidge,0.08645466715097427,RidgeCov,0.11957477778196335,0.033120110630989075,RidgeCov,0.11957477778196335,0.033120110630989075
66,TargetRidge,0.1578828990459442,RidgeCov,0.2085721492767334,0.050689250230789185,RidgeCov,0.2085721492767334,0.050689250230789185
67,TargetRidge,0.07665713131427765,RidgeCov,0.12235427647829056,0.04569714516401291,RidgeCov,0.12235427647829056,0.04569714516401291
68,TargetRidge,0.08250796049833298,RidgeCov,0.11972381919622421,0.037215858697891235,RidgeCov,0.11972381919622421,0.037215858697891235
69,RidgeCov,0.1708207130432129,TargetRidge,0.17284895479679108,0.002028241753578186,RidgeCov,0.1708207130432129,0.0
70,TargetRidge,0.11806990951299667,RidgeCov,0.13743482530117035,0.019364915788173676,RidgeCov,0.13743482530117035,0.019364915788173676
71,TargetRidge,0.06566521525382996,RidgeCov,0.1278679519891739,0.06220273673534393,RidgeCov,0.1278679519891739,0.06220273673534393
72,TargetRidge,0.09358897060155869,RidgeCov,0.1198326051235199,0.026243634521961212,RidgeCov,0.1198326051235199,0.026243634521961212
73,RidgeCov,0.15365028381347656,TargetRidge,0.18612997233867645,0.03247968852519989,RidgeCov,0.15365028381347656,0.0
74,TargetRidge,0.1471126824617386,RidgeCov,0.15482784807682037,0.007715165615081787,RidgeCov,0.15482784807682037,0.007715165615081787
75,TargetRidge,0.0733274295926094,RidgeCov,0.10618028789758682,0.03285285830497742,RidgeCov,0.10618028789758682,0.03285285830497742
76,TargetRidge,0.06625313311815262,RidgeCov,0.11077288538217545,0.04451975226402283,RidgeCov,0.11077288538217545,0.04451975226402283
77,TargetRidge,0.05808372423052788,RidgeCov,0.10896193981170654,0.050878215581178665,RidgeCov,0.10896193981170654,0.050878215581178665
78,TargetRidge,0.05672015622258186,RidgeCov,0.1096690371632576,0.052948880940675735,RidgeCov,0.1096690371632576,0.052948880940675735
79,TargetRidge,0.06168666481971741,RidgeCov,0.08552258461713791,0.0238359197974205,RidgeCov,0.08552258461713791,0.0238359197974205
80,TargetRidge,0.059181082993745804,RidgeCov,0.07289359718561172,0.013712514191865921,RidgeCov,0.07289359718561172,0.013712514191865921
81,TargetRidge,0.07407375425100327,RidgeCov,0.11364614963531494,0.039572395384311676,RidgeCov,0.11364614963531494,0.039572395384311676
82,TargetRidge,0.06202302873134613,RidgeCov,0.10524453967809677,0.04322151094675064,RidgeCov,0.10524453967809677,0.04322151094675064
83,TargetRidge,0.07892462611198425,RidgeCov,0.11244096606969833,0.03351633995771408,RidgeCov,0.11244096606969833,0.03351633995771408
84,TargetRidge,0.06614426523447037,RidgeCov,0.11165300011634827,0.0455087348818779,RidgeCov,0.11165300011634827,0.0455087348818779
85,RidgeCov,0.08384338021278381,TargetRidge,0.09361355751752853,0.00977017730474472,RidgeCov,0.08384338021278381,0.0
86,RidgeCov,0.05455082654953003,TargetRidge,0.07377775758504868,0.019226931035518646,RidgeCov,0.05455082654953003,0.0
87,TargetRidge,0.07813871651887894,RidgeCov,0.08138830959796906,0.0032495930790901184,RidgeCov,0.08138830959796906,0.0032495930790901184
88,RidgeCov,0.07712776213884354,TargetRidge,0.09195351600646973,0.01482575386762619,RidgeCov,0.07712776213884354,0.0
89,RidgeCov,0.06080259382724762,TargetRidge,0.10055860131978989,0.03975600749254227,RidgeCov,0.06080259382724762,0.0
90,RidgeCov,0.05403007194399834,TargetRidge,0.14095531404018402,0.08692523837089539,RidgeCov,0.05403007194399834,0.0
91,RidgeCov,0.05654768645763397,TargetRidge,0.16929656267166138,0.1127488762140274,RidgeCov,0.05654768645763397,0.0
92,RidgeCov,0.0625685527920723,TargetRidge,0.16765302419662476,0.10508447140455246,RidgeCov,0.0625685527920723,0.0
93,RidgeCov,0.0577438622713089,TargetRidge,0.15070529282093048,0.09296143054962158,RidgeCov,0.0577438622713089,0.0
94,RidgeCov,0.0727473795413971,TargetRidge,0.188428595662117,0.11568121612071991,RidgeCov,0.0727473795413971,0.0
95,RidgeCov,0.06216047331690788,TargetRidge,0.17003659904003143,0.10787612199783325,RidgeCov,0.06216047331690788,0.0
96,RidgeCov,0.04559283331036568,TargetRidge,0.2431931048631668,0.19760027527809143,RidgeCov,0.04559283331036568,0.0
97,RidgeCov,0.05095624551177025,TargetRidge,0.2052478939294815,0.15429164469242096,RidgeCov,0.05095624551177025,0.0
98,RidgeCov,0.06077222898602486,TargetRidge,0.21368007361888885,0.1529078483581543,RidgeCov,0.06077222898602486,0.0
99,RidgeCov,0.07823937386274338,TargetRidge,0.2446698695421219,0.1664305031299591,RidgeCov,0.07823937386274338,0.0
100,RidgeCov,0.06769275665283203,TargetRidge,0.2853170931339264,0.21762433648109436,RidgeCov,0.06769275665283203,0.0
101,RidgeCov,0.054702237248420715,TargetRidge,0.35291263461112976,0.29821038246154785,RidgeCov,0.054702237248420715,0.0
102,RidgeCov,0.07288243621587753,TargetRidge,0.3744502067565918,0.30156776309013367,RidgeCov,0.07288243621587753,0.0
103,RidgeCov,0.08191371709108353,TargetRidge,0.4200822412967682,0.33816853165626526,RidgeCov,0.08191371709108353,0.0
104,RidgeCov,0.05612030252814293,TargetRidge,0.3132016062736511,0.2570813000202179,RidgeCov,0.05612030252814293,0.0
105,RidgeCov,0.06201900914311409,TargetRidge,0.49071380496025085,0.42869478464126587,RidgeCov,0.06201900914311409,0.0
106,RidgeCov,0.049797385931015015,TargetRidge,0.3570636212825775,0.3072662353515625,RidgeCov,0.049797385931015015,0.0
107,RidgeCov,0.07217416167259216,TargetRidge,0.3333713114261627,0.26119714975357056,RidgeCov,0.07217416167259216,0.0
108,RidgeCov,0.060023095458745956,TargetRidge,0.39510640501976013,0.3350833058357239,RidgeCov,0.060023095458745956,0.0
109,RidgeCov,0.07039258629083633,TargetRidge,0.4941748082637787,0.42378222942352295,RidgeCov,0.07039258629083633,0.0
110,RidgeCov,0.0791175439953804,TargetRidge,0.42232194542884827,0.34320440888404846,RidgeCov,0.0791175439953804,0.0
111,RidgeCov,0.06927826255559921,TargetRidge,0.460274338722229,0.3909960687160492,RidgeCov,0.06927826255559921,0.0
112,RidgeCov,0.07628247886896133,TargetRidge,0.48691871762275696,0.4106362462043762,RidgeCov,0.07628247886896133,0.0
113,RidgeCov,0.0707264319062233,TargetRidge,0.366728812456131,0.2960023880004883,RidgeCov,0.0707264319062233,0.0
114,RidgeCov,0.058050453662872314,TargetRidge,0.48786625266075134,0.42981579899787903,RidgeCov,0.058050453662872314,0.0
115,RidgeCov,0.06421014666557312,TargetRidge,0.456550270318985,0.39234012365341187,RidgeCov,0.06421014666557312,0.0
116,RidgeCov,0.06361397355794907,TargetRidge,0.5620858669281006,0.4984718859195709,RidgeCov,0.06361397355794907,0.0
117,RidgeCov,0.07154769450426102,TargetRidge,0.5867101550102234,0.515162467956543,RidgeCov,0.07154769450426102,0.0
118,RidgeCov,0.09106466174125671,TargetRidge,0.5167403817176819,0.42567571997642517,RidgeCov,0.09106466174125671,0.0
119,RidgeCov,0.06522132456302643,TargetRidge,0.64191073179245,0.5766894221305847,RidgeCov,0.06522132456302643,0.0
120,RidgeCov,0.08353105932474136,TargetRidge,0.45870187878608704,0.37517082691192627,RidgeCov,0.08353105932474136,0.0
121,RidgeCov,0.0916992649435997,TargetRidge,0.5738281011581421,0.4821288287639618,RidgeCov,0.0916992649435997,0.0
122,RidgeCov,0.09383212774991989,TargetRidge,0.5804166197776794,0.48658448457717896,RidgeCov,0.09383212774991989,0.0
123,RidgeCov,0.06981441378593445,TargetRidge,0.7095949053764343,0.6397805213928223,RidgeCov,0.06981441378593445,0.0
124,RidgeCov,0.09027167409658432,TargetRidge,0.5559530258178711,0.4656813442707062,RidgeCov,0.09027167409658432,0.0
125,RidgeCov,0.10080785304307938,TargetRidge,0.697216808795929,0.5964089632034302,RidgeCov,0.10080785304307938,0.0
126,RidgeCov,0.105972059071064,TargetRidge,0.5481597781181335,0.44218772649765015,RidgeCov,0.105972059071064,0.0
127,RidgeCov,0.12353262305259705,TargetRidge,0.7533044219017029,0.6297718286514282,RidgeCov,0.12353262305259705,0.0
128,RidgeCov,0.10803834348917007,TargetRidge,0.6055116057395935,0.49747326970100403,RidgeCov,0.10803834348917007,0.0
129,RidgeCov,0.0994257852435112,TargetRidge,0.6150967478752136,0.5156709551811218,RidgeCov,0.0994257852435112,0.0
130,RidgeCov,0.09688618779182434,TargetRidge,0.7150471806526184,0.6181609630584717,RidgeCov,0.09688618779182434,0.0
131,RidgeCov,0.09822520613670349,TargetRidge,0.6028314232826233,0.5046062469482422,RidgeCov,0.09822520613670349,0.0
132,RidgeCov,0.11756324768066406,TargetRidge,0.7118813991546631,0.594318151473999,RidgeCov,0.11756324768066406,0.0
133,RidgeCov,0.10247807949781418,TargetRidge,0.638724148273468,0.5362460613250732,RidgeCov,0.10247807949781418,0.0
134,RidgeCov,0.1531730741262436,TargetRidge,0.5511948466300964,0.39802175760269165,RidgeCov,0.1531730741262436,0.0
135,RidgeCov,0.15555649995803833,TargetRidge,0.6633827686309814,0.5078262686729431,RidgeCov,0.15555649995803833,0.0
136,RidgeCov,0.11867465823888779,TargetRidge,0.589838445186615,0.4711637794971466,RidgeCov,0.11867465823888779,0.0
137,RidgeCov,0.1371423304080963,TargetRidge,0.5282106399536133,0.39106830954551697,RidgeCov,0.1371423304080963,0.0
138,RidgeCov,0.10365709662437439,TargetRidge,0.5855093002319336,0.4818522036075592,RidgeCov,0.10365709662437439,0.0
139,RidgeCov,0.12161573022603989,TargetRidge,0.533784031867981,0.4121682941913605,RidgeCov,0.12161573022603989,0.0
140,RidgeCov,0.11278093606233597,TargetRidge,0.49351730942726135,0.380736380815506,RidgeCov,0.11278093606233597,0.0
141,RidgeCov,0.11245274543762207,TargetRidge,0.659777820110321,0.547325074672699,RidgeCov,0.11245274543762207,0.0
142,RidgeCov,0.11969927698373795,TargetRidge,0.5665262341499329,0.4468269646167755,RidgeCov,0.11969927698373795,0.0
143,RidgeCov,0.10677274316549301,TargetRidge,0.4397728443145752,0.3330000936985016,RidgeCov,0.10677274316549301,0.0
144,RidgeCov,0.10736170411109924,TargetRidge,0.4018174707889557,0.29445576667785645,RidgeCov,0.10736170411109924,0.0
145,RidgeCov,0.11133003234863281,TargetRidge,0.41775763034820557,0.30642759799957275,RidgeCov,0.11133003234863281,0.0
146,RidgeCov,0.09436944872140884,TargetRidge,0.41138339042663574,0.3170139491558075,RidgeCov,0.09436944872140884,0.0
147,RidgeCov,0.09897821396589279,TargetRidge,0.4154733717441559,0.3164951503276825,RidgeCov,0.09897821396589279,0.0
148,RidgeCov,0.10170754045248032,TargetRidge,0.33187437057495117,0.23016682267189026,RidgeCov,0.10170754045248032,0.0
149,RidgeCov,0.11466726660728455,TargetRidge,0.4198421239852905,0.305174857378006,RidgeCov,0.11466726660728455,0.0
150,RidgeCov,0.10589734464883804,TargetRidge,0.3097270727157593,0.20382973551750183,RidgeCov,0.10589734464883804,0.0
151,RidgeCov,0.11680722236633301,TargetRidge,0.28561821579933167,0.16881099343299866,RidgeCov,0.11680722236633301,0.0
152,RidgeCov,0.13243353366851807,TargetRidge,0.2689392566680908,0.13650572299957275,RidgeCov,0.13243353366851807,0.0
153,RidgeCov,0.12611472606658936,TargetRidge,0.3100854456424713,0.18397071957588196,RidgeCov,0.12611472606658936,0.0
154,RidgeCov,0.1451873779296875,TargetRidge,0.3724071681499481,0.22721979022026062,RidgeCov,0.1451873779296875,0.0
155,RidgeCov,0.14066125452518463,TargetRidge,0.1744707077741623,0.03380945324897766,RidgeCov,0.14066125452518463,0.0
156,RidgeCov,0.15099896490573883,TargetRidge,0.18066108226776123,0.0296621173620224,RidgeCov,0.15099896490573883,0.0
157,TargetRidge,0.11843529343605042,RidgeCov,0.1746891885995865,0.05625389516353607,RidgeCov,0.1746891885995865,0.05625389516353607
158,TargetRidge,0.11242538690567017,RidgeCov,0.17064066231250763,0.05821527540683746,RidgeCov,0.17064066231250763,0.05821527540683746
159,TargetRidge,0.13321195542812347,RidgeCov,0.1872587651014328,0.054046809673309326,RidgeCov,0.1872587651014328,0.054046809673309326
160,TargetRidge,0.14563794434070587,RidgeCov,0.20605683326721191,0.06041888892650604,RidgeCov,0.20605683326721191,0.06041888892650604
161,TargetRidge,0.10619703680276871,RidgeCov,0.22706349194049835,0.12086645513772964,RidgeCov,0.22706349194049835,0.12086645513772964
162,TargetRidge,0.09648821502923965,RidgeCov,0.1766347438097,0.08014652878046036,RidgeCov,0.1766347438097,0.08014652878046036
163,TargetRidge,0.08338899165391922,RidgeCov,0.23227787017822266,0.14888888597488403,RidgeCov,0.23227787017822266,0.14888888597488403
164,TargetRidge,0.082709901034832,RidgeCov,0.23791301250457764,0.15520310401916504,RidgeCov,0.23791301250457764,0.15520310401916504
165,TargetRidge,0.07605957984924316,RidgeCov,0.24659019708633423,0.17053061723709106,RidgeCov,0.24659019708633423,0.17053061723709106
166,TargetRidge,0.06866466253995895,RidgeCov,0.21465416252613068,0.14598950743675232,RidgeCov,0.21465416252613068,0.14598950743675232
167,TargetRidge,0.06766682863235474,RidgeCov,0.23397845029830933,0.1663116216659546,RidgeCov,0.23397845029830933,0.1663116216659546
168,TargetRidge,0.06694021821022034,RidgeCov,0.22555011510849,0.15860989689826965,RidgeCov,0.22555011510849,0.15860989689826965
169,TargetRidge,0.06987304240465164,RidgeCov,0.24035422503948212,0.17048117518424988,RidgeCov,0.24035422503948212,0.17048117518424988
170,TargetRidge,0.07287359982728958,RidgeCov,0.2661390006542206,0.1932654082775116,RidgeCov,0.2661390006542206,0.1932654082775116
171,TargetRidge,0.07499243319034576,RidgeCov,0.29002705216407776,0.215034618973732,RidgeCov,0.29002705216407776,0.215034618973732
172,TargetRidge,0.0761202722787857,RidgeCov,0.2905498445034027,0.214429572224617,RidgeCov,0.2905498445034027,0.214429572224617
173,TargetRidge,0.10004854202270508,RidgeCov,0.29033640027046204,0.19028785824775696,RidgeCov,0.29033640027046204,0.19028785824775696
174,TargetRidge,0.077430360019207,RidgeCov,0.30465057492256165,0.22722020745277405,RidgeCov,0.30465057492256165,0.22722020745277405
175,TargetRidge,0.08111900091171265,RidgeCov,0.3089582622051239,0.22783926129341125,RidgeCov,0.3089582622051239,0.22783926129341125
176,TargetRidge,0.09029058367013931,RidgeCov,0.3104422986507416,0.22015172243118286,RidgeCov,0.3104422986507416,0.22015172243118286
177,TargetRidge,0.09428883343935013,RidgeCov,0.3603673279285431,0.26607850193977356,RidgeCov,0.3603673279285431,0.26607850193977356
178,TargetRidge,0.098906971514225,RidgeCov,0.35201385617256165,0.25310689210891724,RidgeCov,0.35201385617256165,0.25310689210891724
179,TargetRidge,0.11123600602149963,RidgeCov,0.3617507517337799,0.2505147457122803,RidgeCov,0.3617507517337799,0.2505147457122803
180,TargetRidge,0.118584543466568,RidgeCov,0.40084293484687805,0.28225839138031006,RidgeCov,0.40084293484687805,0.28225839138031006
181,TargetRidge,0.1526959389448166,RidgeCov,0.3650135099887848,0.2123175710439682,RidgeCov,0.3650135099887848,0.2123175710439682
182,TargetRidge,0.14430773258209229,RidgeCov,0.41269657015800476,0.2683888375759125,RidgeCov,0.41269657015800476,0.2683888375759125
183,TargetRidge,0.15446539223194122,RidgeCov,0.42935657501220703,0.274891197681427,RidgeCov,0.42935657501220703,0.274891197681427
184,TargetRidge,0.16416366398334503,RidgeCov,0.4057443141937256,0.24158065021038055,RidgeCov,0.4057443141937256,0.24158065021038055
185,TargetRidge,0.18836021423339844,RidgeCov,0.4450300633907318,0.2566698491573334,RidgeCov,0.4450300633907318,0.2566698491573334
186,TargetRidge,0.2008380889892578,RidgeCov,0.4412870407104492,0.2404489517211914,RidgeCov,0.4412870407104492,0.2404489517211914
187,TargetRidge,0.21198751032352448,RidgeCov,0.5180985331535339,0.30611103773117065,RidgeCov,0.5180985331535339,0.30611103773117065
188,TargetRidge,0.2359466403722763,RidgeCov,0.44056272506713867,0.20461608469486237,RidgeCov,0.44056272506713867,0.20461608469486237
189,TargetRidge,0.24788151681423187,RidgeCov,0.44798967242240906,0.20010815560817719,RidgeCov,0.44798967242240906,0.20010815560817719
190,TargetRidge,0.31191834807395935,RidgeCov,0.4386412799358368,0.12672293186187744,RidgeCov,0.4386412799358368,0.12672293186187744
191,TargetRidge,0.2789117097854614,RidgeCov,0.4519166052341461,0.1730048954486847,RidgeCov,0.4519166052341461,0.1730048954486847
192,TargetRidge,0.28841614723205566,RidgeCov,0.4904884994029999,0.2020723521709442,RidgeCov,0.4904884994029999,0.2020723521709442
193,TargetRidge,0.30548807978630066,RidgeCov,0.5583972334861755,0.2529091536998749,RidgeCov,0.5583972334861755,0.2529091536998749
194,TargetRidge,0.3389519155025482,RidgeCov,0.45917579531669617,0.12022387981414795,RidgeCov,0.45917579531669617,0.12022387981414795
195,TargetRidge,0.3350358307361603,RidgeCov,0.45816901326179504,0.12313318252563477,RidgeCov,0.45816901326179504,0.12313318252563477
196,TargetRidge,0.4388566315174103,RidgeCov,0.4661751985549927,0.027318567037582397,RidgeCov,0.4661751985549927,0.027318567037582397
197,TargetRidge,0.3688192665576935,RidgeCov,0.4486719071865082,0.0798526406288147,RidgeCov,0.4486719071865082,0.0798526406288147
198,RidgeCov,0.44090747833251953,TargetRidge,0.5051875710487366,0.06428009271621704,RidgeCov,0.44090747833251953,0.0
199,TargetRidge,0.38226962089538574,RidgeCov,0.46310916543006897,0.08083954453468323,RidgeCov,0.46310916543006897,0.08083954453468323
200,RidgeCov,0.3894105851650238,TargetRidge,0.48427414894104004,0.09486356377601624,RidgeCov,0.3894105851650238,0.0
201,RidgeCov,0.4363947808742523,TargetRidge,0.4586702287197113,0.022275447845458984,RidgeCov,0.4363947808742523,0.0
202,RidgeCov,0.4906249940395355,TargetRidge,0.5311446785926819,0.04051968455314636,RidgeCov,0.4906249940395355,0.0
203,TargetRidge,0.43805131316185,RidgeCov,0.4491443336009979,0.01109302043914795,RidgeCov,0.4491443336009979,0.01109302043914795
204,RidgeCov,0.5018503665924072,TargetRidge,0.5523061752319336,0.05045580863952637,RidgeCov,0.5018503665924072,0.0
205,RidgeCov,0.4612704813480377,TargetRidge,0.5024747252464294,0.041204243898391724,RidgeCov,0.4612704813480377,0.0
206,TargetRidge,0.5002170205116272,RidgeCov,0.5493006706237793,0.0490836501121521,RidgeCov,0.5493006706237793,0.0490836501121521
207,TargetRidge,0.4741097390651703,RidgeCov,0.4942503869533539,0.020140647888183594,RidgeCov,0.4942503869533539,0.020140647888183594
208,RidgeCov,0.40651679039001465,TargetRidge,0.5195415616035461,0.1130247712135315,RidgeCov,0.40651679039001465,0.0
209,RidgeCov,0.418452650308609,TargetRidge,0.5424150228500366,0.12396237254142761,RidgeCov,0.418452650308609,0.0
210,RidgeCov,0.3732340335845947,TargetRidge,0.5011749863624573,0.12794095277786255,RidgeCov,0.3732340335845947,0.0
211,RidgeCov,0.4019112288951874,TargetRidge,0.5885045528411865,0.18659332394599915,RidgeCov,0.4019112288951874,0.0
212,RidgeCov,0.3843299448490143,TargetRidge,0.4879799783229828,0.1036500334739685,RidgeCov,0.3843299448490143,0.0
213,RidgeCov,0.4125840961933136,TargetRidge,0.6259180903434753,0.21333399415016174,RidgeCov,0.4125840961933136,0.0
214,RidgeCov,0.37360453605651855,TargetRidge,0.642113447189331,0.2685089111328125,RidgeCov,0.37360453605651855,0.0
215,RidgeCov,0.4020404815673828,TargetRidge,0.6689682602882385,0.2669277787208557,RidgeCov,0.4020404815673828,0.0
216,RidgeCov,0.31677231192588806,TargetRidge,0.6295465230941772,0.3127742111682892,RidgeCov,0.31677231192588806,0.0
217,RidgeCov,0.3286465108394623,TargetRidge,0.49805378913879395,0.16940727829933167,RidgeCov,0.3286465108394623,0.0
218,RidgeCov,0.3548522889614105,TargetRidge,0.6029670834541321,0.24811479449272156,RidgeCov,0.3548522889614105,0.0
219,RidgeCov,0.31161126494407654,TargetRidge,0.5886510014533997,0.2770397365093231,RidgeCov,0.31161126494407654,0.0
220,RidgeCov,0.28050947189331055,TargetRidge,0.4877511262893677,0.20724165439605713,RidgeCov,0.28050947189331055,0.0
221,RidgeCov,0.29168835282325745,TargetRidge,0.6250211596488953,0.3333328068256378,RidgeCov,0.29168835282325745,0.0
222,RidgeCov,0.28366926312446594,TargetRidge,0.5781715512275696,0.29450228810310364,RidgeCov,0.28366926312446594,0.0
223,RidgeCov,0.2848066985607147,TargetRidge,0.5466470122337341,0.2618403136730194,RidgeCov,0.2848066985607147,0.0
224,RidgeCov,0.2900615334510803,TargetRidge,0.5514037013053894,0.2613421678543091,RidgeCov,0.2900615334510803,0.0
225,RidgeCov,0.2285718470811844,TargetRidge,0.5034505724906921,0.27487874031066895,RidgeCov,0.2285718470811844,0.0
226,RidgeCov,0.287909597158432,TargetRidge,0.5276106595993042,0.2397010624408722,RidgeCov,0.287909597158432,0.0
227,RidgeCov,0.2603435218334198,TargetRidge,0.5102623105049133,0.24991878867149353,RidgeCov,0.2603435218334198,0.0
228,RidgeCov,0.25444668531417847,TargetRidge,0.46046575903892517,0.2060190737247467,RidgeCov,0.25444668531417847,0.0
229,RidgeCov,0.23465009033679962,TargetRidge,0.4201109707355499,0.1854608803987503,RidgeCov,0.23465009033679962,0.0
230,RidgeCov,0.2185998111963272,TargetRidge,0.49072203040122986,0.27212220430374146,RidgeCov,0.2185998111963272,0.0
231,RidgeCov,0.2184881716966629,TargetRidge,0.48807501792907715,0.26958686113357544,RidgeCov,0.2184881716966629,0.0
232,RidgeCov,0.22515876591205597,TargetRidge,0.44488391280174255,0.21972514688968658,RidgeCov,0.22515876591205597,0.0
233,RidgeCov,0.20653992891311646,TargetRidge,0.44987332820892334,0.24333339929580688,RidgeCov,0.20653992891311646,0.0
234,RidgeCov,0.18939583003520966,TargetRidge,0.4270325005054474,0.23763667047023773,RidgeCov,0.18939583003520966,0.0
235,RidgeCov,0.1877164989709854,TargetRidge,0.3627205789089203,0.17500407993793488,RidgeCov,0.1877164989709854,0.0
236,RidgeCov,0.18638718128204346,TargetRidge,0.45365476608276367,0.2672675848007202,RidgeCov,0.18638718128204346,0.0
237,RidgeCov,0.21641488373279572,TargetRidge,0.39455854892730713,0.1781436651945114,RidgeCov,0.21641488373279572,0.0
238,RidgeCov,0.1733914166688919,TargetRidge,0.4347419738769531,0.2613505721092224,RidgeCov,0.1733914166688919,0.0
239,RidgeCov,0.16496294736862183,TargetRidge,0.36358746886253357,0.19862452149391174,RidgeCov,0.16496294736862183,0.0
240,RidgeCov,0.16349448263645172,TargetRidge,0.42630884051322937,0.26281434297561646,RidgeCov,0.16349448263645172,0.0
241,RidgeCov,0.1642993837594986,TargetRidge,0.343546062707901,0.1792466789484024,RidgeCov,0.1642993837594986,0.0
242,RidgeCov,0.18375582993030548,TargetRidge,0.323936402797699,0.1401805728673935,RidgeCov,0.18375582993030548,0.0
243,RidgeCov,0.16963976621627808,TargetRidge,0.29325780272483826,0.12361803650856018,RidgeCov,0.16963976621627808,0.0
244,RidgeCov,0.1652911901473999,TargetRidge,0.28981295228004456,0.12452176213264465,RidgeCov,0.1652911901473999,0.0
245,RidgeCov,0.16860587894916534,TargetRidge,0.31221941113471985,0.1436135321855545,RidgeCov,0.16860587894916534,0.0
246,RidgeCov,0.15652000904083252,TargetRidge,0.31883755326271057,0.16231754422187805,RidgeCov,0.15652000904083252,0.0
247,RidgeCov,0.18790531158447266,TargetRidge,0.31295666098594666,0.125051349401474,RidgeCov,0.18790531158447266,0.0
248,RidgeCov,0.14906346797943115,TargetRidge,0.26556986570358276,0.11650639772415161,RidgeCov,0.14906346797943115,0.0
249,RidgeCov,0.15853351354599,TargetRidge,0.2403487116098404,0.0818151980638504,RidgeCov,0.15853351354599,0.0
250,RidgeCov,0.1577892303466797,TargetRidge,0.2439771145582199,0.08618788421154022,RidgeCov,0.1577892303466797,0.0
251,RidgeCov,0.14795947074890137,TargetRidge,0.23068244755268097,0.0827229768037796,RidgeCov,0.14795947074890137,0.0
252,RidgeCov,0.13379313051700592,TargetRidge,0.21356086432933807,0.07976773381233215,RidgeCov,0.13379313051700592,0.0
253,RidgeCov,0.13047903776168823,TargetRidge,0.19744284451007843,0.0669638067483902,RidgeCov,0.13047903776168823,0.0
254,RidgeCov,0.13852514326572418,TargetRidge,0.19950343668460846,0.06097829341888428,RidgeCov,0.13852514326572418,0.0
255,RidgeCov,0.13169564306735992,TargetRidge,0.17643672227859497,0.044741079211235046,RidgeCov,0.13169564306735992,0.0
256,RidgeCov,0.11540140956640244,TargetRidge,0.1881815791130066,0.07278016954660416,RidgeCov,0.11540140956640244,0.0
257,RidgeCov,0.13710574805736542,TargetRidge,0.1721038669347763,0.03499811887741089,RidgeCov,0.13710574805736542,0.0
258,RidgeCov,0.1393403857946396,TargetRidge,0.16349774599075317,0.024157360196113586,RidgeCov,0.1393403857946396,0.0
259,RidgeCov,0.1273481249809265,TargetRidge,0.15360940992832184,0.026261284947395325,RidgeCov,0.1273481249809265,0.0
260,RidgeCov,0.1119115948677063,TargetRidge,0.15347346663475037,0.04156187176704407,RidgeCov,0.1119115948677063,0.0
261,RidgeCov,0.11187118291854858,TargetRidge,0.14623303711414337,0.03436185419559479,RidgeCov,0.11187118291854858,0.0
262,RidgeCov,0.1200682520866394,TargetRidge,0.1341010332107544,0.01403278112411499,RidgeCov,0.1200682520866394,0.0
263,RidgeCov,0.11623146384954453,TargetRidge,0.12455398589372635,0.008322522044181824,RidgeCov,0.11623146384954453,0.0
264,TargetRidge,0.10888887196779251,RidgeCov,0.12052813917398453,0.011639267206192017,RidgeCov,0.12052813917398453,0.011639267206192017
265,RidgeCov,0.13504552841186523,TargetRidge,0.1404525339603424,0.005407005548477173,RidgeCov,0.13504552841186523,0.0
266,TargetRidge,0.09855121374130249,RidgeCov,0.12604552507400513,0.027494311332702637,RidgeCov,0.12604552507400513,0.027494311332702637
267,TargetRidge,0.10101758688688278,RidgeCov,0.13086993992328644,0.029852353036403656,RidgeCov,0.13086993992328644,0.029852353036403656
268,TargetRidge,0.09844402223825455,RidgeCov,0.1343076378107071,0.035863615572452545,RidgeCov,0.1343076378107071,0.035863615572452545
269,TargetRidge,0.11082863807678223,RidgeCov,0.13210856914520264,0.02127993106842041,RidgeCov,0.13210856914520264,0.02127993106842041
270,TargetRidge,0.08469119668006897,RidgeCov,0.13125188648700714,0.04656068980693817,RidgeCov,0.13125188648700714,0.04656068980693817
271,TargetRidge,0.08009210973978043,RidgeCov,0.12618844211101532,0.046096332371234894,RidgeCov,0.12618844211101532,0.046096332371234894
272,TargetRidge,0.08015501499176025,RidgeCov,0.12421265989542007,0.04405764490365982,RidgeCov,0.12421265989542007,0.04405764490365982
273,TargetRidge,0.07388514280319214,RidgeCov,0.13584958016872406,0.06196443736553192,RidgeCov,0.13584958016872406,0.06196443736553192
274,TargetRidge,0.08564866334199905,RidgeCov,0.13513830304145813,0.049489639699459076,RidgeCov,0.13513830304145813,0.049489639699459076
275,TargetRidge,0.07848892360925674,RidgeCov,0.13486941158771515,0.056380487978458405,RidgeCov,0.13486941158771515,0.056380487978458405
276,TargetRidge,0.07426014542579651,RidgeCov,0.12244761735200882,0.04818747192621231,RidgeCov,0.12244761735200882,0.04818747192621231
277,TargetRidge,0.07318922132253647,RidgeCov,0.13837429881095886,0.0651850774884224,RidgeCov,0.13837429881095886,0.0651850774884224
278,TargetRidge,0.07438420504331589,RidgeCov,0.13498146831989288,0.060597263276576996,RidgeCov,0.13498146831989288,0.060597263276576996
279,TargetRidge,0.07516568899154663,RidgeCov,0.131688192486763,0.05652250349521637,RidgeCov,0.131688192486763,0.05652250349521637
280,TargetRidge,0.07779135555028915,RidgeCov,0.12852059304714203,0.050729237496852875,RidgeCov,0.12852059304714203,0.050729237496852875
281,TargetRidge,0.0807681605219841,RidgeCov,0.12475290149450302,0.04398474097251892,RidgeCov,0.12475290149450302,0.04398474097251892
282,TargetRidge,0.08251068741083145,RidgeCov,0.12810154259204865,0.045590855181217194,RidgeCov,0.12810154259204865,0.045590855181217194
283,TargetRidge,0.09160861372947693,RidgeCov,0.11535034328699112,0.02374172955751419,RidgeCov,0.11535034328699112,0.02374172955751419
284,TargetRidge,0.09857171773910522,RidgeCov,0.10302218049764633,0.004450462758541107,RidgeCov,0.10302218049764633,0.004450462758541107
285,TargetRidge,0.0989713966846466,RidgeCov,0.11077693849802017,0.011805541813373566,RidgeCov,0.11077693849802017,0.011805541813373566
286,TargetRidge,0.09847921133041382,RidgeCov,0.10643257945775986,0.007953368127346039,RidgeCov,0.10643257945775986,0.007953368127346039
287,TargetRidge,0.10146650671958923,RidgeCov,0.10344051569700241,0.0019740089774131775,RidgeCov,0.10344051569700241,0.0019740089774131775
288,TargetRidge,0.10376811027526855,RidgeCov,0.10688161849975586,0.0031135082244873047,RidgeCov,0.10688161849975586,0.0031135082244873047
289,RidgeCov,0.0945986807346344,TargetRidge,0.11524015665054321,0.020641475915908813,RidgeCov,0.0945986807346344,0.0
290,RidgeCov,0.08957439661026001,TargetRidge,0.133214071393013,0.04363967478275299,RidgeCov,0.08957439661026001,0.0
291,RidgeCov,0.09328275173902512,TargetRidge,0.1299343854188919,0.03665163367986679,RidgeCov,0.09328275173902512,0.0
292,RidgeCov,0.0793219804763794,TargetRidge,0.14128237962722778,0.06196039915084839,RidgeCov,0.0793219804763794,0.0
293,RidgeCov,0.08288910239934921,TargetRidge,0.14776110649108887,0.06487200409173965,RidgeCov,0.08288910239934921,0.0
294,RidgeCov,0.08095357567071915,TargetRidge,0.14224985241889954,0.06129627674818039,RidgeCov,0.08095357567071915,0.0
295,RidgeCov,0.06947750598192215,TargetRidge,0.16073660552501678,0.09125909954309464,RidgeCov,0.06947750598192215,0.0
296,RidgeCov,0.07619749754667282,TargetRidge,0.17561359703540802,0.0994160994887352,RidgeCov,0.07619749754667282,0.0
297,RidgeCov,0.065601646900177,TargetRidge,0.16122737526893616,0.09562572836875916,RidgeCov,0.065601646900177,0.0
298,RidgeCov,0.06990715861320496,TargetRidge,0.19787071645259857,0.12796355783939362,RidgeCov,0.06990715861320496,0.0
299,RidgeCov,0.07554928213357925,TargetRidge,0.2048768848180771,0.12932759523391724,RidgeCov,0.07554928213357925,0.0
300,RidgeCov,0.06691565364599228,TargetRidge,0.19275136291980743,0.12583571672439575,RidgeCov,0.06691565364599228,0.0
301,RidgeCov,0.08121318370103836,TargetRidge,0.20387013256549835,0.12265694886445999,RidgeCov,0.08121318370103836,0.0
302,RidgeCov,0.05505672097206116,TargetRidge,0.2126549929380417,0.15759827196598053,RidgeCov,0.05505672097206116,0.0
303,RidgeCov,0.06583528220653534,TargetRidge,0.24387003481388092,0.17803475260734558,RidgeCov,0.06583528220653534,0.0
304,RidgeCov,0.061104148626327515,TargetRidge,0.2546190023422241,0.1935148537158966,RidgeCov,0.061104148626327515,0.0
305,RidgeCov,0.06275458633899689,TargetRidge,0.24140815436840057,0.1786535680294037,RidgeCov,0.06275458633899689,0.0
306,RidgeCov,0.05507047474384308,TargetRidge,0.25331994891166687,0.1982494741678238,RidgeCov,0.05507047474384308,0.0
307,RidgeCov,0.05362736061215401,TargetRidge,0.2561913728713989,0.20256401598453522,RidgeCov,0.05362736061215401,0.0
308,RidgeCov,0.05173499509692192,TargetRidge,0.2687385678291321,0.21700356900691986,RidgeCov,0.05173499509692192,0.0
309,RidgeCov,0.05316054821014404,TargetRidge,0.27057597041130066,0.21741542220115662,RidgeCov,0.05316054821014404,0.0
310,RidgeCov,0.05244605615735054,TargetRidge,0.27879297733306885,0.2263469249010086,RidgeCov,0.05244605615735054,0.0
311,RidgeCov,0.05475994572043419,TargetRidge,0.2902921438217163,0.23553219437599182,RidgeCov,0.05475994572043419,0.0
312,RidgeCov,0.04726255312561989,TargetRidge,0.296157568693161,0.24889501929283142,RidgeCov,0.04726255312561989,0.0
313,RidgeCov,0.05983586236834526,TargetRidge,0.35806307196617126,0.2982272207736969,RidgeCov,0.05983586236834526,0.0
314,RidgeCov,0.05414377525448799,TargetRidge,0.3282846212387085,0.2741408348083496,RidgeCov,0.05414377525448799,0.0
315,RidgeCov,0.043004561215639114,TargetRidge,0.34458127617836,0.30157670378685,RidgeCov,0.043004561215639114,0.0
316,RidgeCov,0.03916029632091522,TargetRidge,0.3495767414569855,0.31041646003723145,RidgeCov,0.03916029632091522,0.0
317,RidgeCov,0.04005838558077812,TargetRidge,0.3657420873641968,0.32568371295928955,RidgeCov,0.04005838558077812,0.0
318,RidgeCov,0.0437651090323925,TargetRidge,0.3370770514011383,0.2933119535446167,RidgeCov,0.0437651090323925,0.0
319,RidgeCov,0.04523695632815361,TargetRidge,0.36737582087516785,0.32213887572288513,RidgeCov,0.04523695632815361,0.0
320,RidgeCov,0.0471218042075634,TargetRidge,0.3409065902233124,0.2937847971916199,RidgeCov,0.0471218042075634,0.0
321,RidgeCov,0.041289642453193665,TargetRidge,0.3496285676956177,0.3083389401435852,RidgeCov,0.041289642453193665,0.0
322,RidgeCov,0.04158877953886986,TargetRidge,0.3646005094051361,0.32301172614097595,RidgeCov,0.04158877953886986,0.0
323,RidgeCov,0.05055490508675575,TargetRidge,0.3428455889225006,0.29229068756103516,RidgeCov,0.05055490508675575,0.0
324,RidgeCov,0.04336535930633545,TargetRidge,0.3185748755931854,0.27520951628685,RidgeCov,0.04336535930633545,0.0
325,RidgeCov,0.04808305576443672,TargetRidge,0.3086528778076172,0.26056981086730957,RidgeCov,0.04808305576443672,0.0
326,RidgeCov,0.04170456528663635,TargetRidge,0.3138748109340668,0.2721702456474304,RidgeCov,0.04170456528663635,0.0
327,RidgeCov,0.048924773931503296,TargetRidge,0.368257075548172,0.3193323016166687,RidgeCov,0.048924773931503296,0.0
328,RidgeCov,0.04447312280535698,TargetRidge,0.3779068887233734,0.33343377709388733,RidgeCov,0.04447312280535698,0.0
329,RidgeCov,0.04882821440696716,TargetRidge,0.34095239639282227,0.2921241819858551,RidgeCov,0.04882821440696716,0.0
330,RidgeCov,0.04775093495845795,TargetRidge,0.33855748176574707,0.29080653190612793,RidgeCov,0.04775093495845795,0.0
331,RidgeCov,0.05125777795910835,TargetRidge,0.3096722662448883,0.25841447710990906,RidgeCov,0.05125777795910835,0.0
332,RidgeCov,0.05378056690096855,TargetRidge,0.3113974630832672,0.25761690735816956,RidgeCov,0.05378056690096855,0.0
333,RidgeCov,0.045123208314180374,TargetRidge,0.33672428131103516,0.2916010618209839,RidgeCov,0.045123208314180374,0.0
334,RidgeCov,0.051054757088422775,TargetRidge,0.2750519812107086,0.22399722039699554,RidgeCov,0.051054757088422775,0.0
335,RidgeCov,0.05305508151650429,TargetRidge,0.23452341556549072,0.18146833777427673,RidgeCov,0.05305508151650429,0.0
336,RidgeCov,0.059389639645814896,TargetRidge,0.21438653767108917,0.15499690175056458,RidgeCov,0.059389639645814896,0.0
337,RidgeCov,0.04088066890835762,TargetRidge,0.19796139001846313,0.1570807248353958,RidgeCov,0.04088066890835762,0.0
338,RidgeCov,0.04661518707871437,TargetRidge,0.2281748503446579,0.18155966699123383,RidgeCov,0.04661518707871437,0.0
339,RidgeCov,0.054061491042375565,TargetRidge,0.23216579854488373,0.17810431122779846,RidgeCov,0.054061491042375565,0.0
340,RidgeCov,0.06089535728096962,TargetRidge,0.190578892827034,0.12968353927135468,RidgeCov,0.06089535728096962,0.0
341,RidgeCov,0.0539337582886219,TargetRidge,0.18006867170333862,0.12613491714000702,RidgeCov,0.0539337582886219,0.0
342,RidgeCov,0.0658973902463913,TargetRidge,0.18807637691497803,0.12217898666858673,RidgeCov,0.0658973902463913,0.0
343,RidgeCov,0.05940185859799385,TargetRidge,0.19704651832580566,0.1376446634531021,RidgeCov,0.05940185859799385,0.0
344,RidgeCov,0.06841310858726501,TargetRidge,0.15485058724880219,0.08643747866153717,RidgeCov,0.06841310858726501,0.0
345,RidgeCov,0.05045228824019432,TargetRidge,0.14555513858795166,0.09510284662246704,RidgeCov,0.05045228824019432,0.0
346,RidgeCov,0.0764593705534935,TargetRidge,0.13727764785289764,0.060818277299404144,RidgeCov,0.0764593705534935,0.0
347,RidgeCov,0.11404117196798325,TargetRidge,0.15589238703250885,0.041851215064525604,RidgeCov,0.11404117196798325,0.0
348,RidgeCov,0.07199401408433914,TargetRidge,0.11644727736711502,0.04445326328277588,RidgeCov,0.07199401408433914,0.0
349,RidgeCov,0.07873352617025375,TargetRidge,0.1198553740978241,0.04112184792757034,RidgeCov,0.07873352617025375,0.0
350,RidgeCov,0.09701007604598999,TargetRidge,0.110710509121418,0.013700433075428009,RidgeCov,0.09701007604598999,0.0
351,RidgeCov,0.10309112817049026,TargetRidge,0.10793741792440414,0.004846289753913879,RidgeCov,0.10309112817049026,0.0
352,RidgeCov,0.08376079797744751,TargetRidge,0.104922354221344,0.021161556243896484,RidgeCov,0.08376079797744751,0.0
353,RidgeCov,0.07865666598081589,TargetRidge,0.11363166570663452,0.034974999725818634,RidgeCov,0.07865666598081589,0.0
354,RidgeCov,0.08186057955026627,TargetRidge,0.10497156530618668,0.02311098575592041,RidgeCov,0.08186057955026627,0.0
355,RidgeCov,0.11607436090707779,TargetRidge,0.12637203931808472,0.010297678411006927,RidgeCov,0.11607436090707779,0.0
356,TargetRidge,0.09350118041038513,RidgeCov,0.09529515355825424,0.00179397314786911,RidgeCov,0.09529515355825424,0.00179397314786911
357,RidgeCov,0.09368398785591125,TargetRidge,0.10988443344831467,0.016200445592403412,RidgeCov,0.09368398785591125,0.0
358,TargetRidge,0.09269028902053833,RidgeCov,0.09272868186235428,3.8392841815948486e-05,RidgeCov,0.09272868186235428,3.8392841815948486e-05
359,TargetRidge,0.09506857395172119,RidgeCov,0.10208328813314438,0.007014714181423187,RidgeCov,0.10208328813314438,0.007014714181423187
360,TargetRidge,0.09404776245355606,RidgeCov,0.1508106142282486,0.056762851774692535,RidgeCov,0.1508106142282486,0.056762851774692535
361,TargetRidge,0.08909118175506592,RidgeCov,0.1419294774532318,0.052838295698165894,RidgeCov,0.1419294774532318,0.052838295698165894
362,TargetRidge,0.09164473414421082,RidgeCov,0.13818447291851044,0.04653973877429962,RidgeCov,0.13818447291851044,0.04653973877429962
363,RidgeCov,0.12146533280611038,TargetRidge,0.16589286923408508,0.0444275364279747,RidgeCov,0.12146533280611038,0.0
364,TargetRidge,0.11648759990930557,RidgeCov,0.12155690044164658,0.005069300532341003,RidgeCov,0.12155690044164658,0.005069300532341003
365,TargetRidge,0.11759740114212036,RidgeCov,0.12168306112289429,0.004085659980773926,RidgeCov,0.12168306112289429,0.004085659980773926
366,TargetRidge,0.11508160829544067,RidgeCov,0.13727328181266785,0.022191673517227173,RidgeCov,0.13727328181266785,0.022191673517227173
367,RidgeCov,0.10298354178667068,TargetRidge,0.10534155368804932,0.0023580119013786316,RidgeCov,0.10298354178667068,0.0
368,RidgeCov,0.10257699340581894,TargetRidge,0.10719560831785202,0.004618614912033081,RidgeCov,0.10257699340581894,0.0
369,TargetRidge,0.11035402864217758,RidgeCov,0.13669942319393158,0.026345394551753998,RidgeCov,0.13669942319393158,0.026345394551753998
370,TargetRidge,0.11560242623090744,RidgeCov,0.13283485174179077,0.01723242551088333,RidgeCov,0.13283485174179077,0.01723242551088333
371,TargetRidge,0.09584154933691025,RidgeCov,0.17695403099060059,0.08111248165369034,RidgeCov,0.17695403099060059,0.08111248165369034
372,TargetRidge,0.10856101661920547,RidgeCov,0.16420845687389374,0.05564744025468826,RidgeCov,0.16420845687389374,0.05564744025468826
373,TargetRidge,0.11754504591226578,RidgeCov,0.16879333555698395,0.05124828964471817,RidgeCov,0.16879333555698395,0.05124828964471817
374,TargetRidge,0.11784806847572327,RidgeCov,0.14738930761814117,0.029541239142417908,RidgeCov,0.14738930761814117,0.029541239142417908
375,TargetRidge,0.14085166156291962,RidgeCov,0.15185020864009857,0.010998547077178955,RidgeCov,0.15185020864009857,0.010998547077178955
376,TargetRidge,0.1580076366662979,RidgeCov,0.17541135847568512,0.017403721809387207,RidgeCov,0.17541135847568512,0.017403721809387207
377,TargetRidge,0.0995829701423645,RidgeCov,0.12649981677532196,0.02691684663295746,RidgeCov,0.12649981677532196,0.02691684663295746
378,RidgeCov,0.14078389108181,TargetRidge,0.15384940803050995,0.013065516948699951,RidgeCov,0.14078389108181,0.0
379,RidgeCov,0.12502355873584747,TargetRidge,0.15839754045009613,0.03337398171424866,RidgeCov,0.12502355873584747,0.0
380,RidgeCov,0.1320871114730835,TargetRidge,0.21663402020931244,0.08454690873622894,RidgeCov,0.1320871114730835,0.0
381,TargetRidge,0.10375633090734482,RidgeCov,0.16273167729377747,0.05897534638643265,RidgeCov,0.16273167729377747,0.05897534638643265
382,TargetRidge,0.1272352784872055,RidgeCov,0.15832264721393585,0.031087368726730347,RidgeCov,0.15832264721393585,0.031087368726730347
383,TargetRidge,0.17017899453639984,RidgeCov,0.1726895570755005,0.002510562539100647,RidgeCov,0.1726895570755005,0.002510562539100647
384,RidgeCov,0.14579905569553375,TargetRidge,0.15413326025009155,0.0083342045545578,RidgeCov,0.14579905569553375,0.0
385,RidgeCov,0.14544714987277985,TargetRidge,0.2296929806470871,0.08424583077430725,RidgeCov,0.14544714987277985,0.0
386,RidgeCov,0.1402410864830017,TargetRidge,0.20634865760803223,0.06610757112503052,RidgeCov,0.1402410864830017,0.0
387,RidgeCov,0.14388547837734222,TargetRidge,0.23306721448898315,0.08918173611164093,RidgeCov,0.14388547837734222,0.0
388,RidgeCov,0.13956615328788757,TargetRidge,0.1719014048576355,0.032335251569747925,RidgeCov,0.13956615328788757,0.0
389,TargetRidge,0.13693688809871674,RidgeCov,0.14855265617370605,0.011615768074989319,RidgeCov,0.14855265617370605,0.011615768074989319
390,RidgeCov,0.15959151089191437,TargetRidge,0.27166029810905457,0.1120687872171402,RidgeCov,0.15959151089191437,0.0
391,TargetRidge,0.12298304587602615,RidgeCov,0.17947538197040558,0.056492336094379425,RidgeCov,0.17947538197040558,0.056492336094379425
392,RidgeCov,0.14804194867610931,TargetRidge,0.24241876602172852,0.0943768173456192,RidgeCov,0.14804194867610931,0.0
393,TargetRidge,0.1634124368429184,RidgeCov,0.17423401772975922,0.01082158088684082,RidgeCov,0.17423401772975922,0.01082158088684082
394,TargetRidge,0.1640789955854416,RidgeCov,0.17463022470474243,0.010551229119300842,RidgeCov,0.17463022470474243,0.010551229119300842
395,RidgeCov,0.15149565041065216,TargetRidge,0.16028085350990295,0.008785203099250793,RidgeCov,0.15149565041065216,0.0
396,RidgeCov,0.1463148146867752,TargetRidge,0.23938381671905518,0.09306900203227997,RidgeCov,0.1463148146867752,0.0
397,RidgeCov,0.17070801556110382,TargetRidge,0.20796625316143036,0.03725823760032654,RidgeCov,0.17070801556110382,0.0
398,RidgeCov,0.15598848462104797,TargetRidge,0.1679048389196396,0.011916354298591614,RidgeCov,0.15598848462104797,0.0
399,RidgeCov,0.1727452129125595,TargetRidge,0.3061400055885315,0.13339479267597198,RidgeCov,0.1727452129125595,0.0
400,RidgeCov,0.16538475453853607,TargetRidge,0.20453685522079468,0.039152100682258606,RidgeCov,0.16538475453853607,0.0
401,RidgeCov,0.17458076775074005,TargetRidge,0.3526126444339752,0.17803187668323517,RidgeCov,0.17458076775074005,0.0
402,RidgeCov,0.20022720098495483,TargetRidge,0.29242387413978577,0.09219667315483093,RidgeCov,0.20022720098495483,0.0
403,RidgeCov,0.18417775630950928,TargetRidge,0.21542197465896606,0.031244218349456787,RidgeCov,0.18417775630950928,0.0
404,RidgeCov,0.17595000565052032,TargetRidge,0.21326886117458344,0.03731885552406311,RidgeCov,0.17595000565052032,0.0
405,RidgeCov,0.1922074407339096,TargetRidge,0.31039080023765564,0.11818335950374603,RidgeCov,0.1922074407339096,0.0
406,RidgeCov,0.17373621463775635,TargetRidge,0.30996498465538025,0.1362287700176239,RidgeCov,0.17373621463775635,0.0
407,RidgeCov,0.21708257496356964,TargetRidge,0.2189698964357376,0.0018873214721679688,RidgeCov,0.21708257496356964,0.0
408,TargetRidge,0.19706755876541138,RidgeCov,0.1995505690574646,0.0024830102920532227,RidgeCov,0.1995505690574646,0.0024830102920532227
409,RidgeCov,0.21091075241565704,TargetRidge,0.29454389214515686,0.08363313972949982,RidgeCov,0.21091075241565704,0.0
410,RidgeCov,0.18621480464935303,TargetRidge,0.18876738846302032,0.0025525838136672974,RidgeCov,0.18621480464935303,0.0
411,RidgeCov,0.2110004425048828,TargetRidge,0.27325016260147095,0.062249720096588135,RidgeCov,0.2110004425048828,0.0
412,RidgeCov,0.21276801824569702,TargetRidge,0.33560821413993835,0.12284019589424133,RidgeCov,0.21276801824569702,0.0
413,RidgeCov,0.20090804994106293,TargetRidge,0.2160632163286209,0.015155166387557983,RidgeCov,0.20090804994106293,0.0
414,TargetRidge,0.16408763825893402,RidgeCov,0.22432787716388702,0.060240238904953,RidgeCov,0.22432787716388702,0.060240238904953
415,RidgeCov,0.21429628133773804,TargetRidge,0.3050120174884796,0.09071573615074158,RidgeCov,0.21429628133773804,0.0
416,TargetRidge,0.1577392965555191,RidgeCov,0.2164330631494522,0.058693766593933105,RidgeCov,0.2164330631494522,0.058693766593933105
417,RidgeCov,0.21852298080921173,TargetRidge,0.30237945914268494,0.0838564783334732,RidgeCov,0.21852298080921173,0.0
418,RidgeCov,0.20084832608699799,TargetRidge,0.2857385277748108,0.0848902016878128,RidgeCov,0.20084832608699799,0.0
419,RidgeCov,0.22799460589885712,TargetRidge,0.2822735607624054,0.05427895486354828,RidgeCov,0.22799460589885712,0.0
420,RidgeCov,0.20797234773635864,TargetRidge,0.21895046532154083,0.01097811758518219,RidgeCov,0.20797234773635864,0.0
421,TargetRidge,0.1680777668952942,RidgeCov,0.21839649975299835,0.05031873285770416,RidgeCov,0.21839649975299835,0.05031873285770416
422,RidgeCov,0.20898322761058807,TargetRidge,0.23395122587680817,0.024967998266220093,RidgeCov,0.20898322761058807,0.0
423,TargetRidge,0.2040838599205017,RidgeCov,0.23659925162792206,0.03251539170742035,RidgeCov,0.23659925162792206,0.03251539170742035
424,TargetRidge,0.18133403360843658,RidgeCov,0.22045163810253143,0.03911760449409485,RidgeCov,0.22045163810253143,0.03911760449409485
425,TargetRidge,0.13368213176727295,RidgeCov,0.25082480907440186,0.1171426773071289,RidgeCov,0.25082480907440186,0.1171426773071289
426,TargetRidge,0.18273156881332397,RidgeCov,0.25567102432250977,0.07293945550918579,RidgeCov,0.25567102432250977,0.07293945550918579
427,TargetRidge,0.1896526962518692,RidgeCov,0.23933392763137817,0.04968123137950897,RidgeCov,0.23933392763137817,0.04968123137950897
428,TargetRidge,0.13726702332496643,RidgeCov,0.2693183124065399,0.1320512890815735,RidgeCov,0.2693183124065399,0.1320512890815735
429,TargetRidge,0.194410040974617,RidgeCov,0.2625022828578949,0.0680922418832779,RidgeCov,0.2625022828578949,0.0680922418832779
430,TargetRidge,0.23297017812728882,RidgeCov,0.25102823972702026,0.018058061599731445,RidgeCov,0.25102823972702026,0.018058061599731445
431,TargetRidge,0.25693556666374207,RidgeCov,0.266605943441391,0.009670376777648926,RidgeCov,0.266605943441391,0.009670376777648926
432,TargetRidge,0.13624954223632812,RidgeCov,0.25046977400779724,0.11422023177146912,RidgeCov,0.25046977400779724,0.11422023177146912
433,TargetRidge,0.0874963328242302,RidgeCov,0.24545897543430328,0.1579626500606537,RidgeCov,0.24545897543430328,0.1579626500606537
434,TargetRidge,0.12927331030368805,RidgeCov,0.2600257396697998,0.13075242936611176,RidgeCov,0.2600257396697998,0.13075242936611176
435,TargetRidge,0.08753331750631332,RidgeCov,0.2330210655927658,0.14548775553703308,RidgeCov,0.2330210655927658,0.14548775553703308
436,TargetRidge,0.09901914745569229,RidgeCov,0.2561894953250885,0.1571703553199768,RidgeCov,0.2561894953250885,0.1571703553199768
437,TargetRidge,0.11404392123222351,RidgeCov,0.2521314322948456,0.13808751106262207,RidgeCov,0.2521314322948456,0.13808751106262207
438,TargetRidge,0.07687269896268845,RidgeCov,0.24906349182128906,0.17219078540802002,RidgeCov,0.24906349182128906,0.17219078540802002
439,TargetRidge,0.10662123560905457,RidgeCov,0.28853973746299744,0.18191850185394287,RidgeCov,0.28853973746299744,0.18191850185394287
440,TargetRidge,0.06983397156000137,RidgeCov,0.2704547643661499,0.20062080025672913,RidgeCov,0.2704547643661499,0.20062080025672913
441,TargetRidge,0.13809853792190552,RidgeCov,0.2668188810348511,0.12872034311294556,RidgeCov,0.2668188810348511,0.12872034311294556
442,TargetRidge,0.0624857135117054,RidgeCov,0.27402839064598083,0.21154268085956573,RidgeCov,0.27402839064598083,0.21154268085956573
443,TargetRidge,0.056541383266448975,RidgeCov,0.23511630296707153,0.17857491970062256,RidgeCov,0.23511630296707153,0.17857491970062256
444,TargetRidge,0.059086088091135025,RidgeCov,0.25454995036125183,0.1954638659954071,RidgeCov,0.25454995036125183,0.1954638659954071
445,TargetRidge,0.07657980173826218,RidgeCov,0.29085054993629456,0.21427074074745178,RidgeCov,0.29085054993629456,0.21427074074745178
446,TargetRidge,0.04779623821377754,RidgeCov,0.2790047228336334,0.23120848834514618,RidgeCov,0.2790047228336334,0.23120848834514618
447,TargetRidge,0.045875925570726395,RidgeCov,0.2522245943546295,0.20634867250919342,RidgeCov,0.2522245943546295,0.20634867250919342
448,TargetRidge,0.08498424291610718,RidgeCov,0.2534138262271881,0.16842958331108093,RidgeCov,0.2534138262271881,0.16842958331108093
449,TargetRidge,0.07041305303573608,RidgeCov,0.23950199782848358,0.1690889447927475,RidgeCov,0.23950199782848358,0.1690889447927475
450,TargetRidge,0.04397868737578392,RidgeCov,0.24058564007282257,0.19660694897174835,RidgeCov,0.24058564007282257,0.19660694897174835
451,TargetRidge,0.04628322646021843,RidgeCov,0.21129374206066132,0.1650105118751526,RidgeCov,0.21129374206066132,0.1650105118751526
452,TargetRidge,0.04604997858405113,RidgeCov,0.21690677106380463,0.1708567887544632,RidgeCov,0.21690677106380463,0.1708567887544632
453,TargetRidge,0.04835899546742439,RidgeCov,0.22412697970867157,0.17576798796653748,RidgeCov,0.22412697970867157,0.17576798796653748
454,TargetRidge,0.05236249044537544,RidgeCov,0.2177850604057312,0.16542257368564606,RidgeCov,0.2177850604057312,0.16542257368564606
455,TargetRidge,0.05381424352526665,RidgeCov,0.2605880796909332,0.20677383244037628,RidgeCov,0.2605880796909332,0.20677383244037628
456,TargetRidge,0.05873795971274376,RidgeCov,0.23607946932315826,0.1773415058851242,RidgeCov,0.23607946932315826,0.1773415058851242
457,TargetRidge,0.06343559920787811,RidgeCov,0.22494615614414215,0.16151055693626404,RidgeCov,0.22494615614414215,0.16151055693626404
458,TargetRidge,0.06727619469165802,RidgeCov,0.26034536957740784,0.19306917488574982,RidgeCov,0.26034536957740784,0.19306917488574982
459,TargetRidge,0.07356446236371994,RidgeCov,0.24407069385051727,0.17050623893737793,RidgeCov,0.24407069385051727,0.17050623893737793
460,TargetRidge,0.08293607831001282,RidgeCov,0.2992945909500122,0.2163585126399994,RidgeCov,0.2992945909500122,0.2163585126399994
461,TargetRidge,0.16738839447498322,RidgeCov,0.29261013865470886,0.12522174417972565,RidgeCov,0.29261013865470886,0.12522174417972565
462,TargetRidge,0.13420341908931732,RidgeCov,0.3380609452724457,0.20385752618312836,RidgeCov,0.3380609452724457,0.20385752618312836
463,TargetRidge,0.10353996604681015,RidgeCov,0.26650044322013855,0.1629604697227478,RidgeCov,0.26650044322013855,0.1629604697227478
464,TargetRidge,0.1046982929110527,RidgeCov,0.33199939131736755,0.22730109095573425,RidgeCov,0.33199939131736755,0.22730109095573425
465,TargetRidge,0.11580505222082138,RidgeCov,0.3340437710285187,0.2182387113571167,RidgeCov,0.3340437710285187,0.2182387113571167
466,TargetRidge,0.11818500608205795,RidgeCov,0.2996896207332611,0.18150460720062256,RidgeCov,0.2996896207332611,0.18150460720062256
467,TargetRidge,0.13245201110839844,RidgeCov,0.36541280150413513,0.2329607903957367,RidgeCov,0.36541280150413513,0.2329607903957367
468,TargetRidge,0.1569669544696808,RidgeCov,0.3653823137283325,0.20841535925865173,RidgeCov,0.3653823137283325,0.20841535925865173
469,TargetRidge,0.14618881046772003,RidgeCov,0.4516638517379761,0.30547505617141724,RidgeCov,0.4516638517379761,0.30547505617141724
470,TargetRidge,0.1625012308359146,RidgeCov,0.42875638604164124,0.26625514030456543,RidgeCov,0.42875638604164124,0.26625514030456543
471,TargetRidge,0.19357450306415558,RidgeCov,0.4177341163158417,0.2241596132516861,RidgeCov,0.4177341163158417,0.2241596132516861
472,TargetRidge,0.18314063549041748,RidgeCov,0.47774994373321533,0.29460930824279785,RidgeCov,0.47774994373321533,0.29460930824279785
473,TargetRidge,0.19347679615020752,RidgeCov,0.4572030305862427,0.26372623443603516,RidgeCov,0.4572030305862427,0.26372623443603516
474,TargetRidge,0.22022311389446259,RidgeCov,0.43807318806648254,0.21785007417201996,RidgeCov,0.43807318806648254,0.21785007417201996
475,TargetRidge,0.21706213057041168,RidgeCov,0.4166756570339203,0.1996135264635086,RidgeCov,0.4166756570339203,0.1996135264635086
476,TargetRidge,0.3845251798629761,RidgeCov,0.43172505497932434,0.04719987511634827,RidgeCov,0.43172505497932434,0.04719987511634827
477,TargetRidge,0.2619155943393707,RidgeCov,0.4191661775112152,0.15725058317184448,RidgeCov,0.4191661775112152,0.15725058317184448
478,TargetRidge,0.3242146074771881,RidgeCov,0.41542062163352966,0.09120601415634155,RidgeCov,0.41542062163352966,0.09120601415634155
479,TargetRidge,0.273624062538147,RidgeCov,0.4190157949924469,0.14539173245429993,RidgeCov,0.4190157949924469,0.14539173245429993
480,TargetRidge,0.2803552448749542,RidgeCov,0.40005579590797424,0.11970055103302002,RidgeCov,0.40005579590797424,0.11970055103302002
481,TargetRidge,0.278270423412323,RidgeCov,0.3968200385570526,0.11854961514472961,RidgeCov,0.3968200385570526,0.11854961514472961
482,TargetRidge,0.3126373887062073,RidgeCov,0.4040502607822418,0.09141287207603455,RidgeCov,0.4040502607822418,0.09141287207603455
483,TargetRidge,0.32992491126060486,RidgeCov,0.4654325544834137,0.13550764322280884,RidgeCov,0.4654325544834137,0.13550764322280884
484,TargetRidge,0.34147778153419495,RidgeCov,0.43231120705604553,0.09083342552185059,RidgeCov,0.43231120705604553,0.09083342552185059
485,TargetRidge,0.3043206036090851,RidgeCov,0.4531536102294922,0.1488330066204071,RidgeCov,0.4531536102294922,0.1488330066204071
486,RidgeCov,0.34635576605796814,TargetRidge,0.36856094002723694,0.0222051739692688,RidgeCov,0.34635576605796814,0.0
487,RidgeCov,0.3508879840373993,TargetRidge,0.4064299166202545,0.055541932582855225,RidgeCov,0.3508879840373993,0.0
488,TargetRidge,0.3292953670024872,RidgeCov,0.37407127022743225,0.04477590322494507,RidgeCov,0.37407127022743225,0.04477590322494507
489,TargetRidge,0.2784454822540283,RidgeCov,0.39313364028930664,0.11468815803527832,RidgeCov,0.39313364028930664,0.11468815803527832
490,TargetRidge,0.3579367697238922,RidgeCov,0.4215731918811798,0.0636364221572876,RidgeCov,0.4215731918811798,0.0636364221572876
491,TargetRidge,0.4139775335788727,RidgeCov,0.4337928593158722,0.01981532573699951,RidgeCov,0.4337928593158722,0.01981532573699951
492,TargetRidge,0.3597358167171478,RidgeCov,0.3950154483318329,0.03527963161468506,RidgeCov,0.3950154483318329,0.03527963161468506
493,TargetRidge,0.28956159949302673,RidgeCov,0.39867398142814636,0.10911238193511963,RidgeCov,0.39867398142814636,0.10911238193511963
494,TargetRidge,0.3276979625225067,RidgeCov,0.3822798728942871,0.054581910371780396,RidgeCov,0.3822798728942871,0.054581910371780396
495,TargetRidge,0.3364076614379883,RidgeCov,0.3561263084411621,0.019718647003173828,RidgeCov,0.3561263084411621,0.019718647003173828
496,RidgeCov,0.34684261679649353,TargetRidge,0.37622666358947754,0.02938404679298401,RidgeCov,0.34684261679649353,0.0
497,RidgeCov,0.3495827615261078,TargetRidge,0.3963921070098877,0.04680934548377991,RidgeCov,0.3495827615261078,0.0
498,RidgeCov,0.32731038331985474,TargetRidge,0.3685509264469147,0.041240543127059937,RidgeCov,0.32731038331985474,0.0
499,TargetRidge,0.3535512387752533,RidgeCov,0.37840959429740906,0.02485835552215576,RidgeCov,0.37840959429740906,0.02485835552215576
500,TargetRidge,0.3316030204296112,RidgeCov,0.34286972880363464,0.011266708374023438,RidgeCov,0.34286972880363464,0.011266708374023438
501,TargetRidge,0.30373257398605347,RidgeCov,0.3293011784553528,0.025568604469299316,RidgeCov,0.3293011784553528,0.025568604469299316
502,RidgeCov,0.3082968592643738,TargetRidge,0.3286604583263397,0.020363599061965942,RidgeCov,0.3082968592643738,0.0
503,RidgeCov,0.2994842231273651,TargetRidge,0.3501025140285492,0.05061829090118408,RidgeCov,0.2994842231273651,0.0
504,RidgeCov,0.28859028220176697,TargetRidge,0.33072733879089355,0.04213705658912659,RidgeCov,0.28859028220176697,0.0
505,RidgeCov,0.2990943491458893,TargetRidge,0.3380959928035736,0.039001643657684326,RidgeCov,0.2990943491458893,0.0
506,TargetRidge,0.28452757000923157,RidgeCov,0.35343751311302185,0.06890994310379028,RidgeCov,0.35343751311302185,0.06890994310379028
507,TargetRidge,0.2502134144306183,RidgeCov,0.29054582118988037,0.040332406759262085,RidgeCov,0.29054582118988037,0.040332406759262085
508,RidgeCov,0.30399081110954285,TargetRidge,0.3059794008731842,0.0019885897636413574,RidgeCov,0.30399081110954285,0.0
509,TargetRidge,0.26887086033821106,RidgeCov,0.2841886281967163,0.015317767858505249,RidgeCov,0.2841886281967163,0.015317767858505249
510,RidgeCov,0.2697884142398834,TargetRidge,0.2709026634693146,0.0011142492294311523,RidgeCov,0.2697884142398834,0.0
511,TargetRidge,0.2547626793384552,RidgeCov,0.28176382184028625,0.027001142501831055,RidgeCov,0.28176382184028625,0.027001142501831055
512,TargetRidge,0.24808208644390106,RidgeCov,0.28328195214271545,0.03519986569881439,RidgeCov,0.28328195214271545,0.03519986569881439
513,RidgeCov,0.2628153860569,TargetRidge,0.27902552485466003,0.01621013879776001,RidgeCov,0.2628153860569,0.0
514,TargetRidge,0.24136357009410858,RidgeCov,0.2887102961540222,0.047346726059913635,RidgeCov,0.2887102961540222,0.047346726059913635
515,TargetRidge,0.24341410398483276,RidgeCov,0.28825557231903076,0.044841468334198,RidgeCov,0.28825557231903076,0.044841468334198
516,TargetRidge,0.23571141064167023,RidgeCov,0.2696678936481476,0.033956483006477356,RidgeCov,0.2696678936481476,0.033956483006477356
517,RidgeCov,0.23754863440990448,TargetRidge,0.2532608211040497,0.015712186694145203,RidgeCov,0.23754863440990448,0.0
518,TargetRidge,0.22691714763641357,RidgeCov,0.24947333335876465,0.022556185722351074,RidgeCov,0.24947333335876465,0.022556185722351074
519,TargetRidge,0.2049603909254074,RidgeCov,0.25896695256233215,0.054006561636924744,RidgeCov,0.25896695256233215,0.054006561636924744
520,TargetRidge,0.2094566822052002,RidgeCov,0.24589300155639648,0.03643631935119629,RidgeCov,0.24589300155639648,0.03643631935119629
521,RidgeCov,0.21804696321487427,TargetRidge,0.2267281860113144,0.008681222796440125,RidgeCov,0.21804696321487427,0.0
522,TargetRidge,0.1856914907693863,RidgeCov,0.21277384459972382,0.027082353830337524,RidgeCov,0.21277384459972382,0.027082353830337524
523,TargetRidge,0.1852695494890213,RidgeCov,0.22883427143096924,0.04356472194194794,RidgeCov,0.22883427143096924,0.04356472194194794
524,TargetRidge,0.18640601634979248,RidgeCov,0.2126382440328598,0.026232227683067322,RidgeCov,0.2126382440328598,0.026232227683067322
525,TargetRidge,0.16980428993701935,RidgeCov,0.19650010764598846,0.026695817708969116,RidgeCov,0.19650010764598846,0.026695817708969116
526,TargetRidge,0.17541702091693878,RidgeCov,0.22779841721057892,0.05238139629364014,RidgeCov,0.22779841721057892,0.05238139629364014
527,TargetRidge,0.15666647255420685,RidgeCov,0.21257545053958893,0.05590897798538208,RidgeCov,0.21257545053958893,0.05590897798538208
528,TargetRidge,0.16082064807415009,RidgeCov,0.2010055035352707,0.040184855461120605,RidgeCov,0.2010055035352707,0.040184855461120605
529,TargetRidge,0.14661940932273865,RidgeCov,0.21571065485477448,0.06909124553203583,RidgeCov,0.21571065485477448,0.06909124553203583
530,TargetRidge,0.14861293137073517,RidgeCov,0.20843638479709625,0.059823453426361084,RidgeCov,0.20843638479709625,0.059823453426361084
531,TargetRidge,0.13747328519821167,RidgeCov,0.20924507081508636,0.0717717856168747,RidgeCov,0.20924507081508636,0.0717717856168747
532,TargetRidge,0.1331160068511963,RidgeCov,0.20473988354206085,0.07162387669086456,RidgeCov,0.20473988354206085,0.07162387669086456
533,TargetRidge,0.13987845182418823,RidgeCov,0.20162270963191986,0.06174425780773163,RidgeCov,0.20162270963191986,0.06174425780773163
534,TargetRidge,0.1326964646577835,RidgeCov,0.20057596266269684,0.06787949800491333,RidgeCov,0.20057596266269684,0.06787949800491333
535,TargetRidge,0.13085071742534637,RidgeCov,0.20979787409305573,0.07894715666770935,RidgeCov,0.20979787409305573,0.07894715666770935
536,TargetRidge,0.1258588433265686,RidgeCov,0.20379650592803955,0.07793766260147095,RidgeCov,0.20379650592803955,0.07793766260147095
537,TargetRidge,0.12696802616119385,RidgeCov,0.2109348028898239,0.08396677672863007,RidgeCov,0.2109348028898239,0.08396677672863007
538,TargetRidge,0.12322592735290527,RidgeCov,0.20212185382843018,0.0788959264755249,RidgeCov,0.20212185382843018,0.0788959264755249
539,TargetRidge,0.12125080823898315,RidgeCov,0.22281740605831146,0.10156659781932831,RidgeCov,0.22281740605831146,0.10156659781932831
540,TargetRidge,0.12130378931760788,RidgeCov,0.20357321202754974,0.08226942270994186,RidgeCov,0.20357321202754974,0.08226942270994186
541,TargetRidge,0.12001427263021469,RidgeCov,0.21799500286579132,0.09798073023557663,RidgeCov,0.21799500286579132,0.09798073023557663
542,TargetRidge,0.11731267720460892,RidgeCov,0.2287014126777649,0.11138873547315598,RidgeCov,0.2287014126777649,0.11138873547315598
543,TargetRidge,0.11533331871032715,RidgeCov,0.2329910844564438,0.11765776574611664,RidgeCov,0.2329910844564438,0.11765776574611664
544,TargetRidge,0.11786383390426636,RidgeCov,0.2172880619764328,0.09942422807216644,RidgeCov,0.2172880619764328,0.09942422807216644
545,TargetRidge,0.11128932237625122,RidgeCov,0.23039250075817108,0.11910317838191986,RidgeCov,0.23039250075817108,0.11910317838191986
546,TargetRidge,0.11026188731193542,RidgeCov,0.22721023857593536,0.11694835126399994,RidgeCov,0.22721023857593536,0.11694835126399994
547,TargetRidge,0.10712804645299911,RidgeCov,0.255934476852417,0.14880642294883728,RidgeCov,0.255934476852417,0.14880642294883728
548,TargetRidge,0.10807204246520996,RidgeCov,0.25976109504699707,0.1516890525817871,RidgeCov,0.25976109504699707,0.1516890525817871
549,TargetRidge,0.10616018623113632,RidgeCov,0.26869747042655945,0.16253727674484253,RidgeCov,0.26869747042655945,0.16253727674484253
550,TargetRidge,0.10804963111877441,RidgeCov,0.2661166191101074,0.158066987991333,RidgeCov,0.2661166191101074,0.158066987991333
551,TargetRidge,0.10890132933855057,RidgeCov,0.2821101248264313,0.1732088029384613,RidgeCov,0.2821101248264313,0.1732088029384613
552,TargetRidge,0.1078505888581276,RidgeCov,0.28594985604286194,0.17809927463531494,RidgeCov,0.28594985604286194,0.17809927463531494
553,TargetRidge,0.10476333647966385,RidgeCov,0.2841659486293793,0.17940261960029602,RidgeCov,0.2841659486293793,0.17940261960029602
554,TargetRidge,0.10945520550012589,RidgeCov,0.3147984743118286,0.20534327626228333,RidgeCov,0.3147984743118286,0.20534327626228333
555,TargetRidge,0.10172873735427856,RidgeCov,0.27854177355766296,0.1768130362033844,RidgeCov,0.27854177355766296,0.1768130362033844
556,TargetRidge,0.09828174114227295,RidgeCov,0.2977789044380188,0.19949716329574585,RidgeCov,0.2977789044380188,0.19949716329574585
557,TargetRidge,0.10365137457847595,RidgeCov,0.28798940777778625,0.1843380331993103,RidgeCov,0.28798940777778625,0.1843380331993103
558,TargetRidge,0.10975903272628784,RidgeCov,0.3179956078529358,0.20823657512664795,RidgeCov,0.3179956078529358,0.20823657512664795
559,TargetRidge,0.11350222676992416,RidgeCov,0.301436185836792,0.18793395161628723,RidgeCov,0.301436185836792,0.18793395161628723
560,TargetRidge,0.10756019502878189,RidgeCov,0.3136223256587982,0.20606213808059692,RidgeCov,0.3136223256587982,0.20606213808059692
561,TargetRidge,0.09662242978811264,RidgeCov,0.29609039425849915,0.1994679570198059,RidgeCov,0.29609039425849915,0.1994679570198059
562,TargetRidge,0.10220959782600403,RidgeCov,0.2922437787055969,0.1900341808795929,RidgeCov,0.2922437787055969,0.1900341808795929
563,TargetRidge,0.10565874725580215,RidgeCov,0.29578259587287903,0.19012385606765747,RidgeCov,0.29578259587287903,0.19012385606765747
564,TargetRidge,0.11326505988836288,RidgeCov,0.2957186996936798,0.18245363235473633,RidgeCov,0.2957186996936798,0.18245363235473633
565,TargetRidge,0.13223950564861298,RidgeCov,0.2669854164123535,0.13474591076374054,RidgeCov,0.2669854164123535,0.13474591076374054
566,TargetRidge,0.13185353577136993,RidgeCov,0.2681242525577545,0.13627071678638458,RidgeCov,0.2681242525577545,0.13627071678638458
567,TargetRidge,0.11722731590270996,RidgeCov,0.26319193840026855,0.1459646224975586,RidgeCov,0.26319193840026855,0.1459646224975586
568,TargetRidge,0.12927980720996857,RidgeCov,0.2545253336429596,0.12524552643299103,RidgeCov,0.2545253336429596,0.12524552643299103
569,TargetRidge,0.10833564400672913,RidgeCov,0.25983938574790955,0.15150374174118042,RidgeCov,0.25983938574790955,0.15150374174118042
570,TargetRidge,0.11155152320861816,RidgeCov,0.25301942229270935,0.1414678990840912,RidgeCov,0.25301942229270935,0.1414678990840912
571,TargetRidge,0.12760144472122192,RidgeCov,0.21531075239181519,0.08770930767059326,RidgeCov,0.21531075239181519,0.08770930767059326
572,TargetRidge,0.10557886958122253,RidgeCov,0.24504905939102173,0.1394701898097992,RidgeCov,0.24504905939102173,0.1394701898097992
573,TargetRidge,0.10797703266143799,RidgeCov,0.22466915845870972,0.11669212579727173,RidgeCov,0.22466915845870972,0.11669212579727173
574,TargetRidge,0.12098974734544754,RidgeCov,0.2236802726984024,0.10269052535295486,RidgeCov,0.2236802726984024,0.10269052535295486
575,TargetRidge,0.10059041529893875,RidgeCov,0.22521455585956573,0.12462414056062698,RidgeCov,0.22521455585956573,0.12462414056062698
576,TargetRidge,0.10524919629096985,RidgeCov,0.21175913512706757,0.10650993883609772,RidgeCov,0.21175913512706757,0.10650993883609772
577,TargetRidge,0.11410671472549438,RidgeCov,0.23446226119995117,0.12035554647445679,RidgeCov,0.23446226119995117,0.12035554647445679
578,TargetRidge,0.1633109599351883,RidgeCov,0.24678073823451996,0.08346977829933167,RidgeCov,0.24678073823451996,0.08346977829933167
579,TargetRidge,0.1369428187608719,RidgeCov,0.23561076819896698,0.09866794943809509,RidgeCov,0.23561076819896698,0.09866794943809509
580,TargetRidge,0.13093431293964386,RidgeCov,0.23460562527179718,0.10367131233215332,RidgeCov,0.23460562527179718,0.10367131233215332
581,TargetRidge,0.13763070106506348,RidgeCov,0.20677423477172852,0.06914353370666504,RidgeCov,0.20677423477172852,0.06914353370666504
582,TargetRidge,0.1361878514289856,RidgeCov,0.20307660102844238,0.06688874959945679,RidgeCov,0.20307660102844238,0.06688874959945679
583,TargetRidge,0.14391650259494781,RidgeCov,0.25918903946876526,0.11527253687381744,RidgeCov,0.25918903946876526,0.11527253687381744
584,TargetRidge,0.15234705805778503,RidgeCov,0.2760196030139923,0.12367254495620728,RidgeCov,0.2760196030139923,0.12367254495620728
585,TargetRidge,0.15640129148960114,RidgeCov,0.21842078864574432,0.06201949715614319,RidgeCov,0.21842078864574432,0.06201949715614319
586,TargetRidge,0.1681845784187317,RidgeCov,0.20274268090724945,0.03455810248851776,RidgeCov,0.20274268090724945,0.03455810248851776
587,TargetRidge,0.18690407276153564,RidgeCov,0.25195232033729553,0.06504824757575989,RidgeCov,0.25195232033729553,0.06504824757575989
588,TargetRidge,0.197207972407341,RidgeCov,0.24399328231811523,0.04678530991077423,RidgeCov,0.24399328231811523,0.04678530991077423
589,TargetRidge,0.18059389293193817,RidgeCov,0.22088442742824554,0.04029053449630737,RidgeCov,0.22088442742824554,0.04029053449630737
590,TargetRidge,0.18370886147022247,RidgeCov,0.22345249354839325,0.039743632078170776,RidgeCov,0.22345249354839325,0.039743632078170776
591,RidgeCov,0.18245019018650055,TargetRidge,0.2049768567085266,0.022526666522026062,RidgeCov,0.18245019018650055,0.0
592,RidgeCov,0.17083923518657684,TargetRidge,0.19913382828235626,0.02829459309577942,RidgeCov,0.17083923518657684,0.0
593,TargetRidge,0.20665526390075684,RidgeCov,0.21961484849452972,0.012959584593772888,RidgeCov,0.21961484849452972,0.012959584593772888
594,RidgeCov,0.12899594008922577,TargetRidge,0.21146003901958466,0.08246409893035889,RidgeCov,0.12899594008922577,0.0
595,RidgeCov,0.19012470543384552,TargetRidge,0.21518248319625854,0.025057777762413025,RidgeCov,0.19012470543384552,0.0
596,RidgeCov,0.17554092407226562,TargetRidge,0.2501632273197174,0.07462230324745178,RidgeCov,0.17554092407226562,0.0
597,RidgeCov,0.16343580186367035,TargetRidge,0.22018130123615265,0.0567454993724823,RidgeCov,0.16343580186367035,0.0
598,RidgeCov,0.14295241236686707,TargetRidge,0.21918542683124542,0.07623301446437836,RidgeCov,0.14295241236686707,0.0
599,RidgeCov,0.12628021836280823,TargetRidge,0.24579282104969025,0.11951260268688202,RidgeCov,0.12628021836280823,0.0
600,RidgeCov,0.18050716817378998,TargetRidge,0.24871408939361572,0.06820692121982574,RidgeCov,0.18050716817378998,0.0
601,RidgeCov,0.1550477296113968,TargetRidge,0.1891290694475174,0.034081339836120605,RidgeCov,0.1550477296113968,0.0
602,RidgeCov,0.10554378479719162,TargetRidge,0.21662580966949463,0.11108202487230301,RidgeCov,0.10554378479719162,0.0
603,RidgeCov,0.10086530447006226,TargetRidge,0.18563859164714813,0.08477328717708588,RidgeCov,0.10086530447006226,0.0
604,RidgeCov,0.09494892507791519,TargetRidge,0.19137364625930786,0.09642472118139267,RidgeCov,0.09494892507791519,0.0
605,RidgeCov,0.09778004139661789,TargetRidge,0.18753965198993683,0.08975961059331894,RidgeCov,0.09778004139661789,0.0
606,RidgeCov,0.08657870441675186,TargetRidge,0.1795792430639267,0.09300053864717484,RidgeCov,0.08657870441675186,0.0
607,RidgeCov,0.10265415906906128,TargetRidge,0.1746976524591446,0.07204349339008331,RidgeCov,0.10265415906906128,0.0
608,RidgeCov,0.1002526506781578,TargetRidge,0.1747073531150818,0.07445470243692398,RidgeCov,0.1002526506781578,0.0
609,RidgeCov,0.09436514973640442,TargetRidge,0.17364545166492462,0.0792803019285202,RidgeCov,0.09436514973640442,0.0
610,RidgeCov,0.09273447841405869,TargetRidge,0.16307605803012848,0.0703415796160698,RidgeCov,0.09273447841405869,0.0
611,RidgeCov,0.0914195105433464,TargetRidge,0.16527493298053741,0.07385542243719101,RidgeCov,0.0914195105433464,0.0
612,RidgeCov,0.09903102368116379,TargetRidge,0.16405688226222992,0.06502585858106613,RidgeCov,0.09903102368116379,0.0
613,RidgeCov,0.07241589576005936,TargetRidge,0.15281060338020325,0.08039470762014389,RidgeCov,0.07241589576005936,0.0
614,RidgeCov,0.06918122619390488,TargetRidge,0.15341481566429138,0.0842335894703865,RidgeCov,0.06918122619390488,0.0
615,RidgeCov,0.057039931416511536,TargetRidge,0.1621650904417038,0.10512515902519226,RidgeCov,0.057039931416511536,0.0
616,RidgeCov,0.05997471138834953,TargetRidge,0.17740781605243683,0.117433100938797,RidgeCov,0.05997471138834953,0.0
617,RidgeCov,0.06114143133163452,TargetRidge,0.14662189781665802,0.0854804664850235,RidgeCov,0.06114143133163452,0.0
618,RidgeCov,0.06660246104001999,TargetRidge,0.158037930727005,0.09143546968698502,RidgeCov,0.06660246104001999,0.0
619,RidgeCov,0.06620779633522034,TargetRidge,0.15496701002120972,0.08875921368598938,RidgeCov,0.06620779633522034,0.0
620,RidgeCov,0.06850280612707138,TargetRidge,0.15804068744182587,0.08953788131475449,RidgeCov,0.06850280612707138,0.0
621,RidgeCov,0.0805053859949112,TargetRidge,0.15012018382549286,0.06961479783058167,RidgeCov,0.0805053859949112,0.0
622,RidgeCov,0.06711283326148987,TargetRidge,0.14735667407512665,0.08024384081363678,RidgeCov,0.06711283326148987,0.0
623,RidgeCov,0.07355546206235886,TargetRidge,0.14940880239009857,0.07585334032773972,RidgeCov,0.07355546206235886,0.0
624,RidgeCov,0.07401401549577713,TargetRidge,0.16551251709461212,0.09149850159883499,RidgeCov,0.07401401549577713,0.0
625,RidgeCov,0.07572916150093079,TargetRidge,0.14495916664600372,0.06923000514507294,RidgeCov,0.07572916150093079,0.0
626,RidgeCov,0.07918687909841537,TargetRidge,0.16675163805484772,0.08756475895643234,RidgeCov,0.07918687909841537,0.0
627,RidgeCov,0.08727934211492538,TargetRidge,0.15328089892864227,0.06600155681371689,RidgeCov,0.08727934211492538,0.0
628,RidgeCov,0.08334528654813766,TargetRidge,0.17084906995296478,0.08750378340482712,RidgeCov,0.08334528654813766,0.0
629,RidgeCov,0.07985874265432358,TargetRidge,0.17077963054180145,0.09092088788747787,RidgeCov,0.07985874265432358,0.0
630,RidgeCov,0.08373264223337173,TargetRidge,0.15823589265346527,0.07450325042009354,RidgeCov,0.08373264223337173,0.0
631,RidgeCov,0.07361806184053421,TargetRidge,0.14550046622753143,0.07188240438699722,RidgeCov,0.07361806184053421,0.0
632,RidgeCov,0.07601325958967209,TargetRidge,0.18835394084453583,0.11234068125486374,RidgeCov,0.07601325958967209,0.0
633,RidgeCov,0.09403692930936813,TargetRidge,0.1570129245519638,0.06297599524259567,RidgeCov,0.09403692930936813,0.0
634,RidgeCov,0.07744088023900986,TargetRidge,0.1938289999961853,0.11638811975717545,RidgeCov,0.07744088023900986,0.0
635,RidgeCov,0.08341344445943832,TargetRidge,0.1483335942029953,0.06492014974355698,RidgeCov,0.08341344445943832,0.0
636,RidgeCov,0.09704846888780594,TargetRidge,0.15303213894367218,0.05598367005586624,RidgeCov,0.09704846888780594,0.0
637,RidgeCov,0.0800938531756401,TargetRidge,0.14955733716487885,0.06946348398923874,RidgeCov,0.0800938531756401,0.0
638,RidgeCov,0.07916411012411118,TargetRidge,0.19745886325836182,0.11829475313425064,RidgeCov,0.07916411012411118,0.0
639,RidgeCov,0.07550664991140366,TargetRidge,0.14977799355983734,0.07427134364843369,RidgeCov,0.07550664991140366,0.0
640,RidgeCov,0.08426236361265182,TargetRidge,0.14868737757205963,0.0644250139594078,RidgeCov,0.08426236361265182,0.0
641,RidgeCov,0.0822857916355133,TargetRidge,0.15189264714717865,0.06960685551166534,RidgeCov,0.0822857916355133,0.0
642,RidgeCov,0.09452631324529648,TargetRidge,0.20195555686950684,0.10742924362421036,RidgeCov,0.09452631324529648,0.0
643,RidgeCov,0.1027386412024498,TargetRidge,0.1726210117340088,0.06988237053155899,RidgeCov,0.1027386412024498,0.0
644,RidgeCov,0.07898304611444473,TargetRidge,0.15384389460086823,0.07486084848642349,RidgeCov,0.07898304611444473,0.0
645,RidgeCov,0.08999747037887573,TargetRidge,0.15447933971881866,0.06448186933994293,RidgeCov,0.08999747037887573,0.0
646,RidgeCov,0.09711775183677673,TargetRidge,0.1630532294511795,0.06593547761440277,RidgeCov,0.09711775183677673,0.0
647,RidgeCov,0.09992027282714844,TargetRidge,0.17366009950637817,0.07373982667922974,RidgeCov,0.09992027282714844,0.0
648,RidgeCov,0.09287896752357483,TargetRidge,0.19291472434997559,0.10003575682640076,RidgeCov,0.09287896752357483,0.0
649,RidgeCov,0.09770777076482773,TargetRidge,0.18872572481632233,0.0910179540514946,RidgeCov,0.09770777076482773,0.0
650,RidgeCov,0.11045369505882263,TargetRidge,0.17972731590270996,0.06927362084388733,RidgeCov,0.11045369505882263,0.0
651,RidgeCov,0.08357589691877365,TargetRidge,0.18342435359954834,0.09984845668077469,RidgeCov,0.08357589691877365,0.0
652,RidgeCov,0.10177109390497208,TargetRidge,0.3014371693134308,0.1996660828590393,RidgeCov,0.10177109390497208,0.0
653,RidgeCov,0.08289983123540878,TargetRidge,0.1936122179031372,0.11071238666772842,RidgeCov,0.08289983123540878,0.0
654,RidgeCov,0.07997923344373703,TargetRidge,0.2065386325120926,0.12655940651893616,RidgeCov,0.07997923344373703,0.0
655,RidgeCov,0.09255079180002213,TargetRidge,0.24173395335674286,0.14918315410614014,RidgeCov,0.09255079180002213,0.0
656,RidgeCov,0.09474878758192062,TargetRidge,0.21899928152561188,0.12425049394369125,RidgeCov,0.09474878758192062,0.0
657,RidgeCov,0.0997244119644165,TargetRidge,0.19764499366283417,0.09792058169841766,RidgeCov,0.0997244119644165,0.0
658,RidgeCov,0.09595391899347305,TargetRidge,0.3325878381729126,0.23663392663002014,RidgeCov,0.09595391899347305,0.0
659,RidgeCov,0.09802351146936417,TargetRidge,0.28023430705070496,0.1822108030319214,RidgeCov,0.09802351146936417,0.0
660,RidgeCov,0.10450165718793869,TargetRidge,0.25770363211631775,0.15320196747779846,RidgeCov,0.10450165718793869,0.0
661,RidgeCov,0.13095426559448242,TargetRidge,0.2707502543926239,0.13979598879814148,RidgeCov,0.13095426559448242,0.0
662,RidgeCov,0.1116330698132515,TargetRidge,0.23519296944141388,0.12355989962816238,RidgeCov,0.1116330698132515,0.0
663,RidgeCov,0.13967891037464142,TargetRidge,0.25488075613975525,0.11520184576511383,RidgeCov,0.13967891037464142,0.0
664,RidgeCov,0.18855081498622894,TargetRidge,0.31136125326156616,0.12281043827533722,RidgeCov,0.18855081498622894,0.0
665,RidgeCov,0.18310131132602692,TargetRidge,0.2861020565032959,0.10300074517726898,RidgeCov,0.18310131132602692,0.0
666,RidgeCov,0.229669451713562,TargetRidge,0.30310216546058655,0.07343271374702454,RidgeCov,0.229669451713562,0.0
667,RidgeCov,0.23955518007278442,TargetRidge,0.35171499848365784,0.11215981841087341,RidgeCov,0.23955518007278442,0.0
668,RidgeCov,0.23848749697208405,TargetRidge,0.3049163818359375,0.06642888486385345,RidgeCov,0.23848749697208405,0.0
669,RidgeCov,0.21747048199176788,TargetRidge,0.3804372251033783,0.1629667431116104,RidgeCov,0.21747048199176788,0.0
670,RidgeCov,0.21420307457447052,TargetRidge,0.3908480405807495,0.176644966006279,RidgeCov,0.21420307457447052,0.0
671,RidgeCov,0.17164210975170135,TargetRidge,0.3096710443496704,0.13802893459796906,RidgeCov,0.17164210975170135,0.0
672,RidgeCov,0.2142132967710495,TargetRidge,0.3161678612232208,0.10195456445217133,RidgeCov,0.2142132967710495,0.0
673,RidgeCov,0.23664121329784393,TargetRidge,0.3104546368122101,0.07381342351436615,RidgeCov,0.23664121329784393,0.0
674,RidgeCov,0.23267780244350433,TargetRidge,0.3111746609210968,0.07849685847759247,RidgeCov,0.23267780244350433,0.0
675,RidgeCov,0.24894969165325165,TargetRidge,0.39831486344337463,0.14936517179012299,RidgeCov,0.24894969165325165,0.0
676,RidgeCov,0.23560887575149536,TargetRidge,0.3491862714290619,0.11357739567756653,RidgeCov,0.23560887575149536,0.0
677,RidgeCov,0.29579228162765503,TargetRidge,0.3108498156070709,0.015057533979415894,RidgeCov,0.29579228162765503,0.0
678,RidgeCov,0.229977086186409,TargetRidge,0.3474898636341095,0.1175127774477005,RidgeCov,0.229977086186409,0.0
679,RidgeCov,0.26575782895088196,TargetRidge,0.38302740454673767,0.11726957559585571,RidgeCov,0.26575782895088196,0.0
680,RidgeCov,0.342936247587204,TargetRidge,0.38995862007141113,0.04702237248420715,RidgeCov,0.342936247587204,0.0
681,RidgeCov,0.304294228553772,TargetRidge,0.473150372505188,0.16885614395141602,RidgeCov,0.304294228553772,0.0
682,RidgeCov,0.3211683928966522,TargetRidge,0.4094867408275604,0.0883183479309082,RidgeCov,0.3211683928966522,0.0
683,RidgeCov,0.2889508008956909,TargetRidge,0.33699169754981995,0.04804089665412903,RidgeCov,0.2889508008956909,0.0
684,RidgeCov,0.29225921630859375,TargetRidge,0.31938329339027405,0.027124077081680298,RidgeCov,0.29225921630859375,0.0
685,RidgeCov,0.29684656858444214,TargetRidge,0.44700828194618225,0.1501617133617401,RidgeCov,0.29684656858444214,0.0
686,TargetRidge,0.2818634808063507,RidgeCov,0.33098992705345154,0.04912644624710083,RidgeCov,0.33098992705345154,0.04912644624710083
687,TargetRidge,0.34755873680114746,RidgeCov,0.3645232617855072,0.01696452498435974,RidgeCov,0.3645232617855072,0.01696452498435974
688,RidgeCov,0.36739277839660645,TargetRidge,0.47060465812683105,0.10321187973022461,RidgeCov,0.36739277839660645,0.0
689,RidgeCov,0.3482886850833893,TargetRidge,0.3988308012485504,0.05054211616516113,RidgeCov,0.3482886850833893,0.0
690,TargetRidge,0.26085248589515686,RidgeCov,0.3742334842681885,0.11338099837303162,RidgeCov,0.3742334842681885,0.11338099837303162
691,TargetRidge,0.3635571002960205,RidgeCov,0.36430051922798157,0.0007434189319610596,RidgeCov,0.36430051922798157,0.0007434189319610596
692,RidgeCov,0.3665151298046112,TargetRidge,0.3885720670223236,0.022056937217712402,RidgeCov,0.3665151298046112,0.0
693,RidgeCov,0.30229052901268005,TargetRidge,0.3803180158138275,0.07802748680114746,RidgeCov,0.30229052901268005,0.0
694,TargetRidge,0.31626376509666443,RidgeCov,0.43175891041755676,0.11549514532089233,RidgeCov,0.43175891041755676,0.11549514532089233
695,TargetRidge,0.28269705176353455,RidgeCov,0.3020898401737213,0.019392788410186768,RidgeCov,0.3020898401737213,0.019392788410186768
696,TargetRidge,0.27534154057502747,RidgeCov,0.384782999753952,0.10944145917892456,RidgeCov,0.384782999753952,0.10944145917892456
697,RidgeCov,0.3391369879245758,TargetRidge,0.3491768538951874,0.010039865970611572,RidgeCov,0.3391369879245758,0.0
698,TargetRidge,0.36616647243499756,RidgeCov,0.42013177275657654,0.05396530032157898,RidgeCov,0.42013177275657654,0.05396530032157898
699,TargetRidge,0.3902401030063629,RidgeCov,0.3916207551956177,0.0013806521892547607,RidgeCov,0.3916207551956177,0.0013806521892547607
700,RidgeCov,0.3716546595096588,TargetRidge,0.4714057147502899,0.0997510552406311,RidgeCov,0.3716546595096588,0.0
701,TargetRidge,0.2710050642490387,RidgeCov,0.41276034712791443,0.14175528287887573,RidgeCov,0.41276034712791443,0.14175528287887573
702,RidgeCov,0.37420740723609924,TargetRidge,0.38796940445899963,0.01376199722290039,RidgeCov,0.37420740723609924,0.0
703,TargetRidge,0.32752636075019836,RidgeCov,0.4063727557659149,0.07884639501571655,RidgeCov,0.4063727557659149,0.07884639501571655
704,TargetRidge,0.32758834958076477,RidgeCov,0.38588547706604004,0.05829712748527527,RidgeCov,0.38588547706604004,0.05829712748527527
705,TargetRidge,0.2863524556159973,RidgeCov,0.3752211034297943,0.088868647813797,RidgeCov,0.3752211034297943,0.088868647813797
706,RidgeCov,0.3674159348011017,TargetRidge,0.40157637000083923,0.03416043519973755,RidgeCov,0.3674159348011017,0.0
707,TargetRidge,0.286355584859848,RidgeCov,0.3775719106197357,0.0912163257598877,RidgeCov,0.3775719106197357,0.0912163257598877
708,TargetRidge,0.29318109154701233,RidgeCov,0.4082372188568115,0.1150561273097992,RidgeCov,0.4082372188568115,0.1150561273097992
709,RidgeCov,0.32842573523521423,TargetRidge,0.34691593050956726,0.018490195274353027,RidgeCov,0.32842573523521423,0.0
710,RidgeCov,0.3268698751926422,TargetRidge,0.36948466300964355,0.04261478781700134,RidgeCov,0.3268698751926422,0.0
711,TargetRidge,0.3478778302669525,RidgeCov,0.39954400062561035,0.05166617035865784,RidgeCov,0.39954400062561035,0.05166617035865784
712,TargetRidge,0.31612810492515564,RidgeCov,0.37613844871520996,0.06001034379005432,RidgeCov,0.37613844871520996,0.06001034379005432
713,TargetRidge,0.3054690361022949,RidgeCov,0.36130857467651367,0.05583953857421875,RidgeCov,0.36130857467651367,0.05583953857421875
714,TargetRidge,0.3056078255176544,RidgeCov,0.313616007566452,0.008008182048797607,RidgeCov,0.313616007566452,0.008008182048797607
715,TargetRidge,0.30043625831604004,RidgeCov,0.30139851570129395,0.0009622573852539062,RidgeCov,0.30139851570129395,0.0009622573852539062
716,TargetRidge,0.2914067506790161,RidgeCov,0.3635999262332916,0.07219317555427551,RidgeCov,0.3635999262332916,0.07219317555427551
717,TargetRidge,0.3064543604850769,RidgeCov,0.3133973181247711,0.006942957639694214,RidgeCov,0.3133973181247711,0.006942957639694214
718,TargetRidge,0.27261850237846375,RidgeCov,0.33317792415618896,0.06055942177772522,RidgeCov,0.33317792415618896,0.06055942177772522
719,TargetRidge,0.26999837160110474,RidgeCov,0.29848578572273254,0.028487414121627808,RidgeCov,0.29848578572273254,0.028487414121627808
720,TargetRidge,0.26903918385505676,RidgeCov,0.284201979637146,0.015162795782089233,RidgeCov,0.284201979637146,0.015162795782089233
721,RidgeCov,0.2551223635673523,TargetRidge,0.2696280777454376,0.014505714178085327,RidgeCov,0.2551223635673523,0.0
722,TargetRidge,0.26004526019096375,RidgeCov,0.2803317904472351,0.020286530256271362,RidgeCov,0.2803317904472351,0.020286530256271362
723,TargetRidge,0.25293320417404175,RidgeCov,0.2749340832233429,0.022000879049301147,RidgeCov,0.2749340832233429,0.022000879049301147
724,TargetRidge,0.24619966745376587,RidgeCov,0.2816321849822998,0.035432517528533936,RidgeCov,0.2816321849822998,0.035432517528533936
725,RidgeCov,0.2749186158180237,TargetRidge,0.30451956391334534,0.029600948095321655,RidgeCov,0.2749186158180237,0.0
726,TargetRidge,0.2753221094608307,RidgeCov,0.3243004083633423,0.0489782989025116,RidgeCov,0.3243004083633423,0.0489782989025116
727,TargetRidge,0.28192853927612305,RidgeCov,0.28604617714881897,0.004117637872695923,RidgeCov,0.28604617714881897,0.004117637872695923
728,TargetRidge,0.2452629804611206,RidgeCov,0.27746859192848206,0.03220561146736145,RidgeCov,0.27746859192848206,0.03220561146736145
729,TargetRidge,0.23681293427944183,RidgeCov,0.28941184282302856,0.05259890854358673,RidgeCov,0.28941184282302856,0.05259890854358673
730,TargetRidge,0.2266683131456375,RidgeCov,0.2810043692588806,0.0543360561132431,RidgeCov,0.2810043692588806,0.0543360561132431
731,TargetRidge,0.2409917563199997,RidgeCov,0.3245198428630829,0.08352808654308319,RidgeCov,0.3245198428630829,0.08352808654308319
732,TargetRidge,0.33409610390663147,RidgeCov,0.35595354437828064,0.02185744047164917,RidgeCov,0.35595354437828064,0.02185744047164917
733,TargetRidge,0.26837295293807983,RidgeCov,0.310960054397583,0.042587101459503174,RidgeCov,0.310960054397583,0.042587101459503174
734,RidgeCov,0.2240641564130783,TargetRidge,0.3676052987575531,0.1435411423444748,RidgeCov,0.2240641564130783,0.0
735,RidgeCov,0.28989699482917786,TargetRidge,0.30837514996528625,0.0184781551361084,RidgeCov,0.28989699482917786,0.0
736,RidgeCov,0.2754669785499573,TargetRidge,0.28545263409614563,0.009985655546188354,RidgeCov,0.2754669785499573,0.0
737,RidgeCov,0.22998832166194916,TargetRidge,0.300754576921463,0.07076625525951385,RidgeCov,0.22998832166194916,0.0
738,RidgeCov,0.26582857966423035,TargetRidge,0.31099405884742737,0.04516547918319702,RidgeCov,0.26582857966423035,0.0
739,RidgeCov,0.22007305920124054,TargetRidge,0.3354857265949249,0.11541266739368439,RidgeCov,0.22007305920124054,0.0
740,RidgeCov,0.2226533144712448,TargetRidge,0.5864689350128174,0.3638156056404114,RidgeCov,0.2226533144712448,0.0
741,RidgeCov,0.23983536660671234,TargetRidge,0.3535041809082031,0.11366881430149078,RidgeCov,0.23983536660671234,0.0
742,RidgeCov,0.2366843968629837,TargetRidge,0.5184664130210876,0.28178203105926514,RidgeCov,0.2366843968629837,0.0
743,RidgeCov,0.26694634556770325,TargetRidge,0.4862876236438751,0.21934127807617188,RidgeCov,0.26694634556770325,0.0
744,RidgeCov,0.21323038637638092,TargetRidge,0.4257567822933197,0.21252639591693878,RidgeCov,0.21323038637638092,0.0
745,RidgeCov,0.21929942071437836,TargetRidge,0.589196503162384,0.3698970675468445,RidgeCov,0.21929942071437836,0.0
746,RidgeCov,0.217076376080513,TargetRidge,0.5303346514701843,0.3132582902908325,RidgeCov,0.217076376080513,0.0
747,RidgeCov,0.16520273685455322,TargetRidge,0.4973948299884796,0.3321920931339264,RidgeCov,0.16520273685455322,0.0
748,RidgeCov,0.24003534018993378,TargetRidge,0.6294662952423096,0.3894309401512146,RidgeCov,0.24003534018993378,0.0
749,RidgeCov,0.22142590582370758,TargetRidge,0.4078608751296997,0.18643496930599213,RidgeCov,0.22142590582370758,0.0
750,RidgeCov,0.19494037330150604,TargetRidge,0.5943474769592285,0.3994070887565613,RidgeCov,0.19494037330150604,0.0
751,RidgeCov,0.15579105913639069,TargetRidge,0.4850586950778961,0.32926762104034424,RidgeCov,0.15579105913639069,0.0
752,RidgeCov,0.16994230449199677,TargetRidge,0.5343513488769531,0.36440902948379517,RidgeCov,0.16994230449199677,0.0
753,RidgeCov,0.16686153411865234,TargetRidge,0.5375319123268127,0.3706703782081604,RidgeCov,0.16686153411865234,0.0
754,RidgeCov,0.14901882410049438,TargetRidge,0.604799747467041,0.45578092336654663,RidgeCov,0.14901882410049438,0.0
755,RidgeCov,0.14711031317710876,TargetRidge,0.64723140001297,0.5001211166381836,RidgeCov,0.14711031317710876,0.0
756,RidgeCov,0.11576537042856216,TargetRidge,0.5785402655601501,0.4627749025821686,RidgeCov,0.11576537042856216,0.0
757,RidgeCov,0.14979632198810577,TargetRidge,0.5011163353919983,0.3513200283050537,RidgeCov,0.14979632198810577,0.0
758,RidgeCov,0.11433575302362442,TargetRidge,0.4971730709075928,0.38283732533454895,RidgeCov,0.11433575302362442,0.0
759,RidgeCov,0.09876510500907898,TargetRidge,0.5352627635002136,0.43649765849113464,RidgeCov,0.09876510500907898,0.0
760,RidgeCov,0.11773020774126053,TargetRidge,0.5322988033294678,0.41456860303878784,RidgeCov,0.11773020774126053,0.0
761,RidgeCov,0.10430262237787247,TargetRidge,0.6355394721031189,0.5312368273735046,RidgeCov,0.10430262237787247,0.0
762,RidgeCov,0.11058207601308823,TargetRidge,0.6485258340835571,0.5379437804222107,RidgeCov,0.11058207601308823,0.0
763,RidgeCov,0.09760496020317078,TargetRidge,0.7399077415466309,0.6423027515411377,RidgeCov,0.09760496020317078,0.0
764,RidgeCov,0.10853344202041626,TargetRidge,0.5745436549186707,0.4660102128982544,RidgeCov,0.10853344202041626,0.0
765,RidgeCov,0.11658251285552979,TargetRidge,0.6618478894233704,0.5452653765678406,RidgeCov,0.11658251285552979,0.0
766,RidgeCov,0.12326840311288834,TargetRidge,0.6817145943641663,0.5584461688995361,RidgeCov,0.12326840311288834,0.0
767,RidgeCov,0.11699021607637405,TargetRidge,0.7362807393074036,0.6192905306816101,RidgeCov,0.11699021607637405,0.0
768,RidgeCov,0.11558413505554199,TargetRidge,0.6738484501838684,0.5582643151283264,RidgeCov,0.11558413505554199,0.0
769,RidgeCov,0.10740465670824051,TargetRidge,0.6589593291282654,0.5515546798706055,RidgeCov,0.10740465670824051,0.0
770,RidgeCov,0.09554127603769302,TargetRidge,0.6705543994903564,0.5750131011009216,RidgeCov,0.09554127603769302,0.0
771,RidgeCov,0.09452594071626663,TargetRidge,0.6165652871131897,0.5220393538475037,RidgeCov,0.09452594071626663,0.0
772,RidgeCov,0.08602485060691833,TargetRidge,0.5767910480499268,0.4907661974430084,RidgeCov,0.08602485060691833,0.0
773,RidgeCov,0.08562358468770981,TargetRidge,0.6853349804878235,0.5997114181518555,RidgeCov,0.08562358468770981,0.0
774,RidgeCov,0.09391182661056519,TargetRidge,0.7597325444221497,0.6658207178115845,RidgeCov,0.09391182661056519,0.0
775,RidgeCov,0.10140977054834366,TargetRidge,0.5630465149879456,0.4616367518901825,RidgeCov,0.10140977054834366,0.0
776,RidgeCov,0.07713049650192261,TargetRidge,0.7043787837028503,0.6272482872009277,RidgeCov,0.07713049650192261,0.0
777,RidgeCov,0.10771673917770386,TargetRidge,0.8174305558204651,0.7097138166427612,RidgeCov,0.10771673917770386,0.0
778,RidgeCov,0.07365230470895767,TargetRidge,0.6433499455451965,0.5696976184844971,RidgeCov,0.07365230470895767,0.0
779,RidgeCov,0.08270237594842911,TargetRidge,0.5698726773262024,0.4871703088283539,RidgeCov,0.08270237594842911,0.0
780,RidgeCov,0.07719723135232925,TargetRidge,0.6156520843505859,0.5384548306465149,RidgeCov,0.07719723135232925,0.0
781,RidgeCov,0.07937076687812805,TargetRidge,0.6688094735145569,0.5894386768341064,RidgeCov,0.07937076687812805,0.0
782,RidgeCov,0.07806659489870071,TargetRidge,0.6236922740936279,0.5456256866455078,RidgeCov,0.07806659489870071,0.0
783,RidgeCov,0.07748980820178986,TargetRidge,0.4835428297519684,0.40605300664901733,RidgeCov,0.07748980820178986,0.0
784,RidgeCov,0.09726903587579727,TargetRidge,0.551888644695282,0.4546196162700653,RidgeCov,0.09726903587579727,0.0
785,RidgeCov,0.09419510513544083,TargetRidge,0.49594828486442566,0.40175318717956543,RidgeCov,0.09419510513544083,0.0
786,RidgeCov,0.09271053224802017,TargetRidge,0.5701419711112976,0.47743144631385803,RidgeCov,0.09271053224802017,0.0
787,RidgeCov,0.09475720673799515,TargetRidge,0.5667017102241516,0.47194451093673706,RidgeCov,0.09475720673799515,0.0
788,RidgeCov,0.10013792663812637,TargetRidge,0.4902048110961914,0.39006689190864563,RidgeCov,0.10013792663812637,0.0
789,RidgeCov,0.09449153393507004,TargetRidge,0.4371297359466553,0.34263819456100464,RidgeCov,0.09449153393507004,0.0
790,RidgeCov,0.10478024929761887,TargetRidge,0.48780396580696106,0.3830237090587616,RidgeCov,0.10478024929761887,0.0
791,RidgeCov,0.08702345937490463,TargetRidge,0.5269818902015686,0.4399584233760834,RidgeCov,0.08702345937490463,0.0
792,RidgeCov,0.09190409630537033,TargetRidge,0.5503751039505005,0.45847100019454956,RidgeCov,0.09190409630537033,0.0
793,RidgeCov,0.09462795406579971,TargetRidge,0.4848409593105316,0.3902130126953125,RidgeCov,0.09462795406579971,0.0
794,RidgeCov,0.08677158504724503,TargetRidge,0.3549632132053375,0.2681916356086731,RidgeCov,0.08677158504724503,0.0
795,RidgeCov,0.09959298372268677,TargetRidge,0.3601287305355072,0.26053574681282043,RidgeCov,0.09959298372268677,0.0
796,RidgeCov,0.11122476309537888,TargetRidge,0.325704425573349,0.21447965502738953,RidgeCov,0.11122476309537888,0.0
797,RidgeCov,0.09871800988912582,TargetRidge,0.3457745611667633,0.24705654382705688,RidgeCov,0.09871800988912582,0.0
798,RidgeCov,0.10864388942718506,TargetRidge,0.28655508160591125,0.1779111921787262,RidgeCov,0.10864388942718506,0.0
799,RidgeCov,0.10509558767080307,TargetRidge,0.2715238630771637,0.16642826795578003,RidgeCov,0.10509558767080307,0.0
800,RidgeCov,0.08545652031898499,TargetRidge,0.31522896885871887,0.2297724485397339,RidgeCov,0.08545652031898499,0.0
801,RidgeCov,0.09382287412881851,TargetRidge,0.2792603671550751,0.18543750047683716,RidgeCov,0.09382287412881851,0.0
802,RidgeCov,0.09105193614959717,TargetRidge,0.254068523645401,0.16301658749580383,RidgeCov,0.09105193614959717,0.0
803,RidgeCov,0.09119505435228348,TargetRidge,0.22297357022762299,0.1317785084247589,RidgeCov,0.09119505435228348,0.0
804,RidgeCov,0.09841066598892212,TargetRidge,0.23631544411182404,0.13790477812290192,RidgeCov,0.09841066598892212,0.0
805,RidgeCov,0.08916637301445007,TargetRidge,0.22294189035892487,0.1337755173444748,RidgeCov,0.08916637301445007,0.0
806,RidgeCov,0.09128604084253311,TargetRidge,0.21305961906909943,0.12177357822656631,RidgeCov,0.09128604084253311,0.0
807,RidgeCov,0.08964969962835312,TargetRidge,0.19310279190540314,0.10345309227705002,RidgeCov,0.08964969962835312,0.0
808,RidgeCov,0.09128298610448837,TargetRidge,0.18034356832504272,0.08906058222055435,RidgeCov,0.09128298610448837,0.0
809,RidgeCov,0.10352695733308792,TargetRidge,0.1727709323167801,0.06924397498369217,RidgeCov,0.10352695733308792,0.0
810,RidgeCov,0.09312174469232559,TargetRidge,0.1633334904909134,0.0702117457985878,RidgeCov,0.09312174469232559,0.0
811,RidgeCov,0.09093425422906876,TargetRidge,0.1589003950357437,0.06796614080667496,RidgeCov,0.09093425422906876,0.0
812,RidgeCov,0.09801112860441208,TargetRidge,0.1565108299255371,0.05849970132112503,RidgeCov,0.09801112860441208,0.0
813,RidgeCov,0.09274741262197495,TargetRidge,0.15135975182056427,0.058612339198589325,RidgeCov,0.09274741262197495,0.0
814,RidgeCov,0.10297232121229172,TargetRidge,0.1508142203092575,0.04784189909696579,RidgeCov,0.10297232121229172,0.0
815,RidgeCov,0.09390205889940262,TargetRidge,0.15347476303577423,0.05957270413637161,RidgeCov,0.09390205889940262,0.0
816,RidgeCov,0.09270304441452026,TargetRidge,0.1577228456735611,0.06501980125904083,RidgeCov,0.09270304441452026,0.0
817,RidgeCov,0.09934849292039871,TargetRidge,0.17512762546539307,0.07577913254499435,RidgeCov,0.09934849292039871,0.0
818,RidgeCov,0.09167488664388657,TargetRidge,0.17095308005809784,0.07927819341421127,RidgeCov,0.09167488664388657,0.0
819,RidgeCov,0.09961474686861038,TargetRidge,0.16649121046066284,0.06687646359205246,RidgeCov,0.09961474686861038,0.0
820,RidgeCov,0.09187120199203491,TargetRidge,0.17260344326496124,0.08073224127292633,RidgeCov,0.09187120199203491,0.0
821,RidgeCov,0.0973946675658226,TargetRidge,0.1855691522359848,0.0881744846701622,RidgeCov,0.0973946675658226,0.0
822,RidgeCov,0.09363296627998352,TargetRidge,0.20331914722919464,0.10968618094921112,RidgeCov,0.09363296627998352,0.0
823,RidgeCov,0.10404270887374878,TargetRidge,0.20889310538768768,0.1048503965139389,RidgeCov,0.10404270887374878,0.0
824,RidgeCov,0.0989236831665039,TargetRidge,0.21768486499786377,0.11876118183135986,RidgeCov,0.0989236831665039,0.0
825,RidgeCov,0.09874069690704346,TargetRidge,0.21813781559467316,0.1193971186876297,RidgeCov,0.09874069690704346,0.0
826,RidgeCov,0.10421589016914368,TargetRidge,0.23308520019054413,0.12886931002140045,RidgeCov,0.10421589016914368,0.0
827,RidgeCov,0.11339408159255981,TargetRidge,0.2607000768184662,0.14730599522590637,RidgeCov,0.11339408159255981,0.0
828,RidgeCov,0.10359547287225723,TargetRidge,0.2513754069805145,0.1477799415588379,RidgeCov,0.10359547287225723,0.0
829,RidgeCov,0.10626399517059326,TargetRidge,0.2650517523288727,0.15878775715827942,RidgeCov,0.10626399517059326,0.0
830,RidgeCov,0.10848691314458847,TargetRidge,0.29353514313697815,0.18504822254180908,RidgeCov,0.10848691314458847,0.0
831,RidgeCov,0.11671917885541916,TargetRidge,0.29190436005592346,0.1751851737499237,RidgeCov,0.11671917885541916,0.0
832,RidgeCov,0.11629276722669601,TargetRidge,0.3212142884731293,0.20492151379585266,RidgeCov,0.11629276722669601,0.0
833,RidgeCov,0.11207058280706406,TargetRidge,0.3337081968784332,0.22163760662078857,RidgeCov,0.11207058280706406,0.0
834,RidgeCov,0.1238924041390419,TargetRidge,0.3215632140636444,0.1976708173751831,RidgeCov,0.1238924041390419,0.0
835,RidgeCov,0.11894489079713821,TargetRidge,0.3657320439815521,0.2467871606349945,RidgeCov,0.11894489079713821,0.0
836,RidgeCov,0.1202421560883522,TargetRidge,0.38272738456726074,0.26248523592948914,RidgeCov,0.1202421560883522,0.0
837,RidgeCov,0.13000552356243134,TargetRidge,0.3778351843357086,0.24782966077327728,RidgeCov,0.13000552356243134,0.0
838,RidgeCov,0.12927892804145813,TargetRidge,0.39982524514198303,0.2705463171005249,RidgeCov,0.12927892804145813,0.0
839,RidgeCov,0.12076128274202347,TargetRidge,0.39529356360435486,0.274532288312912,RidgeCov,0.12076128274202347,0.0
840,RidgeCov,0.11799460649490356,TargetRidge,0.38916054368019104,0.2711659371852875,RidgeCov,0.11799460649490356,0.0
841,RidgeCov,0.13900868594646454,TargetRidge,0.4313678741455078,0.2923591732978821,RidgeCov,0.13900868594646454,0.0
842,RidgeCov,0.12429162114858627,TargetRidge,0.40928950905799866,0.2849978804588318,RidgeCov,0.12429162114858627,0.0
843,RidgeCov,0.14131423830986023,TargetRidge,0.4289463758468628,0.28763213753700256,RidgeCov,0.14131423830986023,0.0
844,RidgeCov,0.137346550822258,TargetRidge,0.41326212882995605,0.27591556310653687,RidgeCov,0.137346550822258,0.0
845,RidgeCov,0.1353764533996582,TargetRidge,0.42493772506713867,0.28956127166748047,RidgeCov,0.1353764533996582,0.0
846,RidgeCov,0.13426347076892853,TargetRidge,0.4415782392024994,0.30731475353240967,RidgeCov,0.13426347076892853,0.0
847,RidgeCov,0.13179254531860352,TargetRidge,0.41626468300819397,0.28447213768959045,RidgeCov,0.13179254531860352,0.0
848,RidgeCov,0.13228954374790192,TargetRidge,0.45311787724494934,0.32082831859588623,RidgeCov,0.13228954374790192,0.0
849,RidgeCov,0.14529496431350708,TargetRidge,0.45647427439689636,0.3111793100833893,RidgeCov,0.14529496431350708,0.0
850,RidgeCov,0.13862483203411102,TargetRidge,0.4018678367137909,0.26324301958084106,RidgeCov,0.13862483203411102,0.0
851,RidgeCov,0.1302792876958847,TargetRidge,0.41556084156036377,0.28528153896331787,RidgeCov,0.1302792876958847,0.0
852,RidgeCov,0.12104292958974838,TargetRidge,0.38855838775634766,0.2675154507160187,RidgeCov,0.12104292958974838,0.0
853,RidgeCov,0.12261682003736496,TargetRidge,0.3953477442264557,0.27273091673851013,RidgeCov,0.12261682003736496,0.0
854,RidgeCov,0.12951064109802246,TargetRidge,0.404695063829422,0.27518442273139954,RidgeCov,0.12951064109802246,0.0
855,RidgeCov,0.11618640273809433,TargetRidge,0.37932097911834717,0.26313456892967224,RidgeCov,0.11618640273809433,0.0
856,RidgeCov,0.1155690923333168,TargetRidge,0.4520152509212494,0.3364461660385132,RidgeCov,0.1155690923333168,0.0
857,RidgeCov,0.09743260592222214,TargetRidge,0.4114576280117035,0.31402501463890076,RidgeCov,0.09743260592222214,0.0
858,RidgeCov,0.10929111391305923,TargetRidge,0.3666079342365265,0.25731682777404785,RidgeCov,0.10929111391305923,0.0
859,RidgeCov,0.09763646125793457,TargetRidge,0.37565329670906067,0.2780168354511261,RidgeCov,0.09763646125793457,0.0
860,RidgeCov,0.14582282304763794,TargetRidge,0.3093844950199127,0.16356167197227478,RidgeCov,0.14582282304763794,0.0
861,RidgeCov,0.09719964116811752,TargetRidge,0.29925820231437683,0.2020585536956787,RidgeCov,0.09719964116811752,0.0
862,RidgeCov,0.11282676458358765,TargetRidge,0.22031529247760773,0.10748852789402008,RidgeCov,0.11282676458358765,0.0
863,RidgeCov,0.11994215846061707,TargetRidge,0.17289339005947113,0.052951231598854065,RidgeCov,0.11994215846061707,0.0
864,RidgeCov,0.12125954777002335,TargetRidge,0.15037237107753754,0.02911282330751419,RidgeCov,0.12125954777002335,0.0
865,RidgeCov,0.11490634828805923,TargetRidge,0.17125602066516876,0.05634967237710953,RidgeCov,0.11490634828805923,0.0
866,RidgeCov,0.13293379545211792,TargetRidge,0.17177565395832062,0.0388418585062027,RidgeCov,0.13293379545211792,0.0
867,RidgeCov,0.13313037157058716,TargetRidge,0.18696419894695282,0.05383382737636566,RidgeCov,0.13313037157058716,0.0
868,RidgeCov,0.11760777235031128,TargetRidge,0.13492810726165771,0.017320334911346436,RidgeCov,0.11760777235031128,0.0
869,TargetRidge,0.11691244691610336,RidgeCov,0.11705199629068375,0.0001395493745803833,RidgeCov,0.11705199629068375,0.0001395493745803833
870,TargetRidge,0.10121230036020279,RidgeCov,0.11423502117395401,0.01302272081375122,RidgeCov,0.11423502117395401,0.01302272081375122
871,TargetRidge,0.1017669141292572,RidgeCov,0.1272106170654297,0.025443702936172485,RidgeCov,0.1272106170654297,0.025443702936172485
872,TargetRidge,0.10297539085149765,RidgeCov,0.13953931629657745,0.0365639254450798,RidgeCov,0.13953931629657745,0.0365639254450798
873,RidgeCov,0.08879196643829346,TargetRidge,0.10844079405069351,0.019648827612400055,RidgeCov,0.08879196643829346,0.0
874,TargetRidge,0.1208370104432106,RidgeCov,0.15135230123996735,0.030515290796756744,RidgeCov,0.15135230123996735,0.030515290796756744
875,RidgeCov,0.13227225840091705,TargetRidge,0.1378851979970932,0.0056129395961761475,RidgeCov,0.13227225840091705,0.0
876,RidgeCov,0.08169817179441452,TargetRidge,0.13011497259140015,0.048416800796985626,RidgeCov,0.08169817179441452,0.0
877,TargetRidge,0.11866488307714462,RidgeCov,0.12494584172964096,0.006280958652496338,RidgeCov,0.12494584172964096,0.006280958652496338
878,RidgeCov,0.10158304125070572,TargetRidge,0.12070634961128235,0.01912330836057663,RidgeCov,0.10158304125070572,0.0
879,RidgeCov,0.09293335676193237,TargetRidge,0.12600718438625336,0.033073827624320984,RidgeCov,0.09293335676193237,0.0
880,RidgeCov,0.11099163442850113,TargetRidge,0.1302366405725479,0.019245006144046783,RidgeCov,0.11099163442850113,0.0
881,RidgeCov,0.12890592217445374,TargetRidge,0.1538953334093094,0.024989411234855652,RidgeCov,0.12890592217445374,0.0
882,RidgeCov,0.12006955593824387,TargetRidge,0.20412246882915497,0.0840529128909111,RidgeCov,0.12006955593824387,0.0
883,RidgeCov,0.09946715086698532,TargetRidge,0.21856941282749176,0.11910226196050644,RidgeCov,0.09946715086698532,0.0
884,RidgeCov,0.1000945195555687,TargetRidge,0.1563902050256729,0.05629568547010422,RidgeCov,0.1000945195555687,0.0
885,RidgeCov,0.10817432403564453,TargetRidge,0.1866413801908493,0.07846705615520477,RidgeCov,0.10817432403564453,0.0
886,RidgeCov,0.11890902370214462,TargetRidge,0.2856724262237549,0.16676339507102966,RidgeCov,0.11890902370214462,0.0
887,RidgeCov,0.11427774280309677,TargetRidge,0.177943155169487,0.06366541236639023,RidgeCov,0.11427774280309677,0.0
888,RidgeCov,0.12271851301193237,TargetRidge,0.2603227496147156,0.1376042366027832,RidgeCov,0.12271851301193237,0.0
889,RidgeCov,0.11164667457342148,TargetRidge,0.30179300904273987,0.1901463270187378,RidgeCov,0.11164667457342148,0.0
890,RidgeCov,0.1216021180152893,TargetRidge,0.2527754008769989,0.1311732828617096,RidgeCov,0.1216021180152893,0.0
891,RidgeCov,0.09228208661079407,TargetRidge,0.22035402059555054,0.12807193398475647,RidgeCov,0.09228208661079407,0.0
892,RidgeCov,0.0687926784157753,TargetRidge,0.17995043098926544,0.11115775257349014,RidgeCov,0.0687926784157753,0.0
893,RidgeCov,0.06554238498210907,TargetRidge,0.22200651466846466,0.1564641296863556,RidgeCov,0.06554238498210907,0.0
894,RidgeCov,0.09459751844406128,MeanRevertSlow,0.2347838431596756,0.14018632471561432,RidgeCov,0.09459751844406128,0.0
895,RidgeCov,0.07656466215848923,TargetRidge,0.24984614551067352,0.1732814908027649,RidgeCov,0.07656466215848923,0.0
896,RidgeCov,0.1079600378870964,TargetRidge,0.262800931930542,0.154840886592865,RidgeCov,0.1079600378870964,0.0
897,RidgeCov,0.08182143419981003,MeanRevertSlow,0.23685304820537567,0.15503162145614624,RidgeCov,0.08182143419981003,0.0
898,RidgeCov,0.13110284507274628,MeanRevertSlow,0.23390261828899384,0.10279977321624756,RidgeCov,0.13110284507274628,0.0
899,RidgeCov,0.12204274535179138,MeanRevertSlow,0.24009312689304352,0.11805038154125214,RidgeCov,0.12204274535179138,0.0
900,RidgeCov,0.10315782576799393,MeanRevertSlow,0.2624994218349457,0.15934160351753235,RidgeCov,0.10315782576799393,0.0
901,RidgeCov,0.10240224748849869,MeanRevertSlow,0.25838926434516907,0.15598702430725098,RidgeCov,0.10240224748849869,0.0
902,RidgeCov,0.09799490123987198,MeanRevertSlow,0.2997691333293915,0.2017742395401001,RidgeCov,0.09799490123987198,0.0
903,RidgeCov,0.09959966689348221,TargetRidge,0.22205092012882233,0.12245125323534012,RidgeCov,0.09959966689348221,0.0
904,RidgeCov,0.1194319948554039,MeanRevertSlow,0.28633683919906616,0.16690483689308167,RidgeCov,0.1194319948554039,0.0
905,RidgeCov,0.09814564138650894,TargetRidge,0.19977422058582306,0.10162857919931412,RidgeCov,0.09814564138650894,0.0
906,RidgeCov,0.11194344609975815,TargetRidge,0.2258516550064087,0.11390820890665054,RidgeCov,0.11194344609975815,0.0
907,RidgeCov,0.11791228502988815,TargetRidge,0.20416736602783203,0.08625508099794388,RidgeCov,0.11791228502988815,0.0
908,RidgeCov,0.1304083615541458,TargetRidge,0.17668016254901886,0.04627180099487305,RidgeCov,0.1304083615541458,0.0
909,RidgeCov,0.09989913552999496,TargetRidge,0.12568026781082153,0.02578113228082657,RidgeCov,0.09989913552999496,0.0
910,RidgeCov,0.10305016487836838,TargetRidge,0.13103093206882477,0.02798076719045639,RidgeCov,0.10305016487836838,0.0
911,RidgeCov,0.08012895286083221,TargetRidge,0.16504405438899994,0.08491510152816772,RidgeCov,0.08012895286083221,0.0
912,RidgeCov,0.07599754631519318,TargetRidge,0.14117170870304108,0.0651741623878479,RidgeCov,0.07599754631519318,0.0
913,RidgeCov,0.06941726058721542,TargetRidge,0.16176004707813263,0.0923427864909172,RidgeCov,0.06941726058721542,0.0
914,RidgeCov,0.09559929370880127,TargetRidge,0.1247551217675209,0.029155828058719635,RidgeCov,0.09559929370880127,0.0
915,RidgeCov,0.08340264111757278,TargetRidge,0.0983106791973114,0.014908038079738617,RidgeCov,0.08340264111757278,0.0
916,RidgeCov,0.07180975377559662,TargetRidge,0.07248366624116898,0.0006739124655723572,RidgeCov,0.07180975377559662,0.0
917,TargetRidge,0.0697891116142273,RidgeCov,0.07275369018316269,0.0029645785689353943,RidgeCov,0.07275369018316269,0.0029645785689353943
918,RidgeCov,0.07132741808891296,TargetRidge,0.08205348998308182,0.010726071894168854,RidgeCov,0.07132741808891296,0.0
919,RidgeCov,0.06715668737888336,TargetRidge,0.07317325472831726,0.006016567349433899,RidgeCov,0.06715668737888336,0.0
920,TargetRidge,0.056093137711286545,RidgeCov,0.07902435213327408,0.022931214421987534,RidgeCov,0.07902435213327408,0.022931214421987534
921,TargetRidge,0.059168558567762375,RidgeCov,0.0959169939160347,0.036748435348272324,RidgeCov,0.0959169939160347,0.036748435348272324
922,TargetRidge,0.06154339388012886,RidgeCov,0.08376225084066391,0.02221885696053505,RidgeCov,0.08376225084066391,0.02221885696053505
923,TargetRidge,0.06786929816007614,RidgeCov,0.07349783927202225,0.005628541111946106,RidgeCov,0.07349783927202225,0.005628541111946106
924,TargetRidge,0.06853687018156052,RidgeCov,0.07642990350723267,0.00789303332567215,RidgeCov,0.07642990350723267,0.00789303332567215
925,TargetRidge,0.06636035442352295,RidgeCov,0.07680702954530716,0.01044667512178421,RidgeCov,0.07680702954530716,0.01044667512178421
926,TargetRidge,0.05789177119731903,RidgeCov,0.06521221250295639,0.00732044130563736,RidgeCov,0.06521221250295639,0.00732044130563736
927,TargetRidge,0.059954483062028885,RidgeCov,0.07658074051141739,0.016626257449388504,RidgeCov,0.07658074051141739,0.016626257449388504
928,TargetRidge,0.0662292018532753,RidgeCov,0.07557132840156555,0.009342126548290253,RidgeCov,0.07557132840156555,0.009342126548290253
929,RidgeCov,0.0876227393746376,TargetRidge,0.11023614555597305,0.02261340618133545,RidgeCov,0.0876227393746376,0.0
930,RidgeCov,0.09308519214391708,TargetRidge,0.09802242368459702,0.004937231540679932,RidgeCov,0.09308519214391708,0.0
931,RidgeCov,0.0701562687754631,TargetRidge,0.11176291853189468,0.04160664975643158,RidgeCov,0.0701562687754631,0.0
932,RidgeCov,0.09301859140396118,TargetRidge,0.1625259667634964,0.06950737535953522,RidgeCov,0.09301859140396118,0.0
933,RidgeCov,0.06622897833585739,TargetRidge,0.12432678788900375,0.05809780955314636,RidgeCov,0.06622897833585739,0.0
934,RidgeCov,0.07211815565824509,TargetRidge,0.1533045917749405,0.0811864361166954,RidgeCov,0.07211815565824509,0.0
935,RidgeCov,0.05851754918694496,TargetRidge,0.14303208887577057,0.0845145434141159,RidgeCov,0.05851754918694496,0.0
936,RidgeCov,0.05584235116839409,TargetRidge,0.1376846879720688,0.0818423330783844,RidgeCov,0.05584235116839409,0.0
937,RidgeCov,0.062480416148900986,TargetRidge,0.1762508749961853,0.11377045512199402,RidgeCov,0.062480416148900986,0.0
938,RidgeCov,0.06620410084724426,TargetRidge,0.2494186908006668,0.18321458995342255,RidgeCov,0.06620410084724426,0.0
939,RidgeCov,0.06097950413823128,TargetRidge,0.23212598264217377,0.1711464822292328,RidgeCov,0.06097950413823128,0.0
940,RidgeCov,0.06459439545869827,TargetRidge,0.28398624062538147,0.2193918526172638,RidgeCov,0.06459439545869827,0.0
941,RidgeCov,0.05521044135093689,TargetRidge,0.33923614025115967,0.2840256989002228,RidgeCov,0.05521044135093689,0.0
942,RidgeCov,0.07442939281463623,TargetRidge,0.3428827226161957,0.26845332980155945,RidgeCov,0.07442939281463623,0.0
943,RidgeCov,0.071456678211689,TargetRidge,0.39531317353248596,0.32385650277137756,RidgeCov,0.071456678211689,0.0
944,RidgeCov,0.07751641422510147,TargetRidge,0.5192330479621887,0.44171664118766785,RidgeCov,0.07751641422510147,0.0
945,RidgeCov,0.08211221545934677,TargetRidge,0.466498464345932,0.38438624143600464,RidgeCov,0.08211221545934677,0.0
946,RidgeCov,0.09048795700073242,TargetRidge,0.5973916053771973,0.5069036483764648,RidgeCov,0.09048795700073242,0.0
947,RidgeCov,0.12528245151042938,TargetRidge,0.542605459690094,0.4173229932785034,RidgeCov,0.12528245151042938,0.0
948,RidgeCov,0.09657326340675354,TargetRidge,0.6279790997505188,0.5314058065414429,RidgeCov,0.09657326340675354,0.0
949,RidgeCov,0.0946582779288292,TargetRidge,0.5660539269447327,0.4713956415653229,RidgeCov,0.0946582779288292,0.0
950,RidgeCov,0.10632767528295517,TargetRidge,0.8264192938804626,0.7200916409492493,RidgeCov,0.10632767528295517,0.0
951,RidgeCov,0.11914307624101639,TargetRidge,0.7202864289283752,0.6011433601379395,RidgeCov,0.11914307624101639,0.0
952,RidgeCov,0.10355913639068604,TargetRidge,0.7519840598106384,0.6484249234199524,RidgeCov,0.10355913639068604,0.0
953,RidgeCov,0.09409049153327942,TargetRidge,0.8196435570716858,0.725553035736084,RidgeCov,0.09409049153327942,0.0
954,RidgeCov,0.1300445944070816,TargetRidge,0.728522002696991,0.5984774231910706,RidgeCov,0.1300445944070816,0.0
955,RidgeCov,0.07449685782194138,EWMSlow,1.0393633842468262,0.9648665189743042,RidgeCov,0.07449685782194138,0.0
956,RidgeCov,0.08942648023366928,TargetRidge,0.9155362248420715,0.826109766960144,RidgeCov,0.08942648023366928,0.0
957,RidgeCov,0.10760267823934555,TargetRidge,1.0897389650344849,0.9821363091468811,RidgeCov,0.10760267823934555,0.0
958,RidgeCov,0.11892006546258926,TargetRidge,0.8814013004302979,0.7624812126159668,RidgeCov,0.11892006546258926,0.0
959,RidgeCov,0.09176149219274521,Persistence,1.1016758680343628,1.0099143981933594,RidgeCov,0.09176149219274521,0.0
960,RidgeCov,0.1001381203532219,TargetRidge,0.9864314198493958,0.8862932920455933,RidgeCov,0.1001381203532219,0.0
961,RidgeCov,0.09144311398267746,TargetRidge,1.0497390031814575,0.9582958817481995,RidgeCov,0.09144311398267746,0.0
962,RidgeCov,0.13837085664272308,TargetRidge,1.0261802673339844,0.8878093957901001,RidgeCov,0.13837085664272308,0.0
963,RidgeCov,0.12467139959335327,TargetRidge,1.109169602394104,0.9844982028007507,RidgeCov,0.12467139959335327,0.0
964,RidgeCov,0.10276279598474503,TargetRidge,1.0209702253341675,0.9182074069976807,RidgeCov,0.10276279598474503,0.0
965,RidgeCov,0.11959650367498398,TargetRidge,0.981087863445282,0.8614913821220398,RidgeCov,0.11959650367498398,0.0
966,RidgeCov,0.12045693397521973,TargetRidge,0.9054411053657532,0.7849841713905334,RidgeCov,0.12045693397521973,0.0
967,RidgeCov,0.12555710971355438,Trend,0.8053972721099854,0.6798401474952698,RidgeCov,0.12555710971355438,0.0
968,RidgeCov,0.11762240529060364,Trend,0.8317707180976868,0.7141482830047607,RidgeCov,0.11762240529060364,0.0
969,RidgeCov,0.13108091056346893,TargetRidge,0.9341223835945129,0.8030414581298828,RidgeCov,0.13108091056346893,0.0
970,RidgeCov,0.12681567668914795,TargetRidge,0.7209272980690002,0.5941116213798523,RidgeCov,0.12681567668914795,0.0
971,RidgeCov,0.11788376420736313,TargetRidge,0.7778832912445068,0.6599995493888855,RidgeCov,0.11788376420736313,0.0
972,RidgeCov,0.17579197883605957,TargetRidge,0.6041430830955505,0.42835110425949097,RidgeCov,0.17579197883605957,0.0
973,RidgeCov,0.10885187983512878,TargetRidge,0.6840386986732483,0.5751868486404419,RidgeCov,0.10885187983512878,0.0
974,RidgeCov,0.12142457813024521,TargetRidge,0.6773145794868469,0.5558900237083435,RidgeCov,0.12142457813024521,0.0
975,RidgeCov,0.10773942619562149,Trend,0.7634403705596924,0.6557009220123291,RidgeCov,0.10773942619562149,0.0
976,RidgeCov,0.12944293022155762,TargetRidge,0.6343380212783813,0.5048950910568237,RidgeCov,0.12944293022155762,0.0
977,RidgeCov,0.10318321734666824,TargetRidge,0.3489917814731598,0.24580857157707214,RidgeCov,0.10318321734666824,0.0
978,RidgeCov,0.13375066220760345,TargetRidge,0.45214104652404785,0.3183903694152832,RidgeCov,0.13375066220760345,0.0
979,RidgeCov,0.10625150054693222,TargetRidge,0.6480324864387512,0.5417810082435608,RidgeCov,0.10625150054693222,0.0
980,RidgeCov,0.10988806933164597,TargetRidge,0.6507135033607483,0.5408254265785217,RidgeCov,0.10988806933164597,0.0
981,RidgeCov,0.10561299324035645,TargetRidge,0.48374930024147034,0.3781363070011139,RidgeCov,0.10561299324035645,0.0
982,RidgeCov,0.10073533654212952,TargetRidge,0.5073675513267517,0.4066322147846222,RidgeCov,0.10073533654212952,0.0
983,RidgeCov,0.11048542708158493,TargetRidge,0.24876892566680908,0.13828349113464355,RidgeCov,0.11048542708158493,0.0
984,RidgeCov,0.10190629214048386,TargetRidge,0.17560207843780518,0.07369578629732132,RidgeCov,0.10190629214048386,0.0
985,RidgeCov,0.08363240957260132,TargetRidge,0.2263869196176529,0.14275451004505157,RidgeCov,0.08363240957260132,0.0
986,RidgeCov,0.10984737426042557,TargetRidge,0.25398287177085876,0.1441355049610138,RidgeCov,0.10984737426042557,0.0
987,RidgeCov,0.10064387321472168,TargetRidge,0.4225864112377167,0.321942538022995,RidgeCov,0.10064387321472168,0.0
988,RidgeCov,0.10989955812692642,TargetRidge,0.4060010015964508,0.296101450920105,RidgeCov,0.10989955812692642,0.0
989,RidgeCov,0.08840757608413696,TargetRidge,0.31575286388397217,0.2273452877998352,RidgeCov,0.08840757608413696,0.0
990,RidgeCov,0.06835760921239853,TargetRidge,0.2260487824678421,0.15769118070602417,RidgeCov,0.06835760921239853,0.0
991,RidgeCov,0.10079750418663025,TargetRidge,0.247518852353096,0.14672134816646576,RidgeCov,0.10079750418663025,0.0
992,RidgeCov,0.07160202413797379,TargetRidge,0.2770012617111206,0.20539924502372742,RidgeCov,0.07160202413797379,0.0
993,RidgeCov,0.08232033997774124,TargetRidge,0.37353959679603577,0.2912192642688751,RidgeCov,0.08232033997774124,0.0
994,RidgeCov,0.06772360950708389,TargetRidge,0.21271847188472748,0.144994854927063,RidgeCov,0.06772360950708389,0.0
995,RidgeCov,0.07269690185785294,TargetRidge,0.2074938267469406,0.13479691743850708,RidgeCov,0.07269690185785294,0.0
996,RidgeCov,0.0663125067949295,TargetRidge,0.2515833079814911,0.18527080118656158,RidgeCov,0.0663125067949295,0.0
997,RidgeCov,0.05748625099658966,TargetRidge,0.24043422937393188,0.18294797837734222,RidgeCov,0.05748625099658966,0.0
998,RidgeCov,0.06354396790266037,TargetRidge,0.23379814624786377,0.1702541708946228,RidgeCov,0.06354396790266037,0.0
999,RidgeCov,0.05516088008880615,TargetRidge,0.3399493992328644,0.2847885191440582,RidgeCov,0.05516088008880615,0.0
1000,RidgeCov,0.06448056548833847,TargetRidge,0.23330575227737427,0.1688251793384552,RidgeCov,0.06448056548833847,0.0
1001,RidgeCov,0.06339669972658157,TargetRidge,0.26669836044311523,0.20330166816711426,RidgeCov,0.06339669972658157,0.0
1002,RidgeCov,0.0736243724822998,TargetRidge,0.2864975929260254,0.21287322044372559,RidgeCov,0.0736243724822998,0.0
1003,RidgeCov,0.05873040854930878,TargetRidge,0.2823753356933594,0.2236449271440506,RidgeCov,0.05873040854930878,0.0
1004,RidgeCov,0.08839579671621323,TargetRidge,0.27840784192085266,0.19001203775405884,RidgeCov,0.08839579671621323,0.0
1005,RidgeCov,0.07782372087240219,TargetRidge,0.28062453866004944,0.20280081033706665,RidgeCov,0.07782372087240219,0.0
1006,RidgeCov,0.08630191534757614,TargetRidge,0.28699925541877747,0.20069733262062073,RidgeCov,0.08630191534757614,0.0
1007,RidgeCov,0.0849972665309906,TargetRidge,0.3201262354850769,0.2351289689540863,RidgeCov,0.0849972665309906,0.0
1008,RidgeCov,0.07682785391807556,TargetRidge,0.346375435590744,0.26954758167266846,RidgeCov,0.07682785391807556,0.0
1009,RidgeCov,0.07725655287504196,TargetRidge,0.3636811673641205,0.2864246070384979,RidgeCov,0.07725655287504196,0.0
1010,RidgeCov,0.06666428595781326,TargetRidge,0.34786558151245117,0.2812013030052185,RidgeCov,0.06666428595781326,0.0
1011,RidgeCov,0.08164758235216141,TargetRidge,0.36783599853515625,0.28618842363357544,RidgeCov,0.08164758235216141,0.0
1012,RidgeCov,0.10836666822433472,TargetRidge,0.3701002299785614,0.2617335617542267,RidgeCov,0.10836666822433472,0.0
1013,RidgeCov,0.09331485629081726,TargetRidge,0.4576423168182373,0.36432746052742004,RidgeCov,0.09331485629081726,0.0
1014,RidgeCov,0.13179312646389008,TargetRidge,0.4014609754085541,0.2696678638458252,RidgeCov,0.13179312646389008,0.0
1015,RidgeCov,0.08830887824296951,TargetRidge,0.4197532832622528,0.3314444124698639,RidgeCov,0.08830887824296951,0.0
1016,RidgeCov,0.07720931619405746,TargetRidge,0.4224003553390503,0.34519103169441223,RidgeCov,0.07720931619405746,0.0
1017,RidgeCov,0.10652077198028564,TargetRidge,0.38967666029930115,0.2831558883190155,RidgeCov,0.10652077198028564,0.0
1018,RidgeCov,0.15608230233192444,TargetRidge,0.44934502243995667,0.2932627201080322,RidgeCov,0.15608230233192444,0.0
1019,RidgeCov,0.13936419785022736,TargetRidge,0.4165377616882324,0.27717357873916626,RidgeCov,0.13936419785022736,0.0
1020,RidgeCov,0.10342369228601456,TargetRidge,0.39959800243377686,0.2961743175983429,RidgeCov,0.10342369228601456,0.0
1021,RidgeCov,0.11537931114435196,TargetRidge,0.43573570251464844,0.3203563988208771,RidgeCov,0.11537931114435196,0.0
1022,RidgeCov,0.10149208456277847,TargetRidge,0.4027773141860962,0.3012852370738983,RidgeCov,0.10149208456277847,0.0
1023,RidgeCov,0.10644278675317764,TargetRidge,0.42766332626342773,0.3212205469608307,RidgeCov,0.10644278675317764,0.0
1024,RidgeCov,0.10712176561355591,TargetRidge,0.4001447856426239,0.293023020029068,RidgeCov,0.10712176561355591,0.0
1025,RidgeCov,0.0906004011631012,TargetRidge,0.41493141651153564,0.32433101534843445,RidgeCov,0.0906004011631012,0.0
1026,RidgeCov,0.103798508644104,TargetRidge,0.4785727560520172,0.3747742474079132,RidgeCov,0.103798508644104,0.0
1027,RidgeCov,0.09742752462625504,TargetRidge,0.4839867353439331,0.38655921816825867,RidgeCov,0.09742752462625504,0.0
1028,RidgeCov,0.09834375232458115,TargetRidge,0.4431757926940918,0.34483203291893005,RidgeCov,0.09834375232458115,0.0
1029,RidgeCov,0.1026487946510315,TargetRidge,0.488921195268631,0.3862724006175995,RidgeCov,0.1026487946510315,0.0
1030,RidgeCov,0.13055716454982758,TargetRidge,0.5067077279090881,0.37615054845809937,RidgeCov,0.13055716454982758,0.0
1031,RidgeCov,0.13190233707427979,TargetRidge,0.5446130037307739,0.41271066665649414,RidgeCov,0.13190233707427979,0.0
1032,RidgeCov,0.13764367997646332,TargetRidge,0.5519216656684875,0.41427797079086304,RidgeCov,0.13764367997646332,0.0
1033,RidgeCov,0.1171293631196022,TargetRidge,0.50143963098526,0.3843102753162384,RidgeCov,0.1171293631196022,0.0
1034,RidgeCov,0.1196684017777443,TargetRidge,0.45952901244163513,0.33986061811447144,RidgeCov,0.1196684017777443,0.0
1035,RidgeCov,0.10681716352701187,TargetRidge,0.7231081128120422,0.6162909269332886,RidgeCov,0.10681716352701187,0.0
1036,RidgeCov,0.11107168346643448,TargetRidge,0.47631537914276123,0.36524370312690735,RidgeCov,0.11107168346643448,0.0
1037,RidgeCov,0.11434832960367203,TargetRidge,0.6851088404655457,0.5707604885101318,RidgeCov,0.11434832960367203,0.0
1038,RidgeCov,0.13235582411289215,TargetRidge,0.7518696784973145,0.6195138692855835,RidgeCov,0.13235582411289215,0.0
1039,RidgeCov,0.1116628646850586,TargetRidge,0.685403048992157,0.5737401843070984,RidgeCov,0.1116628646850586,0.0
1040,RidgeCov,0.11799458414316177,TargetRidge,0.7224953770637512,0.6045007705688477,RidgeCov,0.11799458414316177,0.0
1041,RidgeCov,0.1193234920501709,TargetRidge,0.6407018303871155,0.5213783383369446,RidgeCov,0.1193234920501709,0.0
1042,RidgeCov,0.12600748240947723,TargetRidge,0.6246523261070251,0.4986448287963867,RidgeCov,0.12600748240947723,0.0
1043,RidgeCov,0.12107156962156296,TargetRidge,0.6385994553565979,0.5175278782844543,RidgeCov,0.12107156962156296,0.0
1044,RidgeCov,0.12569530308246613,TargetRidge,0.6242755055427551,0.4985802173614502,RidgeCov,0.12569530308246613,0.0
1045,RidgeCov,0.15364772081375122,TargetRidge,0.6894002556800842,0.535752534866333,RidgeCov,0.15364772081375122,0.0
1046,RidgeCov,0.1264139860868454,TargetRidge,0.5578787326812744,0.4314647316932678,RidgeCov,0.1264139860868454,0.0
1047,RidgeCov,0.14852319657802582,TargetRidge,0.7004688382148743,0.5519456267356873,RidgeCov,0.14852319657802582,0.0
1048,RidgeCov,0.13571585714817047,TargetRidge,0.6438451409339905,0.5081292986869812,RidgeCov,0.13571585714817047,0.0
1049,RidgeCov,0.15120993554592133,TargetRidge,0.6092267632484436,0.4580168128013611,RidgeCov,0.15120993554592133,0.0
1050,RidgeCov,0.1414620280265808,TargetRidge,0.6350627541542053,0.4936007261276245,RidgeCov,0.1414620280265808,0.0
1051,RidgeCov,0.13022679090499878,TargetRidge,0.6376955509185791,0.5074687600135803,RidgeCov,0.13022679090499878,0.0
1052,RidgeCov,0.15571200847625732,TargetRidge,0.6305240988731384,0.4748120903968811,RidgeCov,0.15571200847625732,0.0
1053,RidgeCov,0.12426839023828506,TargetRidge,0.5869484543800354,0.46268007159233093,RidgeCov,0.12426839023828506,0.0
1054,RidgeCov,0.1345934420824051,TargetRidge,0.5899259448051453,0.45533251762390137,RidgeCov,0.1345934420824051,0.0
1055,RidgeCov,0.12644639611244202,TargetRidge,0.7462720274925232,0.6198256015777588,RidgeCov,0.12644639611244202,0.0
1056,RidgeCov,0.1390252262353897,TargetRidge,0.6424732804298401,0.5034480690956116,RidgeCov,0.1390252262353897,0.0
1057,RidgeCov,0.10947921127080917,TargetRidge,0.6892148852348328,0.5797356963157654,RidgeCov,0.10947921127080917,0.0
1058,RidgeCov,0.13065733015537262,TargetRidge,0.7112479209899902,0.5805906057357788,RidgeCov,0.13065733015537262,0.0
1059,RidgeCov,0.12538224458694458,TargetRidge,0.6058676838874817,0.4804854393005371,RidgeCov,0.12538224458694458,0.0
1060,RidgeCov,0.14014028012752533,TargetRidge,0.636886715888977,0.4967464208602905,RidgeCov,0.14014028012752533,0.0
1061,RidgeCov,0.12726269662380219,TargetRidge,0.7574302554130554,0.630167543888092,RidgeCov,0.12726269662380219,0.0
1062,RidgeCov,0.1222500205039978,TargetRidge,0.670917809009552,0.5486677885055542,RidgeCov,0.1222500205039978,0.0
1063,RidgeCov,0.11888013035058975,TargetRidge,0.7816243171691895,0.6627441644668579,RidgeCov,0.11888013035058975,0.0
1064,RidgeCov,0.14847911894321442,TargetRidge,0.7906694412231445,0.6421903371810913,RidgeCov,0.14847911894321442,0.0
1065,RidgeCov,0.14741528034210205,TargetRidge,0.7106471657752991,0.563231885433197,RidgeCov,0.14741528034210205,0.0
1066,RidgeCov,0.11407843977212906,TargetRidge,0.6089545488357544,0.49487611651420593,RidgeCov,0.11407843977212906,0.0
1067,RidgeCov,0.11724694818258286,TargetRidge,0.702423632144928,0.5851767063140869,RidgeCov,0.11724694818258286,0.0
1068,RidgeCov,0.1315068155527115,TargetRidge,0.7733433246612549,0.6418365240097046,RidgeCov,0.1315068155527115,0.0
1069,RidgeCov,0.12246239930391312,TargetRidge,0.5118492245674133,0.3893868327140808,RidgeCov,0.12246239930391312,0.0
1070,RidgeCov,0.14525540173053741,TargetRidge,0.5853166580200195,0.4400612711906433,RidgeCov,0.14525540173053741,0.0
1071,RidgeCov,0.10950692743062973,TargetRidge,0.4803527891635895,0.37084585428237915,RidgeCov,0.10950692743062973,0.0
1072,RidgeCov,0.12405014038085938,TargetRidge,0.5202187299728394,0.39616858959198,RidgeCov,0.12405014038085938,0.0
1073,RidgeCov,0.12340971827507019,TargetRidge,0.491959810256958,0.3685500919818878,RidgeCov,0.12340971827507019,0.0
1074,RidgeCov,0.11688961833715439,TargetRidge,0.5072869658470154,0.3903973400592804,RidgeCov,0.11688961833715439,0.0
1075,RidgeCov,0.1041489839553833,TargetRidge,0.5010276436805725,0.3968786597251892,RidgeCov,0.1041489839553833,0.0
1076,RidgeCov,0.102107934653759,TargetRidge,0.40770578384399414,0.30559784173965454,RidgeCov,0.102107934653759,0.0
1077,RidgeCov,0.11318220943212509,TargetRidge,0.3630104064941406,0.24982818961143494,RidgeCov,0.11318220943212509,0.0
1078,RidgeCov,0.0887417420744896,TargetRidge,0.40466535091400146,0.3159236013889313,RidgeCov,0.0887417420744896,0.0
1079,RidgeCov,0.08141126483678818,TargetRidge,0.4803631603717804,0.3989518880844116,RidgeCov,0.08141126483678818,0.0
1080,RidgeCov,0.09544204920530319,TargetRidge,0.41482457518577576,0.31938251852989197,RidgeCov,0.09544204920530319,0.0
1081,RidgeCov,0.09139636904001236,TargetRidge,0.30835333466529846,0.2169569730758667,RidgeCov,0.09139636904001236,0.0
1082,RidgeCov,0.10054870694875717,TargetRidge,0.3571373522281647,0.2565886378288269,RidgeCov,0.10054870694875717,0.0
1083,RidgeCov,0.10719197988510132,TargetRidge,0.3033759891986847,0.19618400931358337,RidgeCov,0.10719197988510132,0.0
1084,RidgeCov,0.08752704411745071,TargetRidge,0.2673918306827545,0.1798647940158844,RidgeCov,0.08752704411745071,0.0
1085,RidgeCov,0.08030703663825989,TargetRidge,0.332425057888031,0.2521180212497711,RidgeCov,0.08030703663825989,0.0
1086,RidgeCov,0.0702512264251709,TargetRidge,0.2997482717037201,0.2294970452785492,RidgeCov,0.0702512264251709,0.0
1087,RidgeCov,0.07334498316049576,TargetRidge,0.24454160034656525,0.1711966097354889,RidgeCov,0.07334498316049576,0.0
1088,RidgeCov,0.07478486746549606,TargetRidge,0.23306505382061005,0.15828019380569458,RidgeCov,0.07478486746549606,0.0
1089,RidgeCov,0.0641835406422615,TargetRidge,0.23915903270244598,0.17497548460960388,RidgeCov,0.0641835406422615,0.0
1090,RidgeCov,0.06996456533670425,TargetRidge,0.21806319057941437,0.14809861779212952,RidgeCov,0.06996456533670425,0.0
1091,RidgeCov,0.06800266355276108,TargetRidge,0.2217857390642166,0.15378308296203613,RidgeCov,0.06800266355276108,0.0
1092,RidgeCov,0.06955263763666153,TargetRidge,0.2234165221452713,0.15386387705802917,RidgeCov,0.06955263763666153,0.0
1093,RidgeCov,0.07187413424253464,TargetRidge,0.18485355377197266,0.11297941952943802,RidgeCov,0.07187413424253464,0.0
1094,RidgeCov,0.06876357644796371,TargetRidge,0.18349628150463104,0.11473270505666733,RidgeCov,0.06876357644796371,0.0
1095,RidgeCov,0.06990629434585571,TargetRidge,0.17146234214305878,0.10155604779720306,RidgeCov,0.06990629434585571,0.0
1096,RidgeCov,0.06445824354887009,TargetRidge,0.16769273579120636,0.10323449224233627,RidgeCov,0.06445824354887009,0.0
1097,RidgeCov,0.06749149411916733,TargetRidge,0.1628856211900711,0.09539412707090378,RidgeCov,0.06749149411916733,0.0
1098,RidgeCov,0.06852109730243683,TargetRidge,0.17456389963626862,0.10604280233383179,RidgeCov,0.06852109730243683,0.0
1099,RidgeCov,0.06312396377325058,TargetRidge,0.15777017176151276,0.09464620798826218,RidgeCov,0.06312396377325058,0.0
1100,RidgeCov,0.06615760177373886,TargetRidge,0.15662755072116852,0.09046994894742966,RidgeCov,0.06615760177373886,0.0
1101,RidgeCov,0.07049506157636642,TargetRidge,0.16047035157680511,0.08997529000043869,RidgeCov,0.07049506157636642,0.0
1102,RidgeCov,0.07512331753969193,TargetRidge,0.16732747852802277,0.09220416098833084,RidgeCov,0.07512331753969193,0.0
1103,RidgeCov,0.07263185828924179,TargetRidge,0.1652461737394333,0.0926143154501915,RidgeCov,0.07263185828924179,0.0
1104,RidgeCov,0.07078788429498672,TargetRidge,0.1752147227525711,0.10442683845758438,RidgeCov,0.07078788429498672,0.0
1105,RidgeCov,0.06780675798654556,TargetRidge,0.18749849498271942,0.11969173699617386,RidgeCov,0.06780675798654556,0.0
1106,RidgeCov,0.07495688647031784,TargetRidge,0.1879410296678543,0.11298414319753647,RidgeCov,0.07495688647031784,0.0
1107,RidgeCov,0.07217586040496826,TargetRidge,0.19729872047901154,0.12512286007404327,RidgeCov,0.07217586040496826,0.0
1108,RidgeCov,0.07334010303020477,TargetRidge,0.20222939550876617,0.1288892924785614,RidgeCov,0.07334010303020477,0.0
1109,RidgeCov,0.07582644373178482,TargetRidge,0.20346194505691528,0.12763550877571106,RidgeCov,0.07582644373178482,0.0
1110,RidgeCov,0.07228782027959824,TargetRidge,0.22003762423992157,0.14774981141090393,RidgeCov,0.07228782027959824,0.0
1111,RidgeCov,0.07900411635637283,TargetRidge,0.23982612788677216,0.16082200407981873,RidgeCov,0.07900411635637283,0.0
1112,RidgeCov,0.07643025368452072,TargetRidge,0.24002878367900848,0.16359853744506836,RidgeCov,0.07643025368452072,0.0
1113,RidgeCov,0.07372478395700455,TargetRidge,0.24519722163677216,0.171472430229187,RidgeCov,0.07372478395700455,0.0
1114,RidgeCov,0.07627763599157333,TargetRidge,0.25120410323143005,0.17492645978927612,RidgeCov,0.07627763599157333,0.0
1115,RidgeCov,0.0675908550620079,TargetRidge,0.252553254365921,0.18496239185333252,RidgeCov,0.0675908550620079,0.0
1116,RidgeCov,0.0803508386015892,TargetRidge,0.2797648012638092,0.1994139552116394,RidgeCov,0.0803508386015892,0.0
1117,RidgeCov,0.07623668760061264,TargetRidge,0.2549804151058197,0.17874372005462646,RidgeCov,0.07623668760061264,0.0
1118,RidgeCov,0.06950153410434723,TargetRidge,0.29660651087760925,0.22710497677326202,RidgeCov,0.06950153410434723,0.0
1119,RidgeCov,0.06984853744506836,TargetRidge,0.30261120200157166,0.2327626645565033,RidgeCov,0.06984853744506836,0.0
1120,RidgeCov,0.06891908496618271,TargetRidge,0.2932213544845581,0.2243022620677948,RidgeCov,0.06891908496618271,0.0
1121,RidgeCov,0.07276937365531921,TargetRidge,0.32743948698043823,0.254670113325119,RidgeCov,0.07276937365531921,0.0
1122,RidgeCov,0.07311934232711792,TargetRidge,0.33806392550468445,0.26494458317756653,RidgeCov,0.07311934232711792,0.0
1123,RidgeCov,0.07200127094984055,TargetRidge,0.3328499495983124,0.26084867119789124,RidgeCov,0.07200127094984055,0.0
1124,RidgeCov,0.07679256051778793,TargetRidge,0.36979761719703674,0.2930050492286682,RidgeCov,0.07679256051778793,0.0
1125,RidgeCov,0.0695422813296318,TargetRidge,0.36922797560691833,0.29968568682670593,RidgeCov,0.0695422813296318,0.0
1126,RidgeCov,0.06593874841928482,TargetRidge,0.4084096848964691,0.3424709439277649,RidgeCov,0.06593874841928482,0.0
1127,RidgeCov,0.06726567447185516,TargetRidge,0.38475045561790466,0.3174847960472107,RidgeCov,0.06726567447185516,0.0
1128,RidgeCov,0.06704679131507874,TargetRidge,0.37805140018463135,0.3110046088695526,RidgeCov,0.06704679131507874,0.0
1129,RidgeCov,0.06607946008443832,TargetRidge,0.4019789695739746,0.3358995020389557,RidgeCov,0.06607946008443832,0.0
1130,RidgeCov,0.0727560743689537,TargetRidge,0.4274582862854004,0.3547022044658661,RidgeCov,0.0727560743689537,0.0
1131,RidgeCov,0.07011006027460098,TargetRidge,0.42417487502098083,0.35406482219696045,RidgeCov,0.07011006027460098,0.0
1132,RidgeCov,0.07065852731466293,TargetRidge,0.45148834586143494,0.3808298110961914,RidgeCov,0.07065852731466293,0.0
1133,RidgeCov,0.07762163877487183,TargetRidge,0.4555615484714508,0.377939909696579,RidgeCov,0.07762163877487183,0.0
1134,RidgeCov,0.0840182974934578,TargetRidge,0.4329444468021393,0.3489261567592621,RidgeCov,0.0840182974934578,0.0
1135,RidgeCov,0.08124224096536636,TargetRidge,0.46984902024269104,0.3886067867279053,RidgeCov,0.08124224096536636,0.0
1136,RidgeCov,0.09063122421503067,TargetRidge,0.43653473258018494,0.34590351581573486,RidgeCov,0.09063122421503067,0.0
1137,RidgeCov,0.09443245083093643,TargetRidge,0.40228116512298584,0.30784872174263,RidgeCov,0.09443245083093643,0.0
1138,RidgeCov,0.09068522602319717,TargetRidge,0.41573476791381836,0.3250495493412018,RidgeCov,0.09068522602319717,0.0
1139,RidgeCov,0.09014181047677994,TargetRidge,0.38495197892189026,0.2948101758956909,RidgeCov,0.09014181047677994,0.0
1140,RidgeCov,0.0904071107506752,TargetRidge,0.3929100036621094,0.30250290036201477,RidgeCov,0.0904071107506752,0.0
1141,RidgeCov,0.09557629376649857,TargetRidge,0.35988011956214905,0.2643038332462311,RidgeCov,0.09557629376649857,0.0
1142,RidgeCov,0.08493513613939285,TargetRidge,0.383800745010376,0.2988656163215637,RidgeCov,0.08493513613939285,0.0
1143,RidgeCov,0.09314068406820297,TargetRidge,0.42505550384521484,0.3319148123264313,RidgeCov,0.09314068406820297,0.0
1144,RidgeCov,0.11189071089029312,TargetRidge,0.4429566562175751,0.33106595277786255,RidgeCov,0.11189071089029312,0.0
1145,RidgeCov,0.08631742000579834,TargetRidge,0.39928293228149414,0.3129655122756958,RidgeCov,0.08631742000579834,0.0
1146,RidgeCov,0.07844772934913635,TargetRidge,0.37046560645103455,0.2920178771018982,RidgeCov,0.07844772934913635,0.0
1147,RidgeCov,0.06616993248462677,TargetRidge,0.3326103389263153,0.26644039154052734,RidgeCov,0.06616993248462677,0.0
1148,RidgeCov,0.08261885493993759,TargetRidge,0.35296404361724854,0.27034518122673035,RidgeCov,0.08261885493993759,0.0
1149,RidgeCov,0.07795298844575882,TargetRidge,0.2964283227920532,0.218475341796875,RidgeCov,0.07795298844575882,0.0
1150,RidgeCov,0.0600893460214138,TargetRidge,0.18819890916347504,0.12810955941677094,RidgeCov,0.0600893460214138,0.0
1151,RidgeCov,0.07355476170778275,TargetRidge,0.17569296061992645,0.10213819891214371,RidgeCov,0.07355476170778275,0.0
1152,RidgeCov,0.08476009964942932,TargetRidge,0.13566134870052338,0.050901249051094055,RidgeCov,0.08476009964942932,0.0
1153,RidgeCov,0.07789092510938644,TargetRidge,0.20746152102947235,0.1295706033706665,RidgeCov,0.07789092510938644,0.0
1154,RidgeCov,0.09050723165273666,TargetRidge,0.16728220880031586,0.0767749771475792,RidgeCov,0.09050723165273666,0.0
1155,RidgeCov,0.07443062961101532,TargetRidge,0.2232545018196106,0.14882387220859528,RidgeCov,0.07443062961101532,0.0
1156,RidgeCov,0.07355906814336777,TargetRidge,0.1666242778301239,0.09306520968675613,RidgeCov,0.07355906814336777,0.0
1157,RidgeCov,0.08210741728544235,TargetRidge,0.13127078115940094,0.04916336387395859,RidgeCov,0.08210741728544235,0.0
1158,RidgeCov,0.07926130294799805,TargetRidge,0.0918363556265831,0.012575052678585052,RidgeCov,0.07926130294799805,0.0
1159,RidgeCov,0.07849171757698059,TargetRidge,0.09474525600671768,0.01625353842973709,RidgeCov,0.07849171757698059,0.0
1160,TargetRidge,0.09178409725427628,RidgeCov,0.09381095319986343,0.002026855945587158,RidgeCov,0.09381095319986343,0.002026855945587158
1161,RidgeCov,0.07095127552747726,TargetRidge,0.09393036365509033,0.022979088127613068,RidgeCov,0.07095127552747726,0.0
1162,RidgeCov,0.08478537201881409,TargetRidge,0.09812823683023453,0.01334286481142044,RidgeCov,0.08478537201881409,0.0
1163,RidgeCov,0.05958862230181694,TargetRidge,0.11034375429153442,0.050755131989717484,RidgeCov,0.05958862230181694,0.0
1164,RidgeCov,0.09708899259567261,TargetRidge,0.13728755712509155,0.040198564529418945,RidgeCov,0.09708899259567261,0.0
1165,RidgeCov,0.09177583456039429,TargetRidge,0.12691974639892578,0.035143911838531494,RidgeCov,0.09177583456039429,0.0
1166,RidgeCov,0.10974732786417007,TargetRidge,0.11748944967985153,0.0077421218156814575,RidgeCov,0.10974732786417007,0.0
1167,RidgeCov,0.10174626111984253,TargetRidge,0.12338930368423462,0.02164304256439209,RidgeCov,0.10174626111984253,0.0
1168,RidgeCov,0.11928439140319824,TargetRidge,0.13037468492984772,0.011090293526649475,RidgeCov,0.11928439140319824,0.0
1169,RidgeCov,0.09952279180288315,TargetRidge,0.1728518009185791,0.07332900911569595,RidgeCov,0.09952279180288315,0.0
1170,RidgeCov,0.08490011841058731,TargetRidge,0.17126500606536865,0.08636488765478134,RidgeCov,0.08490011841058731,0.0
1171,RidgeCov,0.1142350360751152,TargetRidge,0.17420823872089386,0.059973202645778656,RidgeCov,0.1142350360751152,0.0
1172,RidgeCov,0.08830869197845459,TargetRidge,0.2517448663711548,0.1634361743927002,RidgeCov,0.08830869197845459,0.0
1173,RidgeCov,0.09558519721031189,TargetRidge,0.22195951640605927,0.12637431919574738,RidgeCov,0.09558519721031189,0.0
1174,RidgeCov,0.12005186080932617,TargetRidge,0.22020240128040314,0.10015054047107697,RidgeCov,0.12005186080932617,0.0
1175,RidgeCov,0.11350488662719727,MeanRevertSlow,0.29209625720977783,0.17859137058258057,RidgeCov,0.11350488662719727,0.0
1176,RidgeCov,0.16900038719177246,TargetRidge,0.22880105674266815,0.05980066955089569,RidgeCov,0.16900038719177246,0.0
1177,RidgeCov,0.16760636866092682,MeanRevertSlow,0.2728235721588135,0.10521720349788666,RidgeCov,0.16760636866092682,0.0
1178,RidgeCov,0.06625717878341675,TargetRidge,0.24831557273864746,0.1820583939552307,RidgeCov,0.06625717878341675,0.0
1179,RidgeCov,0.0751427635550499,MeanRevertSlow,0.2828821837902069,0.20773941278457642,RidgeCov,0.0751427635550499,0.0
1180,RidgeCov,0.05421464145183563,TargetRidge,0.2754150331020355,0.2212003916501999,RidgeCov,0.05421464145183563,0.0
1181,RidgeCov,0.06509260833263397,MeanRevertSlow,0.27939572930336,0.214303120970726,RidgeCov,0.06509260833263397,0.0
1182,RidgeCov,0.12079086899757385,TargetRidge,0.2705589234828949,0.14976805448532104,RidgeCov,0.12079086899757385,0.0
1183,RidgeCov,0.12217750400304794,MeanRevertSlow,0.20296047627925873,0.08078297227621078,RidgeCov,0.12217750400304794,0.0
1184,RidgeCov,0.08712432533502579,TargetRidge,0.2722700834274292,0.185145765542984,RidgeCov,0.08712432533502579,0.0
1185,RidgeCov,0.08466103672981262,MeanRevertSlow,0.22669601440429688,0.14203497767448425,RidgeCov,0.08466103672981262,0.0
1186,RidgeCov,0.06704514473676682,MeanRevertSlow,0.22434048354625702,0.1572953462600708,RidgeCov,0.06704514473676682,0.0
1187,RidgeCov,0.07197844982147217,MeanRevertSlow,0.2305978387594223,0.15861938893795013,RidgeCov,0.07197844982147217,0.0
1188,RidgeCov,0.07988771051168442,MeanRevertSlow,0.252450555562973,0.172562837600708,RidgeCov,0.07988771051168442,0.0
1189,RidgeCov,0.06195773184299469,MeanRevertSlow,0.2900078296661377,0.228050097823143,RidgeCov,0.06195773184299469,0.0
1190,RidgeCov,0.046195223927497864,TargetRidge,0.25394126772880554,0.20774604380130768,RidgeCov,0.046195223927497864,0.0
1191,RidgeCov,0.05502760410308838,MeanRevertSlow,0.2476801872253418,0.19265258312225342,RidgeCov,0.05502760410308838,0.0
1192,RidgeCov,0.12309578061103821,MeanRevertSlow,0.27452898025512695,0.15143319964408875,RidgeCov,0.12309578061103821,0.0
1193,RidgeCov,0.07932595163583755,MeanRevertSlow,0.27059900760650635,0.1912730634212494,RidgeCov,0.07932595163583755,0.0
1194,RidgeCov,0.10252636671066284,MeanRevertSlow,0.2903592884540558,0.18783292174339294,RidgeCov,0.10252636671066284,0.0
1195,RidgeCov,0.060790032148361206,TargetRidge,0.20988838374614716,0.14909835159778595,RidgeCov,0.060790032148361206,0.0
1196,RidgeCov,0.06740636378526688,TargetRidge,0.153191477060318,0.08578511327505112,RidgeCov,0.06740636378526688,0.0
1197,RidgeCov,0.11862912029027939,TargetRidge,0.16732250154018402,0.04869338124990463,RidgeCov,0.11862912029027939,0.0
1198,RidgeCov,0.0739508792757988,TargetRidge,0.13277876377105713,0.05882788449525833,RidgeCov,0.0739508792757988,0.0
1199,RidgeCov,0.07670027762651443,TargetRidge,0.15842892229557037,0.08172864466905594,RidgeCov,0.07670027762651443,0.0
1200,RidgeCov,0.05605520308017731,TargetRidge,0.2824549674987793,0.226399764418602,RidgeCov,0.05605520308017731,0.0
1201,RidgeCov,0.058701593428850174,TargetRidge,0.1824880987405777,0.12378650903701782,RidgeCov,0.058701593428850174,0.0
1202,RidgeCov,0.06597497314214706,TargetRidge,0.19011478126049042,0.12413980811834335,RidgeCov,0.06597497314214706,0.0
1203,RidgeCov,0.08855754137039185,TargetRidge,0.13128332793712616,0.042725786566734314,RidgeCov,0.08855754137039185,0.0
1204,RidgeCov,0.06757286190986633,TargetRidge,0.07578756660223007,0.008214704692363739,RidgeCov,0.06757286190986633,0.0
1205,RidgeCov,0.055601995438337326,TargetRidge,0.0775442123413086,0.021942216902971268,RidgeCov,0.055601995438337326,0.0
1206,RidgeCov,0.0713580772280693,TargetRidge,0.08460801094770432,0.01324993371963501,RidgeCov,0.0713580772280693,0.0
1207,RidgeCov,0.06759971380233765,TargetRidge,0.07008297741413116,0.002483263611793518,RidgeCov,0.06759971380233765,0.0
1208,RidgeCov,0.06694469600915909,TargetRidge,0.07124864310026169,0.0043039470911026,RidgeCov,0.06694469600915909,0.0
1209,TargetRidge,0.05790817737579346,RidgeCov,0.0625491663813591,0.004640989005565643,RidgeCov,0.0625491663813591,0.004640989005565643
1210,TargetRidge,0.04934803768992424,RidgeCov,0.059829819947481155,0.010481782257556915,RidgeCov,0.059829819947481155,0.010481782257556915
1211,TargetRidge,0.05845065042376518,RidgeCov,0.07946234196424484,0.02101169154047966,RidgeCov,0.07946234196424484,0.02101169154047966
1212,TargetRidge,0.06186474487185478,RidgeCov,0.06279624253511429,0.0009314976632595062,RidgeCov,0.06279624253511429,0.0009314976632595062
1213,TargetRidge,0.049146618694067,RidgeCov,0.07347659021615982,0.02432997152209282,RidgeCov,0.07347659021615982,0.02432997152209282
1214,TargetRidge,0.04967654123902321,RidgeCov,0.05605698749423027,0.006380446255207062,RidgeCov,0.05605698749423027,0.006380446255207062
1215,TargetRidge,0.05807889625430107,RidgeCov,0.060188114643096924,0.0021092183887958527,RidgeCov,0.060188114643096924,0.0021092183887958527
1216,RidgeCov,0.055038195103406906,TargetRidge,0.06127651408314705,0.006238318979740143,RidgeCov,0.055038195103406906,0.0
1217,TargetRidge,0.058792661875486374,RidgeCov,0.06328560411930084,0.004492942243814468,RidgeCov,0.06328560411930084,0.004492942243814468
1218,RidgeCov,0.07445155084133148,TargetRidge,0.14224690198898315,0.06779535114765167,RidgeCov,0.07445155084133148,0.0
1219,TargetRidge,0.06962462514638901,RidgeCov,0.09631264209747314,0.026688016951084137,RidgeCov,0.09631264209747314,0.026688016951084137
1220,RidgeCov,0.05542824789881706,TargetRidge,0.085618756711483,0.03019050881266594,RidgeCov,0.05542824789881706,0.0
1221,RidgeCov,0.04709671065211296,TargetRidge,0.11905306577682495,0.07195635139942169,RidgeCov,0.04709671065211296,0.0
1222,RidgeCov,0.08331737667322159,TargetRidge,0.11403214931488037,0.030714772641658783,RidgeCov,0.08331737667322159,0.0
1223,RidgeCov,0.05220034718513489,TargetRidge,0.1294570118188858,0.07725666463375092,RidgeCov,0.05220034718513489,0.0
1224,RidgeCov,0.057850271463394165,TargetRidge,0.14259709417819977,0.0847468227148056,RidgeCov,0.057850271463394165,0.0
1225,RidgeCov,0.05755032226443291,TargetRidge,0.1751997023820877,0.1176493763923645,RidgeCov,0.05755032226443291,0.0
1226,RidgeCov,0.05421677604317665,TargetRidge,0.27882885932922363,0.22461208701133728,RidgeCov,0.05421677604317665,0.0
1227,RidgeCov,0.057457443326711655,TargetRidge,0.2409868985414505,0.18352945148944855,RidgeCov,0.057457443326711655,0.0
1228,RidgeCov,0.057107359170913696,TargetRidge,0.26524025201797485,0.20813289284706116,RidgeCov,0.057107359170913696,0.0
1229,RidgeCov,0.06618783622980118,TargetRidge,0.2708958387374878,0.2047080099582672,RidgeCov,0.06618783622980118,0.0
1230,RidgeCov,0.05447683855891228,TargetRidge,0.42863330245018005,0.37415647506713867,RidgeCov,0.05447683855891228,0.0
1231,RidgeCov,0.06397176533937454,TargetRidge,0.40414929389953613,0.3401775360107422,RidgeCov,0.06397176533937454,0.0
1232,RidgeCov,0.08442125469446182,TargetRidge,0.4343763291835785,0.34995508193969727,RidgeCov,0.08442125469446182,0.0
1233,RidgeCov,0.0743953138589859,TargetRidge,0.47303882241249084,0.39864349365234375,RidgeCov,0.0743953138589859,0.0
1234,RidgeCov,0.07506707310676575,TargetRidge,0.473884254693985,0.39881718158721924,RidgeCov,0.07506707310676575,0.0
1235,RidgeCov,0.05896558240056038,TargetRidge,0.6052713990211487,0.5463058352470398,RidgeCov,0.05896558240056038,0.0
1236,RidgeCov,0.07318753749132156,TargetRidge,0.7161264419555664,0.6429389119148254,RidgeCov,0.07318753749132156,0.0
1237,RidgeCov,0.06742673367261887,TargetRidge,0.46969619393348694,0.4022694528102875,RidgeCov,0.06742673367261887,0.0
1238,RidgeCov,0.08380893617868423,TargetRidge,0.7161197662353516,0.6323108077049255,RidgeCov,0.08380893617868423,0.0
1239,RidgeCov,0.07185077667236328,TargetRidge,0.8319855332374573,0.760134756565094,RidgeCov,0.07185077667236328,0.0
1240,RidgeCov,0.08231598138809204,TargetRidge,0.7484229207038879,0.6661069393157959,RidgeCov,0.08231598138809204,0.0
1241,RidgeCov,0.08529609441757202,TargetRidge,0.9537952542304993,0.8684991598129272,RidgeCov,0.08529609441757202,0.0
1242,RidgeCov,0.061426129192113876,TargetRidge,0.8125343322753906,0.7511082291603088,RidgeCov,0.061426129192113876,0.0
1243,RidgeCov,0.09028329700231552,EWMSlow,0.9766345620155334,0.8863512873649597,RidgeCov,0.09028329700231552,0.0
1244,RidgeCov,0.08342283964157104,TargetRidge,0.8478468060493469,0.7644239664077759,RidgeCov,0.08342283964157104,0.0
1245,RidgeCov,0.0779808983206749,ZeroPred,1.049270749092102,0.971289873123169,RidgeCov,0.0779808983206749,0.0
1246,RidgeCov,0.09307000041007996,TargetRidge,0.8508625626564026,0.757792592048645,RidgeCov,0.09307000041007996,0.0
1247,RidgeCov,0.10183494538068771,TargetRidge,0.8489579558372498,0.7471230030059814,RidgeCov,0.10183494538068771,0.0
1248,RidgeCov,0.06574970483779907,TargetRidge,0.9978416562080383,0.9320919513702393,RidgeCov,0.06574970483779907,0.0
1249,RidgeCov,0.08352748304605484,TargetRidge,0.9426074624061584,0.8590799570083618,RidgeCov,0.08352748304605484,0.0
1250,RidgeCov,0.0732673779129982,TargetRidge,0.938758373260498,0.8654909729957581,RidgeCov,0.0732673779129982,0.0
1251,RidgeCov,0.07934709638357162,TargetRidge,0.9686289429664612,0.8892818689346313,RidgeCov,0.07934709638357162,0.0
1252,RidgeCov,0.08838582783937454,Trend,0.9035719037055969,0.815186083316803,RidgeCov,0.08838582783937454,0.0
1253,RidgeCov,0.07607622444629669,TargetRidge,0.9876899719238281,0.9116137623786926,RidgeCov,0.07607622444629669,0.0
1254,RidgeCov,0.08392646908760071,Trend,0.7435803413391113,0.659653902053833,RidgeCov,0.08392646908760071,0.0
1255,RidgeCov,0.07616520673036575,Trend,0.5481829047203064,0.47201770544052124,RidgeCov,0.07616520673036575,0.0
1256,RidgeCov,0.07852388173341751,Trend,0.5022764801979065,0.4237526059150696,RidgeCov,0.07852388173341751,0.0
1257,RidgeCov,0.07136908918619156,Trend,0.7540947794914246,0.6827256679534912,RidgeCov,0.07136908918619156,0.0
1258,RidgeCov,0.08065246790647507,TargetRidge,0.7637057304382324,0.6830532550811768,RidgeCov,0.08065246790647507,0.0
1259,RidgeCov,0.0811077132821083,TargetRidge,0.7237337231636047,0.6426259875297546,RidgeCov,0.0811077132821083,0.0
1260,RidgeCov,0.09591744095087051,TargetRidge,0.6657312512397766,0.5698137879371643,RidgeCov,0.09591744095087051,0.0
1261,RidgeCov,0.095123790204525,Trend,0.6615587472915649,0.5664349794387817,RidgeCov,0.095123790204525,0.0
1262,RidgeCov,0.07393952459096909,TargetRidge,0.686761200428009,0.6128216981887817,RidgeCov,0.07393952459096909,0.0
1263,RidgeCov,0.07402095198631287,TargetRidge,0.64789879322052,0.5738778114318848,RidgeCov,0.07402095198631287,0.0
1264,RidgeCov,0.07674046605825424,TargetRidge,0.5787971615791321,0.5020567178726196,RidgeCov,0.07674046605825424,0.0
1265,RidgeCov,0.09184291213750839,TargetRidge,0.39372965693473816,0.30188673734664917,RidgeCov,0.09184291213750839,0.0
1266,RidgeCov,0.10127994418144226,TargetRidge,0.4662999212741852,0.3650199770927429,RidgeCov,0.10127994418144226,0.0
1267,RidgeCov,0.09452325105667114,TargetRidge,0.4588741064071655,0.3643508553504944,RidgeCov,0.09452325105667114,0.0
1268,RidgeCov,0.1256416290998459,TargetRidge,0.4816845953464508,0.3560429811477661,RidgeCov,0.1256416290998459,0.0
1269,RidgeCov,0.10227462649345398,TargetRidge,0.42543530464172363,0.32316067814826965,RidgeCov,0.10227462649345398,0.0
1270,RidgeCov,0.1058129295706749,TargetRidge,0.32760974764823914,0.22179681062698364,RidgeCov,0.1058129295706749,0.0
1271,RidgeCov,0.07974303513765335,TargetRidge,0.30183902382850647,0.22209599614143372,RidgeCov,0.07974303513765335,0.0
1272,RidgeCov,0.10045530647039413,TargetRidge,0.187006875872612,0.08655156940221786,RidgeCov,0.10045530647039413,0.0
1273,RidgeCov,0.08251956105232239,TargetRidge,0.18358345329761505,0.10106389224529266,RidgeCov,0.08251956105232239,0.0
1274,RidgeCov,0.10905329138040543,TargetRidge,0.3012828230857849,0.19222953915596008,RidgeCov,0.10905329138040543,0.0
1275,RidgeCov,0.07932523638010025,TargetRidge,0.4017044007778168,0.3223791718482971,RidgeCov,0.07932523638010025,0.0
1276,RidgeCov,0.0800173208117485,TargetRidge,0.3785625994205475,0.2985452711582184,RidgeCov,0.0800173208117485,0.0
1277,RidgeCov,0.07621397823095322,TargetRidge,0.2593002915382385,0.1830863058567047,RidgeCov,0.07621397823095322,0.0
1278,RidgeCov,0.08393498510122299,TargetRidge,0.2303469330072403,0.1464119553565979,RidgeCov,0.08393498510122299,0.0
1279,RidgeCov,0.09678228944540024,TargetRidge,0.3314867317676544,0.23470443487167358,RidgeCov,0.09678228944540024,0.0
1280,RidgeCov,0.10714166611433029,TargetRidge,0.2031758576631546,0.09603419154882431,RidgeCov,0.10714166611433029,0.0
1281,RidgeCov,0.09506133943796158,TargetRidge,0.3037235140800476,0.20866218209266663,RidgeCov,0.09506133943796158,0.0
1282,RidgeCov,0.08314758539199829,TargetRidge,0.2476307898759842,0.1644832044839859,RidgeCov,0.08314758539199829,0.0
1283,RidgeCov,0.10053959488868713,TargetRidge,0.23394906520843506,0.13340947031974792,RidgeCov,0.10053959488868713,0.0
1284,RidgeCov,0.06606996804475784,TargetRidge,0.22790078818798065,0.1618308126926422,RidgeCov,0.06606996804475784,0.0
1285,RidgeCov,0.08363190293312073,TargetRidge,0.21892838180065155,0.13529647886753082,RidgeCov,0.08363190293312073,0.0
1286,RidgeCov,0.08599692583084106,TargetRidge,0.21713347733020782,0.13113655149936676,RidgeCov,0.08599692583084106,0.0
1287,RidgeCov,0.08645796775817871,TargetRidge,0.25319355726242065,0.16673558950424194,RidgeCov,0.08645796775817871,0.0
1288,RidgeCov,0.10042283684015274,TargetRidge,0.2630807161331177,0.16265788674354553,RidgeCov,0.10042283684015274,0.0
1289,RidgeCov,0.09280327707529068,TargetRidge,0.22931431233882904,0.13651102781295776,RidgeCov,0.09280327707529068,0.0
1290,RidgeCov,0.10852039605379105,TargetRidge,0.24938036501407623,0.1408599615097046,RidgeCov,0.10852039605379105,0.0
1291,RidgeCov,0.0785459652543068,TargetRidge,0.2687215805053711,0.1901756227016449,RidgeCov,0.0785459652543068,0.0
1292,RidgeCov,0.09116500616073608,TargetRidge,0.2594943940639496,0.1683293879032135,RidgeCov,0.09116500616073608,0.0
1293,RidgeCov,0.10146385431289673,TargetRidge,0.2531203329563141,0.15165647864341736,RidgeCov,0.10146385431289673,0.0
1294,RidgeCov,0.08210885524749756,TargetRidge,0.2586192786693573,0.17651042342185974,RidgeCov,0.08210885524749756,0.0
1295,RidgeCov,0.09182818979024887,TargetRidge,0.2706374228000641,0.17880922555923462,RidgeCov,0.09182818979024887,0.0
1296,RidgeCov,0.11933892965316772,TargetRidge,0.29581695795059204,0.17647802829742432,RidgeCov,0.11933892965316772,0.0
1297,RidgeCov,0.08206447213888168,TargetRidge,0.28322842717170715,0.20116394758224487,RidgeCov,0.08206447213888168,0.0
1298,RidgeCov,0.08957681804895401,TargetRidge,0.2969214618206024,0.207344651222229,RidgeCov,0.08957681804895401,0.0
1299,RidgeCov,0.08407217264175415,TargetRidge,0.2953547537326813,0.21128258109092712,RidgeCov,0.08407217264175415,0.0
1300,RidgeCov,0.09744863957166672,TargetRidge,0.33258703351020813,0.23513838648796082,RidgeCov,0.09744863957166672,0.0
1301,RidgeCov,0.100882388651371,TargetRidge,0.3202374577522278,0.21935507655143738,RidgeCov,0.100882388651371,0.0
1302,RidgeCov,0.09451033920049667,TargetRidge,0.30609744787216187,0.2115871012210846,RidgeCov,0.09451033920049667,0.0
1303,RidgeCov,0.08384758979082108,TargetRidge,0.3148861825466156,0.23103860020637512,RidgeCov,0.08384758979082108,0.0
1304,RidgeCov,0.06142328307032585,TargetRidge,0.32292619347572327,0.2615029215812683,RidgeCov,0.06142328307032585,0.0
1305,RidgeCov,0.09295451641082764,TargetRidge,0.35480889678001404,0.2618543803691864,RidgeCov,0.09295451641082764,0.0
1306,RidgeCov,0.06743091344833374,TargetRidge,0.32655924558639526,0.2591283321380615,RidgeCov,0.06743091344833374,0.0
1307,RidgeCov,0.07115224748849869,TargetRidge,0.3673897087574005,0.2962374687194824,RidgeCov,0.07115224748849869,0.0
1308,RidgeCov,0.052790988236665726,TargetRidge,0.38256776332855225,0.3297767639160156,RidgeCov,0.052790988236665726,0.0
1309,RidgeCov,0.07270859181880951,TargetRidge,0.3977123498916626,0.3250037431716919,RidgeCov,0.07270859181880951,0.0
1310,RidgeCov,0.07259195297956467,TargetRidge,0.38418611884117126,0.311594158411026,RidgeCov,0.07259195297956467,0.0
1311,RidgeCov,0.060459673404693604,TargetRidge,0.3741576671600342,0.3136979937553406,RidgeCov,0.060459673404693604,0.0
1312,RidgeCov,0.07930900901556015,TargetRidge,0.40625104308128357,0.3269420266151428,RidgeCov,0.07930900901556015,0.0
1313,RidgeCov,0.07243634015321732,TargetRidge,0.4149925410747528,0.3425562083721161,RidgeCov,0.07243634015321732,0.0
1314,RidgeCov,0.103446364402771,TargetRidge,0.47440099716186523,0.37095463275909424,RidgeCov,0.103446364402771,0.0
1315,RidgeCov,0.13513624668121338,TargetRidge,0.5160447359085083,0.3809084892272949,RidgeCov,0.13513624668121338,0.0
1316,RidgeCov,0.1569250375032425,TargetRidge,0.4313322603702545,0.27440720796585083,RidgeCov,0.1569250375032425,0.0
1317,RidgeCov,0.09730196744203568,TargetRidge,0.4173099994659424,0.3200080394744873,RidgeCov,0.09730196744203568,0.0
1318,RidgeCov,0.08135179430246353,TargetRidge,0.4181514084339142,0.33679962158203125,RidgeCov,0.08135179430246353,0.0
1319,RidgeCov,0.12055668979883194,TargetRidge,0.45475947856903076,0.3342027962207794,RidgeCov,0.12055668979883194,0.0
1320,RidgeCov,0.09729447960853577,TargetRidge,0.4389479160308838,0.341653436422348,RidgeCov,0.09729447960853577,0.0
1321,RidgeCov,0.09010595083236694,TargetRidge,0.5765941143035889,0.4864881634712219,RidgeCov,0.09010595083236694,0.0
1322,RidgeCov,0.07864414900541306,TargetRidge,0.6989829540252686,0.6203387975692749,RidgeCov,0.07864414900541306,0.0
1323,RidgeCov,0.13091497123241425,TargetRidge,0.649806797504425,0.5188918113708496,RidgeCov,0.13091497123241425,0.0
1324,RidgeCov,0.1269531548023224,TargetRidge,0.4852963984012604,0.358343243598938,RidgeCov,0.1269531548023224,0.0
1325,RidgeCov,0.12395310401916504,TargetRidge,0.9568679928779602,0.8329148888587952,RidgeCov,0.12395310401916504,0.0
1326,RidgeCov,0.0938115119934082,TargetRidge,0.7542428374290466,0.6604313254356384,RidgeCov,0.0938115119934082,0.0
1327,RidgeCov,0.10295641422271729,TargetRidge,0.60624098777771,0.5032845735549927,RidgeCov,0.10295641422271729,0.0
1328,RidgeCov,0.09853249788284302,TargetRidge,0.5868881940841675,0.48835569620132446,RidgeCov,0.09853249788284302,0.0
1329,RidgeCov,0.07092612981796265,TargetRidge,0.5903785824775696,0.5194524526596069,RidgeCov,0.07092612981796265,0.0
1330,RidgeCov,0.08627841621637344,TargetRidge,0.5729517340660095,0.4866733253002167,RidgeCov,0.08627841621637344,0.0
1331,RidgeCov,0.10205207020044327,TargetRidge,0.6462609767913818,0.5442088842391968,RidgeCov,0.10205207020044327,0.0
1332,RidgeCov,0.08276723325252533,TargetRidge,0.6750178337097168,0.5922505855560303,RidgeCov,0.08276723325252533,0.0
1333,RidgeCov,0.08907385915517807,TargetRidge,0.5818079113960266,0.49273404479026794,RidgeCov,0.08907385915517807,0.0
1334,RidgeCov,0.07599397748708725,TargetRidge,0.5428045392036438,0.46681055426597595,RidgeCov,0.07599397748708725,0.0
1335,RidgeCov,0.07933353632688522,TargetRidge,0.5875088572502136,0.5081753134727478,RidgeCov,0.07933353632688522,0.0
1336,RidgeCov,0.08401495218276978,TargetRidge,0.6542759537696838,0.5702610015869141,RidgeCov,0.08401495218276978,0.0
1337,RidgeCov,0.09177171438932419,TargetRidge,0.6691237092018127,0.577351987361908,RidgeCov,0.09177171438932419,0.0
1338,RidgeCov,0.07927454262971878,TargetRidge,0.7834255695343018,0.7041510343551636,RidgeCov,0.07927454262971878,0.0
1339,RidgeCov,0.09807053208351135,TargetRidge,0.7990391850471497,0.7009686231613159,RidgeCov,0.09807053208351135,0.0
1340,RidgeCov,0.09220447391271591,TargetRidge,0.569153368473053,0.47694888710975647,RidgeCov,0.09220447391271591,0.0
1341,RidgeCov,0.10401717573404312,TargetRidge,0.5704589486122131,0.4664417803287506,RidgeCov,0.10401717573404312,0.0
1342,RidgeCov,0.08073514699935913,TargetRidge,0.5841144919395447,0.5033793449401855,RidgeCov,0.08073514699935913,0.0
1343,RidgeCov,0.09131315350532532,TargetRidge,0.5407580733299255,0.4494449198246002,RidgeCov,0.09131315350532532,0.0
1344,RidgeCov,0.08774908632040024,TargetRidge,0.5730376243591309,0.48528853058815,RidgeCov,0.08774908632040024,0.0
1345,RidgeCov,0.0893268957734108,TargetRidge,0.7603857517242432,0.6710588335990906,RidgeCov,0.0893268957734108,0.0
1346,RidgeCov,0.08889517933130264,TargetRidge,0.5526305437088013,0.4637353718280792,RidgeCov,0.08889517933130264,0.0
1347,RidgeCov,0.09851211309432983,TargetRidge,0.663877546787262,0.5653654336929321,RidgeCov,0.09851211309432983,0.0
1348,RidgeCov,0.09192421287298203,TargetRidge,0.6467745900154114,0.5548503994941711,RidgeCov,0.09192421287298203,0.0
1349,RidgeCov,0.0972285345196724,TargetRidge,0.6632078886032104,0.5659793615341187,RidgeCov,0.0972285345196724,0.0
1350,RidgeCov,0.07036235928535461,TargetRidge,0.7074204087257385,0.6370580196380615,RidgeCov,0.07036235928535461,0.0
1351,RidgeCov,0.07828494161367416,TargetRidge,0.6506402492523193,0.572355329990387,RidgeCov,0.07828494161367416,0.0
1352,RidgeCov,0.0866943895816803,TargetRidge,0.6448584198951721,0.5581640005111694,RidgeCov,0.0866943895816803,0.0
1353,RidgeCov,0.08185560256242752,TargetRidge,0.6417273879051208,0.5598717927932739,RidgeCov,0.08185560256242752,0.0
1354,RidgeCov,0.14473693072795868,TargetRidge,0.660038948059082,0.5153020024299622,RidgeCov,0.14473693072795868,0.0
1355,RidgeCov,0.12193876504898071,TargetRidge,0.6295282244682312,0.5075894594192505,RidgeCov,0.12193876504898071,0.0
1356,RidgeCov,0.14081068336963654,TargetRidge,0.6964836716651917,0.5556730031967163,RidgeCov,0.14081068336963654,0.0
1357,RidgeCov,0.14700888097286224,TargetRidge,0.6341540813446045,0.48714518547058105,RidgeCov,0.14700888097286224,0.0
1358,RidgeCov,0.14283490180969238,TargetRidge,0.5619435906410217,0.41910868883132935,RidgeCov,0.14283490180969238,0.0
1359,RidgeCov,0.14321063458919525,TargetRidge,0.5912852883338928,0.4480746388435364,RidgeCov,0.14321063458919525,0.0
1360,RidgeCov,0.1637786477804184,TargetRidge,0.5418789386749268,0.37810027599334717,RidgeCov,0.1637786477804184,0.0
1361,RidgeCov,0.14549055695533752,TargetRidge,0.5616785287857056,0.41618797183036804,RidgeCov,0.14549055695533752,0.0
1362,RidgeCov,0.1420072615146637,TargetRidge,0.5088806748390198,0.3668734133243561,RidgeCov,0.1420072615146637,0.0
1363,RidgeCov,0.12935154139995575,TargetRidge,0.49939194321632385,0.3700404167175293,RidgeCov,0.12935154139995575,0.0
1364,RidgeCov,0.15386269986629486,TargetRidge,0.504896342754364,0.35103362798690796,RidgeCov,0.15386269986629486,0.0
1365,RidgeCov,0.12581677734851837,TargetRidge,0.42513003945350647,0.2993132472038269,RidgeCov,0.12581677734851837,0.0
1366,RidgeCov,0.14608250558376312,TargetRidge,0.507034957408905,0.3609524369239807,RidgeCov,0.14608250558376312,0.0
1367,RidgeCov,0.14507873356342316,TargetRidge,0.5162758231163025,0.3711971044540405,RidgeCov,0.14507873356342316,0.0
1368,RidgeCov,0.1345413774251938,TargetRidge,0.4421393573284149,0.3075979948043823,RidgeCov,0.1345413774251938,0.0
1369,RidgeCov,0.1297401338815689,TargetRidge,0.4280301630496979,0.2982900142669678,RidgeCov,0.1297401338815689,0.0
1370,RidgeCov,0.1537085473537445,TargetRidge,0.382321834564209,0.22861328721046448,RidgeCov,0.1537085473537445,0.0
1371,RidgeCov,0.1514316201210022,TargetRidge,0.36237192153930664,0.21094030141830444,RidgeCov,0.1514316201210022,0.0
1372,RidgeCov,0.1717069149017334,TargetRidge,0.338324636220932,0.1666177213191986,RidgeCov,0.1717069149017334,0.0
1373,RidgeCov,0.14541520178318024,TargetRidge,0.3303288519382477,0.18491365015506744,RidgeCov,0.14541520178318024,0.0
1374,RidgeCov,0.13413596153259277,TargetRidge,0.3598651885986328,0.22572922706604004,RidgeCov,0.13413596153259277,0.0
1375,RidgeCov,0.1435205489397049,TargetRidge,0.2983633279800415,0.1548427790403366,RidgeCov,0.1435205489397049,0.0
1376,RidgeCov,0.12098956108093262,TargetRidge,0.2927950322628021,0.1718054711818695,RidgeCov,0.12098956108093262,0.0
1377,RidgeCov,0.1352408528327942,TargetRidge,0.29066041111946106,0.15541955828666687,RidgeCov,0.1352408528327942,0.0
1378,RidgeCov,0.14035150408744812,TargetRidge,0.2717479467391968,0.13139644265174866,RidgeCov,0.14035150408744812,0.0
1379,RidgeCov,0.12937898933887482,TargetRidge,0.30279767513275146,0.17341868579387665,RidgeCov,0.12937898933887482,0.0
1380,RidgeCov,0.1213500127196312,TargetRidge,0.29602256417274475,0.17467254400253296,RidgeCov,0.1213500127196312,0.0
1381,RidgeCov,0.1090923547744751,TargetRidge,0.23711542785167694,0.12802307307720184,RidgeCov,0.1090923547744751,0.0
1382,RidgeCov,0.12674646079540253,TargetRidge,0.23669449985027313,0.1099480390548706,RidgeCov,0.12674646079540253,0.0
1383,RidgeCov,0.12594358623027802,TargetRidge,0.24970997869968414,0.12376639246940613,RidgeCov,0.12594358623027802,0.0
1384,RidgeCov,0.11898807436227798,TargetRidge,0.2196752279996872,0.10068715363740921,RidgeCov,0.11898807436227798,0.0
1385,RidgeCov,0.126414492726326,TargetRidge,0.21941880881786346,0.09300431609153748,RidgeCov,0.126414492726326,0.0
1386,RidgeCov,0.13684874773025513,TargetRidge,0.21617770195007324,0.07932895421981812,RidgeCov,0.13684874773025513,0.0
1387,RidgeCov,0.12333289533853531,TargetRidge,0.20496328175067902,0.08163038641214371,RidgeCov,0.12333289533853531,0.0
1388,RidgeCov,0.12825866043567657,TargetRidge,0.19988398253917694,0.07162532210350037,RidgeCov,0.12825866043567657,0.0
1389,RidgeCov,0.1248578205704689,TargetRidge,0.20136207342147827,0.07650425285100937,RidgeCov,0.1248578205704689,0.0
1390,RidgeCov,0.12482532113790512,TargetRidge,0.2010190635919571,0.07619374245405197,RidgeCov,0.12482532113790512,0.0
1391,RidgeCov,0.13828392326831818,TargetRidge,0.2012118101119995,0.06292788684368134,RidgeCov,0.13828392326831818,0.0
1392,RidgeCov,0.12397202104330063,TargetRidge,0.19799832999706268,0.07402630895376205,RidgeCov,0.12397202104330063,0.0
1393,RidgeCov,0.13187162578105927,TargetRidge,0.20036981999874115,0.06849819421768188,RidgeCov,0.13187162578105927,0.0
1394,RidgeCov,0.12475478649139404,TargetRidge,0.20749469101428986,0.08273990452289581,RidgeCov,0.12475478649139404,0.0
1395,RidgeCov,0.1325603723526001,TargetRidge,0.21037989854812622,0.07781952619552612,RidgeCov,0.1325603723526001,0.0
1396,RidgeCov,0.11875838041305542,TargetRidge,0.21195721626281738,0.09319883584976196,RidgeCov,0.11875838041305542,0.0
1397,RidgeCov,0.11673114448785782,TargetRidge,0.22522316873073578,0.10849202424287796,RidgeCov,0.11673114448785782,0.0
1398,RidgeCov,0.12708766758441925,TargetRidge,0.2283887416124344,0.10130107402801514,RidgeCov,0.12708766758441925,0.0
1399,RidgeCov,0.11522001773118973,TargetRidge,0.2382400780916214,0.12302006036043167,RidgeCov,0.11522001773118973,0.0
1400,RidgeCov,0.11036527156829834,TargetRidge,0.25008201599121094,0.1397167444229126,RidgeCov,0.11036527156829834,0.0
1401,RidgeCov,0.10741695761680603,TargetRidge,0.24754078686237335,0.14012382924556732,RidgeCov,0.10741695761680603,0.0
1402,RidgeCov,0.10913663357496262,TargetRidge,0.2724246084690094,0.1632879674434662,RidgeCov,0.10913663357496262,0.0
1403,RidgeCov,0.11281158775091171,TargetRidge,0.27453577518463135,0.16172417998313904,RidgeCov,0.11281158775091171,0.0
1404,RidgeCov,0.11256963014602661,TargetRidge,0.28060218691825867,0.16803255677223206,RidgeCov,0.11256963014602661,0.0
1405,RidgeCov,0.1049361303448677,TargetRidge,0.27431416511535645,0.16937804222106934,RidgeCov,0.1049361303448677,0.0
1406,RidgeCov,0.10609009116888046,TargetRidge,0.2807103395462036,0.17462024092674255,RidgeCov,0.10609009116888046,0.0
1407,RidgeCov,0.10174008458852768,TargetRidge,0.3124919533729553,0.21075186133384705,RidgeCov,0.10174008458852768,0.0
1408,RidgeCov,0.10916093736886978,TargetRidge,0.3218514621257782,0.212690532207489,RidgeCov,0.10916093736886978,0.0
1409,RidgeCov,0.10571510344743729,TargetRidge,0.3171404004096985,0.2114253044128418,RidgeCov,0.10571510344743729,0.0
1410,RidgeCov,0.09787067025899887,TargetRidge,0.37863221764564514,0.2807615399360657,RidgeCov,0.09787067025899887,0.0
1411,RidgeCov,0.09905936568975449,TargetRidge,0.34522828459739685,0.24616891145706177,RidgeCov,0.09905936568975449,0.0
1412,RidgeCov,0.09984749555587769,TargetRidge,0.4069167673587799,0.3070692718029022,RidgeCov,0.09984749555587769,0.0
1413,RidgeCov,0.0937756672501564,TargetRidge,0.3842866122722626,0.29051095247268677,RidgeCov,0.0937756672501564,0.0
1414,RidgeCov,0.0937865749001503,TargetRidge,0.3818584978580475,0.2880719304084778,RidgeCov,0.0937865749001503,0.0
1415,RidgeCov,0.09642305970191956,TargetRidge,0.4217219352722168,0.32529887557029724,RidgeCov,0.09642305970191956,0.0
1416,RidgeCov,0.09863286465406418,TargetRidge,0.41456738114356995,0.31593450903892517,RidgeCov,0.09863286465406418,0.0
1417,RidgeCov,0.09658653289079666,TargetRidge,0.4511391222476959,0.35455259680747986,RidgeCov,0.09658653289079666,0.0
1418,RidgeCov,0.09712222218513489,TargetRidge,0.4368896782398224,0.3397674560546875,RidgeCov,0.09712222218513489,0.0
1419,RidgeCov,0.09788783639669418,TargetRidge,0.4818445146083832,0.3839566707611084,RidgeCov,0.09788783639669418,0.0
1420,RidgeCov,0.09605509042739868,TargetRidge,0.4741092622280121,0.3780541718006134,RidgeCov,0.09605509042739868,0.0
1421,RidgeCov,0.09964213520288467,TargetRidge,0.44579383730888367,0.3461517095565796,RidgeCov,0.09964213520288467,0.0
1422,RidgeCov,0.10126631706953049,TargetRidge,0.4606536328792572,0.3593873083591461,RidgeCov,0.10126631706953049,0.0
1423,RidgeCov,0.097781240940094,TargetRidge,0.45850205421447754,0.36072081327438354,RidgeCov,0.097781240940094,0.0
1424,RidgeCov,0.10023985058069229,TargetRidge,0.42093023657798767,0.320690393447876,RidgeCov,0.10023985058069229,0.0
1425,RidgeCov,0.10170652717351913,TargetRidge,0.4299122989177704,0.32820576429367065,RidgeCov,0.10170652717351913,0.0
1426,RidgeCov,0.10006451606750488,TargetRidge,0.39693617820739746,0.2968716621398926,RidgeCov,0.10006451606750488,0.0
1427,RidgeCov,0.10490947961807251,TargetRidge,0.41080084443092346,0.30589136481285095,RidgeCov,0.10490947961807251,0.0
1428,RidgeCov,0.0971931740641594,TargetRidge,0.39815428853034973,0.30096110701560974,RidgeCov,0.0971931740641594,0.0
1429,RidgeCov,0.11267156153917313,TargetRidge,0.449580579996109,0.3369090259075165,RidgeCov,0.11267156153917313,0.0
1430,RidgeCov,0.11304546147584915,TargetRidge,0.4128238260746002,0.29977837204933167,RidgeCov,0.11304546147584915,0.0
1431,RidgeCov,0.10697754472494125,TargetRidge,0.43337640166282654,0.3263988494873047,RidgeCov,0.10697754472494125,0.0
1432,RidgeCov,0.10454446077346802,TargetRidge,0.4531732499599457,0.34862878918647766,RidgeCov,0.10454446077346802,0.0
1433,RidgeCov,0.1021830216050148,TargetRidge,0.3997836410999298,0.2976006269454956,RidgeCov,0.1021830216050148,0.0
1434,RidgeCov,0.10153260082006454,TargetRidge,0.32465195655822754,0.2231193482875824,RidgeCov,0.10153260082006454,0.0
1435,RidgeCov,0.09931652992963791,TargetRidge,0.32382485270500183,0.22450831532478333,RidgeCov,0.09931652992963791,0.0
1436,RidgeCov,0.09559959918260574,TargetRidge,0.3100166320800781,0.21441704034805298,RidgeCov,0.09559959918260574,0.0
1437,RidgeCov,0.10223973542451859,TargetRidge,0.2514110505580902,0.14917132258415222,RidgeCov,0.10223973542451859,0.0
1438,RidgeCov,0.09503474086523056,TargetRidge,0.23897288739681244,0.14393815398216248,RidgeCov,0.09503474086523056,0.0
1439,RidgeCov,0.11722784489393234,TargetRidge,0.18745653331279755,0.0702286884188652,RidgeCov,0.11722784489393234,0.0
1440,RidgeCov,0.11864832043647766,TargetRidge,0.15026134252548218,0.03161302208900452,RidgeCov,0.11864832043647766,0.0
1441,RidgeCov,0.14207904040813446,TargetRidge,0.18004100024700165,0.03796195983886719,RidgeCov,0.14207904040813446,0.0
1442,RidgeCov,0.14243990182876587,TargetRidge,0.18048341572284698,0.038043513894081116,RidgeCov,0.14243990182876587,0.0
1443,RidgeCov,0.11888579279184341,TargetRidge,0.18956267833709717,0.07067688554525375,RidgeCov,0.11888579279184341,0.0
1444,RidgeCov,0.11871415376663208,TargetRidge,0.130814790725708,0.012100636959075928,RidgeCov,0.11871415376663208,0.0
1445,RidgeCov,0.12374774366617203,TargetRidge,0.2045959234237671,0.08084817975759506,RidgeCov,0.12374774366617203,0.0
1446,TargetRidge,0.11321911960840225,RidgeCov,0.13588924705982208,0.02267012745141983,RidgeCov,0.13588924705982208,0.02267012745141983
1447,TargetRidge,0.10960183292627335,RidgeCov,0.13035185635089874,0.020750023424625397,RidgeCov,0.13035185635089874,0.020750023424625397
1448,RidgeCov,0.11889352649450302,TargetRidge,0.12887634336948395,0.009982816874980927,RidgeCov,0.11889352649450302,0.0
1449,TargetRidge,0.1174507662653923,RidgeCov,0.12186194211244583,0.004411175847053528,RidgeCov,0.12186194211244583,0.004411175847053528
1450,RidgeCov,0.12759673595428467,TargetRidge,0.1366131752729416,0.009016439318656921,RidgeCov,0.12759673595428467,0.0
1451,TargetRidge,0.1666467785835266,RidgeCov,0.18141496181488037,0.01476818323135376,RidgeCov,0.18141496181488037,0.01476818323135376
1452,TargetRidge,0.12915050983428955,RidgeCov,0.13834358751773834,0.009193077683448792,RidgeCov,0.13834358751773834,0.009193077683448792
1453,TargetRidge,0.16732262074947357,RidgeCov,0.18005549907684326,0.01273287832736969,RidgeCov,0.18005549907684326,0.01273287832736969
1454,TargetRidge,0.13526283204555511,RidgeCov,0.13923689723014832,0.003974065184593201,RidgeCov,0.13923689723014832,0.003974065184593201
1455,TargetRidge,0.1412845402956009,RidgeCov,0.14337466657161713,0.0020901262760162354,RidgeCov,0.14337466657161713,0.0020901262760162354
1456,RidgeCov,0.14214396476745605,TargetRidge,0.17063961923122406,0.028495654463768005,RidgeCov,0.14214396476745605,0.0
1457,RidgeCov,0.14164000749588013,TargetRidge,0.16637414693832397,0.024734139442443848,RidgeCov,0.14164000749588013,0.0
1458,RidgeCov,0.14483514428138733,TargetRidge,0.21115992963314056,0.06632478535175323,RidgeCov,0.14483514428138733,0.0
1459,RidgeCov,0.15141858160495758,TargetRidge,0.23656950891017914,0.08515092730522156,RidgeCov,0.15141858160495758,0.0
1460,RidgeCov,0.14062660932540894,TargetRidge,0.1965625286102295,0.05593591928482056,RidgeCov,0.14062660932540894,0.0
1461,RidgeCov,0.17157787084579468,TargetRidge,0.23577429354190826,0.06419642269611359,RidgeCov,0.17157787084579468,0.0
1462,RidgeCov,0.131069615483284,TargetRidge,0.27629080414772034,0.14522118866443634,RidgeCov,0.131069615483284,0.0
1463,RidgeCov,0.1610366255044937,MeanRevertSlow,0.3004721701145172,0.1394355446100235,RidgeCov,0.1610366255044937,0.0
1464,RidgeCov,0.1654515415430069,MeanRevertSlow,0.3257356584072113,0.1602841168642044,RidgeCov,0.1654515415430069,0.0
1465,RidgeCov,0.16005216538906097,TargetRidge,0.3197040855884552,0.15965192019939423,RidgeCov,0.16005216538906097,0.0
1466,RidgeCov,0.12376544624567032,TargetRidge,0.23804344236850739,0.11427799612283707,RidgeCov,0.12376544624567032,0.0
1467,RidgeCov,0.15684568881988525,TargetRidge,0.24040861427783966,0.0835629254579544,RidgeCov,0.15684568881988525,0.0
1468,RidgeCov,0.15675736963748932,TargetRidge,0.2887558937072754,0.13199852406978607,RidgeCov,0.15675736963748932,0.0
1469,RidgeCov,0.13867519795894623,TargetRidge,0.24931727349758148,0.11064207553863525,RidgeCov,0.13867519795894623,0.0
1470,RidgeCov,0.1624671369791031,TargetRidge,0.2737759053707123,0.11130876839160919,RidgeCov,0.1624671369791031,0.0
1471,RidgeCov,0.1936814785003662,TargetRidge,0.274711012840271,0.08102953433990479,RidgeCov,0.1936814785003662,0.0
1472,RidgeCov,0.17583303153514862,MeanRevertSlow,0.22336803376674652,0.0475350022315979,RidgeCov,0.17583303153514862,0.0
1473,RidgeCov,0.20936425030231476,MeanRevertSlow,0.2241845577955246,0.014820307493209839,RidgeCov,0.20936425030231476,0.0
1474,RidgeCov,0.139518603682518,MeanRevertSlow,0.23444658517837524,0.09492798149585724,RidgeCov,0.139518603682518,0.0
1475,RidgeCov,0.19165293872356415,MeanRevertSlow,0.23433391749858856,0.042680978775024414,RidgeCov,0.19165293872356415,0.0
1476,RidgeCov,0.2046314924955368,MeanRevertSlow,0.30654606223106384,0.10191456973552704,RidgeCov,0.2046314924955368,0.0
1477,RidgeCov,0.14675317704677582,MeanRevertSlow,0.25374388694763184,0.10699070990085602,RidgeCov,0.14675317704677582,0.0
1478,RidgeCov,0.10972736030817032,MeanRevertSlow,0.25991618633270264,0.15018883347511292,RidgeCov,0.10972736030817032,0.0
1479,RidgeCov,0.1156151220202446,MeanRevertSlow,0.27312397956848145,0.15750885009765625,RidgeCov,0.1156151220202446,0.0
1480,RidgeCov,0.10675930976867676,MeanRevertSlow,0.28103330731391907,0.1742739975452423,RidgeCov,0.10675930976867676,0.0
1481,RidgeCov,0.1255350112915039,TargetRidge,0.2805795669555664,0.1550445556640625,RidgeCov,0.1255350112915039,0.0
1482,RidgeCov,0.1436152309179306,TargetRidge,0.2684100270271301,0.12479479610919952,RidgeCov,0.1436152309179306,0.0
1483,RidgeCov,0.11528635770082474,TargetRidge,0.20387600362300873,0.08858964592218399,RidgeCov,0.11528635770082474,0.0
1484,RidgeCov,0.12883608043193817,TargetRidge,0.23821771144866943,0.10938163101673126,RidgeCov,0.12883608043193817,0.0
1485,RidgeCov,0.13037963211536407,TargetRidge,0.25340935587882996,0.12302972376346588,RidgeCov,0.13037963211536407,0.0
1486,RidgeCov,0.1383243203163147,TargetRidge,0.2605971395969391,0.12227281928062439,RidgeCov,0.1383243203163147,0.0
1487,RidgeCov,0.12735173106193542,TargetRidge,0.25190144777297974,0.12454971671104431,RidgeCov,0.12735173106193542,0.0
1488,RidgeCov,0.10511256009340286,TargetRidge,0.30888211727142334,0.20376956462860107,RidgeCov,0.10511256009340286,0.0
1489,RidgeCov,0.13217999041080475,TargetRidge,0.2548040449619293,0.12262405455112457,RidgeCov,0.13217999041080475,0.0
1490,RidgeCov,0.09945714473724365,TargetRidge,0.21267735958099365,0.11322021484375,RidgeCov,0.09945714473724365,0.0
1491,RidgeCov,0.11556295305490494,TargetRidge,0.16358691453933716,0.04802396148443222,RidgeCov,0.11556295305490494,0.0
1492,TargetRidge,0.11920645833015442,RidgeCov,0.13003499805927277,0.010828539729118347,RidgeCov,0.13003499805927277,0.010828539729118347
1493,RidgeCov,0.1020226776599884,TargetRidge,0.10949075222015381,0.007468074560165405,RidgeCov,0.1020226776599884,0.0
1494,RidgeCov,0.09768426418304443,TargetRidge,0.135247603058815,0.03756333887577057,RidgeCov,0.09768426418304443,0.0
1495,RidgeCov,0.14764843881130219,TargetRidge,0.1675412654876709,0.019892826676368713,RidgeCov,0.14764843881130219,0.0
1496,RidgeCov,0.10538461059331894,TargetRidge,0.13150398433208466,0.026119373738765717,RidgeCov,0.10538461059331894,0.0
1497,RidgeCov,0.10839510709047318,TargetRidge,0.11836715787649155,0.009972050786018372,RidgeCov,0.10839510709047318,0.0
1498,TargetRidge,0.08314073085784912,RidgeCov,0.10612849146127701,0.022987760603427887,RidgeCov,0.10612849146127701,0.022987760603427887
1499,TargetRidge,0.09067527204751968,RidgeCov,0.1027069091796875,0.012031637132167816,RidgeCov,0.1027069091796875,0.012031637132167816
1500,TargetRidge,0.1068628653883934,RidgeCov,0.10870378464460373,0.0018409192562103271,RidgeCov,0.10870378464460373,0.0018409192562103271
1501,TargetRidge,0.08716972917318344,RidgeCov,0.10275948792695999,0.01558975875377655,RidgeCov,0.10275948792695999,0.01558975875377655
1502,TargetRidge,0.0828133150935173,RidgeCov,0.0953516736626625,0.012538358569145203,RidgeCov,0.0953516736626625,0.012538358569145203
1503,TargetRidge,0.08872514218091965,RidgeCov,0.10028883069753647,0.011563688516616821,RidgeCov,0.10028883069753647,0.011563688516616821
1504,TargetRidge,0.08559402823448181,RidgeCov,0.10822034627199173,0.022626318037509918,RidgeCov,0.10822034627199173,0.022626318037509918
1505,RidgeCov,0.11934662610292435,TargetRidge,0.12479574233293533,0.005449116230010986,RidgeCov,0.11934662610292435,0.0
1506,TargetRidge,0.09571123868227005,RidgeCov,0.10724050551652908,0.011529266834259033,RidgeCov,0.10724050551652908,0.011529266834259033
1507,RidgeCov,0.10583007335662842,TargetRidge,0.10973858833312988,0.003908514976501465,RidgeCov,0.10583007335662842,0.0
1508,RidgeCov,0.10389437526464462,TargetRidge,0.12896111607551575,0.025066740810871124,RidgeCov,0.10389437526464462,0.0
1509,RidgeCov,0.0940566435456276,TargetRidge,0.13692635297775269,0.04286970943212509,RidgeCov,0.0940566435456276,0.0
1510,RidgeCov,0.11035304516553879,TargetRidge,0.1687268614768982,0.058373816311359406,RidgeCov,0.11035304516553879,0.0
1511,RidgeCov,0.08602214604616165,TargetRidge,0.16583390533924103,0.07981175929307938,RidgeCov,0.08602214604616165,0.0
1512,RidgeCov,0.10696852952241898,TargetRidge,0.17094109952449799,0.06397257000207901,RidgeCov,0.10696852952241898,0.0
1513,RidgeCov,0.09379928559064865,TargetRidge,0.2594611346721649,0.16566184163093567,RidgeCov,0.09379928559064865,0.0
1514,RidgeCov,0.0949687734246254,TargetRidge,0.22856485843658447,0.13359609246253967,RidgeCov,0.0949687734246254,0.0
1515,RidgeCov,0.08446987718343735,TargetRidge,0.3461451530456543,0.26167526841163635,RidgeCov,0.08446987718343735,0.0
1516,RidgeCov,0.08773893117904663,TargetRidge,0.34108081459999084,0.2533418834209442,RidgeCov,0.08773893117904663,0.0
1517,RidgeCov,0.08524414896965027,TargetRidge,0.3688199520111084,0.28357580304145813,RidgeCov,0.08524414896965027,0.0
1518,RidgeCov,0.09792398661375046,TargetRidge,0.3280318081378937,0.23010781407356262,RidgeCov,0.09792398661375046,0.0
1519,RidgeCov,0.10305118560791016,TargetRidge,0.5100477933883667,0.40699660778045654,RidgeCov,0.10305118560791016,0.0
1520,RidgeCov,0.09430751204490662,TargetRidge,0.37570324540138245,0.28139573335647583,RidgeCov,0.09430751204490662,0.0
1521,RidgeCov,0.08511265367269516,TargetRidge,0.35993385314941406,0.2748211920261383,RidgeCov,0.08511265367269516,0.0
1522,RidgeCov,0.09475096315145493,TargetRidge,0.4220238924026489,0.3272729218006134,RidgeCov,0.09475096315145493,0.0
1523,RidgeCov,0.09804347157478333,TargetRidge,0.5593011975288391,0.4612577259540558,RidgeCov,0.09804347157478333,0.0
1524,RidgeCov,0.0966944471001625,TargetRidge,0.5181033611297607,0.42140892148017883,RidgeCov,0.0966944471001625,0.0
1525,RidgeCov,0.11201832443475723,TargetRidge,0.49537181854248047,0.38335350155830383,RidgeCov,0.11201832443475723,0.0
1526,RidgeCov,0.0948016420006752,TargetRidge,0.6067374348640442,0.5119357705116272,RidgeCov,0.0948016420006752,0.0
1527,RidgeCov,0.09847357124090195,TargetRidge,0.7427895665168762,0.6443160176277161,RidgeCov,0.09847357124090195,0.0
1528,RidgeCov,0.11119121313095093,TargetRidge,0.6987173557281494,0.5875261425971985,RidgeCov,0.11119121313095093,0.0
1529,RidgeCov,0.09677886962890625,TargetRidge,0.6442503929138184,0.5474715232849121,RidgeCov,0.09677886962890625,0.0
1530,RidgeCov,0.11050412803888321,TargetRidge,0.8152356743812561,0.7047315239906311,RidgeCov,0.11050412803888321,0.0
1531,RidgeCov,0.09573954343795776,TargetRidge,0.7156333923339844,0.6198938488960266,RidgeCov,0.09573954343795776,0.0
1532,RidgeCov,0.09932219982147217,TargetRidge,0.9292976260185242,0.829975426197052,RidgeCov,0.09932219982147217,0.0
1533,RidgeCov,0.09742838889360428,TargetRidge,0.8990641236305237,0.8016357421875,RidgeCov,0.09742838889360428,0.0
1534,RidgeCov,0.0894530713558197,ZeroPred,1.0483813285827637,0.9589282274246216,RidgeCov,0.0894530713558197,0.0
1535,RidgeCov,0.10559792071580887,TargetRidge,0.943035364151001,0.8374374508857727,RidgeCov,0.10559792071580887,0.0
1536,RidgeCov,0.10596004873514175,ZeroPred,1.0491544008255005,0.9431943297386169,RidgeCov,0.10596004873514175,0.0
1537,RidgeCov,0.09915286302566528,TargetRidge,0.8957273364067078,0.7965744733810425,RidgeCov,0.09915286302566528,0.0
1538,RidgeCov,0.0913688912987709,ZeroPred,1.0514459609985352,0.9600770473480225,RidgeCov,0.0913688912987709,0.0
1539,RidgeCov,0.10183324664831161,ZeroPred,1.0521882772445679,0.950355052947998,RidgeCov,0.10183324664831161,0.0
1540,RidgeCov,0.11444506049156189,TargetRidge,1.0108022689819336,0.8963571786880493,RidgeCov,0.11444506049156189,0.0
1541,RidgeCov,0.09967533499002457,TargetRidge,0.9255288243293762,0.8258534669876099,RidgeCov,0.09967533499002457,0.0
1542,RidgeCov,0.11306808143854141,TargetRidge,0.9327028393745422,0.819634735584259,RidgeCov,0.11306808143854141,0.0
1543,RidgeCov,0.1024470403790474,ZeroPred,1.042288899421692,0.9398418664932251,RidgeCov,0.1024470403790474,0.0
1544,RidgeCov,0.08643585443496704,Trend,0.9998679757118225,0.9134321212768555,RidgeCov,0.08643585443496704,0.0
1545,RidgeCov,0.0896124467253685,Trend,0.9020988941192627,0.812486469745636,RidgeCov,0.0896124467253685,0.0
1546,RidgeCov,0.6259278655052185,SeasonalTrend,0.9872577786445618,0.36132991313934326,RidgeCov,0.6259278655052185,0.0
1547,RidgeCov,0.06931721419095993,TargetRidge,0.6094051003456116,0.540087878704071,RidgeCov,0.06931721419095993,0.0
1548,RidgeCov,0.06351617723703384,TargetRidge,0.6159617304801941,0.5524455308914185,RidgeCov,0.06351617723703384,0.0
1549,RidgeCov,0.061213601380586624,TargetRidge,0.5693640112876892,0.5081503987312317,RidgeCov,0.061213601380586624,0.0
1550,RidgeCov,0.07150349020957947,TargetRidge,0.6126272082328796,0.5411237478256226,RidgeCov,0.07150349020957947,0.0
1551,RidgeCov,0.0586961954832077,TargetRidge,0.5831872820854187,0.5244910717010498,RidgeCov,0.0586961954832077,0.0
1552,RidgeCov,0.08451786637306213,Trend,0.4880833327770233,0.4035654664039612,RidgeCov,0.08451786637306213,0.0
1553,RidgeCov,0.05574445798993111,TargetRidge,0.45615825057029724,0.40041378140449524,RidgeCov,0.05574445798993111,0.0
1554,RidgeCov,0.08269525319337845,Trend,0.6395801901817322,0.5568849444389343,RidgeCov,0.08269525319337845,0.0
1555,RidgeCov,0.0519653856754303,TargetRidge,0.45731106400489807,0.4053456783294678,RidgeCov,0.0519653856754303,0.0
1556,RidgeCov,0.05935712158679962,TargetRidge,0.5318338871002197,0.4724767804145813,RidgeCov,0.05935712158679962,0.0
1557,RidgeCov,0.06488446146249771,TargetRidge,0.492305189371109,0.4274207353591919,RidgeCov,0.06488446146249771,0.0
1558,RidgeCov,0.060398925095796585,TargetRidge,0.3053623139858246,0.2449633926153183,RidgeCov,0.060398925095796585,0.0
1559,RidgeCov,0.060736674815416336,TargetRidge,0.2931629717350006,0.23242630064487457,RidgeCov,0.060736674815416336,0.0
1560,RidgeCov,0.090716153383255,TargetRidge,0.19627775251865387,0.10556159913539886,RidgeCov,0.090716153383255,0.0
1561,RidgeCov,0.09401247650384903,TargetRidge,0.43443360924720764,0.3404211401939392,RidgeCov,0.09401247650384903,0.0
1562,RidgeCov,0.07500046491622925,TargetRidge,0.5851633548736572,0.510162889957428,RidgeCov,0.07500046491622925,0.0
1563,RidgeCov,0.061076950281858444,TargetRidge,0.4086860716342926,0.34760913252830505,RidgeCov,0.061076950281858444,0.0
1564,RidgeCov,0.061428070068359375,TargetRidge,0.4026573598384857,0.34122928977012634,RidgeCov,0.061428070068359375,0.0
1565,RidgeCov,0.06389773637056351,TargetRidge,0.33550381660461426,0.27160608768463135,RidgeCov,0.06389773637056351,0.0
1566,RidgeCov,0.07738792151212692,TargetRidge,0.47263070940971375,0.3952427804470062,RidgeCov,0.07738792151212692,0.0
1567,RidgeCov,0.05033576115965843,TargetRidge,0.3821403682231903,0.3318046033382416,RidgeCov,0.05033576115965843,0.0
1568,RidgeCov,0.07463371008634567,TargetRidge,0.49689650535583496,0.4222627878189087,RidgeCov,0.07463371008634567,0.0
1569,RidgeCov,0.0719277486205101,TargetRidge,0.4018416404724121,0.3299138844013214,RidgeCov,0.0719277486205101,0.0
1570,RidgeCov,0.08206713199615479,TargetRidge,0.28355643153190613,0.20148929953575134,RidgeCov,0.08206713199615479,0.0
1571,RidgeCov,0.07248661667108536,TargetRidge,0.23763544857501984,0.16514882445335388,RidgeCov,0.07248661667108536,0.0
1572,RidgeCov,0.08593499660491943,TargetRidge,0.2732883393764496,0.18735334277153015,RidgeCov,0.08593499660491943,0.0
1573,RidgeCov,0.07063832134008408,TargetRidge,0.2834915220737457,0.21285319328308105,RidgeCov,0.07063832134008408,0.0
1574,RidgeCov,0.07044149190187454,TargetRidge,0.3281438648700714,0.25770238041877747,RidgeCov,0.07044149190187454,0.0
1575,RidgeCov,0.0954255759716034,TargetRidge,0.3032189607620239,0.20779338479042053,RidgeCov,0.0954255759716034,0.0
1576,RidgeCov,0.11219283193349838,TargetRidge,0.2828015685081482,0.1706087291240692,RidgeCov,0.11219283193349838,0.0
1577,RidgeCov,0.10133996605873108,TargetRidge,0.2649851143360138,0.16364514827728271,RidgeCov,0.10133996605873108,0.0
1578,RidgeCov,0.053650859743356705,TargetRidge,0.26833322644233704,0.21468237042427063,RidgeCov,0.053650859743356705,0.0
1579,RidgeCov,0.1150837317109108,TargetRidge,0.31822696328163147,0.20314323902130127,RidgeCov,0.1150837317109108,0.0
1580,RidgeCov,0.0684938058257103,TargetRidge,0.33327189087867737,0.2647780776023865,RidgeCov,0.0684938058257103,0.0
1581,RidgeCov,0.07593462616205215,TargetRidge,0.33193209767341614,0.2559974789619446,RidgeCov,0.07593462616205215,0.0
1582,RidgeCov,0.09852850437164307,TargetRidge,0.2801043689250946,0.18157586455345154,RidgeCov,0.09852850437164307,0.0
1583,RidgeCov,0.0819951593875885,TargetRidge,0.28799572587013245,0.20600056648254395,RidgeCov,0.0819951593875885,0.0
1584,RidgeCov,0.0709114745259285,TargetRidge,0.29969820380210876,0.22878673672676086,RidgeCov,0.0709114745259285,0.0
1585,RidgeCov,0.12990212440490723,TargetRidge,0.3246399760246277,0.19473785161972046,RidgeCov,0.12990212440490723,0.0
1586,RidgeCov,0.07216578722000122,TargetRidge,0.32435211539268494,0.2521863281726837,RidgeCov,0.07216578722000122,0.0
1587,RidgeCov,0.08698400855064392,TargetRidge,0.327645480632782,0.24066147208213806,RidgeCov,0.08698400855064392,0.0
1588,RidgeCov,0.08986150473356247,TargetRidge,0.34064164757728577,0.2507801353931427,RidgeCov,0.08986150473356247,0.0
1589,RidgeCov,0.16109181940555573,TargetRidge,0.34340599179267883,0.1823141723871231,RidgeCov,0.16109181940555573,0.0
1590,RidgeCov,0.12337521463632584,TargetRidge,0.4133857786655426,0.29001057147979736,RidgeCov,0.12337521463632584,0.0
1591,RidgeCov,0.10239710658788681,TargetRidge,0.36147013306617737,0.25907301902770996,RidgeCov,0.10239710658788681,0.0
1592,RidgeCov,0.10834673047065735,TargetRidge,0.3676646053791046,0.25931787490844727,RidgeCov,0.10834673047065735,0.0
1593,RidgeCov,0.09949839860200882,TargetRidge,0.366994172334671,0.2674957811832428,RidgeCov,0.09949839860200882,0.0
1594,RidgeCov,0.148196741938591,TargetRidge,0.43284663558006287,0.28464990854263306,RidgeCov,0.148196741938591,0.0
1595,RidgeCov,0.18772558867931366,TargetRidge,0.38182687759399414,0.19410128891468048,RidgeCov,0.18772558867931366,0.0
1596,RidgeCov,0.1815776824951172,TargetRidge,0.4101673364639282,0.22858965396881104,RidgeCov,0.1815776824951172,0.0
1597,RidgeCov,0.18122412264347076,TargetRidge,0.41691097617149353,0.23568685352802277,RidgeCov,0.18122412264347076,0.0
1598,RidgeCov,0.18816250562667847,TargetRidge,0.4110741913318634,0.22291168570518494,RidgeCov,0.18816250562667847,0.0
1599,RidgeCov,0.16761191189289093,TargetRidge,0.5182210803031921,0.3506091833114624,RidgeCov,0.16761191189289093,0.0
1600,RidgeCov,0.18792837858200073,TargetRidge,0.40998780727386475,0.222059428691864,RidgeCov,0.18792837858200073,0.0
1601,RidgeCov,0.18390846252441406,TargetRidge,0.48569950461387634,0.3017910420894623,RidgeCov,0.18390846252441406,0.0
1602,RidgeCov,0.19083714485168457,TargetRidge,0.47934672236442566,0.2885095775127411,RidgeCov,0.19083714485168457,0.0
1603,RidgeCov,0.23009975254535675,TargetRidge,0.47308778762817383,0.24298803508281708,RidgeCov,0.23009975254535675,0.0
1604,RidgeCov,0.2738889157772064,TargetRidge,0.4999783933162689,0.2260894775390625,RidgeCov,0.2738889157772064,0.0
1605,RidgeCov,0.159089133143425,TargetRidge,0.4772283732891083,0.3181392550468445,RidgeCov,0.159089133143425,0.0
1606,RidgeCov,0.19975388050079346,TargetRidge,0.525587797164917,0.32583391666412354,RidgeCov,0.19975388050079346,0.0
1607,RidgeCov,0.14916829764842987,TargetRidge,0.47751984000205994,0.32835155725479126,RidgeCov,0.14916829764842987,0.0
1608,RidgeCov,0.14110243320465088,TargetRidge,0.561999499797821,0.42089706659317017,RidgeCov,0.14110243320465088,0.0
1609,RidgeCov,0.1564689427614212,TargetRidge,0.710789680480957,0.554320752620697,RidgeCov,0.1564689427614212,0.0
1610,RidgeCov,0.15100912749767303,TargetRidge,0.5914221405982971,0.4404129981994629,RidgeCov,0.15100912749767303,0.0
1611,RidgeCov,0.14454837143421173,TargetRidge,0.6156050562858582,0.4710566997528076,RidgeCov,0.14454837143421173,0.0
1612,RidgeCov,0.18420815467834473,TargetRidge,0.6759769320487976,0.4917687773704529,RidgeCov,0.18420815467834473,0.0
1613,RidgeCov,0.15097683668136597,TargetRidge,0.8469833731651306,0.6960065364837646,RidgeCov,0.15097683668136597,0.0
1614,RidgeCov,0.2212969809770584,TargetRidge,0.6665185689926147,0.44522160291671753,RidgeCov,0.2212969809770584,0.0
1615,RidgeCov,0.19810694456100464,TargetRidge,0.7187183499336243,0.5206114053726196,RidgeCov,0.19810694456100464,0.0
1616,RidgeCov,0.18832643330097198,TargetRidge,0.647867739200592,0.45954132080078125,RidgeCov,0.18832643330097198,0.0
1617,RidgeCov,0.2137051671743393,TargetRidge,0.7496964931488037,0.5359913110733032,RidgeCov,0.2137051671743393,0.0
1618,RidgeCov,0.1656351536512375,TargetRidge,0.7347005009651184,0.5690653324127197,RidgeCov,0.1656351536512375,0.0
1619,RidgeCov,0.13775287568569183,TargetRidge,0.6850931644439697,0.5473402738571167,RidgeCov,0.13775287568569183,0.0
1620,RidgeCov,0.17343072593212128,TargetRidge,0.740166962146759,0.5667362213134766,RidgeCov,0.17343072593212128,0.0
1621,RidgeCov,0.12247458845376968,TargetRidge,0.636046826839447,0.5135722160339355,RidgeCov,0.12247458845376968,0.0
1622,RidgeCov,0.13864292204380035,TargetRidge,0.7395467758178711,0.6009038686752319,RidgeCov,0.13864292204380035,0.0
1623,RidgeCov,0.11598577350378036,TargetRidge,0.5277647376060486,0.4117789566516876,RidgeCov,0.11598577350378036,0.0
1624,RidgeCov,0.14430531859397888,TargetRidge,0.6112428307533264,0.46693751215934753,RidgeCov,0.14430531859397888,0.0
1625,RidgeCov,0.18175728619098663,TargetRidge,0.7028948664665222,0.5211375951766968,RidgeCov,0.18175728619098663,0.0
1626,RidgeCov,0.15863554179668427,TargetRidge,0.5597850680351257,0.4011495113372803,RidgeCov,0.15863554179668427,0.0
1627,RidgeCov,0.1263345330953598,TargetRidge,0.6904900074005127,0.5641554594039917,RidgeCov,0.1263345330953598,0.0
1628,RidgeCov,0.16202668845653534,TargetRidge,0.8081369400024414,0.6461102366447449,RidgeCov,0.16202668845653534,0.0
1629,RidgeCov,0.16263413429260254,TargetRidge,0.5994980335235596,0.43686389923095703,RidgeCov,0.16263413429260254,0.0
1630,RidgeCov,0.1539587527513504,TargetRidge,0.6906477808952332,0.536689043045044,RidgeCov,0.1539587527513504,0.0
1631,RidgeCov,0.17754630744457245,TargetRidge,0.5009939670562744,0.32344764471054077,RidgeCov,0.17754630744457245,0.0
1632,RidgeCov,0.11543764919042587,TargetRidge,0.6952409744262695,0.5798033475875854,RidgeCov,0.11543764919042587,0.0
1633,RidgeCov,0.16906161606311798,TargetRidge,0.6616811156272888,0.49261951446533203,RidgeCov,0.16906161606311798,0.0
1634,RidgeCov,0.1734456568956375,TargetRidge,0.6361111998558044,0.4626655578613281,RidgeCov,0.1734456568956375,0.0
1635,RidgeCov,0.14645327627658844,TargetRidge,0.6870608329772949,0.5406075716018677,RidgeCov,0.14645327627658844,0.0
1636,RidgeCov,0.1557578295469284,TargetRidge,0.7824606895446777,0.6267028450965881,RidgeCov,0.1557578295469284,0.0
1637,RidgeCov,0.14830507338047028,TargetRidge,0.6163250803947449,0.4680200219154358,RidgeCov,0.14830507338047028,0.0
1638,RidgeCov,0.16576430201530457,TargetRidge,0.8334546089172363,0.6676902770996094,RidgeCov,0.16576430201530457,0.0
1639,RidgeCov,0.10522446781396866,TargetRidge,0.741466224193573,0.6362417340278625,RidgeCov,0.10522446781396866,0.0
1640,RidgeCov,0.13001661002635956,TargetRidge,0.6497184038162231,0.5197017788887024,RidgeCov,0.13001661002635956,0.0
1641,RidgeCov,0.10146784037351608,TargetRidge,0.6573389172554016,0.5558710694313049,RidgeCov,0.10146784037351608,0.0
1642,RidgeCov,0.09033399820327759,TargetRidge,0.7993258833885193,0.7089918851852417,RidgeCov,0.09033399820327759,0.0
1643,RidgeCov,0.08790788054466248,TargetRidge,0.651570200920105,0.5636622905731201,RidgeCov,0.08790788054466248,0.0
1644,RidgeCov,0.08723858743906021,TargetRidge,0.6035872101783752,0.5163486003875732,RidgeCov,0.08723858743906021,0.0
1645,RidgeCov,0.08960479497909546,TargetRidge,0.649005115032196,0.5594003200531006,RidgeCov,0.08960479497909546,0.0
1646,RidgeCov,0.09241348505020142,TargetRidge,0.5591769218444824,0.466763436794281,RidgeCov,0.09241348505020142,0.0
1647,RidgeCov,0.07637307047843933,TargetRidge,0.48445335030555725,0.4080802798271179,RidgeCov,0.07637307047843933,0.0
1648,RidgeCov,0.10270441323518753,TargetRidge,0.5383982062339783,0.43569380044937134,RidgeCov,0.10270441323518753,0.0
1649,RidgeCov,0.08230889588594437,TargetRidge,0.5083214044570923,0.4260125160217285,RidgeCov,0.08230889588594437,0.0
1650,RidgeCov,0.07603345066308975,TargetRidge,0.5354157090187073,0.4593822658061981,RidgeCov,0.07603345066308975,0.0
1651,RidgeCov,0.09492132812738419,TargetRidge,0.5195774435997009,0.42465612292289734,RidgeCov,0.09492132812738419,0.0
1652,RidgeCov,0.11281523108482361,TargetRidge,0.5297174453735352,0.41690221428871155,RidgeCov,0.11281523108482361,0.0
1653,RidgeCov,0.09815514087677002,TargetRidge,0.4030059278011322,0.3048507869243622,RidgeCov,0.09815514087677002,0.0
1654,RidgeCov,0.1032349243760109,TargetRidge,0.4395711123943329,0.3363361954689026,RidgeCov,0.1032349243760109,0.0
1655,RidgeCov,0.10081521421670914,TargetRidge,0.5398076176643372,0.4389924108982086,RidgeCov,0.10081521421670914,0.0
1656,RidgeCov,0.09874606877565384,TargetRidge,0.4802267551422119,0.38148069381713867,RidgeCov,0.09874606877565384,0.0
1657,RidgeCov,0.08579517155885696,TargetRidge,0.4194551408290863,0.33365997672080994,RidgeCov,0.08579517155885696,0.0
1658,RidgeCov,0.10292137414216995,TargetRidge,0.39655551314353943,0.2936341464519501,RidgeCov,0.10292137414216995,0.0
1659,RidgeCov,0.10522878170013428,TargetRidge,0.32286882400512695,0.21764004230499268,RidgeCov,0.10522878170013428,0.0
1660,RidgeCov,0.09650341421365738,TargetRidge,0.2924182116985321,0.19591480493545532,RidgeCov,0.09650341421365738,0.0
1661,RidgeCov,0.09135285764932632,TargetRidge,0.32328155636787415,0.23192870616912842,RidgeCov,0.09135285764932632,0.0
1662,RidgeCov,0.08899273723363876,TargetRidge,0.374058336019516,0.28506559133529663,RidgeCov,0.08899273723363876,0.0
1663,RidgeCov,0.09308940172195435,TargetRidge,0.3180966079235077,0.22500720620155334,RidgeCov,0.09308940172195435,0.0
1664,RidgeCov,0.09711358696222305,TargetRidge,0.3004560172557831,0.20334243774414062,RidgeCov,0.09711358696222305,0.0
1665,RidgeCov,0.09351827949285507,TargetRidge,0.25449392199516296,0.1609756350517273,RidgeCov,0.09351827949285507,0.0
1666,RidgeCov,0.09169093519449234,TargetRidge,0.22940731048583984,0.1377163827419281,RidgeCov,0.09169093519449234,0.0
1667,RidgeCov,0.08543774485588074,TargetRidge,0.23177804052829742,0.1463402956724167,RidgeCov,0.08543774485588074,0.0
1668,RidgeCov,0.09932738542556763,TargetRidge,0.25614097714424133,0.1568135917186737,RidgeCov,0.09932738542556763,0.0
1669,RidgeCov,0.08840183168649673,TargetRidge,0.1932191252708435,0.10481729358434677,RidgeCov,0.08840183168649673,0.0
1670,RidgeCov,0.08903957158327103,TargetRidge,0.1709728091955185,0.08193323761224747,RidgeCov,0.08903957158327103,0.0
1671,RidgeCov,0.08450832217931747,TargetRidge,0.16144196689128876,0.07693364471197128,RidgeCov,0.08450832217931747,0.0
1672,RidgeCov,0.09056562185287476,TargetRidge,0.14153940975666046,0.050973787903785706,RidgeCov,0.09056562185287476,0.0
1673,RidgeCov,0.08457797020673752,TargetRidge,0.1463996320962906,0.06182166188955307,RidgeCov,0.08457797020673752,0.0
1674,RidgeCov,0.09004592150449753,TargetRidge,0.16088174283504486,0.07083582133054733,RidgeCov,0.09004592150449753,0.0
1675,RidgeCov,0.08981627970933914,TargetRidge,0.13140569627285004,0.041589416563510895,RidgeCov,0.08981627970933914,0.0
1676,RidgeCov,0.09275999665260315,TargetRidge,0.12570185959339142,0.03294186294078827,RidgeCov,0.09275999665260315,0.0
1677,RidgeCov,0.09883252531290054,TargetRidge,0.12327882647514343,0.02444630116224289,RidgeCov,0.09883252531290054,0.0
1678,RidgeCov,0.09699398279190063,TargetRidge,0.11221916228532791,0.015225179493427277,RidgeCov,0.09699398279190063,0.0
1679,RidgeCov,0.09648444503545761,TargetRidge,0.11428362131118774,0.017799176275730133,RidgeCov,0.09648444503545761,0.0
1680,RidgeCov,0.09319049119949341,TargetRidge,0.11518976837396622,0.02199927717447281,RidgeCov,0.09319049119949341,0.0
1681,RidgeCov,0.09053688496351242,TargetRidge,0.11657347530126572,0.026036590337753296,RidgeCov,0.09053688496351242,0.0
1682,RidgeCov,0.09925335645675659,TargetRidge,0.11815336346626282,0.018900007009506226,RidgeCov,0.09925335645675659,0.0
1683,RidgeCov,0.10692265629768372,TargetRidge,0.12102562934160233,0.01410297304391861,RidgeCov,0.10692265629768372,0.0
1684,RidgeCov,0.10136514157056808,TargetRidge,0.12288133054971695,0.021516188979148865,RidgeCov,0.10136514157056808,0.0
1685,RidgeCov,0.1052355170249939,TargetRidge,0.12601226568222046,0.020776748657226562,RidgeCov,0.1052355170249939,0.0
1686,RidgeCov,0.10905332118272781,TargetRidge,0.13128703832626343,0.022233717143535614,RidgeCov,0.10905332118272781,0.0
1687,RidgeCov,0.10037510842084885,TargetRidge,0.14022915065288544,0.03985404223203659,RidgeCov,0.10037510842084885,0.0
1688,RidgeCov,0.09400069713592529,TargetRidge,0.14151327311992645,0.04751257598400116,RidgeCov,0.09400069713592529,0.0
1689,RidgeCov,0.08856824040412903,TargetRidge,0.16303469240665436,0.07446645200252533,RidgeCov,0.08856824040412903,0.0
1690,RidgeCov,0.08728841692209244,TargetRidge,0.15442728996276855,0.06713887304067612,RidgeCov,0.08728841692209244,0.0
1691,RidgeCov,0.08650732785463333,TargetRidge,0.169805645942688,0.08329831808805466,RidgeCov,0.08650732785463333,0.0
1692,RidgeCov,0.09277399629354477,TargetRidge,0.1728556603193283,0.08008166402578354,RidgeCov,0.09277399629354477,0.0
1693,RidgeCov,0.0924287736415863,TargetRidge,0.1807119995355606,0.0882832258939743,RidgeCov,0.0924287736415863,0.0
1694,RidgeCov,0.09169336408376694,TargetRidge,0.1834447830915451,0.09175141900777817,RidgeCov,0.09169336408376694,0.0
1695,RidgeCov,0.10005313903093338,TargetRidge,0.19540484249591827,0.0953517034649849,RidgeCov,0.10005313903093338,0.0
1696,RidgeCov,0.09848093241453171,TargetRidge,0.2221512794494629,0.12367034703493118,RidgeCov,0.09848093241453171,0.0
1697,RidgeCov,0.10084348171949387,TargetRidge,0.2200734168291092,0.11922993510961533,RidgeCov,0.10084348171949387,0.0
1698,RidgeCov,0.09259399771690369,TargetRidge,0.24710512161254883,0.15451112389564514,RidgeCov,0.09259399771690369,0.0
1699,RidgeCov,0.09255770593881607,TargetRidge,0.24633078277111053,0.15377306938171387,RidgeCov,0.09255770593881607,0.0
1700,RidgeCov,0.09298618882894516,TargetRidge,0.26404961943626404,0.17106342315673828,RidgeCov,0.09298618882894516,0.0
1701,RidgeCov,0.10100836306810379,TargetRidge,0.27107951045036316,0.17007115483283997,RidgeCov,0.10100836306810379,0.0
1702,RidgeCov,0.09128785878419876,TargetRidge,0.3049170970916748,0.21362924575805664,RidgeCov,0.09128785878419876,0.0
1703,RidgeCov,0.08317667245864868,TargetRidge,0.3170814514160156,0.23390477895736694,RidgeCov,0.08317667245864868,0.0
1704,RidgeCov,0.08243795484304428,TargetRidge,0.3360532522201538,0.25361528992652893,RidgeCov,0.08243795484304428,0.0
1705,RidgeCov,0.09188445657491684,TargetRidge,0.32297196984291077,0.23108750581741333,RidgeCov,0.09188445657491684,0.0
1706,RidgeCov,0.08106610178947449,TargetRidge,0.3366227447986603,0.2555566430091858,RidgeCov,0.08106610178947449,0.0
1707,RidgeCov,0.08243925869464874,TargetRidge,0.34947776794433594,0.2670385241508484,RidgeCov,0.08243925869464874,0.0
1708,RidgeCov,0.08291151374578476,TargetRidge,0.32145658135414124,0.23854506015777588,RidgeCov,0.08291151374578476,0.0
1709,RidgeCov,0.0854388102889061,TargetRidge,0.36768606305122375,0.28224724531173706,RidgeCov,0.0854388102889061,0.0
1710,RidgeCov,0.08988922089338303,TargetRidge,0.348076730966568,0.25818750262260437,RidgeCov,0.08988922089338303,0.0
1711,RidgeCov,0.0999150276184082,TargetRidge,0.35287293791770935,0.25295791029930115,RidgeCov,0.0999150276184082,0.0
1712,RidgeCov,0.10512280464172363,TargetRidge,0.33464884757995605,0.22952604293823242,RidgeCov,0.10512280464172363,0.0
1713,RidgeCov,0.10255473852157593,TargetRidge,0.3218805491924286,0.21932581067085266,RidgeCov,0.10255473852157593,0.0
1714,RidgeCov,0.10252534598112106,TargetRidge,0.3160208761692047,0.21349552273750305,RidgeCov,0.10252534598112106,0.0
1715,RidgeCov,0.09655633568763733,TargetRidge,0.29277417063713074,0.1962178349494934,RidgeCov,0.09655633568763733,0.0
1716,RidgeCov,0.10617872327566147,TargetRidge,0.2853783369064331,0.17919960618019104,RidgeCov,0.10617872327566147,0.0
1717,RidgeCov,0.10686814039945602,TargetRidge,0.24659423530101776,0.13972610235214233,RidgeCov,0.10686814039945602,0.0
1718,RidgeCov,0.10507635027170181,TargetRidge,0.3648017346858978,0.2597253918647766,RidgeCov,0.10507635027170181,0.0
1719,RidgeCov,0.11097363382577896,TargetRidge,0.3431592881679535,0.23218566179275513,RidgeCov,0.11097363382577896,0.0
1720,RidgeCov,0.09699676185846329,TargetRidge,0.3460598289966583,0.24906307458877563,RidgeCov,0.09699676185846329,0.0
1721,RidgeCov,0.11099793761968613,TargetRidge,0.29685184359550476,0.18585389852523804,RidgeCov,0.11099793761968613,0.0
1722,RidgeCov,0.09426099061965942,TargetRidge,0.3186153471469879,0.2243543565273285,RidgeCov,0.09426099061965942,0.0
1723,RidgeCov,0.09127422422170639,TargetRidge,0.2832087278366089,0.1919344961643219,RidgeCov,0.09127422422170639,0.0
1724,RidgeCov,0.09318992495536804,TargetRidge,0.2584814131259918,0.16529148817062378,RidgeCov,0.09318992495536804,0.0
1725,RidgeCov,0.09412045031785965,TargetRidge,0.19492243230342865,0.100801981985569,RidgeCov,0.09412045031785965,0.0
1726,RidgeCov,0.0943504348397255,TargetRidge,0.1516067534685135,0.057256318628787994,RidgeCov,0.0943504348397255,0.0
1727,RidgeCov,0.1185949370265007,TargetRidge,0.12913893163204193,0.01054399460554123,RidgeCov,0.1185949370265007,0.0
1728,RidgeCov,0.09013325721025467,TargetRidge,0.1254349797964096,0.03530172258615494,RidgeCov,0.09013325721025467,0.0
1729,RidgeCov,0.10473183542490005,TargetRidge,0.13292595744132996,0.0281941220164299,RidgeCov,0.10473183542490005,0.0
1730,RidgeCov,0.10227847099304199,TargetRidge,0.223468616604805,0.121190145611763,RidgeCov,0.10227847099304199,0.0
1731,RidgeCov,0.0904797688126564,TargetRidge,0.13795077800750732,0.04747100919485092,RidgeCov,0.0904797688126564,0.0
1732,RidgeCov,0.10606826096773148,TargetRidge,0.11775022745132446,0.011681966483592987,RidgeCov,0.10606826096773148,0.0
1733,RidgeCov,0.10664389282464981,TargetRidge,0.11822551488876343,0.011581622064113617,RidgeCov,0.10664389282464981,0.0
1734,TargetRidge,0.0892934575676918,RidgeCov,0.10600554943084717,0.016712091863155365,RidgeCov,0.10600554943084717,0.016712091863155365
1735,RidgeCov,0.09914179891347885,TargetRidge,0.1008070632815361,0.001665264368057251,RidgeCov,0.09914179891347885,0.0
1736,RidgeCov,0.092007577419281,TargetRidge,0.1023346409201622,0.010327063500881195,RidgeCov,0.092007577419281,0.0
1737,RidgeCov,0.08883875608444214,TargetRidge,0.09984459728002548,0.011005841195583344,RidgeCov,0.08883875608444214,0.0
1738,RidgeCov,0.09006600826978683,TargetRidge,0.10755915194749832,0.017493143677711487,RidgeCov,0.09006600826978683,0.0
1739,RidgeCov,0.101653553545475,TargetRidge,0.1634492129087448,0.061795659363269806,RidgeCov,0.101653553545475,0.0
1740,RidgeCov,0.08575013279914856,TargetRidge,0.14002381265163422,0.05427367985248566,RidgeCov,0.08575013279914856,0.0
1741,RidgeCov,0.09199633449316025,DampedTrend,0.15880699455738068,0.06681066006422043,RidgeCov,0.09199633449316025,0.0
1742,RidgeCov,0.09206048399209976,TargetRidge,0.13028208911418915,0.038221605122089386,RidgeCov,0.09206048399209976,0.0
1743,RidgeCov,0.07825122028589249,TargetRidge,0.14773119986057281,0.06947997957468033,RidgeCov,0.07825122028589249,0.0
1744,RidgeCov,0.09330146759748459,TargetRidge,0.14002925157546997,0.04672778397798538,RidgeCov,0.09330146759748459,0.0
1745,RidgeCov,0.08487221598625183,TargetRidge,0.17262642085552216,0.08775420486927032,RidgeCov,0.08487221598625183,0.0
1746,RidgeCov,0.10296187549829483,TargetRidge,0.18789659440517426,0.08493471890687943,RidgeCov,0.10296187549829483,0.0
1747,RidgeCov,0.08219502121210098,Persistence,0.1834641695022583,0.10126914829015732,RidgeCov,0.08219502121210098,0.0
1748,RidgeCov,0.1138700470328331,Persistence,0.1891103833913803,0.07524033635854721,RidgeCov,0.1138700470328331,0.0
1749,RidgeCov,0.08364089578390121,Persistence,0.3478353023529053,0.26419439911842346,RidgeCov,0.08364089578390121,0.0
1750,RidgeCov,0.12485157698392868,Persistence,0.23763667047023773,0.11278509348630905,RidgeCov,0.12485157698392868,0.0
1751,RidgeCov,0.1478002667427063,Persistence,0.20644748210906982,0.058647215366363525,RidgeCov,0.1478002667427063,0.0
1752,RidgeCov,0.1786050647497177,EWMFast,0.2469220906496048,0.06831702589988708,RidgeCov,0.1786050647497177,0.0
1753,RidgeCov,0.12984061241149902,EWMFast,0.23355503380298615,0.10371442139148712,RidgeCov,0.12984061241149902,0.0
1754,RidgeCov,0.132607564330101,Persistence,0.23405414819717407,0.10144658386707306,RidgeCov,0.132607564330101,0.0
1755,RidgeCov,0.1257382035255432,EWMFast,0.2346942275762558,0.10895602405071259,RidgeCov,0.1257382035255432,0.0
1756,RidgeCov,0.12426578253507614,Persistence,0.23908424377441406,0.11481846123933792,RidgeCov,0.12426578253507614,0.0
1757,RidgeCov,0.1466023474931717,EWMFast,0.24887911975383759,0.1022767722606659,RidgeCov,0.1466023474931717,0.0
1758,RidgeCov,0.12562651932239532,EWMFast,0.26347649097442627,0.13784997165203094,RidgeCov,0.12562651932239532,0.0
1759,RidgeCov,0.1297045350074768,EWMFast,0.28008392453193665,0.15037938952445984,RidgeCov,0.1297045350074768,0.0
1760,RidgeCov,0.15133891999721527,MeanRevertSlow,0.2837387025356293,0.132399782538414,RidgeCov,0.15133891999721527,0.0
1761,RidgeCov,0.11087581515312195,MeanRevertSlow,0.2754233181476593,0.16454750299453735,RidgeCov,0.11087581515312195,0.0
1762,RidgeCov,0.12221666425466537,MeanRevertSlow,0.23675572872161865,0.11453906446695328,RidgeCov,0.12221666425466537,0.0
1763,RidgeCov,0.1875973790884018,MeanRevertSlow,0.20226961374282837,0.014672234654426575,RidgeCov,0.1875973790884018,0.0
1764,RidgeCov,0.14305941760540009,MeanRevertSlow,0.20221291482448578,0.05915349721908569,RidgeCov,0.14305941760540009,0.0
1765,RidgeCov,0.13357776403427124,MeanRevertSlow,0.20316071808338165,0.06958295404911041,RidgeCov,0.13357776403427124,0.0
1766,RidgeCov,0.1121494397521019,MeanRevertSlow,0.21144990622997284,0.09930046647787094,RidgeCov,0.1121494397521019,0.0
1767,RidgeCov,0.10883808881044388,TargetRidge,0.2738933265209198,0.16505524516105652,RidgeCov,0.10883808881044388,0.0
1768,RidgeCov,0.11637940257787704,MeanRevertSlow,0.2515157163143158,0.13513630628585815,RidgeCov,0.11637940257787704,0.0
1769,RidgeCov,0.12844128906726837,TargetRidge,0.27652594447135925,0.14808465540409088,RidgeCov,0.12844128906726837,0.0
1770,RidgeCov,0.11128264665603638,MeanRevertSlow,0.2238309383392334,0.11254829168319702,RidgeCov,0.11128264665603638,0.0
1771,RidgeCov,0.10118494182825089,MeanRevertSlow,0.23167456686496735,0.13048961758613586,RidgeCov,0.10118494182825089,0.0
1772,RidgeCov,0.1222788393497467,TargetRidge,0.2449052780866623,0.12262643873691559,RidgeCov,0.1222788393497467,0.0
1773,RidgeCov,0.09301812201738358,TargetRidge,0.2686174213886261,0.17559930682182312,RidgeCov,0.09301812201738358,0.0
1774,RidgeCov,0.11130082607269287,TargetRidge,0.19926266372203827,0.0879618376493454,RidgeCov,0.11130082607269287,0.0
1775,RidgeCov,0.0955042913556099,TargetRidge,0.1981397420167923,0.1026354506611824,RidgeCov,0.0955042913556099,0.0
1776,RidgeCov,0.10376927256584167,MeanRevertSlow,0.27300116419792175,0.16923189163208008,RidgeCov,0.10376927256584167,0.0
1777,RidgeCov,0.10389520972967148,TargetRidge,0.2176143079996109,0.11371909826993942,RidgeCov,0.10389520972967148,0.0
1778,RidgeCov,0.07274235039949417,TargetRidge,0.191569522023201,0.11882717162370682,RidgeCov,0.07274235039949417,0.0
1779,RidgeCov,0.12259048968553543,TargetRidge,0.14061318337917328,0.018022693693637848,RidgeCov,0.12259048968553543,0.0
1780,RidgeCov,0.1002052053809166,TargetRidge,0.2004103809595108,0.10020517557859421,RidgeCov,0.1002052053809166,0.0
1781,RidgeCov,0.08918881416320801,TargetRidge,0.11338872462511063,0.02419991046190262,RidgeCov,0.08918881416320801,0.0
1782,RidgeCov,0.11462434381246567,TargetRidge,0.13624058663845062,0.021616242825984955,RidgeCov,0.11462434381246567,0.0
1783,RidgeCov,0.10015320777893066,TargetRidge,0.1338152438402176,0.033662036061286926,RidgeCov,0.10015320777893066,0.0
1784,RidgeCov,0.09737032651901245,TargetRidge,0.10837147384881973,0.011001147329807281,RidgeCov,0.09737032651901245,0.0
1785,RidgeCov,0.06877431273460388,TargetRidge,0.1080312505364418,0.03925693780183792,RidgeCov,0.06877431273460388,0.0
1786,RidgeCov,0.09212291240692139,TargetRidge,0.16618560254573822,0.07406269013881683,RidgeCov,0.09212291240692139,0.0
1787,RidgeCov,0.0872926115989685,TargetRidge,0.0966828241944313,0.009390212595462799,RidgeCov,0.0872926115989685,0.0
1788,TargetRidge,0.09441670030355453,RidgeCov,0.14966660737991333,0.055249907076358795,RidgeCov,0.14966660737991333,0.055249907076358795
1789,RidgeCov,0.11605745553970337,TargetRidge,0.11774943023920059,0.001691974699497223,RidgeCov,0.11605745553970337,0.0
1790,TargetRidge,0.10691576451063156,RidgeCov,0.12101966142654419,0.014103896915912628,RidgeCov,0.12101966142654419,0.014103896915912628
1791,TargetRidge,0.10389658063650131,RidgeCov,0.10582872480154037,0.0019321441650390625,RidgeCov,0.10582872480154037,0.0019321441650390625
1792,RidgeCov,0.09556475281715393,TargetRidge,0.09859434515237808,0.0030295923352241516,RidgeCov,0.09556475281715393,0.0
1793,RidgeCov,0.08612331002950668,TargetRidge,0.13641685247421265,0.05029354244470596,RidgeCov,0.08612331002950668,0.0
1794,RidgeCov,0.10699719935655594,TargetRidge,0.1340465396642685,0.027049340307712555,RidgeCov,0.10699719935655594,0.0
1795,RidgeCov,0.09272527694702148,TargetRidge,0.11433618515729904,0.021610908210277557,RidgeCov,0.09272527694702148,0.0
1796,RidgeCov,0.11322072148323059,TargetRidge,0.12731069326400757,0.014089971780776978,RidgeCov,0.11322072148323059,0.0
1797,RidgeCov,0.10991877317428589,TargetRidge,0.1242184042930603,0.014299631118774414,RidgeCov,0.10991877317428589,0.0
1798,RidgeCov,0.09040703624486923,TargetRidge,0.1367124319076538,0.046305395662784576,RidgeCov,0.09040703624486923,0.0
1799,RidgeCov,0.12020725756883621,TargetRidge,0.17976510524749756,0.059557847678661346,RidgeCov,0.12020725756883621,0.0
1800,RidgeCov,0.14310264587402344,TargetRidge,0.1698150634765625,0.026712417602539062,RidgeCov,0.14310264587402344,0.0
1801,RidgeCov,0.11852426081895828,TargetRidge,0.18071170151233673,0.06218744069337845,RidgeCov,0.11852426081895828,0.0
1802,RidgeCov,0.11581361293792725,TargetRidge,0.18766570091247559,0.07185208797454834,RidgeCov,0.11581361293792725,0.0
1803,RidgeCov,0.08620066195726395,TargetRidge,0.31416574120521545,0.2279650866985321,RidgeCov,0.08620066195726395,0.0
1804,RidgeCov,0.07999750226736069,TargetRidge,0.28512951731681824,0.20513200759887695,RidgeCov,0.07999750226736069,0.0
1805,RidgeCov,0.08939938992261887,TargetRidge,0.25704246759414673,0.16764307022094727,RidgeCov,0.08939938992261887,0.0
1806,RidgeCov,0.10596560686826706,TargetRidge,0.28056201338768005,0.1745963990688324,RidgeCov,0.10596560686826706,0.0
1807,RidgeCov,0.09047556668519974,TargetRidge,0.40772971510887146,0.3172541558742523,RidgeCov,0.09047556668519974,0.0
1808,RidgeCov,0.07789640873670578,TargetRidge,0.30170103907585144,0.22380462288856506,RidgeCov,0.07789640873670578,0.0
1809,RidgeCov,0.12343361228704453,TargetRidge,0.4867914915084839,0.36335787177085876,RidgeCov,0.12343361228704453,0.0
1810,RidgeCov,0.1373865008354187,TargetRidge,0.40101632475852966,0.26362982392311096,RidgeCov,0.1373865008354187,0.0
1811,RidgeCov,0.10894862562417984,TargetRidge,0.5042380690574646,0.39528945088386536,RidgeCov,0.10894862562417984,0.0
1812,RidgeCov,0.14902900159358978,TargetRidge,0.3941311836242676,0.2451021820306778,RidgeCov,0.14902900159358978,0.0
1813,RidgeCov,0.15717898309230804,TargetRidge,0.4462982714176178,0.28911930322647095,RidgeCov,0.15717898309230804,0.0
1814,RidgeCov,0.13998641073703766,TargetRidge,0.5723471641540527,0.43236076831817627,RidgeCov,0.13998641073703766,0.0
1815,RidgeCov,0.11519700288772583,TargetRidge,0.6672831177711487,0.5520861148834229,RidgeCov,0.11519700288772583,0.0
1816,RidgeCov,0.133652463555336,TargetRidge,0.6116997599601746,0.47804731130599976,RidgeCov,0.133652463555336,0.0
1817,RidgeCov,0.1469164490699768,TargetRidge,0.7673416137695312,0.6204251646995544,RidgeCov,0.1469164490699768,0.0
1818,RidgeCov,0.1277184933423996,TargetRidge,0.7139412760734558,0.586222767829895,RidgeCov,0.1277184933423996,0.0
1819,RidgeCov,0.1816684752702713,TargetRidge,0.7922074198722839,0.6105389595031738,RidgeCov,0.1816684752702713,0.0
1820,RidgeCov,0.1366671919822693,TargetRidge,0.8052956461906433,0.668628454208374,RidgeCov,0.1366671919822693,0.0
1821,RidgeCov,0.15439140796661377,TargetRidge,0.7725417017936707,0.6181502938270569,RidgeCov,0.15439140796661377,0.0
1822,RidgeCov,0.13827192783355713,TargetRidge,0.9801021218299866,0.8418301939964294,RidgeCov,0.13827192783355713,0.0
1823,RidgeCov,0.1430695801973343,TargetRidge,0.9073125720024109,0.7642430067062378,RidgeCov,0.1430695801973343,0.0
1824,RidgeCov,0.1664162278175354,TargetRidge,0.9033450484275818,0.7369288206100464,RidgeCov,0.1664162278175354,0.0
1825,RidgeCov,0.15583156049251556,TargetRidge,0.9872216582298279,0.8313900828361511,RidgeCov,0.15583156049251556,0.0
1826,RidgeCov,0.16032534837722778,ZeroPred,1.057637333869934,0.8973119854927063,RidgeCov,0.16032534837722778,0.0
1827,RidgeCov,0.14478014409542084,TargetRidge,1.0181068181991577,0.8733266592025757,RidgeCov,0.14478014409542084,0.0
1828,RidgeCov,0.12468401342630386,ZeroPred,1.0665870904922485,0.9419030547142029,RidgeCov,0.12468401342630386,0.0
1829,RidgeCov,0.1519327014684677,ZeroPred,1.0683822631835938,0.9164495468139648,RidgeCov,0.1519327014684677,0.0
1830,RidgeCov,0.16437651216983795,TargetRidge,0.9834758639335632,0.8190993666648865,RidgeCov,0.16437651216983795,0.0
1831,RidgeCov,0.16670089960098267,TargetRidge,1.0437051057815552,0.8770042061805725,RidgeCov,0.16670089960098267,0.0
1832,RidgeCov,0.15923021733760834,ZeroPred,1.0661897659301758,0.9069595336914062,RidgeCov,0.15923021733760834,0.0
1833,RidgeCov,0.1694149374961853,ZeroPred,1.0653376579284668,0.8959227204322815,RidgeCov,0.1694149374961853,0.0
1834,RidgeCov,0.2146340161561966,ZeroPred,1.0627431869506836,0.8481091856956482,RidgeCov,0.2146340161561966,0.0
1835,RidgeCov,0.17285330593585968,TargetRidge,0.9785541892051697,0.8057008981704712,RidgeCov,0.17285330593585968,0.0
1836,RidgeCov,0.23298539221286774,TargetRidge,0.9588209986686707,0.7258356213569641,RidgeCov,0.23298539221286774,0.0
1837,RidgeCov,0.20086149871349335,TargetRidge,1.005293846130371,0.8044323325157166,RidgeCov,0.20086149871349335,0.0
1838,RidgeCov,0.21835309267044067,ZeroPred,1.0425621271133423,0.8242090344429016,RidgeCov,0.21835309267044067,0.0
1839,RidgeCov,0.21481549739837646,ZeroPred,1.0427756309509277,0.8279601335525513,RidgeCov,0.21481549739837646,0.0
1840,RidgeCov,0.2112521380186081,TargetRidge,1.0172961950302124,0.8060440421104431,RidgeCov,0.2112521380186081,0.0
1841,RidgeCov,0.17710693180561066,TargetRidge,0.9007086157798767,0.7236016988754272,RidgeCov,0.17710693180561066,0.0
1842,RidgeCov,0.19157032668590546,TargetRidge,0.9517310261726379,0.7601606845855713,RidgeCov,0.19157032668590546,0.0
1843,RidgeCov,0.17611776292324066,TargetRidge,0.965101420879364,0.7889836430549622,RidgeCov,0.17611776292324066,0.0
1844,RidgeCov,0.16639293730258942,TargetRidge,0.9521419405937195,0.7857490181922913,RidgeCov,0.16639293730258942,0.0
1845,RidgeCov,0.19075781106948853,TargetRidge,0.9359394907951355,0.745181679725647,RidgeCov,0.19075781106948853,0.0
1846,RidgeCov,0.18220388889312744,TargetRidge,0.8017661571502686,0.6195622682571411,RidgeCov,0.18220388889312744,0.0
1847,RidgeCov,0.19051659107208252,TargetRidge,0.8074985146522522,0.6169819235801697,RidgeCov,0.19051659107208252,0.0
1848,RidgeCov,0.1483784019947052,TargetRidge,0.7507867813110352,0.6024084091186523,RidgeCov,0.1483784019947052,0.0
1849,RidgeCov,0.15569335222244263,TargetRidge,0.7787747979164124,0.6230814456939697,RidgeCov,0.15569335222244263,0.0
1850,RidgeCov,0.18743400275707245,TargetRidge,0.8263614177703857,0.6389274001121521,RidgeCov,0.18743400275707245,0.0
1851,RidgeCov,0.16498379409313202,TargetRidge,0.8489193916320801,0.6839355826377869,RidgeCov,0.16498379409313202,0.0
1852,RidgeCov,0.17639382183551788,TargetRidge,0.7148860096931458,0.5384922027587891,RidgeCov,0.17639382183551788,0.0
1853,RidgeCov,0.17413932085037231,TargetRidge,0.6803845763206482,0.5062452554702759,RidgeCov,0.17413932085037231,0.0
1854,RidgeCov,0.16737644374370575,TargetRidge,0.5725217461585999,0.4051452875137329,RidgeCov,0.16737644374370575,0.0
1855,RidgeCov,0.19609566032886505,TargetRidge,0.6636807322502136,0.46758508682250977,RidgeCov,0.19609566032886505,0.0
1856,RidgeCov,0.17780835926532745,TargetRidge,0.6587892174720764,0.48098087310791016,RidgeCov,0.17780835926532745,0.0
1857,RidgeCov,0.18983836472034454,TargetRidge,0.5086963176727295,0.31885796785354614,RidgeCov,0.18983836472034454,0.0
1858,RidgeCov,0.20303653180599213,TargetRidge,0.498475044965744,0.2954385280609131,RidgeCov,0.20303653180599213,0.0
1859,RidgeCov,0.19195902347564697,TargetRidge,0.6053637862205505,0.41340476274490356,RidgeCov,0.19195902347564697,0.0
1860,RidgeCov,0.1987033635377884,TargetRidge,0.48279353976249695,0.28409016132354736,RidgeCov,0.1987033635377884,0.0
1861,RidgeCov,0.21692509949207306,TargetRidge,0.4290541708469391,0.21212907135486603,RidgeCov,0.21692509949207306,0.0
1862,RidgeCov,0.22557689249515533,TargetRidge,0.4884486198425293,0.26287174224853516,RidgeCov,0.22557689249515533,0.0
1863,RidgeCov,0.17773722112178802,TargetRidge,0.4029056131839752,0.2251683920621872,RidgeCov,0.17773722112178802,0.0
1864,RidgeCov,0.21092261373996735,TargetRidge,0.39919742941856384,0.1882748156785965,RidgeCov,0.21092261373996735,0.0
1865,RidgeCov,0.19957180321216583,TargetRidge,0.3505767285823822,0.15100492537021637,RidgeCov,0.19957180321216583,0.0
1866,RidgeCov,0.1970844715833664,TargetRidge,0.33571484684944153,0.13863037526607513,RidgeCov,0.1970844715833664,0.0
1867,RidgeCov,0.20380455255508423,TargetRidge,0.31869015097618103,0.1148855984210968,RidgeCov,0.20380455255508423,0.0
1868,RidgeCov,0.2505330443382263,TargetRidge,0.2970068156719208,0.04647377133369446,RidgeCov,0.2505330443382263,0.0
1869,RidgeCov,0.2925149202346802,TargetRidge,0.35398992896080017,0.061475008726119995,RidgeCov,0.2925149202346802,0.0
1870,TargetRidge,0.29792988300323486,RidgeCov,0.31299516558647156,0.015065282583236694,RidgeCov,0.31299516558647156,0.015065282583236694
1871,RidgeCov,0.20684154331684113,TargetRidge,0.2911961078643799,0.08435456454753876,RidgeCov,0.20684154331684113,0.0
1872,TargetRidge,0.22406141459941864,RidgeCov,0.2688332796096802,0.044771865010261536,RidgeCov,0.2688332796096802,0.044771865010261536
1873,RidgeCov,0.1839909553527832,TargetRidge,0.18594253063201904,0.0019515752792358398,RidgeCov,0.1839909553527832,0.0
1874,TargetRidge,0.18236196041107178,RidgeCov,0.19656620919704437,0.014204248785972595,RidgeCov,0.19656620919704437,0.014204248785972595
1875,RidgeCov,0.24622265994548798,TargetRidge,0.29475316405296326,0.04853050410747528,RidgeCov,0.24622265994548798,0.0
1876,TargetRidge,0.17284560203552246,RidgeCov,0.24979205429553986,0.0769464522600174,RidgeCov,0.24979205429553986,0.0769464522600174
1877,TargetRidge,0.1763346940279007,RidgeCov,0.2596941888332367,0.083359494805336,RidgeCov,0.2596941888332367,0.083359494805336
1878,TargetRidge,0.18499207496643066,RidgeCov,0.22447963058948517,0.039487555623054504,RidgeCov,0.22447963058948517,0.039487555623054504
1879,TargetRidge,0.18280093371868134,RidgeCov,0.2022765874862671,0.019475653767585754,RidgeCov,0.2022765874862671,0.019475653767585754
1880,TargetRidge,0.14825129508972168,RidgeCov,0.2317555695772171,0.08350427448749542,RidgeCov,0.2317555695772171,0.08350427448749542
1881,TargetRidge,0.16669237613677979,RidgeCov,0.23729880154132843,0.07060642540454865,RidgeCov,0.23729880154132843,0.07060642540454865
1882,TargetRidge,0.1583762913942337,RidgeCov,0.16323353350162506,0.004857242107391357,RidgeCov,0.16323353350162506,0.004857242107391357
1883,TargetRidge,0.11508370190858841,RidgeCov,0.20634973049163818,0.09126602858304977,RidgeCov,0.20634973049163818,0.09126602858304977
1884,TargetRidge,0.155172660946846,RidgeCov,0.18111717700958252,0.02594451606273651,RidgeCov,0.18111717700958252,0.02594451606273651
1885,TargetRidge,0.1169542446732521,RidgeCov,0.3153512179851532,0.1983969807624817,RidgeCov,0.3153512179851532,0.1983969807624817
1886,TargetRidge,0.16606847941875458,RidgeCov,0.24828945100307465,0.08222097158432007,RidgeCov,0.24828945100307465,0.08222097158432007
1887,RidgeCov,0.27046167850494385,TargetRidge,0.31824782490730286,0.04778614640235901,RidgeCov,0.27046167850494385,0.0
1888,RidgeCov,0.18778455257415771,TargetRidge,0.4085483253002167,0.22076377272605896,RidgeCov,0.18778455257415771,0.0
1889,RidgeCov,0.1923837661743164,TargetRidge,0.30464574694633484,0.11226198077201843,RidgeCov,0.1923837661743164,0.0
1890,TargetRidge,0.152130588889122,RidgeCov,0.18547511100769043,0.03334452211856842,RidgeCov,0.18547511100769043,0.03334452211856842
1891,RidgeCov,0.14622217416763306,TargetRidge,0.15163223445415497,0.005410060286521912,RidgeCov,0.14622217416763306,0.0
1892,RidgeCov,0.14931310713291168,TargetRidge,0.1628013402223587,0.013488233089447021,RidgeCov,0.14931310713291168,0.0
1893,TargetRidge,0.17039211094379425,RidgeCov,0.18812184035778046,0.017729729413986206,RidgeCov,0.18812184035778046,0.017729729413986206
1894,RidgeCov,0.17278875410556793,TargetRidge,0.1966838389635086,0.023895084857940674,RidgeCov,0.17278875410556793,0.0
1895,RidgeCov,0.1747114211320877,TargetRidge,0.17786765098571777,0.003156229853630066,RidgeCov,0.1747114211320877,0.0
1896,RidgeCov,0.13334335386753082,TargetRidge,0.20208175480365753,0.06873840093612671,RidgeCov,0.13334335386753082,0.0
1897,RidgeCov,0.1613009124994278,TargetRidge,0.20119397342205048,0.03989306092262268,RidgeCov,0.1613009124994278,0.0
1898,RidgeCov,0.15279869735240936,TargetRidge,0.2412780523300171,0.08847935497760773,RidgeCov,0.15279869735240936,0.0
1899,RidgeCov,0.1640453338623047,TargetRidge,0.23703686892986298,0.07299153506755829,RidgeCov,0.1640453338623047,0.0
1900,RidgeCov,0.1847906857728958,TargetRidge,0.21410830318927765,0.029317617416381836,RidgeCov,0.1847906857728958,0.0
1901,RidgeCov,0.15470854938030243,TargetRidge,0.22107850015163422,0.06636995077133179,RidgeCov,0.15470854938030243,0.0
1902,RidgeCov,0.15749117732048035,TargetRidge,0.27873873710632324,0.1212475597858429,RidgeCov,0.15749117732048035,0.0
1903,RidgeCov,0.11857769638299942,TargetRidge,0.3040185868740082,0.18544089794158936,RidgeCov,0.11857769638299942,0.0
1904,RidgeCov,0.1798076629638672,TargetRidge,0.43579694628715515,0.25598928332328796,RidgeCov,0.1798076629638672,0.0
1905,RidgeCov,0.18855096399784088,TargetRidge,0.3457840383052826,0.1572330743074417,RidgeCov,0.18855096399784088,0.0
1906,RidgeCov,0.190470889210701,TargetRidge,0.3289478123188019,0.1384769231081009,RidgeCov,0.190470889210701,0.0
1907,RidgeCov,0.1721307784318924,TargetRidge,0.2772887051105499,0.10515792667865753,RidgeCov,0.1721307784318924,0.0
1908,RidgeCov,0.17112070322036743,TargetRidge,0.317918062210083,0.14679735898971558,RidgeCov,0.17112070322036743,0.0
1909,RidgeCov,0.16982607543468475,TargetRidge,0.43727850914001465,0.2674524188041687,RidgeCov,0.16982607543468475,0.0
1910,RidgeCov,0.1335146427154541,TargetRidge,0.33555856347084045,0.20204392075538635,RidgeCov,0.1335146427154541,0.0
1911,RidgeCov,0.17370565235614777,TargetRidge,0.2946382761001587,0.12093262374401093,RidgeCov,0.17370565235614777,0.0
1912,RidgeCov,0.15197163820266724,TargetRidge,0.346103698015213,0.19413205981254578,RidgeCov,0.15197163820266724,0.0
1913,RidgeCov,0.14846299588680267,TargetRidge,0.4318940341472626,0.2834310531616211,RidgeCov,0.14846299588680267,0.0
1914,RidgeCov,0.16387072205543518,TargetRidge,0.32903897762298584,0.16516825556755066,RidgeCov,0.16387072205543518,0.0
1915,RidgeCov,0.12969304621219635,TargetRidge,0.4497608244419098,0.32006776332855225,RidgeCov,0.12969304621219635,0.0
1916,RidgeCov,0.16846401989459991,TargetRidge,0.42449450492858887,0.25603049993515015,RidgeCov,0.16846401989459991,0.0
1917,RidgeCov,0.16906505823135376,TargetRidge,0.5079646706581116,0.3388996124267578,RidgeCov,0.16906505823135376,0.0
1918,RidgeCov,0.17676597833633423,TargetRidge,0.37927696108818054,0.2025109827518463,RidgeCov,0.17676597833633423,0.0
1919,RidgeCov,0.13017557561397552,TargetRidge,0.4865055978298187,0.3563300371170044,RidgeCov,0.13017557561397552,0.0
1920,RidgeCov,0.16040480136871338,TargetRidge,0.48362937569618225,0.32322457432746887,RidgeCov,0.16040480136871338,0.0
1921,RidgeCov,0.15800218284130096,TargetRidge,0.49473071098327637,0.3367285132408142,RidgeCov,0.15800218284130096,0.0
1922,RidgeCov,0.17907197773456573,TargetRidge,0.5228815078735352,0.3438095450401306,RidgeCov,0.17907197773456573,0.0
1923,RidgeCov,0.18116410076618195,TargetRidge,0.5329176187515259,0.3517535328865051,RidgeCov,0.18116410076618195,0.0
1924,RidgeCov,0.2075175791978836,TargetRidge,0.63894122838974,0.4314236640930176,RidgeCov,0.2075175791978836,0.0
1925,RidgeCov,0.14719706773757935,TargetRidge,0.5415544509887695,0.3943573832511902,RidgeCov,0.14719706773757935,0.0
1926,RidgeCov,0.16048021614551544,TargetRidge,0.6441521048545837,0.4836719036102295,RidgeCov,0.16048021614551544,0.0
1927,RidgeCov,0.15142975747585297,TargetRidge,0.677358090877533,0.5259283185005188,RidgeCov,0.15142975747585297,0.0
1928,RidgeCov,0.12186934798955917,TargetRidge,0.5238650441169739,0.4019956886768341,RidgeCov,0.12186934798955917,0.0
1929,RidgeCov,0.17507319152355194,TargetRidge,0.6595147252082825,0.48444151878356934,RidgeCov,0.17507319152355194,0.0
1930,RidgeCov,0.1300356090068817,TargetRidge,0.8565372824668884,0.7265017032623291,RidgeCov,0.1300356090068817,0.0
1931,RidgeCov,0.11093252897262573,TargetRidge,0.8974606990814209,0.7865281701087952,RidgeCov,0.11093252897262573,0.0
1932,RidgeCov,0.10427522659301758,TargetRidge,0.9579801559448242,0.8537049293518066,RidgeCov,0.10427522659301758,0.0
1933,RidgeCov,0.12358217686414719,TargetRidge,0.7852932810783386,0.6617110967636108,RidgeCov,0.12358217686414719,0.0
1934,RidgeCov,0.11825986951589584,TargetRidge,0.7449485659599304,0.6266887187957764,RidgeCov,0.11825986951589584,0.0
1935,RidgeCov,0.14193950593471527,TargetRidge,0.6604945063591003,0.5185549855232239,RidgeCov,0.14193950593471527,0.0
1936,RidgeCov,0.12689398229122162,TargetRidge,0.5962144732475281,0.46932047605514526,RidgeCov,0.12689398229122162,0.0
1937,RidgeCov,0.1259947568178177,TargetRidge,0.6379610896110535,0.511966347694397,RidgeCov,0.1259947568178177,0.0
1938,RidgeCov,0.1201011911034584,TargetRidge,0.5961204171180725,0.4760192334651947,RidgeCov,0.1201011911034584,0.0
1939,RidgeCov,0.1303492933511734,TargetRidge,0.6784282326698303,0.5480789542198181,RidgeCov,0.1303492933511734,0.0
1940,RidgeCov,0.12990491092205048,TargetRidge,0.8172776103019714,0.6873726844787598,RidgeCov,0.12990491092205048,0.0
1941,RidgeCov,0.09111329168081284,TargetRidge,0.6837874054908752,0.5926741361618042,RidgeCov,0.09111329168081284,0.0
1942,RidgeCov,0.12229184061288834,TargetRidge,0.6283240914344788,0.5060322284698486,RidgeCov,0.12229184061288834,0.0
1943,RidgeCov,0.10284093767404556,TargetRidge,0.7900821566581726,0.6872411966323853,RidgeCov,0.10284093767404556,0.0
1944,RidgeCov,0.12655262649059296,TargetRidge,0.6536521315574646,0.5270994901657104,RidgeCov,0.12655262649059296,0.0
1945,RidgeCov,0.13281460106372833,TargetRidge,0.6377286314964294,0.5049140453338623,RidgeCov,0.13281460106372833,0.0
1946,RidgeCov,0.12236712127923965,TargetRidge,0.4791696071624756,0.35680249333381653,RidgeCov,0.12236712127923965,0.0
1947,RidgeCov,0.13158303499221802,TargetRidge,0.5632103085517883,0.4316272735595703,RidgeCov,0.13158303499221802,0.0
1948,RidgeCov,0.16042281687259674,TargetRidge,0.5462139248847961,0.3857911229133606,RidgeCov,0.16042281687259674,0.0
1949,RidgeCov,0.1570974588394165,TargetRidge,0.587993323802948,0.4308958649635315,RidgeCov,0.1570974588394165,0.0
1950,RidgeCov,0.17417527735233307,TargetRidge,0.4504813253879547,0.27630603313446045,RidgeCov,0.17417527735233307,0.0
1951,RidgeCov,0.15399891138076782,TargetRidge,0.5121538043022156,0.35815489292144775,RidgeCov,0.15399891138076782,0.0
1952,RidgeCov,0.19702081382274628,TargetRidge,0.44172707200050354,0.24470625817775726,RidgeCov,0.19702081382274628,0.0
1953,RidgeCov,0.1674814224243164,TargetRidge,0.5806183218955994,0.41313689947128296,RidgeCov,0.1674814224243164,0.0
1954,RidgeCov,0.17206422984600067,TargetRidge,0.5478947758674622,0.3758305311203003,RidgeCov,0.17206422984600067,0.0
1955,RidgeCov,0.20580248534679413,TargetRidge,0.48470425605773926,0.27890175580978394,RidgeCov,0.20580248534679413,0.0
1956,RidgeCov,0.20105813443660736,TargetRidge,0.4785420000553131,0.27748388051986694,RidgeCov,0.20105813443660736,0.0
1957,RidgeCov,0.24268460273742676,TargetRidge,0.4840223789215088,0.24133777618408203,RidgeCov,0.24268460273742676,0.0
1958,RidgeCov,0.22988469898700714,TargetRidge,0.39264774322509766,0.16276304423809052,RidgeCov,0.22988469898700714,0.0
1959,RidgeCov,0.2111877053976059,TargetRidge,0.41111257672309875,0.19992487132549286,RidgeCov,0.2111877053976059,0.0
1960,RidgeCov,0.21897351741790771,TargetRidge,0.41114696860313416,0.19217345118522644,RidgeCov,0.21897351741790771,0.0
1961,RidgeCov,0.22590847313404083,TargetRidge,0.3692161738872528,0.14330770075321198,RidgeCov,0.22590847313404083,0.0
1962,RidgeCov,0.21523123979568481,TargetRidge,0.37379398941993713,0.15856274962425232,RidgeCov,0.21523123979568481,0.0
1963,RidgeCov,0.24984107911586761,TargetRidge,0.3514159023761749,0.10157482326030731,RidgeCov,0.24984107911586761,0.0
1964,RidgeCov,0.21448247134685516,TargetRidge,0.3155616819858551,0.10107921063899994,RidgeCov,0.21448247134685516,0.0
1965,RidgeCov,0.2102094292640686,TargetRidge,0.30989277362823486,0.09968334436416626,RidgeCov,0.2102094292640686,0.0
1966,RidgeCov,0.21347872912883759,TargetRidge,0.2656412124633789,0.05216248333454132,RidgeCov,0.21347872912883759,0.0
1967,RidgeCov,0.20885677635669708,TargetRidge,0.33715716004371643,0.12830038368701935,RidgeCov,0.20885677635669708,0.0
1968,RidgeCov,0.20182378590106964,TargetRidge,0.2614786624908447,0.059654876589775085,RidgeCov,0.20182378590106964,0.0
1969,RidgeCov,0.19866204261779785,TargetRidge,0.2369309663772583,0.03826892375946045,RidgeCov,0.19866204261779785,0.0
1970,RidgeCov,0.20486275851726532,TargetRidge,0.21321313083171844,0.008350372314453125,RidgeCov,0.20486275851726532,0.0
1971,RidgeCov,0.2039850801229477,TargetRidge,0.21957069635391235,0.01558561623096466,RidgeCov,0.2039850801229477,0.0
1972,RidgeCov,0.1922319382429123,TargetRidge,0.25583335757255554,0.06360141932964325,RidgeCov,0.1922319382429123,0.0
1973,TargetRidge,0.2020701915025711,RidgeCov,0.20399107038974762,0.0019208788871765137,RidgeCov,0.20399107038974762,0.0019208788871765137
1974,RidgeCov,0.17495138943195343,TargetRidge,0.20492678880691528,0.029975399374961853,RidgeCov,0.17495138943195343,0.0
1975,TargetRidge,0.1683640480041504,RidgeCov,0.17598974704742432,0.007625699043273926,RidgeCov,0.17598974704742432,0.007625699043273926
1976,RidgeCov,0.1661190539598465,TargetRidge,0.17851917445659637,0.012400120496749878,RidgeCov,0.1661190539598465,0.0
1977,TargetRidge,0.11881580203771591,RidgeCov,0.1700269728899002,0.051211170852184296,RidgeCov,0.1700269728899002,0.051211170852184296
1978,TargetRidge,0.10842150449752808,RidgeCov,0.14455263316631317,0.036131128668785095,RidgeCov,0.14455263316631317,0.036131128668785095
1979,TargetRidge,0.14667381346225739,RidgeCov,0.16623587906360626,0.019562065601348877,RidgeCov,0.16623587906360626,0.019562065601348877
1980,TargetRidge,0.12805283069610596,RidgeCov,0.15442830324172974,0.02637547254562378,RidgeCov,0.15442830324172974,0.02637547254562378
1981,TargetRidge,0.1151539757847786,RidgeCov,0.12706060707569122,0.011906631290912628,RidgeCov,0.12706060707569122,0.011906631290912628
1982,TargetRidge,0.09982216358184814,RidgeCov,0.1303626447916031,0.030540481209754944,RidgeCov,0.1303626447916031,0.030540481209754944
1983,TargetRidge,0.08810833841562271,RidgeCov,0.14685535430908203,0.05874701589345932,RidgeCov,0.14685535430908203,0.05874701589345932
1984,TargetRidge,0.08880522102117538,RidgeCov,0.12346617132425308,0.0346609503030777,RidgeCov,0.12346617132425308,0.0346609503030777
1985,TargetRidge,0.07322170585393906,RidgeCov,0.11395659297704697,0.04073488712310791,RidgeCov,0.11395659297704697,0.04073488712310791
1986,TargetRidge,0.07452081888914108,RidgeCov,0.11921459436416626,0.04469377547502518,RidgeCov,0.11921459436416626,0.04469377547502518
1987,TargetRidge,0.0690729096531868,RidgeCov,0.13696075975894928,0.06788785010576248,RidgeCov,0.13696075975894928,0.06788785010576248
1988,TargetRidge,0.05330371856689453,RidgeCov,0.12040799856185913,0.0671042799949646,RidgeCov,0.12040799856185913,0.0671042799949646
1989,TargetRidge,0.05144995450973511,RidgeCov,0.12490269541740417,0.07345274090766907,RidgeCov,0.12490269541740417,0.07345274090766907
1990,TargetRidge,0.04836272820830345,RidgeCov,0.10962487012147903,0.06126214191317558,RidgeCov,0.10962487012147903,0.06126214191317558
1991,TargetRidge,0.047186512500047684,RidgeCov,0.13450436294078827,0.08731785416603088,RidgeCov,0.13450436294078827,0.08731785416603088
1992,TargetRidge,0.0467393584549427,RidgeCov,0.14177599549293518,0.09503664076328278,RidgeCov,0.14177599549293518,0.09503664076328278
1993,TargetRidge,0.04346056655049324,RidgeCov,0.14974159002304077,0.10628102719783783,RidgeCov,0.14974159002304077,0.10628102719783783
1994,TargetRidge,0.04282708466053009,RidgeCov,0.13285990059375763,0.09003281593322754,RidgeCov,0.13285990059375763,0.09003281593322754
1995,TargetRidge,0.04362240433692932,RidgeCov,0.12702733278274536,0.08340492844581604,RidgeCov,0.12702733278274536,0.08340492844581604
1996,TargetRidge,0.04431977495551109,RidgeCov,0.13043846189975739,0.086118683218956,RidgeCov,0.13043846189975739,0.086118683218956
1997,TargetRidge,0.04799540340900421,RidgeCov,0.15470802783966064,0.10671262443065643,RidgeCov,0.15470802783966064,0.10671262443065643
1998,TargetRidge,0.04719787836074829,RidgeCov,0.1382472962141037,0.09104941785335541,RidgeCov,0.1382472962141037,0.09104941785335541
1999,TargetRidge,0.05062822625041008,RidgeCov,0.13283146917819977,0.08220323920249939,RidgeCov,0.13283146917819977,0.08220323920249939
2000,TargetRidge,0.052345335483551025,RidgeCov,0.13853688538074493,0.08619154989719391,RidgeCov,0.13853688538074493,0.08619154989719391
2001,TargetRidge,0.05452348291873932,RidgeCov,0.13311521708965302,0.0785917341709137,RidgeCov,0.13311521708965302,0.0785917341709137
2002,TargetRidge,0.06230340898036957,RidgeCov,0.1261652261018753,0.06386181712150574,RidgeCov,0.1261652261018753,0.06386181712150574
2003,TargetRidge,0.06311721354722977,RidgeCov,0.13871675729751587,0.0755995437502861,RidgeCov,0.13871675729751587,0.0755995437502861
2004,TargetRidge,0.07085373997688293,RidgeCov,0.1233443021774292,0.052490562200546265,RidgeCov,0.1233443021774292,0.052490562200546265
2005,TargetRidge,0.0724821612238884,RidgeCov,0.12156323343515396,0.049081072211265564,RidgeCov,0.12156323343515396,0.049081072211265564
2006,TargetRidge,0.08076389878988266,RidgeCov,0.13316082954406738,0.05239693075418472,RidgeCov,0.13316082954406738,0.05239693075418472
2007,TargetRidge,0.09148937463760376,RidgeCov,0.11628782004117966,0.024798445403575897,RidgeCov,0.11628782004117966,0.024798445403575897
2008,TargetRidge,0.09729704260826111,RidgeCov,0.11685445159673691,0.0195574089884758,RidgeCov,0.11685445159673691,0.0195574089884758
2009,TargetRidge,0.09007686376571655,RidgeCov,0.10425392538309097,0.01417706161737442,RidgeCov,0.10425392538309097,0.01417706161737442
2010,RidgeCov,0.10480710864067078,TargetRidge,0.10564497858285904,0.0008378699421882629,RidgeCov,0.10480710864067078,0.0
2011,TargetRidge,0.11238780617713928,RidgeCov,0.11672606319189072,0.004338257014751434,RidgeCov,0.11672606319189072,0.004338257014751434
2012,RidgeCov,0.11099699884653091,TargetRidge,0.1279909759759903,0.01699397712945938,RidgeCov,0.11099699884653091,0.0
2013,RidgeCov,0.10894760489463806,TargetRidge,0.12205594778060913,0.01310834288597107,RidgeCov,0.10894760489463806,0.0
2014,TargetRidge,0.11352834850549698,RidgeCov,0.1151941791176796,0.0016658306121826172,RidgeCov,0.1151941791176796,0.0016658306121826172
2015,RidgeCov,0.10509287565946579,TargetRidge,0.12132086604833603,0.01622799038887024,RidgeCov,0.10509287565946579,0.0
2016,RidgeCov,0.11272164434194565,TargetRidge,0.13230139017105103,0.019579745829105377,RidgeCov,0.11272164434194565,0.0
2017,RidgeCov,0.10686755180358887,TargetRidge,0.1326441466808319,0.025776594877243042,RidgeCov,0.10686755180358887,0.0
2018,RidgeCov,0.09197258204221725,TargetRidge,0.14168529212474823,0.049712710082530975,RidgeCov,0.09197258204221725,0.0
2019,RidgeCov,0.09596192836761475,TargetRidge,0.16436420381069183,0.06840227544307709,RidgeCov,0.09596192836761475,0.0
2020,RidgeCov,0.08681067079305649,TargetRidge,0.17973987758159637,0.09292920678853989,RidgeCov,0.08681067079305649,0.0
2021,RidgeCov,0.08223750442266464,TargetRidge,0.15652160346508026,0.07428409904241562,RidgeCov,0.08223750442266464,0.0
2022,RidgeCov,0.07263733446598053,TargetRidge,0.17288048565387726,0.10024315118789673,RidgeCov,0.07263733446598053,0.0
2023,RidgeCov,0.09692581743001938,TargetRidge,0.17961139976978302,0.08268558233976364,RidgeCov,0.09692581743001938,0.0
2024,RidgeCov,0.08655143529176712,TargetRidge,0.17383815348148346,0.08728671818971634,RidgeCov,0.08655143529176712,0.0
2025,RidgeCov,0.07486770302057266,TargetRidge,0.1748243123292923,0.09995660930871964,RidgeCov,0.07486770302057266,0.0
2026,RidgeCov,0.07620111852884293,TargetRidge,0.1828738898038864,0.10667277127504349,RidgeCov,0.07620111852884293,0.0
2027,RidgeCov,0.07423244416713715,TargetRidge,0.1932653784751892,0.11903293430805206,RidgeCov,0.07423244416713715,0.0
2028,RidgeCov,0.07485011965036392,TargetRidge,0.20620758831501007,0.13135746121406555,RidgeCov,0.07485011965036392,0.0
2029,RidgeCov,0.06801524013280869,TargetRidge,0.21990472078323364,0.15188947319984436,RidgeCov,0.06801524013280869,0.0
2030,RidgeCov,0.06870380789041519,TargetRidge,0.2308768481016159,0.16217303276062012,RidgeCov,0.06870380789041519,0.0
2031,RidgeCov,0.07306652516126633,TargetRidge,0.24104554951190948,0.16797903180122375,RidgeCov,0.07306652516126633,0.0
2032,RidgeCov,0.07147305458784103,TargetRidge,0.25089219212532043,0.1794191300868988,RidgeCov,0.07147305458784103,0.0
2033,RidgeCov,0.07404157519340515,TargetRidge,0.24515222012996674,0.17111064493656158,RidgeCov,0.07404157519340515,0.0
2034,RidgeCov,0.07629580795764923,TargetRidge,0.2539912760257721,0.17769546806812286,RidgeCov,0.07629580795764923,0.0
2035,RidgeCov,0.07229393720626831,TargetRidge,0.254525363445282,0.18223142623901367,RidgeCov,0.07229393720626831,0.0
2036,RidgeCov,0.07172390818595886,TargetRidge,0.266317218542099,0.19459331035614014,RidgeCov,0.07172390818595886,0.0
2037,RidgeCov,0.07640013098716736,TargetRidge,0.2792448103427887,0.20284467935562134,RidgeCov,0.07640013098716736,0.0
2038,RidgeCov,0.0756666287779808,TargetRidge,0.25668197870254517,0.18101534247398376,RidgeCov,0.0756666287779808,0.0
2039,RidgeCov,0.07608568668365479,TargetRidge,0.25582069158554077,0.179735004901886,RidgeCov,0.07608568668365479,0.0
2040,RidgeCov,0.07623486965894699,TargetRidge,0.2560746371746063,0.17983976006507874,RidgeCov,0.07623486965894699,0.0
2041,RidgeCov,0.07820893079042435,TargetRidge,0.24505849182605743,0.1668495535850525,RidgeCov,0.07820893079042435,0.0
2042,RidgeCov,0.07410513609647751,TargetRidge,0.2390165776014328,0.1649114489555359,RidgeCov,0.07410513609647751,0.0
2043,RidgeCov,0.07792705297470093,TargetRidge,0.24287784099578857,0.16495078802108765,RidgeCov,0.07792705297470093,0.0
2044,RidgeCov,0.0778099074959755,TargetRidge,0.24057553708553314,0.16276562213897705,RidgeCov,0.0778099074959755,0.0
2045,RidgeCov,0.08060740679502487,TargetRidge,0.21732421219348907,0.1367168128490448,RidgeCov,0.08060740679502487,0.0
2046,RidgeCov,0.07608262449502945,TargetRidge,0.22864289581775665,0.1525602638721466,RidgeCov,0.07608262449502945,0.0
2047,RidgeCov,0.07039981335401535,TargetRidge,0.23206843435764313,0.16166862845420837,RidgeCov,0.07039981335401535,0.0
2048,RidgeCov,0.07219716161489487,TargetRidge,0.1929052323102951,0.12070807069540024,RidgeCov,0.07219716161489487,0.0
2049,RidgeCov,0.06869784742593765,TargetRidge,0.18266431987285614,0.11396647244691849,RidgeCov,0.06869784742593765,0.0
2050,RidgeCov,0.061159756034612656,TargetRidge,0.17521917819976807,0.11405941843986511,RidgeCov,0.061159756034612656,0.0
2051,RidgeCov,0.07666795700788498,TargetRidge,0.16381168365478516,0.08714372664690018,RidgeCov,0.07666795700788498,0.0
2052,RidgeCov,0.08520076423883438,TargetRidge,0.15406949818134308,0.0688687339425087,RidgeCov,0.08520076423883438,0.0
2053,RidgeCov,0.08375372737646103,TargetRidge,0.1451408714056015,0.06138714402914047,RidgeCov,0.08375372737646103,0.0
2054,RidgeCov,0.0506431944668293,TargetRidge,0.14865465462207794,0.09801146388053894,RidgeCov,0.0506431944668293,0.0
2055,RidgeCov,0.11744898557662964,TargetRidge,0.13184352219104767,0.01439453661441803,RidgeCov,0.11744898557662964,0.0
2056,RidgeCov,0.12093726545572281,TargetRidge,0.12615200877189636,0.0052147433161735535,RidgeCov,0.12093726545572281,0.0
2057,RidgeCov,0.11596376448869705,TargetRidge,0.11860886961221695,0.0026451051235198975,RidgeCov,0.11596376448869705,0.0
2058,TargetRidge,0.11375224590301514,RidgeCov,0.11935895681381226,0.005606710910797119,RidgeCov,0.11935895681381226,0.005606710910797119
2059,RidgeCov,0.10266762971878052,TargetRidge,0.11127231270074844,0.008604682981967926,RidgeCov,0.10266762971878052,0.0
2060,TargetRidge,0.10508992522954941,RidgeCov,0.10666775703430176,0.0015778318047523499,RidgeCov,0.10666775703430176,0.0015778318047523499
2061,RidgeCov,0.09801169484853745,TargetRidge,0.09938641637563705,0.0013747215270996094,RidgeCov,0.09801169484853745,0.0
2062,RidgeCov,0.09061750769615173,TargetRidge,0.10427969694137573,0.013662189245223999,RidgeCov,0.09061750769615173,0.0
2063,RidgeCov,0.09978064149618149,TargetRidge,0.10347634553909302,0.0036957040429115295,RidgeCov,0.09978064149618149,0.0
2064,RidgeCov,0.09640737622976303,TargetRidge,0.1223069503903389,0.025899574160575867,RidgeCov,0.09640737622976303,0.0
2065,TargetRidge,0.0897294357419014,RidgeCov,0.11441558599472046,0.02468615025281906,RidgeCov,0.11441558599472046,0.02468615025281906
2066,TargetRidge,0.07763833552598953,RidgeCov,0.09441310167312622,0.016774766147136688,RidgeCov,0.09441310167312622,0.016774766147136688
2067,TargetRidge,0.07706867903470993,RidgeCov,0.09676956385374069,0.01970088481903076,RidgeCov,0.09676956385374069,0.01970088481903076
2068,TargetRidge,0.07181014865636826,RidgeCov,0.10369763523340225,0.031887486577034,RidgeCov,0.10369763523340225,0.031887486577034
2069,TargetRidge,0.07030095905065536,RidgeCov,0.11619824916124344,0.045897290110588074,RidgeCov,0.11619824916124344,0.045897290110588074
2070,TargetRidge,0.07565724849700928,RidgeCov,0.1131100133061409,0.03745276480913162,RidgeCov,0.1131100133061409,0.03745276480913162
2071,TargetRidge,0.07058907300233841,RidgeCov,0.10725805163383484,0.03666897863149643,RidgeCov,0.10725805163383484,0.03666897863149643
2072,TargetRidge,0.0808258056640625,RidgeCov,0.1328430324792862,0.052017226815223694,RidgeCov,0.1328430324792862,0.052017226815223694
2073,TargetRidge,0.07162652164697647,RidgeCov,0.11380692571401596,0.04218040406703949,RidgeCov,0.11380692571401596,0.04218040406703949
2074,TargetRidge,0.07870916277170181,RidgeCov,0.10138731449842453,0.022678151726722717,RidgeCov,0.10138731449842453,0.022678151726722717
2075,TargetRidge,0.09344545751810074,RidgeCov,0.12733741104602814,0.0338919535279274,RidgeCov,0.12733741104602814,0.0338919535279274
2076,TargetRidge,0.10162276029586792,RidgeCov,0.1313052773475647,0.029682517051696777,RidgeCov,0.1313052773475647,0.029682517051696777
2077,TargetRidge,0.09480047225952148,RidgeCov,0.1393885612487793,0.04458808898925781,RidgeCov,0.1393885612487793,0.04458808898925781
2078,RidgeCov,0.11046359688043594,TargetRidge,0.1236223354935646,0.013158738613128662,RidgeCov,0.11046359688043594,0.0
2079,TargetRidge,0.0710616335272789,RidgeCov,0.10205798596143723,0.030996352434158325,RidgeCov,0.10205798596143723,0.030996352434158325
2080,TargetRidge,0.0600249357521534,RidgeCov,0.10752726346254349,0.04750232771039009,RidgeCov,0.10752726346254349,0.04750232771039009
2081,TargetRidge,0.06812334060668945,RidgeCov,0.10583260655403137,0.03770926594734192,RidgeCov,0.10583260655403137,0.03770926594734192
2082,TargetRidge,0.06169525906443596,RidgeCov,0.1046024039387703,0.042907144874334335,RidgeCov,0.1046024039387703,0.042907144874334335
2083,TargetRidge,0.059817034751176834,RidgeCov,0.09550593048334122,0.03568889573216438,RidgeCov,0.09550593048334122,0.03568889573216438
2084,TargetRidge,0.07104504108428955,RidgeCov,0.10065408796072006,0.02960904687643051,RidgeCov,0.10065408796072006,0.02960904687643051
2085,TargetRidge,0.058874089270830154,RidgeCov,0.10768292099237442,0.048808831721544266,RidgeCov,0.10768292099237442,0.048808831721544266
2086,TargetRidge,0.06771472841501236,RidgeCov,0.11155295372009277,0.043838225305080414,RidgeCov,0.11155295372009277,0.043838225305080414
2087,TargetRidge,0.05903785303235054,RidgeCov,0.11749013513326645,0.05845228210091591,RidgeCov,0.11749013513326645,0.05845228210091591
2088,TargetRidge,0.06968803703784943,RidgeCov,0.11063758283853531,0.04094954580068588,RidgeCov,0.11063758283853531,0.04094954580068588
2089,TargetRidge,0.06383860111236572,RidgeCov,0.09193726629018784,0.028098665177822113,RidgeCov,0.09193726629018784,0.028098665177822113
2090,TargetRidge,0.07189028710126877,RidgeCov,0.11293264478445053,0.04104235768318176,RidgeCov,0.11293264478445053,0.04104235768318176
2091,TargetRidge,0.061590712517499924,RidgeCov,0.10585471242666245,0.04426399990916252,RidgeCov,0.10585471242666245,0.04426399990916252
2092,TargetRidge,0.06113503500819206,RidgeCov,0.08230798691511154,0.02117295190691948,RidgeCov,0.08230798691511154,0.02117295190691948
2093,TargetRidge,0.06685808300971985,RidgeCov,0.09952155500650406,0.03266347199678421,RidgeCov,0.09952155500650406,0.03266347199678421
2094,TargetRidge,0.06602098792791367,RidgeCov,0.08950492739677429,0.023483939468860626,RidgeCov,0.08950492739677429,0.023483939468860626
2095,TargetRidge,0.07537124305963516,RidgeCov,0.09401950985193253,0.018648266792297363,RidgeCov,0.09401950985193253,0.018648266792297363
2096,TargetRidge,0.0654854103922844,RidgeCov,0.09188864380121231,0.026403233408927917,RidgeCov,0.09188864380121231,0.026403233408927917
2097,TargetRidge,0.06755810230970383,RidgeCov,0.08165605366230011,0.014097951352596283,RidgeCov,0.08165605366230011,0.014097951352596283
2098,TargetRidge,0.07653617113828659,RidgeCov,0.09375492483377457,0.017218753695487976,RidgeCov,0.09375492483377457,0.017218753695487976
2099,TargetRidge,0.07160123437643051,RidgeCov,0.09284219145774841,0.0212409570813179,RidgeCov,0.09284219145774841,0.0212409570813179
2100,TargetRidge,0.07609450072050095,RidgeCov,0.10447593778371811,0.028381437063217163,RidgeCov,0.10447593778371811,0.028381437063217163
2101,RidgeCov,0.08648904412984848,TargetRidge,0.10026463121175766,0.01377558708190918,RidgeCov,0.08648904412984848,0.0
2102,TargetRidge,0.08889160305261612,RidgeCov,0.09542306512594223,0.006531462073326111,RidgeCov,0.09542306512594223,0.006531462073326111
2103,RidgeCov,0.09984123706817627,TargetRidge,0.10168790817260742,0.0018466711044311523,RidgeCov,0.09984123706817627,0.0
2104,RidgeCov,0.09503847360610962,TargetRidge,0.11609610915184021,0.02105763554573059,RidgeCov,0.09503847360610962,0.0
2105,TargetRidge,0.09443188458681107,RidgeCov,0.10722296684980392,0.012791082262992859,RidgeCov,0.10722296684980392,0.012791082262992859
2106,RidgeCov,0.11728709936141968,TargetRidge,0.1297997087240219,0.012512609362602234,RidgeCov,0.11728709936141968,0.0
2107,RidgeCov,0.11721659451723099,TargetRidge,0.1374901682138443,0.020273573696613312,RidgeCov,0.11721659451723099,0.0
2108,RidgeCov,0.10217243432998657,TargetRidge,0.15797899663448334,0.055806562304496765,RidgeCov,0.10217243432998657,0.0
2109,RidgeCov,0.12462345510721207,TargetRidge,0.14657819271087646,0.021954737603664398,RidgeCov,0.12462345510721207,0.0
2110,RidgeCov,0.12994061410427094,TargetRidge,0.1645859330892563,0.03464531898498535,RidgeCov,0.12994061410427094,0.0
2111,RidgeCov,0.12840451300144196,TargetRidge,0.20434533059597015,0.0759408175945282,RidgeCov,0.12840451300144196,0.0
2112,TargetRidge,0.140973761677742,RidgeCov,0.25205525755882263,0.11108149588108063,RidgeCov,0.25205525755882263,0.11108149588108063
2113,TargetRidge,0.1531616449356079,RidgeCov,0.1639418751001358,0.010780230164527893,RidgeCov,0.1639418751001358,0.010780230164527893
2114,TargetRidge,0.16580866277217865,RidgeCov,0.1736716479063034,0.007862985134124756,RidgeCov,0.1736716479063034,0.007862985134124756
2115,RidgeCov,0.15584875643253326,TargetRidge,0.19420523941516876,0.0383564829826355,RidgeCov,0.15584875643253326,0.0
2116,RidgeCov,0.1712038367986679,TargetRidge,0.2584038972854614,0.08720006048679352,RidgeCov,0.1712038367986679,0.0
2117,RidgeCov,0.17309005558490753,TargetRidge,0.27185848355293274,0.09876842796802521,RidgeCov,0.17309005558490753,0.0
2118,RidgeCov,0.12879794836044312,TargetRidge,0.3242187798023224,0.19542083144187927,RidgeCov,0.12879794836044312,0.0
2119,RidgeCov,0.1971292346715927,TargetRidge,0.221204474568367,0.024075239896774292,RidgeCov,0.1971292346715927,0.0
2120,RidgeCov,0.23544549942016602,TargetRidge,0.319597989320755,0.08415248990058899,RidgeCov,0.23544549942016602,0.0
2121,RidgeCov,0.16707253456115723,TargetRidge,0.30065634846687317,0.13358381390571594,RidgeCov,0.16707253456115723,0.0
2122,RidgeCov,0.19554322957992554,TargetRidge,0.28409433364868164,0.0885511040687561,RidgeCov,0.19554322957992554,0.0
2123,RidgeCov,0.237875297665596,TargetRidge,0.3022650182247162,0.06438972055912018,RidgeCov,0.237875297665596,0.0
2124,RidgeCov,0.2537539005279541,TargetRidge,0.2842431962490082,0.030489295721054077,RidgeCov,0.2537539005279541,0.0
2125,RidgeCov,0.17969880998134613,TargetRidge,0.33406487107276917,0.15436606109142303,RidgeCov,0.17969880998134613,0.0
2126,RidgeCov,0.26157698035240173,TargetRidge,0.33849549293518066,0.07691851258277893,RidgeCov,0.26157698035240173,0.0
2127,RidgeCov,0.25736796855926514,TargetRidge,0.30778923630714417,0.05042126774787903,RidgeCov,0.25736796855926514,0.0
2128,RidgeCov,0.2166449874639511,TargetRidge,0.35580360889434814,0.13915862143039703,RidgeCov,0.2166449874639511,0.0
2129,RidgeCov,0.299131840467453,TargetRidge,0.44804397225379944,0.14891213178634644,RidgeCov,0.299131840467453,0.0
2130,RidgeCov,0.23473195731639862,TargetRidge,0.410491943359375,0.17575998604297638,RidgeCov,0.23473195731639862,0.0
2131,RidgeCov,0.2679090201854706,TargetRidge,0.4783470332622528,0.21043801307678223,RidgeCov,0.2679090201854706,0.0
2132,RidgeCov,0.317727655172348,TargetRidge,0.4162227213382721,0.09849506616592407,RidgeCov,0.317727655172348,0.0
2133,RidgeCov,0.26031363010406494,TargetRidge,0.49475884437561035,0.2344452142715454,RidgeCov,0.26031363010406494,0.0
2134,RidgeCov,0.29035279154777527,TargetRidge,0.5137574076652527,0.22340461611747742,RidgeCov,0.29035279154777527,0.0
2135,RidgeCov,0.3475218117237091,TargetRidge,0.43659457564353943,0.08907276391983032,RidgeCov,0.3475218117237091,0.0
2136,RidgeCov,0.33306780457496643,TargetRidge,0.4056731164455414,0.07260531187057495,RidgeCov,0.33306780457496643,0.0
2137,RidgeCov,0.29706504940986633,TargetRidge,0.6181119084358215,0.3210468590259552,RidgeCov,0.29706504940986633,0.0
2138,RidgeCov,0.3121580183506012,TargetRidge,0.5589985251426697,0.24684050679206848,RidgeCov,0.3121580183506012,0.0
2139,RidgeCov,0.34375205636024475,TargetRidge,0.6213679313659668,0.27761587500572205,RidgeCov,0.34375205636024475,0.0
2140,RidgeCov,0.39454028010368347,TargetRidge,0.589226484298706,0.19468620419502258,RidgeCov,0.39454028010368347,0.0
2141,RidgeCov,0.3341449499130249,TargetRidge,0.5314008593559265,0.1972559094429016,RidgeCov,0.3341449499130249,0.0
2142,RidgeCov,0.3904780447483063,TargetRidge,0.49982109665870667,0.10934305191040039,RidgeCov,0.3904780447483063,0.0
2143,RidgeCov,0.34324121475219727,TargetRidge,0.6562171578407288,0.3129759430885315,RidgeCov,0.34324121475219727,0.0
2144,RidgeCov,0.33905258774757385,TargetRidge,0.6881053447723389,0.349052757024765,RidgeCov,0.33905258774757385,0.0
2145,RidgeCov,0.38952508568763733,TargetRidge,0.5273354649543762,0.1378103792667389,RidgeCov,0.38952508568763733,0.0
2146,RidgeCov,0.45894932746887207,TargetRidge,0.5899209976196289,0.13097167015075684,RidgeCov,0.45894932746887207,0.0
2147,RidgeCov,0.41301026940345764,TargetRidge,0.607278048992157,0.19426777958869934,RidgeCov,0.41301026940345764,0.0
2148,RidgeCov,0.417479008436203,TargetRidge,0.6024231314659119,0.18494412302970886,RidgeCov,0.417479008436203,0.0
2149,RidgeCov,0.36327335238456726,TargetRidge,0.5585179924964905,0.19524464011192322,RidgeCov,0.36327335238456726,0.0
2150,RidgeCov,0.42804089188575745,TargetRidge,0.5554272532463074,0.12738636136054993,RidgeCov,0.42804089188575745,0.0
2151,RidgeCov,0.3092081844806671,TargetRidge,0.6801860332489014,0.37097784876823425,RidgeCov,0.3092081844806671,0.0
2152,RidgeCov,0.39579617977142334,TargetRidge,0.6272682547569275,0.23147207498550415,RidgeCov,0.39579617977142334,0.0
2153,RidgeCov,0.33413946628570557,TargetRidge,0.664535641670227,0.3303961753845215,RidgeCov,0.33413946628570557,0.0
2154,RidgeCov,0.4098714590072632,TargetRidge,0.5529605150222778,0.14308905601501465,RidgeCov,0.4098714590072632,0.0
2155,RidgeCov,0.35917508602142334,TargetRidge,0.5537555813789368,0.19458049535751343,RidgeCov,0.35917508602142334,0.0
2156,RidgeCov,0.463397353887558,TargetRidge,0.6625315546989441,0.1991342008113861,RidgeCov,0.463397353887558,0.0
2157,RidgeCov,0.331261545419693,TargetRidge,0.6661710143089294,0.33490946888923645,RidgeCov,0.331261545419693,0.0
2158,RidgeCov,0.3727979362010956,TargetRidge,0.5678148865699768,0.19501695036888123,RidgeCov,0.3727979362010956,0.0
2159,RidgeCov,0.32756727933883667,TargetRidge,0.5623147487640381,0.23474746942520142,RidgeCov,0.32756727933883667,0.0
2160,RidgeCov,0.32200777530670166,TargetRidge,0.5709012150764465,0.24889343976974487,RidgeCov,0.32200777530670166,0.0
2161,RidgeCov,0.279060035943985,TargetRidge,0.49601760506629944,0.21695756912231445,RidgeCov,0.279060035943985,0.0
2162,RidgeCov,0.3629356324672699,TargetRidge,0.4868198335170746,0.12388420104980469,RidgeCov,0.3629356324672699,0.0
2163,RidgeCov,0.2835829555988312,TargetRidge,0.5344998240470886,0.25091686844825745,RidgeCov,0.2835829555988312,0.0
2164,RidgeCov,0.2664847671985626,TargetRidge,0.41191744804382324,0.14543268084526062,RidgeCov,0.2664847671985626,0.0
2165,RidgeCov,0.2913481891155243,TargetRidge,0.38613101840019226,0.09478282928466797,RidgeCov,0.2913481891155243,0.0
2166,RidgeCov,0.349658727645874,TargetRidge,0.36998966336250305,0.02033093571662903,RidgeCov,0.349658727645874,0.0
2167,RidgeCov,0.25171053409576416,TargetRidge,0.3675635755062103,0.11585304141044617,RidgeCov,0.25171053409576416,0.0
2168,RidgeCov,0.28341516852378845,TargetRidge,0.3712703287601471,0.08785516023635864,RidgeCov,0.28341516852378845,0.0
2169,TargetRidge,0.2641558349132538,RidgeCov,0.27605000138282776,0.011894166469573975,RidgeCov,0.27605000138282776,0.011894166469573975
2170,RidgeCov,0.2704106867313385,TargetRidge,0.39835503697395325,0.12794435024261475,RidgeCov,0.2704106867313385,0.0
2171,TargetRidge,0.24715663492679596,RidgeCov,0.2653978765010834,0.018241241574287415,RidgeCov,0.2653978765010834,0.018241241574287415
2172,TargetRidge,0.21122656762599945,RidgeCov,0.23787300288677216,0.026646435260772705,RidgeCov,0.23787300288677216,0.026646435260772705
2173,TargetRidge,0.17756228148937225,RidgeCov,0.30230072140693665,0.12473843991756439,RidgeCov,0.30230072140693665,0.12473843991756439
2174,TargetRidge,0.16313770413398743,RidgeCov,0.22868292033672333,0.0655452162027359,RidgeCov,0.22868292033672333,0.0655452162027359
2175,TargetRidge,0.14953897893428802,RidgeCov,0.201101616024971,0.05156263709068298,RidgeCov,0.201101616024971,0.05156263709068298
2176,TargetRidge,0.19556498527526855,RidgeCov,0.22051304578781128,0.024948060512542725,RidgeCov,0.22051304578781128,0.024948060512542725
2177,TargetRidge,0.18643324077129364,RidgeCov,0.23733572661876678,0.050902485847473145,RidgeCov,0.23733572661876678,0.050902485847473145
2178,TargetRidge,0.14384377002716064,RidgeCov,0.2147330790758133,0.07088930904865265,RidgeCov,0.2147330790758133,0.07088930904865265
2179,TargetRidge,0.13375495374202728,RidgeCov,0.1807040423154831,0.04694908857345581,RidgeCov,0.1807040423154831,0.04694908857345581
2180,TargetRidge,0.1455671787261963,RidgeCov,0.23747067153453827,0.09190349280834198,RidgeCov,0.23747067153453827,0.09190349280834198
2181,TargetRidge,0.08004949241876602,RidgeCov,0.20433616638183594,0.12428667396306992,RidgeCov,0.20433616638183594,0.12428667396306992
2182,TargetRidge,0.09588482230901718,RidgeCov,0.22087551653385162,0.12499069422483444,RidgeCov,0.22087551653385162,0.12499069422483444
2183,TargetRidge,0.1325267106294632,RidgeCov,0.21309058368206024,0.08056387305259705,RidgeCov,0.21309058368206024,0.08056387305259705
2184,TargetRidge,0.06745878607034683,RidgeCov,0.20265136659145355,0.13519257307052612,RidgeCov,0.20265136659145355,0.13519257307052612
2185,TargetRidge,0.0952620729804039,RidgeCov,0.21749556064605713,0.12223348766565323,RidgeCov,0.21749556064605713,0.12223348766565323
2186,TargetRidge,0.07911600172519684,RidgeCov,0.2656836211681366,0.18656761944293976,RidgeCov,0.2656836211681366,0.18656761944293976
2187,TargetRidge,0.06498167663812637,RidgeCov,0.24749599397182465,0.18251430988311768,RidgeCov,0.24749599397182465,0.18251430988311768
2188,TargetRidge,0.060041945427656174,RidgeCov,0.2822333872318268,0.2221914380788803,RidgeCov,0.2822333872318268,0.2221914380788803
2189,TargetRidge,0.07387934625148773,RidgeCov,0.22877053916454315,0.15489119291305542,RidgeCov,0.22877053916454315,0.15489119291305542
2190,TargetRidge,0.1007242426276207,RidgeCov,0.255628377199173,0.15490412712097168,RidgeCov,0.255628377199173,0.15490412712097168
2191,TargetRidge,0.06934025883674622,RidgeCov,0.26863566040992737,0.19929540157318115,RidgeCov,0.26863566040992737,0.19929540157318115
2192,TargetRidge,0.069209985435009,RidgeCov,0.2974696755409241,0.22825968265533447,RidgeCov,0.2974696755409241,0.22825968265533447
2193,TargetRidge,0.09504353255033493,RidgeCov,0.22607378661632538,0.13103026151657104,RidgeCov,0.22607378661632538,0.13103026151657104
2194,TargetRidge,0.21914827823638916,RidgeCov,0.3148190379142761,0.09567075967788696,RidgeCov,0.3148190379142761,0.09567075967788696
2195,TargetRidge,0.10586454719305038,RidgeCov,0.3199763894081116,0.2141118347644806,RidgeCov,0.3199763894081116,0.2141118347644806
2196,TargetRidge,0.14468343555927277,RidgeCov,0.3048405945301056,0.16015715897083282,RidgeCov,0.3048405945301056,0.16015715897083282
2197,TargetRidge,0.13667942583560944,RidgeCov,0.2754066288471222,0.13872720301151276,RidgeCov,0.2754066288471222,0.13872720301151276
2198,TargetRidge,0.12547005712985992,RidgeCov,0.3299144506454468,0.20444439351558685,RidgeCov,0.3299144506454468,0.20444439351558685
2199,TargetRidge,0.1761404275894165,RidgeCov,0.36781343817710876,0.19167301058769226,RidgeCov,0.36781343817710876,0.19167301058769226
2200,TargetRidge,0.15965783596038818,RidgeCov,0.37015506625175476,0.21049723029136658,RidgeCov,0.37015506625175476,0.21049723029136658
2201,TargetRidge,0.18047364056110382,RidgeCov,0.333089143037796,0.1526155024766922,RidgeCov,0.333089143037796,0.1526155024766922
2202,TargetRidge,0.18899601697921753,RidgeCov,0.34732189774513245,0.15832588076591492,RidgeCov,0.34732189774513245,0.15832588076591492
2203,TargetRidge,0.21241025626659393,RidgeCov,0.3683345317840576,0.15592427551746368,RidgeCov,0.3683345317840576,0.15592427551746368
2204,TargetRidge,0.2109353095293045,RidgeCov,0.35810020565986633,0.14716489613056183,RidgeCov,0.35810020565986633,0.14716489613056183
2205,TargetRidge,0.24308383464813232,RidgeCov,0.30438676476478577,0.06130293011665344,RidgeCov,0.30438676476478577,0.06130293011665344
2206,TargetRidge,0.24723702669143677,RidgeCov,0.3659706115722656,0.11873358488082886,RidgeCov,0.3659706115722656,0.11873358488082886
2207,TargetRidge,0.28653693199157715,RidgeCov,0.37636899948120117,0.08983206748962402,RidgeCov,0.37636899948120117,0.08983206748962402
2208,TargetRidge,0.27885952591896057,RidgeCov,0.3022348880767822,0.023375362157821655,RidgeCov,0.3022348880767822,0.023375362157821655
2209,TargetRidge,0.3125348389148712,RidgeCov,0.345968097448349,0.03343325853347778,RidgeCov,0.345968097448349,0.03343325853347778
2210,TargetRidge,0.29231956601142883,RidgeCov,0.3395416736602783,0.04722210764884949,RidgeCov,0.3395416736602783,0.04722210764884949
2211,TargetRidge,0.3145284354686737,RidgeCov,0.3357759416103363,0.021247506141662598,RidgeCov,0.3357759416103363,0.021247506141662598
2212,RidgeCov,0.28332197666168213,TargetRidge,0.3380604684352875,0.05473849177360535,RidgeCov,0.28332197666168213,0.0
2213,RidgeCov,0.33316686749458313,TargetRidge,0.3478337824344635,0.014666914939880371,RidgeCov,0.33316686749458313,0.0
2214,TargetRidge,0.34029436111450195,RidgeCov,0.35375893115997314,0.013464570045471191,RidgeCov,0.35375893115997314,0.013464570045471191
2215,RidgeCov,0.31370410323143005,TargetRidge,0.3791544437408447,0.06545034050941467,RidgeCov,0.31370410323143005,0.0
2216,RidgeCov,0.32582369446754456,TargetRidge,0.34572362899780273,0.01989993453025818,RidgeCov,0.32582369446754456,0.0
2217,RidgeCov,0.3017497956752777,TargetRidge,0.3671771287918091,0.06542733311653137,RidgeCov,0.3017497956752777,0.0
2218,RidgeCov,0.3306340277194977,TargetRidge,0.49365106225013733,0.16301703453063965,RidgeCov,0.3306340277194977,0.0
2219,RidgeCov,0.3413938581943512,TargetRidge,0.5128121376037598,0.17141827940940857,RidgeCov,0.3413938581943512,0.0
2220,RidgeCov,0.3012576997280121,TargetRidge,0.46161630749702454,0.16035860776901245,RidgeCov,0.3012576997280121,0.0
2221,RidgeCov,0.3334023058414459,TargetRidge,0.46876993775367737,0.13536763191223145,RidgeCov,0.3334023058414459,0.0
2222,RidgeCov,0.3003636598587036,TargetRidge,0.454846054315567,0.1544823944568634,RidgeCov,0.3003636598587036,0.0
2223,RidgeCov,0.3794272840023041,TargetRidge,0.43768081068992615,0.05825352668762207,RidgeCov,0.3794272840023041,0.0
2224,RidgeCov,0.3439507484436035,TargetRidge,0.5077956318855286,0.16384488344192505,RidgeCov,0.3439507484436035,0.0
2225,RidgeCov,0.35780367255210876,TargetRidge,0.4689854085445404,0.11118173599243164,RidgeCov,0.35780367255210876,0.0
2226,RidgeCov,0.33899202942848206,TargetRidge,0.5528208613395691,0.21382883191108704,RidgeCov,0.33899202942848206,0.0
2227,RidgeCov,0.3093062937259674,TargetRidge,0.6288127303123474,0.31950643658638,RidgeCov,0.3093062937259674,0.0
2228,RidgeCov,0.31350988149642944,TargetRidge,0.4645650088787079,0.15105512738227844,RidgeCov,0.31350988149642944,0.0
2229,RidgeCov,0.3084108531475067,TargetRidge,0.4427483081817627,0.13433745503425598,RidgeCov,0.3084108531475067,0.0
2230,RidgeCov,0.36922943592071533,TargetRidge,0.5501513481140137,0.18092191219329834,RidgeCov,0.36922943592071533,0.0
2231,RidgeCov,0.32507434487342834,TargetRidge,0.4422012269496918,0.11712688207626343,RidgeCov,0.32507434487342834,0.0
2232,RidgeCov,0.34268665313720703,TargetRidge,0.5358849167823792,0.19319826364517212,RidgeCov,0.34268665313720703,0.0
2233,RidgeCov,0.32877054810523987,TargetRidge,0.45700588822364807,0.1282353401184082,RidgeCov,0.32877054810523987,0.0
2234,RidgeCov,0.2928362190723419,TargetRidge,0.4814261496067047,0.1885899305343628,RidgeCov,0.2928362190723419,0.0
2235,RidgeCov,0.3266623914241791,TargetRidge,0.4498463571071625,0.1231839656829834,RidgeCov,0.3266623914241791,0.0
2236,RidgeCov,0.34400179982185364,TargetRidge,0.43582192063331604,0.0918201208114624,RidgeCov,0.34400179982185364,0.0
2237,RidgeCov,0.2978506088256836,TargetRidge,0.4465583860874176,0.148707777261734,RidgeCov,0.2978506088256836,0.0
2238,RidgeCov,0.2995358407497406,TargetRidge,0.47088587284088135,0.17135003209114075,RidgeCov,0.2995358407497406,0.0
2239,RidgeCov,0.34323516488075256,TargetRidge,0.40585216879844666,0.06261700391769409,RidgeCov,0.34323516488075256,0.0
2240,RidgeCov,0.307102769613266,TargetRidge,0.47163060307502747,0.16452783346176147,RidgeCov,0.307102769613266,0.0
2241,RidgeCov,0.3028629720211029,TargetRidge,0.4516902267932892,0.14882725477218628,RidgeCov,0.3028629720211029,0.0
2242,RidgeCov,0.3071841597557068,TargetRidge,0.40736427903175354,0.10018011927604675,RidgeCov,0.3071841597557068,0.0
2243,RidgeCov,0.28775498270988464,TargetRidge,0.42051807045936584,0.1327630877494812,RidgeCov,0.28775498270988464,0.0
2244,RidgeCov,0.2792338728904724,TargetRidge,0.4044172763824463,0.12518340349197388,RidgeCov,0.2792338728904724,0.0
2245,RidgeCov,0.2718217670917511,TargetRidge,0.4090251624584198,0.1372033953666687,RidgeCov,0.2718217670917511,0.0
2246,RidgeCov,0.253837525844574,TargetRidge,0.3892552852630615,0.13541775941848755,RidgeCov,0.253837525844574,0.0
2247,RidgeCov,0.25287795066833496,TargetRidge,0.4108540117740631,0.15797606110572815,RidgeCov,0.25287795066833496,0.0
2248,RidgeCov,0.300281286239624,TargetRidge,0.45963016152381897,0.15934887528419495,RidgeCov,0.300281286239624,0.0
2249,RidgeCov,0.2595037817955017,TargetRidge,0.4096096456050873,0.15010586380958557,RidgeCov,0.2595037817955017,0.0
2250,RidgeCov,0.26848384737968445,TargetRidge,0.4033820927143097,0.13489824533462524,RidgeCov,0.26848384737968445,0.0
2251,RidgeCov,0.2654227912425995,TargetRidge,0.40341076254844666,0.13798797130584717,RidgeCov,0.2654227912425995,0.0
2252,RidgeCov,0.26267895102500916,TargetRidge,0.42784592509269714,0.165166974067688,RidgeCov,0.26267895102500916,0.0
2253,RidgeCov,0.2817143499851227,TargetRidge,0.4143425524234772,0.1326282024383545,RidgeCov,0.2817143499851227,0.0
2254,RidgeCov,0.2559163272380829,TargetRidge,0.3557871878147125,0.09987086057662964,RidgeCov,0.2559163272380829,0.0
2255,RidgeCov,0.2460215836763382,TargetRidge,0.3697066307067871,0.12368504703044891,RidgeCov,0.2460215836763382,0.0
2256,RidgeCov,0.23954106867313385,TargetRidge,0.36003923416137695,0.1204981654882431,RidgeCov,0.23954106867313385,0.0
2257,RidgeCov,0.23032760620117188,TargetRidge,0.33939433097839355,0.10906672477722168,RidgeCov,0.23032760620117188,0.0
2258,RidgeCov,0.24815602600574493,TargetRidge,0.3220612108707428,0.07390518486499786,RidgeCov,0.24815602600574493,0.0
2259,RidgeCov,0.2570638060569763,TargetRidge,0.3153279721736908,0.05826416611671448,RidgeCov,0.2570638060569763,0.0
2260,RidgeCov,0.2385571002960205,TargetRidge,0.27707239985466003,0.038515299558639526,RidgeCov,0.2385571002960205,0.0
2261,RidgeCov,0.24862146377563477,TargetRidge,0.2986428141593933,0.050021350383758545,RidgeCov,0.24862146377563477,0.0
2262,RidgeCov,0.22944402694702148,TargetRidge,0.27456042170524597,0.04511639475822449,RidgeCov,0.22944402694702148,0.0
2263,RidgeCov,0.24400655925273895,TargetRidge,0.2676359713077545,0.023629412055015564,RidgeCov,0.24400655925273895,0.0
2264,RidgeCov,0.20358030498027802,TargetRidge,0.25085970759391785,0.04727940261363983,RidgeCov,0.20358030498027802,0.0
2265,RidgeCov,0.21115414798259735,TargetRidge,0.26763737201690674,0.05648322403430939,RidgeCov,0.21115414798259735,0.0
2266,RidgeCov,0.1990923285484314,TargetRidge,0.25376126170158386,0.054668933153152466,RidgeCov,0.1990923285484314,0.0
2267,RidgeCov,0.20245347917079926,TargetRidge,0.24427050352096558,0.04181702435016632,RidgeCov,0.20245347917079926,0.0
2268,RidgeCov,0.19599080085754395,TargetRidge,0.2539401352405548,0.057949334383010864,RidgeCov,0.19599080085754395,0.0
2269,RidgeCov,0.1698991060256958,TargetRidge,0.2113247960805893,0.041425690054893494,RidgeCov,0.1698991060256958,0.0
2270,RidgeCov,0.1719113141298294,TargetRidge,0.2055317908525467,0.033620476722717285,RidgeCov,0.1719113141298294,0.0
2271,RidgeCov,0.17796289920806885,TargetRidge,0.19449293613433838,0.01653003692626953,RidgeCov,0.17796289920806885,0.0
2272,RidgeCov,0.1635924130678177,TargetRidge,0.18611270189285278,0.022520288825035095,RidgeCov,0.1635924130678177,0.0
2273,TargetRidge,0.18641196191310883,RidgeCov,0.18852221965789795,0.0021102577447891235,RidgeCov,0.18852221965789795,0.0021102577447891235
2274,RidgeCov,0.15674108266830444,TargetRidge,0.18735653162002563,0.03061544895172119,RidgeCov,0.15674108266830444,0.0
2275,RidgeCov,0.1575971096754074,TargetRidge,0.1787409782409668,0.021143868565559387,RidgeCov,0.1575971096754074,0.0
2276,RidgeCov,0.1539897918701172,TargetRidge,0.15836581587791443,0.004376024007797241,RidgeCov,0.1539897918701172,0.0
2277,RidgeCov,0.15131470561027527,TargetRidge,0.16024605929851532,0.008931353688240051,RidgeCov,0.15131470561027527,0.0
2278,TargetRidge,0.15309001505374908,RidgeCov,0.15690933167934418,0.0038193166255950928,RidgeCov,0.15690933167934418,0.0038193166255950928
2279,RidgeCov,0.1440752148628235,TargetRidge,0.14539361000061035,0.0013183951377868652,RidgeCov,0.1440752148628235,0.0
2280,TargetRidge,0.13661418855190277,RidgeCov,0.17880026996135712,0.042186081409454346,RidgeCov,0.17880026996135712,0.042186081409454346
2281,TargetRidge,0.13268110156059265,RidgeCov,0.16583280265331268,0.03315170109272003,RidgeCov,0.16583280265331268,0.03315170109272003
2282,TargetRidge,0.11749210208654404,RidgeCov,0.16801093518733978,0.050518833100795746,RidgeCov,0.16801093518733978,0.050518833100795746
2283,TargetRidge,0.10704753547906876,RidgeCov,0.17066681385040283,0.06361927837133408,RidgeCov,0.17066681385040283,0.06361927837133408
2284,TargetRidge,0.11012530326843262,RidgeCov,0.1680835485458374,0.057958245277404785,RidgeCov,0.1680835485458374,0.057958245277404785
2285,TargetRidge,0.09969302266836166,RidgeCov,0.16119754314422607,0.06150452047586441,RidgeCov,0.16119754314422607,0.06150452047586441
2286,TargetRidge,0.09402365237474442,RidgeCov,0.17293326556682587,0.07890961319208145,RidgeCov,0.17293326556682587,0.07890961319208145
2287,TargetRidge,0.09364231675863266,RidgeCov,0.16452379524707794,0.07088147848844528,RidgeCov,0.16452379524707794,0.07088147848844528
2288,TargetRidge,0.0907304510474205,RidgeCov,0.16756939888000488,0.07683894783258438,RidgeCov,0.16756939888000488,0.07683894783258438
2289,TargetRidge,0.08355104923248291,RidgeCov,0.16860012710094452,0.08504907786846161,RidgeCov,0.16860012710094452,0.08504907786846161
2290,TargetRidge,0.08135218173265457,RidgeCov,0.16675697267055511,0.08540479093790054,RidgeCov,0.16675697267055511,0.08540479093790054
2291,TargetRidge,0.08503677695989609,RidgeCov,0.1717778444290161,0.08674106746912003,RidgeCov,0.1717778444290161,0.08674106746912003
2292,TargetRidge,0.07477805018424988,RidgeCov,0.1584467738866806,0.08366872370243073,RidgeCov,0.1584467738866806,0.08366872370243073
2293,TargetRidge,0.07218839973211288,RidgeCov,0.16634778678417206,0.09415938705205917,RidgeCov,0.16634778678417206,0.09415938705205917
2294,TargetRidge,0.07108893990516663,RidgeCov,0.14701740443706512,0.0759284645318985,RidgeCov,0.14701740443706512,0.0759284645318985
2295,TargetRidge,0.06892320513725281,RidgeCov,0.15015216171741486,0.08122895658016205,RidgeCov,0.15015216171741486,0.08122895658016205
2296,TargetRidge,0.06822167336940765,RidgeCov,0.16315194964408875,0.09493027627468109,RidgeCov,0.16315194964408875,0.09493027627468109
2297,TargetRidge,0.06800920516252518,RidgeCov,0.14588183164596558,0.0778726264834404,RidgeCov,0.14588183164596558,0.0778726264834404
2298,TargetRidge,0.06850241869688034,RidgeCov,0.15119367837905884,0.0826912596821785,RidgeCov,0.15119367837905884,0.0826912596821785
2299,TargetRidge,0.06771446019411087,RidgeCov,0.14019495248794556,0.07248049229383469,RidgeCov,0.14019495248794556,0.07248049229383469
2300,TargetRidge,0.07772859930992126,RidgeCov,0.15018139779567719,0.07245279848575592,RidgeCov,0.15018139779567719,0.07245279848575592
2301,TargetRidge,0.07106084376573563,RidgeCov,0.15367667376995087,0.08261583000421524,RidgeCov,0.15367667376995087,0.08261583000421524
2302,TargetRidge,0.07043030858039856,RidgeCov,0.14121784269809723,0.07078753411769867,RidgeCov,0.14121784269809723,0.07078753411769867
2303,TargetRidge,0.06915474683046341,RidgeCov,0.14457783102989197,0.07542308419942856,RidgeCov,0.14457783102989197,0.07542308419942856
2304,TargetRidge,0.0702110305428505,RidgeCov,0.15585049986839294,0.08563946932554245,RidgeCov,0.15585049986839294,0.08563946932554245
2305,TargetRidge,0.07384103536605835,RidgeCov,0.13478602468967438,0.06094498932361603,RidgeCov,0.13478602468967438,0.06094498932361603
2306,TargetRidge,0.07756151258945465,RidgeCov,0.15851055085659027,0.08094903826713562,RidgeCov,0.15851055085659027,0.08094903826713562
2307,TargetRidge,0.08717280626296997,RidgeCov,0.13913513720035553,0.05196233093738556,RidgeCov,0.13913513720035553,0.05196233093738556
2308,TargetRidge,0.08118706196546555,RidgeCov,0.1527247279882431,0.07153766602277756,RidgeCov,0.1527247279882431,0.07153766602277756
2309,TargetRidge,0.08381840586662292,RidgeCov,0.14189642667770386,0.05807802081108093,RidgeCov,0.14189642667770386,0.05807802081108093
2310,TargetRidge,0.0971844270825386,RidgeCov,0.1267816424369812,0.029597215354442596,RidgeCov,0.1267816424369812,0.029597215354442596
2311,TargetRidge,0.10042288899421692,RidgeCov,0.1281307190656662,0.02770783007144928,RidgeCov,0.1281307190656662,0.02770783007144928
2312,TargetRidge,0.09287288784980774,RidgeCov,0.12698185443878174,0.034108966588974,RidgeCov,0.12698185443878174,0.034108966588974
2313,TargetRidge,0.11284628510475159,RidgeCov,0.1329573541879654,0.020111069083213806,RidgeCov,0.1329573541879654,0.020111069083213806
2314,TargetRidge,0.10839980840682983,RidgeCov,0.13197916746139526,0.02357935905456543,RidgeCov,0.13197916746139526,0.02357935905456543
2315,TargetRidge,0.11054994910955429,RidgeCov,0.13133908808231354,0.020789138972759247,RidgeCov,0.13133908808231354,0.020789138972759247
2316,TargetRidge,0.12052777409553528,RidgeCov,0.14258168637752533,0.02205391228199005,RidgeCov,0.14258168637752533,0.02205391228199005
2317,TargetRidge,0.12499585002660751,RidgeCov,0.12922678887844086,0.0042309388518333435,RidgeCov,0.12922678887844086,0.0042309388518333435
2318,RidgeCov,0.10659116506576538,TargetRidge,0.14080946147441864,0.03421829640865326,RidgeCov,0.10659116506576538,0.0
2319,RidgeCov,0.11823322623968124,TargetRidge,0.14435029029846191,0.02611706405878067,RidgeCov,0.11823322623968124,0.0
2320,RidgeCov,0.11779191344976425,TargetRidge,0.1514315903186798,0.03363967686891556,RidgeCov,0.11779191344976425,0.0
2321,RidgeCov,0.11655506491661072,TargetRidge,0.17070738971233368,0.05415232479572296,RidgeCov,0.11655506491661072,0.0
2322,RidgeCov,0.11720334738492966,TargetRidge,0.18736428022384644,0.07016093283891678,RidgeCov,0.11720334738492966,0.0
2323,RidgeCov,0.12204547971487045,TargetRidge,0.19174976646900177,0.06970428675413132,RidgeCov,0.12204547971487045,0.0
2324,RidgeCov,0.10360542684793472,TargetRidge,0.19556935131549835,0.09196392446756363,RidgeCov,0.10360542684793472,0.0
2325,RidgeCov,0.09589020162820816,TargetRidge,0.22523033618927002,0.12934014201164246,RidgeCov,0.09589020162820816,0.0
2326,RidgeCov,0.10507766157388687,TargetRidge,0.2370453029870987,0.13196763396263123,RidgeCov,0.10507766157388687,0.0
2327,RidgeCov,0.11913784593343735,TargetRidge,0.2309654951095581,0.11182764917612076,RidgeCov,0.11913784593343735,0.0
2328,RidgeCov,0.09253259748220444,TargetRidge,0.24402980506420135,0.15149721503257751,RidgeCov,0.09253259748220444,0.0
2329,RidgeCov,0.09922468662261963,TargetRidge,0.25524118542671204,0.1560164988040924,RidgeCov,0.09922468662261963,0.0
2330,RidgeCov,0.08601802587509155,TargetRidge,0.2738065719604492,0.18778854608535767,RidgeCov,0.08601802587509155,0.0
2331,RidgeCov,0.09073206782341003,TargetRidge,0.29431137442588806,0.20357930660247803,RidgeCov,0.09073206782341003,0.0
2332,RidgeCov,0.08137311041355133,TargetRidge,0.3193569481372833,0.237983837723732,RidgeCov,0.08137311041355133,0.0
2333,RidgeCov,0.07302045822143555,TargetRidge,0.32166588306427,0.24864542484283447,RidgeCov,0.07302045822143555,0.0
2334,RidgeCov,0.06981363147497177,TargetRidge,0.3250729739665985,0.25525933504104614,RidgeCov,0.06981363147497177,0.0
2335,RidgeCov,0.09364809840917587,TargetRidge,0.3231947124004364,0.22954660654067993,RidgeCov,0.09364809840917587,0.0
2336,RidgeCov,0.07441819459199905,TargetRidge,0.35946333408355713,0.28504514694213867,RidgeCov,0.07441819459199905,0.0
2337,RidgeCov,0.08075067400932312,TargetRidge,0.33729901909828186,0.25654834508895874,RidgeCov,0.08075067400932312,0.0
2338,RidgeCov,0.08399215340614319,TargetRidge,0.3515152931213379,0.2675231397151947,RidgeCov,0.08399215340614319,0.0
2339,RidgeCov,0.09823343902826309,TargetRidge,0.34509626030921936,0.24686282873153687,RidgeCov,0.09823343902826309,0.0
2340,RidgeCov,0.10247036069631577,TargetRidge,0.35012173652648926,0.2476513683795929,RidgeCov,0.10247036069631577,0.0
2341,RidgeCov,0.07882986217737198,TargetRidge,0.351978063583374,0.27314820885658264,RidgeCov,0.07882986217737198,0.0
2342,RidgeCov,0.07653582096099854,TargetRidge,0.36888793110847473,0.2923521101474762,RidgeCov,0.07653582096099854,0.0
2343,RidgeCov,0.07375841587781906,TargetRidge,0.3503333330154419,0.27657490968704224,RidgeCov,0.07375841587781906,0.0
2344,RidgeCov,0.06515274196863174,TargetRidge,0.359910249710083,0.29475751519203186,RidgeCov,0.06515274196863174,0.0
2345,RidgeCov,0.07060810923576355,TargetRidge,0.3887752294540405,0.318167120218277,RidgeCov,0.07060810923576355,0.0
2346,RidgeCov,0.07834955304861069,TargetRidge,0.384065717458725,0.3057161569595337,RidgeCov,0.07834955304861069,0.0
2347,RidgeCov,0.09001076966524124,TargetRidge,0.3807368278503418,0.29072606563568115,RidgeCov,0.09001076966524124,0.0
2348,RidgeCov,0.08056900650262833,TargetRidge,0.3700721263885498,0.2895031273365021,RidgeCov,0.08056900650262833,0.0
2349,RidgeCov,0.071869857609272,TargetRidge,0.35920655727386475,0.28733670711517334,RidgeCov,0.071869857609272,0.0
2350,RidgeCov,0.10117121785879135,TargetRidge,0.3493836224079132,0.24821239709854126,RidgeCov,0.10117121785879135,0.0
2351,RidgeCov,0.09097691625356674,TargetRidge,0.33470630645751953,0.2437293827533722,RidgeCov,0.09097691625356674,0.0
2352,RidgeCov,0.10844588279724121,TargetRidge,0.31789639592170715,0.20945051312446594,RidgeCov,0.10844588279724121,0.0
2353,RidgeCov,0.09270277619361877,TargetRidge,0.31009432673454285,0.21739155054092407,RidgeCov,0.09270277619361877,0.0
2354,RidgeCov,0.06006031110882759,TargetRidge,0.2972348928451538,0.23717458546161652,RidgeCov,0.06006031110882759,0.0
2355,RidgeCov,0.060985445976257324,TargetRidge,0.2813258469104767,0.22034040093421936,RidgeCov,0.060985445976257324,0.0
2356,RidgeCov,0.08229833096265793,TargetRidge,0.2727794647216797,0.19048112630844116,RidgeCov,0.08229833096265793,0.0
2357,RidgeCov,0.05886787548661232,TargetRidge,0.2880883812904358,0.22922050952911377,RidgeCov,0.05886787548661232,0.0
2358,RidgeCov,0.08912434428930283,TargetRidge,0.2798527181148529,0.19072836637496948,RidgeCov,0.08912434428930283,0.0
2359,RidgeCov,0.08554122596979141,TargetRidge,0.258127897977829,0.17258667945861816,RidgeCov,0.08554122596979141,0.0
2360,RidgeCov,0.07413583248853683,TargetRidge,0.2542646825313568,0.18012884259223938,RidgeCov,0.07413583248853683,0.0
2361,RidgeCov,0.06248703598976135,TargetRidge,0.24719984829425812,0.18471281230449677,RidgeCov,0.06248703598976135,0.0
2362,RidgeCov,0.06909201294183731,TargetRidge,0.2439465969800949,0.174854576587677,RidgeCov,0.06909201294183731,0.0
2363,RidgeCov,0.08231227844953537,TargetRidge,0.23415948450565338,0.1518472135066986,RidgeCov,0.08231227844953537,0.0
2364,RidgeCov,0.06915534287691116,TargetRidge,0.22620809078216553,0.15705275535583496,RidgeCov,0.06915534287691116,0.0
2365,RidgeCov,0.06662184745073318,TargetRidge,0.21492767333984375,0.14830583333969116,RidgeCov,0.06662184745073318,0.0
2366,RidgeCov,0.06719154119491577,TargetRidge,0.2085973471403122,0.14140580594539642,RidgeCov,0.06719154119491577,0.0
2367,RidgeCov,0.06768053025007248,TargetRidge,0.20074723660945892,0.13306671380996704,RidgeCov,0.06768053025007248,0.0
2368,RidgeCov,0.0638810396194458,TargetRidge,0.19754056632518768,0.13365952670574188,RidgeCov,0.0638810396194458,0.0
2369,RidgeCov,0.082133449614048,TargetRidge,0.21476507186889648,0.13263162970542908,RidgeCov,0.082133449614048,0.0
2370,RidgeCov,0.08708307147026062,TargetRidge,0.19379763305187225,0.10671456158161163,RidgeCov,0.08708307147026062,0.0
2371,RidgeCov,0.06948145478963852,TargetRidge,0.23782677948474884,0.16834533214569092,RidgeCov,0.06948145478963852,0.0
2372,RidgeCov,0.0722399652004242,TargetRidge,0.20237459242343903,0.13013462722301483,RidgeCov,0.0722399652004242,0.0
2373,RidgeCov,0.07214174419641495,TargetRidge,0.24170441925525665,0.1695626676082611,RidgeCov,0.07214174419641495,0.0
2374,RidgeCov,0.08730479329824448,TargetRidge,0.19715499877929688,0.1098502054810524,RidgeCov,0.08730479329824448,0.0
2375,RidgeCov,0.0925896093249321,TargetRidge,0.22468620538711548,0.13209658861160278,RidgeCov,0.0925896093249321,0.0
2376,RidgeCov,0.0876803770661354,TargetRidge,0.19284667074680328,0.10516629368066788,RidgeCov,0.0876803770661354,0.0
2377,RidgeCov,0.08027806133031845,TargetRidge,0.1973273605108261,0.11704929918050766,RidgeCov,0.08027806133031845,0.0
2378,RidgeCov,0.06729377061128616,TargetRidge,0.2303963154554367,0.16310253739356995,RidgeCov,0.06729377061128616,0.0
2379,RidgeCov,0.056790318340063095,TargetRidge,0.19663052260875702,0.13984020054340363,RidgeCov,0.056790318340063095,0.0
2380,RidgeCov,0.051873642951250076,TargetRidge,0.18188558518886566,0.13001194596290588,RidgeCov,0.051873642951250076,0.0
2381,RidgeCov,0.0764983519911766,TargetRidge,0.19841162860393524,0.12191327661275864,RidgeCov,0.0764983519911766,0.0
2382,RidgeCov,0.07013238221406937,TargetRidge,0.24661505222320557,0.1764826774597168,RidgeCov,0.07013238221406937,0.0
2383,RidgeCov,0.06582105904817581,TargetRidge,0.2431439608335495,0.1773228943347931,RidgeCov,0.06582105904817581,0.0
2384,RidgeCov,0.049350619316101074,TargetRidge,0.2954012453556061,0.246050626039505,RidgeCov,0.049350619316101074,0.0
2385,RidgeCov,0.06557726114988327,TargetRidge,0.26381227374076843,0.19823500514030457,RidgeCov,0.06557726114988327,0.0
2386,RidgeCov,0.07330156117677689,TargetRidge,0.19089321792125702,0.11759165674448013,RidgeCov,0.07330156117677689,0.0
2387,RidgeCov,0.05257685109972954,TargetRidge,0.18978767096996307,0.13721081614494324,RidgeCov,0.05257685109972954,0.0
2388,RidgeCov,0.0665358379483223,TargetRidge,0.24494729936122894,0.17841145396232605,RidgeCov,0.0665358379483223,0.0
2389,RidgeCov,0.06387651711702347,TargetRidge,0.23736482858657837,0.1734883189201355,RidgeCov,0.06387651711702347,0.0
2390,RidgeCov,0.06028108671307564,TargetRidge,0.23256558179855347,0.17228449881076813,RidgeCov,0.06028108671307564,0.0
2391,RidgeCov,0.06589765101671219,TargetRidge,0.30287250876426697,0.23697486519813538,RidgeCov,0.06589765101671219,0.0
2392,RidgeCov,0.06225937604904175,TargetRidge,0.2718553841114044,0.20959600806236267,RidgeCov,0.06225937604904175,0.0
2393,RidgeCov,0.06686437875032425,TargetRidge,0.19583041965961456,0.12896603345870972,RidgeCov,0.06686437875032425,0.0
2394,RidgeCov,0.07420424371957779,TargetRidge,0.2648201882839203,0.1906159520149231,RidgeCov,0.07420424371957779,0.0
2395,RidgeCov,0.0692334696650505,TargetRidge,0.20772784948349,0.1384943723678589,RidgeCov,0.0692334696650505,0.0
2396,RidgeCov,0.07273291796445847,TargetRidge,0.22109092772006989,0.14835801720619202,RidgeCov,0.07273291796445847,0.0
2397,RidgeCov,0.07040984183549881,TargetRidge,0.2910310924053192,0.220621258020401,RidgeCov,0.07040984183549881,0.0
2398,RidgeCov,0.09742516279220581,TargetRidge,0.24945716559886932,0.1520320028066635,RidgeCov,0.09742516279220581,0.0
2399,RidgeCov,0.06565827131271362,TargetRidge,0.18876826763153076,0.12310999631881714,RidgeCov,0.06565827131271362,0.0
2400,RidgeCov,0.08297377824783325,TargetRidge,0.3071337640285492,0.22415998578071594,RidgeCov,0.08297377824783325,0.0
2401,RidgeCov,0.11111760139465332,TargetRidge,0.24413412809371948,0.13301652669906616,RidgeCov,0.11111760139465332,0.0
2402,RidgeCov,0.13246794044971466,TargetRidge,0.287146657705307,0.15467871725559235,RidgeCov,0.13246794044971466,0.0
2403,RidgeCov,0.0780566930770874,TargetRidge,0.43788257241249084,0.35982587933540344,RidgeCov,0.0780566930770874,0.0
2404,RidgeCov,0.0929870679974556,TargetRidge,0.29657378792762756,0.20358672738075256,RidgeCov,0.0929870679974556,0.0
2405,RidgeCov,0.08398130536079407,TargetRidge,0.35251155495643616,0.2685302495956421,RidgeCov,0.08398130536079407,0.0
2406,RidgeCov,0.07729057222604752,TargetRidge,0.311361700296402,0.23407113552093506,RidgeCov,0.07729057222604752,0.0
2407,RidgeCov,0.09049468487501144,TargetRidge,0.26928937435150146,0.17879468202590942,RidgeCov,0.09049468487501144,0.0
2408,RidgeCov,0.08291492611169815,TargetRidge,0.29917284846305847,0.21625792980194092,RidgeCov,0.08291492611169815,0.0
2409,RidgeCov,0.10797613859176636,TargetRidge,0.4054431915283203,0.29746705293655396,RidgeCov,0.10797613859176636,0.0
2410,RidgeCov,0.10601735860109329,TargetRidge,0.40681853890419006,0.30080118775367737,RidgeCov,0.10601735860109329,0.0
2411,RidgeCov,0.14444126188755035,TargetRidge,0.5017721056938171,0.357330858707428,RidgeCov,0.14444126188755035,0.0
2412,RidgeCov,0.12933893501758575,TargetRidge,0.4155300557613373,0.28619110584259033,RidgeCov,0.12933893501758575,0.0
2413,RidgeCov,0.07353165000677109,TargetRidge,0.3255586624145508,0.2520270049571991,RidgeCov,0.07353165000677109,0.0
2414,RidgeCov,0.11062222719192505,TargetRidge,0.33875802159309387,0.22813579440116882,RidgeCov,0.11062222719192505,0.0
2415,RidgeCov,0.16956265270709991,TargetRidge,0.4509519636631012,0.2813892960548401,RidgeCov,0.16956265270709991,0.0
2416,RidgeCov,0.11513620615005493,TargetRidge,0.506741464138031,0.3916052579879761,RidgeCov,0.11513620615005493,0.0
2417,RidgeCov,0.10788986831903458,TargetRidge,0.4831410348415375,0.3752511739730835,RidgeCov,0.10788986831903458,0.0
2418,RidgeCov,0.13019435107707977,TargetRidge,0.39468875527381897,0.2644944190979004,RidgeCov,0.13019435107707977,0.0
2419,RidgeCov,0.127505823969841,TargetRidge,0.43927833437919617,0.31177252531051636,RidgeCov,0.127505823969841,0.0
2420,RidgeCov,0.12159228324890137,TargetRidge,0.5027742981910706,0.3811820149421692,RidgeCov,0.12159228324890137,0.0
2421,RidgeCov,0.09459788352251053,TargetRidge,0.42072606086730957,0.32612818479537964,RidgeCov,0.09459788352251053,0.0
2422,RidgeCov,0.10760524123907089,TargetRidge,0.3989260494709015,0.29132080078125,RidgeCov,0.10760524123907089,0.0
2423,RidgeCov,0.09390649944543839,TargetRidge,0.3798498809337616,0.2859433889389038,RidgeCov,0.09390649944543839,0.0
2424,RidgeCov,0.13392339646816254,TargetRidge,0.3867149353027344,0.25279152393341064,RidgeCov,0.13392339646816254,0.0
2425,RidgeCov,0.12285459041595459,TargetRidge,0.5136143565177917,0.39075976610183716,RidgeCov,0.12285459041595459,0.0
2426,RidgeCov,0.18772119283676147,TargetRidge,0.5836514830589294,0.39593029022216797,RidgeCov,0.18772119283676147,0.0
2427,RidgeCov,0.13851620256900787,TargetRidge,0.4082287847995758,0.26971256732940674,RidgeCov,0.13851620256900787,0.0
2428,RidgeCov,0.172959566116333,TargetRidge,0.605078399181366,0.43211883306503296,RidgeCov,0.172959566116333,0.0
2429,RidgeCov,0.15405458211898804,TargetRidge,0.4163055717945099,0.26225098967552185,RidgeCov,0.15405458211898804,0.0
2430,RidgeCov,0.13034795224666595,TargetRidge,0.4905811846256256,0.36023324728012085,RidgeCov,0.13034795224666595,0.0
2431,RidgeCov,0.1378849893808365,TargetRidge,0.45082128047943115,0.31293630599975586,RidgeCov,0.1378849893808365,0.0
2432,RidgeCov,0.12814176082611084,TargetRidge,0.3771074116230011,0.24896565079689026,RidgeCov,0.12814176082611084,0.0
2433,RidgeCov,0.12186615914106369,TargetRidge,0.4096370041370392,0.2877708375453949,RidgeCov,0.12186615914106369,0.0
2434,RidgeCov,0.14239364862442017,TargetRidge,0.45048484206199646,0.3080911934375763,RidgeCov,0.14239364862442017,0.0
2435,RidgeCov,0.12008273601531982,TargetRidge,0.5516762137413025,0.43159347772598267,RidgeCov,0.12008273601531982,0.0
2436,RidgeCov,0.13153648376464844,TargetRidge,0.45142069458961487,0.31988421082496643,RidgeCov,0.13153648376464844,0.0
2437,RidgeCov,0.11037808656692505,TargetRidge,0.4837956726551056,0.37341758608818054,RidgeCov,0.11037808656692505,0.0
2438,RidgeCov,0.142655149102211,TargetRidge,0.4546250104904175,0.3119698762893677,RidgeCov,0.142655149102211,0.0
2439,RidgeCov,0.19051593542099,TargetRidge,0.5206336379051208,0.33011770248413086,RidgeCov,0.19051593542099,0.0
2440,RidgeCov,0.16487489640712738,TargetRidge,0.40566515922546387,0.2407902628183365,RidgeCov,0.16487489640712738,0.0
2441,RidgeCov,0.15940459072589874,TargetRidge,0.3924645483493805,0.23305995762348175,RidgeCov,0.15940459072589874,0.0
2442,RidgeCov,0.1520320326089859,TargetRidge,0.3863011300563812,0.23426909744739532,RidgeCov,0.1520320326089859,0.0
2443,RidgeCov,0.18662722408771515,TargetRidge,0.35479971766471863,0.16817249357700348,RidgeCov,0.18662722408771515,0.0
2444,RidgeCov,0.19327455759048462,TargetRidge,0.35149696469306946,0.15822240710258484,RidgeCov,0.19327455759048462,0.0
2445,RidgeCov,0.21745431423187256,TargetRidge,0.38120460510253906,0.1637502908706665,RidgeCov,0.21745431423187256,0.0
2446,RidgeCov,0.19204044342041016,TargetRidge,0.32702815532684326,0.1349877119064331,RidgeCov,0.19204044342041016,0.0
2447,RidgeCov,0.1366279125213623,TargetRidge,0.31618762016296387,0.17955970764160156,RidgeCov,0.1366279125213623,0.0
2448,RidgeCov,0.1777583509683609,TargetRidge,0.3350994288921356,0.15734107792377472,RidgeCov,0.1777583509683609,0.0
2449,RidgeCov,0.16688716411590576,TargetRidge,0.324917197227478,0.15803003311157227,RidgeCov,0.16688716411590576,0.0
2450,RidgeCov,0.1323530524969101,TargetRidge,0.3409675657749176,0.2086145132780075,RidgeCov,0.1323530524969101,0.0
2451,RidgeCov,0.15534761548042297,TargetRidge,0.30981510877609253,0.15446749329566956,RidgeCov,0.15534761548042297,0.0
2452,RidgeCov,0.14465102553367615,TargetRidge,0.3103717863559723,0.16572076082229614,RidgeCov,0.14465102553367615,0.0
2453,RidgeCov,0.15142910182476044,TargetRidge,0.3558928966522217,0.20446379482746124,RidgeCov,0.15142910182476044,0.0
2454,RidgeCov,0.20958514511585236,TargetRidge,0.32405316829681396,0.11446802318096161,RidgeCov,0.20958514511585236,0.0
2455,RidgeCov,0.16908161342144012,TargetRidge,0.3130558133125305,0.1439741998910904,RidgeCov,0.16908161342144012,0.0
2456,RidgeCov,0.208473801612854,TargetRidge,0.2938082814216614,0.08533447980880737,RidgeCov,0.208473801612854,0.0
2457,RidgeCov,0.19044233858585358,TargetRidge,0.3008503019809723,0.11040796339511871,RidgeCov,0.19044233858585358,0.0
2458,RidgeCov,0.2177201509475708,TargetRidge,0.3206731379032135,0.1029529869556427,RidgeCov,0.2177201509475708,0.0
2459,RidgeCov,0.2250777631998062,TargetRidge,0.31306958198547363,0.08799181878566742,RidgeCov,0.2250777631998062,0.0
2460,RidgeCov,0.2162414789199829,TargetRidge,0.34487369656562805,0.12863221764564514,RidgeCov,0.2162414789199829,0.0
2461,RidgeCov,0.2664831876754761,TargetRidge,0.38558921217918396,0.11910602450370789,RidgeCov,0.2664831876754761,0.0
2462,RidgeCov,0.2980625629425049,TargetRidge,0.330732136964798,0.03266957402229309,RidgeCov,0.2980625629425049,0.0
2463,RidgeCov,0.2162754088640213,TargetRidge,0.4370862543582916,0.22081084549427032,RidgeCov,0.2162754088640213,0.0
2464,RidgeCov,0.2664044201374054,TargetRidge,0.3919045627117157,0.1255001425743103,RidgeCov,0.2664044201374054,0.0
2465,RidgeCov,0.2768076956272125,TargetRidge,0.4819107949733734,0.2051030993461609,RidgeCov,0.2768076956272125,0.0
2466,RidgeCov,0.29043474793434143,TargetRidge,0.4764299690723419,0.1859952211380005,RidgeCov,0.29043474793434143,0.0
2467,RidgeCov,0.21821098029613495,TargetRidge,0.573444128036499,0.3552331328392029,RidgeCov,0.21821098029613495,0.0
2468,RidgeCov,0.2286621779203415,TargetRidge,0.5655221939086914,0.3368600010871887,RidgeCov,0.2286621779203415,0.0
2469,RidgeCov,0.24822460114955902,TargetRidge,0.508668839931488,0.2604442238807678,RidgeCov,0.24822460114955902,0.0
2470,RidgeCov,0.2446753978729248,TargetRidge,0.462790846824646,0.2181154489517212,RidgeCov,0.2446753978729248,0.0
2471,RidgeCov,0.19698883593082428,TargetRidge,0.5269017219543457,0.3299129009246826,RidgeCov,0.19698883593082428,0.0
2472,RidgeCov,0.24158012866973877,TargetRidge,0.5923839807510376,0.35080385208129883,RidgeCov,0.24158012866973877,0.0
2473,RidgeCov,0.37647804617881775,TargetRidge,0.5624904036521912,0.1860123574733734,RidgeCov,0.37647804617881775,0.0
2474,RidgeCov,0.34517765045166016,TargetRidge,0.5487387776374817,0.20356112718582153,RidgeCov,0.34517765045166016,0.0
2475,RidgeCov,0.36027130484580994,TargetRidge,0.5825136303901672,0.2222423255443573,RidgeCov,0.36027130484580994,0.0
2476,RidgeCov,0.3852905333042145,TargetRidge,0.722160816192627,0.3368702828884125,RidgeCov,0.3852905333042145,0.0
2477,RidgeCov,0.3223811089992523,TargetRidge,0.6618323922157288,0.33945128321647644,RidgeCov,0.3223811089992523,0.0
2478,RidgeCov,0.3776727616786957,TargetRidge,0.5593398213386536,0.18166705965995789,RidgeCov,0.3776727616786957,0.0
2479,RidgeCov,0.3359932005405426,TargetRidge,0.5923312902450562,0.25633808970451355,RidgeCov,0.3359932005405426,0.0
2480,RidgeCov,0.3082502484321594,TargetRidge,0.8703140616416931,0.5620638132095337,RidgeCov,0.3082502484321594,0.0
2481,RidgeCov,0.3173457086086273,TargetRidge,0.8326151371002197,0.51526939868927,RidgeCov,0.3173457086086273,0.0
2482,RidgeCov,0.3333001434803009,TargetRidge,0.5896731019020081,0.25637295842170715,RidgeCov,0.3333001434803009,0.0
2483,RidgeCov,0.2443142682313919,TargetRidge,0.6888830065727234,0.4445687532424927,RidgeCov,0.2443142682313919,0.0
2484,RidgeCov,0.25223508477211,TargetRidge,0.6995716691017151,0.4473365843296051,RidgeCov,0.25223508477211,0.0
2485,RidgeCov,0.2109694629907608,TargetRidge,0.7528628706932068,0.5418934226036072,RidgeCov,0.2109694629907608,0.0
2486,RidgeCov,0.21045036613941193,TargetRidge,0.8579781651496887,0.647527813911438,RidgeCov,0.21045036613941193,0.0
2487,RidgeCov,0.1827964335680008,TargetRidge,0.7115786671638489,0.5287822484970093,RidgeCov,0.1827964335680008,0.0
2488,RidgeCov,0.19586031138896942,TargetRidge,0.7671889662742615,0.5713286399841309,RidgeCov,0.19586031138896942,0.0
2489,RidgeCov,0.18341320753097534,TargetRidge,1.0048426389694214,0.821429431438446,RidgeCov,0.18341320753097534,0.0
2490,RidgeCov,0.14909470081329346,TargetRidge,0.8081610798835754,0.659066379070282,RidgeCov,0.14909470081329346,0.0
2491,RidgeCov,0.19926758110523224,TargetRidge,0.7957043647766113,0.5964367985725403,RidgeCov,0.19926758110523224,0.0
2492,RidgeCov,0.18808740377426147,TargetRidge,1.155056357383728,0.9669689536094666,RidgeCov,0.18808740377426147,0.0
2493,RidgeCov,0.1408044695854187,TargetRidge,1.1541002988815308,1.0132958889007568,RidgeCov,0.1408044695854187,0.0
2494,RidgeCov,0.1485951989889145,TargetRidge,1.0425113439559937,0.893916130065918,RidgeCov,0.1485951989889145,0.0
2495,RidgeCov,0.16393958032131195,TargetRidge,0.8686778545379639,0.7047382593154907,RidgeCov,0.16393958032131195,0.0
2496,RidgeCov,0.1681319922208786,TargetRidge,1.0896321535110474,0.9215001463890076,RidgeCov,0.1681319922208786,0.0
2497,RidgeCov,0.13841897249221802,TargetRidge,0.9397825598716736,0.8013635873794556,RidgeCov,0.13841897249221802,0.0
2498,RidgeCov,0.16802465915679932,TargetRidge,1.1013513803482056,0.9333267211914062,RidgeCov,0.16802465915679932,0.0
2499,RidgeCov,0.15518975257873535,TargetRidge,1.0910406112670898,0.9358508586883545,RidgeCov,0.15518975257873535,0.0
2500,RidgeCov,0.1480375975370407,TargetRidge,0.9978060722351074,0.8497684597969055,RidgeCov,0.1480375975370407,0.0
2501,RidgeCov,0.14664052426815033,TargetRidge,1.0067929029464722,0.8601523637771606,RidgeCov,0.14664052426815033,0.0
2502,RidgeCov,0.12892727553844452,TargetRidge,0.7468976974487305,0.6179704070091248,RidgeCov,0.12892727553844452,0.0
2503,RidgeCov,0.1341473013162613,TargetRidge,0.8036004900932312,0.6694532036781311,RidgeCov,0.1341473013162613,0.0
2504,RidgeCov,0.11556267738342285,TargetRidge,0.9924485087394714,0.8768858313560486,RidgeCov,0.11556267738342285,0.0
2505,RidgeCov,0.12292250990867615,TargetRidge,0.787532389163971,0.6646099090576172,RidgeCov,0.12292250990867615,0.0
2506,RidgeCov,0.12396041303873062,TargetRidge,0.9739124774932861,0.8499520421028137,RidgeCov,0.12396041303873062,0.0
2507,RidgeCov,0.10389089584350586,TargetRidge,0.8617327213287354,0.7578418254852295,RidgeCov,0.10389089584350586,0.0
2508,RidgeCov,0.0926511362195015,TargetRidge,0.6993842124938965,0.6067330837249756,RidgeCov,0.0926511362195015,0.0
2509,RidgeCov,0.09851057082414627,TargetRidge,0.7156369686126709,0.6171264052391052,RidgeCov,0.09851057082414627,0.0
2510,RidgeCov,0.11587623506784439,TargetRidge,0.849836528301239,0.7339602708816528,RidgeCov,0.11587623506784439,0.0
2511,RidgeCov,0.10116347670555115,TargetRidge,0.7197218537330627,0.618558406829834,RidgeCov,0.10116347670555115,0.0
2512,RidgeCov,0.10046068578958511,TargetRidge,0.7876105904579163,0.6871498823165894,RidgeCov,0.10046068578958511,0.0
2513,RidgeCov,0.1003599688410759,TargetRidge,0.696006715297699,0.5956467390060425,RidgeCov,0.1003599688410759,0.0
2514,RidgeCov,0.09384892135858536,TargetRidge,0.714059591293335,0.6202106475830078,RidgeCov,0.09384892135858536,0.0
2515,RidgeCov,0.09362325072288513,TargetRidge,0.515223503112793,0.42160025238990784,RidgeCov,0.09362325072288513,0.0
2516,RidgeCov,0.09557679295539856,TargetRidge,0.5524201989173889,0.45684340596199036,RidgeCov,0.09557679295539856,0.0
2517,RidgeCov,0.1100064143538475,TargetRidge,0.5167221426963806,0.4067157208919525,RidgeCov,0.1100064143538475,0.0
2518,RidgeCov,0.10559165477752686,TargetRidge,0.5033112168312073,0.3977195620536804,RidgeCov,0.10559165477752686,0.0
2519,RidgeCov,0.1165466234087944,TargetRidge,0.45403853058815,0.337491899728775,RidgeCov,0.1165466234087944,0.0
2520,RidgeCov,0.11304447054862976,TargetRidge,0.5035610795021057,0.39051660895347595,RidgeCov,0.11304447054862976,0.0
2521,RidgeCov,0.11476408690214157,TargetRidge,0.4434448778629303,0.32868078351020813,RidgeCov,0.11476408690214157,0.0
2522,RidgeCov,0.10256656259298325,TargetRidge,0.4022577702999115,0.29969120025634766,RidgeCov,0.10256656259298325,0.0
2523,RidgeCov,0.10375308990478516,TargetRidge,0.36249014735221863,0.25873705744743347,RidgeCov,0.10375308990478516,0.0
2524,RidgeCov,0.0908791646361351,TargetRidge,0.3103654682636261,0.2194862961769104,RidgeCov,0.0908791646361351,0.0
2525,RidgeCov,0.08419844508171082,TargetRidge,0.2901838421821594,0.2059853971004486,RidgeCov,0.08419844508171082,0.0
2526,RidgeCov,0.09093008190393448,TargetRidge,0.2579256594181061,0.1669955849647522,RidgeCov,0.09093008190393448,0.0
2527,RidgeCov,0.08302195370197296,TargetRidge,0.23737327754497528,0.15435132384300232,RidgeCov,0.08302195370197296,0.0
2528,RidgeCov,0.09178289026021957,TargetRidge,0.2676643431186676,0.17588144540786743,RidgeCov,0.09178289026021957,0.0
2529,RidgeCov,0.08153613656759262,TargetRidge,0.2080802321434021,0.12654408812522888,RidgeCov,0.08153613656759262,0.0
2530,RidgeCov,0.10009261220693588,TargetRidge,0.19671255350112915,0.09661994129419327,RidgeCov,0.10009261220693588,0.0
2531,RidgeCov,0.08391958475112915,TargetRidge,0.17418444156646729,0.09026485681533813,RidgeCov,0.08391958475112915,0.0
2532,RidgeCov,0.08651197701692581,TargetRidge,0.163873553276062,0.0773615762591362,RidgeCov,0.08651197701692581,0.0
2533,RidgeCov,0.08402404934167862,TargetRidge,0.15337611734867096,0.06935206800699234,RidgeCov,0.08402404934167862,0.0
2534,RidgeCov,0.07902579754590988,TargetRidge,0.13911862671375275,0.060092829167842865,RidgeCov,0.07902579754590988,0.0
2535,RidgeCov,0.07489743083715439,TargetRidge,0.12925751507282257,0.05436008423566818,RidgeCov,0.07489743083715439,0.0
2536,RidgeCov,0.0866893008351326,TargetRidge,0.1224735677242279,0.035784266889095306,RidgeCov,0.0866893008351326,0.0
2537,RidgeCov,0.08435038477182388,TargetRidge,0.11862984299659729,0.03427945822477341,RidgeCov,0.08435038477182388,0.0
2538,RidgeCov,0.08679451793432236,TargetRidge,0.12086061388254166,0.0340660959482193,RidgeCov,0.08679451793432236,0.0
2539,RidgeCov,0.0873771607875824,TargetRidge,0.11251994967460632,0.025142788887023926,RidgeCov,0.0873771607875824,0.0
2540,RidgeCov,0.08320970088243484,TargetRidge,0.11885970085859299,0.03564999997615814,RidgeCov,0.08320970088243484,0.0
2541,RidgeCov,0.08485683053731918,TargetRidge,0.11401853710412979,0.029161706566810608,RidgeCov,0.08485683053731918,0.0
2542,RidgeCov,0.08428261429071426,TargetRidge,0.11467975378036499,0.030397139489650726,RidgeCov,0.08428261429071426,0.0
2543,RidgeCov,0.09468656778335571,TargetRidge,0.13584332168102264,0.04115675389766693,RidgeCov,0.09468656778335571,0.0
2544,RidgeCov,0.0779232606291771,TargetRidge,0.1356067955493927,0.05768353492021561,RidgeCov,0.0779232606291771,0.0
2545,RidgeCov,0.08286584913730621,TargetRidge,0.15926499664783478,0.07639914751052856,RidgeCov,0.08286584913730621,0.0
2546,RidgeCov,0.08073598891496658,TargetRidge,0.1815289407968521,0.10079295188188553,RidgeCov,0.08073598891496658,0.0
2547,RidgeCov,0.0788152813911438,TargetRidge,0.19713382422924042,0.11831854283809662,RidgeCov,0.0788152813911438,0.0
2548,RidgeCov,0.08053237944841385,TargetRidge,0.20202700793743134,0.12149462848901749,RidgeCov,0.08053237944841385,0.0
2549,RidgeCov,0.07878988236188889,TargetRidge,0.21381957828998566,0.13502970337867737,RidgeCov,0.07878988236188889,0.0
2550,RidgeCov,0.07635984569787979,TargetRidge,0.2429007738828659,0.16654092073440552,RidgeCov,0.07635984569787979,0.0
2551,RidgeCov,0.07685963064432144,TargetRidge,0.2554489076137543,0.17858928442001343,RidgeCov,0.07685963064432144,0.0
2552,RidgeCov,0.08317579329013824,TargetRidge,0.2763088047504425,0.19313301146030426,RidgeCov,0.08317579329013824,0.0
2553,RidgeCov,0.08346452564001083,TargetRidge,0.31851205229759216,0.23504751920700073,RidgeCov,0.08346452564001083,0.0
2554,RidgeCov,0.08598589897155762,TargetRidge,0.3207925856113434,0.23480668663978577,RidgeCov,0.08598589897155762,0.0
2555,RidgeCov,0.08509635925292969,TargetRidge,0.3584915101528168,0.2733951508998871,RidgeCov,0.08509635925292969,0.0
2556,RidgeCov,0.0899520143866539,TargetRidge,0.37554875016212463,0.28559672832489014,RidgeCov,0.0899520143866539,0.0
2557,RidgeCov,0.09171093255281448,TargetRidge,0.384670615196228,0.29295969009399414,RidgeCov,0.09171093255281448,0.0
2558,RidgeCov,0.08648025989532471,TargetRidge,0.42484045028686523,0.3383601903915405,RidgeCov,0.08648025989532471,0.0
2559,RidgeCov,0.0914154052734375,TargetRidge,0.4348324239253998,0.3434170186519623,RidgeCov,0.0914154052734375,0.0
2560,RidgeCov,0.09673821926116943,TargetRidge,0.4835921823978424,0.386853963136673,RidgeCov,0.09673821926116943,0.0
2561,RidgeCov,0.09674695879220963,TargetRidge,0.4886593818664551,0.39191243052482605,RidgeCov,0.09674695879220963,0.0
2562,RidgeCov,0.10746628046035767,TargetRidge,0.5194036364555359,0.4119373559951782,RidgeCov,0.10746628046035767,0.0
2563,RidgeCov,0.11004099994897842,TargetRidge,0.5449982285499573,0.43495723605155945,RidgeCov,0.11004099994897842,0.0
2564,RidgeCov,0.1059756800532341,TargetRidge,0.5767180919647217,0.470742404460907,RidgeCov,0.1059756800532341,0.0
2565,RidgeCov,0.10375022888183594,TargetRidge,0.569895327091217,0.4661450982093811,RidgeCov,0.10375022888183594,0.0
2566,RidgeCov,0.12081047147512436,TargetRidge,0.6149503588676453,0.4941398799419403,RidgeCov,0.12081047147512436,0.0
2567,RidgeCov,0.11364826560020447,TargetRidge,0.5839095711708069,0.4702613055706024,RidgeCov,0.11364826560020447,0.0
2568,RidgeCov,0.1151161789894104,TargetRidge,0.5666713118553162,0.45155513286590576,RidgeCov,0.1151161789894104,0.0
2569,RidgeCov,0.13030657172203064,TargetRidge,0.6308642029762268,0.5005576610565186,RidgeCov,0.13030657172203064,0.0
2570,RidgeCov,0.12753643095493317,TargetRidge,0.691265881061554,0.563729465007782,RidgeCov,0.12753643095493317,0.0
2571,RidgeCov,0.13785147666931152,TargetRidge,0.6571729779243469,0.5193215012550354,RidgeCov,0.13785147666931152,0.0
2572,RidgeCov,0.14294517040252686,TargetRidge,0.6923635601997375,0.5494183897972107,RidgeCov,0.14294517040252686,0.0
2573,RidgeCov,0.15640954673290253,TargetRidge,0.6937160491943359,0.5373064875602722,RidgeCov,0.15640954673290253,0.0
2574,RidgeCov,0.1466701179742813,TargetRidge,0.6729868054389954,0.5263167023658752,RidgeCov,0.1466701179742813,0.0
2575,RidgeCov,0.14057768881320953,TargetRidge,0.6875012516975403,0.5469235777854919,RidgeCov,0.14057768881320953,0.0
2576,RidgeCov,0.1394280642271042,TargetRidge,0.6978184580802917,0.5583903789520264,RidgeCov,0.1394280642271042,0.0
2577,RidgeCov,0.15169374644756317,TargetRidge,0.6716325879096985,0.5199388265609741,RidgeCov,0.15169374644756317,0.0
2578,RidgeCov,0.13590823113918304,TargetRidge,0.6629802584648132,0.527072012424469,RidgeCov,0.13590823113918304,0.0
2579,RidgeCov,0.1370624154806137,TargetRidge,0.7045669555664062,0.5675045251846313,RidgeCov,0.1370624154806137,0.0
2580,RidgeCov,0.14658260345458984,TargetRidge,0.680180013179779,0.5335974097251892,RidgeCov,0.14658260345458984,0.0
2581,RidgeCov,0.14182274043560028,TargetRidge,0.6445329785346985,0.502710223197937,RidgeCov,0.14182274043560028,0.0
2582,RidgeCov,0.13968713581562042,ZeroPred,0.6932120323181152,0.553524911403656,RidgeCov,0.13968713581562042,0.0
2583,RidgeCov,0.11415489763021469,TargetRidge,0.6625726819038391,0.5484178066253662,RidgeCov,0.11415489763021469,0.0
2584,RidgeCov,0.11079618334770203,TargetRidge,0.6679829955101013,0.5571868419647217,RidgeCov,0.11079618334770203,0.0
2585,RidgeCov,0.09570125490427017,ZeroPred,0.6647142171859741,0.5690129399299622,RidgeCov,0.09570125490427017,0.0
2586,RidgeCov,0.12858062982559204,TargetRidge,0.5406022071838379,0.41202157735824585,RidgeCov,0.12858062982559204,0.0
2587,RidgeCov,0.10481142997741699,TargetRidge,0.5972971320152283,0.4924857020378113,RidgeCov,0.10481142997741699,0.0
2588,RidgeCov,0.102237768471241,TargetRidge,0.5286369919776917,0.42639923095703125,RidgeCov,0.102237768471241,0.0
2589,RidgeCov,0.09901239722967148,TargetRidge,0.5016098022460938,0.4025973975658417,RidgeCov,0.09901239722967148,0.0
2590,RidgeCov,0.12735147774219513,TargetRidge,0.34884700179100037,0.22149552404880524,RidgeCov,0.12735147774219513,0.0
2591,RidgeCov,0.11320465803146362,TargetRidge,0.3006601631641388,0.18745550513267517,RidgeCov,0.11320465803146362,0.0
2592,RidgeCov,0.12088152021169662,TargetRidge,0.2756391763687134,0.15475764870643616,RidgeCov,0.12088152021169662,0.0
2593,RidgeCov,0.14721517264842987,TargetRidge,0.26786351203918457,0.1206483393907547,RidgeCov,0.14721517264842987,0.0
2594,RidgeCov,0.11847738176584244,TargetRidge,0.2532416880130768,0.13476431369781494,RidgeCov,0.11847738176584244,0.0
2595,RidgeCov,0.1402205377817154,TargetRidge,0.24178098142147064,0.10156044363975525,RidgeCov,0.1402205377817154,0.0
2596,RidgeCov,0.11972562223672867,TargetRidge,0.1750977635383606,0.05537214130163193,RidgeCov,0.11972562223672867,0.0
2597,RidgeCov,0.13352371752262115,TargetRidge,0.14502714574337006,0.011503428220748901,RidgeCov,0.13352371752262115,0.0
2598,RidgeCov,0.10494730621576309,TargetRidge,0.12703903019428253,0.02209172397851944,RidgeCov,0.10494730621576309,0.0
2599,RidgeCov,0.10886230319738388,TargetRidge,0.13108521699905396,0.022222913801670074,RidgeCov,0.10886230319738388,0.0
2600,RidgeCov,0.0994836688041687,TargetRidge,0.14055943489074707,0.04107576608657837,RidgeCov,0.0994836688041687,0.0
2601,TargetRidge,0.12231757491827011,RidgeCov,0.1310453563928604,0.008727781474590302,RidgeCov,0.1310453563928604,0.008727781474590302
2602,RidgeCov,0.08619511872529984,TargetRidge,0.12937816977500916,0.04318305104970932,RidgeCov,0.08619511872529984,0.0
2603,RidgeCov,0.1139807477593422,TargetRidge,0.12470563501119614,0.010724887251853943,RidgeCov,0.1139807477593422,0.0
2604,TargetRidge,0.12396728992462158,RidgeCov,0.16928833723068237,0.04532104730606079,RidgeCov,0.16928833723068237,0.04532104730606079
2605,RidgeCov,0.12539398670196533,TargetRidge,0.1275206357240677,0.002126649022102356,RidgeCov,0.12539398670196533,0.0
2606,RidgeCov,0.08164133876562119,TargetRidge,0.13565994799137115,0.05401860922574997,RidgeCov,0.08164133876562119,0.0
2607,RidgeCov,0.12408200651407242,TargetRidge,0.15856033563613892,0.0344783291220665,RidgeCov,0.12408200651407242,0.0
2608,TargetRidge,0.14487968385219574,RidgeCov,0.14638318121433258,0.0015034973621368408,RidgeCov,0.14638318121433258,0.0015034973621368408
2609,RidgeCov,0.12247008085250854,TargetRidge,0.16259843111038208,0.040128350257873535,RidgeCov,0.12247008085250854,0.0
2610,RidgeCov,0.09818149358034134,TargetRidge,0.16633790731430054,0.0681564137339592,RidgeCov,0.09818149358034134,0.0
2611,RidgeCov,0.10560095310211182,TargetRidge,0.19224177300930023,0.08664081990718842,RidgeCov,0.10560095310211182,0.0
2612,RidgeCov,0.11160776764154434,TargetRidge,0.20426534116268158,0.09265757352113724,RidgeCov,0.11160776764154434,0.0
2613,RidgeCov,0.10221848636865616,TargetRidge,0.20909152925014496,0.1068730428814888,RidgeCov,0.10221848636865616,0.0
2614,RidgeCov,0.08396173268556595,TargetRidge,0.21540506184101105,0.1314433217048645,RidgeCov,0.08396173268556595,0.0
2615,RidgeCov,0.13485103845596313,TargetRidge,0.25057515501976013,0.115724116563797,RidgeCov,0.13485103845596313,0.0
2616,RidgeCov,0.09737551212310791,MeanRevertSlow,0.2278452068567276,0.1304696947336197,RidgeCov,0.09737551212310791,0.0
2617,RidgeCov,0.14685814082622528,TargetRidge,0.2437896579504013,0.09693151712417603,RidgeCov,0.14685814082622528,0.0
2618,RidgeCov,0.1714235097169876,TargetRidge,0.23737217485904694,0.06594866514205933,RidgeCov,0.1714235097169876,0.0
2619,RidgeCov,0.14767037332057953,TargetRidge,0.2235710173845291,0.07590064406394958,RidgeCov,0.14767037332057953,0.0
2620,RidgeCov,0.10738462209701538,TargetRidge,0.2671505808830261,0.15976595878601074,RidgeCov,0.10738462209701538,0.0
2621,RidgeCov,0.14225326478481293,TargetRidge,0.27972760796546936,0.13747434318065643,RidgeCov,0.14225326478481293,0.0
2622,RidgeCov,0.16342873871326447,MeanRevertSlow,0.26866614818573,0.10523740947246552,RidgeCov,0.16342873871326447,0.0
2623,RidgeCov,0.16956554353237152,MeanRevertSlow,0.2464084029197693,0.07684285938739777,RidgeCov,0.16956554353237152,0.0
2624,RidgeCov,0.11182086914777756,MeanRevertSlow,0.23962247371673584,0.12780159711837769,RidgeCov,0.11182086914777756,0.0
2625,RidgeCov,0.17156626284122467,MeanRevertSlow,0.23785023391246796,0.06628397107124329,RidgeCov,0.17156626284122467,0.0
2626,RidgeCov,0.14839299023151398,MeanRevertSlow,0.2805616855621338,0.1321686953306198,RidgeCov,0.14839299023151398,0.0
2627,RidgeCov,0.1982838660478592,MeanRevertSlow,0.2816826403141022,0.08339877426624298,RidgeCov,0.1982838660478592,0.0
2628,RidgeCov,0.22532980144023895,MeanRevertSlow,0.2991214096546173,0.07379160821437836,RidgeCov,0.22532980144023895,0.0
2629,RidgeCov,0.19204719364643097,MeanRevertSlow,0.3311489522457123,0.1391017585992813,RidgeCov,0.19204719364643097,0.0
2630,RidgeCov,0.19557566940784454,MeanRevertSlow,0.3000689446926117,0.10449327528476715,RidgeCov,0.19557566940784454,0.0
2631,RidgeCov,0.2194756269454956,MeanRevertSlow,0.40699395537376404,0.18751832842826843,RidgeCov,0.2194756269454956,0.0
2632,RidgeCov,0.14101411402225494,MeanRevertSlow,0.35083213448524475,0.2098180204629898,RidgeCov,0.14101411402225494,0.0
2633,RidgeCov,0.16640910506248474,TargetRidge,0.21766488254070282,0.05125577747821808,RidgeCov,0.16640910506248474,0.0
2634,RidgeCov,0.13933156430721283,TargetRidge,0.20365095138549805,0.06431938707828522,RidgeCov,0.13933156430721283,0.0
2635,RidgeCov,0.13565252721309662,TargetRidge,0.25703880190849304,0.12138627469539642,RidgeCov,0.13565252721309662,0.0
2636,RidgeCov,0.17631292343139648,TargetRidge,0.21060098707675934,0.034288063645362854,RidgeCov,0.17631292343139648,0.0
2637,RidgeCov,0.12485941499471664,TargetRidge,0.19879674911499023,0.07393733412027359,RidgeCov,0.12485941499471664,0.0
2638,RidgeCov,0.15673518180847168,TargetRidge,0.17223136126995087,0.015496179461479187,RidgeCov,0.15673518180847168,0.0
2639,TargetRidge,0.15427617728710175,RidgeCov,0.19488514959812164,0.0406089723110199,RidgeCov,0.19488514959812164,0.0406089723110199
2640,TargetRidge,0.16879355907440186,RidgeCov,0.19732172787189484,0.02852816879749298,RidgeCov,0.19732172787189484,0.02852816879749298
2641,RidgeCov,0.10886582732200623,TargetRidge,0.12987925112247467,0.021013423800468445,RidgeCov,0.10886582732200623,0.0
2642,RidgeCov,0.08614742755889893,TargetRidge,0.1255095899105072,0.039362162351608276,RidgeCov,0.08614742755889893,0.0
2643,RidgeCov,0.09190913289785385,TargetRidge,0.14238017797470093,0.050471045076847076,RidgeCov,0.09190913289785385,0.0
2644,RidgeCov,0.12356948852539062,TargetRidge,0.15526695549488068,0.03169746696949005,RidgeCov,0.12356948852539062,0.0
2645,RidgeCov,0.09198653697967529,TargetRidge,0.10888084024190903,0.016894303262233734,RidgeCov,0.09198653697967529,0.0
2646,RidgeCov,0.08954104036092758,TargetRidge,0.09565938264131546,0.006118342280387878,RidgeCov,0.08954104036092758,0.0
2647,RidgeCov,0.0739145502448082,TargetRidge,0.0816311463713646,0.0077165961265563965,RidgeCov,0.0739145502448082,0.0
2648,TargetRidge,0.07690826058387756,RidgeCov,0.08356672525405884,0.006658464670181274,RidgeCov,0.08356672525405884,0.006658464670181274
2649,TargetRidge,0.08554200083017349,RidgeCov,0.08655312657356262,0.0010111257433891296,RidgeCov,0.08655312657356262,0.0010111257433891296
2650,RidgeCov,0.09342179447412491,TargetRidge,0.10582510381937027,0.012403309345245361,RidgeCov,0.09342179447412491,0.0
2651,TargetRidge,0.0675991103053093,RidgeCov,0.09408613294363022,0.026487022638320923,RidgeCov,0.09408613294363022,0.026487022638320923
2652,TargetRidge,0.06649552285671234,RidgeCov,0.09098932892084122,0.024493806064128876,RidgeCov,0.09098932892084122,0.024493806064128876
2653,TargetRidge,0.07002982497215271,RidgeCov,0.08324351906776428,0.013213694095611572,RidgeCov,0.08324351906776428,0.013213694095611572
2654,RidgeCov,0.07329805195331573,TargetRidge,0.07386317849159241,0.0005651265382766724,RidgeCov,0.07329805195331573,0.0
2655,RidgeCov,0.06903236359357834,TargetRidge,0.07338952273130417,0.00435715913772583,RidgeCov,0.06903236359357834,0.0
2656,RidgeCov,0.06180660054087639,TargetRidge,0.07223739475011826,0.010430794209241867,RidgeCov,0.06180660054087639,0.0
2657,RidgeCov,0.07441506534814835,TargetRidge,0.07585134357213974,0.001436278223991394,RidgeCov,0.07441506534814835,0.0
2658,RidgeCov,0.07828211039304733,TargetRidge,0.08316642045974731,0.004884310066699982,RidgeCov,0.07828211039304733,0.0
2659,TargetRidge,0.08750364929437637,RidgeCov,0.09680893272161484,0.009305283427238464,RidgeCov,0.09680893272161484,0.009305283427238464
2660,RidgeCov,0.09713238477706909,TargetRidge,0.10236010700464249,0.005227722227573395,RidgeCov,0.09713238477706909,0.0
2661,RidgeCov,0.0761304423213005,TargetRidge,0.13426990807056427,0.05813946574926376,RidgeCov,0.0761304423213005,0.0
2662,RidgeCov,0.07647476345300674,TargetRidge,0.11969100683927536,0.043216243386268616,RidgeCov,0.07647476345300674,0.0
2663,RidgeCov,0.06245340406894684,TargetRidge,0.14383770525455475,0.08138430118560791,RidgeCov,0.06245340406894684,0.0
2664,RidgeCov,0.06976984441280365,TargetRidge,0.20115388929843903,0.13138404488563538,RidgeCov,0.06976984441280365,0.0
2665,RidgeCov,0.07374713569879532,TargetRidge,0.2001679390668869,0.126420795917511,RidgeCov,0.07374713569879532,0.0
2666,RidgeCov,0.08124051243066788,TargetRidge,0.17700181901454926,0.09576130658388138,RidgeCov,0.08124051243066788,0.0
2667,RidgeCov,0.07489363104104996,TargetRidge,0.24378269910812378,0.16888907551765442,RidgeCov,0.07489363104104996,0.0
2668,RidgeCov,0.06795898824930191,TargetRidge,0.3015803396701813,0.23362135887145996,RidgeCov,0.06795898824930191,0.0
2669,RidgeCov,0.0650922879576683,TargetRidge,0.406755656003952,0.3416633605957031,RidgeCov,0.0650922879576683,0.0
2670,RidgeCov,0.05799421668052673,TargetRidge,0.361736536026001,0.30374231934547424,RidgeCov,0.05799421668052673,0.0
2671,RidgeCov,0.0684826448559761,TargetRidge,0.46132922172546387,0.39284658432006836,RidgeCov,0.0684826448559761,0.0
2672,RidgeCov,0.06542516499757767,TargetRidge,0.4241050183773041,0.358679860830307,RidgeCov,0.06542516499757767,0.0
2673,RidgeCov,0.06474898010492325,TargetRidge,0.47771522402763367,0.412966251373291,RidgeCov,0.06474898010492325,0.0
2674,RidgeCov,0.06834668666124344,TargetRidge,0.6212119460105896,0.5528652667999268,RidgeCov,0.06834668666124344,0.0
2675,RidgeCov,0.07481013983488083,TargetRidge,0.5992839932441711,0.5244738459587097,RidgeCov,0.07481013983488083,0.0
2676,RidgeCov,0.0719616711139679,TargetRidge,0.5845552682876587,0.5125936269760132,RidgeCov,0.0719616711139679,0.0
2677,RidgeCov,0.0622614286839962,TargetRidge,0.657181978225708,0.5949205756187439,RidgeCov,0.0622614286839962,0.0
2678,RidgeCov,0.0682888776063919,TargetRidge,0.7518426775932312,0.6835538148880005,RidgeCov,0.0682888776063919,0.0
2679,RidgeCov,0.08316026628017426,TargetRidge,0.8008651733398438,0.7177048921585083,RidgeCov,0.08316026628017426,0.0
2680,RidgeCov,0.06804344803094864,TargetRidge,0.7472849488258362,0.6792414784431458,RidgeCov,0.06804344803094864,0.0
2681,RidgeCov,0.07371769100427628,TargetRidge,0.7909544110298157,0.7172366976737976,RidgeCov,0.07371769100427628,0.0
2682,RidgeCov,0.07306268811225891,TargetRidge,0.9498565196990967,0.8767938613891602,RidgeCov,0.07306268811225891,0.0
2683,RidgeCov,0.07927744090557098,EWMSlow,0.9905583262443542,0.9112808704376221,RidgeCov,0.07927744090557098,0.0
2684,RidgeCov,0.07686185836791992,TargetRidge,0.9129608273506165,0.8360989689826965,RidgeCov,0.07686185836791992,0.0
2685,RidgeCov,0.0869041457772255,TargetRidge,1.0113669633865356,0.9244627952575684,RidgeCov,0.0869041457772255,0.0
2686,RidgeCov,0.07255799323320389,ZeroPred,1.1105035543441772,1.0379455089569092,RidgeCov,0.07255799323320389,0.0
2687,RidgeCov,0.08219565451145172,Persistence,1.0548348426818848,0.9726392030715942,RidgeCov,0.08219565451145172,0.0
2688,RidgeCov,0.07242875546216965,Persistence,1.0840421915054321,1.0116134881973267,RidgeCov,0.07242875546216965,0.0
2689,RidgeCov,0.09061211347579956,TargetRidge,1.1053558588027954,1.0147438049316406,RidgeCov,0.09061211347579956,0.0
2690,RidgeCov,0.0828968808054924,Trend,0.9845044016838074,0.9016075134277344,RidgeCov,0.0828968808054924,0.0
2691,RidgeCov,0.10133536905050278,Trend,0.8207902908325195,0.7194549441337585,RidgeCov,0.10133536905050278,0.0
2692,RidgeCov,0.1333867758512497,TargetRidge,0.9813064932823181,0.8479197025299072,RidgeCov,0.1333867758512497,0.0
2693,RidgeCov,0.09627068042755127,TargetRidge,0.8368991017341614,0.7406284213066101,RidgeCov,0.09627068042755127,0.0
2694,RidgeCov,0.08130122721195221,TargetRidge,0.8894168734550476,0.8081156611442566,RidgeCov,0.08130122721195221,0.0
2695,RidgeCov,0.12008505314588547,TargetRidge,0.7503051161766052,0.6302200555801392,RidgeCov,0.12008505314588547,0.0
2696,RidgeCov,0.10624959319829941,TargetRidge,0.7210311889648438,0.6147816181182861,RidgeCov,0.10624959319829941,0.0
2697,RidgeCov,0.11709209531545639,TargetRidge,0.7702925205230713,0.6532004475593567,RidgeCov,0.11709209531545639,0.0
2698,RidgeCov,0.0992901548743248,TargetRidge,0.7372373938560486,0.6379472613334656,RidgeCov,0.0992901548743248,0.0
2699,RidgeCov,0.1358085423707962,TargetRidge,0.614340603351593,0.478532075881958,RidgeCov,0.1358085423707962,0.0
2700,RidgeCov,0.11075449734926224,TargetRidge,0.5944234728813171,0.4836689829826355,RidgeCov,0.11075449734926224,0.0
2701,RidgeCov,0.13782553374767303,Trend,0.5261169075965881,0.3882913589477539,RidgeCov,0.13782553374767303,0.0
2702,RidgeCov,0.11986860632896423,Trend,0.5363754034042358,0.4165067970752716,RidgeCov,0.11986860632896423,0.0
2703,RidgeCov,0.09644923359155655,Trend,0.5916018486022949,0.49515262246131897,RidgeCov,0.09644923359155655,0.0
2704,RidgeCov,0.2119792252779007,Trend,0.4901838004589081,0.2782045602798462,RidgeCov,0.2119792252779007,0.0
2705,RidgeCov,0.11825317144393921,TargetRidge,0.4629303514957428,0.3446771800518036,RidgeCov,0.11825317144393921,0.0
2706,RidgeCov,0.13277874886989594,TargetRidge,0.5519670248031616,0.4191882610321045,RidgeCov,0.13277874886989594,0.0
2707,RidgeCov,0.12497856467962265,Trend,0.547727644443512,0.4227490723133087,RidgeCov,0.12497856467962265,0.0
2708,RidgeCov,0.13880614936351776,Trend,0.5980855822563171,0.4592794179916382,RidgeCov,0.13880614936351776,0.0
2709,RidgeCov,0.13749268651008606,TargetRidge,0.4120301902294159,0.27453750371932983,RidgeCov,0.13749268651008606,0.0
2710,RidgeCov,0.14407630264759064,TargetRidge,0.3540295660495758,0.20995326340198517,RidgeCov,0.14407630264759064,0.0
2711,RidgeCov,0.10154902189970016,TargetRidge,0.20900259912014008,0.10745357722043991,RidgeCov,0.10154902189970016,0.0
2712,RidgeCov,0.10765915364027023,TargetRidge,0.19513051211833954,0.0874713584780693,RidgeCov,0.10765915364027023,0.0
2713,RidgeCov,0.11016067117452621,TargetRidge,0.24138332903385162,0.131222665309906,RidgeCov,0.11016067117452621,0.0
2714,RidgeCov,0.194327712059021,TargetRidge,0.2732292711734772,0.07890155911445618,RidgeCov,0.194327712059021,0.0
2715,RidgeCov,0.10864317417144775,TargetRidge,0.34909379482269287,0.24045062065124512,RidgeCov,0.10864317417144775,0.0
2716,RidgeCov,0.08655009418725967,TargetRidge,0.34621939063072205,0.25966930389404297,RidgeCov,0.08655009418725967,0.0
2717,RidgeCov,0.08697754144668579,TargetRidge,0.24362866580486298,0.15665112435817719,RidgeCov,0.08697754144668579,0.0
2718,RidgeCov,0.07633163034915924,TargetRidge,0.317388653755188,0.24105702340602875,RidgeCov,0.07633163034915924,0.0
2719,RidgeCov,0.10381815582513809,TargetRidge,0.28227928280830383,0.17846113443374634,RidgeCov,0.10381815582513809,0.0
2720,RidgeCov,0.08732423931360245,TargetRidge,0.328252911567688,0.24092867970466614,RidgeCov,0.08732423931360245,0.0
2721,RidgeCov,0.10134836286306381,TargetRidge,0.35005417466163635,0.24870580434799194,RidgeCov,0.10134836286306381,0.0
2722,RidgeCov,0.10937196761369705,TargetRidge,0.33561983704566956,0.2262478768825531,RidgeCov,0.10937196761369705,0.0
2723,RidgeCov,0.09482119232416153,TargetRidge,0.27205511927604675,0.17723393440246582,RidgeCov,0.09482119232416153,0.0
2724,RidgeCov,0.08707588165998459,TargetRidge,0.3034653961658478,0.2163895070552826,RidgeCov,0.08707588165998459,0.0
2725,RidgeCov,0.0923348069190979,TargetRidge,0.32568982243537903,0.23335501551628113,RidgeCov,0.0923348069190979,0.0
2726,RidgeCov,0.13665838539600372,TargetRidge,0.2948620021343231,0.1582036167383194,RidgeCov,0.13665838539600372,0.0
2727,RidgeCov,0.1241009458899498,TargetRidge,0.364894300699234,0.2407933473587036,RidgeCov,0.1241009458899498,0.0
2728,RidgeCov,0.1358192414045334,TargetRidge,0.32757747173309326,0.19175823032855988,RidgeCov,0.1358192414045334,0.0
2729,RidgeCov,0.11937606334686279,TargetRidge,0.34408488869667053,0.22470882534980774,RidgeCov,0.11937606334686279,0.0
2730,RidgeCov,0.07617160677909851,TargetRidge,0.3945063650608063,0.31833475828170776,RidgeCov,0.07617160677909851,0.0
2731,RidgeCov,0.13640207052230835,TargetRidge,0.35629093647003174,0.2198888659477234,RidgeCov,0.13640207052230835,0.0
2732,RidgeCov,0.16239996254444122,TargetRidge,0.372238427400589,0.20983846485614777,RidgeCov,0.16239996254444122,0.0
2733,RidgeCov,0.14187347888946533,TargetRidge,0.3846941888332367,0.24282070994377136,RidgeCov,0.14187347888946533,0.0
2734,RidgeCov,0.19395019114017487,TargetRidge,0.39209017157554626,0.1981399804353714,RidgeCov,0.19395019114017487,0.0
2735,RidgeCov,0.21432708203792572,TargetRidge,0.42226681113243103,0.2079397290945053,RidgeCov,0.21432708203792572,0.0
2736,RidgeCov,0.17229525744915009,TargetRidge,0.4378456175327301,0.2655503749847412,RidgeCov,0.17229525744915009,0.0
2737,RidgeCov,0.15090139210224152,TargetRidge,0.4739498198032379,0.3230484127998352,RidgeCov,0.15090139210224152,0.0
2738,RidgeCov,0.11534196138381958,TargetRidge,0.47247958183288574,0.35713762044906616,RidgeCov,0.11534196138381958,0.0
2739,RidgeCov,0.1378985494375229,TargetRidge,0.4803825318813324,0.3424839973449707,RidgeCov,0.1378985494375229,0.0
2740,RidgeCov,0.16327455639839172,TargetRidge,0.4926393926143646,0.3293648362159729,RidgeCov,0.16327455639839172,0.0
2741,RidgeCov,0.1961485892534256,TargetRidge,0.5794119834899902,0.38326340913772583,RidgeCov,0.1961485892534256,0.0
2742,RidgeCov,0.20027272403240204,TargetRidge,0.5762028694152832,0.37593013048171997,RidgeCov,0.20027272403240204,0.0
2743,RidgeCov,0.15171973407268524,TargetRidge,0.547356367111206,0.3956366181373596,RidgeCov,0.15171973407268524,0.0
2744,RidgeCov,0.2206691950559616,TargetRidge,0.547304093837738,0.32663488388061523,RidgeCov,0.2206691950559616,0.0
2745,RidgeCov,0.193151593208313,TargetRidge,0.5132976174354553,0.32014602422714233,RidgeCov,0.193151593208313,0.0
2746,RidgeCov,0.2228994369506836,TargetRidge,0.7295131683349609,0.5066137313842773,RidgeCov,0.2228994369506836,0.0
2747,RidgeCov,0.20381449162960052,TargetRidge,0.5481104254722595,0.3442959189414978,RidgeCov,0.20381449162960052,0.0
2748,RidgeCov,0.1934569627046585,TargetRidge,0.5696499943733215,0.3761930465698242,RidgeCov,0.1934569627046585,0.0
2749,RidgeCov,0.24192146956920624,TargetRidge,0.5616125464439392,0.3196910619735718,RidgeCov,0.24192146956920624,0.0
2750,RidgeCov,0.22055684030056,TargetRidge,0.6999272704124451,0.4793704152107239,RidgeCov,0.22055684030056,0.0
2751,RidgeCov,0.1968727707862854,TargetRidge,0.6675281524658203,0.4706553816795349,RidgeCov,0.1968727707862854,0.0
2752,RidgeCov,0.2277774065732956,TargetRidge,0.6183329224586487,0.3905555009841919,RidgeCov,0.2277774065732956,0.0
2753,RidgeCov,0.24125345051288605,TargetRidge,0.6329052448272705,0.39165180921554565,RidgeCov,0.24125345051288605,0.0
2754,RidgeCov,0.2468482255935669,TargetRidge,0.6161496639251709,0.369301438331604,RidgeCov,0.2468482255935669,0.0
2755,RidgeCov,0.22378192842006683,TargetRidge,0.8641877770423889,0.6404058337211609,RidgeCov,0.22378192842006683,0.0
2756,RidgeCov,0.23406773805618286,TargetRidge,0.9105749130249023,0.6765071749687195,RidgeCov,0.23406773805618286,0.0
2757,RidgeCov,0.21886248886585236,TargetRidge,0.706549346446991,0.4876868724822998,RidgeCov,0.21886248886585236,0.0
2758,RidgeCov,0.20896480977535248,TargetRidge,0.5768453478813171,0.36788052320480347,RidgeCov,0.20896480977535248,0.0
2759,RidgeCov,0.2660859227180481,TargetRidge,0.657958984375,0.3918730616569519,RidgeCov,0.2660859227180481,0.0
2760,RidgeCov,0.25497400760650635,TargetRidge,0.8149096965789795,0.5599356889724731,RidgeCov,0.25497400760650635,0.0
2761,RidgeCov,0.26304692029953003,TargetRidge,0.8522979617118835,0.5892510414123535,RidgeCov,0.26304692029953003,0.0
2762,RidgeCov,0.2892402708530426,TargetRidge,0.8252833485603333,0.5360430479049683,RidgeCov,0.2892402708530426,0.0
2763,RidgeCov,0.2572285830974579,TargetRidge,0.6965814232826233,0.4393528401851654,RidgeCov,0.2572285830974579,0.0
2764,RidgeCov,0.2445119470357895,TargetRidge,0.8196055889129639,0.5750936269760132,RidgeCov,0.2445119470357895,0.0
2765,RidgeCov,0.2708442509174347,TargetRidge,0.8709774017333984,0.6001331806182861,RidgeCov,0.2708442509174347,0.0
2766,RidgeCov,0.2735693156719208,TargetRidge,0.8584809303283691,0.584911584854126,RidgeCov,0.2735693156719208,0.0
2767,RidgeCov,0.25587400794029236,TargetRidge,0.836681604385376,0.5808075666427612,RidgeCov,0.25587400794029236,0.0
2768,RidgeCov,0.23350434005260468,TargetRidge,0.9143325686454773,0.6808282136917114,RidgeCov,0.23350434005260468,0.0
2769,RidgeCov,0.2700826823711395,TargetRidge,0.7530071139335632,0.4829244315624237,RidgeCov,0.2700826823711395,0.0
2770,RidgeCov,0.26690033078193665,TargetRidge,0.8334158062934875,0.5665154457092285,RidgeCov,0.26690033078193665,0.0
2771,RidgeCov,0.25877466797828674,TargetRidge,1.0428303480148315,0.7840557098388672,RidgeCov,0.25877466797828674,0.0
2772,RidgeCov,0.27372458577156067,TargetRidge,0.6569552421569824,0.38323065638542175,RidgeCov,0.27372458577156067,0.0
2773,RidgeCov,0.28539517521858215,TargetRidge,0.802337110042572,0.5169419050216675,RidgeCov,0.28539517521858215,0.0
2774,RidgeCov,0.26716935634613037,TargetRidge,0.9386302828788757,0.6714609265327454,RidgeCov,0.26716935634613037,0.0
2775,RidgeCov,0.2828419804573059,TargetRidge,0.6821722984313965,0.3993303179740906,RidgeCov,0.2828419804573059,0.0
2776,RidgeCov,0.2939140498638153,TargetRidge,0.7104916572570801,0.41657760739326477,RidgeCov,0.2939140498638153,0.0
2777,RidgeCov,0.28490695357322693,TargetRidge,0.7103909850120544,0.4254840314388275,RidgeCov,0.28490695357322693,0.0
2778,RidgeCov,0.2737705707550049,TargetRidge,0.8710789680480957,0.5973083972930908,RidgeCov,0.2737705707550049,0.0
2779,RidgeCov,0.25069132447242737,TargetRidge,0.7344667911529541,0.48377546668052673,RidgeCov,0.25069132447242737,0.0
2780,RidgeCov,0.3043662905693054,TargetRidge,0.818911612033844,0.5145453214645386,RidgeCov,0.3043662905693054,0.0
2781,RidgeCov,0.2786777913570404,TargetRidge,0.740750789642334,0.4620729982852936,RidgeCov,0.2786777913570404,0.0
2782,RidgeCov,0.2656470239162445,TargetRidge,0.7494053840637207,0.4837583601474762,RidgeCov,0.2656470239162445,0.0
2783,RidgeCov,0.3079899549484253,TargetRidge,0.8646342754364014,0.5566443204879761,RidgeCov,0.3079899549484253,0.0
2784,RidgeCov,0.27411022782325745,TargetRidge,0.8313117027282715,0.5572015047073364,RidgeCov,0.27411022782325745,0.0
2785,RidgeCov,0.21886254847049713,TargetRidge,0.7763581275939941,0.5574955940246582,RidgeCov,0.21886254847049713,0.0
2786,RidgeCov,0.2558976113796234,TargetRidge,0.7688047885894775,0.5129071474075317,RidgeCov,0.2558976113796234,0.0
2787,RidgeCov,0.23165039718151093,TargetRidge,0.6873254179954529,0.45567500591278076,RidgeCov,0.23165039718151093,0.0
2788,RidgeCov,0.2532460391521454,TargetRidge,0.685585081577301,0.43233904242515564,RidgeCov,0.2532460391521454,0.0
2789,RidgeCov,0.2622230350971222,TargetRidge,0.7661094069480896,0.503886342048645,RidgeCov,0.2622230350971222,0.0
2790,RidgeCov,0.21284808218479156,TargetRidge,0.7390304207801819,0.5261823534965515,RidgeCov,0.21284808218479156,0.0
2791,RidgeCov,0.18941688537597656,TargetRidge,0.7284809947013855,0.5390641093254089,RidgeCov,0.18941688537597656,0.0
2792,RidgeCov,0.22173553705215454,TargetRidge,0.833060085773468,0.6113245487213135,RidgeCov,0.22173553705215454,0.0
2793,RidgeCov,0.22413568198680878,TargetRidge,0.7967141270637512,0.5725784301757812,RidgeCov,0.22413568198680878,0.0
2794,RidgeCov,0.26678553223609924,TargetRidge,0.7245118618011475,0.4577263295650482,RidgeCov,0.26678553223609924,0.0
2795,RidgeCov,0.23042429983615875,TargetRidge,0.7053658962249756,0.474941611289978,RidgeCov,0.23042429983615875,0.0
2796,RidgeCov,0.1888461858034134,TargetRidge,0.6961833834648132,0.507337212562561,RidgeCov,0.1888461858034134,0.0
2797,RidgeCov,0.2022610455751419,TargetRidge,0.6717540621757507,0.46949303150177,RidgeCov,0.2022610455751419,0.0
2798,RidgeCov,0.23172692954540253,TargetRidge,0.5746731162071228,0.3429461717605591,RidgeCov,0.23172692954540253,0.0
2799,RidgeCov,0.20967000722885132,TargetRidge,0.6455479264259338,0.4358779191970825,RidgeCov,0.20967000722885132,0.0
2800,RidgeCov,0.20465177297592163,TargetRidge,0.5016738772392273,0.29702210426330566,RidgeCov,0.20465177297592163,0.0
2801,RidgeCov,0.1849023699760437,TargetRidge,0.5580360889434814,0.37313371896743774,RidgeCov,0.1849023699760437,0.0
2802,RidgeCov,0.19210238754749298,TargetRidge,0.4632240831851959,0.27112168073654175,RidgeCov,0.19210238754749298,0.0
2803,RidgeCov,0.23307649791240692,TargetRidge,0.5401528477668762,0.3070763349533081,RidgeCov,0.23307649791240692,0.0
2804,RidgeCov,0.189713254570961,TargetRidge,0.506929337978363,0.31721609830856323,RidgeCov,0.189713254570961,0.0
2805,RidgeCov,0.20445281267166138,TargetRidge,0.409207820892334,0.2047550082206726,RidgeCov,0.20445281267166138,0.0
2806,RidgeCov,0.1972789764404297,TargetRidge,0.4728248119354248,0.2755458354949951,RidgeCov,0.1972789764404297,0.0
2807,RidgeCov,0.19379357993602753,TargetRidge,0.5189599394798279,0.32516634464263916,RidgeCov,0.19379357993602753,0.0
2808,RidgeCov,0.17940302193164825,TargetRidge,0.522479772567749,0.34307676553726196,RidgeCov,0.17940302193164825,0.0
2809,RidgeCov,0.1732090264558792,TargetRidge,0.40606871247291565,0.23285968601703644,RidgeCov,0.1732090264558792,0.0
2810,RidgeCov,0.16720795631408691,TargetRidge,0.3953012526035309,0.22809329628944397,RidgeCov,0.16720795631408691,0.0
2811,RidgeCov,0.15876998007297516,TargetRidge,0.34435558319091797,0.1855856031179428,RidgeCov,0.15876998007297516,0.0
2812,RidgeCov,0.17103101313114166,TargetRidge,0.3255368173122406,0.15450580418109894,RidgeCov,0.17103101313114166,0.0
2813,RidgeCov,0.15836095809936523,TargetRidge,0.3337137699127197,0.1753528118133545,RidgeCov,0.15836095809936523,0.0
2814,RidgeCov,0.146085724234581,TargetRidge,0.3349643051624298,0.18887858092784882,RidgeCov,0.146085724234581,0.0
2815,RidgeCov,0.15713411569595337,TargetRidge,0.30750778317451477,0.1503736674785614,RidgeCov,0.15713411569595337,0.0
2816,RidgeCov,0.15945418179035187,TargetRidge,0.29161199927330017,0.1321578174829483,RidgeCov,0.15945418179035187,0.0
2817,RidgeCov,0.13206429779529572,TargetRidge,0.2810879945755005,0.14902369678020477,RidgeCov,0.13206429779529572,0.0
2818,RidgeCov,0.1420096606016159,TargetRidge,0.2816913425922394,0.13968168199062347,RidgeCov,0.1420096606016159,0.0
2819,RidgeCov,0.1363389790058136,TargetRidge,0.26779377460479736,0.13145479559898376,RidgeCov,0.1363389790058136,0.0
2820,RidgeCov,0.13952629268169403,TargetRidge,0.2546992003917694,0.11517290771007538,RidgeCov,0.13952629268169403,0.0
2821,RidgeCov,0.1365639567375183,TargetRidge,0.22918038070201874,0.09261642396450043,RidgeCov,0.1365639567375183,0.0
2822,RidgeCov,0.12140282243490219,TargetRidge,0.2309652417898178,0.10956241935491562,RidgeCov,0.12140282243490219,0.0
2823,RidgeCov,0.11164087057113647,TargetRidge,0.2176682949066162,0.10602742433547974,RidgeCov,0.11164087057113647,0.0
2824,RidgeCov,0.11381027847528458,TargetRidge,0.21736346185207367,0.10355318337678909,RidgeCov,0.11381027847528458,0.0
2825,RidgeCov,0.11428914219141006,TargetRidge,0.2111114263534546,0.09682228416204453,RidgeCov,0.11428914219141006,0.0
2826,RidgeCov,0.10259564965963364,TargetRidge,0.20598028600215912,0.10338463634252548,RidgeCov,0.10259564965963364,0.0
2827,RidgeCov,0.11252915859222412,TargetRidge,0.20641322433948517,0.09388406574726105,RidgeCov,0.11252915859222412,0.0
2828,RidgeCov,0.10272500663995743,TargetRidge,0.20651279389858246,0.10378778725862503,RidgeCov,0.10272500663995743,0.0
2829,RidgeCov,0.10717136412858963,TargetRidge,0.20645153522491455,0.09928017109632492,RidgeCov,0.10717136412858963,0.0
2830,RidgeCov,0.11213096976280212,TargetRidge,0.20856274664402008,0.09643177688121796,RidgeCov,0.11213096976280212,0.0
2831,RidgeCov,0.11950061470270157,TargetRidge,0.21779227256774902,0.09829165786504745,RidgeCov,0.11950061470270157,0.0
2832,RidgeCov,0.1128944531083107,TargetRidge,0.22703009843826294,0.11413564532995224,RidgeCov,0.1128944531083107,0.0
2833,RidgeCov,0.12151545286178589,TargetRidge,0.23286588490009308,0.11135043203830719,RidgeCov,0.12151545286178589,0.0
2834,RidgeCov,0.10895425081253052,TargetRidge,0.23932498693466187,0.13037073612213135,RidgeCov,0.10895425081253052,0.0
2835,RidgeCov,0.10402210801839828,TargetRidge,0.25185319781303406,0.14783108234405518,RidgeCov,0.10402210801839828,0.0
2836,RidgeCov,0.11102978140115738,TargetRidge,0.26307424902915955,0.15204447507858276,RidgeCov,0.11102978140115738,0.0
2837,RidgeCov,0.11239973455667496,TargetRidge,0.25933608412742615,0.1469363570213318,RidgeCov,0.11239973455667496,0.0
2838,RidgeCov,0.1112600564956665,TargetRidge,0.2738124430179596,0.1625523865222931,RidgeCov,0.1112600564956665,0.0
2839,RidgeCov,0.10424112528562546,TargetRidge,0.2999574840068817,0.19571635127067566,RidgeCov,0.10424112528562546,0.0
2840,RidgeCov,0.10605565458536148,TargetRidge,0.2999292314052582,0.1938735842704773,RidgeCov,0.10605565458536148,0.0
2841,RidgeCov,0.10707934945821762,TargetRidge,0.3114818334579468,0.20440247654914856,RidgeCov,0.10707934945821762,0.0
2842,RidgeCov,0.11075808852910995,TargetRidge,0.32541924715042114,0.2146611511707306,RidgeCov,0.11075808852910995,0.0
2843,RidgeCov,0.11486711353063583,TargetRidge,0.3353849947452545,0.22051787376403809,RidgeCov,0.11486711353063583,0.0
2844,RidgeCov,0.09888443350791931,TargetRidge,0.3298412561416626,0.2309568226337433,RidgeCov,0.09888443350791931,0.0
2845,RidgeCov,0.09896537661552429,TargetRidge,0.34818899631500244,0.24922361969947815,RidgeCov,0.09896537661552429,0.0
2846,RidgeCov,0.09840966016054153,TargetRidge,0.352811336517334,0.25440168380737305,RidgeCov,0.09840966016054153,0.0
2847,RidgeCov,0.1067449077963829,TargetRidge,0.3752795159816742,0.2685346007347107,RidgeCov,0.1067449077963829,0.0
2848,RidgeCov,0.0905669704079628,TargetRidge,0.3884401321411133,0.2978731691837311,RidgeCov,0.0905669704079628,0.0
2849,RidgeCov,0.09442979842424393,TargetRidge,0.3900827467441559,0.29565295577049255,RidgeCov,0.09442979842424393,0.0
2850,RidgeCov,0.08967297524213791,TargetRidge,0.3984716832637787,0.3087987005710602,RidgeCov,0.08967297524213791,0.0
2851,RidgeCov,0.08467909693717957,TargetRidge,0.43748176097869873,0.35280266404151917,RidgeCov,0.08467909693717957,0.0
2852,RidgeCov,0.08454692363739014,TargetRidge,0.4077248275279999,0.32317790389060974,RidgeCov,0.08454692363739014,0.0
2853,RidgeCov,0.0843655988574028,TargetRidge,0.41342517733573914,0.32905957102775574,RidgeCov,0.0843655988574028,0.0
2854,RidgeCov,0.0914945974946022,TargetRidge,0.4451100826263428,0.35361549258232117,RidgeCov,0.0914945974946022,0.0
2855,RidgeCov,0.0794919952750206,TargetRidge,0.4431285858154297,0.3636365830898285,RidgeCov,0.0794919952750206,0.0
2856,RidgeCov,0.07994373887777328,TargetRidge,0.45992007851600647,0.3799763321876526,RidgeCov,0.07994373887777328,0.0
2857,RidgeCov,0.07381870597600937,TargetRidge,0.44880715012550354,0.3749884366989136,RidgeCov,0.07381870597600937,0.0
2858,RidgeCov,0.08068376779556274,TargetRidge,0.4870854318141937,0.406401664018631,RidgeCov,0.08068376779556274,0.0
2859,RidgeCov,0.0781315341591835,TargetRidge,0.4517788887023926,0.3736473619937897,RidgeCov,0.0781315341591835,0.0
2860,RidgeCov,0.08295223116874695,TargetRidge,0.45695438981056213,0.3740021586418152,RidgeCov,0.08295223116874695,0.0
2861,RidgeCov,0.07790485769510269,TargetRidge,0.48803019523620605,0.41012534499168396,RidgeCov,0.07790485769510269,0.0
2862,RidgeCov,0.08578226715326309,TargetRidge,0.47974085807800293,0.39395859837532043,RidgeCov,0.08578226715326309,0.0
2863,RidgeCov,0.08250978589057922,TargetRidge,0.4834674894809723,0.40095770359039307,RidgeCov,0.08250978589057922,0.0
2864,RidgeCov,0.08614102751016617,TargetRidge,0.5177126526832581,0.4315716326236725,RidgeCov,0.08614102751016617,0.0
2865,RidgeCov,0.08477026224136353,TargetRidge,0.4641188383102417,0.3793485760688782,RidgeCov,0.08477026224136353,0.0
2866,RidgeCov,0.08783287554979324,TargetRidge,0.4535004794597626,0.3656676113605499,RidgeCov,0.08783287554979324,0.0
2867,RidgeCov,0.08696902543306351,TargetRidge,0.4588223993778229,0.37185338139533997,RidgeCov,0.08696902543306351,0.0
2868,RidgeCov,0.09447797387838364,TargetRidge,0.4577627182006836,0.36328473687171936,RidgeCov,0.09447797387838364,0.0
2869,RidgeCov,0.09811294823884964,TargetRidge,0.432182639837265,0.33406969904899597,RidgeCov,0.09811294823884964,0.0
2870,RidgeCov,0.10415784269571304,TargetRidge,0.43448829650878906,0.3303304612636566,RidgeCov,0.10415784269571304,0.0
2871,RidgeCov,0.10045192390680313,TargetRidge,0.4465828239917755,0.346130907535553,RidgeCov,0.10045192390680313,0.0
2872,RidgeCov,0.09557125717401505,TargetRidge,0.4545523226261139,0.35898107290267944,RidgeCov,0.09557125717401505,0.0
2873,RidgeCov,0.0894872322678566,TargetRidge,0.41643092036247253,0.32694369554519653,RidgeCov,0.0894872322678566,0.0
2874,RidgeCov,0.07772966474294662,TargetRidge,0.39279255270957947,0.31506288051605225,RidgeCov,0.07772966474294662,0.0
2875,RidgeCov,0.09759396314620972,TargetRidge,0.393680602312088,0.2960866391658783,RidgeCov,0.09759396314620972,0.0
2876,RidgeCov,0.07904521375894547,TargetRidge,0.37712550163269043,0.29808029532432556,RidgeCov,0.07904521375894547,0.0
2877,RidgeCov,0.07394003123044968,TargetRidge,0.3586764633655548,0.28473642468452454,RidgeCov,0.07394003123044968,0.0
2878,RidgeCov,0.08358415961265564,TargetRidge,0.22131161391735077,0.13772745430469513,RidgeCov,0.08358415961265564,0.0
2879,RidgeCov,0.08996989578008652,TargetRidge,0.184645876288414,0.09467598050832748,RidgeCov,0.08996989578008652,0.0
2880,RidgeCov,0.10517013072967529,TargetRidge,0.14823265373706818,0.04306252300739288,RidgeCov,0.10517013072967529,0.0
2881,RidgeCov,0.11161573976278305,TargetRidge,0.13472537696361542,0.023109637200832367,RidgeCov,0.11161573976278305,0.0
2882,RidgeCov,0.11577973514795303,TargetRidge,0.15796075761318207,0.042181022465229034,RidgeCov,0.11577973514795303,0.0
2883,RidgeCov,0.09493249654769897,TargetRidge,0.275471955537796,0.18053945899009705,RidgeCov,0.09493249654769897,0.0
2884,RidgeCov,0.11090853065252304,TargetRidge,0.15131111443042755,0.04040258377790451,RidgeCov,0.11090853065252304,0.0
2885,RidgeCov,0.09193821996450424,TargetRidge,0.14345760643482208,0.05151938647031784,RidgeCov,0.09193821996450424,0.0
2886,TargetRidge,0.09564200043678284,RidgeCov,0.11807220429182053,0.02243020385503769,RidgeCov,0.11807220429182053,0.02243020385503769
2887,TargetRidge,0.09826874732971191,RidgeCov,0.10542488098144531,0.0071561336517333984,RidgeCov,0.10542488098144531,0.0071561336517333984
2888,RidgeCov,0.09747707843780518,TargetRidge,0.12365619093179703,0.026179112493991852,RidgeCov,0.09747707843780518,0.0
2889,RidgeCov,0.09528562426567078,TargetRidge,0.11078900098800659,0.015503376722335815,RidgeCov,0.09528562426567078,0.0
2890,RidgeCov,0.11739454418420792,TargetRidge,0.12335734814405441,0.005962803959846497,RidgeCov,0.11739454418420792,0.0
2891,RidgeCov,0.10450003296136856,TargetRidge,0.1579136997461319,0.053413666784763336,RidgeCov,0.10450003296136856,0.0
2892,RidgeCov,0.0973752811551094,TargetRidge,0.14987216889858246,0.05249688774347305,RidgeCov,0.0973752811551094,0.0
2893,RidgeCov,0.11705716699361801,TargetRidge,0.13761180639266968,0.020554639399051666,RidgeCov,0.11705716699361801,0.0
2894,RidgeCov,0.11932355910539627,TargetRidge,0.1449878066778183,0.025664247572422028,RidgeCov,0.11932355910539627,0.0
2895,RidgeCov,0.08987569808959961,TargetRidge,0.15495754778385162,0.06508184969425201,RidgeCov,0.08987569808959961,0.0
2896,RidgeCov,0.09561339765787125,TargetRidge,0.17202405631542206,0.07641065865755081,RidgeCov,0.09561339765787125,0.0
2897,RidgeCov,0.12817709147930145,TargetRidge,0.1709233969449997,0.04274630546569824,RidgeCov,0.12817709147930145,0.0
2898,RidgeCov,0.097020722925663,TargetRidge,0.20913733541965485,0.11211661249399185,RidgeCov,0.097020722925663,0.0
2899,RidgeCov,0.0807548239827156,TargetRidge,0.20454443991184235,0.12378961592912674,RidgeCov,0.0807548239827156,0.0
2900,RidgeCov,0.08029160648584366,TargetRidge,0.23933248221874237,0.15904086828231812,RidgeCov,0.08029160648584366,0.0
2901,RidgeCov,0.11412278562784195,TargetRidge,0.26711899042129517,0.1529962122440338,RidgeCov,0.11412278562784195,0.0
2902,RidgeCov,0.1457979679107666,TargetRidge,0.23612666130065918,0.09032869338989258,RidgeCov,0.1457979679107666,0.0
2903,RidgeCov,0.1070665493607521,MeanRevertSlow,0.3274068534374237,0.2203403115272522,RidgeCov,0.1070665493607521,0.0
2904,RidgeCov,0.10791722685098648,MeanRevertSlow,0.22416870296001434,0.11625147610902786,RidgeCov,0.10791722685098648,0.0
2905,RidgeCov,0.17059051990509033,MeanRevertSlow,0.20524479448795319,0.034654274582862854,RidgeCov,0.17059051990509033,0.0
2906,RidgeCov,0.09684856981039047,MeanRevertSlow,0.27345308661460876,0.1766045093536377,RidgeCov,0.09684856981039047,0.0
2907,RidgeCov,0.11244997382164001,MeanRevertSlow,0.2214096188545227,0.10895964503288269,RidgeCov,0.11244997382164001,0.0
2908,RidgeCov,0.12360938638448715,MeanRevertSlow,0.24456191062927246,0.12095252424478531,RidgeCov,0.12360938638448715,0.0
2909,RidgeCov,0.11057478189468384,MeanRevertSlow,0.1969856470823288,0.08641086518764496,RidgeCov,0.11057478189468384,0.0
2910,RidgeCov,0.11416801810264587,MeanRevertSlow,0.1971675157546997,0.08299949765205383,RidgeCov,0.11416801810264587,0.0
2911,RidgeCov,0.10520067065954208,MeanRevertSlow,0.20523400604724884,0.10003333538770676,RidgeCov,0.10520067065954208,0.0
2912,RidgeCov,0.12884370982646942,MeanRevertSlow,0.20839156210422516,0.07954785227775574,RidgeCov,0.12884370982646942,0.0
2913,RidgeCov,0.1356440633535385,MeanRevertSlow,0.22749166190624237,0.09184759855270386,RidgeCov,0.1356440633535385,0.0
2914,RidgeCov,0.14827729761600494,MeanRevertSlow,0.22381776571273804,0.0755404680967331,RidgeCov,0.14827729761600494,0.0
2915,RidgeCov,0.1381663829088211,MeanRevertSlow,0.3572905361652374,0.21912415325641632,RidgeCov,0.1381663829088211,0.0
2916,RidgeCov,0.12741719186306,MeanRevertSlow,0.2584322690963745,0.13101507723331451,RidgeCov,0.12741719186306,0.0
2917,RidgeCov,0.16668701171875,MeanRevertSlow,0.24646008014678955,0.07977306842803955,RidgeCov,0.16668701171875,0.0
2918,RidgeCov,0.24536006152629852,MeanRevertSlow,0.26361003518104553,0.01824997365474701,RidgeCov,0.24536006152629852,0.0
2919,RidgeCov,0.19554591178894043,MeanRevertSlow,0.2675057351589203,0.07195982336997986,RidgeCov,0.19554591178894043,0.0
2920,RidgeCov,0.2072308212518692,MeanRevertSlow,0.34732794761657715,0.14009712636470795,RidgeCov,0.2072308212518692,0.0
2921,RidgeCov,0.23789574205875397,MeanRevertSlow,0.2923858165740967,0.05449007451534271,RidgeCov,0.23789574205875397,0.0
2922,RidgeCov,0.13519291579723358,MeanRevertSlow,0.3654748201370239,0.23028190433979034,RidgeCov,0.13519291579723358,0.0
2923,RidgeCov,0.2695481777191162,TargetRidge,0.28073951601982117,0.011191338300704956,RidgeCov,0.2695481777191162,0.0
2924,RidgeCov,0.1722307950258255,TargetRidge,0.2887008786201477,0.1164700835943222,RidgeCov,0.1722307950258255,0.0
2925,RidgeCov,0.1677236706018448,TargetRidge,0.28548046946525574,0.11775679886341095,RidgeCov,0.1677236706018448,0.0
2926,RidgeCov,0.16010470688343048,TargetRidge,0.212238147854805,0.05213344097137451,RidgeCov,0.16010470688343048,0.0
2927,RidgeCov,0.14511804282665253,TargetRidge,0.3020440638065338,0.1569260209798813,RidgeCov,0.14511804282665253,0.0
2928,RidgeCov,0.09499741345643997,TargetRidge,0.31753042340278625,0.22253301739692688,RidgeCov,0.09499741345643997,0.0
2929,RidgeCov,0.11395496129989624,TargetRidge,0.17043805122375488,0.05648308992385864,RidgeCov,0.11395496129989624,0.0
2930,RidgeCov,0.07512903213500977,TargetRidge,0.30937743186950684,0.23424839973449707,RidgeCov,0.07512903213500977,0.0
2931,TargetRidge,0.18956851959228516,RidgeCov,0.26001033186912537,0.07044181227684021,RidgeCov,0.26001033186912537,0.07044181227684021
2932,TargetRidge,0.18507599830627441,RidgeCov,0.31002452969551086,0.12494853138923645,RidgeCov,0.31002452969551086,0.12494853138923645
2933,RidgeCov,0.14365646243095398,TargetRidge,0.3693253993988037,0.22566893696784973,RidgeCov,0.14365646243095398,0.0
2934,RidgeCov,0.0928044319152832,TargetRidge,0.12815478444099426,0.03535035252571106,RidgeCov,0.0928044319152832,0.0
2935,RidgeCov,0.10330548137426376,TargetRidge,0.1313294917345047,0.028024010360240936,RidgeCov,0.10330548137426376,0.0
2936,RidgeCov,0.09567823261022568,TargetRidge,0.11595181375741959,0.02027358114719391,RidgeCov,0.09567823261022568,0.0
2937,TargetRidge,0.082900770008564,RidgeCov,0.12043852359056473,0.03753775358200073,RidgeCov,0.12043852359056473,0.03753775358200073
2938,TargetRidge,0.06787851452827454,RidgeCov,0.10395900160074234,0.036080487072467804,RidgeCov,0.10395900160074234,0.036080487072467804
2939,TargetRidge,0.06840608268976212,RidgeCov,0.1588812917470932,0.09047520905733109,RidgeCov,0.1588812917470932,0.09047520905733109
2940,RidgeCov,0.143057182431221,TargetRidge,0.16266779601573944,0.019610613584518433,RidgeCov,0.143057182431221,0.0
2941,TargetRidge,0.06911449134349823,RidgeCov,0.12277406454086304,0.05365957319736481,RidgeCov,0.12277406454086304,0.05365957319736481
2942,TargetRidge,0.08855964988470078,RidgeCov,0.11908837407827377,0.030528724193572998,RidgeCov,0.11908837407827377,0.030528724193572998
2943,TargetRidge,0.05197124183177948,RidgeCov,0.10133099555969238,0.0493597537279129,RidgeCov,0.10133099555969238,0.0493597537279129
2944,TargetRidge,0.056785181164741516,RidgeCov,0.0929780974984169,0.036192916333675385,RidgeCov,0.0929780974984169,0.036192916333675385
2945,TargetRidge,0.06355411559343338,RidgeCov,0.10513684898614883,0.041582733392715454,RidgeCov,0.10513684898614883,0.041582733392715454
2946,TargetRidge,0.06726998090744019,RidgeCov,0.09749125689268112,0.030221275985240936,RidgeCov,0.09749125689268112,0.030221275985240936
2947,TargetRidge,0.0653054341673851,RidgeCov,0.09623315185308456,0.030927717685699463,RidgeCov,0.09623315185308456,0.030927717685699463
2948,TargetRidge,0.06990820914506912,RidgeCov,0.08859489113092422,0.018686681985855103,RidgeCov,0.08859489113092422,0.018686681985855103
2949,RidgeCov,0.08451446145772934,TargetRidge,0.09762676805257797,0.013112306594848633,RidgeCov,0.08451446145772934,0.0
2950,RidgeCov,0.08847961574792862,TargetRidge,0.0936453714966774,0.005165755748748779,RidgeCov,0.08847961574792862,0.0
2951,RidgeCov,0.07551983743906021,TargetRidge,0.11375155299901962,0.03823171555995941,RidgeCov,0.07551983743906021,0.0
2952,RidgeCov,0.08691558241844177,TargetRidge,0.12486875802278519,0.037953175604343414,RidgeCov,0.08691558241844177,0.0
2953,RidgeCov,0.09720822423696518,TargetRidge,0.13287271559238434,0.03566449135541916,RidgeCov,0.09720822423696518,0.0
2954,RidgeCov,0.06838493794202805,TargetRidge,0.3059946298599243,0.23760968446731567,RidgeCov,0.06838493794202805,0.0
2955,RidgeCov,0.06319339573383331,TargetRidge,0.22505824267864227,0.16186484694480896,RidgeCov,0.06319339573383331,0.0
2956,RidgeCov,0.06323977559804916,TargetRidge,0.42794737219810486,0.3647075891494751,RidgeCov,0.06323977559804916,0.0
2957,RidgeCov,0.06972961872816086,TargetRidge,0.38531258702278137,0.3155829608440399,RidgeCov,0.06972961872816086,0.0
2958,RidgeCov,0.09262996166944504,TargetRidge,0.3358757793903351,0.24324581027030945,RidgeCov,0.09262996166944504,0.0
2959,RidgeCov,0.07962808758020401,TargetRidge,0.34658026695251465,0.26695218682289124,RidgeCov,0.07962808758020401,0.0
2960,RidgeCov,0.06224016472697258,TargetRidge,0.4983135461807251,0.4360733926296234,RidgeCov,0.06224016472697258,0.0
2961,RidgeCov,0.05360916256904602,TargetRidge,0.5502616763114929,0.4966525137424469,RidgeCov,0.05360916256904602,0.0
2962,RidgeCov,0.05987827107310295,TargetRidge,0.47625532746315,0.41637706756591797,RidgeCov,0.05987827107310295,0.0
2963,RidgeCov,0.06430327147245407,TargetRidge,0.5194728970527649,0.4551696181297302,RidgeCov,0.06430327147245407,0.0
2964,RidgeCov,0.07607799768447876,TargetRidge,0.6275283694267273,0.5514503717422485,RidgeCov,0.07607799768447876,0.0
2965,RidgeCov,0.07808628678321838,TargetRidge,0.6487029194831848,0.570616602897644,RidgeCov,0.07808628678321838,0.0
2966,RidgeCov,0.05922139808535576,TargetRidge,0.635888397693634,0.5766670107841492,RidgeCov,0.05922139808535576,0.0
2967,RidgeCov,0.07993026822805405,TargetRidge,0.9339788556098938,0.8540486097335815,RidgeCov,0.07993026822805405,0.0
2968,RidgeCov,0.0760628804564476,TargetRidge,0.7077952027320862,0.6317323446273804,RidgeCov,0.0760628804564476,0.0
2969,RidgeCov,0.07256621867418289,TargetRidge,0.8273138999938965,0.7547476887702942,RidgeCov,0.07256621867418289,0.0
2970,RidgeCov,0.07461469620466232,TargetRidge,0.9326135516166687,0.8579988479614258,RidgeCov,0.07461469620466232,0.0
2971,RidgeCov,0.07013002038002014,EWMSlow,0.9982326626777649,0.9281026124954224,RidgeCov,0.07013002038002014,0.0
2972,RidgeCov,0.062170255929231644,EWMSlow,1.0092086791992188,0.9470384120941162,RidgeCov,0.062170255929231644,0.0
2973,RidgeCov,0.08730056136846542,TargetRidge,0.844006359577179,0.7567058205604553,RidgeCov,0.08730056136846542,0.0
2974,RidgeCov,0.08425132185220718,ZeroPred,1.069888710975647,0.985637366771698,RidgeCov,0.08425132185220718,0.0
2975,RidgeCov,0.08416751772165298,TargetRidge,0.9969274401664734,0.9127599000930786,RidgeCov,0.08416751772165298,0.0
2976,RidgeCov,0.09425479173660278,ZeroPred,1.0697659254074097,0.9755111336708069,RidgeCov,0.09425479173660278,0.0
2977,RidgeCov,0.09477599710226059,TargetRidge,0.9903162121772766,0.8955402374267578,RidgeCov,0.09477599710226059,0.0
2978,RidgeCov,0.08083774149417877,TargetRidge,0.9427470564842224,0.8619093298912048,RidgeCov,0.08083774149417877,0.0
2979,RidgeCov,0.08132502436637878,Trend,0.783731997013092,0.7024070024490356,RidgeCov,0.08132502436637878,0.0
2980,RidgeCov,0.07629236578941345,Trend,0.8263388276100159,0.7500464916229248,RidgeCov,0.07629236578941345,0.0
2981,RidgeCov,0.09112223237752914,Trend,0.6288956999778748,0.5377734899520874,RidgeCov,0.09112223237752914,0.0
2982,RidgeCov,0.06807733327150345,Trend,0.5690376162528992,0.5009602904319763,RidgeCov,0.06807733327150345,0.0
2983,RidgeCov,0.07108422368764877,Trend,0.5066088438034058,0.4355246126651764,RidgeCov,0.07108422368764877,0.0
2984,RidgeCov,0.058789897710084915,Trend,0.5735898613929749,0.514799952507019,RidgeCov,0.058789897710084915,0.0
2985,RidgeCov,0.07186271250247955,Trend,0.5030791163444519,0.43121641874313354,RidgeCov,0.07186271250247955,0.0
2986,RidgeCov,0.06870167702436447,Trend,0.5174562931060791,0.44875460863113403,RidgeCov,0.06870167702436447,0.0
2987,RidgeCov,0.0683995708823204,Trend,0.46601495146751404,0.39761537313461304,RidgeCov,0.0683995708823204,0.0
2988,RidgeCov,0.10243199020624161,Trend,0.4347710609436035,0.3323390781879425,RidgeCov,0.10243199020624161,0.0
2989,RidgeCov,0.10384141653776169,TargetRidge,0.6277289986610413,0.523887574672699,RidgeCov,0.10384141653776169,0.0
2990,RidgeCov,0.1092817485332489,Trend,0.4179806709289551,0.3086989223957062,RidgeCov,0.1092817485332489,0.0
2991,RidgeCov,0.06329503655433655,Trend,0.4343644678592682,0.37106943130493164,RidgeCov,0.06329503655433655,0.0
2992,RidgeCov,0.06620662659406662,Trend,0.42311692237854004,0.3569102883338928,RidgeCov,0.06620662659406662,0.0
2993,RidgeCov,0.06600823253393173,TargetRidge,0.4908813238143921,0.42487308382987976,RidgeCov,0.06600823253393173,0.0
2994,RidgeCov,0.06932101398706436,TargetRidge,0.5274063348770142,0.4580853283405304,RidgeCov,0.06932101398706436,0.0
2995,RidgeCov,0.06547588855028152,Trend,0.5422403812408447,0.4767645001411438,RidgeCov,0.06547588855028152,0.0
2996,RidgeCov,0.10429450124502182,Trend,0.5356467962265015,0.43135228753089905,RidgeCov,0.10429450124502182,0.0
2997,RidgeCov,0.0918169617652893,TargetRidge,0.5340293049812317,0.4422123432159424,RidgeCov,0.0918169617652893,0.0
2998,RidgeCov,0.10986050218343735,TargetRidge,0.3303217589855194,0.22046124935150146,RidgeCov,0.10986050218343735,0.0
2999,RidgeCov,0.08426348119974136,TargetRidge,0.2732295095920563,0.1889660358428955,RidgeCov,0.08426348119974136,0.0
3000,RidgeCov,0.11009392142295837,TargetRidge,0.19496285915374756,0.08486893773078918,RidgeCov,0.11009392142295837,0.0
3001,RidgeCov,0.12516437470912933,TargetRidge,0.2375812530517578,0.11241687834262848,RidgeCov,0.12516437470912933,0.0
3002,RidgeCov,0.11875125020742416,TargetRidge,0.45855987071990967,0.3398086130619049,RidgeCov,0.11875125020742416,0.0
3003,RidgeCov,0.10929298400878906,TargetRidge,0.5830586552619934,0.47376567125320435,RidgeCov,0.10929298400878906,0.0
3004,RidgeCov,0.09625723212957382,TargetRidge,0.4005335867404938,0.30427634716033936,RidgeCov,0.09625723212957382,0.0
3005,RidgeCov,0.10932310670614243,TargetRidge,0.45279422402381897,0.34347110986709595,RidgeCov,0.10932310670614243,0.0
3006,RidgeCov,0.08099103718996048,TargetRidge,0.3542726933956146,0.27328166365623474,RidgeCov,0.08099103718996048,0.0
3007,RidgeCov,0.10158977657556534,TargetRidge,0.36648139357566833,0.2648916244506836,RidgeCov,0.10158977657556534,0.0
3008,RidgeCov,0.08982784301042557,TargetRidge,0.38067591190338135,0.2908480763435364,RidgeCov,0.08982784301042557,0.0
3009,RidgeCov,0.1004883423447609,TargetRidge,0.4027133882045746,0.3022250533103943,RidgeCov,0.1004883423447609,0.0
3010,RidgeCov,0.0927128717303276,TargetRidge,0.36956751346588135,0.27685463428497314,RidgeCov,0.0927128717303276,0.0
3011,RidgeCov,0.12056850641965866,TargetRidge,0.2506728172302246,0.13010430335998535,RidgeCov,0.12056850641965866,0.0
3012,RidgeCov,0.13256974518299103,TargetRidge,0.3228398263454437,0.1902700811624527,RidgeCov,0.13256974518299103,0.0
3013,RidgeCov,0.10039005428552628,TargetRidge,0.36893749237060547,0.2685474455356598,RidgeCov,0.10039005428552628,0.0
3014,RidgeCov,0.12540845572948456,TargetRidge,0.37428370118141174,0.24887524545192719,RidgeCov,0.12540845572948456,0.0
3015,RidgeCov,0.13740010559558868,TargetRidge,0.3524298369884491,0.2150297313928604,RidgeCov,0.13740010559558868,0.0
3016,RidgeCov,0.1528777927160263,TargetRidge,0.35454607009887695,0.20166827738285065,RidgeCov,0.1528777927160263,0.0
3017,RidgeCov,0.1302039623260498,TargetRidge,0.3426643908023834,0.21246042847633362,RidgeCov,0.1302039623260498,0.0
3018,RidgeCov,0.1507323831319809,TargetRidge,0.4270380735397339,0.2763056755065918,RidgeCov,0.1507323831319809,0.0
3019,RidgeCov,0.11786084622144699,TargetRidge,0.38441237807273865,0.26655152440071106,RidgeCov,0.11786084622144699,0.0
3020,RidgeCov,0.1650650054216385,TargetRidge,0.3783067464828491,0.21324174106121063,RidgeCov,0.1650650054216385,0.0
3021,RidgeCov,0.14605213701725006,TargetRidge,0.3953824043273926,0.24933026731014252,RidgeCov,0.14605213701725006,0.0
3022,RidgeCov,0.11500052362680435,TargetRidge,0.42085370421409607,0.3058531880378723,RidgeCov,0.11500052362680435,0.0
3023,RidgeCov,0.1512395292520523,TargetRidge,0.4206981658935547,0.2694586515426636,RidgeCov,0.1512395292520523,0.0
3024,RidgeCov,0.18731079995632172,TargetRidge,0.43461501598358154,0.24730421602725983,RidgeCov,0.18731079995632172,0.0
3025,RidgeCov,0.19537204504013062,TargetRidge,0.4671187102794647,0.2717466652393341,RidgeCov,0.19537204504013062,0.0
3026,RidgeCov,0.12426867336034775,TargetRidge,0.4507807195186615,0.32651203870773315,RidgeCov,0.12426867336034775,0.0
3027,RidgeCov,0.176114022731781,TargetRidge,0.4991128444671631,0.3229988217353821,RidgeCov,0.176114022731781,0.0
3028,RidgeCov,0.14025092124938965,TargetRidge,0.478308767080307,0.33805784583091736,RidgeCov,0.14025092124938965,0.0
3029,RidgeCov,0.14753495156764984,TargetRidge,0.5054243803024292,0.35788941383361816,RidgeCov,0.14753495156764984,0.0
3030,RidgeCov,0.13785116374492645,TargetRidge,0.5744979381561279,0.4366467595100403,RidgeCov,0.13785116374492645,0.0
3031,RidgeCov,0.17677992582321167,TargetRidge,0.5262212753295898,0.3494413495063782,RidgeCov,0.17677992582321167,0.0
3032,RidgeCov,0.14474928379058838,TargetRidge,0.5592994093894958,0.41455012559890747,RidgeCov,0.14474928379058838,0.0
3033,RidgeCov,0.1682559847831726,TargetRidge,0.5261926054954529,0.3579366207122803,RidgeCov,0.1682559847831726,0.0
3034,RidgeCov,0.1801059991121292,TargetRidge,0.5905434489250183,0.4104374647140503,RidgeCov,0.1801059991121292,0.0
3035,RidgeCov,0.15329907834529877,TargetRidge,0.5999089479446411,0.44660985469818115,RidgeCov,0.15329907834529877,0.0
3036,RidgeCov,0.16992466151714325,TargetRidge,0.5737078785896301,0.4037832021713257,RidgeCov,0.16992466151714325,0.0
3037,RidgeCov,0.15195120871067047,TargetRidge,0.5838813781738281,0.43193018436431885,RidgeCov,0.15195120871067047,0.0
3038,RidgeCov,0.21905671060085297,TargetRidge,0.6078720688819885,0.38881534337997437,RidgeCov,0.21905671060085297,0.0
3039,RidgeCov,0.19250011444091797,TargetRidge,0.5557935833930969,0.36329346895217896,RidgeCov,0.19250011444091797,0.0
3040,RidgeCov,0.23753578960895538,TargetRidge,0.6066164970397949,0.36908072233200073,RidgeCov,0.23753578960895538,0.0
3041,RidgeCov,0.20234400033950806,TargetRidge,0.5686398148536682,0.36629581451416016,RidgeCov,0.20234400033950806,0.0
3042,RidgeCov,0.16077782213687897,TargetRidge,0.6374437808990479,0.4766659736633301,RidgeCov,0.16077782213687897,0.0
3043,RidgeCov,0.17783123254776,TargetRidge,0.683382511138916,0.505551278591156,RidgeCov,0.17783123254776,0.0
3044,RidgeCov,0.21822094917297363,TargetRidge,0.6817502379417419,0.4635292887687683,RidgeCov,0.21822094917297363,0.0
3045,RidgeCov,0.2263549417257309,TargetRidge,0.6229166984558105,0.39656174182891846,RidgeCov,0.2263549417257309,0.0
3046,RidgeCov,0.19656772911548615,TargetRidge,0.8146130442619324,0.6180453300476074,RidgeCov,0.19656772911548615,0.0
3047,RidgeCov,0.24734096229076385,TargetRidge,0.7359153628349304,0.48857438564300537,RidgeCov,0.24734096229076385,0.0
3048,RidgeCov,0.17838354408740997,TargetRidge,0.7914586663246155,0.6130751371383667,RidgeCov,0.17838354408740997,0.0
3049,RidgeCov,0.26133158802986145,TargetRidge,0.8781189322471619,0.616787314414978,RidgeCov,0.26133158802986145,0.0
3050,RidgeCov,0.24073177576065063,TargetRidge,0.8340339660644531,0.5933021903038025,RidgeCov,0.24073177576065063,0.0
3051,RidgeCov,0.17643070220947266,TargetRidge,0.8394729495048523,0.6630422472953796,RidgeCov,0.17643070220947266,0.0
3052,RidgeCov,0.28513631224632263,TargetRidge,1.0293149948120117,0.7441786527633667,RidgeCov,0.28513631224632263,0.0
3053,RidgeCov,0.2255091816186905,TargetRidge,0.9629985690116882,0.7374894022941589,RidgeCov,0.2255091816186905,0.0
3054,RidgeCov,0.22866864502429962,TargetRidge,0.9239339232444763,0.6952652931213379,RidgeCov,0.22866864502429962,0.0
3055,RidgeCov,0.24595306813716888,TargetRidge,0.9075288772583008,0.6615757942199707,RidgeCov,0.24595306813716888,0.0
3056,RidgeCov,0.21709509193897247,TargetRidge,0.9452593922615051,0.7281643152236938,RidgeCov,0.21709509193897247,0.0
3057,RidgeCov,0.18921178579330444,TargetRidge,0.8676886558532715,0.678476870059967,RidgeCov,0.18921178579330444,0.0
3058,RidgeCov,0.20630626380443573,TargetRidge,0.7394079566001892,0.5331016778945923,RidgeCov,0.20630626380443573,0.0
3059,RidgeCov,0.21280403435230255,TargetRidge,0.7125594019889832,0.4997553825378418,RidgeCov,0.21280403435230255,0.0
3060,RidgeCov,0.18967358767986298,TargetRidge,1.0205789804458618,0.8309053778648376,RidgeCov,0.18967358767986298,0.0
3061,RidgeCov,0.21207858622074127,TargetRidge,0.881415069103241,0.6693364977836609,RidgeCov,0.21207858622074127,0.0
3062,RidgeCov,0.1793665885925293,TargetRidge,0.8056593537330627,0.6262927651405334,RidgeCov,0.1793665885925293,0.0
3063,RidgeCov,0.16918903589248657,TargetRidge,0.8753779530525208,0.7061889171600342,RidgeCov,0.16918903589248657,0.0
3064,RidgeCov,0.21998624503612518,TargetRidge,1.0478413105010986,0.8278550505638123,RidgeCov,0.21998624503612518,0.0
3065,RidgeCov,0.14577364921569824,TargetRidge,0.8911213874816895,0.7453477382659912,RidgeCov,0.14577364921569824,0.0
3066,RidgeCov,0.19112259149551392,TargetRidge,0.9752397537231445,0.7841171622276306,RidgeCov,0.19112259149551392,0.0
3067,RidgeCov,0.1828741580247879,TargetRidge,0.9338580965995789,0.7509839534759521,RidgeCov,0.1828741580247879,0.0
3068,RidgeCov,0.18511569499969482,TargetRidge,0.8440656661987305,0.6589499711990356,RidgeCov,0.18511569499969482,0.0
3069,RidgeCov,0.19334833323955536,TargetRidge,0.994502067565918,0.8011537194252014,RidgeCov,0.19334833323955536,0.0
3070,RidgeCov,0.19285954535007477,TargetRidge,0.780038058757782,0.5871785283088684,RidgeCov,0.19285954535007477,0.0
3071,RidgeCov,0.17561990022659302,TargetRidge,0.8234339356422424,0.6478140354156494,RidgeCov,0.17561990022659302,0.0
3072,RidgeCov,0.17034979164600372,TargetRidge,0.9448249936103821,0.7744752168655396,RidgeCov,0.17034979164600372,0.0
3073,RidgeCov,0.15209980309009552,TargetRidge,0.9371067881584167,0.7850069999694824,RidgeCov,0.15209980309009552,0.0
3074,RidgeCov,0.1432311236858368,TargetRidge,0.8701598048210144,0.7269287109375,RidgeCov,0.1432311236858368,0.0
3075,RidgeCov,0.16984891891479492,TargetRidge,0.8975892663002014,0.7277403473854065,RidgeCov,0.16984891891479492,0.0
3076,RidgeCov,0.19810502231121063,TargetRidge,0.850386381149292,0.6522813439369202,RidgeCov,0.19810502231121063,0.0
3077,RidgeCov,0.17631423473358154,TargetRidge,1.0700279474258423,0.8937137126922607,RidgeCov,0.17631423473358154,0.0
3078,RidgeCov,0.15725073218345642,TargetRidge,1.2205009460449219,1.063250184059143,RidgeCov,0.15725073218345642,0.0
3079,RidgeCov,0.14038679003715515,TargetRidge,1.0573265552520752,0.9169397354125977,RidgeCov,0.14038679003715515,0.0
3080,RidgeCov,0.1540312021970749,TargetRidge,0.9827032089233398,0.8286719918251038,RidgeCov,0.1540312021970749,0.0
3081,RidgeCov,0.15101374685764313,TargetRidge,0.8756745457649231,0.7246608138084412,RidgeCov,0.15101374685764313,0.0
3082,RidgeCov,0.15602676570415497,TargetRidge,0.9101042747497559,0.7540774941444397,RidgeCov,0.15602676570415497,0.0
3083,RidgeCov,0.13689474761486053,TargetRidge,0.8283525109291077,0.6914577484130859,RidgeCov,0.13689474761486053,0.0
3084,RidgeCov,0.14219312369823456,TargetRidge,0.8500747084617615,0.7078815698623657,RidgeCov,0.14219312369823456,0.0
3085,RidgeCov,0.12847591936588287,TargetRidge,0.8962817192077637,0.767805814743042,RidgeCov,0.12847591936588287,0.0
3086,RidgeCov,0.12986627221107483,TargetRidge,0.8346921801567078,0.7048258781433105,RidgeCov,0.12986627221107483,0.0
3087,RidgeCov,0.14134225249290466,TargetRidge,0.8407841324806213,0.6994419097900391,RidgeCov,0.14134225249290466,0.0
3088,RidgeCov,0.13011884689331055,TargetRidge,0.704371452331543,0.5742526054382324,RidgeCov,0.13011884689331055,0.0
3089,RidgeCov,0.13556651771068573,TargetRidge,0.7992429733276367,0.6636764407157898,RidgeCov,0.13556651771068573,0.0
3090,RidgeCov,0.13937294483184814,TargetRidge,0.6126561760902405,0.47328323125839233,RidgeCov,0.13937294483184814,0.0
3091,RidgeCov,0.14015768468379974,TargetRidge,0.6468446850776672,0.5066869854927063,RidgeCov,0.14015768468379974,0.0
3092,RidgeCov,0.14308393001556396,TargetRidge,0.5659834146499634,0.4228994846343994,RidgeCov,0.14308393001556396,0.0
3093,RidgeCov,0.13905994594097137,TargetRidge,0.5332105159759521,0.3941505551338196,RidgeCov,0.13905994594097137,0.0
3094,RidgeCov,0.14613254368305206,TargetRidge,0.6414376497268677,0.4953051209449768,RidgeCov,0.14613254368305206,0.0
3095,RidgeCov,0.13680027425289154,TargetRidge,0.7445771098136902,0.6077768206596375,RidgeCov,0.13680027425289154,0.0
3096,RidgeCov,0.15355397760868073,TargetRidge,0.6758421063423157,0.5222881436347961,RidgeCov,0.15355397760868073,0.0
3097,RidgeCov,0.1472860425710678,TargetRidge,0.6145949959754944,0.4673089385032654,RidgeCov,0.1472860425710678,0.0
3098,RidgeCov,0.14073017239570618,TargetRidge,0.48079895973205566,0.3400687873363495,RidgeCov,0.14073017239570618,0.0
3099,RidgeCov,0.1368492990732193,TargetRidge,0.46791768074035645,0.33106839656829834,RidgeCov,0.1368492990732193,0.0
3100,RidgeCov,0.12525473535060883,TargetRidge,0.4231244623661041,0.2978697419166565,RidgeCov,0.12525473535060883,0.0
3101,RidgeCov,0.11927615851163864,TargetRidge,0.4478764533996582,0.32860028743743896,RidgeCov,0.11927615851163864,0.0
3102,RidgeCov,0.1226135864853859,TargetRidge,0.43814408779144287,0.3155305087566376,RidgeCov,0.1226135864853859,0.0
3103,RidgeCov,0.1159968376159668,TargetRidge,0.40458357334136963,0.28858673572540283,RidgeCov,0.1159968376159668,0.0
3104,RidgeCov,0.11340277642011642,TargetRidge,0.3878614604473114,0.2744586765766144,RidgeCov,0.11340277642011642,0.0
3105,RidgeCov,0.11317828297615051,TargetRidge,0.3738175928592682,0.2606393098831177,RidgeCov,0.11317828297615051,0.0
3106,RidgeCov,0.10445886850357056,TargetRidge,0.3385874032974243,0.23412853479385376,RidgeCov,0.10445886850357056,0.0
3107,RidgeCov,0.10221751779317856,TargetRidge,0.3511412441730499,0.24892371892929077,RidgeCov,0.10221751779317856,0.0
3108,RidgeCov,0.11406610161066055,TargetRidge,0.367557168006897,0.253491073846817,RidgeCov,0.11406610161066055,0.0
3109,RidgeCov,0.10739198327064514,TargetRidge,0.309842973947525,0.20245099067687988,RidgeCov,0.10739198327064514,0.0
3110,RidgeCov,0.12359610944986343,TargetRidge,0.3236227333545685,0.20002663135528564,RidgeCov,0.12359610944986343,0.0
3111,RidgeCov,0.10870632529258728,TargetRidge,0.28550857305526733,0.17680224776268005,RidgeCov,0.10870632529258728,0.0
3112,RidgeCov,0.11034989356994629,TargetRidge,0.2821848690509796,0.17183497548103333,RidgeCov,0.11034989356994629,0.0
3113,RidgeCov,0.1161331757903099,TargetRidge,0.27400854229927063,0.15787535905838013,RidgeCov,0.1161331757903099,0.0
3114,RidgeCov,0.10896643996238708,TargetRidge,0.2672784626483917,0.15831202268600464,RidgeCov,0.10896643996238708,0.0
3115,RidgeCov,0.11644444614648819,TargetRidge,0.25977447628974915,0.14333003759384155,RidgeCov,0.11644444614648819,0.0
3116,RidgeCov,0.1200384721159935,TargetRidge,0.26037463545799255,0.14033615589141846,RidgeCov,0.1200384721159935,0.0
3117,RidgeCov,0.12409645318984985,TargetRidge,0.2601332366466522,0.13603678345680237,RidgeCov,0.12409645318984985,0.0
3118,RidgeCov,0.1288551539182663,TargetRidge,0.25877249240875244,0.12991733849048615,RidgeCov,0.1288551539182663,0.0
3119,RidgeCov,0.13327977061271667,TargetRidge,0.25955215096473694,0.12627238035202026,RidgeCov,0.13327977061271667,0.0
3120,RidgeCov,0.12825097143650055,TargetRidge,0.2639595866203308,0.13570861518383026,RidgeCov,0.12825097143650055,0.0
3121,RidgeCov,0.14303746819496155,TargetRidge,0.27097979187965393,0.12794232368469238,RidgeCov,0.14303746819496155,0.0
3122,RidgeCov,0.13244690001010895,TargetRidge,0.2762957811355591,0.14384888112545013,RidgeCov,0.13244690001010895,0.0
3123,RidgeCov,0.131874680519104,TargetRidge,0.2846412658691406,0.15276658535003662,RidgeCov,0.131874680519104,0.0
3124,RidgeCov,0.13032643496990204,TargetRidge,0.30310115218162537,0.17277471721172333,RidgeCov,0.13032643496990204,0.0
3125,RidgeCov,0.13744981586933136,TargetRidge,0.28995445370674133,0.15250463783740997,RidgeCov,0.13744981586933136,0.0
3126,RidgeCov,0.12466766685247421,TargetRidge,0.3106691539287567,0.1860014796257019,RidgeCov,0.12466766685247421,0.0
3127,RidgeCov,0.1336449235677719,TargetRidge,0.32314732670783997,0.18950240314006805,RidgeCov,0.1336449235677719,0.0
3128,RidgeCov,0.1292487382888794,TargetRidge,0.3288317024707794,0.19958296418190002,RidgeCov,0.1292487382888794,0.0
3129,RidgeCov,0.13835495710372925,TargetRidge,0.34073352813720703,0.20237857103347778,RidgeCov,0.13835495710372925,0.0
3130,RidgeCov,0.1327870637178421,TargetRidge,0.35589274764060974,0.22310568392276764,RidgeCov,0.1327870637178421,0.0
3131,RidgeCov,0.1335449516773224,TargetRidge,0.37628212571144104,0.24273717403411865,RidgeCov,0.1335449516773224,0.0
3132,RidgeCov,0.1571258157491684,TargetRidge,0.3805859088897705,0.2234600931406021,RidgeCov,0.1571258157491684,0.0
3133,RidgeCov,0.13281476497650146,TargetRidge,0.4032030403614044,0.27038827538490295,RidgeCov,0.13281476497650146,0.0
3134,RidgeCov,0.13814516365528107,TargetRidge,0.4032582938671112,0.26511311531066895,RidgeCov,0.13814516365528107,0.0
3135,RidgeCov,0.13887690007686615,TargetRidge,0.40728759765625,0.26841068267822266,RidgeCov,0.13887690007686615,0.0
3136,RidgeCov,0.14632046222686768,TargetRidge,0.42892852425575256,0.2826080620288849,RidgeCov,0.14632046222686768,0.0
3137,RidgeCov,0.13518434762954712,TargetRidge,0.45641764998435974,0.3212333023548126,RidgeCov,0.13518434762954712,0.0
3138,RidgeCov,0.12964077293872833,TargetRidge,0.4729975759983063,0.34335678815841675,RidgeCov,0.12964077293872833,0.0
3139,RidgeCov,0.11629112809896469,TargetRidge,0.4738851487636566,0.35759401321411133,RidgeCov,0.11629112809896469,0.0
3140,RidgeCov,0.12780271470546722,TargetRidge,0.522446870803833,0.3946441411972046,RidgeCov,0.12780271470546722,0.0
3141,RidgeCov,0.12332439422607422,TargetRidge,0.5110831260681152,0.387758731842041,RidgeCov,0.12332439422607422,0.0
3142,RidgeCov,0.13087087869644165,TargetRidge,0.5380152463912964,0.40714436769485474,RidgeCov,0.13087087869644165,0.0
3143,RidgeCov,0.12589216232299805,TargetRidge,0.553838849067688,0.42794668674468994,RidgeCov,0.12589216232299805,0.0
3144,RidgeCov,0.1040460467338562,TargetRidge,0.5490123629570007,0.44496631622314453,RidgeCov,0.1040460467338562,0.0
3145,RidgeCov,0.11134091764688492,TargetRidge,0.5448459982872009,0.4335050880908966,RidgeCov,0.11134091764688492,0.0
3146,RidgeCov,0.10631666332483292,TargetRidge,0.5905881524085999,0.48427149653434753,RidgeCov,0.10631666332483292,0.0
3147,RidgeCov,0.11193180084228516,TargetRidge,0.6253727674484253,0.5134409666061401,RidgeCov,0.11193180084228516,0.0
3148,RidgeCov,0.10295150429010391,TargetRidge,0.6319844126701355,0.5290328860282898,RidgeCov,0.10295150429010391,0.0
3149,RidgeCov,0.09701436012983322,TargetRidge,0.5839084982872009,0.4868941307067871,RidgeCov,0.09701436012983322,0.0
3150,RidgeCov,0.09805446863174438,TargetRidge,0.6375734210014343,0.5395189523696899,RidgeCov,0.09805446863174438,0.0
3151,RidgeCov,0.09531956166028976,TargetRidge,0.5871787667274475,0.49185919761657715,RidgeCov,0.09531956166028976,0.0
3152,RidgeCov,0.10190257430076599,TargetRidge,0.5951278805732727,0.4932253062725067,RidgeCov,0.10190257430076599,0.0
3153,RidgeCov,0.1016315445303917,TargetRidge,0.6063160300254822,0.5046845078468323,RidgeCov,0.1016315445303917,0.0
3154,RidgeCov,0.09965582937002182,TargetRidge,0.6030660271644592,0.5034102201461792,RidgeCov,0.09965582937002182,0.0
3155,RidgeCov,0.09665030241012573,TargetRidge,0.5567004084587097,0.460050106048584,RidgeCov,0.09665030241012573,0.0
3156,RidgeCov,0.10293441265821457,TargetRidge,0.5735020041465759,0.47056758403778076,RidgeCov,0.10293441265821457,0.0
3157,RidgeCov,0.10388340801000595,TargetRidge,0.5821928381919861,0.47830942273139954,RidgeCov,0.10388340801000595,0.0
3158,RidgeCov,0.10729780793190002,TargetRidge,0.6406239867210388,0.5333261489868164,RidgeCov,0.10729780793190002,0.0
3159,RidgeCov,0.1018696203827858,TargetRidge,0.5956364870071411,0.4937668740749359,RidgeCov,0.1018696203827858,0.0
3160,RidgeCov,0.09584333747625351,TargetRidge,0.5946152210235596,0.49877187609672546,RidgeCov,0.09584333747625351,0.0
3161,RidgeCov,0.07771962881088257,TargetRidge,0.5658366084098816,0.488116979598999,RidgeCov,0.07771962881088257,0.0
3162,RidgeCov,0.08142510801553726,TargetRidge,0.5325236916542053,0.45109859108924866,RidgeCov,0.08142510801553726,0.0
3163,RidgeCov,0.09001465886831284,TargetRidge,0.5344434380531311,0.44442877173423767,RidgeCov,0.09001465886831284,0.0
3164,RidgeCov,0.07481774687767029,TargetRidge,0.5589882731437683,0.484170526266098,RidgeCov,0.07481774687767029,0.0
3165,RidgeCov,0.08606071025133133,TargetRidge,0.39130839705467224,0.3052476942539215,RidgeCov,0.08606071025133133,0.0
3166,RidgeCov,0.08010858297348022,TargetRidge,0.40487170219421387,0.32476311922073364,RidgeCov,0.08010858297348022,0.0
3167,RidgeCov,0.0735054686665535,TargetRidge,0.26106253266334534,0.18755707144737244,RidgeCov,0.0735054686665535,0.0
3168,RidgeCov,0.08394533395767212,TargetRidge,0.25862064957618713,0.17467531561851501,RidgeCov,0.08394533395767212,0.0
3169,RidgeCov,0.09912467002868652,TargetRidge,0.2238200157880783,0.12469534575939178,RidgeCov,0.09912467002868652,0.0
3170,RidgeCov,0.08998984098434448,TargetRidge,0.3507632911205292,0.2607734501361847,RidgeCov,0.08998984098434448,0.0
3171,RidgeCov,0.09695275872945786,TargetRidge,0.3274690806865692,0.23051631450653076,RidgeCov,0.09695275872945786,0.0
3172,RidgeCov,0.08913538604974747,TargetRidge,0.23266024887561798,0.14352485537528992,RidgeCov,0.08913538604974747,0.0
3173,RidgeCov,0.11007479578256607,TargetRidge,0.1845453530550003,0.07447055727243423,RidgeCov,0.11007479578256607,0.0
3174,RidgeCov,0.0954650416970253,TargetRidge,0.16283123195171356,0.06736619025468826,RidgeCov,0.0954650416970253,0.0
3175,RidgeCov,0.07277364283800125,TargetRidge,0.12997563183307648,0.057201988995075226,RidgeCov,0.07277364283800125,0.0
3176,RidgeCov,0.09309428185224533,TargetRidge,0.13323885202407837,0.04014457017183304,RidgeCov,0.09309428185224533,0.0
3177,RidgeCov,0.07857085019350052,TargetRidge,0.1357310265302658,0.05716017633676529,RidgeCov,0.07857085019350052,0.0
3178,RidgeCov,0.10986793041229248,TargetRidge,0.13431502878665924,0.02444709837436676,RidgeCov,0.10986793041229248,0.0
3179,RidgeCov,0.11941426247358322,TargetRidge,0.15108847618103027,0.03167421370744705,RidgeCov,0.11941426247358322,0.0
3180,RidgeCov,0.09629684686660767,TargetRidge,0.1462297886610031,0.04993294179439545,RidgeCov,0.09629684686660767,0.0
3181,RidgeCov,0.13730788230895996,TargetRidge,0.183332160115242,0.04602427780628204,RidgeCov,0.13730788230895996,0.0
3182,RidgeCov,0.13700509071350098,TargetRidge,0.17292849719524384,0.03592340648174286,RidgeCov,0.13700509071350098,0.0
3183,RidgeCov,0.13707919418811798,TargetRidge,0.19741080701351166,0.06033161282539368,RidgeCov,0.13707919418811798,0.0
3184,RidgeCov,0.1541062593460083,TargetRidge,0.18121016025543213,0.027103900909423828,RidgeCov,0.1541062593460083,0.0
3185,RidgeCov,0.1371774524450302,TargetRidge,0.18588727712631226,0.04870982468128204,RidgeCov,0.1371774524450302,0.0
3186,RidgeCov,0.09448423236608505,TargetRidge,0.23535068333148956,0.1408664584159851,RidgeCov,0.09448423236608505,0.0
3187,RidgeCov,0.08830706030130386,TargetRidge,0.20421068370342255,0.11590362340211868,RidgeCov,0.08830706030130386,0.0
3188,RidgeCov,0.08533366769552231,TargetRidge,0.22358505427837372,0.138251394033432,RidgeCov,0.08533366769552231,0.0
3189,RidgeCov,0.07903622090816498,TargetRidge,0.2641505002975464,0.1851142793893814,RidgeCov,0.07903622090816498,0.0
3190,RidgeCov,0.06895323842763901,TargetRidge,0.23718158900737762,0.1682283580303192,RidgeCov,0.06895323842763901,0.0
3191,RidgeCov,0.06491252034902573,TargetRidge,0.3159661889076233,0.25105366110801697,RidgeCov,0.06491252034902573,0.0
3192,RidgeCov,0.0864839181303978,MeanRevertSlow,0.253472238779068,0.1669883131980896,RidgeCov,0.0864839181303978,0.0
3193,RidgeCov,0.07802163064479828,TargetRidge,0.3167005181312561,0.23867888748645782,RidgeCov,0.07802163064479828,0.0
3194,RidgeCov,0.08432034403085709,MeanRevertSlow,0.267374724149704,0.1830543875694275,RidgeCov,0.08432034403085709,0.0
3195,RidgeCov,0.08566337823867798,TargetRidge,0.33049067854881287,0.2448273003101349,RidgeCov,0.08566337823867798,0.0
3196,RidgeCov,0.07832314819097519,MeanRevertSlow,0.27380552887916565,0.19548237323760986,RidgeCov,0.07832314819097519,0.0
3197,RidgeCov,0.07867895811796188,MeanRevertSlow,0.2670336067676544,0.18835464119911194,RidgeCov,0.07867895811796188,0.0
3198,RidgeCov,0.06525995582342148,MeanRevertSlow,0.20512962341308594,0.13986966013908386,RidgeCov,0.06525995582342148,0.0
3199,RidgeCov,0.06847323477268219,MeanRevertSlow,0.21128366887569427,0.14281043410301208,RidgeCov,0.06847323477268219,0.0
3200,RidgeCov,0.07735724002122879,MeanRevertSlow,0.2855790853500366,0.20822185277938843,RidgeCov,0.07735724002122879,0.0
3201,RidgeCov,0.06162622570991516,MeanRevertSlow,0.2694344222545624,0.20780819654464722,RidgeCov,0.06162622570991516,0.0
3202,RidgeCov,0.0833362564444542,MeanRevertSlow,0.26422712206840515,0.18089085817337036,RidgeCov,0.0833362564444542,0.0
3203,RidgeCov,0.11946038156747818,MeanRevertSlow,0.28478842973709106,0.16532805562019348,RidgeCov,0.11946038156747818,0.0
3204,RidgeCov,0.099954754114151,MeanRevertSlow,0.41543304920196533,0.31547829508781433,RidgeCov,0.099954754114151,0.0
3205,RidgeCov,0.1057300940155983,MeanRevertSlow,0.4153432846069336,0.3096131980419159,RidgeCov,0.1057300940155983,0.0
3206,RidgeCov,0.1064886525273323,MeanRevertSlow,0.4265439510345459,0.3200553059577942,RidgeCov,0.1064886525273323,0.0
