window_index,best_model,best_loss,second_model,second_loss,margin_vs_second,best_single_model,best_single_loss,oracle_gain_vs_best_single
0,TimeMixer,0.58645099401474,DLinear,0.5907729864120483,0.00432199239730835,TimeMixer,0.58645099401474,0.0
1,DLinear,0.6014447808265686,TimeMixer,0.6089276075363159,0.0074828267097473145,TimeMixer,0.6089276075363159,0.0074828267097473145
2,TimeMixer,0.6001574993133545,DLinear,0.602104663848877,0.001947164535522461,TimeMixer,0.6001574993133545,0.0
3,DLinear,0.6070649027824402,TimeMixer,0.6090184450149536,0.0019535422325134277,TimeMixer,0.6090184450149536,0.0019535422325134277
4,DLinear,0.6034649610519409,TimeMixer,0.604722261428833,0.0012573003768920898,TimeMixer,0.604722261428833,0.0012573003768920898
5,DLinear,0.5791541337966919,TimeMixer,0.5889261960983276,0.009772062301635742,TimeMixer,0.5889261960983276,0.009772062301635742
6,TimeMixer,0.5873246788978577,DLinear,0.5873409509658813,1.627206802368164e-05,TimeMixer,0.5873246788978577,0.0
7,DLinear,0.5830392241477966,TimeMixer,0.5892927050590515,0.006253480911254883,TimeMixer,0.5892927050590515,0.006253480911254883
8,DLinear,0.5777913331985474,TimeMixer,0.5787191987037659,0.0009278655052185059,TimeMixer,0.5787191987037659,0.0009278655052185059
9,TimeMixer,0.5783736109733582,PatchTST,0.579617440700531,0.0012438297271728516,TimeMixer,0.5783736109733582,0.0
10,PatchTST,0.5823365449905396,DLinear,0.5833528637886047,0.0010163187980651855,TimeMixer,0.5873300433158875,0.0049934983253479
11,TimeMixer,0.5855121612548828,DLinear,0.5899792313575745,0.00446707010269165,TimeMixer,0.5855121612548828,0.0
12,DLinear,0.5862956047058105,TimeMixer,0.5876272320747375,0.001331627368927002,TimeMixer,0.5876272320747375,0.001331627368927002
13,TimeMixer,0.5846481323242188,DLinear,0.5918313264846802,0.007183194160461426,TimeMixer,0.5846481323242188,0.0
14,TimeMixer,0.5827566981315613,DLinear,0.5881116986274719,0.0053550004959106445,TimeMixer,0.5827566981315613,0.0
15,TimeMixer,0.580865204334259,DLinear,0.5843418836593628,0.0034766793251037598,TimeMixer,0.580865204334259,0.0
16,TimeMixer,0.588968813419342,DLinear,0.5889994502067566,3.063678741455078e-05,TimeMixer,0.588968813419342,0.0
17,DLinear,0.5817367434501648,TimeMixer,0.5835179686546326,0.0017812252044677734,TimeMixer,0.5835179686546326,0.0017812252044677734
18,DLinear,0.5732012987136841,TimeMixer,0.575690746307373,0.002489447593688965,TimeMixer,0.575690746307373,0.002489447593688965
19,TimeMixer,0.5954522490501404,DLinear,0.5994923710823059,0.004040122032165527,TimeMixer,0.5954522490501404,0.0
20,PatchTST,0.5980198383331299,TimeMixer,0.6061415076255798,0.008121669292449951,TimeMixer,0.6061415076255798,0.008121669292449951
21,iTransformer,0.45180007815361023,TimeMixer,0.45230621099472046,0.0005061328411102295,TimeMixer,0.45230621099472046,0.0005061328411102295
22,iTransformer,0.4422082304954529,PatchTST,0.449356347322464,0.007148116827011108,TimeMixer,0.4598029851913452,0.017594754695892334
23,iTransformer,0.44613906741142273,TimeMixer,0.4553167223930359,0.00917765498161316,TimeMixer,0.4553167223930359,0.00917765498161316
24,TimeMixer,0.4525586664676666,iTransformer,0.45623934268951416,0.003680676221847534,TimeMixer,0.4525586664676666,0.0
25,TimeMixer,0.4611230194568634,iTransformer,0.4638482630252838,0.00272524356842041,TimeMixer,0.4611230194568634,0.0
26,PatchTST,0.4562153220176697,iTransformer,0.46132445335388184,0.005109131336212158,TimeMixer,0.46328309178352356,0.007067769765853882
27,TimeMixer,0.4614476263523102,iTransformer,0.46154722571372986,9.959936141967773e-05,TimeMixer,0.4614476263523102,0.0
28,iTransformer,0.455911785364151,PatchTST,0.45842787623405457,0.0025160908699035645,TimeMixer,0.4654456079006195,0.009533822536468506
29,TimeMixer,0.4575808346271515,iTransformer,0.4597063660621643,0.0021255314350128174,TimeMixer,0.4575808346271515,0.0
30,TimeMixer,0.4476484954357147,DLinear,0.4673139154911041,0.019665420055389404,TimeMixer,0.4476484954357147,0.0
31,TimeMixer,0.4745425283908844,DLinear,0.47693851590156555,0.0023959875106811523,TimeMixer,0.4745425283908844,0.0
32,PatchTST,0.468902587890625,TimeMixer,0.47027525305747986,0.0013726651668548584,TimeMixer,0.47027525305747986,0.0013726651668548584
33,PatchTST,0.46432891488075256,DLinear,0.4666863977909088,0.00235748291015625,TimeMixer,0.4719303250312805,0.007601410150527954
34,iTransformer,0.46823543310165405,PatchTST,0.4745195508003235,0.006284117698669434,TimeMixer,0.47588878870010376,0.007653355598449707
35,iTransformer,0.46092459559440613,PatchTST,0.46904149651527405,0.00811690092086792,TimeMixer,0.4722002148628235,0.011275619268417358
36,PatchTST,0.46362200379371643,TimeMixer,0.47105640172958374,0.00743439793586731,TimeMixer,0.47105640172958374,0.00743439793586731
37,TimeMixer,0.4707527160644531,iTransformer,0.4715506136417389,0.0007978975772857666,TimeMixer,0.4707527160644531,0.0
38,TimeMixer,0.4635474681854248,PatchTST,0.4685867726802826,0.005039304494857788,TimeMixer,0.4635474681854248,0.0
39,iTransformer,0.4617716372013092,TimeMixer,0.4742506146430969,0.01247897744178772,TimeMixer,0.4742506146430969,0.01247897744178772
40,PatchTST,0.46671319007873535,iTransformer,0.4672655463218689,0.0005523562431335449,TimeMixer,0.4720611572265625,0.0053479671478271484
41,TimeMixer,0.4682270288467407,iTransformer,0.47154954075813293,0.003322511911392212,TimeMixer,0.4682270288467407,0.0
42,iTransformer,0.468772292137146,PatchTST,0.473175585269928,0.004403293132781982,TimeMixer,0.4811479449272156,0.01237565279006958
43,iTransformer,0.47063618898391724,TimeMixer,0.4741840362548828,0.003547847270965576,TimeMixer,0.4741840362548828,0.003547847270965576
44,PatchTST,0.47118204832077026,iTransformer,0.47424110770225525,0.0030590593814849854,TimeMixer,0.47453683614730835,0.003354787826538086
45,iTransformer,0.4672287106513977,PatchTST,0.4722380042076111,0.005009293556213379,TimeMixer,0.47677236795425415,0.009543657302856445
46,iTransformer,0.46605750918388367,PatchTST,0.4729419946670532,0.006884485483169556,TimeMixer,0.4733118712902069,0.007254362106323242
47,PatchTST,0.4760236144065857,iTransformer,0.47674986720085144,0.0007262527942657471,TimeMixer,0.47710755467414856,0.0010839402675628662
48,iTransformer,0.47156137228012085,PatchTST,0.4739657938480377,0.00240442156791687,TimeMixer,0.4870133101940155,0.015451937913894653
49,DLinear,0.47407740354537964,iTransformer,0.47556936740875244,0.0014919638633728027,TimeMixer,0.4788370728492737,0.004759669303894043
50,PatchTST,0.47398626804351807,TimeMixer,0.47533726692199707,0.001350998878479004,TimeMixer,0.47533726692199707,0.001350998878479004
51,PatchTST,0.4735570549964905,TimeMixer,0.47650399804115295,0.0029469430446624756,TimeMixer,0.47650399804115295,0.0029469430446624756
52,PatchTST,0.4705849587917328,iTransformer,0.4770180284976959,0.006433069705963135,TimeMixer,0.4863204061985016,0.0157354474067688
53,TimeMixer,0.4703142046928406,iTransformer,0.47327131032943726,0.0029571056365966797,TimeMixer,0.4703142046928406,0.0
54,PatchTST,0.47156262397766113,TimeMixer,0.4720439314842224,0.0004813075065612793,TimeMixer,0.4720439314842224,0.0004813075065612793
55,TimeMixer,0.47370174527168274,PatchTST,0.4742797315120697,0.0005779862403869629,TimeMixer,0.47370174527168274,0.0
56,PatchTST,0.46963104605674744,TimeMixer,0.47104573249816895,0.0014146864414215088,TimeMixer,0.47104573249816895,0.0014146864414215088
57,TimeMixer,0.4710320830345154,DLinear,0.47126951813697815,0.00023743510246276855,TimeMixer,0.4710320830345154,0.0
58,TimeMixer,0.46343109011650085,iTransformer,0.46713048219680786,0.003699392080307007,TimeMixer,0.46343109011650085,0.0
59,PatchTST,0.45732054114341736,iTransformer,0.45784488320350647,0.0005243420600891113,TimeMixer,0.4611969590187073,0.003876417875289917
60,iTransformer,0.46076029539108276,PatchTST,0.4651648998260498,0.004404604434967041,TimeMixer,0.47843047976493835,0.01767018437385559
61,PatchTST,0.4604463577270508,iTransformer,0.4616858959197998,0.0012395381927490234,TimeMixer,0.4652200937271118,0.004773736000061035
62,TimeMixer,0.4659650921821594,iTransformer,0.4664049744606018,0.0004398822784423828,TimeMixer,0.4659650921821594,0.0
63,PatchTST,0.4751040041446686,TimeMixer,0.47634878754615784,0.0012447834014892578,TimeMixer,0.47634878754615784,0.0012447834014892578
64,TimeMixer,0.47427353262901306,iTransformer,0.47856003046035767,0.0042864978313446045,TimeMixer,0.47427353262901306,0.0
65,TimeMixer,0.47766321897506714,PatchTST,0.4849340319633484,0.00727081298828125,TimeMixer,0.47766321897506714,0.0
66,PatchTST,0.4769657552242279,TimeMixer,0.4792638421058655,0.0022980868816375732,TimeMixer,0.4792638421058655,0.0022980868816375732
67,PatchTST,0.4797556400299072,TimeMixer,0.4807734787464142,0.001017838716506958,TimeMixer,0.4807734787464142,0.001017838716506958
68,TimeMixer,0.48697561025619507,DLinear,0.48698216676712036,6.556510925292969e-06,TimeMixer,0.48697561025619507,0.0
69,TimeMixer,0.48642876744270325,iTransformer,0.4911450743675232,0.004716306924819946,TimeMixer,0.48642876744270325,0.0
70,PatchTST,0.48304688930511475,iTransformer,0.4922097623348236,0.009162873029708862,TimeMixer,0.49268659949302673,0.009639710187911987
71,iTransformer,0.4859126806259155,PatchTST,0.49291956424713135,0.00700688362121582,TimeMixer,0.4960329830646515,0.010120302438735962
72,PatchTST,0.48954176902770996,iTransformer,0.4895566701889038,1.4901161193847656e-05,TimeMixer,0.49282118678092957,0.0032794177532196045
73,TimeMixer,0.48448681831359863,iTransformer,0.49298566579818726,0.008498847484588623,TimeMixer,0.48448681831359863,0.0
74,TimeMixer,0.48701417446136475,iTransformer,0.49127811193466187,0.004263937473297119,TimeMixer,0.48701417446136475,0.0
75,TimeMixer,0.49215206503868103,PatchTST,0.49403300881385803,0.001880943775177002,TimeMixer,0.49215206503868103,0.0
76,TimeMixer,0.4780053496360779,DLinear,0.48317790031433105,0.005172550678253174,TimeMixer,0.4780053496360779,0.0
77,DLinear,0.4684200882911682,TimeMixer,0.4701300263404846,0.0017099380493164062,TimeMixer,0.4701300263404846,0.0017099380493164062
78,TimeMixer,0.4755682349205017,PatchTST,0.4793826937675476,0.0038144588470458984,TimeMixer,0.4755682349205017,0.0
79,TimeMixer,0.4655372202396393,DLinear,0.47055134177207947,0.0050141215324401855,TimeMixer,0.4655372202396393,0.0
80,PatchTST,0.46624886989593506,iTransformer,0.4676820635795593,0.0014331936836242676,TimeMixer,0.4733477234840393,0.007098853588104248
81,TimeMixer,0.4566780626773834,PatchTST,0.46629783511161804,0.00961977243423462,TimeMixer,0.4566780626773834,0.0
82,DLinear,0.45914149284362793,PatchTST,0.46333736181259155,0.004195868968963623,TimeMixer,0.47351714968681335,0.014375656843185425
83,iTransformer,0.45786935091018677,PatchTST,0.4635256230831146,0.0056562721729278564,TimeMixer,0.4645002782344818,0.006630927324295044
84,TimeMixer,0.45057913661003113,PatchTST,0.45991626381874084,0.009337127208709717,TimeMixer,0.45057913661003113,0.0
85,TimeMixer,0.45691707730293274,iTransformer,0.46149972081184387,0.004582643508911133,TimeMixer,0.45691707730293274,0.0
86,PatchTST,0.46873006224632263,TimeMixer,0.47169557213783264,0.0029655098915100098,TimeMixer,0.47169557213783264,0.0029655098915100098
87,iTransformer,0.46631351113319397,TimeMixer,0.4739580750465393,0.007644563913345337,TimeMixer,0.4739580750465393,0.007644563913345337
88,PatchTST,0.46956372261047363,iTransformer,0.47211918234825134,0.00255545973777771,TimeMixer,0.4811413586139679,0.011577636003494263
89,PatchTST,0.46775662899017334,iTransformer,0.47260525822639465,0.0048486292362213135,TimeMixer,0.4817452132701874,0.013988584280014038
90,PatchTST,0.4649997353553772,iTransformer,0.4712754189968109,0.006275683641433716,TimeMixer,0.478142112493515,0.013142377138137817
91,PatchTST,0.4709111154079437,iTransformer,0.47216442227363586,0.0012533068656921387,TimeMixer,0.4823716878890991,0.011460572481155396
92,PatchTST,0.4705936312675476,iTransformer,0.47245511412620544,0.001861482858657837,TimeMixer,0.47454798221588135,0.00395435094833374
93,iTransformer,0.4755200743675232,PatchTST,0.4782818853855133,0.0027618110179901123,TimeMixer,0.4806675314903259,0.005147457122802734
94,PatchTST,0.47344163060188293,TimeMixer,0.4734690487384796,2.7418136596679688e-05,TimeMixer,0.4734690487384796,2.7418136596679688e-05
95,PatchTST,0.4684083163738251,TimeMixer,0.47847190499305725,0.010063588619232178,TimeMixer,0.47847190499305725,0.010063588619232178
96,TimeMixer,0.48001185059547424,PatchTST,0.4846916198730469,0.004679769277572632,TimeMixer,0.48001185059547424,0.0
97,iTransformer,0.4638819098472595,PatchTST,0.46834367513656616,0.004461765289306641,TimeMixer,0.4707658886909485,0.006883978843688965
98,PatchTST,0.4705699682235718,iTransformer,0.4705807864665985,1.0818243026733398e-05,TimeMixer,0.4728527069091797,0.00228273868560791
99,iTransformer,0.4477466344833374,PatchTST,0.45023807883262634,0.0024914443492889404,TimeMixer,0.45217660069465637,0.00442996621131897
100,iTransformer,0.4330267608165741,PatchTST,0.43583226203918457,0.0028055012226104736,TimeMixer,0.4456081986427307,0.012581437826156616
101,TimeMixer,0.4321219027042389,PatchTST,0.4358867406845093,0.0037648379802703857,TimeMixer,0.4321219027042389,0.0
102,TimeMixer,0.43531477451324463,PatchTST,0.4378248453140259,0.00251007080078125,TimeMixer,0.43531477451324463,0.0
103,PatchTST,0.42873823642730713,iTransformer,0.43392354249954224,0.005185306072235107,TimeMixer,0.43392667174339294,0.005188435316085815
104,TimeMixer,0.4312342703342438,PatchTST,0.4323789179325104,0.0011446475982666016,TimeMixer,0.4312342703342438,0.0
105,TimeMixer,0.4181804656982422,PatchTST,0.43443790078163147,0.016257435083389282,TimeMixer,0.4181804656982422,0.0
106,TimeMixer,0.4298301041126251,iTransformer,0.43284422159194946,0.003014117479324341,TimeMixer,0.4298301041126251,0.0
107,TimeMixer,0.44086092710494995,PatchTST,0.4413193166255951,0.0004583895206451416,TimeMixer,0.44086092710494995,0.0
108,iTransformer,0.43114393949508667,TimeMixer,0.4356995224952698,0.0045555830001831055,TimeMixer,0.4356995224952698,0.0045555830001831055
109,iTransformer,0.4396798312664032,PatchTST,0.44391265511512756,0.004232823848724365,TimeMixer,0.4497692584991455,0.01008942723274231
110,iTransformer,0.4417566955089569,PatchTST,0.4420345425605774,0.0002778470516204834,TimeMixer,0.44557803869247437,0.003821343183517456
111,iTransformer,0.4371822476387024,PatchTST,0.4396452307701111,0.0024629831314086914,TimeMixer,0.44200924038887024,0.004826992750167847
112,PatchTST,0.43863141536712646,iTransformer,0.44230297207832336,0.0036715567111968994,TimeMixer,0.44405996799468994,0.0054285526275634766
113,TimeMixer,0.43977120518684387,iTransformer,0.4400642514228821,0.000293046236038208,TimeMixer,0.43977120518684387,0.0
114,PatchTST,0.4380338788032532,TimeMixer,0.4418841004371643,0.003850221633911133,TimeMixer,0.4418841004371643,0.003850221633911133
115,TimeMixer,0.431171178817749,iTransformer,0.43709754943847656,0.005926370620727539,TimeMixer,0.431171178817749,0.0
116,PatchTST,0.4406360387802124,iTransformer,0.44106829166412354,0.0004322528839111328,TimeMixer,0.45870375633239746,0.01806771755218506
117,iTransformer,0.4379849135875702,PatchTST,0.4386705756187439,0.0006856620311737061,TimeMixer,0.4408029317855835,0.0028180181980133057
118,PatchTST,0.4373306930065155,iTransformer,0.4375927746295929,0.0002620816230773926,TimeMixer,0.4382564127445221,0.0009257197380065918
119,iTransformer,0.4402012526988983,PatchTST,0.4433477818965912,0.003146529197692871,TimeMixer,0.4440864324569702,0.0038851797580718994
120,iTransformer,0.4360406994819641,PatchTST,0.43694010376930237,0.0008994042873382568,TimeMixer,0.4438689649105072,0.00782826542854309
121,PatchTST,0.4446220397949219,TimeMixer,0.44692692160606384,0.0023048818111419678,TimeMixer,0.44692692160606384,0.0023048818111419678
122,PatchTST,0.4390851855278015,TimeMixer,0.44372278451919556,0.004637598991394043,TimeMixer,0.44372278451919556,0.004637598991394043
123,PatchTST,0.4396120309829712,TimeMixer,0.44563043117523193,0.006018400192260742,TimeMixer,0.44563043117523193,0.006018400192260742
124,PatchTST,0.4442085027694702,iTransformer,0.4442639946937561,5.549192428588867e-05,TimeMixer,0.44567549228668213,0.001466989517211914
125,iTransformer,0.44043946266174316,TimeMixer,0.44230782985687256,0.0018683671951293945,TimeMixer,0.44230782985687256,0.0018683671951293945
126,PatchTST,0.4344749450683594,iTransformer,0.44166305661201477,0.0071881115436553955,TimeMixer,0.4449480473995209,0.010473102331161499
127,iTransformer,0.432752788066864,TimeMixer,0.43617528676986694,0.0034224987030029297,TimeMixer,0.43617528676986694,0.0034224987030029297
128,PatchTST,0.44425147771835327,iTransformer,0.4454796612262726,0.0012281835079193115,TimeMixer,0.4475591778755188,0.0033077001571655273
129,TimeMixer,0.44243377447128296,iTransformer,0.4435661733150482,0.0011323988437652588,TimeMixer,0.44243377447128296,0.0
130,TimeMixer,0.4440823495388031,DLinear,0.44473135471343994,0.0006490051746368408,TimeMixer,0.4440823495388031,0.0
131,TimeMixer,0.444356769323349,PatchTST,0.4462246298789978,0.0018678605556488037,TimeMixer,0.444356769323349,0.0
132,PatchTST,0.44614332914352417,TimeMixer,0.452650249004364,0.006506919860839844,TimeMixer,0.452650249004364,0.006506919860839844
133,iTransformer,0.4463615417480469,PatchTST,0.4505074918270111,0.004145950078964233,TimeMixer,0.4513673186302185,0.005005776882171631
134,PatchTST,0.4416740834712982,iTransformer,0.44994980096817017,0.008275717496871948,TimeMixer,0.45126351714134216,0.009589433670043945
135,TimeMixer,0.44890159368515015,PatchTST,0.4523342549800873,0.003432661294937134,TimeMixer,0.44890159368515015,0.0
136,iTransformer,0.4722541272640228,TimeMixer,0.4735049307346344,0.0012508034706115723,TimeMixer,0.4735049307346344,0.0012508034706115723
137,TimeMixer,0.4702223837375641,DLinear,0.4804610311985016,0.0102386474609375,TimeMixer,0.4702223837375641,0.0
138,TimeMixer,0.48809704184532166,iTransformer,0.48851656913757324,0.0004195272922515869,TimeMixer,0.48809704184532166,0.0
139,iTransformer,0.4714393615722656,TimeMixer,0.47182002663612366,0.0003806650638580322,TimeMixer,0.47182002663612366,0.0003806650638580322
140,TimeMixer,0.46937891840934753,PatchTST,0.47505465149879456,0.0056757330894470215,TimeMixer,0.46937891840934753,0.0
141,iTransformer,0.4685017168521881,TimeMixer,0.4723173677921295,0.0038156509399414062,TimeMixer,0.4723173677921295,0.0038156509399414062
142,TimeMixer,0.4734989404678345,PatchTST,0.47841399908065796,0.004915058612823486,TimeMixer,0.4734989404678345,0.0
143,TimeMixer,0.43460774421691895,DLinear,0.43463048338890076,2.2739171981811523e-05,TimeMixer,0.43460774421691895,0.0
144,TimeMixer,0.3984595835208893,DLinear,0.3992035388946533,0.0007439553737640381,TimeMixer,0.3984595835208893,0.0
145,TimeMixer,0.41108614206314087,DLinear,0.41380447149276733,0.002718329429626465,TimeMixer,0.41108614206314087,0.0
146,DLinear,0.4051438271999359,TimeMixer,0.4083494544029236,0.003205627202987671,TimeMixer,0.4083494544029236,0.003205627202987671
147,DLinear,0.4220333993434906,iTransformer,0.42530831694602966,0.0032749176025390625,TimeMixer,0.4303045868873596,0.008271187543869019
148,PatchTST,0.42079970240592957,TimeMixer,0.4213210940361023,0.0005213916301727295,TimeMixer,0.4213210940361023,0.0005213916301727295
149,DLinear,0.4201502501964569,TimeMixer,0.42133235931396484,0.0011821091175079346,TimeMixer,0.42133235931396484,0.0011821091175079346
150,DLinear,0.41268476843833923,TimeMixer,0.4135977327823639,0.0009129643440246582,TimeMixer,0.4135977327823639,0.0009129643440246582
151,DLinear,0.4137517511844635,TimeMixer,0.41771388053894043,0.003962129354476929,TimeMixer,0.41771388053894043,0.003962129354476929
152,TimeMixer,0.4195132553577423,DLinear,0.4214318096637726,0.0019185543060302734,TimeMixer,0.4195132553577423,0.0
153,DLinear,0.41702619194984436,TimeMixer,0.42315298318862915,0.00612679123878479,TimeMixer,0.42315298318862915,0.00612679123878479
154,TimeMixer,0.4236445724964142,DLinear,0.42745241522789,0.00380784273147583,TimeMixer,0.4236445724964142,0.0
155,DLinear,0.4118385314941406,TimeMixer,0.41960787773132324,0.007769346237182617,TimeMixer,0.41960787773132324,0.007769346237182617
156,DLinear,0.41860491037368774,TimeMixer,0.4224001169204712,0.0037952065467834473,TimeMixer,0.4224001169204712,0.0037952065467834473
157,DLinear,0.41593125462532043,TimeMixer,0.42372894287109375,0.007797688245773315,TimeMixer,0.42372894287109375,0.007797688245773315
158,DLinear,0.4208100736141205,iTransformer,0.42433056235313416,0.003520488739013672,TimeMixer,0.42775940895080566,0.006949335336685181
159,TimeMixer,0.42286309599876404,iTransformer,0.4240785241127014,0.001215428113937378,TimeMixer,0.42286309599876404,0.0
160,TimeMixer,0.4124414920806885,DLinear,0.4190123379230499,0.00657084584236145,TimeMixer,0.4124414920806885,0.0
161,iTransformer,0.41995325684547424,TimeMixer,0.4199564754962921,3.2186508178710938e-06,TimeMixer,0.4199564754962921,3.2186508178710938e-06
162,TimeMixer,0.42042869329452515,DLinear,0.42124003171920776,0.0008113384246826172,TimeMixer,0.42042869329452515,0.0
163,TimeMixer,0.41148799657821655,iTransformer,0.42192891240119934,0.010440915822982788,TimeMixer,0.41148799657821655,0.0
164,TimeMixer,0.4106098413467407,DLinear,0.41501671075820923,0.004406869411468506,TimeMixer,0.4106098413467407,0.0
165,TimeMixer,0.40928277373313904,PatchTST,0.4130207300186157,0.0037379562854766846,TimeMixer,0.40928277373313904,0.0
166,TimeMixer,0.38992762565612793,DLinear,0.4073846936225891,0.01745706796646118,TimeMixer,0.38992762565612793,0.0
167,PatchTST,0.40375006198883057,DLinear,0.40718549489974976,0.0034354329109191895,TimeMixer,0.40780186653137207,0.004051804542541504
168,DLinear,0.38919222354888916,TimeMixer,0.3931976556777954,0.00400543212890625,TimeMixer,0.3931976556777954,0.00400543212890625
169,TimeMixer,0.380025178194046,DLinear,0.3848728537559509,0.004847675561904907,TimeMixer,0.380025178194046,0.0
170,TimeMixer,0.38019463419914246,iTransformer,0.3842264413833618,0.00403180718421936,TimeMixer,0.38019463419914246,0.0
171,DLinear,0.38304874300956726,PatchTST,0.3839475214481354,0.0008987784385681152,TimeMixer,0.3859560787677765,0.0029073357582092285
172,TimeMixer,0.37477853894233704,iTransformer,0.3817713260650635,0.00699278712272644,TimeMixer,0.37477853894233704,0.0
173,iTransformer,0.39113298058509827,PatchTST,0.3951416611671448,0.004008680582046509,TimeMixer,0.396404892206192,0.00527191162109375
174,iTransformer,0.3950628638267517,TimeMixer,0.39663976430892944,0.0015769004821777344,TimeMixer,0.39663976430892944,0.0015769004821777344
175,TimeMixer,0.3933256268501282,PatchTST,0.3996449410915375,0.006319314241409302,TimeMixer,0.3933256268501282,0.0
176,TimeMixer,0.39711058139801025,DLinear,0.40223413705825806,0.005123555660247803,TimeMixer,0.39711058139801025,0.0
177,TimeMixer,0.3887427747249603,DLinear,0.3934490978717804,0.004706323146820068,TimeMixer,0.3887427747249603,0.0
178,DLinear,0.3925914168357849,iTransformer,0.39903971552848816,0.006448298692703247,TimeMixer,0.399553120136261,0.006961703300476074
179,TimeMixer,0.3932667672634125,PatchTST,0.4010441303253174,0.007777363061904907,TimeMixer,0.3932667672634125,0.0
180,DLinear,0.3936949372291565,TimeMixer,0.39415183663368225,0.00045689940452575684,TimeMixer,0.39415183663368225,0.00045689940452575684
181,PatchTST,0.45237278938293457,TimeMixer,0.4552544951438904,0.0028817057609558105,TimeMixer,0.4552544951438904,0.0028817057609558105
182,TimeMixer,0.45165616273880005,iTransformer,0.45399320125579834,0.002337038516998291,TimeMixer,0.45165616273880005,0.0
183,iTransformer,0.4532098174095154,TimeMixer,0.4584897458553314,0.00527992844581604,TimeMixer,0.4584897458553314,0.00527992844581604
184,TimeMixer,0.4496440887451172,PatchTST,0.45717376470565796,0.0075296759605407715,TimeMixer,0.4496440887451172,0.0
185,TimeMixer,0.4509270191192627,PatchTST,0.45517295598983765,0.004245936870574951,TimeMixer,0.4509270191192627,0.0
186,DLinear,0.4493364691734314,TimeMixer,0.45094239711761475,0.0016059279441833496,TimeMixer,0.45094239711761475,0.0016059279441833496
187,DLinear,0.43110552430152893,TimeMixer,0.4398306906223297,0.008725166320800781,TimeMixer,0.4398306906223297,0.008725166320800781
188,DLinear,0.4194658696651459,TimeMixer,0.42791467905044556,0.008448809385299683,TimeMixer,0.42791467905044556,0.008448809385299683
189,DLinear,0.42277953028678894,TimeMixer,0.4300607442855835,0.007281213998794556,TimeMixer,0.4300607442855835,0.007281213998794556
190,DLinear,0.4217633605003357,TimeMixer,0.4237968921661377,0.002033531665802002,TimeMixer,0.4237968921661377,0.002033531665802002
191,TimeMixer,0.42172685265541077,DLinear,0.4219178259372711,0.00019097328186035156,TimeMixer,0.42172685265541077,0.0
192,iTransformer,0.4203284680843353,PatchTST,0.4213225543498993,0.0009940862655639648,TimeMixer,0.4293106496334076,0.008982181549072266
193,DLinear,0.4121945798397064,TimeMixer,0.4129765033721924,0.0007819235324859619,TimeMixer,0.4129765033721924,0.0007819235324859619
194,DLinear,0.40383753180503845,iTransformer,0.41176432371139526,0.007926791906356812,TimeMixer,0.41356968879699707,0.009732156991958618
195,DLinear,0.45329996943473816,iTransformer,0.454190194606781,0.0008902251720428467,TimeMixer,0.4553048312664032,0.002004861831665039
196,PatchTST,0.4477689862251282,iTransformer,0.449313759803772,0.0015447735786437988,TimeMixer,0.4575037658214569,0.009734779596328735
197,DLinear,0.44801536202430725,iTransformer,0.4490845203399658,0.0010691583156585693,TimeMixer,0.45475849509239197,0.006743133068084717
198,PatchTST,0.44901978969573975,iTransformer,0.4509066045284271,0.001886814832687378,TimeMixer,0.45720410346984863,0.008184313774108887
199,iTransformer,0.4528920650482178,PatchTST,0.45531609654426575,0.0024240314960479736,TimeMixer,0.46750903129577637,0.014616966247558594
200,iTransformer,0.4908175766468048,PatchTST,0.49784061312675476,0.007023036479949951,TimeMixer,0.49784407019615173,0.007026493549346924
201,PatchTST,0.4879467785358429,TimeMixer,0.49414992332458496,0.006203144788742065,TimeMixer,0.49414992332458496,0.006203144788742065
202,PatchTST,0.4890955090522766,DLinear,0.49855589866638184,0.009460389614105225,TimeMixer,0.5025317668914795,0.01343625783920288
203,PatchTST,0.4918767809867859,iTransformer,0.4926259517669678,0.0007491707801818848,TimeMixer,0.5024265050888062,0.010549724102020264
204,iTransformer,0.48378434777259827,TimeMixer,0.48866409063339233,0.004879742860794067,TimeMixer,0.48866409063339233,0.004879742860794067
205,TimeMixer,0.48752960562705994,PatchTST,0.4898257851600647,0.0022961795330047607,TimeMixer,0.48752960562705994,0.0
206,PatchTST,0.4907227158546448,iTransformer,0.49164003133773804,0.0009173154830932617,TimeMixer,0.49170413613319397,0.0009814202785491943
207,iTransformer,0.4894155263900757,PatchTST,0.4898812472820282,0.00046572089195251465,TimeMixer,0.4921695291996002,0.002754002809524536
208,iTransformer,0.49176833033561707,PatchTST,0.49376195669174194,0.001993626356124878,TimeMixer,0.4977460503578186,0.005977720022201538
209,iTransformer,0.4858360290527344,PatchTST,0.49203240871429443,0.006196379661560059,TimeMixer,0.4995231628417969,0.0136871337890625
210,PatchTST,0.48453089594841003,TimeMixer,0.49334898591041565,0.008818089962005615,TimeMixer,0.49334898591041565,0.008818089962005615
211,iTransformer,0.4875858426094055,DLinear,0.4957430362701416,0.008157193660736084,TimeMixer,0.49955660104751587,0.011970758438110352
212,iTransformer,0.4887330234050751,PatchTST,0.49344906210899353,0.004716038703918457,TimeMixer,0.4973738491535187,0.008640825748443604
213,PatchTST,0.48684248328208923,TimeMixer,0.48874881863594055,0.0019063353538513184,TimeMixer,0.48874881863594055,0.0019063353538513184
214,iTransformer,0.4866315722465515,TimeMixer,0.4943293035030365,0.007697731256484985,TimeMixer,0.4943293035030365,0.007697731256484985
215,PatchTST,0.5017604231834412,iTransformer,0.5025531053543091,0.0007926821708679199,TimeMixer,0.5093570351600647,0.007596611976623535
216,TimeMixer,0.5006461143493652,iTransformer,0.5069674253463745,0.006321310997009277,TimeMixer,0.5006461143493652,0.0
217,iTransformer,0.5066524147987366,PatchTST,0.5070351958274841,0.0003827810287475586,TimeMixer,0.5170901417732239,0.010437726974487305
218,iTransformer,0.5060648918151855,PatchTST,0.5086288452148438,0.002563953399658203,TimeMixer,0.5133906006813049,0.007325708866119385
219,PatchTST,0.5005145072937012,TimeMixer,0.5096949934959412,0.00918048620223999,TimeMixer,0.5096949934959412,0.00918048620223999
220,iTransformer,0.5104722380638123,PatchTST,0.5136708617210388,0.0031986236572265625,TimeMixer,0.5173041224479675,0.0068318843841552734
221,PatchTST,0.5044257640838623,TimeMixer,0.5169272422790527,0.01250147819519043,TimeMixer,0.5169272422790527,0.01250147819519043
222,iTransformer,0.5107083320617676,TimeMixer,0.5125856995582581,0.0018773674964904785,TimeMixer,0.5125856995582581,0.0018773674964904785
223,iTransformer,0.5109009742736816,PatchTST,0.5111287236213684,0.00022774934768676758,TimeMixer,0.5188648700714111,0.007963895797729492
224,PatchTST,0.5122019648551941,iTransformer,0.5187352299690247,0.006533265113830566,TimeMixer,0.5224412083625793,0.010239243507385254
225,iTransformer,0.5096527934074402,PatchTST,0.5110191106796265,0.0013663172721862793,TimeMixer,0.5162445902824402,0.006591796875
226,iTransformer,0.5095230340957642,PatchTST,0.5112783312797546,0.0017552971839904785,TimeMixer,0.5237506031990051,0.014227569103240967
227,iTransformer,0.5073819756507874,TimeMixer,0.5183577537536621,0.010975778102874756,TimeMixer,0.5183577537536621,0.010975778102874756
228,PatchTST,0.5029257535934448,iTransformer,0.5093184113502502,0.00639265775680542,TimeMixer,0.5112647414207458,0.008338987827301025
229,iTransformer,0.5005443096160889,PatchTST,0.504754364490509,0.004210054874420166,TimeMixer,0.5206746459007263,0.02013033628463745
230,PatchTST,0.49721312522888184,iTransformer,0.4977545440196991,0.0005414187908172607,TimeMixer,0.5022730827331543,0.005059957504272461
231,PatchTST,0.491531103849411,TimeMixer,0.4973878264427185,0.005856722593307495,TimeMixer,0.4973878264427185,0.005856722593307495
232,PatchTST,0.4816983640193939,iTransformer,0.49505743384361267,0.01335906982421875,TimeMixer,0.5053591132164001,0.023660749197006226
233,PatchTST,0.4860115945339203,TimeMixer,0.4934116005897522,0.007400006055831909,TimeMixer,0.4934116005897522,0.007400006055831909
234,PatchTST,0.48663946986198425,TimeMixer,0.49140384793281555,0.004764378070831299,TimeMixer,0.49140384793281555,0.004764378070831299
235,PatchTST,0.49406278133392334,iTransformer,0.499124675989151,0.005061894655227661,TimeMixer,0.4994864761829376,0.005423694849014282
236,iTransformer,0.48996224999427795,PatchTST,0.4918185770511627,0.0018563270568847656,TimeMixer,0.49632516503334045,0.0063629150390625
237,PatchTST,0.48781657218933105,iTransformer,0.49020349979400635,0.002386927604675293,TimeMixer,0.500458836555481,0.012642264366149902
238,iTransformer,0.4898318648338318,PatchTST,0.49729788303375244,0.007466018199920654,TimeMixer,0.5192443132400513,0.029412448406219482
239,iTransformer,0.48611441254615784,PatchTST,0.4899076819419861,0.003793269395828247,TimeMixer,0.4987974762916565,0.012683063745498657
240,iTransformer,0.4871474802494049,PatchTST,0.49121415615081787,0.004066675901412964,TimeMixer,0.4997367858886719,0.012589305639266968
241,PatchTST,0.48437708616256714,iTransformer,0.4878911077976227,0.003514021635055542,TimeMixer,0.49569371342658997,0.011316627264022827
242,PatchTST,0.4900573492050171,DLinear,0.49230271577835083,0.0022453665733337402,TimeMixer,0.5019584894180298,0.011901140213012695
243,iTransformer,0.48917052149772644,PatchTST,0.49122539162635803,0.002054870128631592,TimeMixer,0.496033251285553,0.006862729787826538
244,PatchTST,0.4891258776187897,iTransformer,0.49144816398620605,0.002322286367416382,TimeMixer,0.4999876022338867,0.010861724615097046
245,TimeMixer,0.492799311876297,DLinear,0.4928615093231201,6.219744682312012e-05,TimeMixer,0.492799311876297,0.0
246,PatchTST,0.48881667852401733,DLinear,0.49775436520576477,0.008937686681747437,TimeMixer,0.49997571110725403,0.011159032583236694
247,iTransformer,0.5159401893615723,PatchTST,0.5173519849777222,0.0014117956161499023,TimeMixer,0.5255730748176575,0.009632885456085205
248,iTransformer,0.5358515977859497,PatchTST,0.5390371680259705,0.003185570240020752,TimeMixer,0.5433384776115417,0.007486879825592041
249,iTransformer,0.5406118035316467,PatchTST,0.5433713793754578,0.002759575843811035,TimeMixer,0.5478226542472839,0.007210850715637207
250,iTransformer,0.5456464290618896,DLinear,0.545687198638916,4.076957702636719e-05,TimeMixer,0.5515061020851135,0.005859673023223877
251,DLinear,0.5489538908004761,PatchTST,0.5503458380699158,0.0013919472694396973,TimeMixer,0.5560555458068848,0.007101655006408691
252,PatchTST,0.5510655045509338,iTransformer,0.5543065071105957,0.0032410025596618652,TimeMixer,0.5719681978225708,0.020902693271636963
253,iTransformer,0.5422390699386597,TimeMixer,0.5481229424476624,0.0058838725090026855,TimeMixer,0.5481229424476624,0.0058838725090026855
254,PatchTST,0.532778263092041,iTransformer,0.5335226058959961,0.0007443428039550781,TimeMixer,0.5404857397079468,0.007707476615905762
255,PatchTST,0.5359405279159546,DLinear,0.5382782816886902,0.0023377537727355957,TimeMixer,0.5495522022247314,0.013611674308776855
256,TimeMixer,0.5373036861419678,DLinear,0.5401061177253723,0.002802431583404541,TimeMixer,0.5373036861419678,0.0
257,PatchTST,0.533901035785675,iTransformer,0.5364996194839478,0.002598583698272705,TimeMixer,0.5383105874061584,0.0044095516204833984
258,iTransformer,0.5352975130081177,PatchTST,0.5386450886726379,0.0033475756645202637,TimeMixer,0.5442255735397339,0.008928060531616211
259,PatchTST,0.5354433059692383,iTransformer,0.5366452932357788,0.0012019872665405273,TimeMixer,0.5372623205184937,0.001819014549255371
260,PatchTST,0.5395039916038513,iTransformer,0.5411636829376221,0.001659691333770752,TimeMixer,0.5497666597366333,0.010262668132781982
261,DLinear,0.5398568511009216,iTransformer,0.5399230122566223,6.61611557006836e-05,TimeMixer,0.5431615710258484,0.003304719924926758
262,iTransformer,0.5410925149917603,TimeMixer,0.5418078303337097,0.0007153153419494629,TimeMixer,0.5418078303337097,0.0007153153419494629
263,DLinear,0.5401063561439514,TimeMixer,0.5442315936088562,0.004125237464904785,TimeMixer,0.5442315936088562,0.004125237464904785
264,DLinear,0.5544576048851013,TimeMixer,0.555787205696106,0.0013296008110046387,TimeMixer,0.555787205696106,0.0013296008110046387
265,DLinear,0.5506375432014465,iTransformer,0.5556288957595825,0.004991352558135986,TimeMixer,0.5709924101829529,0.020354866981506348
266,iTransformer,0.5542073249816895,DLinear,0.5577802658081055,0.0035729408264160156,TimeMixer,0.5620335936546326,0.007826268672943115
267,iTransformer,0.5557474493980408,DLinear,0.5573066473007202,0.0015591979026794434,TimeMixer,0.5659708380699158,0.010223388671875
268,DLinear,0.5589848756790161,iTransformer,0.5606034398078918,0.0016185641288757324,TimeMixer,0.5635508298873901,0.0045659542083740234
269,PatchTST,0.5535393953323364,DLinear,0.557673454284668,0.004134058952331543,TimeMixer,0.55838942527771,0.004850029945373535
270,DLinear,0.5598649382591248,iTransformer,0.5618449449539185,0.001980006694793701,TimeMixer,0.5622026324272156,0.0023376941680908203
271,DLinear,0.5570933222770691,TimeMixer,0.5591532588005066,0.0020599365234375,TimeMixer,0.5591532588005066,0.0020599365234375
272,DLinear,0.5578657984733582,iTransformer,0.562268853187561,0.004403054714202881,TimeMixer,0.5659337043762207,0.008067905902862549
273,DLinear,0.5606424808502197,TimeMixer,0.5662872791290283,0.005644798278808594,TimeMixer,0.5662872791290283,0.005644798278808594
274,DLinear,0.558095395565033,TimeMixer,0.5599343180656433,0.0018389225006103516,TimeMixer,0.5599343180656433,0.0018389225006103516
275,iTransformer,0.554118275642395,DLinear,0.5546122789382935,0.0004940032958984375,TimeMixer,0.5598850250244141,0.005766749382019043
276,DLinear,0.5545378923416138,iTransformer,0.5584637522697449,0.0039258599281311035,TimeMixer,0.562265932559967,0.0077280402183532715
277,PatchTST,0.5489929914474487,DLinear,0.5525489449501038,0.0035559535026550293,TimeMixer,0.5545626282691956,0.005569636821746826
278,DLinear,0.5603321194648743,iTransformer,0.5655665993690491,0.005234479904174805,TimeMixer,0.5721079707145691,0.011775851249694824
279,DLinear,0.5653817057609558,iTransformer,0.5661154389381409,0.0007337331771850586,TimeMixer,0.5669803023338318,0.0015985965728759766
280,DLinear,0.5582122802734375,iTransformer,0.5632408261299133,0.00502854585647583,TimeMixer,0.5686946511268616,0.010482370853424072
281,DLinear,0.5621250867843628,PatchTST,0.5635520219802856,0.0014269351959228516,TimeMixer,0.5689401030540466,0.006815016269683838
282,iTransformer,0.5575664043426514,TimeMixer,0.5632160902023315,0.005649685859680176,TimeMixer,0.5632160902023315,0.005649685859680176
283,TimeMixer,0.5590086579322815,PatchTST,0.5607126951217651,0.0017040371894836426,TimeMixer,0.5590086579322815,0.0
284,DLinear,0.559615969657898,TimeMixer,0.562026858329773,0.002410888671875,TimeMixer,0.562026858329773,0.002410888671875
285,PatchTST,0.5596153736114502,DLinear,0.5608413219451904,0.0012259483337402344,TimeMixer,0.5646916627883911,0.005076289176940918
286,TimeMixer,0.554344892501831,PatchTST,0.557359516620636,0.0030146241188049316,TimeMixer,0.554344892501831,0.0
287,PatchTST,0.5569854974746704,iTransformer,0.5573832988739014,0.00039780139923095703,TimeMixer,0.5612219572067261,0.004236459732055664
288,DLinear,0.5567893981933594,TimeMixer,0.5570003986358643,0.0002110004425048828,TimeMixer,0.5570003986358643,0.0002110004425048828
289,TimeMixer,0.5495496392250061,PatchTST,0.5508264899253845,0.001276850700378418,TimeMixer,0.5495496392250061,0.0
290,iTransformer,0.5481865406036377,TimeMixer,0.5519712567329407,0.0037847161293029785,TimeMixer,0.5519712567329407,0.0037847161293029785
291,TimeMixer,0.5589667558670044,PatchTST,0.5609467625617981,0.001980006694793701,TimeMixer,0.5589667558670044,0.0
292,TimeMixer,0.5585812926292419,DLinear,0.5608333945274353,0.0022521018981933594,TimeMixer,0.5585812926292419,0.0
293,TimeMixer,0.5559766888618469,DLinear,0.5569899678230286,0.0010132789611816406,TimeMixer,0.5559766888618469,0.0
294,DLinear,0.5610111951828003,TimeMixer,0.5648087859153748,0.003797590732574463,TimeMixer,0.5648087859153748,0.003797590732574463
295,DLinear,0.5628949403762817,TimeMixer,0.564895749092102,0.0020008087158203125,TimeMixer,0.564895749092102,0.0020008087158203125
296,iTransformer,0.5489469170570374,PatchTST,0.5516667366027832,0.0027198195457458496,TimeMixer,0.5553997755050659,0.0064528584480285645
297,iTransformer,0.551016092300415,TimeMixer,0.5526118278503418,0.0015957355499267578,TimeMixer,0.5526118278503418,0.0015957355499267578
298,DLinear,0.5485748052597046,TimeMixer,0.5485802888870239,5.4836273193359375e-06,TimeMixer,0.5485802888870239,5.4836273193359375e-06
299,PatchTST,0.5439236164093018,TimeMixer,0.5442153811454773,0.0002917647361755371,TimeMixer,0.5442153811454773,0.0002917647361755371
300,PatchTST,0.5397356152534485,iTransformer,0.5445029139518738,0.004767298698425293,TimeMixer,0.5456255078315735,0.005889892578125
301,PatchTST,0.5422253608703613,iTransformer,0.5426040291786194,0.00037866830825805664,TimeMixer,0.5471230149269104,0.004897654056549072
302,DLinear,0.5438309907913208,PatchTST,0.5472550988197327,0.0034241080284118652,TimeMixer,0.5490206480026245,0.005189657211303711
303,iTransformer,0.5444550514221191,TimeMixer,0.5445888042449951,0.00013375282287597656,TimeMixer,0.5445888042449951,0.00013375282287597656
304,TimeMixer,0.5244841575622559,PatchTST,0.5272849202156067,0.00280076265335083,TimeMixer,0.5244841575622559,0.0
305,TimeMixer,0.5207276344299316,PatchTST,0.5212944149971008,0.0005667805671691895,TimeMixer,0.5207276344299316,0.0
306,DLinear,0.5120466947555542,iTransformer,0.5152881145477295,0.003241419792175293,TimeMixer,0.515311062335968,0.0032643675804138184
307,iTransformer,0.5125134587287903,DLinear,0.5148378014564514,0.002324342727661133,TimeMixer,0.515462338924408,0.0029488801956176758
308,TimeMixer,0.5059641599655151,PatchTST,0.5082809925079346,0.0023168325424194336,TimeMixer,0.5059641599655151,0.0
309,PatchTST,0.509281575679779,TimeMixer,0.5132797956466675,0.003998219966888428,TimeMixer,0.5132797956466675,0.003998219966888428
310,iTransformer,0.49738824367523193,TimeMixer,0.5007641911506653,0.0033759474754333496,TimeMixer,0.5007641911506653,0.0033759474754333496
311,PatchTST,0.5065878629684448,TimeMixer,0.5083640217781067,0.0017761588096618652,TimeMixer,0.5083640217781067,0.0017761588096618652
312,TimeMixer,0.5415323972702026,PatchTST,0.5503453016281128,0.008812904357910156,TimeMixer,0.5415323972702026,0.0
313,TimeMixer,0.5398188829421997,iTransformer,0.5410603284835815,0.001241445541381836,TimeMixer,0.5398188829421997,0.0
314,TimeMixer,0.5266991853713989,iTransformer,0.5303155779838562,0.0036163926124572754,TimeMixer,0.5266991853713989,0.0
315,TimeMixer,0.5194953083992004,PatchTST,0.5219367146492004,0.00244140625,TimeMixer,0.5194953083992004,0.0
316,iTransformer,0.5145885944366455,PatchTST,0.5248687863349915,0.010280191898345947,TimeMixer,0.5292333960533142,0.014644801616668701
317,PatchTST,0.5224167108535767,iTransformer,0.5229233503341675,0.0005066394805908203,TimeMixer,0.5231841802597046,0.0007674694061279297
318,TimeMixer,0.5169916749000549,iTransformer,0.5238768458366394,0.006885170936584473,TimeMixer,0.5169916749000549,0.0
319,iTransformer,0.5221592783927917,TimeMixer,0.5223995447158813,0.0002402663230895996,TimeMixer,0.5223995447158813,0.0002402663230895996
320,TimeMixer,0.5198357105255127,PatchTST,0.5216037034988403,0.0017679929733276367,TimeMixer,0.5198357105255127,0.0
321,TimeMixer,0.5124322175979614,PatchTST,0.5194507241249084,0.0070185065269470215,TimeMixer,0.5124322175979614,0.0
322,iTransformer,0.5140646696090698,PatchTST,0.5166580677032471,0.002593398094177246,TimeMixer,0.5212828516960144,0.00721818208694458
323,PatchTST,0.516680121421814,TimeMixer,0.5171427726745605,0.00046265125274658203,TimeMixer,0.5171427726745605,0.00046265125274658203
324,iTransformer,0.521550714969635,TimeMixer,0.5227327942848206,0.0011820793151855469,TimeMixer,0.5227327942848206,0.0011820793151855469
325,PatchTST,0.5185124278068542,iTransformer,0.5225348472595215,0.004022419452667236,TimeMixer,0.522699236869812,0.004186809062957764
326,iTransformer,0.5173028707504272,PatchTST,0.5175657868385315,0.00026291608810424805,TimeMixer,0.518539547920227,0.0012366771697998047
327,PatchTST,0.5194020867347717,TimeMixer,0.5207510590553284,0.0013489723205566406,TimeMixer,0.5207510590553284,0.0013489723205566406
328,TimeMixer,0.5170170068740845,PatchTST,0.5209764838218689,0.003959476947784424,TimeMixer,0.5170170068740845,0.0
329,TimeMixer,0.5169239044189453,PatchTST,0.5175912380218506,0.0006673336029052734,TimeMixer,0.5169239044189453,0.0
330,TimeMixer,0.5136623978614807,PatchTST,0.5185948610305786,0.0049324631690979,TimeMixer,0.5136623978614807,0.0
331,TimeMixer,0.5279561281204224,PatchTST,0.5298306345939636,0.0018745064735412598,TimeMixer,0.5279561281204224,0.0
332,PatchTST,0.5279025435447693,iTransformer,0.5285518765449524,0.0006493330001831055,TimeMixer,0.5290310978889465,0.001128554344177246
333,iTransformer,0.5358279943466187,PatchTST,0.5365704298019409,0.0007424354553222656,TimeMixer,0.5368052124977112,0.0009772181510925293
334,TimeMixer,0.5397229194641113,iTransformer,0.5403425097465515,0.0006195902824401855,TimeMixer,0.5397229194641113,0.0
335,iTransformer,0.5432898998260498,PatchTST,0.5434090495109558,0.00011914968490600586,TimeMixer,0.5462788939476013,0.0029889941215515137
336,PatchTST,0.5409638285636902,iTransformer,0.540990948677063,2.7120113372802734e-05,TimeMixer,0.5469921231269836,0.006028294563293457
337,PatchTST,0.5676809549331665,iTransformer,0.56843501329422,0.0007540583610534668,TimeMixer,0.5691962838172913,0.0015153288841247559
338,TimeMixer,0.5739602446556091,PatchTST,0.5764085650444031,0.0024483203887939453,TimeMixer,0.5739602446556091,0.0
339,TimeMixer,0.5663580298423767,iTransformer,0.574121356010437,0.007763326168060303,TimeMixer,0.5663580298423767,0.0
340,TimeMixer,0.5741255879402161,PatchTST,0.57444167137146,0.0003160834312438965,TimeMixer,0.5741255879402161,0.0
341,PatchTST,0.5614055395126343,TimeMixer,0.5660830736160278,0.004677534103393555,TimeMixer,0.5660830736160278,0.004677534103393555
342,TimeMixer,0.5557044148445129,DLinear,0.5685880780220032,0.012883663177490234,TimeMixer,0.5557044148445129,0.0
343,PatchTST,0.5610741972923279,DLinear,0.5645016431808472,0.003427445888519287,TimeMixer,0.5674128532409668,0.006338655948638916
344,TimeMixer,0.5572444200515747,DLinear,0.5611754059791565,0.003930985927581787,TimeMixer,0.5572444200515747,0.0
345,PatchTST,0.5536795258522034,iTransformer,0.5598419904708862,0.006162464618682861,TimeMixer,0.5639466643333435,0.010267138481140137
346,PatchTST,0.5578936338424683,TimeMixer,0.5594559907913208,0.001562356948852539,TimeMixer,0.5594559907913208,0.001562356948852539
347,TimeMixer,0.5622532367706299,PatchTST,0.5649166107177734,0.0026633739471435547,TimeMixer,0.5622532367706299,0.0
348,TimeMixer,0.5587934851646423,PatchTST,0.5619907975196838,0.003197312355041504,TimeMixer,0.5587934851646423,0.0
349,iTransformer,0.4960246682167053,PatchTST,0.5004368424415588,0.004412174224853516,TimeMixer,0.5018365979194641,0.005811929702758789
350,PatchTST,0.493757963180542,TimeMixer,0.49944251775741577,0.005684554576873779,TimeMixer,0.49944251775741577,0.005684554576873779
351,iTransformer,0.4978460669517517,TimeMixer,0.49785691499710083,1.0848045349121094e-05,TimeMixer,0.49785691499710083,1.0848045349121094e-05
352,TimeMixer,0.4955710470676422,DLinear,0.5006877779960632,0.0051167309284210205,TimeMixer,0.4955710470676422,0.0
353,PatchTST,0.49960389733314514,iTransformer,0.5012332201004028,0.0016293227672576904,TimeMixer,0.502238392829895,0.002634495496749878
354,TimeMixer,0.49451956152915955,iTransformer,0.5005248188972473,0.0060052573680877686,TimeMixer,0.49451956152915955,0.0
355,PatchTST,0.5006172060966492,TimeMixer,0.504950225353241,0.004333019256591797,TimeMixer,0.504950225353241,0.004333019256591797
356,TimeMixer,0.498867928981781,iTransformer,0.5000672936439514,0.0011993646621704102,TimeMixer,0.498867928981781,0.0
357,iTransformer,0.499723881483078,TimeMixer,0.5025250911712646,0.0028012096881866455,TimeMixer,0.5025250911712646,0.0028012096881866455
358,iTransformer,0.49194440245628357,TimeMixer,0.4969712197780609,0.005026817321777344,TimeMixer,0.4969712197780609,0.005026817321777344
359,TimeMixer,0.4906633496284485,iTransformer,0.49360066652297974,0.00293731689453125,TimeMixer,0.4906633496284485,0.0
360,iTransformer,0.5153185129165649,PatchTST,0.5224076509475708,0.007089138031005859,TimeMixer,0.5232939720153809,0.007975459098815918
361,TimeMixer,0.526186466217041,iTransformer,0.5284751057624817,0.002288639545440674,TimeMixer,0.526186466217041,0.0
362,TimeMixer,0.5422381162643433,iTransformer,0.5490144491195679,0.006776332855224609,TimeMixer,0.5422381162643433,0.0
363,TimeMixer,0.5152997374534607,PatchTST,0.516707718372345,0.0014079809188842773,TimeMixer,0.5152997374534607,0.0
364,PatchTST,0.5205590724945068,DLinear,0.5215222239494324,0.0009631514549255371,TimeMixer,0.5266321301460266,0.006073057651519775
365,TimeMixer,0.5182077288627625,iTransformer,0.5223814845085144,0.004173755645751953,TimeMixer,0.5182077288627625,0.0
366,TimeMixer,0.5192065238952637,DLinear,0.5201615691184998,0.000955045223236084,TimeMixer,0.5192065238952637,0.0
367,TimeMixer,0.4999139904975891,DLinear,0.5041815638542175,0.004267573356628418,TimeMixer,0.4999139904975891,0.0
368,TimeMixer,0.4671921133995056,PatchTST,0.4700358211994171,0.002843707799911499,TimeMixer,0.4671921133995056,0.0
369,PatchTST,0.46921876072883606,TimeMixer,0.4769962430000305,0.007777482271194458,TimeMixer,0.4769962430000305,0.007777482271194458
370,TimeMixer,0.47069668769836426,PatchTST,0.47187674045562744,0.0011800527572631836,TimeMixer,0.47069668769836426,0.0
371,TimeMixer,0.4685167670249939,DLinear,0.47369229793548584,0.005175530910491943,TimeMixer,0.4685167670249939,0.0
372,TimeMixer,0.4700203835964203,DLinear,0.47922834753990173,0.009207963943481445,TimeMixer,0.4700203835964203,0.0
373,TimeMixer,0.4721872806549072,iTransformer,0.4749128222465515,0.002725541591644287,TimeMixer,0.4721872806549072,0.0
374,TimeMixer,0.4647890627384186,iTransformer,0.4747013449668884,0.009912282228469849,TimeMixer,0.4647890627384186,0.0
375,TimeMixer,0.47093692421913147,DLinear,0.4753940999507904,0.0044571757316589355,TimeMixer,0.47093692421913147,0.0
376,TimeMixer,0.4710419476032257,DLinear,0.471407026052475,0.0003650784492492676,TimeMixer,0.4710419476032257,0.0
377,TimeMixer,0.4648140072822571,PatchTST,0.46959003806114197,0.004776030778884888,TimeMixer,0.4648140072822571,0.0
378,TimeMixer,0.46897244453430176,iTransformer,0.47050875425338745,0.0015363097190856934,TimeMixer,0.46897244453430176,0.0
379,iTransformer,0.4675288498401642,TimeMixer,0.4679323434829712,0.00040349364280700684,TimeMixer,0.4679323434829712,0.00040349364280700684
380,TimeMixer,0.4671582281589508,DLinear,0.46911197900772095,0.0019537508487701416,TimeMixer,0.4671582281589508,0.0
381,TimeMixer,0.47026753425598145,DLinear,0.47752639651298523,0.007258862257003784,TimeMixer,0.47026753425598145,0.0
382,TimeMixer,0.501510739326477,PatchTST,0.5138164758682251,0.012305736541748047,TimeMixer,0.501510739326477,0.0
383,PatchTST,0.4920714199542999,TimeMixer,0.49600133299827576,0.00392991304397583,TimeMixer,0.49600133299827576,0.00392991304397583
384,iTransformer,0.4935320019721985,PatchTST,0.5027945637702942,0.009262561798095703,TimeMixer,0.5097635388374329,0.016231536865234375
385,PatchTST,0.5030867457389832,TimeMixer,0.5040014386177063,0.0009146928787231445,TimeMixer,0.5040014386177063,0.0009146928787231445
386,TimeMixer,0.4993348717689514,iTransformer,0.5063115358352661,0.006976664066314697,TimeMixer,0.4993348717689514,0.0
387,TimeMixer,0.4909861981868744,PatchTST,0.5033635497093201,0.012377351522445679,TimeMixer,0.4909861981868744,0.0
388,DLinear,0.5020483732223511,TimeMixer,0.5057093501091003,0.0036609768867492676,TimeMixer,0.5057093501091003,0.0036609768867492676
389,DLinear,0.49718648195266724,iTransformer,0.5038018226623535,0.006615340709686279,TimeMixer,0.5049228668212891,0.007736384868621826
390,DLinear,0.5027415752410889,TimeMixer,0.5057063102722168,0.0029647350311279297,TimeMixer,0.5057063102722168,0.0029647350311279297
391,TimeMixer,0.48771777749061584,PatchTST,0.5026636123657227,0.014945834875106812,TimeMixer,0.48771777749061584,0.0
392,TimeMixer,0.48196539282798767,DLinear,0.4922175109386444,0.010252118110656738,TimeMixer,0.48196539282798767,0.0
393,TimeMixer,0.49394962191581726,DLinear,0.49634960293769836,0.0023999810218811035,TimeMixer,0.49394962191581726,0.0
394,TimeMixer,0.4950939416885376,DLinear,0.49800363183021545,0.0029096901416778564,TimeMixer,0.4950939416885376,0.0
395,DLinear,0.49960118532180786,PatchTST,0.5027632713317871,0.003162086009979248,TimeMixer,0.5036305785179138,0.004029393196105957
396,TimeMixer,0.4986000955104828,DLinear,0.5003960728645325,0.0017959773540496826,TimeMixer,0.4986000955104828,0.0
397,TimeMixer,0.4889136850833893,DLinear,0.500806450843811,0.011892765760421753,TimeMixer,0.4889136850833893,0.0
398,TimeMixer,0.48970913887023926,PatchTST,0.4984472393989563,0.008738100528717041,TimeMixer,0.48970913887023926,0.0
399,TimeMixer,0.5000110864639282,iTransformer,0.5016193985939026,0.0016083121299743652,TimeMixer,0.5000110864639282,0.0
400,TimeMixer,0.49314236640930176,PatchTST,0.5028349757194519,0.009692609310150146,TimeMixer,0.49314236640930176,0.0
401,TimeMixer,0.48974519968032837,DLinear,0.5014265179634094,0.011681318283081055,TimeMixer,0.48974519968032837,0.0
402,TimeMixer,0.49183934926986694,DLinear,0.5003649592399597,0.008525609970092773,TimeMixer,0.49183934926986694,0.0
403,TimeMixer,0.48989301919937134,DLinear,0.4951837658882141,0.0052907466888427734,TimeMixer,0.48989301919937134,0.0
404,DLinear,0.49524325132369995,TimeMixer,0.4977070093154907,0.0024637579917907715,TimeMixer,0.4977070093154907,0.0024637579917907715
405,TimeMixer,0.482998788356781,DLinear,0.5013688206672668,0.01837003231048584,TimeMixer,0.482998788356781,0.0
406,TimeMixer,0.4965234398841858,PatchTST,0.5049089193344116,0.00838547945022583,TimeMixer,0.4965234398841858,0.0
407,TimeMixer,0.4976276159286499,PatchTST,0.49986448884010315,0.002236872911453247,TimeMixer,0.4976276159286499,0.0
408,TimeMixer,0.49602237343788147,DLinear,0.5065720081329346,0.0105496346950531,TimeMixer,0.49602237343788147,0.0
409,TimeMixer,0.5006501078605652,iTransformer,0.5085642337799072,0.007914125919342041,TimeMixer,0.5006501078605652,0.0
410,PatchTST,0.5076549053192139,DLinear,0.5102320909500122,0.00257718563079834,TimeMixer,0.5139865279197693,0.00633162260055542
411,TimeMixer,0.4956127405166626,PatchTST,0.5059823393821716,0.010369598865509033,TimeMixer,0.4956127405166626,0.0
412,TimeMixer,0.5033479332923889,iTransformer,0.5091586709022522,0.005810737609863281,TimeMixer,0.5033479332923889,0.0
413,TimeMixer,0.5038108825683594,iTransformer,0.50592440366745,0.002113521099090576,TimeMixer,0.5038108825683594,0.0
414,TimeMixer,0.49553170800209045,iTransformer,0.5045972466468811,0.00906553864479065,TimeMixer,0.49553170800209045,0.0
415,TimeMixer,0.48646268248558044,iTransformer,0.48695501685142517,0.0004923343658447266,TimeMixer,0.48646268248558044,0.0
416,iTransformer,0.4576525092124939,PatchTST,0.4639502167701721,0.006297707557678223,TimeMixer,0.46857261657714844,0.010920107364654541
417,PatchTST,0.45343053340911865,TimeMixer,0.4549271762371063,0.001496642827987671,TimeMixer,0.4549271762371063,0.001496642827987671
418,PatchTST,0.4529833197593689,iTransformer,0.4590812921524048,0.006097972393035889,TimeMixer,0.4630957245826721,0.010112404823303223
419,TimeMixer,0.4537254571914673,PatchTST,0.45877987146377563,0.00505441427230835,TimeMixer,0.4537254571914673,0.0
420,TimeMixer,0.4470178484916687,PatchTST,0.44914117455482483,0.002123326063156128,TimeMixer,0.4470178484916687,0.0
421,TimeMixer,0.4477371871471405,PatchTST,0.4533962607383728,0.0056590735912323,TimeMixer,0.4477371871471405,0.0
422,PatchTST,0.45037561655044556,TimeMixer,0.4558815360069275,0.005505919456481934,TimeMixer,0.4558815360069275,0.005505919456481934
423,TimeMixer,0.45406922698020935,iTransformer,0.4578770101070404,0.0038077831268310547,TimeMixer,0.45406922698020935,0.0
424,TimeMixer,0.4518694281578064,PatchTST,0.459582656621933,0.007713228464126587,TimeMixer,0.4518694281578064,0.0
425,TimeMixer,0.45407912135124207,PatchTST,0.4567188620567322,0.0026397407054901123,TimeMixer,0.45407912135124207,0.0
426,TimeMixer,0.4565609097480774,PatchTST,0.4568077325820923,0.0002468228340148926,TimeMixer,0.4565609097480774,0.0
427,iTransformer,0.4543023705482483,TimeMixer,0.4548710882663727,0.0005687177181243896,TimeMixer,0.4548710882663727,0.0005687177181243896
428,TimeMixer,0.45173555612564087,iTransformer,0.45527195930480957,0.003536403179168701,TimeMixer,0.45173555612564087,0.0
429,TimeMixer,0.45138731598854065,PatchTST,0.4547918438911438,0.0034045279026031494,TimeMixer,0.45138731598854065,0.0
430,TimeMixer,0.44650712609291077,PatchTST,0.44937044382095337,0.0028633177280426025,TimeMixer,0.44650712609291077,0.0
431,TimeMixer,0.4396337866783142,PatchTST,0.4432602822780609,0.003626495599746704,TimeMixer,0.4396337866783142,0.0
432,PatchTST,0.4290440082550049,iTransformer,0.43269866704940796,0.003654658794403076,TimeMixer,0.4341036081314087,0.005059599876403809
433,TimeMixer,0.4278870224952698,PatchTST,0.43012964725494385,0.0022426247596740723,TimeMixer,0.4278870224952698,0.0
434,TimeMixer,0.427739679813385,PatchTST,0.43092676997184753,0.0031870901584625244,TimeMixer,0.427739679813385,0.0
435,TimeMixer,0.4223383069038391,PatchTST,0.42411768436431885,0.0017793774604797363,TimeMixer,0.4223383069038391,0.0
436,PatchTST,0.42640504240989685,TimeMixer,0.43097978830337524,0.0045747458934783936,TimeMixer,0.43097978830337524,0.0045747458934783936
437,TimeMixer,0.42421776056289673,iTransformer,0.42878061532974243,0.004562854766845703,TimeMixer,0.42421776056289673,0.0
438,TimeMixer,0.4207577407360077,iTransformer,0.4326901137828827,0.011932373046875,TimeMixer,0.4207577407360077,0.0
439,TimeMixer,0.42055121064186096,iTransformer,0.42992401123046875,0.009372800588607788,TimeMixer,0.42055121064186096,0.0
440,TimeMixer,0.4197806417942047,PatchTST,0.426225483417511,0.006444841623306274,TimeMixer,0.4197806417942047,0.0
441,TimeMixer,0.4231336712837219,iTransformer,0.4248604476451874,0.001726776361465454,TimeMixer,0.4231336712837219,0.0
442,TimeMixer,0.42617928981781006,iTransformer,0.4337254464626312,0.007546156644821167,TimeMixer,0.42617928981781006,0.0
443,TimeMixer,0.4262860119342804,iTransformer,0.43012991547584534,0.0038439035415649414,TimeMixer,0.4262860119342804,0.0
444,TimeMixer,0.4298607409000397,iTransformer,0.4347570538520813,0.004896312952041626,TimeMixer,0.4298607409000397,0.0
445,PatchTST,0.4251593053340912,TimeMixer,0.42851701378822327,0.00335770845413208,TimeMixer,0.42851701378822327,0.00335770845413208
446,TimeMixer,0.40858396887779236,iTransformer,0.41469401121139526,0.006110042333602905,TimeMixer,0.40858396887779236,0.0
447,TimeMixer,0.41346246004104614,PatchTST,0.41863495111465454,0.0051724910736083984,TimeMixer,0.41346246004104614,0.0
448,TimeMixer,0.41448739171028137,PatchTST,0.4187263250350952,0.004238933324813843,TimeMixer,0.41448739171028137,0.0
449,TimeMixer,0.4097069203853607,PatchTST,0.4127195477485657,0.003012627363204956,TimeMixer,0.4097069203853607,0.0
450,TimeMixer,0.4100695252418518,PatchTST,0.41623425483703613,0.006164729595184326,TimeMixer,0.4100695252418518,0.0
451,TimeMixer,0.41965651512145996,PatchTST,0.4207482933998108,0.00109177827835083,TimeMixer,0.41965651512145996,0.0
452,TimeMixer,0.4101417064666748,iTransformer,0.41481781005859375,0.004676103591918945,TimeMixer,0.4101417064666748,0.0
453,iTransformer,0.4135936498641968,TimeMixer,0.4151384234428406,0.0015447735786437988,TimeMixer,0.4151384234428406,0.0015447735786437988
454,TimeMixer,0.41252562403678894,PatchTST,0.4162927269935608,0.0037671029567718506,TimeMixer,0.41252562403678894,0.0
455,PatchTST,0.4120173752307892,TimeMixer,0.4173946976661682,0.005377322435379028,TimeMixer,0.4173946976661682,0.005377322435379028
456,iTransformer,0.4144955277442932,PatchTST,0.41779768466949463,0.003302156925201416,TimeMixer,0.4179562032222748,0.0034606754779815674
457,TimeMixer,0.41461291909217834,iTransformer,0.4212145209312439,0.006601601839065552,TimeMixer,0.41461291909217834,0.0
458,TimeMixer,0.4190507233142853,PatchTST,0.4221995770931244,0.0031488537788391113,TimeMixer,0.4190507233142853,0.0
459,PatchTST,0.40748506784439087,TimeMixer,0.41465649008750916,0.007171422243118286,TimeMixer,0.41465649008750916,0.007171422243118286
460,TimeMixer,0.41542744636535645,PatchTST,0.41720470786094666,0.00177726149559021,TimeMixer,0.41542744636535645,0.0
461,PatchTST,0.41547447443008423,TimeMixer,0.4163660407066345,0.000891566276550293,TimeMixer,0.4163660407066345,0.000891566276550293
462,TimeMixer,0.40976783633232117,iTransformer,0.412916898727417,0.003149062395095825,TimeMixer,0.40976783633232117,0.0
463,PatchTST,0.4109567105770111,iTransformer,0.41325467824935913,0.0022979676723480225,TimeMixer,0.4147148132324219,0.0037581026554107666
464,TimeMixer,0.4419810473918915,iTransformer,0.44244757294654846,0.0004665255546569824,TimeMixer,0.4419810473918915,0.0
465,TimeMixer,0.4444258213043213,iTransformer,0.45032745599746704,0.005901634693145752,TimeMixer,0.4444258213043213,0.0
466,TimeMixer,0.4440828561782837,PatchTST,0.45065879821777344,0.006575942039489746,TimeMixer,0.4440828561782837,0.0
467,iTransformer,0.44578006863594055,TimeMixer,0.4475519061088562,0.0017718374729156494,TimeMixer,0.4475519061088562,0.0017718374729156494
468,TimeMixer,0.4416489005088806,iTransformer,0.4471200406551361,0.005471140146255493,TimeMixer,0.4416489005088806,0.0
469,TimeMixer,0.44688183069229126,PatchTST,0.4506070613861084,0.0037252306938171387,TimeMixer,0.44688183069229126,0.0
470,TimeMixer,0.44773954153060913,PatchTST,0.4488190710544586,0.0010795295238494873,TimeMixer,0.44773954153060913,0.0
471,TimeMixer,0.45084744691848755,PatchTST,0.4516390860080719,0.0007916390895843506,TimeMixer,0.45084744691848755,0.0
472,TimeMixer,0.4511917233467102,iTransformer,0.4522053301334381,0.0010136067867279053,TimeMixer,0.4511917233467102,0.0
473,iTransformer,0.4508589208126068,TimeMixer,0.45450088381767273,0.003641963005065918,TimeMixer,0.45450088381767273,0.003641963005065918
474,iTransformer,0.4625595211982727,PatchTST,0.4662071466445923,0.00364762544631958,TimeMixer,0.46644338965415955,0.003883868455886841
475,PatchTST,0.47585123777389526,iTransformer,0.47770172357559204,0.0018504858016967773,TimeMixer,0.47946688532829285,0.003615647554397583
476,PatchTST,0.47752586007118225,TimeMixer,0.47786903381347656,0.0003431737422943115,TimeMixer,0.47786903381347656,0.0003431737422943115
477,PatchTST,0.4779091775417328,iTransformer,0.47848954796791077,0.0005803704261779785,TimeMixer,0.479800820350647,0.0018916428089141846
478,TimeMixer,0.4737528860569,iTransformer,0.47945067286491394,0.005697786808013916,TimeMixer,0.4737528860569,0.0
479,TimeMixer,0.4813063442707062,PatchTST,0.48288893699645996,0.0015825927257537842,TimeMixer,0.4813063442707062,0.0
480,TimeMixer,0.42739948630332947,iTransformer,0.44441649317741394,0.017017006874084473,TimeMixer,0.42739948630332947,0.0
481,TimeMixer,0.43672361969947815,iTransformer,0.4442768096923828,0.007553189992904663,TimeMixer,0.43672361969947815,0.0
482,TimeMixer,0.43255138397216797,DLinear,0.4438594579696655,0.011308073997497559,TimeMixer,0.43255138397216797,0.0
483,TimeMixer,0.4351096451282501,PatchTST,0.4409690201282501,0.005859375,TimeMixer,0.4351096451282501,0.0
484,TimeMixer,0.4320485591888428,DLinear,0.4412810802459717,0.009232521057128906,TimeMixer,0.4320485591888428,0.0
485,TimeMixer,0.43277567625045776,DLinear,0.43707501888275146,0.004299342632293701,TimeMixer,0.43277567625045776,0.0
486,TimeMixer,0.4303824007511139,DLinear,0.44376590847969055,0.01338350772857666,TimeMixer,0.4303824007511139,0.0
487,PatchTST,0.4350278973579407,TimeMixer,0.4356953799724579,0.0006674826145172119,TimeMixer,0.4356953799724579,0.0006674826145172119
488,TimeMixer,0.42697975039482117,iTransformer,0.43890997767448425,0.011930227279663086,TimeMixer,0.42697975039482117,0.0
489,TimeMixer,0.42497625946998596,PatchTST,0.438462495803833,0.013486236333847046,TimeMixer,0.42497625946998596,0.0
490,TimeMixer,0.4305230975151062,iTransformer,0.4398757517337799,0.009352654218673706,TimeMixer,0.4305230975151062,0.0
491,TimeMixer,0.42675501108169556,iTransformer,0.4374692142009735,0.010714203119277954,TimeMixer,0.42675501108169556,0.0
492,TimeMixer,0.42407476902008057,iTransformer,0.43818992376327515,0.01411515474319458,TimeMixer,0.42407476902008057,0.0
493,TimeMixer,0.42195191979408264,PatchTST,0.43683043122291565,0.014878511428833008,TimeMixer,0.42195191979408264,0.0
494,TimeMixer,0.42224442958831787,iTransformer,0.43429702520370483,0.012052595615386963,TimeMixer,0.42224442958831787,0.0
495,TimeMixer,0.42868590354919434,PatchTST,0.43159204721450806,0.0029061436653137207,TimeMixer,0.42868590354919434,0.0
496,TimeMixer,0.4211636185646057,iTransformer,0.43911024928092957,0.017946630716323853,TimeMixer,0.4211636185646057,0.0
497,TimeMixer,0.42546534538269043,PatchTST,0.4343714118003845,0.008906066417694092,TimeMixer,0.42546534538269043,0.0
498,TimeMixer,0.4271891415119171,PatchTST,0.43365779519081116,0.006468653678894043,TimeMixer,0.4271891415119171,0.0
499,TimeMixer,0.46363481879234314,PatchTST,0.46949151158332825,0.005856692790985107,TimeMixer,0.46363481879234314,0.0
500,TimeMixer,0.466488242149353,DLinear,0.4734418988227844,0.0069536566734313965,TimeMixer,0.466488242149353,0.0
501,TimeMixer,0.45237642526626587,iTransformer,0.4681366980075836,0.01576027274131775,TimeMixer,0.45237642526626587,0.0
502,TimeMixer,0.4485524594783783,iTransformer,0.4496454894542694,0.0010930299758911133,TimeMixer,0.4485524594783783,0.0
503,TimeMixer,0.44776779413223267,PatchTST,0.4531387984752655,0.005371004343032837,TimeMixer,0.44776779413223267,0.0
504,TimeMixer,0.4481627941131592,iTransformer,0.4577080309391022,0.009545236825942993,TimeMixer,0.4481627941131592,0.0
505,PatchTST,0.4283693730831146,TimeMixer,0.4365040957927704,0.008134722709655762,TimeMixer,0.4365040957927704,0.008134722709655762
506,PatchTST,0.4234846234321594,iTransformer,0.4264165461063385,0.002931922674179077,TimeMixer,0.43035566806793213,0.006871044635772705
507,iTransformer,0.4239809513092041,PatchTST,0.42589908838272095,0.0019181370735168457,TimeMixer,0.4316883981227875,0.007707446813583374
508,iTransformer,0.4199637472629547,TimeMixer,0.4224657416343689,0.0025019943714141846,TimeMixer,0.4224657416343689,0.0025019943714141846
509,iTransformer,0.4368497431278229,TimeMixer,0.4403829574584961,0.0035332143306732178,TimeMixer,0.4403829574584961,0.0035332143306732178
510,PatchTST,0.46286728978157043,TimeMixer,0.46592962741851807,0.003062337636947632,TimeMixer,0.46592962741851807,0.003062337636947632
511,PatchTST,0.4676116704940796,iTransformer,0.47251346707344055,0.004901796579360962,TimeMixer,0.4757421612739563,0.008130490779876709
512,iTransformer,0.4720708727836609,TimeMixer,0.47288423776626587,0.0008133649826049805,TimeMixer,0.47288423776626587,0.0008133649826049805
513,TimeMixer,0.4662453830242157,iTransformer,0.46650850772857666,0.0002631247043609619,TimeMixer,0.4662453830242157,0.0
514,PatchTST,0.4722229540348053,iTransformer,0.4765888452529907,0.004365891218185425,TimeMixer,0.483323872089386,0.011100918054580688
515,iTransformer,0.4727568030357361,PatchTST,0.473205029964447,0.0004482269287109375,TimeMixer,0.4770244359970093,0.004267632961273193
516,PatchTST,0.47391563653945923,TimeMixer,0.4773520827293396,0.003436446189880371,TimeMixer,0.4773520827293396,0.003436446189880371
517,iTransformer,0.47467169165611267,TimeMixer,0.47583624720573425,0.001164555549621582,TimeMixer,0.47583624720573425,0.001164555549621582
518,PatchTST,0.4737997055053711,iTransformer,0.4769582152366638,0.0031585097312927246,TimeMixer,0.4770209789276123,0.003221273422241211
519,PatchTST,0.4690280258655548,iTransformer,0.47091156244277954,0.0018835365772247314,TimeMixer,0.4776829183101654,0.008654892444610596
520,iTransformer,0.47427213191986084,TimeMixer,0.47470784187316895,0.00043570995330810547,TimeMixer,0.47470784187316895,0.00043570995330810547
521,PatchTST,0.46443530917167664,TimeMixer,0.47607511281967163,0.011639803647994995,TimeMixer,0.47607511281967163,0.011639803647994995
522,PatchTST,0.48095589876174927,TimeMixer,0.481909841299057,0.0009539425373077393,TimeMixer,0.481909841299057,0.0009539425373077393
523,PatchTST,0.48295122385025024,TimeMixer,0.48411038517951965,0.0011591613292694092,TimeMixer,0.48411038517951965,0.0011591613292694092
524,PatchTST,0.4821054935455322,iTransformer,0.4837038516998291,0.001598358154296875,TimeMixer,0.4918878674507141,0.009782373905181885
525,iTransformer,0.4868975281715393,TimeMixer,0.48794296383857727,0.0010454356670379639,TimeMixer,0.48794296383857727,0.0010454356670379639
526,TimeMixer,0.48003238439559937,PatchTST,0.4822627007961273,0.002230316400527954,TimeMixer,0.48003238439559937,0.0
527,PatchTST,0.4831349849700928,iTransformer,0.4844442903995514,0.0013093054294586182,TimeMixer,0.4845738112926483,0.001438826322555542
528,PatchTST,0.44989752769470215,TimeMixer,0.45351091027259827,0.003613382577896118,TimeMixer,0.45351091027259827,0.003613382577896118
529,iTransformer,0.4406326711177826,PatchTST,0.44485536217689514,0.004222691059112549,TimeMixer,0.4516611099243164,0.011028438806533813
530,PatchTST,0.45161670446395874,DLinear,0.45595812797546387,0.004341423511505127,TimeMixer,0.4640119969844818,0.012395292520523071
531,PatchTST,0.44515368342399597,iTransformer,0.4501533508300781,0.004999667406082153,TimeMixer,0.452521413564682,0.007367730140686035
532,PatchTST,0.44315025210380554,iTransformer,0.44726642966270447,0.004116177558898926,TimeMixer,0.4480643570423126,0.00491410493850708
533,TimeMixer,0.44478103518486023,PatchTST,0.4458414614200592,0.0010604262351989746,TimeMixer,0.44478103518486023,0.0
534,PatchTST,0.44162023067474365,TimeMixer,0.4454689919948578,0.0038487613201141357,TimeMixer,0.4454689919948578,0.0038487613201141357
535,PatchTST,0.44067972898483276,DLinear,0.44624799489974976,0.005568265914916992,TimeMixer,0.44946661591529846,0.008786886930465698
536,iTransformer,0.4440268576145172,PatchTST,0.4443240761756897,0.00029721856117248535,TimeMixer,0.4657961428165436,0.021769285202026367
537,PatchTST,0.43984222412109375,DLinear,0.44621968269348145,0.006377458572387695,TimeMixer,0.4474712610244751,0.007629036903381348
538,iTransformer,0.43660035729408264,PatchTST,0.440763384103775,0.004163026809692383,TimeMixer,0.44756585359573364,0.010965496301651001
539,PatchTST,0.4298924505710602,iTransformer,0.44125524163246155,0.011362791061401367,TimeMixer,0.44352322816848755,0.013630777597427368
540,iTransformer,0.4399593472480774,DLinear,0.4453999698162079,0.005440622568130493,TimeMixer,0.4502005875110626,0.01024124026298523
541,PatchTST,0.4375925064086914,TimeMixer,0.44042423367500305,0.0028317272663116455,TimeMixer,0.44042423367500305,0.0028317272663116455
542,TimeMixer,0.44069549441337585,PatchTST,0.4448353350162506,0.004139840602874756,TimeMixer,0.44069549441337585,0.0
543,iTransformer,0.4400884211063385,PatchTST,0.44356676936149597,0.0034783482551574707,TimeMixer,0.4474281668663025,0.007339745759963989
544,PatchTST,0.4376964569091797,iTransformer,0.4422719478607178,0.004575490951538086,TimeMixer,0.45910659432411194,0.02141013741493225
545,iTransformer,0.43988531827926636,PatchTST,0.44242095947265625,0.0025356411933898926,TimeMixer,0.44853177666664124,0.008646458387374878
546,PatchTST,0.44238534569740295,iTransformer,0.4434281885623932,0.0010428428649902344,TimeMixer,0.4466041326522827,0.004218786954879761
547,PatchTST,0.44236016273498535,iTransformer,0.442429780960083,6.961822509765625e-05,TimeMixer,0.4446205496788025,0.0022603869438171387
548,TimeMixer,0.43427538871765137,PatchTST,0.44094139337539673,0.006666004657745361,TimeMixer,0.43427538871765137,0.0
549,PatchTST,0.43894949555397034,iTransformer,0.4410755932331085,0.0021260976791381836,TimeMixer,0.44283634424209595,0.0038868486881256104
550,PatchTST,0.39706429839134216,DLinear,0.4066416919231415,0.009577393531799316,TimeMixer,0.40812137722969055,0.011057078838348389
551,PatchTST,0.40165600180625916,iTransformer,0.40559515357017517,0.003939151763916016,TimeMixer,0.41463208198547363,0.012976080179214478
552,iTransformer,0.39349037408828735,PatchTST,0.39526382088661194,0.001773446798324585,TimeMixer,0.4050018787384033,0.011511504650115967
553,iTransformer,0.4047987461090088,PatchTST,0.4050939679145813,0.00029522180557250977,TimeMixer,0.4101240932941437,0.005325347185134888
554,PatchTST,0.39477983117103577,iTransformer,0.3955172896385193,0.0007374584674835205,TimeMixer,0.4058305621147156,0.01105073094367981
555,PatchTST,0.3866930902004242,iTransformer,0.3999656140804291,0.013272523880004883,TimeMixer,0.41552242636680603,0.028829336166381836
556,iTransformer,0.39663583040237427,TimeMixer,0.3987279236316681,0.0020920932292938232,TimeMixer,0.3987279236316681,0.0020920932292938232
557,iTransformer,0.3967849612236023,PatchTST,0.3982560336589813,0.0014710724353790283,TimeMixer,0.4053027629852295,0.008517801761627197
558,PatchTST,0.399990975856781,DLinear,0.40428727865219116,0.004296302795410156,TimeMixer,0.40846362709999084,0.008472651243209839
559,PatchTST,0.39691898226737976,iTransformer,0.3985103368759155,0.0015913546085357666,TimeMixer,0.4046790599822998,0.007760077714920044
560,iTransformer,0.40178290009498596,PatchTST,0.40229398012161255,0.0005110800266265869,TimeMixer,0.41173821687698364,0.00995531678199768
561,PatchTST,0.3973216116428375,DLinear,0.400621235370636,0.003299623727798462,TimeMixer,0.40581974387168884,0.008498132228851318
562,iTransformer,0.39874517917633057,PatchTST,0.40090882778167725,0.0021636486053466797,TimeMixer,0.4119178354740143,0.013172656297683716
563,PatchTST,0.3986798822879791,iTransformer,0.40507179498672485,0.0063919126987457275,TimeMixer,0.4138214886188507,0.015141606330871582
564,iTransformer,0.4072728753089905,PatchTST,0.4100138247013092,0.0027409493923187256,TimeMixer,0.4143679440021515,0.007095068693161011
565,PatchTST,0.40693482756614685,iTransformer,0.40794461965560913,0.0010097920894622803,TimeMixer,0.4223023056983948,0.015367478132247925
566,PatchTST,0.40369123220443726,iTransformer,0.40624913573265076,0.002557903528213501,TimeMixer,0.4106766879558563,0.006985455751419067
567,iTransformer,0.40230223536491394,PatchTST,0.40236106514930725,5.882978439331055e-05,TimeMixer,0.4167202115058899,0.014417976140975952
568,PatchTST,0.4063014090061188,iTransformer,0.4091237485408783,0.0028223395347595215,TimeMixer,0.4111642837524414,0.004862874746322632
569,PatchTST,0.4102332293987274,TimeMixer,0.41325750946998596,0.003024280071258545,TimeMixer,0.41325750946998596,0.003024280071258545
570,PatchTST,0.4084227979183197,DLinear,0.4107232689857483,0.002300471067428589,TimeMixer,0.41743436455726624,0.009011566638946533
571,PatchTST,0.41404715180397034,iTransformer,0.4211534857749939,0.00710633397102356,TimeMixer,0.42155301570892334,0.007505863904953003
572,PatchTST,0.41281986236572266,iTransformer,0.4139787554740906,0.00115889310836792,TimeMixer,0.41875919699668884,0.0059393346309661865
573,PatchTST,0.41187822818756104,DLinear,0.4182429611682892,0.006364732980728149,TimeMixer,0.41985830664634705,0.00798007845878601
574,PatchTST,0.4049038589000702,DLinear,0.4166887402534485,0.011784881353378296,TimeMixer,0.41790300607681274,0.012999147176742554
575,PatchTST,0.4048660397529602,iTransformer,0.4102865755558014,0.0054205358028411865,TimeMixer,0.4281739592552185,0.0233079195022583
576,DLinear,0.408882737159729,iTransformer,0.410736083984375,0.001853346824645996,TimeMixer,0.41077694296836853,0.0018942058086395264
577,DLinear,0.398937851190567,iTransformer,0.41135546565055847,0.012417614459991455,TimeMixer,0.41759076714515686,0.018652915954589844
578,DLinear,0.4023200571537018,PatchTST,0.408586323261261,0.006266266107559204,TimeMixer,0.42439261078834534,0.022072553634643555
579,DLinear,0.3962128162384033,TimeMixer,0.4107270836830139,0.014514267444610596,TimeMixer,0.4107270836830139,0.014514267444610596
580,DLinear,0.39810389280319214,TimeMixer,0.4005098342895508,0.0024059414863586426,TimeMixer,0.4005098342895508,0.0024059414863586426
581,DLinear,0.39761272072792053,PatchTST,0.4077070355415344,0.010094314813613892,TimeMixer,0.4122162461280823,0.014603525400161743
582,DLinear,0.39308401942253113,iTransformer,0.3993392288684845,0.006255209445953369,TimeMixer,0.3997372090816498,0.006653189659118652
583,iTransformer,0.38744616508483887,DLinear,0.38907286524772644,0.0016267001628875732,TimeMixer,0.3923218250274658,0.004875659942626953
584,DLinear,0.3880401849746704,PatchTST,0.3970640301704407,0.009023845195770264,TimeMixer,0.3971979022026062,0.009157717227935791
585,DLinear,0.3871554434299469,PatchTST,0.3925663232803345,0.005410879850387573,TimeMixer,0.39584100246429443,0.008685559034347534
586,DLinear,0.3886317312717438,PatchTST,0.3926132321357727,0.003981500864028931,TimeMixer,0.39804425835609436,0.009412527084350586
587,iTransformer,0.3715782165527344,DLinear,0.37350836396217346,0.001930147409439087,TimeMixer,0.3842746615409851,0.012696444988250732
588,DLinear,0.3748747408390045,iTransformer,0.38067105412483215,0.005796313285827637,TimeMixer,0.38317281007766724,0.00829806923866272
589,DLinear,0.38226741552352905,PatchTST,0.38349291682243347,0.001225501298904419,TimeMixer,0.38752859830856323,0.00526118278503418
590,DLinear,0.38630998134613037,PatchTST,0.38993602991104126,0.0036260485649108887,TimeMixer,0.39243513345718384,0.006125152111053467
591,iTransformer,0.3969491422176361,DLinear,0.3973148763179779,0.0003657341003417969,TimeMixer,0.40234532952308655,0.0053961873054504395
592,DLinear,0.3952818512916565,TimeMixer,0.3996409773826599,0.004359126091003418,TimeMixer,0.3996409773826599,0.004359126091003418
593,iTransformer,0.39552560448646545,TimeMixer,0.395790159702301,0.0002645552158355713,TimeMixer,0.395790159702301,0.0002645552158355713
594,iTransformer,0.42537569999694824,DLinear,0.42671114206314087,0.001335442066192627,TimeMixer,0.42902666330337524,0.003650963306427002
595,DLinear,0.4273653030395508,iTransformer,0.42977964878082275,0.0024143457412719727,TimeMixer,0.43117082118988037,0.00380551815032959
596,iTransformer,0.4280927777290344,PatchTST,0.4282631278038025,0.0001703500747680664,TimeMixer,0.4284457266330719,0.0003529489040374756
597,PatchTST,0.4252586364746094,DLinear,0.4278040826320648,0.0025454461574554443,TimeMixer,0.43018028140068054,0.004921644926071167
598,iTransformer,0.42933714389801025,TimeMixer,0.43073680996894836,0.0013996660709381104,TimeMixer,0.43073680996894836,0.0013996660709381104
599,DLinear,0.4270740747451782,PatchTST,0.42838940024375916,0.0013153254985809326,TimeMixer,0.4310130178928375,0.003938943147659302
600,PatchTST,0.4248117208480835,iTransformer,0.4287523627281189,0.0039406418800354,TimeMixer,0.4379555284976959,0.013143807649612427
601,iTransformer,0.41810494661331177,PatchTST,0.4311443865299225,0.013039439916610718,TimeMixer,0.43982282280921936,0.021717876195907593
602,iTransformer,0.42678746581077576,DLinear,0.4274322986602783,0.0006448328495025635,TimeMixer,0.43343961238861084,0.006652146577835083
603,TimeMixer,0.43011829257011414,iTransformer,0.43533560633659363,0.005217313766479492,TimeMixer,0.43011829257011414,0.0
604,TimeMixer,0.424814909696579,iTransformer,0.42923370003700256,0.004418790340423584,TimeMixer,0.424814909696579,0.0
605,PatchTST,0.4261152148246765,TimeMixer,0.42620131373405457,8.609890937805176e-05,TimeMixer,0.42620131373405457,8.609890937805176e-05
606,DLinear,0.442994624376297,TimeMixer,0.44389423727989197,0.0008996129035949707,TimeMixer,0.44389423727989197,0.0008996129035949707
607,DLinear,0.4506264626979828,PatchTST,0.45370736718177795,0.003080904483795166,TimeMixer,0.4543471932411194,0.0037207305431365967
608,DLinear,0.44688260555267334,iTransformer,0.448287695646286,0.001405090093612671,TimeMixer,0.4496864974498749,0.002803891897201538
609,DLinear,0.4510379433631897,PatchTST,0.45238757133483887,0.00134962797164917,TimeMixer,0.4566078186035156,0.005569875240325928
610,DLinear,0.45161834359169006,TimeMixer,0.4556712210178375,0.004052877426147461,TimeMixer,0.4556712210178375,0.004052877426147461
611,iTransformer,0.45573052763938904,PatchTST,0.45652374625205994,0.0007932186126708984,TimeMixer,0.4571838974952698,0.0014533698558807373
612,PatchTST,0.44732555747032166,iTransformer,0.4519398510456085,0.004614293575286865,TimeMixer,0.45335447788238525,0.006028920412063599
613,iTransformer,0.45388829708099365,DLinear,0.45711708068847656,0.00322878360748291,TimeMixer,0.46244341135025024,0.008555114269256592
614,DLinear,0.4523276388645172,PatchTST,0.4547819495201111,0.002454310655593872,TimeMixer,0.46379342675209045,0.011465787887573242
615,DLinear,0.4540253281593323,PatchTST,0.45602262020111084,0.0019972920417785645,TimeMixer,0.4636332094669342,0.009607881307601929
616,DLinear,0.4558447301387787,PatchTST,0.45698365569114685,0.001138925552368164,TimeMixer,0.46647706627845764,0.010632336139678955
617,DLinear,0.4542890787124634,PatchTST,0.4590910077095032,0.004801928997039795,TimeMixer,0.4606740176677704,0.006384938955307007
618,DLinear,0.4573245644569397,TimeMixer,0.4615291357040405,0.00420457124710083,TimeMixer,0.4615291357040405,0.00420457124710083
619,iTransformer,0.4498928487300873,PatchTST,0.4556191861629486,0.005726337432861328,TimeMixer,0.4640447497367859,0.014151901006698608
620,PatchTST,0.4900054931640625,DLinear,0.4910886287689209,0.0010831356048583984,TimeMixer,0.5015740394592285,0.011568546295166016
621,iTransformer,0.49443429708480835,DLinear,0.49619612097740173,0.0017618238925933838,TimeMixer,0.5037481188774109,0.009313821792602539
622,iTransformer,0.4911311864852905,DLinear,0.49408748745918274,0.002956300973892212,TimeMixer,0.5125998258590698,0.021468639373779297
623,PatchTST,0.4906550943851471,DLinear,0.49076807498931885,0.00011298060417175293,TimeMixer,0.5105700492858887,0.019914954900741577
624,DLinear,0.48928210139274597,iTransformer,0.4919627606868744,0.002680659294128418,TimeMixer,0.5006405711174011,0.011358469724655151
625,iTransformer,0.48752132058143616,DLinear,0.4942532479763031,0.006731927394866943,TimeMixer,0.5056589841842651,0.01813766360282898
626,DLinear,0.4834825098514557,PatchTST,0.49333450198173523,0.009851992130279541,TimeMixer,0.49574992060661316,0.01226741075515747
627,DLinear,0.4911147654056549,PatchTST,0.4960096776485443,0.004894912242889404,TimeMixer,0.5031876564025879,0.012072890996932983
628,DLinear,0.48935145139694214,iTransformer,0.49179378151893616,0.0024423301219940186,TimeMixer,0.49862781167030334,0.009276360273361206
629,DLinear,0.4883686304092407,iTransformer,0.4903245270252228,0.0019558966159820557,TimeMixer,0.49266859889030457,0.004299968481063843
630,DLinear,0.4842122495174408,PatchTST,0.49172720313072205,0.00751495361328125,TimeMixer,0.4985694885253906,0.014357239007949829
631,DLinear,0.49516788125038147,PatchTST,0.4980594217777252,0.00289154052734375,TimeMixer,0.5023314952850342,0.00716361403465271
632,iTransformer,0.4626624584197998,DLinear,0.4660630524158478,0.0034005939960479736,TimeMixer,0.4765007495880127,0.01383829116821289
633,DLinear,0.45461925864219666,iTransformer,0.46154457330703735,0.006925314664840698,TimeMixer,0.46786272525787354,0.01324346661567688
634,DLinear,0.45559391379356384,PatchTST,0.46078723669052124,0.0051933228969573975,TimeMixer,0.4759291708469391,0.020335257053375244
635,DLinear,0.4540928304195404,PatchTST,0.460232675075531,0.006139844655990601,TimeMixer,0.4603777825832367,0.006284952163696289
636,DLinear,0.45881009101867676,iTransformer,0.4615822434425354,0.0027721524238586426,TimeMixer,0.4737134575843811,0.014903366565704346
637,DLinear,0.45244652032852173,TimeMixer,0.46645745635032654,0.01401093602180481,TimeMixer,0.46645745635032654,0.01401093602180481
638,DLinear,0.4551019072532654,PatchTST,0.45895621180534363,0.003854304552078247,TimeMixer,0.4661206603050232,0.011018753051757812
639,DLinear,0.45305562019348145,iTransformer,0.4593677520751953,0.006312131881713867,TimeMixer,0.4628393054008484,0.009783685207366943
640,DLinear,0.45249611139297485,PatchTST,0.4615514874458313,0.009055376052856445,TimeMixer,0.4700734615325928,0.01757735013961792
641,DLinear,0.4515964984893799,iTransformer,0.46294766664505005,0.011351168155670166,TimeMixer,0.4658726751804352,0.014276176691055298
642,DLinear,0.4474314749240875,PatchTST,0.45840081572532654,0.010969340801239014,TimeMixer,0.47108009457588196,0.023648619651794434
643,DLinear,0.4469562768936157,TimeMixer,0.4492863118648529,0.0023300349712371826,TimeMixer,0.4492863118648529,0.0023300349712371826
644,DLinear,0.4353739321231842,PatchTST,0.44668707251548767,0.011313140392303467,TimeMixer,0.4589918255805969,0.02361789345741272
645,DLinear,0.4476924538612366,iTransformer,0.4490561783313751,0.0013637244701385498,TimeMixer,0.45665785670280457,0.008965402841567993
646,DLinear,0.44346708059310913,PatchTST,0.45644211769104004,0.012975037097930908,TimeMixer,0.4667647182941437,0.023297637701034546
647,DLinear,0.44665753841400146,PatchTST,0.45562490820884705,0.008967369794845581,TimeMixer,0.4673473834991455,0.020689845085144043
648,DLinear,0.4525241255760193,PatchTST,0.45788073539733887,0.00535660982131958,TimeMixer,0.4697829782962799,0.01725885272026062
649,DLinear,0.45288920402526855,PatchTST,0.46173858642578125,0.008849382400512695,TimeMixer,0.4661615788936615,0.013272374868392944
650,DLinear,0.4502255618572235,PatchTST,0.4568534195423126,0.006627857685089111,TimeMixer,0.4680074155330658,0.017781853675842285
651,DLinear,0.45417481660842896,iTransformer,0.45753008127212524,0.003355264663696289,TimeMixer,0.46861135959625244,0.014436542987823486
652,DLinear,0.4552219808101654,iTransformer,0.46307510137557983,0.007853120565414429,TimeMixer,0.47063013911247253,0.015408158302307129
653,DLinear,0.45505931973457336,iTransformer,0.47067883610725403,0.015619516372680664,TimeMixer,0.4814651608467102,0.02640584111213684
654,DLinear,0.46041998267173767,PatchTST,0.46748116612434387,0.007061183452606201,TimeMixer,0.4743923842906952,0.01397240161895752
655,DLinear,0.4604516625404358,iTransformer,0.4695926904678345,0.009141027927398682,TimeMixer,0.4824620187282562,0.022010356187820435
656,DLinear,0.464350163936615,iTransformer,0.4705813229084015,0.006231158971786499,TimeMixer,0.4881703555583954,0.023820191621780396
657,DLinear,0.46767061948776245,iTransformer,0.47129616141319275,0.003625541925430298,TimeMixer,0.47636649012565613,0.008695870637893677
658,DLinear,0.46904128789901733,PatchTST,0.469666063785553,0.0006247758865356445,TimeMixer,0.4853052794933319,0.016263991594314575
659,DLinear,0.46601977944374084,iTransformer,0.4730544686317444,0.00703468918800354,TimeMixer,0.4911235570907593,0.025103777647018433
660,DLinear,0.46062642335891724,iTransformer,0.4622997045516968,0.001673281192779541,TimeMixer,0.47882866859436035,0.018202245235443115
661,DLinear,0.4545464813709259,iTransformer,0.4652824401855469,0.010735958814620972,TimeMixer,0.47188395261764526,0.01733747124671936
662,DLinear,0.4564511775970459,PatchTST,0.46348652243614197,0.007035344839096069,TimeMixer,0.48189207911491394,0.025440901517868042
663,DLinear,0.4558243453502655,iTransformer,0.46751922369003296,0.011694878339767456,TimeMixer,0.47166553139686584,0.015841186046600342
664,DLinear,0.46043169498443604,PatchTST,0.46448761224746704,0.004055917263031006,TimeMixer,0.48271888494491577,0.022287189960479736
665,DLinear,0.4617483913898468,iTransformer,0.46181634068489075,6.794929504394531e-05,TimeMixer,0.48171570897102356,0.019967317581176758
666,DLinear,0.46855753660202026,iTransformer,0.47025662660598755,0.0016990900039672852,TimeMixer,0.4845781922340393,0.016020655632019043
667,PatchTST,0.4234890639781952,iTransformer,0.4264637529850006,0.00297468900680542,TimeMixer,0.43715015053749084,0.013661086559295654
668,DLinear,0.4214978516101837,iTransformer,0.42203566431999207,0.0005378127098083496,TimeMixer,0.4335929751396179,0.012095123529434204
669,iTransformer,0.41870778799057007,PatchTST,0.4234999716281891,0.0047921836376190186,TimeMixer,0.42582184076309204,0.007114052772521973
670,DLinear,0.42059463262557983,iTransformer,0.42108243703842163,0.0004878044128417969,TimeMixer,0.4353289008140564,0.014734268188476562
671,DLinear,0.4257485568523407,iTransformer,0.42695146799087524,0.001202911138534546,TimeMixer,0.43544334173202515,0.009694784879684448
672,DLinear,0.4219604730606079,PatchTST,0.42338207364082336,0.001421600580215454,TimeMixer,0.43148621916770935,0.00952574610710144
673,DLinear,0.42075929045677185,PatchTST,0.4242156445980072,0.0034563541412353516,TimeMixer,0.4246220886707306,0.0038627982139587402
674,PatchTST,0.4336586892604828,iTransformer,0.4357176721096039,0.0020589828491210938,TimeMixer,0.4436472952365875,0.009988605976104736
675,PatchTST,0.43501609563827515,DLinear,0.4362090826034546,0.0011929869651794434,TimeMixer,0.4444616734981537,0.00944557785987854
676,iTransformer,0.4306239187717438,DLinear,0.433452844619751,0.002828925848007202,TimeMixer,0.43958595395088196,0.008962035179138184
677,DLinear,0.413216769695282,iTransformer,0.41539835929870605,0.0021815896034240723,TimeMixer,0.42681530117988586,0.013598531484603882
678,PatchTST,0.3916912078857422,iTransformer,0.39607128500938416,0.004380077123641968,TimeMixer,0.4127751290798187,0.021083921194076538
679,iTransformer,0.3906579315662384,PatchTST,0.39706549048423767,0.006407558917999268,TimeMixer,0.407757043838501,0.017099112272262573
680,iTransformer,0.38701456785202026,DLinear,0.3911227583885193,0.0041081905364990234,TimeMixer,0.40008971095085144,0.013075143098831177
681,iTransformer,0.38325023651123047,PatchTST,0.38882240653038025,0.00557217001914978,TimeMixer,0.3914307653903961,0.00818052887916565
682,iTransformer,0.38133230805397034,PatchTST,0.3856233060359955,0.0042909979820251465,TimeMixer,0.3992362320423126,0.017903923988342285
683,iTransformer,0.3825443685054779,PatchTST,0.38814225792884827,0.005597889423370361,TimeMixer,0.3939835727214813,0.011439204216003418
684,DLinear,0.3913055658340454,PatchTST,0.3967953622341156,0.00548979640007019,TimeMixer,0.41091614961624146,0.019610583782196045
685,DLinear,0.392474502325058,iTransformer,0.3957154452800751,0.00324094295501709,TimeMixer,0.40139129757881165,0.008916795253753662
686,iTransformer,0.39848414063453674,PatchTST,0.40073785185813904,0.002253711223602295,TimeMixer,0.418887734413147,0.02040359377861023
687,DLinear,0.39877137541770935,iTransformer,0.40014681220054626,0.001375436782836914,TimeMixer,0.40998268127441406,0.011211305856704712
688,iTransformer,0.39318040013313293,PatchTST,0.39660173654556274,0.0034213364124298096,TimeMixer,0.4174787104129791,0.02429831027984619
689,iTransformer,0.39050543308258057,PatchTST,0.3956660330295563,0.005160599946975708,TimeMixer,0.40044111013412476,0.00993567705154419
690,PatchTST,0.38310545682907104,DLinear,0.3874702453613281,0.00436478853225708,TimeMixer,0.40010276436805725,0.016997307538986206
691,iTransformer,0.3791511654853821,DLinear,0.38591888546943665,0.006767719984054565,TimeMixer,0.40113604068756104,0.021984875202178955
692,iTransformer,0.38120999932289124,PatchTST,0.38743719458580017,0.0062271952629089355,TimeMixer,0.41068390011787415,0.02947390079498291
693,iTransformer,0.3797641098499298,PatchTST,0.3853345215320587,0.005570411682128906,TimeMixer,0.40018245577812195,0.02041834592819214
694,iTransformer,0.38815784454345703,PatchTST,0.39178556203842163,0.0036277174949645996,TimeMixer,0.4019334018230438,0.013775557279586792
695,iTransformer,0.3911992013454437,PatchTST,0.39265796542167664,0.0014587640762329102,TimeMixer,0.4031134247779846,0.011914223432540894
696,PatchTST,0.3853648006916046,iTransformer,0.3857632577419281,0.00039845705032348633,TimeMixer,0.4030768871307373,0.01771208643913269
697,iTransformer,0.391403466463089,PatchTST,0.3960782587528229,0.004674792289733887,TimeMixer,0.4115584194660187,0.020154953002929688
698,PatchTST,0.37318816781044006,iTransformer,0.3755360245704651,0.0023478567600250244,TimeMixer,0.3859648108482361,0.01277664303779602
699,iTransformer,0.3744923174381256,PatchTST,0.3775850534439087,0.003092736005783081,TimeMixer,0.3845127522945404,0.010020434856414795
700,PatchTST,0.36949285864830017,iTransformer,0.3695470094680786,5.415081977844238e-05,TimeMixer,0.3763920068740845,0.006899148225784302
701,PatchTST,0.37058937549591064,iTransformer,0.37860456109046936,0.008015185594558716,TimeMixer,0.3871060013771057,0.01651662588119507
702,iTransformer,0.36717745661735535,PatchTST,0.36908748745918274,0.0019100308418273926,TimeMixer,0.3708994686603546,0.0037220120429992676
703,iTransformer,0.35962098836898804,PatchTST,0.3737638294696808,0.014142841100692749,TimeMixer,0.3794611096382141,0.019840121269226074
704,PatchTST,0.36478039622306824,iTransformer,0.370817631483078,0.006037235260009766,TimeMixer,0.37913379073143005,0.014353394508361816
705,PatchTST,0.37141138315200806,iTransformer,0.3748485743999481,0.0034371912479400635,TimeMixer,0.3782637119293213,0.006852328777313232
706,PatchTST,0.3674274981021881,iTransformer,0.3680013418197632,0.0005738437175750732,TimeMixer,0.3833525478839874,0.015925049781799316
707,PatchTST,0.36489635705947876,iTransformer,0.3714905083179474,0.006594151258468628,TimeMixer,0.3767629563808441,0.011866599321365356
708,iTransformer,0.3663081228733063,PatchTST,0.3695101737976074,0.0032020509243011475,TimeMixer,0.37259721755981445,0.006289094686508179
709,iTransformer,0.3693181276321411,PatchTST,0.37280285358428955,0.0034847259521484375,TimeMixer,0.37916937470436096,0.009851247072219849
710,TimeMixer,0.3661338984966278,PatchTST,0.3667336106300354,0.0005997121334075928,TimeMixer,0.3661338984966278,0.0
711,iTransformer,0.3663720488548279,PatchTST,0.36806488037109375,0.0016928315162658691,TimeMixer,0.37092462182044983,0.004552572965621948
712,iTransformer,0.365559846162796,PatchTST,0.3664357662200928,0.0008759200572967529,TimeMixer,0.3830535113811493,0.01749366521835327
713,PatchTST,0.3668821454048157,iTransformer,0.3698636293411255,0.0029814839363098145,TimeMixer,0.3789324164390564,0.012050271034240723
714,iTransformer,0.365276962518692,DLinear,0.37340259552001953,0.008125633001327515,TimeMixer,0.3806087374687195,0.015331774950027466
715,PatchTST,0.372697114944458,DLinear,0.3735656440258026,0.0008685290813446045,TimeMixer,0.3779219686985016,0.005224853754043579
716,PatchTST,0.37112775444984436,DLinear,0.37517693638801575,0.004049181938171387,TimeMixer,0.3838246762752533,0.012696921825408936
717,iTransformer,0.3641603887081146,DLinear,0.37384238839149475,0.009681999683380127,TimeMixer,0.37627196311950684,0.012111574411392212
718,iTransformer,0.36422792077064514,DLinear,0.3678901791572571,0.0036622583866119385,TimeMixer,0.37154248356819153,0.007314562797546387
719,iTransformer,0.37002119421958923,PatchTST,0.3705095052719116,0.0004883110523223877,TimeMixer,0.3723367154598236,0.002315521240234375
720,iTransformer,0.3672516345977783,PatchTST,0.37126514315605164,0.004013508558273315,TimeMixer,0.3768724799156189,0.009620845317840576
721,iTransformer,0.3652399182319641,PatchTST,0.36679694056510925,0.0015570223331451416,TimeMixer,0.3713266849517822,0.006086766719818115
722,iTransformer,0.36623817682266235,PatchTST,0.3683989644050598,0.002160787582397461,TimeMixer,0.37650740146636963,0.010269224643707275
723,DLinear,0.3693320155143738,iTransformer,0.37020009756088257,0.0008680820465087891,TimeMixer,0.37098580598831177,0.0016537904739379883
724,PatchTST,0.3615607023239136,iTransformer,0.363214910030365,0.001654207706451416,TimeMixer,0.368507444858551,0.006946742534637451
725,iTransformer,0.36512336134910583,DLinear,0.3696276843547821,0.0045043230056762695,TimeMixer,0.3709988296031952,0.0058754682540893555
726,PatchTST,0.3662117123603821,TimeMixer,0.3711380362510681,0.004926323890686035,TimeMixer,0.3711380362510681,0.004926323890686035
727,iTransformer,0.36979180574417114,DLinear,0.3730122447013855,0.0032204389572143555,TimeMixer,0.3769656717777252,0.007173866033554077
728,PatchTST,0.3651943802833557,iTransformer,0.36685770750045776,0.0016633272171020508,TimeMixer,0.37039294838905334,0.005198568105697632
729,TimeMixer,0.3673344552516937,DLinear,0.3681786358356476,0.0008441805839538574,TimeMixer,0.3673344552516937,0.0
730,DLinear,0.3667401671409607,PatchTST,0.37084081768989563,0.0041006505489349365,TimeMixer,0.37161463499069214,0.004874467849731445
731,TimeMixer,0.3699553310871124,DLinear,0.3700152039527893,5.987286567687988e-05,TimeMixer,0.3699553310871124,0.0
732,DLinear,0.3662280738353729,iTransformer,0.3708258867263794,0.00459781289100647,TimeMixer,0.372810423374176,0.006582349538803101
733,TimeMixer,0.3593711256980896,PatchTST,0.36592575907707214,0.006554633378982544,TimeMixer,0.3593711256980896,0.0
734,PatchTST,0.3635960817337036,iTransformer,0.36635708808898926,0.0027610063552856445,TimeMixer,0.36877351999282837,0.005177438259124756
735,iTransformer,0.35874131321907043,PatchTST,0.363425612449646,0.0046842992305755615,TimeMixer,0.3752588927745819,0.016517579555511475
736,iTransformer,0.36344751715660095,PatchTST,0.3636021614074707,0.00015464425086975098,TimeMixer,0.3674551546573639,0.0040076375007629395
737,DLinear,0.36702391505241394,TimeMixer,0.3674798607826233,0.0004559457302093506,TimeMixer,0.3674798607826233,0.0004559457302093506
738,TimeMixer,0.3623683452606201,PatchTST,0.3626890778541565,0.00032073259353637695,TimeMixer,0.3623683452606201,0.0
739,iTransformer,0.355526864528656,PatchTST,0.3558438718318939,0.00031700730323791504,TimeMixer,0.35824209451675415,0.0027152299880981445
740,PatchTST,0.35481324791908264,DLinear,0.3605666160583496,0.005753368139266968,TimeMixer,0.3628899157047272,0.008076667785644531
741,iTransformer,0.3629895746707916,PatchTST,0.36514297127723694,0.0021533966064453125,TimeMixer,0.3666933476924896,0.003703773021697998
742,TimeMixer,0.3568972647190094,iTransformer,0.3580261766910553,0.0011289119720458984,TimeMixer,0.3568972647190094,0.0
743,TimeMixer,0.35619571805000305,PatchTST,0.3578956425189972,0.0016999244689941406,TimeMixer,0.35619571805000305,0.0
744,TimeMixer,0.35520949959754944,PatchTST,0.3566887378692627,0.0014792382717132568,TimeMixer,0.35520949959754944,0.0
745,TimeMixer,0.35780882835388184,DLinear,0.35913509130477905,0.0013262629508972168,TimeMixer,0.35780882835388184,0.0
746,iTransformer,0.3533177077770233,DLinear,0.35593700408935547,0.0026192963123321533,TimeMixer,0.3612409234046936,0.007923215627670288
747,iTransformer,0.3520340919494629,TimeMixer,0.3545494079589844,0.0025153160095214844,TimeMixer,0.3545494079589844,0.0025153160095214844
748,iTransformer,0.35760021209716797,TimeMixer,0.35880047082901,0.001200258731842041,TimeMixer,0.35880047082901,0.001200258731842041
749,TimeMixer,0.35501718521118164,iTransformer,0.358826220035553,0.003809034824371338,TimeMixer,0.35501718521118164,0.0
750,iTransformer,0.35542649030685425,PatchTST,0.35793960094451904,0.002513110637664795,TimeMixer,0.3629785180091858,0.007552027702331543
751,TimeMixer,0.3570936620235443,DLinear,0.36222946643829346,0.0051358044147491455,TimeMixer,0.3570936620235443,0.0
752,TimeMixer,0.35272762179374695,DLinear,0.3534047305583954,0.0006771087646484375,TimeMixer,0.35272762179374695,0.0
753,DLinear,0.35496658086776733,TimeMixer,0.35744309425354004,0.002476513385772705,TimeMixer,0.35744309425354004,0.002476513385772705
754,DLinear,0.35747721791267395,PatchTST,0.36028239130973816,0.002805173397064209,TimeMixer,0.3611794412136078,0.003702223300933838
755,DLinear,0.4037880599498749,TimeMixer,0.40606197714805603,0.0022739171981811523,TimeMixer,0.40606197714805603,0.0022739171981811523
756,DLinear,0.3994715213775635,TimeMixer,0.4038050174713135,0.00433349609375,TimeMixer,0.4038050174713135,0.00433349609375
757,iTransformer,0.3823884427547455,DLinear,0.3843386173248291,0.0019501745700836182,TimeMixer,0.3919883072376251,0.009599864482879639
758,DLinear,0.37592512369155884,TimeMixer,0.38345181941986084,0.007526695728302002,TimeMixer,0.38345181941986084,0.007526695728302002
759,DLinear,0.3689979612827301,TimeMixer,0.37444862723350525,0.0054506659507751465,TimeMixer,0.37444862723350525,0.0054506659507751465
760,DLinear,0.3690521717071533,TimeMixer,0.37570920586586,0.006657034158706665,TimeMixer,0.37570920586586,0.006657034158706665
761,DLinear,0.37638774514198303,TimeMixer,0.3783026337623596,0.001914888620376587,TimeMixer,0.3783026337623596,0.001914888620376587
762,iTransformer,0.34613820910453796,TimeMixer,0.3479812443256378,0.0018430352210998535,TimeMixer,0.3479812443256378,0.0018430352210998535
763,DLinear,0.34068018198013306,TimeMixer,0.3448750972747803,0.004194915294647217,TimeMixer,0.3448750972747803,0.004194915294647217
764,DLinear,0.3389435410499573,PatchTST,0.3472321927547455,0.008288651704788208,TimeMixer,0.3529653549194336,0.014021813869476318
765,DLinear,0.34223976731300354,iTransformer,0.34964555501937866,0.007405787706375122,TimeMixer,0.34969499707221985,0.007455229759216309
766,DLinear,0.3398497402667999,PatchTST,0.342210978269577,0.0023612380027770996,TimeMixer,0.34757480025291443,0.007725059986114502
767,DLinear,0.3432711958885193,TimeMixer,0.3451688289642334,0.0018976330757141113,TimeMixer,0.3451688289642334,0.0018976330757141113
768,DLinear,0.3448985517024994,PatchTST,0.34867843985557556,0.003779888153076172,TimeMixer,0.35345616936683655,0.008557617664337158
769,DLinear,0.33660072088241577,TimeMixer,0.33796587586402893,0.0013651549816131592,TimeMixer,0.33796587586402893,0.0013651549816131592
770,DLinear,0.35429060459136963,TimeMixer,0.36269935965538025,0.00840875506401062,TimeMixer,0.36269935965538025,0.00840875506401062
771,DLinear,0.35266417264938354,TimeMixer,0.3534427285194397,0.0007785558700561523,TimeMixer,0.3534427285194397,0.0007785558700561523
772,DLinear,0.349302738904953,TimeMixer,0.35501399636268616,0.005711257457733154,TimeMixer,0.35501399636268616,0.005711257457733154
773,TimeMixer,0.35323065519332886,iTransformer,0.3536530137062073,0.00042235851287841797,TimeMixer,0.35323065519332886,0.0
774,DLinear,0.3312644362449646,iTransformer,0.3492647707462311,0.01800033450126648,TimeMixer,0.3511350452899933,0.019870609045028687
775,DLinear,0.32293060421943665,iTransformer,0.33841314911842346,0.015482544898986816,TimeMixer,0.3384668827056885,0.015536278486251831
776,DLinear,0.329815149307251,PatchTST,0.3359379172325134,0.006122767925262451,TimeMixer,0.3413839042186737,0.01156875491142273
777,DLinear,0.3249521553516388,TimeMixer,0.33261847496032715,0.0076663196086883545,TimeMixer,0.33261847496032715,0.0076663196086883545
778,DLinear,0.3404114246368408,iTransformer,0.34743624925613403,0.007024824619293213,TimeMixer,0.3585290312767029,0.01811760663986206
779,DLinear,0.345615029335022,iTransformer,0.353111207485199,0.007496178150177002,TimeMixer,0.35400527715682983,0.008390247821807861
780,DLinear,0.3424720764160156,iTransformer,0.34923842549324036,0.0067663490772247314,TimeMixer,0.3549124300479889,0.012440353631973267
781,DLinear,0.33968016505241394,TimeMixer,0.3488140106201172,0.009133845567703247,TimeMixer,0.3488140106201172,0.009133845567703247
782,DLinear,0.34754806756973267,PatchTST,0.35711774230003357,0.009569674730300903,TimeMixer,0.36792370676994324,0.02037563920021057
783,DLinear,0.34346193075180054,iTransformer,0.3508848547935486,0.007422924041748047,TimeMixer,0.36316636204719543,0.019704431295394897
784,DLinear,0.34876275062561035,PatchTST,0.35285115242004395,0.004088401794433594,TimeMixer,0.3621622920036316,0.01339954137802124
785,DLinear,0.33912622928619385,iTransformer,0.354397177696228,0.01527094841003418,TimeMixer,0.36082586646080017,0.021699637174606323
786,DLinear,0.34433624148368835,iTransformer,0.34584441781044006,0.001508176326751709,TimeMixer,0.35865291953086853,0.014316678047180176
787,DLinear,0.34190401434898376,TimeMixer,0.34870755672454834,0.006803542375564575,TimeMixer,0.34870755672454834,0.006803542375564575
788,DLinear,0.3116322457790375,PatchTST,0.3116655945777893,3.3348798751831055e-05,TimeMixer,0.3246948719024658,0.013062626123428345
789,DLinear,0.31139978766441345,iTransformer,0.31770068407058716,0.006300896406173706,TimeMixer,0.320282906293869,0.008883118629455566
790,DLinear,0.3113028407096863,iTransformer,0.31218692660331726,0.0008840858936309814,TimeMixer,0.31717100739479065,0.00586816668510437
791,DLinear,0.3100650906562805,PatchTST,0.3148490786552429,0.004783987998962402,TimeMixer,0.31560778617858887,0.00554269552230835
792,DLinear,0.3099113702774048,iTransformer,0.3130759298801422,0.0031645596027374268,TimeMixer,0.3172706067562103,0.007359236478805542
793,DLinear,0.31634950637817383,iTransformer,0.3178075850009918,0.0014580786228179932,TimeMixer,0.3230356276035309,0.006686121225357056
794,DLinear,0.32481828331947327,iTransformer,0.32604023814201355,0.0012219548225402832,TimeMixer,0.32653993368148804,0.0017216503620147705
795,DLinear,0.31863492727279663,TimeMixer,0.3207310140132904,0.0020960867404937744,TimeMixer,0.3207310140132904,0.0020960867404937744
796,DLinear,0.3195071816444397,PatchTST,0.3197682201862335,0.00026103854179382324,TimeMixer,0.32778263092041016,0.008275449275970459
797,iTransformer,0.31631705164909363,DLinear,0.3167884051799774,0.00047135353088378906,TimeMixer,0.32319092750549316,0.006873875856399536
798,DLinear,0.31830060482025146,PatchTST,0.32024645805358887,0.0019458532333374023,TimeMixer,0.3289146423339844,0.01061403751373291
799,DLinear,0.31850191950798035,PatchTST,0.31994375586509705,0.0014418363571166992,TimeMixer,0.3270640969276428,0.008562177419662476
800,DLinear,0.3181696832180023,PatchTST,0.32637038826942444,0.00820070505142212,TimeMixer,0.3328397572040558,0.014670073986053467
801,DLinear,0.32128509879112244,iTransformer,0.32474657893180847,0.003461480140686035,TimeMixer,0.3293044865131378,0.00801938772201538
802,DLinear,0.3215721547603607,PatchTST,0.3257182538509369,0.004146099090576172,TimeMixer,0.34367498755455017,0.022102832794189453
803,DLinear,0.32341548800468445,TimeMixer,0.32734471559524536,0.003929227590560913,TimeMixer,0.32734471559524536,0.003929227590560913
804,DLinear,0.31915944814682007,iTransformer,0.3193001449108124,0.00014069676399230957,TimeMixer,0.3352336287498474,0.016074180603027344
805,DLinear,0.31792426109313965,iTransformer,0.32144609093666077,0.003521829843521118,TimeMixer,0.33460262417793274,0.01667836308479309
806,DLinear,0.3195381760597229,iTransformer,0.3235195577144623,0.00398138165473938,TimeMixer,0.33831164240837097,0.01877346634864807
807,DLinear,0.32105860114097595,PatchTST,0.32538676261901855,0.0043281614780426025,TimeMixer,0.33129048347473145,0.010231882333755493
808,PatchTST,0.31630605459213257,DLinear,0.3175572454929352,0.0012511909008026123,TimeMixer,0.32651787996292114,0.010211825370788574
809,iTransformer,0.3193594515323639,DLinear,0.32067227363586426,0.0013128221035003662,TimeMixer,0.3273203372955322,0.007960885763168335
810,DLinear,0.313218891620636,PatchTST,0.3160494267940521,0.0028305351734161377,TimeMixer,0.3238790035247803,0.010660111904144287
811,DLinear,0.3119647800922394,iTransformer,0.3134234845638275,0.0014587044715881348,TimeMixer,0.31761398911476135,0.005649209022521973
812,DLinear,0.30875247716903687,PatchTST,0.3100758194923401,0.0013233423233032227,TimeMixer,0.3263724744319916,0.017619997262954712
813,iTransformer,0.30701136589050293,PatchTST,0.3105374872684479,0.0035261213779449463,TimeMixer,0.32086437940597534,0.013853013515472412
814,iTransformer,0.30850428342819214,PatchTST,0.3103295862674713,0.0018253028392791748,TimeMixer,0.32541242241859436,0.01690813899040222
815,iTransformer,0.30173444747924805,PatchTST,0.3054596185684204,0.0037251710891723633,TimeMixer,0.31300997734069824,0.011275529861450195
816,PatchTST,0.3344144821166992,DLinear,0.3378269672393799,0.003412485122680664,TimeMixer,0.3526356518268585,0.018221169710159302
817,DLinear,0.33631595969200134,iTransformer,0.33647817373275757,0.00016221404075622559,TimeMixer,0.3502732813358307,0.013957321643829346
818,iTransformer,0.33556750416755676,DLinear,0.33628106117248535,0.0007135570049285889,TimeMixer,0.3543015122413635,0.018734008073806763
819,iTransformer,0.3330869674682617,DLinear,0.33780550956726074,0.0047185420989990234,TimeMixer,0.35123616456985474,0.018149197101593018
820,PatchTST,0.3321918547153473,DLinear,0.3352254629135132,0.0030336081981658936,TimeMixer,0.3566107451915741,0.024418890476226807
821,iTransformer,0.33079805970191956,DLinear,0.33912941813468933,0.008331358432769775,TimeMixer,0.359291136264801,0.02849307656288147
822,iTransformer,0.35255104303359985,DLinear,0.35542362928390503,0.0028725862503051758,TimeMixer,0.37113597989082336,0.01858493685722351
823,DLinear,0.3664499521255493,iTransformer,0.3669348359107971,0.00048488378524780273,TimeMixer,0.37756460905075073,0.011114656925201416
824,iTransformer,0.40145406126976013,PatchTST,0.4056190252304077,0.004164963960647583,TimeMixer,0.41828155517578125,0.016827493906021118
825,PatchTST,0.41250020265579224,iTransformer,0.41816475987434387,0.005664557218551636,TimeMixer,0.4261378347873688,0.013637632131576538
826,iTransformer,0.4133794903755188,DLinear,0.41614803671836853,0.0027685463428497314,TimeMixer,0.42991358041763306,0.016534090042114258
827,iTransformer,0.4135698974132538,DLinear,0.41371265053749084,0.00014275312423706055,TimeMixer,0.4206969738006592,0.0071270763874053955
828,PatchTST,0.4088173508644104,DLinear,0.4138900339603424,0.005072683095932007,TimeMixer,0.41980797052383423,0.010990619659423828
829,DLinear,0.41169267892837524,iTransformer,0.4141514301300049,0.0024587512016296387,TimeMixer,0.41697096824645996,0.005278289318084717
830,PatchTST,0.4087076187133789,DLinear,0.41520336270332336,0.006495743989944458,TimeMixer,0.4177675247192383,0.009059906005859375
831,PatchTST,0.41139644384384155,iTransformer,0.41386649012565613,0.002470046281814575,TimeMixer,0.42070937156677246,0.009312927722930908
832,PatchTST,0.4084935784339905,iTransformer,0.4109398424625397,0.0024462640285491943,TimeMixer,0.4297565221786499,0.021262943744659424
833,PatchTST,0.40625426173210144,DLinear,0.41034743189811707,0.004093170166015625,TimeMixer,0.421559602022171,0.01530534029006958
834,PatchTST,0.40121233463287354,iTransformer,0.4100630581378937,0.008850723505020142,TimeMixer,0.41807061433792114,0.016858279705047607
835,iTransformer,0.40522339940071106,PatchTST,0.4062683880329132,0.0010449886322021484,TimeMixer,0.409671425819397,0.004448026418685913
836,PatchTST,0.398727685213089,TimeMixer,0.4045291543006897,0.005801469087600708,TimeMixer,0.4045291543006897,0.005801469087600708
837,iTransformer,0.402101069688797,PatchTST,0.4048714339733124,0.002770364284515381,TimeMixer,0.40899187326431274,0.006890803575515747
838,iTransformer,0.4010668694972992,PatchTST,0.401915043592453,0.0008481740951538086,TimeMixer,0.4088805913925171,0.007813721895217896
839,PatchTST,0.39404478669166565,iTransformer,0.39678600430488586,0.002741217613220215,TimeMixer,0.4079921245574951,0.013947337865829468
840,iTransformer,0.3944169878959656,PatchTST,0.3949677646160126,0.0005507767200469971,TimeMixer,0.414457231760025,0.020040243864059448
841,iTransformer,0.39958086609840393,PatchTST,0.4000425338745117,0.0004616677761077881,TimeMixer,0.4127686023712158,0.01318773627281189
842,iTransformer,0.3922956883907318,PatchTST,0.3945806622505188,0.0022849738597869873,TimeMixer,0.3986176550388336,0.006321966648101807
843,PatchTST,0.39106640219688416,iTransformer,0.3949429988861084,0.003876596689224243,TimeMixer,0.4014003276824951,0.010333925485610962
844,iTransformer,0.392112135887146,PatchTST,0.3956437408924103,0.0035316050052642822,TimeMixer,0.40310150384902954,0.010989367961883545
845,PatchTST,0.3931230306625366,iTransformer,0.39341917634010315,0.0002961456775665283,TimeMixer,0.41145002841949463,0.018326997756958008
846,iTransformer,0.3890627324581146,PatchTST,0.395380437374115,0.006317704916000366,TimeMixer,0.39815622568130493,0.009093493223190308
847,DLinear,0.39002954959869385,PatchTST,0.39208611845970154,0.0020565688610076904,TimeMixer,0.4067038595676422,0.016674309968948364
848,iTransformer,0.3889271318912506,PatchTST,0.3914450705051422,0.0025179386138916016,TimeMixer,0.40146318078041077,0.012536048889160156
849,iTransformer,0.38838455080986023,PatchTST,0.3897947669029236,0.0014102160930633545,TimeMixer,0.39870476722717285,0.010320216417312622
850,iTransformer,0.3941528797149658,DLinear,0.39662688970565796,0.0024740099906921387,TimeMixer,0.4087563455104828,0.014603465795516968
851,TimeMixer,0.38933295011520386,PatchTST,0.38945692777633667,0.0001239776611328125,TimeMixer,0.38933295011520386,0.0
852,PatchTST,0.3713144063949585,iTransformer,0.3734842538833618,0.0021698474884033203,TimeMixer,0.38019007444381714,0.008875668048858643
853,iTransformer,0.3724192976951599,PatchTST,0.3766646981239319,0.004245400428771973,TimeMixer,0.3805476129055023,0.008128315210342407
854,PatchTST,0.3644189238548279,iTransformer,0.37041035294532776,0.005991429090499878,TimeMixer,0.3722430169582367,0.007824093103408813
855,PatchTST,0.3675822615623474,DLinear,0.3679095506668091,0.0003272891044616699,TimeMixer,0.38060498237609863,0.01302272081375122
856,PatchTST,0.36854737997055054,iTransformer,0.36963820457458496,0.0010908246040344238,TimeMixer,0.3824676275253296,0.013920247554779053
857,iTransformer,0.36953139305114746,PatchTST,0.37171635031700134,0.002184957265853882,TimeMixer,0.3800724744796753,0.010541081428527832
858,PatchTST,0.3712470233440399,DLinear,0.3720710277557373,0.0008240044116973877,TimeMixer,0.3734797537326813,0.0022327303886413574
859,PatchTST,0.37255069613456726,DLinear,0.3747871220111847,0.0022364258766174316,TimeMixer,0.3748496472835541,0.0022989511489868164
860,PatchTST,0.387219101190567,iTransformer,0.38793450593948364,0.000715404748916626,TimeMixer,0.4002189636230469,0.012999862432479858
861,iTransformer,0.3883567452430725,PatchTST,0.39135831594467163,0.003001570701599121,TimeMixer,0.3924340605735779,0.004077315330505371
862,iTransformer,0.3870560824871063,PatchTST,0.3889954090118408,0.001939326524734497,TimeMixer,0.39271464943885803,0.005658566951751709
863,PatchTST,0.3829457759857178,iTransformer,0.3914414346218109,0.00849565863609314,TimeMixer,0.3962106704711914,0.013264894485473633
864,iTransformer,0.38176095485687256,PatchTST,0.3818889260292053,0.00012797117233276367,TimeMixer,0.39171355962753296,0.0099526047706604
865,iTransformer,0.3837432861328125,PatchTST,0.3862893581390381,0.002546072006225586,TimeMixer,0.3905552923679352,0.006812006235122681
866,iTransformer,0.38409703969955444,PatchTST,0.38821497559547424,0.0041179358959198,TimeMixer,0.39084911346435547,0.006752073764801025
867,PatchTST,0.374307781457901,iTransformer,0.3824830651283264,0.008175283670425415,TimeMixer,0.3890623450279236,0.014754563570022583
868,PatchTST,0.3812585473060608,TimeMixer,0.38554874062538147,0.004290193319320679,TimeMixer,0.38554874062538147,0.004290193319320679
869,PatchTST,0.38495928049087524,TimeMixer,0.38708633184432983,0.00212705135345459,TimeMixer,0.38708633184432983,0.00212705135345459
870,PatchTST,0.38292747735977173,iTransformer,0.3897770345211029,0.006849557161331177,TimeMixer,0.3903086185455322,0.007381141185760498
871,TimeMixer,0.38556888699531555,PatchTST,0.3882851302623749,0.002716243267059326,TimeMixer,0.38556888699531555,0.0
872,PatchTST,0.3856702446937561,iTransformer,0.38697659969329834,0.0013063549995422363,TimeMixer,0.3949318826198578,0.009261637926101685
873,PatchTST,0.38846251368522644,TimeMixer,0.3900558054447174,0.0015932917594909668,TimeMixer,0.3900558054447174,0.0015932917594909668
874,PatchTST,0.3860783278942108,iTransformer,0.3911443054676056,0.005065977573394775,TimeMixer,0.3918604254722595,0.005782097578048706
875,iTransformer,0.383965402841568,PatchTST,0.38541626930236816,0.001450866460800171,TimeMixer,0.38882750272750854,0.004862099885940552
876,iTransformer,0.3896808624267578,TimeMixer,0.39086782932281494,0.001186966896057129,TimeMixer,0.39086782932281494,0.001186966896057129
877,TimeMixer,0.3915679454803467,PatchTST,0.39388883113861084,0.00232088565826416,TimeMixer,0.3915679454803467,0.0
878,PatchTST,0.3906206488609314,iTransformer,0.39171990752220154,0.0010992586612701416,TimeMixer,0.3973650634288788,0.006744414567947388
879,PatchTST,0.3873899579048157,iTransformer,0.39120355248451233,0.0038135945796966553,TimeMixer,0.39864957332611084,0.011259615421295166
880,iTransformer,0.3889646530151367,TimeMixer,0.3930155336856842,0.004050880670547485,TimeMixer,0.3930155336856842,0.004050880670547485
881,TimeMixer,0.3908795714378357,iTransformer,0.3938559591770172,0.0029763877391815186,TimeMixer,0.3908795714378357,0.0
882,iTransformer,0.38431867957115173,PatchTST,0.3871065676212311,0.0027878880500793457,TimeMixer,0.3922206461429596,0.007901966571807861
883,PatchTST,0.3839494287967682,iTransformer,0.38705936074256897,0.0031099319458007812,TimeMixer,0.3929832875728607,0.00903385877609253
884,PatchTST,0.3922779858112335,TimeMixer,0.3929414749145508,0.0006634891033172607,TimeMixer,0.3929414749145508,0.0006634891033172607
885,TimeMixer,0.389799565076828,PatchTST,0.3909044861793518,0.0011049211025238037,TimeMixer,0.389799565076828,0.0
886,iTransformer,0.3908848464488983,TimeMixer,0.3908887207508087,3.874301910400391e-06,TimeMixer,0.3908887207508087,3.874301910400391e-06
887,TimeMixer,0.39082807302474976,iTransformer,0.39186006784439087,0.0010319948196411133,TimeMixer,0.39082807302474976,0.0
888,TimeMixer,0.38717570900917053,DLinear,0.3888606131076813,0.0016849040985107422,TimeMixer,0.38717570900917053,0.0
889,TimeMixer,0.411925733089447,DLinear,0.41306477785110474,0.0011390447616577148,TimeMixer,0.411925733089447,0.0
890,DLinear,0.4097816050052643,TimeMixer,0.4126684069633484,0.0028868019580841064,TimeMixer,0.4126684069633484,0.0028868019580841064
891,TimeMixer,0.40930667519569397,iTransformer,0.4137534201145172,0.004446744918823242,TimeMixer,0.40930667519569397,0.0
892,DLinear,0.4113101363182068,PatchTST,0.4137330651283264,0.002422928810119629,TimeMixer,0.415327250957489,0.0040171146392822266
893,TimeMixer,0.4156634509563446,iTransformer,0.4160030782222748,0.0003396272659301758,TimeMixer,0.4156634509563446,0.0
894,TimeMixer,0.41083475947380066,DLinear,0.41185301542282104,0.0010182559490203857,TimeMixer,0.41083475947380066,0.0
895,TimeMixer,0.41048863530158997,PatchTST,0.41105616092681885,0.0005675256252288818,TimeMixer,0.41048863530158997,0.0
896,iTransformer,0.40516239404678345,TimeMixer,0.41256895661354065,0.007406562566757202,TimeMixer,0.41256895661354065,0.007406562566757202
897,TimeMixer,0.4046194553375244,PatchTST,0.41130492091178894,0.006685465574264526,TimeMixer,0.4046194553375244,0.0
898,TimeMixer,0.4085478186607361,PatchTST,0.41439133882522583,0.005843520164489746,TimeMixer,0.4085478186607361,0.0
899,PatchTST,0.4171254634857178,TimeMixer,0.41980892419815063,0.0026834607124328613,TimeMixer,0.41980892419815063,0.0026834607124328613
900,TimeMixer,0.41228175163269043,iTransformer,0.4152015149593353,0.0029197633266448975,TimeMixer,0.41228175163269043,0.0
901,PatchTST,0.41487687826156616,iTransformer,0.4156453311443329,0.0007684528827667236,TimeMixer,0.4170761704444885,0.0021992921829223633
902,PatchTST,0.41338807344436646,iTransformer,0.4187924861907959,0.005404412746429443,TimeMixer,0.4195142984390259,0.006126224994659424
903,iTransformer,0.41002845764160156,PatchTST,0.4118831157684326,0.0018546581268310547,TimeMixer,0.41386422514915466,0.0038357675075531006
904,PatchTST,0.40963512659072876,TimeMixer,0.4137990176677704,0.004163891077041626,TimeMixer,0.4137990176677704,0.004163891077041626
905,TimeMixer,0.4079546630382538,PatchTST,0.41195523738861084,0.004000574350357056,TimeMixer,0.4079546630382538,0.0
906,TimeMixer,0.41249728202819824,PatchTST,0.41644197702407837,0.003944694995880127,TimeMixer,0.41249728202819824,0.0
907,TimeMixer,0.41172078251838684,PatchTST,0.4146447777748108,0.00292399525642395,TimeMixer,0.41172078251838684,0.0
908,TimeMixer,0.4113060534000397,iTransformer,0.4155392348766327,0.004233181476593018,TimeMixer,0.4113060534000397,0.0
909,PatchTST,0.4143344759941101,TimeMixer,0.41485559940338135,0.0005211234092712402,TimeMixer,0.41485559940338135,0.0005211234092712402
910,iTransformer,0.41354501247406006,TimeMixer,0.41502049565315247,0.0014754831790924072,TimeMixer,0.41502049565315247,0.0014754831790924072
911,PatchTST,0.4118357300758362,iTransformer,0.41409066319465637,0.0022549331188201904,TimeMixer,0.41442158818244934,0.002585858106613159
912,iTransformer,0.41198670864105225,TimeMixer,0.4137631356716156,0.0017764270305633545,TimeMixer,0.4137631356716156,0.0017764270305633545
913,iTransformer,0.41133514046669006,PatchTST,0.41542625427246094,0.004091113805770874,TimeMixer,0.4163428843021393,0.005007743835449219
914,iTransformer,0.41533470153808594,PatchTST,0.41618484258651733,0.0008501410484313965,TimeMixer,0.41680917143821716,0.0014744699001312256
915,TimeMixer,0.4163907468318939,PatchTST,0.4187238812446594,0.002333134412765503,TimeMixer,0.4163907468318939,0.0
916,iTransformer,0.41930651664733887,PatchTST,0.41995376348495483,0.0006472468376159668,TimeMixer,0.42036664485931396,0.0010601282119750977
917,TimeMixer,0.41553428769111633,iTransformer,0.4169026017189026,0.0013683140277862549,TimeMixer,0.41553428769111633,0.0
918,iTransformer,0.417204350233078,TimeMixer,0.4185677170753479,0.0013633668422698975,TimeMixer,0.4185677170753479,0.0013633668422698975
919,PatchTST,0.414198637008667,iTransformer,0.41745221614837646,0.0032535791397094727,TimeMixer,0.4185858368873596,0.004387199878692627
920,PatchTST,0.41613534092903137,iTransformer,0.41834235191345215,0.0022070109844207764,TimeMixer,0.4183827340602875,0.0022473931312561035
921,iTransformer,0.4135998785495758,TimeMixer,0.41460514068603516,0.0010052621364593506,TimeMixer,0.41460514068603516,0.0010052621364593506
922,PatchTST,0.4237435758113861,DLinear,0.42942333221435547,0.00567975640296936,TimeMixer,0.43107831478118896,0.0073347389698028564
923,PatchTST,0.38383737206459045,iTransformer,0.38417744636535645,0.0003400743007659912,TimeMixer,0.3859316110610962,0.0020942389965057373
924,TimeMixer,0.37760215997695923,DLinear,0.3801538050174713,0.002551645040512085,TimeMixer,0.37760215997695923,0.0
925,PatchTST,0.38207608461380005,iTransformer,0.3826983869075775,0.0006223022937774658,TimeMixer,0.38286107778549194,0.0007849931716918945
926,DLinear,0.3808213770389557,TimeMixer,0.383034884929657,0.002213507890701294,TimeMixer,0.383034884929657,0.002213507890701294
927,DLinear,0.3815487325191498,PatchTST,0.3829558789730072,0.0014071464538574219,TimeMixer,0.3856753408908844,0.004126608371734619
928,DLinear,0.38305896520614624,iTransformer,0.38490548729896545,0.0018465220928192139,TimeMixer,0.3907747268676758,0.007715761661529541
929,TimeMixer,0.37981483340263367,DLinear,0.37984079122543335,2.5957822799682617e-05,TimeMixer,0.37981483340263367,0.0
930,DLinear,0.382549911737442,iTransformer,0.3843894302845001,0.0018395185470581055,TimeMixer,0.3876580595970154,0.005108147859573364
931,DLinear,0.37824663519859314,iTransformer,0.3805299997329712,0.0022833645343780518,TimeMixer,0.3826948404312134,0.004448205232620239
932,DLinear,0.37804844975471497,TimeMixer,0.38390305638313293,0.005854606628417969,TimeMixer,0.38390305638313293,0.005854606628417969
933,TimeMixer,0.3794020712375641,DLinear,0.3808388411998749,0.001436769962310791,TimeMixer,0.3794020712375641,0.0
934,DLinear,0.3787943422794342,iTransformer,0.3826402425765991,0.003845900297164917,TimeMixer,0.38479799032211304,0.006003648042678833
935,DLinear,0.3791329860687256,TimeMixer,0.3797852396965027,0.0006522536277770996,TimeMixer,0.3797852396965027,0.0006522536277770996
936,DLinear,0.3768112063407898,TimeMixer,0.37721437215805054,0.0004031658172607422,TimeMixer,0.37721437215805054,0.0004031658172607422
937,TimeMixer,0.38576003909111023,DLinear,0.3862571716308594,0.0004971325397491455,TimeMixer,0.38576003909111023,0.0
938,DLinear,0.37000614404678345,TimeMixer,0.3747706115245819,0.004764467477798462,TimeMixer,0.3747706115245819,0.004764467477798462
939,DLinear,0.365313857793808,TimeMixer,0.3679359555244446,0.0026220977306365967,TimeMixer,0.3679359555244446,0.0026220977306365967
940,DLinear,0.36746731400489807,TimeMixer,0.36846327781677246,0.0009959638118743896,TimeMixer,0.36846327781677246,0.0009959638118743896
941,DLinear,0.3618427813053131,TimeMixer,0.3687340319156647,0.0068912506103515625,TimeMixer,0.3687340319156647,0.0068912506103515625
942,TimeMixer,0.37266963720321655,DLinear,0.37373727560043335,0.0010676383972167969,TimeMixer,0.37266963720321655,0.0
943,TimeMixer,0.3746919631958008,DLinear,0.37538599967956543,0.0006940364837646484,TimeMixer,0.3746919631958008,0.0
944,TimeMixer,0.3707546889781952,DLinear,0.3741874098777771,0.003432720899581909,TimeMixer,0.3707546889781952,0.0
945,DLinear,0.36866554617881775,TimeMixer,0.3741267919540405,0.005461245775222778,TimeMixer,0.3741267919540405,0.005461245775222778
946,DLinear,0.3665820062160492,TimeMixer,0.37106385827064514,0.004481852054595947,TimeMixer,0.37106385827064514,0.004481852054595947
947,DLinear,0.37702879309654236,TimeMixer,0.381025493144989,0.003996700048446655,TimeMixer,0.381025493144989,0.003996700048446655
948,DLinear,0.37999749183654785,TimeMixer,0.3844377398490906,0.004440248012542725,TimeMixer,0.3844377398490906,0.004440248012542725
949,DLinear,0.3834490180015564,TimeMixer,0.38762345910072327,0.00417444109916687,TimeMixer,0.38762345910072327,0.00417444109916687
950,DLinear,0.38639169931411743,TimeMixer,0.3904649615287781,0.0040732622146606445,TimeMixer,0.3904649615287781,0.0040732622146606445
951,DLinear,0.37890493869781494,TimeMixer,0.391276091337204,0.012371152639389038,TimeMixer,0.391276091337204,0.012371152639389038
952,DLinear,0.3773925006389618,TimeMixer,0.38276925683021545,0.005376756191253662,TimeMixer,0.38276925683021545,0.005376756191253662
953,DLinear,0.3799186646938324,TimeMixer,0.389602392911911,0.009683728218078613,TimeMixer,0.389602392911911,0.009683728218078613
954,DLinear,0.3822196424007416,TimeMixer,0.3874313235282898,0.005211681127548218,TimeMixer,0.3874313235282898,0.005211681127548218
955,DLinear,0.37453752756118774,TimeMixer,0.3910740315914154,0.01653650403022766,TimeMixer,0.3910740315914154,0.01653650403022766
956,DLinear,0.38880911469459534,TimeMixer,0.3993292450904846,0.010520130395889282,TimeMixer,0.3993292450904846,0.010520130395889282
957,DLinear,0.38701510429382324,TimeMixer,0.3938789367675781,0.006863832473754883,TimeMixer,0.3938789367675781,0.006863832473754883
958,DLinear,0.39047303795814514,TimeMixer,0.3972161114215851,0.006743073463439941,TimeMixer,0.3972161114215851,0.006743073463439941
959,TimeMixer,0.3994756042957306,DLinear,0.400219202041626,0.0007435977458953857,TimeMixer,0.3994756042957306,0.0
960,DLinear,0.40038561820983887,TimeMixer,0.41383326053619385,0.01344764232635498,TimeMixer,0.41383326053619385,0.01344764232635498
961,DLinear,0.390663743019104,TimeMixer,0.391560822725296,0.0008970797061920166,TimeMixer,0.391560822725296,0.0008970797061920166
962,TimeMixer,0.38282081484794617,DLinear,0.3927825689315796,0.009961754083633423,TimeMixer,0.38282081484794617,0.0
963,DLinear,0.3838063180446625,TimeMixer,0.38648658990859985,0.002680271863937378,TimeMixer,0.38648658990859985,0.002680271863937378
964,DLinear,0.38344356417655945,TimeMixer,0.392927885055542,0.009484320878982544,TimeMixer,0.392927885055542,0.009484320878982544
965,DLinear,0.38954007625579834,TimeMixer,0.3918396234512329,0.0022995471954345703,TimeMixer,0.3918396234512329,0.0022995471954345703
966,DLinear,0.39442920684814453,TimeMixer,0.39535287022590637,0.0009236633777618408,TimeMixer,0.39535287022590637,0.0009236633777618408
967,DLinear,0.3917509615421295,TimeMixer,0.40355899930000305,0.011808037757873535,TimeMixer,0.40355899930000305,0.011808037757873535
968,DLinear,0.40465259552001953,TimeMixer,0.40744927525520325,0.002796679735183716,TimeMixer,0.40744927525520325,0.002796679735183716
969,DLinear,0.39111363887786865,TimeMixer,0.398682177066803,0.007568538188934326,TimeMixer,0.398682177066803,0.007568538188934326
970,DLinear,0.39873558282852173,TimeMixer,0.40712687373161316,0.00839129090309143,TimeMixer,0.40712687373161316,0.00839129090309143
971,DLinear,0.39759600162506104,TimeMixer,0.40654727816581726,0.008951276540756226,TimeMixer,0.40654727816581726,0.008951276540756226
972,DLinear,0.4049259424209595,TimeMixer,0.40961411595344543,0.004688173532485962,TimeMixer,0.40961411595344543,0.004688173532485962
973,DLinear,0.40500545501708984,TimeMixer,0.4189738631248474,0.013968408107757568,TimeMixer,0.4189738631248474,0.013968408107757568
974,DLinear,0.41013073921203613,TimeMixer,0.4168159067630768,0.006685167551040649,TimeMixer,0.4168159067630768,0.006685167551040649
975,DLinear,0.40934839844703674,TimeMixer,0.41421976685523987,0.004871368408203125,TimeMixer,0.41421976685523987,0.004871368408203125
976,DLinear,0.4069996774196625,TimeMixer,0.41046765446662903,0.0034679770469665527,TimeMixer,0.41046765446662903,0.0034679770469665527
977,TimeMixer,0.4069243371486664,DLinear,0.40742048621177673,0.0004961490631103516,TimeMixer,0.4069243371486664,0.0
978,DLinear,0.40916627645492554,TimeMixer,0.4124503433704376,0.003284066915512085,TimeMixer,0.4124503433704376,0.003284066915512085
979,DLinear,0.40800607204437256,TimeMixer,0.41067424416542053,0.0026681721210479736,TimeMixer,0.41067424416542053,0.0026681721210479736
980,DLinear,0.4120505154132843,TimeMixer,0.42793846130371094,0.015887945890426636,TimeMixer,0.42793846130371094,0.015887945890426636
981,DLinear,0.4609970450401306,TimeMixer,0.47258177399635315,0.011584728956222534,TimeMixer,0.47258177399635315,0.011584728956222534
982,DLinear,0.46034741401672363,TimeMixer,0.47253507375717163,0.012187659740447998,TimeMixer,0.47253507375717163,0.012187659740447998
983,DLinear,0.46433576941490173,TimeMixer,0.4669385552406311,0.00260278582572937,TimeMixer,0.4669385552406311,0.00260278582572937
984,DLinear,0.42390942573547363,TimeMixer,0.435680627822876,0.011771202087402344,TimeMixer,0.435680627822876,0.011771202087402344
985,DLinear,0.43495458364486694,TimeMixer,0.45593371987342834,0.0209791362285614,TimeMixer,0.45593371987342834,0.0209791362285614
986,DLinear,0.43940043449401855,TimeMixer,0.44795486330986023,0.008554428815841675,TimeMixer,0.44795486330986023,0.008554428815841675
987,DLinear,0.4483366012573242,TimeMixer,0.45365238189697266,0.0053157806396484375,TimeMixer,0.45365238189697266,0.0053157806396484375
988,DLinear,0.44344183802604675,TimeMixer,0.4496193528175354,0.0061775147914886475,TimeMixer,0.4496193528175354,0.0061775147914886475
989,DLinear,0.43766266107559204,TimeMixer,0.44411391019821167,0.006451249122619629,TimeMixer,0.44411391019821167,0.006451249122619629
990,DLinear,0.41326653957366943,TimeMixer,0.41398411989212036,0.0007175803184509277,TimeMixer,0.41398411989212036,0.0007175803184509277
991,TimeMixer,0.40850716829299927,DLinear,0.41054534912109375,0.0020381808280944824,TimeMixer,0.40850716829299927,0.0
992,DLinear,0.3685859143733978,TimeMixer,0.3688212037086487,0.0002352893352508545,TimeMixer,0.3688212037086487,0.0002352893352508545
993,DLinear,0.3592117428779602,TimeMixer,0.36384937167167664,0.004637628793716431,TimeMixer,0.36384937167167664,0.004637628793716431
994,DLinear,0.3546294569969177,iTransformer,0.36604684591293335,0.011417388916015625,TimeMixer,0.37228256464004517,0.01765310764312744
995,DLinear,0.3584035336971283,PatchTST,0.36202293634414673,0.0036194026470184326,TimeMixer,0.36270880699157715,0.0043052732944488525
996,DLinear,0.3492812514305115,TimeMixer,0.35221657156944275,0.0029353201389312744,TimeMixer,0.35221657156944275,0.0029353201389312744
997,DLinear,0.3535152077674866,TimeMixer,0.3594508767127991,0.0059356689453125,TimeMixer,0.3594508767127991,0.0059356689453125
998,DLinear,0.3613387942314148,TimeMixer,0.3647688031196594,0.003430008888244629,TimeMixer,0.3647688031196594,0.003430008888244629
999,DLinear,0.3606451749801636,TimeMixer,0.36075401306152344,0.00010883808135986328,TimeMixer,0.36075401306152344,0.00010883808135986328
1000,TimeMixer,0.367186963558197,DLinear,0.36972254514694214,0.002535581588745117,TimeMixer,0.367186963558197,0.0
1001,DLinear,0.3619399666786194,TimeMixer,0.37077975273132324,0.008839786052703857,TimeMixer,0.37077975273132324,0.008839786052703857
1002,DLinear,0.36421462893486023,TimeMixer,0.3682467043399811,0.00403207540512085,TimeMixer,0.3682467043399811,0.00403207540512085
1003,DLinear,0.360863596200943,TimeMixer,0.36999261379241943,0.00912901759147644,TimeMixer,0.36999261379241943,0.00912901759147644
1004,DLinear,0.364462286233902,TimeMixer,0.36704009771347046,0.0025778114795684814,TimeMixer,0.36704009771347046,0.0025778114795684814
1005,TimeMixer,0.369655579328537,DLinear,0.3734160363674164,0.0037604570388793945,TimeMixer,0.369655579328537,0.0
1006,DLinear,0.3772883117198944,TimeMixer,0.3870660364627838,0.009777724742889404,TimeMixer,0.3870660364627838,0.009777724742889404
1007,DLinear,0.3822827935218811,TimeMixer,0.3855268061161041,0.0032440125942230225,TimeMixer,0.3855268061161041,0.0032440125942230225
1008,DLinear,0.3811582922935486,TimeMixer,0.38461554050445557,0.0034572482109069824,TimeMixer,0.38461554050445557,0.0034572482109069824
1009,DLinear,0.38001781702041626,TimeMixer,0.3826029300689697,0.002585113048553467,TimeMixer,0.3826029300689697,0.002585113048553467
1010,DLinear,0.3875694274902344,TimeMixer,0.3897217810153961,0.002152353525161743,TimeMixer,0.3897217810153961,0.002152353525161743
1011,TimeMixer,0.4055156707763672,DLinear,0.4068160355091095,0.0013003647327423096,TimeMixer,0.4055156707763672,0.0
1012,DLinear,0.4058949053287506,TimeMixer,0.4089043438434601,0.0030094385147094727,TimeMixer,0.4089043438434601,0.0030094385147094727
1013,DLinear,0.4065738916397095,TimeMixer,0.4096755385398865,0.003101646900177002,TimeMixer,0.4096755385398865,0.003101646900177002
1014,TimeMixer,0.41059693694114685,iTransformer,0.41336095333099365,0.0027640163898468018,TimeMixer,0.41059693694114685,0.0
1015,TimeMixer,0.40325695276260376,DLinear,0.40589791536331177,0.002640962600708008,TimeMixer,0.40325695276260376,0.0
1016,DLinear,0.40965765714645386,TimeMixer,0.41093167662620544,0.001274019479751587,TimeMixer,0.41093167662620544,0.001274019479751587
1017,TimeMixer,0.4223073422908783,iTransformer,0.42903971672058105,0.006732374429702759,TimeMixer,0.4223073422908783,0.0
1018,TimeMixer,0.41920262575149536,PatchTST,0.4252815246582031,0.006078898906707764,TimeMixer,0.41920262575149536,0.0
1019,TimeMixer,0.42505109310150146,PatchTST,0.4262230396270752,0.0011719465255737305,TimeMixer,0.42505109310150146,0.0
1020,TimeMixer,0.42925530672073364,iTransformer,0.44006192684173584,0.010806620121002197,TimeMixer,0.42925530672073364,0.0
1021,TimeMixer,0.44689515233039856,PatchTST,0.4471944570541382,0.000299304723739624,TimeMixer,0.44689515233039856,0.0
1022,TimeMixer,0.44300851225852966,iTransformer,0.4521019756793976,0.00909346342086792,TimeMixer,0.44300851225852966,0.0
1023,TimeMixer,0.442930668592453,PatchTST,0.4460565149784088,0.0031258463859558105,TimeMixer,0.442930668592453,0.0
1024,TimeMixer,0.43536821007728577,iTransformer,0.44548505544662476,0.01011684536933899,TimeMixer,0.43536821007728577,0.0
1025,TimeMixer,0.4469139873981476,PatchTST,0.4484248459339142,0.0015108585357666016,TimeMixer,0.4469139873981476,0.0
1026,PatchTST,0.44706085324287415,iTransformer,0.4488567113876343,0.0017958581447601318,TimeMixer,0.4527711272239685,0.00571027398109436
1027,TimeMixer,0.4662781357765198,PatchTST,0.4668353796005249,0.000557243824005127,TimeMixer,0.4662781357765198,0.0
1028,iTransformer,0.44217103719711304,PatchTST,0.4478261172771454,0.005655080080032349,TimeMixer,0.4532597064971924,0.011088669300079346
1029,iTransformer,0.4438616931438446,PatchTST,0.4440065622329712,0.00014486908912658691,TimeMixer,0.44692274928092957,0.003061056137084961
1030,TimeMixer,0.4411470293998718,iTransformer,0.4440622925758362,0.0029152631759643555,TimeMixer,0.4411470293998718,0.0
1031,iTransformer,0.44460469484329224,PatchTST,0.4475725293159485,0.00296783447265625,TimeMixer,0.4487692415714264,0.004164546728134155
1032,TimeMixer,0.45133695006370544,PatchTST,0.46317899227142334,0.011842042207717896,TimeMixer,0.45133695006370544,0.0
1033,PatchTST,0.4560118317604065,iTransformer,0.46050071716308594,0.004488885402679443,TimeMixer,0.4670847952365875,0.01107296347618103
1034,iTransformer,0.4579518139362335,PatchTST,0.4637201726436615,0.0057683587074279785,TimeMixer,0.4645163118839264,0.006564497947692871
1035,iTransformer,0.46019604802131653,TimeMixer,0.46122196316719055,0.0010259151458740234,TimeMixer,0.46122196316719055,0.0010259151458740234
1036,iTransformer,0.4497145712375641,TimeMixer,0.4507347643375397,0.001020193099975586,TimeMixer,0.4507347643375397,0.001020193099975586
1037,TimeMixer,0.45050862431526184,PatchTST,0.4531336724758148,0.0026250481605529785,TimeMixer,0.45050862431526184,0.0
1038,TimeMixer,0.4456910490989685,PatchTST,0.4554193615913391,0.009728312492370605,TimeMixer,0.4456910490989685,0.0
1039,PatchTST,0.4498918652534485,TimeMixer,0.4571244716644287,0.007232606410980225,TimeMixer,0.4571244716644287,0.007232606410980225
1040,iTransformer,0.44683361053466797,TimeMixer,0.4594782292842865,0.01264461874961853,TimeMixer,0.4594782292842865,0.01264461874961853
1041,iTransformer,0.4486519992351532,TimeMixer,0.45210161805152893,0.0034496188163757324,TimeMixer,0.45210161805152893,0.0034496188163757324
1042,TimeMixer,0.4481126368045807,iTransformer,0.45408275723457336,0.005970120429992676,TimeMixer,0.4481126368045807,0.0
1043,TimeMixer,0.4482770264148712,iTransformer,0.4522191882133484,0.003942161798477173,TimeMixer,0.4482770264148712,0.0
1044,TimeMixer,0.45827534794807434,iTransformer,0.46078675985336304,0.0025114119052886963,TimeMixer,0.45827534794807434,0.0
1045,PatchTST,0.4552769958972931,iTransformer,0.4558839797973633,0.0006069839000701904,TimeMixer,0.46253839135169983,0.007261395454406738
1046,iTransformer,0.45917582511901855,PatchTST,0.4600583016872406,0.0008824765682220459,TimeMixer,0.46879178285598755,0.009615957736968994
1047,PatchTST,0.45336923003196716,iTransformer,0.4597368836402893,0.0063676536083221436,TimeMixer,0.46354231238365173,0.01017308235168457
1048,PatchTST,0.4583524167537689,TimeMixer,0.4615952968597412,0.00324288010597229,TimeMixer,0.4615952968597412,0.00324288010597229
1049,TimeMixer,0.4578011929988861,iTransformer,0.4599001705646515,0.002098977565765381,TimeMixer,0.4578011929988861,0.0
1050,TimeMixer,0.4574602246284485,iTransformer,0.45759910345077515,0.00013887882232666016,TimeMixer,0.4574602246284485,0.0
1051,iTransformer,0.4564729928970337,TimeMixer,0.4585036337375641,0.0020306408405303955,TimeMixer,0.4585036337375641,0.0020306408405303955
1052,PatchTST,0.45594078302383423,iTransformer,0.45925983786582947,0.0033190548419952393,TimeMixer,0.4630868434906006,0.007146060466766357
1053,TimeMixer,0.45485416054725647,iTransformer,0.4555627703666687,0.0007086098194122314,TimeMixer,0.45485416054725647,0.0
1054,iTransformer,0.4500010311603546,TimeMixer,0.46077269315719604,0.01077166199684143,TimeMixer,0.46077269315719604,0.01077166199684143
1055,iTransformer,0.45523393154144287,TimeMixer,0.4572615325450897,0.0020276010036468506,TimeMixer,0.4572615325450897,0.0020276010036468506
1056,TimeMixer,0.45470696687698364,PatchTST,0.45645737648010254,0.0017504096031188965,TimeMixer,0.45470696687698364,0.0
1057,TimeMixer,0.4218412935733795,iTransformer,0.4339393079280853,0.01209801435470581,TimeMixer,0.4218412935733795,0.0
1058,TimeMixer,0.44105440378189087,PatchTST,0.44825050234794617,0.007196098566055298,TimeMixer,0.44105440378189087,0.0
1059,TimeMixer,0.44319090247154236,PatchTST,0.44336238503456116,0.00017148256301879883,TimeMixer,0.44319090247154236,0.0
1060,PatchTST,0.4452345669269562,iTransformer,0.44541090726852417,0.00017634034156799316,TimeMixer,0.4514654278755188,0.006230860948562622
1061,TimeMixer,0.47814497351646423,PatchTST,0.490488737821579,0.012343764305114746,TimeMixer,0.47814497351646423,0.0
1062,TimeMixer,0.4839993119239807,iTransformer,0.48839715123176575,0.004397839307785034,TimeMixer,0.4839993119239807,0.0
1063,iTransformer,0.48093104362487793,PatchTST,0.48272037506103516,0.0017893314361572266,TimeMixer,0.4912663400173187,0.010335296392440796
1064,TimeMixer,0.4794715642929077,iTransformer,0.4818451702594757,0.002373605966567993,TimeMixer,0.4794715642929077,0.0
1065,PatchTST,0.48140838742256165,iTransformer,0.48622867465019226,0.004820287227630615,TimeMixer,0.4879211187362671,0.006512731313705444
1066,iTransformer,0.48196637630462646,PatchTST,0.4831477701663971,0.0011813938617706299,TimeMixer,0.48743900656700134,0.005472630262374878
1067,TimeMixer,0.47779566049575806,PatchTST,0.4785270094871521,0.000731348991394043,TimeMixer,0.47779566049575806,0.0
1068,PatchTST,0.48071733117103577,TimeMixer,0.48156723380088806,0.0008499026298522949,TimeMixer,0.48156723380088806,0.0008499026298522949
1069,PatchTST,0.47886356711387634,TimeMixer,0.4806046783924103,0.0017411112785339355,TimeMixer,0.4806046783924103,0.0017411112785339355
1070,PatchTST,0.48247572779655457,TimeMixer,0.48513999581336975,0.0026642680168151855,TimeMixer,0.48513999581336975,0.0026642680168151855
1071,iTransformer,0.4826188385486603,PatchTST,0.483216792345047,0.0005979537963867188,TimeMixer,0.48796170949935913,0.0053428709506988525
1072,iTransformer,0.48587289452552795,PatchTST,0.48901695013046265,0.0031440556049346924,TimeMixer,0.490517258644104,0.00464436411857605
1073,TimeMixer,0.48449960350990295,iTransformer,0.48855510354042053,0.004055500030517578,TimeMixer,0.48449960350990295,0.0
1074,iTransformer,0.487475723028183,TimeMixer,0.48821207880973816,0.0007363557815551758,TimeMixer,0.48821207880973816,0.0007363557815551758
1075,PatchTST,0.4834167957305908,TimeMixer,0.4853734076023102,0.0019566118717193604,TimeMixer,0.4853734076023102,0.0019566118717193604
1076,TimeMixer,0.48961639404296875,iTransformer,0.49247506260871887,0.002858668565750122,TimeMixer,0.48961639404296875,0.0
1077,iTransformer,0.483198881149292,TimeMixer,0.48499488830566406,0.0017960071563720703,TimeMixer,0.48499488830566406,0.0017960071563720703
1078,PatchTST,0.48635584115982056,TimeMixer,0.48791518807411194,0.0015593469142913818,TimeMixer,0.48791518807411194,0.0015593469142913818
1079,TimeMixer,0.49058252573013306,PatchTST,0.4908442795276642,0.00026175379753112793,TimeMixer,0.49058252573013306,0.0
1080,iTransformer,0.4903433322906494,TimeMixer,0.4937482476234436,0.0034049153327941895,TimeMixer,0.4937482476234436,0.0034049153327941895
1081,TimeMixer,0.487120121717453,PatchTST,0.4896768033504486,0.0025566816329956055,TimeMixer,0.487120121717453,0.0
1082,PatchTST,0.4889579117298126,TimeMixer,0.49121880531311035,0.0022608935832977295,TimeMixer,0.49121880531311035,0.0022608935832977295
1083,PatchTST,0.49736976623535156,iTransformer,0.4991428852081299,0.0017731189727783203,TimeMixer,0.5073542594909668,0.009984493255615234
1084,iTransformer,0.49430856108665466,TimeMixer,0.5003297924995422,0.006021231412887573,TimeMixer,0.5003297924995422,0.006021231412887573
1085,iTransformer,0.49033123254776,DLinear,0.49267059564590454,0.0023393630981445312,TimeMixer,0.4941002130508423,0.0037689805030822754
1086,TimeMixer,0.49379763007164,iTransformer,0.49420076608657837,0.0004031360149383545,TimeMixer,0.49379763007164,0.0
1087,TimeMixer,0.49127116799354553,PatchTST,0.49743548035621643,0.0061643123626708984,TimeMixer,0.49127116799354553,0.0
1088,PatchTST,0.49614882469177246,iTransformer,0.49754878878593445,0.0013999640941619873,TimeMixer,0.4977424144744873,0.0015935897827148438
1089,iTransformer,0.49665477871894836,PatchTST,0.4999414086341858,0.0032866299152374268,TimeMixer,0.503279447555542,0.006624668836593628
1090,DLinear,0.48077645897865295,TimeMixer,0.48804500699043274,0.007268548011779785,TimeMixer,0.48804500699043274,0.007268548011779785
1091,TimeMixer,0.486815869808197,iTransformer,0.4924790859222412,0.0056632161140441895,TimeMixer,0.486815869808197,0.0
1092,TimeMixer,0.4857403039932251,DLinear,0.49119073152542114,0.005450427532196045,TimeMixer,0.4857403039932251,0.0
1093,TimeMixer,0.4872428774833679,DLinear,0.488525390625,0.00128251314163208,TimeMixer,0.4872428774833679,0.0
1094,TimeMixer,0.48795145750045776,DLinear,0.49591127038002014,0.007959812879562378,TimeMixer,0.48795145750045776,0.0
1095,TimeMixer,0.49418899416923523,iTransformer,0.49444180727005005,0.00025281310081481934,TimeMixer,0.49418899416923523,0.0
1096,DLinear,0.4970889389514923,iTransformer,0.49776187539100647,0.0006729364395141602,TimeMixer,0.5009205341339111,0.0038315951824188232
1097,DLinear,0.49877122044563293,TimeMixer,0.4992239475250244,0.0004527270793914795,TimeMixer,0.4992239475250244,0.0004527270793914795
1098,DLinear,0.5006234049797058,TimeMixer,0.5037322044372559,0.003108799457550049,TimeMixer,0.5037322044372559,0.003108799457550049
1099,TimeMixer,0.4970742166042328,DLinear,0.4978049099445343,0.0007306933403015137,TimeMixer,0.4970742166042328,0.0
1100,TimeMixer,0.49897661805152893,PatchTST,0.5020329356193542,0.0030563175678253174,TimeMixer,0.49897661805152893,0.0
1101,PatchTST,0.49758321046829224,TimeMixer,0.4990912973880768,0.001508086919784546,TimeMixer,0.4990912973880768,0.001508086919784546
1102,iTransformer,0.4962051808834076,TimeMixer,0.49836304783821106,0.002157866954803467,TimeMixer,0.49836304783821106,0.002157866954803467
1103,TimeMixer,0.49547135829925537,DLinear,0.49670320749282837,0.001231849193572998,TimeMixer,0.49547135829925537,0.0
1104,DLinear,0.5528086423873901,TimeMixer,0.5607351660728455,0.007926523685455322,TimeMixer,0.5607351660728455,0.007926523685455322
1105,PatchTST,0.556900143623352,DLinear,0.5569859743118286,8.58306884765625e-05,TimeMixer,0.5583623051643372,0.0014621615409851074
1106,iTransformer,0.5490782856941223,TimeMixer,0.5548234581947327,0.0057451725006103516,TimeMixer,0.5548234581947327,0.0057451725006103516
1107,TimeMixer,0.5498059988021851,DLinear,0.5537304878234863,0.0039244890213012695,TimeMixer,0.5498059988021851,0.0
1108,DLinear,0.555220901966095,TimeMixer,0.5579115748405457,0.0026906728744506836,TimeMixer,0.5579115748405457,0.0026906728744506836
1109,PatchTST,0.5730267763137817,TimeMixer,0.5741294026374817,0.0011026263236999512,TimeMixer,0.5741294026374817,0.0011026263236999512
1110,iTransformer,0.5734929442405701,TimeMixer,0.5745542645454407,0.0010613203048706055,TimeMixer,0.5745542645454407,0.0010613203048706055
1111,DLinear,0.5706116557121277,TimeMixer,0.5710949897766113,0.0004833340644836426,TimeMixer,0.5710949897766113,0.0004833340644836426
1112,TimeMixer,0.5732992887496948,DLinear,0.5785441398620605,0.005244851112365723,TimeMixer,0.5732992887496948,0.0
1113,TimeMixer,0.5744794607162476,DLinear,0.580512285232544,0.006032824516296387,TimeMixer,0.5744794607162476,0.0
1114,TimeMixer,0.5758926272392273,iTransformer,0.5801341533660889,0.004241526126861572,TimeMixer,0.5758926272392273,0.0
1115,TimeMixer,0.5621634721755981,iTransformer,0.5687801241874695,0.006616652011871338,TimeMixer,0.5621634721755981,0.0
1116,DLinear,0.5653157234191895,PatchTST,0.5654413104057312,0.00012558698654174805,TimeMixer,0.5697860717773438,0.004470348358154297
1117,PatchTST,0.5626645684242249,DLinear,0.563219428062439,0.0005548596382141113,TimeMixer,0.5673365592956543,0.004671990871429443
1118,iTransformer,0.5561094880104065,PatchTST,0.5575509667396545,0.0014414787292480469,TimeMixer,0.5598817467689514,0.003772258758544922
1119,PatchTST,0.554632842540741,TimeMixer,0.556219756603241,0.0015869140625,TimeMixer,0.556219756603241,0.0015869140625
1120,iTransformer,0.547611653804779,PatchTST,0.5524129271507263,0.004801273345947266,TimeMixer,0.5565162897109985,0.008904635906219482
1121,TimeMixer,0.5462936758995056,iTransformer,0.5480849146842957,0.001791238784790039,TimeMixer,0.5462936758995056,0.0
1122,TimeMixer,0.5492236018180847,iTransformer,0.5570420622825623,0.007818460464477539,TimeMixer,0.5492236018180847,0.0
1123,DLinear,0.5570249557495117,TimeMixer,0.5584635138511658,0.0014385581016540527,TimeMixer,0.5584635138511658,0.0014385581016540527
1124,TimeMixer,0.5423745512962341,PatchTST,0.5486575961112976,0.0062830448150634766,TimeMixer,0.5423745512962341,0.0
1125,TimeMixer,0.5447748899459839,iTransformer,0.5530628561973572,0.008287966251373291,TimeMixer,0.5447748899459839,0.0
1126,TimeMixer,0.5467843413352966,DLinear,0.5489293336868286,0.0021449923515319824,TimeMixer,0.5467843413352966,0.0
1127,iTransformer,0.5377599596977234,TimeMixer,0.540666937828064,0.002906978130340576,TimeMixer,0.540666937828064,0.002906978130340576
1128,TimeMixer,0.5359146595001221,iTransformer,0.5422400832176208,0.006325423717498779,TimeMixer,0.5359146595001221,0.0
1129,TimeMixer,0.5548454523086548,iTransformer,0.5567158460617065,0.0018703937530517578,TimeMixer,0.5548454523086548,0.0
1130,iTransformer,0.5712359547615051,TimeMixer,0.5729684233665466,0.001732468605041504,TimeMixer,0.5729684233665466,0.001732468605041504
1131,PatchTST,0.5745293498039246,DLinear,0.5777811408042908,0.003251791000366211,TimeMixer,0.5780775547027588,0.0035482048988342285
1132,PatchTST,0.5730428099632263,TimeMixer,0.5755521655082703,0.0025093555450439453,TimeMixer,0.5755521655082703,0.0025093555450439453
1133,TimeMixer,0.5619866251945496,PatchTST,0.5706948041915894,0.008708178997039795,TimeMixer,0.5619866251945496,0.0
1134,TimeMixer,0.5678809285163879,iTransformer,0.5736082196235657,0.005727291107177734,TimeMixer,0.5678809285163879,0.0
1135,DLinear,0.5697939991950989,TimeMixer,0.5714214444160461,0.0016274452209472656,TimeMixer,0.5714214444160461,0.0016274452209472656
1136,TimeMixer,0.5490950345993042,DLinear,0.5510817170143127,0.001986682415008545,TimeMixer,0.5490950345993042,0.0
1137,PatchTST,0.5536098480224609,TimeMixer,0.5578842163085938,0.0042743682861328125,TimeMixer,0.5578842163085938,0.0042743682861328125
1138,TimeMixer,0.5513014197349548,DLinear,0.5518181324005127,0.0005167126655578613,TimeMixer,0.5513014197349548,0.0
1139,TimeMixer,0.5477997064590454,DLinear,0.5481694340705872,0.00036972761154174805,TimeMixer,0.5477997064590454,0.0
1140,TimeMixer,0.5481744408607483,DLinear,0.5517258644104004,0.0035514235496520996,TimeMixer,0.5481744408607483,0.0
1141,TimeMixer,0.5637063980102539,DLinear,0.5646750926971436,0.0009686946868896484,TimeMixer,0.5637063980102539,0.0
1142,DLinear,0.5622669458389282,TimeMixer,0.5669163465499878,0.00464940071105957,TimeMixer,0.5669163465499878,0.00464940071105957
1143,TimeMixer,0.5584883689880371,iTransformer,0.5602389574050903,0.0017505884170532227,TimeMixer,0.5584883689880371,0.0
1144,DLinear,0.5566750168800354,TimeMixer,0.560287356376648,0.003612339496612549,TimeMixer,0.560287356376648,0.003612339496612549
1145,TimeMixer,0.5575464367866516,DLinear,0.5585486888885498,0.0010022521018981934,TimeMixer,0.5575464367866516,0.0
1146,TimeMixer,0.5581972599029541,iTransformer,0.5630413889884949,0.0048441290855407715,TimeMixer,0.5581972599029541,0.0
1147,TimeMixer,0.5632539391517639,DLinear,0.5650051832199097,0.001751244068145752,TimeMixer,0.5632539391517639,0.0
1148,DLinear,0.5540083646774292,iTransformer,0.5553937554359436,0.0013853907585144043,TimeMixer,0.560448169708252,0.006439805030822754
1149,iTransformer,0.5055767297744751,TimeMixer,0.5081232190132141,0.0025464892387390137,TimeMixer,0.5081232190132141,0.0025464892387390137
1150,DLinear,0.503371000289917,iTransformer,0.5069018602371216,0.00353085994720459,TimeMixer,0.5090364813804626,0.005665481090545654
1151,PatchTST,0.503329336643219,DLinear,0.5097195506095886,0.006390213966369629,TimeMixer,0.5121878981590271,0.008858561515808105
1152,TimeMixer,0.5052385330200195,DLinear,0.5069734454154968,0.001734912395477295,TimeMixer,0.5052385330200195,0.0
1153,TimeMixer,0.5020825862884521,iTransformer,0.5072441697120667,0.005161583423614502,TimeMixer,0.5020825862884521,0.0
1154,TimeMixer,0.50332111120224,DLinear,0.5132431983947754,0.0099220871925354,TimeMixer,0.50332111120224,0.0
1155,DLinear,0.4997241199016571,iTransformer,0.5009558200836182,0.0012317001819610596,TimeMixer,0.5013232231140137,0.0015991032123565674
1156,PatchTST,0.5032212734222412,iTransformer,0.5038084387779236,0.000587165355682373,TimeMixer,0.5078267455101013,0.004605472087860107
1157,PatchTST,0.4997223913669586,DLinear,0.5011242032051086,0.0014018118381500244,TimeMixer,0.5108572244644165,0.011134833097457886
1158,iTransformer,0.5017069578170776,TimeMixer,0.50352543592453,0.0018184781074523926,TimeMixer,0.50352543592453,0.0018184781074523926
1159,iTransformer,0.507389485836029,TimeMixer,0.5077301859855652,0.0003407001495361328,TimeMixer,0.5077301859855652,0.0003407001495361328
1160,TimeMixer,0.5042812824249268,PatchTST,0.5082473754882812,0.003966093063354492,TimeMixer,0.5042812824249268,0.0
1161,TimeMixer,0.5094336271286011,PatchTST,0.5130847096443176,0.0036510825157165527,TimeMixer,0.5094336271286011,0.0
1162,TimeMixer,0.5038676261901855,PatchTST,0.5076035857200623,0.003735959529876709,TimeMixer,0.5038676261901855,0.0
1163,iTransformer,0.5232733488082886,DLinear,0.5242611169815063,0.0009877681732177734,TimeMixer,0.5255966186523438,0.0023232698440551758
1164,TimeMixer,0.5251592993736267,PatchTST,0.5264092683792114,0.0012499690055847168,TimeMixer,0.5251592993736267,0.0
1165,iTransformer,0.5180795788764954,TimeMixer,0.5194657444953918,0.0013861656188964844,TimeMixer,0.5194657444953918,0.0013861656188964844
1166,TimeMixer,0.5095381140708923,iTransformer,0.5146453976631165,0.005107283592224121,TimeMixer,0.5095381140708923,0.0
1167,DLinear,0.5107036828994751,PatchTST,0.5156622529029846,0.0049585700035095215,TimeMixer,0.5193784236907959,0.0086747407913208
1168,TimeMixer,0.5154121518135071,iTransformer,0.5156536102294922,0.00024145841598510742,TimeMixer,0.5154121518135071,0.0
1169,DLinear,0.512603759765625,TimeMixer,0.514750063419342,0.002146303653717041,TimeMixer,0.514750063419342,0.002146303653717041
1170,TimeMixer,0.5152446031570435,iTransformer,0.5185919404029846,0.003347337245941162,TimeMixer,0.5152446031570435,0.0
1171,PatchTST,0.5136669874191284,TimeMixer,0.51656574010849,0.0028987526893615723,TimeMixer,0.51656574010849,0.0028987526893615723
1172,TimeMixer,0.5168258547782898,DLinear,0.5239090323448181,0.00708317756652832,TimeMixer,0.5168258547782898,0.0
1173,DLinear,0.5125053524971008,TimeMixer,0.5194926261901855,0.006987273693084717,TimeMixer,0.5194926261901855,0.006987273693084717
1174,DLinear,0.5057679414749146,TimeMixer,0.5083418488502502,0.0025739073753356934,TimeMixer,0.5083418488502502,0.0025739073753356934
1175,DLinear,0.5091787576675415,TimeMixer,0.5181527733802795,0.008974015712738037,TimeMixer,0.5181527733802795,0.008974015712738037
1176,DLinear,0.515457034111023,PatchTST,0.5245650410652161,0.009108006954193115,TimeMixer,0.5249358415603638,0.00947880744934082
1177,DLinear,0.49986833333969116,TimeMixer,0.525488018989563,0.025619685649871826,TimeMixer,0.525488018989563,0.025619685649871826
1178,DLinear,0.49790918827056885,TimeMixer,0.5119380950927734,0.01402890682220459,TimeMixer,0.5119380950927734,0.01402890682220459
1179,DLinear,0.49312618374824524,TimeMixer,0.49568644165992737,0.002560257911682129,TimeMixer,0.49568644165992737,0.002560257911682129
1180,DLinear,0.48999541997909546,TimeMixer,0.49672195315361023,0.0067265331745147705,TimeMixer,0.49672195315361023,0.0067265331745147705
1181,TimeMixer,0.48149871826171875,DLinear,0.48430919647216797,0.0028104782104492188,TimeMixer,0.48149871826171875,0.0
1182,TimeMixer,0.482651025056839,DLinear,0.48774468898773193,0.005093663930892944,TimeMixer,0.482651025056839,0.0
1183,DLinear,0.4819231927394867,TimeMixer,0.48480814695358276,0.0028849542140960693,TimeMixer,0.48480814695358276,0.0028849542140960693
1184,DLinear,0.47360074520111084,TimeMixer,0.4839213192462921,0.010320574045181274,TimeMixer,0.4839213192462921,0.010320574045181274
1185,DLinear,0.4750342071056366,TimeMixer,0.48316287994384766,0.00812867283821106,TimeMixer,0.48316287994384766,0.00812867283821106
1186,DLinear,0.46122661232948303,TimeMixer,0.47797539830207825,0.016748785972595215,TimeMixer,0.47797539830207825,0.016748785972595215
1187,DLinear,0.4650212228298187,TimeMixer,0.4703936278820038,0.005372405052185059,TimeMixer,0.4703936278820038,0.005372405052185059
1188,DLinear,0.4508463442325592,TimeMixer,0.45434579253196716,0.003499448299407959,TimeMixer,0.45434579253196716,0.003499448299407959
1189,DLinear,0.4375850260257721,TimeMixer,0.45902544260025024,0.02144041657447815,TimeMixer,0.45902544260025024,0.02144041657447815
1190,DLinear,0.436856210231781,TimeMixer,0.4721030294895172,0.035246819257736206,TimeMixer,0.4721030294895172,0.035246819257736206
1191,DLinear,0.4399786591529846,TimeMixer,0.45541462302207947,0.015435963869094849,TimeMixer,0.45541462302207947,0.015435963869094849
1192,DLinear,0.44005855917930603,TimeMixer,0.4536345303058624,0.013575971126556396,TimeMixer,0.4536345303058624,0.013575971126556396
1193,DLinear,0.4333086907863617,TimeMixer,0.45344433188438416,0.02013564109802246,TimeMixer,0.45344433188438416,0.02013564109802246
1194,DLinear,0.44778886437416077,TimeMixer,0.4515374004840851,0.0037485361099243164,TimeMixer,0.4515374004840851,0.0037485361099243164
1195,DLinear,0.48810622096061707,TimeMixer,0.49042218923568726,0.0023159682750701904,TimeMixer,0.49042218923568726,0.0023159682750701904
1196,DLinear,0.4881144165992737,TimeMixer,0.4933120310306549,0.005197614431381226,TimeMixer,0.4933120310306549,0.005197614431381226
1197,DLinear,0.5009841918945312,TimeMixer,0.5038201212882996,0.0028359293937683105,TimeMixer,0.5038201212882996,0.0028359293937683105
1198,DLinear,0.5085198283195496,TimeMixer,0.511067271232605,0.00254744291305542,TimeMixer,0.511067271232605,0.00254744291305542
1199,TimeMixer,0.513392984867096,DLinear,0.5248568654060364,0.01146388053894043,TimeMixer,0.513392984867096,0.0
1200,TimeMixer,0.5137218236923218,DLinear,0.5157692432403564,0.002047419548034668,TimeMixer,0.5137218236923218,0.0
1201,iTransformer,0.502596378326416,PatchTST,0.5060132145881653,0.0034168362617492676,TimeMixer,0.5084500908851624,0.005853712558746338
1202,iTransformer,0.505547046661377,TimeMixer,0.5065070390701294,0.0009599924087524414,TimeMixer,0.5065070390701294,0.0009599924087524414
1203,TimeMixer,0.501322865486145,PatchTST,0.5091521143913269,0.007829248905181885,TimeMixer,0.501322865486145,0.0
1204,DLinear,0.49849700927734375,TimeMixer,0.5017986297607422,0.0033016204833984375,TimeMixer,0.5017986297607422,0.0033016204833984375
1205,PatchTST,0.4979061782360077,DLinear,0.502771258354187,0.004865080118179321,TimeMixer,0.5035384297370911,0.005632251501083374
1206,iTransformer,0.5044411420822144,PatchTST,0.5051279664039612,0.0006868243217468262,TimeMixer,0.5072747468948364,0.0028336048126220703
1207,TimeMixer,0.498826265335083,PatchTST,0.5035008192062378,0.004674553871154785,TimeMixer,0.498826265335083,0.0
1208,PatchTST,0.5104304552078247,TimeMixer,0.5150966644287109,0.0046662092208862305,TimeMixer,0.5150966644287109,0.0046662092208862305
1209,TimeMixer,0.5073262453079224,PatchTST,0.5130523443222046,0.0057260990142822266,TimeMixer,0.5073262453079224,0.0
1210,PatchTST,0.5054562091827393,TimeMixer,0.5160161852836609,0.01055997610092163,TimeMixer,0.5160161852836609,0.01055997610092163
1211,PatchTST,0.5135873556137085,TimeMixer,0.5140209197998047,0.0004335641860961914,TimeMixer,0.5140209197998047,0.0004335641860961914
1212,iTransformer,0.5017231702804565,TimeMixer,0.502984344959259,0.0012611746788024902,TimeMixer,0.502984344959259,0.0012611746788024902
1213,PatchTST,0.5024392008781433,iTransformer,0.5055474638938904,0.0031082630157470703,TimeMixer,0.5165224671363831,0.014083266258239746
1214,iTransformer,0.5022535920143127,TimeMixer,0.507744312286377,0.005490720272064209,TimeMixer,0.507744312286377,0.005490720272064209
1215,iTransformer,0.5060527920722961,PatchTST,0.5106752514839172,0.004622459411621094,TimeMixer,0.5138883590698242,0.007835566997528076
1216,iTransformer,0.506632924079895,PatchTST,0.5084107518196106,0.0017778277397155762,TimeMixer,0.5116977095603943,0.005064785480499268
1217,PatchTST,0.49965640902519226,TimeMixer,0.5062332153320312,0.006576806306838989,TimeMixer,0.5062332153320312,0.006576806306838989
1218,iTransformer,0.5061092972755432,PatchTST,0.5108751654624939,0.004765868186950684,TimeMixer,0.5127933621406555,0.006684064865112305
1219,PatchTST,0.5161343812942505,iTransformer,0.5209141373634338,0.00477975606918335,TimeMixer,0.5216987729072571,0.005564391613006592
1220,PatchTST,0.5183268785476685,iTransformer,0.5232317447662354,0.0049048662185668945,TimeMixer,0.5324468612670898,0.014119982719421387
1221,iTransformer,0.5168492197990417,PatchTST,0.521545946598053,0.0046967267990112305,TimeMixer,0.5292239785194397,0.01237475872039795
1222,iTransformer,0.521382212638855,PatchTST,0.5245463848114014,0.0031641721725463867,TimeMixer,0.5263245701789856,0.004942357540130615
1223,TimeMixer,0.521491527557373,iTransformer,0.5218343138694763,0.0003427863121032715,TimeMixer,0.521491527557373,0.0
1224,PatchTST,0.5240627527236938,iTransformer,0.5246647596359253,0.0006020069122314453,TimeMixer,0.5283950567245483,0.004332304000854492
1225,iTransformer,0.5244466662406921,PatchTST,0.525668203830719,0.0012215375900268555,TimeMixer,0.5259526968002319,0.001506030559539795
1226,TimeMixer,0.5153779983520508,iTransformer,0.5176264643669128,0.0022484660148620605,TimeMixer,0.5153779983520508,0.0
1227,iTransformer,0.5116278529167175,TimeMixer,0.5133293271064758,0.0017014741897583008,TimeMixer,0.5133293271064758,0.0017014741897583008
1228,PatchTST,0.5085371732711792,iTransformer,0.5149627327919006,0.0064255595207214355,TimeMixer,0.5188633799552917,0.010326206684112549
1229,PatchTST,0.46748968958854675,iTransformer,0.46811139583587646,0.0006217062473297119,TimeMixer,0.47132059931755066,0.0038309097290039062
1230,iTransformer,0.4659665524959564,PatchTST,0.4703044891357422,0.004337936639785767,TimeMixer,0.4775802195072174,0.011613667011260986
1231,PatchTST,0.4789832830429077,iTransformer,0.47946658730506897,0.0004833042621612549,TimeMixer,0.48941776156425476,0.010434478521347046
1232,PatchTST,0.4787166118621826,iTransformer,0.4827079772949219,0.003991365432739258,TimeMixer,0.48786622285842896,0.009149610996246338
1233,PatchTST,0.47632232308387756,iTransformer,0.4776712656021118,0.001348942518234253,TimeMixer,0.483308881521225,0.006986558437347412
1234,iTransformer,0.48559460043907166,TimeMixer,0.4870964288711548,0.0015018284320831299,TimeMixer,0.4870964288711548,0.0015018284320831299
1235,PatchTST,0.4779174327850342,iTransformer,0.48265528678894043,0.00473785400390625,TimeMixer,0.4893684387207031,0.011451005935668945
1236,PatchTST,0.48535123467445374,iTransformer,0.4913517236709595,0.006000488996505737,TimeMixer,0.5017258524894714,0.0163746178150177
1237,iTransformer,0.47419166564941406,PatchTST,0.48687344789505005,0.012681782245635986,TimeMixer,0.49039196968078613,0.01620030403137207
1238,iTransformer,0.4794149398803711,PatchTST,0.4810265004634857,0.001611560583114624,TimeMixer,0.4959416687488556,0.016526728868484497
1239,PatchTST,0.4800429046154022,iTransformer,0.4814363121986389,0.0013934075832366943,TimeMixer,0.48798269033432007,0.007939785718917847
1240,PatchTST,0.47863516211509705,iTransformer,0.4842994809150696,0.005664318799972534,TimeMixer,0.4911983013153076,0.012563139200210571
1241,PatchTST,0.4724266827106476,iTransformer,0.4785368740558624,0.006110191345214844,TimeMixer,0.4874309301376343,0.015004247426986694
1242,iTransformer,0.47044825553894043,PatchTST,0.48446333408355713,0.0140150785446167,TimeMixer,0.49040931463241577,0.019961059093475342
1243,PatchTST,0.47871145606040955,iTransformer,0.4811292290687561,0.0024177730083465576,TimeMixer,0.48803430795669556,0.00932285189628601
1244,PatchTST,0.4737463891506195,iTransformer,0.4796801209449768,0.0059337317943573,TimeMixer,0.4999782145023346,0.026231825351715088
1245,iTransformer,0.4812007248401642,TimeMixer,0.4828264117240906,0.0016256868839263916,TimeMixer,0.4828264117240906,0.0016256868839263916
1246,iTransformer,0.47666096687316895,TimeMixer,0.48231053352355957,0.005649566650390625,TimeMixer,0.48231053352355957,0.005649566650390625
1247,PatchTST,0.4782462418079376,iTransformer,0.4819549024105072,0.00370866060256958,TimeMixer,0.4922543168067932,0.01400807499885559
1248,PatchTST,0.47554147243499756,iTransformer,0.4763266146183014,0.000785142183303833,TimeMixer,0.49253109097480774,0.01698961853981018
1249,iTransformer,0.47944796085357666,PatchTST,0.48371461033821106,0.004266649484634399,TimeMixer,0.4913310110569,0.011883050203323364
1250,TimeMixer,0.47880464792251587,PatchTST,0.481028288602829,0.0022236406803131104,TimeMixer,0.47880464792251587,0.0
1251,PatchTST,0.4629308581352234,iTransformer,0.4737250506877899,0.010794192552566528,TimeMixer,0.48162809014320374,0.018697232007980347
1252,PatchTST,0.46635517477989197,iTransformer,0.4694540798664093,0.003098905086517334,TimeMixer,0.4819447696208954,0.015589594841003418
1253,iTransformer,0.4669630825519562,PatchTST,0.4689907729625702,0.0020276904106140137,TimeMixer,0.4718458950519562,0.0048828125
1254,iTransformer,0.4764854311943054,PatchTST,0.4787798523902893,0.0022944211959838867,TimeMixer,0.48694488406181335,0.010459452867507935
1255,PatchTST,0.4731788635253906,iTransformer,0.4798203110694885,0.0066414475440979,TimeMixer,0.4893099367618561,0.016131073236465454
1256,PatchTST,0.5115732550621033,iTransformer,0.520810604095459,0.009237349033355713,TimeMixer,0.5265927910804749,0.015019536018371582
1257,PatchTST,0.5126482844352722,iTransformer,0.5163346529006958,0.003686368465423584,TimeMixer,0.5273298621177673,0.014681577682495117
1258,iTransformer,0.5374040603637695,TimeMixer,0.5407428741455078,0.0033388137817382812,TimeMixer,0.5407428741455078,0.0033388137817382812
1259,PatchTST,0.5396580696105957,iTransformer,0.5425485968589783,0.0028905272483825684,TimeMixer,0.5482575297355652,0.008599460124969482
1260,iTransformer,0.543849766254425,PatchTST,0.5450894236564636,0.0012396574020385742,TimeMixer,0.5455738306045532,0.0017240643501281738
1261,PatchTST,0.541680097579956,TimeMixer,0.5461658835411072,0.004485785961151123,TimeMixer,0.5461658835411072,0.004485785961151123
1262,PatchTST,0.5398194193840027,TimeMixer,0.544812798500061,0.00499337911605835,TimeMixer,0.544812798500061,0.00499337911605835
1263,PatchTST,0.5358700752258301,DLinear,0.5424590706825256,0.006588995456695557,TimeMixer,0.5458172559738159,0.00994718074798584
1264,iTransformer,0.5331752896308899,PatchTST,0.539656400680542,0.0064811110496521,TimeMixer,0.5412436723709106,0.008068382740020752
1265,TimeMixer,0.5339997410774231,iTransformer,0.5371571183204651,0.003157377243041992,TimeMixer,0.5339997410774231,0.0
1266,TimeMixer,0.5331243872642517,iTransformer,0.5386911630630493,0.005566775798797607,TimeMixer,0.5331243872642517,0.0
1267,PatchTST,0.5372472405433655,iTransformer,0.5375835299491882,0.0003362894058227539,TimeMixer,0.5420531034469604,0.004805862903594971
1268,iTransformer,0.5397340655326843,PatchTST,0.5443041920661926,0.004570126533508301,TimeMixer,0.5456829071044922,0.005948841571807861
1269,iTransformer,0.5396145582199097,PatchTST,0.5410696864128113,0.0014551281929016113,TimeMixer,0.5446703433990479,0.005055785179138184
1270,DLinear,0.5394834876060486,PatchTST,0.5422011613845825,0.0027176737785339355,TimeMixer,0.5485458970069885,0.009062409400939941
1271,PatchTST,0.5408097505569458,iTransformer,0.5446707606315613,0.0038610100746154785,TimeMixer,0.5485613942146301,0.007751643657684326
1272,PatchTST,0.4839727282524109,TimeMixer,0.48493513464927673,0.0009624063968658447,TimeMixer,0.48493513464927673,0.0009624063968658447
1273,iTransformer,0.48555150628089905,TimeMixer,0.4860450327396393,0.0004935264587402344,TimeMixer,0.4860450327396393,0.0004935264587402344
1274,iTransformer,0.480070561170578,PatchTST,0.4806380867958069,0.0005675256252288818,TimeMixer,0.4862476885318756,0.006177127361297607
1275,TimeMixer,0.4744727313518524,PatchTST,0.47800636291503906,0.0035336315631866455,TimeMixer,0.4744727313518524,0.0
1276,PatchTST,0.5036778450012207,DLinear,0.5062903165817261,0.002612471580505371,TimeMixer,0.5081560015678406,0.004478156566619873
1277,iTransformer,0.48215270042419434,DLinear,0.4854919910430908,0.0033392906188964844,TimeMixer,0.4963901937007904,0.01423749327659607
1278,DLinear,0.4901440143585205,PatchTST,0.49429458379745483,0.004150569438934326,TimeMixer,0.49998992681503296,0.009845912456512451
1279,iTransformer,0.4920097589492798,PatchTST,0.49291202425956726,0.0009022653102874756,TimeMixer,0.4933640658855438,0.001354306936264038
1280,PatchTST,0.4876815676689148,DLinear,0.48943856358528137,0.0017569959163665771,TimeMixer,0.4917275011539459,0.004045933485031128
1281,TimeMixer,0.4765901565551758,DLinear,0.4854458272457123,0.008855670690536499,TimeMixer,0.4765901565551758,0.0
1282,TimeMixer,0.4789537191390991,PatchTST,0.47980695962905884,0.0008532404899597168,TimeMixer,0.4789537191390991,0.0
1283,PatchTST,0.4794374108314514,iTransformer,0.48117509484291077,0.0017376840114593506,TimeMixer,0.48245593905448914,0.0030185282230377197
1284,iTransformer,0.4769240915775299,TimeMixer,0.4825945794582367,0.005670487880706787,TimeMixer,0.4825945794582367,0.005670487880706787
1285,iTransformer,0.4756670594215393,PatchTST,0.47858384251594543,0.002916783094406128,TimeMixer,0.4799525737762451,0.0042855143547058105
1286,TimeMixer,0.47647881507873535,iTransformer,0.4804916977882385,0.004012882709503174,TimeMixer,0.47647881507873535,0.0
1287,PatchTST,0.47757020592689514,iTransformer,0.4792341887950897,0.00166398286819458,TimeMixer,0.4879112243652344,0.010341018438339233
1288,TimeMixer,0.49463602900505066,iTransformer,0.49487966299057007,0.00024363398551940918,TimeMixer,0.49463602900505066,0.0
1289,iTransformer,0.4978425204753876,TimeMixer,0.49992987513542175,0.0020873546600341797,TimeMixer,0.49992987513542175,0.0020873546600341797
1290,iTransformer,0.4939940273761749,PatchTST,0.4954008460044861,0.0014068186283111572,TimeMixer,0.4997885525226593,0.005794525146484375
1291,PatchTST,0.49622172117233276,TimeMixer,0.4970357120037079,0.0008139908313751221,TimeMixer,0.4970357120037079,0.0008139908313751221
1292,PatchTST,0.49189630150794983,DLinear,0.49290093779563904,0.001004636287689209,TimeMixer,0.4930632412433624,0.0011669397354125977
1293,PatchTST,0.49314332008361816,TimeMixer,0.49645936489105225,0.003316044807434082,TimeMixer,0.49645936489105225,0.003316044807434082
1294,iTransformer,0.49787241220474243,TimeMixer,0.4993244707584381,0.0014520585536956787,TimeMixer,0.4993244707584381,0.0014520585536956787
1295,DLinear,0.49361324310302734,iTransformer,0.4969193637371063,0.0033061206340789795,TimeMixer,0.5003576874732971,0.006744444370269775
1296,DLinear,0.49751925468444824,iTransformer,0.5001689791679382,0.0026497244834899902,TimeMixer,0.5003117918968201,0.002792537212371826
1297,iTransformer,0.4837331175804138,PatchTST,0.48550015687942505,0.0017670392990112305,TimeMixer,0.4919162094593048,0.008183091878890991
1298,iTransformer,0.4929445683956146,DLinear,0.4974781274795532,0.004533559083938599,TimeMixer,0.5014968514442444,0.00855228304862976
1299,DLinear,0.49091199040412903,iTransformer,0.4950365424156189,0.004124552011489868,TimeMixer,0.49565011262893677,0.004738122224807739
1300,iTransformer,0.49807071685791016,DLinear,0.498933881521225,0.0008631646633148193,TimeMixer,0.5038096904754639,0.005738973617553711
1301,PatchTST,0.5207023620605469,DLinear,0.5207194089889526,1.704692840576172e-05,TimeMixer,0.5269836187362671,0.006281256675720215
1302,DLinear,0.522017240524292,iTransformer,0.5264892578125,0.004472017288208008,TimeMixer,0.5269047617912292,0.004887521266937256
1303,iTransformer,0.5267515778541565,DLinear,0.5281252264976501,0.0013736486434936523,TimeMixer,0.5302615165710449,0.0035099387168884277
1304,DLinear,0.520789623260498,TimeMixer,0.5308114290237427,0.010021805763244629,TimeMixer,0.5308114290237427,0.010021805763244629
1305,DLinear,0.5237797498703003,PatchTST,0.5247787833213806,0.0009990334510803223,TimeMixer,0.531366229057312,0.007586479187011719
1306,DLinear,0.5272787809371948,PatchTST,0.5296198725700378,0.0023410916328430176,TimeMixer,0.5325610637664795,0.005282282829284668
1307,DLinear,0.5385775566101074,PatchTST,0.5396507978439331,0.0010732412338256836,TimeMixer,0.5476266145706177,0.009049057960510254
1308,iTransformer,0.5387505292892456,DLinear,0.5444228649139404,0.005672335624694824,TimeMixer,0.5468011498451233,0.008050620555877686
1309,TimeMixer,0.5304194092750549,DLinear,0.532143771648407,0.0017243623733520508,TimeMixer,0.5304194092750549,0.0
1310,DLinear,0.5262173414230347,TimeMixer,0.5288505554199219,0.002633213996887207,TimeMixer,0.5288505554199219,0.002633213996887207
1311,DLinear,0.5248160362243652,TimeMixer,0.5303412675857544,0.00552523136138916,TimeMixer,0.5303412675857544,0.00552523136138916
1312,DLinear,0.5329654216766357,PatchTST,0.5350598692893982,0.002094447612762451,TimeMixer,0.5358395576477051,0.002874135971069336
1313,iTransformer,0.5358695983886719,DLinear,0.5377944111824036,0.0019248127937316895,TimeMixer,0.5390815734863281,0.00321197509765625
1314,DLinear,0.5298787951469421,TimeMixer,0.5329515933990479,0.003072798252105713,TimeMixer,0.5329515933990479,0.003072798252105713
1315,TimeMixer,0.5371295213699341,PatchTST,0.5374282598495483,0.0002987384796142578,TimeMixer,0.5371295213699341,0.0
1316,PatchTST,0.5345462560653687,DLinear,0.5376906991004944,0.0031444430351257324,TimeMixer,0.5388880968093872,0.004341840744018555
1317,iTransformer,0.5346943140029907,PatchTST,0.5354272723197937,0.0007329583168029785,TimeMixer,0.5443083643913269,0.009614050388336182
1318,iTransformer,0.5308752059936523,DLinear,0.5311353802680969,0.0002601742744445801,TimeMixer,0.5313025712966919,0.0004273653030395508
1319,PatchTST,0.5312731862068176,DLinear,0.5343680381774902,0.0030948519706726074,TimeMixer,0.5373721718788147,0.00609898567199707
1320,TimeMixer,0.5313583016395569,iTransformer,0.5404407978057861,0.009082496166229248,TimeMixer,0.5313583016395569,0.0
1321,PatchTST,0.5502721071243286,DLinear,0.5523615479469299,0.0020894408226013184,TimeMixer,0.5588889122009277,0.008616805076599121
1322,TimeMixer,0.5439594984054565,DLinear,0.5450207591056824,0.00106126070022583,TimeMixer,0.5439594984054565,0.0
1323,iTransformer,0.5401737689971924,TimeMixer,0.5437749028205872,0.0036011338233947754,TimeMixer,0.5437749028205872,0.0036011338233947754
1324,iTransformer,0.5430495738983154,DLinear,0.5527175068855286,0.009667932987213135,TimeMixer,0.5531699657440186,0.010120391845703125
1325,PatchTST,0.5546624064445496,iTransformer,0.5568134784698486,0.0021510720252990723,TimeMixer,0.5640496015548706,0.009387195110321045
1326,iTransformer,0.5554692149162292,PatchTST,0.5562663078308105,0.0007970929145812988,TimeMixer,0.5607227087020874,0.005253493785858154
1327,PatchTST,0.5466773509979248,iTransformer,0.5564976930618286,0.009820342063903809,TimeMixer,0.5686107873916626,0.021933436393737793
1328,PatchTST,0.556451678276062,iTransformer,0.5569249987602234,0.00047332048416137695,TimeMixer,0.5663763880729675,0.009924709796905518
1329,PatchTST,0.549213707447052,iTransformer,0.5551049113273621,0.005891203880310059,TimeMixer,0.5612108707427979,0.01199716329574585
1330,PatchTST,0.5585230588912964,TimeMixer,0.5594962239265442,0.0009731650352478027,TimeMixer,0.5594962239265442,0.0009731650352478027
1331,PatchTST,0.5360307097434998,iTransformer,0.5395495295524597,0.003518819808959961,TimeMixer,0.5469040870666504,0.010873377323150635
1332,iTransformer,0.5363855361938477,PatchTST,0.5402213335037231,0.0038357973098754883,TimeMixer,0.541887640953064,0.005502104759216309
1333,PatchTST,0.535619854927063,iTransformer,0.5375086069107056,0.0018887519836425781,TimeMixer,0.5418827533721924,0.0062628984451293945
1334,PatchTST,0.5432581901550293,iTransformer,0.543987512588501,0.0007293224334716797,TimeMixer,0.5493276119232178,0.0060694217681884766
1335,PatchTST,0.5451715588569641,DLinear,0.5527330040931702,0.007561445236206055,TimeMixer,0.5575070381164551,0.012335479259490967
1336,PatchTST,0.5475171208381653,iTransformer,0.5483814477920532,0.0008643269538879395,TimeMixer,0.5519320368766785,0.004414916038513184
1337,PatchTST,0.5502916574478149,iTransformer,0.5506798028945923,0.00038814544677734375,TimeMixer,0.5600897669792175,0.009798109531402588
1338,iTransformer,0.5369212627410889,PatchTST,0.5486590266227722,0.01173776388168335,TimeMixer,0.5514776110649109,0.014556348323822021
1339,iTransformer,0.538308322429657,TimeMixer,0.5481909513473511,0.009882628917694092,TimeMixer,0.5481909513473511,0.009882628917694092
1340,TimeMixer,0.5417704582214355,iTransformer,0.543823778629303,0.0020533204078674316,TimeMixer,0.5417704582214355,0.0
1341,iTransformer,0.5389509201049805,PatchTST,0.5427766442298889,0.0038257241249084473,TimeMixer,0.5470118522644043,0.008060932159423828
1342,iTransformer,0.5356516242027283,PatchTST,0.5430216193199158,0.0073699951171875,TimeMixer,0.5517203211784363,0.016068696975708008
1343,iTransformer,0.5319029092788696,PatchTST,0.5376858115196228,0.005782902240753174,TimeMixer,0.5449368357658386,0.013033926486968994
1344,iTransformer,0.53327876329422,PatchTST,0.5387261509895325,0.0054473876953125,TimeMixer,0.5428555011749268,0.009576737880706787
1345,PatchTST,0.5440637469291687,TimeMixer,0.5453565716743469,0.0012928247451782227,TimeMixer,0.5453565716743469,0.0012928247451782227
1346,PatchTST,0.5503438115119934,TimeMixer,0.5522486567497253,0.0019048452377319336,TimeMixer,0.5522486567497253,0.0019048452377319336
1347,PatchTST,0.5486979484558105,iTransformer,0.5516819357872009,0.002983987331390381,TimeMixer,0.552777886390686,0.004079937934875488
1348,PatchTST,0.5507344603538513,iTransformer,0.5521582365036011,0.0014237761497497559,TimeMixer,0.5537976026535034,0.0030631422996520996
1349,iTransformer,0.5455361008644104,PatchTST,0.5508698225021362,0.00533372163772583,TimeMixer,0.557805061340332,0.01226896047592163
1350,PatchTST,0.55171138048172,TimeMixer,0.5553043484687805,0.003592967987060547,TimeMixer,0.5553043484687805,0.003592967987060547
1351,PatchTST,0.5548378825187683,TimeMixer,0.5624169111251831,0.007579028606414795,TimeMixer,0.5624169111251831,0.007579028606414795
1352,iTransformer,0.5471199750900269,PatchTST,0.555054783821106,0.007934808731079102,TimeMixer,0.5644791722297668,0.01735919713973999
1353,iTransformer,0.5496554374694824,PatchTST,0.555257260799408,0.005601823329925537,TimeMixer,0.5624569058418274,0.01280146837234497
1354,iTransformer,0.5554715991020203,TimeMixer,0.5594417452812195,0.003970146179199219,TimeMixer,0.5594417452812195,0.003970146179199219
1355,TimeMixer,0.5528749823570251,PatchTST,0.5555456280708313,0.0026706457138061523,TimeMixer,0.5528749823570251,0.0
1356,TimeMixer,0.5542429685592651,PatchTST,0.5548378825187683,0.0005949139595031738,TimeMixer,0.5542429685592651,0.0
1357,PatchTST,0.549350917339325,iTransformer,0.5581339597702026,0.008783042430877686,TimeMixer,0.5621863007545471,0.012835383415222168
1358,PatchTST,0.5504016876220703,TimeMixer,0.5512905120849609,0.000888824462890625,TimeMixer,0.5512905120849609,0.000888824462890625
1359,PatchTST,0.5489171147346497,iTransformer,0.5500760078430176,0.00115889310836792,TimeMixer,0.5583001375198364,0.009383022785186768
1360,iTransformer,0.5481568574905396,PatchTST,0.5528768301010132,0.004719972610473633,TimeMixer,0.5562129020690918,0.008056044578552246
1361,PatchTST,0.5491724610328674,iTransformer,0.5537165403366089,0.004544079303741455,TimeMixer,0.5561738014221191,0.007001340389251709
1362,iTransformer,0.5388917326927185,PatchTST,0.5465183258056641,0.007626593112945557,TimeMixer,0.5469362735748291,0.008044540882110596
1363,PatchTST,0.47912877798080444,iTransformer,0.4818953573703766,0.0027665793895721436,TimeMixer,0.4924747943878174,0.01334601640701294
1364,PatchTST,0.4820626676082611,iTransformer,0.4860120117664337,0.003949344158172607,TimeMixer,0.49898311495780945,0.01692044734954834
1365,PatchTST,0.4764087200164795,TimeMixer,0.484851211309433,0.008442491292953491,TimeMixer,0.484851211309433,0.008442491292953491
1366,iTransformer,0.4743797779083252,DLinear,0.47445783019065857,7.805228233337402e-05,TimeMixer,0.48941266536712646,0.01503288745880127
1367,iTransformer,0.4613112509250641,PatchTST,0.4659965932369232,0.004685342311859131,TimeMixer,0.49280038475990295,0.03148913383483887
1368,iTransformer,0.4652045667171478,PatchTST,0.46691232919692993,0.0017077624797821045,TimeMixer,0.47619518637657166,0.010990619659423828
1369,PatchTST,0.4672553241252899,iTransformer,0.47175589203834534,0.00450056791305542,TimeMixer,0.4802522659301758,0.012996941804885864
1370,DLinear,0.4606873095035553,PatchTST,0.4738680422306061,0.013180732727050781,TimeMixer,0.47507673501968384,0.01438942551612854
1371,PatchTST,0.48186907172203064,DLinear,0.4897582530975342,0.00788918137550354,TimeMixer,0.491502046585083,0.009632974863052368
1372,PatchTST,0.4875193238258362,DLinear,0.49044662714004517,0.0029273033142089844,TimeMixer,0.4966045618057251,0.009085237979888916
1373,PatchTST,0.4805959165096283,iTransformer,0.48630720376968384,0.005711287260055542,TimeMixer,0.4901665151119232,0.009570598602294922
1374,iTransformer,0.5058555603027344,TimeMixer,0.5075045228004456,0.0016489624977111816,TimeMixer,0.5075045228004456,0.0016489624977111816
1375,PatchTST,0.5138209462165833,iTransformer,0.5152392387390137,0.00141829252243042,TimeMixer,0.5199927091598511,0.006171762943267822
1376,PatchTST,0.5024088621139526,TimeMixer,0.5049952268600464,0.00258636474609375,TimeMixer,0.5049952268600464,0.00258636474609375
1377,iTransformer,0.5016051530838013,PatchTST,0.5054095387458801,0.0038043856620788574,TimeMixer,0.5062564015388489,0.004651248455047607
1378,iTransformer,0.5010567903518677,PatchTST,0.5025830268859863,0.0015262365341186523,TimeMixer,0.514398455619812,0.013341665267944336
1379,PatchTST,0.5102047324180603,DLinear,0.5109074115753174,0.0007026791572570801,TimeMixer,0.5155476331710815,0.00534290075302124
1380,iTransformer,0.5024254322052002,PatchTST,0.5085316896438599,0.006106257438659668,TimeMixer,0.511261522769928,0.008836090564727783
1381,PatchTST,0.5039006471633911,iTransformer,0.5052502155303955,0.0013495683670043945,TimeMixer,0.5079373717308044,0.00403672456741333
1382,PatchTST,0.5314405560493469,TimeMixer,0.5389453768730164,0.007504820823669434,TimeMixer,0.5389453768730164,0.007504820823669434
1383,iTransformer,0.6107699275016785,PatchTST,0.6112013459205627,0.00043141841888427734,TimeMixer,0.6167473196983337,0.0059773921966552734
1384,iTransformer,0.8111408948898315,PatchTST,0.8156085014343262,0.004467606544494629,TimeMixer,0.8320935368537903,0.02095264196395874
1385,PatchTST,0.8105701208114624,iTransformer,0.8144349455833435,0.0038648247718811035,TimeMixer,0.8282727003097534,0.017702579498291016
1386,PatchTST,0.8135570287704468,iTransformer,0.8295466303825378,0.015989601612091064,TimeMixer,0.8299846649169922,0.01642763614654541
1387,TimeMixer,0.8101021647453308,iTransformer,0.8121757507324219,0.0020735859870910645,TimeMixer,0.8101021647453308,0.0
1388,PatchTST,0.8051201105117798,iTransformer,0.8068164587020874,0.0016963481903076172,TimeMixer,0.8084683418273926,0.003348231315612793
1389,iTransformer,0.8012250065803528,PatchTST,0.802648663520813,0.001423656940460205,TimeMixer,0.8161512017250061,0.01492619514465332
1390,iTransformer,0.8216604590415955,PatchTST,0.8336790800094604,0.01201862096786499,TimeMixer,0.8414856791496277,0.019825220108032227
1391,PatchTST,0.8310394287109375,iTransformer,0.8388703465461731,0.007830917835235596,TimeMixer,0.8582333326339722,0.027193903923034668
1392,PatchTST,0.8360864520072937,iTransformer,0.8460814952850342,0.009995043277740479,TimeMixer,0.8538393378257751,0.017752885818481445
1393,PatchTST,0.8399083018302917,iTransformer,0.8502495288848877,0.010341227054595947,TimeMixer,0.8522334098815918,0.012325108051300049
1394,PatchTST,0.8485490679740906,iTransformer,0.849951982498169,0.0014029145240783691,TimeMixer,0.8618280291557312,0.013278961181640625
1395,iTransformer,0.8468728065490723,PatchTST,0.8492168188095093,0.0023440122604370117,TimeMixer,0.8616114854812622,0.014738678932189941
1396,PatchTST,0.847288966178894,iTransformer,0.8514302372932434,0.004141271114349365,TimeMixer,0.8605837225914001,0.013294756412506104
1397,PatchTST,0.8628392815589905,iTransformer,0.8728392720222473,0.009999990463256836,TimeMixer,0.8758991956710815,0.013059914112091064
1398,iTransformer,0.8687520623207092,PatchTST,0.8694261908531189,0.000674128532409668,TimeMixer,0.8892560005187988,0.0205039381980896
1399,PatchTST,0.854630708694458,iTransformer,0.8633210062980652,0.008690297603607178,TimeMixer,0.8778455853462219,0.023214876651763916
1400,PatchTST,0.8644047975540161,iTransformer,0.8667333722114563,0.0023285746574401855,TimeMixer,0.8888949155807495,0.0244901180267334
1401,PatchTST,0.8659008741378784,iTransformer,0.8702728748321533,0.004372000694274902,TimeMixer,0.8920048475265503,0.026103973388671875
1402,PatchTST,0.8662735819816589,iTransformer,0.8740369081497192,0.007763326168060303,TimeMixer,0.8889979124069214,0.02272433042526245
1403,PatchTST,0.8690343499183655,iTransformer,0.8767865300178528,0.007752180099487305,TimeMixer,0.8771985173225403,0.008164167404174805
1404,iTransformer,0.8675175905227661,PatchTST,0.8720225095748901,0.0045049190521240234,TimeMixer,0.8737317323684692,0.006214141845703125
1405,PatchTST,0.8679770231246948,iTransformer,0.8689566254615784,0.000979602336883545,TimeMixer,0.874183177947998,0.006206154823303223
1406,iTransformer,0.8713635206222534,PatchTST,0.8729022741317749,0.0015387535095214844,TimeMixer,0.8851801753044128,0.013816654682159424
1407,PatchTST,0.8726759552955627,iTransformer,0.8745594024658203,0.0018834471702575684,TimeMixer,0.8779674768447876,0.0052915215492248535
1408,PatchTST,0.8760358691215515,iTransformer,0.8782188892364502,0.0021830201148986816,TimeMixer,0.8799004554748535,0.003864586353302002
1409,iTransformer,0.8653044700622559,PatchTST,0.8688353300094604,0.00353085994720459,TimeMixer,0.8763759136199951,0.011071443557739258
1410,iTransformer,0.8760993480682373,PatchTST,0.8789858222007751,0.002886474132537842,TimeMixer,0.880578339099884,0.0044789910316467285
1411,iTransformer,0.8791604042053223,PatchTST,0.8813014030456543,0.0021409988403320312,TimeMixer,0.888501763343811,0.00934135913848877
1412,PatchTST,0.8888050317764282,iTransformer,0.8893172740936279,0.000512242317199707,TimeMixer,0.9028176665306091,0.014012634754180908
1413,PatchTST,0.8811131715774536,TimeMixer,0.8900442719459534,0.008931100368499756,TimeMixer,0.8900442719459534,0.008931100368499756
1414,PatchTST,0.8670395612716675,TimeMixer,0.8809174299240112,0.01387786865234375,TimeMixer,0.8809174299240112,0.01387786865234375
1415,iTransformer,0.8712442517280579,PatchTST,0.8774070739746094,0.006162822246551514,TimeMixer,0.8856589794158936,0.014414727687835693
1416,iTransformer,0.8802422285079956,PatchTST,0.8841044306755066,0.0038622021675109863,TimeMixer,0.8846538066864014,0.004411578178405762
1417,iTransformer,0.8834942579269409,PatchTST,0.8869929313659668,0.003498673439025879,TimeMixer,0.8984283208847046,0.014934062957763672
1418,iTransformer,0.9085144996643066,PatchTST,0.915747344493866,0.007232844829559326,TimeMixer,0.9252805113792419,0.016766011714935303
1419,PatchTST,0.9185256958007812,iTransformer,0.9236512780189514,0.005125582218170166,TimeMixer,0.9258426427841187,0.007316946983337402
1420,PatchTST,0.9300498962402344,iTransformer,0.935025691986084,0.004975795745849609,TimeMixer,0.9444870948791504,0.014437198638916016
1421,PatchTST,0.9352496266365051,iTransformer,0.9357129335403442,0.00046330690383911133,TimeMixer,0.9446874260902405,0.009437799453735352
1422,iTransformer,0.9265485405921936,PatchTST,0.934549868106842,0.008001327514648438,TimeMixer,0.9383084177970886,0.01175987720489502
1423,PatchTST,0.9208694696426392,TimeMixer,0.9410985112190247,0.020229041576385498,TimeMixer,0.9410985112190247,0.020229041576385498
1424,TimeMixer,0.8860924243927002,PatchTST,0.892418384552002,0.006325960159301758,TimeMixer,0.8860924243927002,0.0
1425,PatchTST,0.877848744392395,iTransformer,0.8893029093742371,0.011454164981842041,TimeMixer,0.9074675440788269,0.029618799686431885
1426,PatchTST,0.8642956018447876,iTransformer,0.8657122850418091,0.0014166831970214844,TimeMixer,0.8767726421356201,0.01247704029083252
1427,iTransformer,0.8550307750701904,PatchTST,0.861592173576355,0.006561398506164551,TimeMixer,0.8778759241104126,0.022845149040222168
1428,iTransformer,0.8676573634147644,PatchTST,0.8706254363059998,0.0029680728912353516,TimeMixer,0.8795603513717651,0.011902987957000732
1429,PatchTST,0.8517255187034607,iTransformer,0.8652113080024719,0.01348578929901123,TimeMixer,0.8810535669326782,0.02932804822921753
1430,PatchTST,0.8624791502952576,iTransformer,0.8650103211402893,0.0025311708450317383,TimeMixer,0.8894914984703064,0.027012348175048828
1431,PatchTST,0.8600138425827026,iTransformer,0.8698121309280396,0.009798288345336914,TimeMixer,0.8775872588157654,0.017573416233062744
1432,iTransformer,0.8740109801292419,PatchTST,0.8741380572319031,0.0001270771026611328,TimeMixer,0.8795769810676575,0.005566000938415527
1433,PatchTST,0.8674595952033997,iTransformer,0.8756370544433594,0.008177459239959717,TimeMixer,0.8876774311065674,0.020217835903167725
1434,iTransformer,0.8743270039558411,PatchTST,0.8768877387046814,0.002560734748840332,TimeMixer,0.890623927116394,0.01629692316055298
1435,iTransformer,0.874221682548523,PatchTST,0.8794862031936646,0.0052645206451416016,TimeMixer,0.8951811790466309,0.02095949649810791
1436,iTransformer,0.8868281841278076,PatchTST,0.8896580934524536,0.002829909324645996,TimeMixer,0.898592472076416,0.011764287948608398
1437,PatchTST,0.8808753490447998,iTransformer,0.8844902515411377,0.0036149024963378906,TimeMixer,0.8948450684547424,0.013969719409942627
1438,iTransformer,0.919653058052063,TimeMixer,0.9201216101646423,0.0004685521125793457,TimeMixer,0.9201216101646423,0.0004685521125793457
1439,PatchTST,0.9188719391822815,iTransformer,0.9213806986808777,0.0025087594985961914,TimeMixer,0.9283011555671692,0.009429216384887695
1440,iTransformer,0.9116953611373901,PatchTST,0.9206650257110596,0.008969664573669434,TimeMixer,0.9252655506134033,0.013570189476013184
1441,TimeMixer,0.911780595779419,PatchTST,0.9127001166343689,0.0009195208549499512,TimeMixer,0.911780595779419,0.0
1442,iTransformer,0.9242421984672546,TimeMixer,0.931700587272644,0.007458388805389404,TimeMixer,0.931700587272644,0.007458388805389404
1443,PatchTST,0.9205708503723145,iTransformer,0.9301336407661438,0.009562790393829346,TimeMixer,0.936835527420044,0.016264677047729492
1444,PatchTST,0.9036006927490234,iTransformer,0.9089166522026062,0.005315959453582764,TimeMixer,0.9383106231689453,0.034709930419921875
1445,PatchTST,0.9045073986053467,iTransformer,0.9098011255264282,0.005293726921081543,TimeMixer,0.9223702549934387,0.01786285638809204
1446,PatchTST,0.8914562463760376,iTransformer,0.8992535471916199,0.007797300815582275,TimeMixer,0.9048047661781311,0.013348519802093506
1447,iTransformer,0.8883005976676941,PatchTST,0.9014425873756409,0.013141989707946777,TimeMixer,0.9078511595726013,0.019550561904907227
1448,PatchTST,0.9224287867546082,TimeMixer,0.945522665977478,0.023093879222869873,TimeMixer,0.945522665977478,0.023093879222869873
1449,PatchTST,0.9385223388671875,iTransformer,0.9514025449752808,0.012880206108093262,TimeMixer,0.9660341143608093,0.027511775493621826
1450,PatchTST,0.9506837129592896,iTransformer,0.951479434967041,0.0007957220077514648,TimeMixer,0.964053750038147,0.013370037078857422
1451,PatchTST,0.9559998512268066,iTransformer,0.9585240483283997,0.0025241971015930176,TimeMixer,0.9641843438148499,0.008184492588043213
1452,PatchTST,0.9439144134521484,iTransformer,0.9504071474075317,0.006492733955383301,TimeMixer,0.9622591137886047,0.0183447003364563
1453,iTransformer,0.9380255341529846,PatchTST,0.943576991558075,0.005551457405090332,TimeMixer,0.9660199284553528,0.027994394302368164
1454,PatchTST,0.9484516382217407,TimeMixer,0.9608346819877625,0.012383043766021729,TimeMixer,0.9608346819877625,0.012383043766021729
1455,iTransformer,0.9485259056091309,PatchTST,0.9529219269752502,0.004396021366119385,TimeMixer,0.971210777759552,0.022684872150421143
1456,iTransformer,0.9319989085197449,PatchTST,0.9344560503959656,0.002457141876220703,TimeMixer,0.9472290873527527,0.015230178833007812
1457,iTransformer,0.9267276525497437,PatchTST,0.9298650622367859,0.0031374096870422363,TimeMixer,0.9479047656059265,0.02117711305618286
1458,iTransformer,0.9276155829429626,PatchTST,0.9339476227760315,0.006332039833068848,TimeMixer,0.9604532122612,0.032837629318237305
1459,PatchTST,0.9393754005432129,TimeMixer,0.9414761662483215,0.0021007657051086426,TimeMixer,0.9414761662483215,0.0021007657051086426
1460,DLinear,0.9365374445915222,TimeMixer,0.9397305250167847,0.003193080425262451,TimeMixer,0.9397305250167847,0.003193080425262451
1461,DLinear,0.9263730645179749,TimeMixer,0.9332005381584167,0.0068274736404418945,TimeMixer,0.9332005381584167,0.0068274736404418945
1462,DLinear,0.9264299273490906,iTransformer,0.9353561401367188,0.008926212787628174,TimeMixer,0.9424210786819458,0.015991151332855225
1463,DLinear,0.9343504309654236,TimeMixer,0.9394916296005249,0.005141198635101318,TimeMixer,0.9394916296005249,0.005141198635101318
1464,DLinear,0.9324983954429626,PatchTST,0.9397778511047363,0.007279455661773682,TimeMixer,0.9411755800247192,0.008677184581756592
1465,TimeMixer,0.9443696141242981,DLinear,0.945793867111206,0.001424252986907959,TimeMixer,0.9443696141242981,0.0
1466,DLinear,0.9099637866020203,TimeMixer,0.9146300554275513,0.004666268825531006,TimeMixer,0.9146300554275513,0.004666268825531006
1467,TimeMixer,0.9107582569122314,DLinear,0.9185229539871216,0.007764697074890137,TimeMixer,0.9107582569122314,0.0
1468,DLinear,0.9126866459846497,TimeMixer,0.9218176007270813,0.00913095474243164,TimeMixer,0.9218176007270813,0.00913095474243164
1469,DLinear,0.8895671367645264,TimeMixer,0.9119330048561096,0.022365868091583252,TimeMixer,0.9119330048561096,0.022365868091583252
1470,DLinear,0.8720413446426392,iTransformer,0.891187310218811,0.019145965576171875,TimeMixer,0.892133891582489,0.020092546939849854
1471,DLinear,0.8871352672576904,PatchTST,0.8965436220169067,0.009408354759216309,TimeMixer,0.9074795842170715,0.020344316959381104
1472,DLinear,0.8755947947502136,iTransformer,0.891560435295105,0.015965640544891357,TimeMixer,0.899654746055603,0.024059951305389404
1473,DLinear,0.8762446641921997,iTransformer,0.8960384130477905,0.01979374885559082,TimeMixer,0.9066649079322815,0.030420243740081787
1474,DLinear,0.8895163536071777,TimeMixer,0.8905960917472839,0.0010797381401062012,TimeMixer,0.8905960917472839,0.0010797381401062012
1475,DLinear,0.8721609711647034,TimeMixer,0.8787549138069153,0.006593942642211914,TimeMixer,0.8787549138069153,0.006593942642211914
1476,iTransformer,0.8726058006286621,DLinear,0.8760941028594971,0.003488302230834961,TimeMixer,0.8798156976699829,0.007209897041320801
1477,DLinear,0.8724726438522339,PatchTST,0.8798085451126099,0.0073359012603759766,TimeMixer,0.8826557397842407,0.010183095932006836
1478,DLinear,0.876393735408783,TimeMixer,0.8802550435066223,0.0038613080978393555,TimeMixer,0.8802550435066223,0.0038613080978393555
1479,DLinear,0.8642933964729309,iTransformer,0.8799280524253845,0.015634655952453613,TimeMixer,0.8827739953994751,0.01848059892654419
1480,DLinear,0.8696179986000061,TimeMixer,0.8726292848587036,0.0030112862586975098,TimeMixer,0.8726292848587036,0.0030112862586975098
1481,TimeMixer,0.8679081201553345,DLinear,0.8682746887207031,0.00036656856536865234,TimeMixer,0.8679081201553345,0.0
1482,PatchTST,0.8744425177574158,DLinear,0.8746323585510254,0.00018984079360961914,TimeMixer,0.8791327476501465,0.004690229892730713
1483,iTransformer,0.856875479221344,DLinear,0.8632179498672485,0.006342470645904541,TimeMixer,0.8668559193611145,0.009980440139770508
1484,DLinear,0.8648508787155151,TimeMixer,0.8710837364196777,0.006232857704162598,TimeMixer,0.8710837364196777,0.006232857704162598
1485,DLinear,0.8911575078964233,TimeMixer,0.8998783826828003,0.008720874786376953,TimeMixer,0.8998783826828003,0.008720874786376953
1486,TimeMixer,0.8845311403274536,DLinear,0.8908923864364624,0.006361246109008789,TimeMixer,0.8845311403274536,0.0
1487,DLinear,0.8854727745056152,iTransformer,0.8932656645774841,0.0077928900718688965,TimeMixer,0.8962996602058411,0.01082688570022583
1488,DLinear,0.8844494819641113,TimeMixer,0.8945699334144592,0.0101204514503479,TimeMixer,0.8945699334144592,0.0101204514503479
1489,TimeMixer,0.9459366798400879,DLinear,0.9498171210289001,0.003880441188812256,TimeMixer,0.9459366798400879,0.0
1490,DLinear,0.9334294199943542,TimeMixer,0.9568939208984375,0.023464500904083252,TimeMixer,0.9568939208984375,0.023464500904083252
1491,DLinear,0.9442592859268188,TimeMixer,0.957783043384552,0.013523757457733154,TimeMixer,0.957783043384552,0.013523757457733154
1492,DLinear,0.9429265856742859,TimeMixer,0.9584633111953735,0.015536725521087646,TimeMixer,0.9584633111953735,0.015536725521087646
1493,DLinear,0.9291590452194214,PatchTST,0.9452187418937683,0.016059696674346924,TimeMixer,0.9527013897895813,0.023542344570159912
1494,TimeMixer,0.9357695579528809,PatchTST,0.9495254755020142,0.0137559175491333,TimeMixer,0.9357695579528809,0.0
1495,TimeMixer,0.931878924369812,PatchTST,0.9341708421707153,0.0022919178009033203,TimeMixer,0.931878924369812,0.0
1496,DLinear,0.9324522614479065,TimeMixer,0.9364976286888123,0.004045367240905762,TimeMixer,0.9364976286888123,0.004045367240905762
1497,DLinear,0.9252423048019409,TimeMixer,0.9338126182556152,0.008570313453674316,TimeMixer,0.9338126182556152,0.008570313453674316
1498,TimeMixer,0.9292788505554199,DLinear,0.9319010972976685,0.002622246742248535,TimeMixer,0.9292788505554199,0.0
1499,TimeMixer,0.9248529076576233,DLinear,0.9313004612922668,0.006447553634643555,TimeMixer,0.9248529076576233,0.0
1500,DLinear,0.9314169883728027,TimeMixer,0.9411259889602661,0.009709000587463379,TimeMixer,0.9411259889602661,0.009709000587463379
1501,DLinear,0.9345360994338989,iTransformer,0.9448121190071106,0.01027601957321167,TimeMixer,0.9455179572105408,0.010981857776641846
1502,iTransformer,0.9379187226295471,DLinear,0.9394783973693848,0.0015596747398376465,TimeMixer,0.9455328583717346,0.0076141357421875
1503,DLinear,0.919915497303009,iTransformer,0.9452894330024719,0.02537393569946289,TimeMixer,0.9480237364768982,0.02810823917388916
1504,DLinear,0.9353367686271667,TimeMixer,0.9390038847923279,0.003667116165161133,TimeMixer,0.9390038847923279,0.003667116165161133
1505,DLinear,0.9321654438972473,PatchTST,0.934360682964325,0.0021952390670776367,TimeMixer,0.9359748363494873,0.0038093924522399902
1506,TimeMixer,0.930267870426178,DLinear,0.934217631816864,0.003949761390686035,TimeMixer,0.930267870426178,0.0
1507,TimeMixer,0.9370990991592407,iTransformer,0.945040225982666,0.007941126823425293,TimeMixer,0.9370990991592407,0.0
1508,TimeMixer,0.9426248669624329,DLinear,0.9442293047904968,0.0016044378280639648,TimeMixer,0.9426248669624329,0.0
1509,TimeMixer,0.9427266716957092,PatchTST,0.9435362815856934,0.0008096098899841309,TimeMixer,0.9427266716957092,0.0
1510,DLinear,0.9437851905822754,TimeMixer,0.9446709156036377,0.0008857250213623047,TimeMixer,0.9446709156036377,0.0008857250213623047
1511,TimeMixer,0.9434760212898254,DLinear,0.945142388343811,0.0016663670539855957,TimeMixer,0.9434760212898254,0.0
1512,iTransformer,0.9490721821784973,TimeMixer,0.9514937400817871,0.002421557903289795,TimeMixer,0.9514937400817871,0.002421557903289795
1513,TimeMixer,0.9569177031517029,DLinear,0.962743878364563,0.005826175212860107,TimeMixer,0.9569177031517029,0.0
1514,TimeMixer,0.941005527973175,iTransformer,0.9513605833053589,0.010355055332183838,TimeMixer,0.941005527973175,0.0
1515,PatchTST,0.9469193816184998,TimeMixer,0.9495693445205688,0.002649962902069092,TimeMixer,0.9495693445205688,0.002649962902069092
1516,PatchTST,0.9539363384246826,iTransformer,0.9547274708747864,0.0007911324501037598,TimeMixer,0.9576385021209717,0.0037021636962890625
1517,DLinear,0.9529120326042175,iTransformer,0.9614744782447815,0.008562445640563965,TimeMixer,0.9700702428817749,0.017158210277557373
1518,TimeMixer,0.9507097601890564,iTransformer,0.9511713981628418,0.0004616379737854004,TimeMixer,0.9507097601890564,0.0
1519,TimeMixer,0.9401677250862122,iTransformer,0.9661095142364502,0.025941789150238037,TimeMixer,0.9401677250862122,0.0
1520,PatchTST,0.9495074152946472,iTransformer,0.954068660736084,0.004561245441436768,TimeMixer,0.9631703495979309,0.013662934303283691
1521,iTransformer,0.9354454874992371,PatchTST,0.9463677406311035,0.010922253131866455,TimeMixer,0.9607858061790466,0.02534031867980957
1522,iTransformer,0.9298184514045715,TimeMixer,0.9393603205680847,0.009541869163513184,TimeMixer,0.9393603205680847,0.009541869163513184
1523,iTransformer,0.9431067109107971,TimeMixer,0.9529824256896973,0.009875714778900146,TimeMixer,0.9529824256896973,0.009875714778900146
1524,PatchTST,0.9522882103919983,TimeMixer,0.9582695960998535,0.005981385707855225,TimeMixer,0.9582695960998535,0.005981385707855225
1525,iTransformer,0.9531762003898621,PatchTST,0.9547348022460938,0.0015586018562316895,TimeMixer,0.9601547718048096,0.00697857141494751
1526,PatchTST,0.9537774324417114,iTransformer,0.9559851884841919,0.0022077560424804688,TimeMixer,0.957431972026825,0.0036545395851135254
1527,PatchTST,0.9584269523620605,iTransformer,0.9594643115997314,0.0010373592376708984,TimeMixer,0.960282027721405,0.0018550753593444824
1528,iTransformer,0.9396344423294067,TimeMixer,0.9543961882591248,0.014761745929718018,TimeMixer,0.9543961882591248,0.014761745929718018
1529,TimeMixer,0.955960214138031,iTransformer,0.9569556713104248,0.0009954571723937988,TimeMixer,0.955960214138031,0.0
1530,TimeMixer,0.9529923796653748,iTransformer,0.9634520411491394,0.010459661483764648,TimeMixer,0.9529923796653748,0.0
1531,iTransformer,0.9605076909065247,TimeMixer,0.9655023217201233,0.004994630813598633,TimeMixer,0.9655023217201233,0.004994630813598633
1532,iTransformer,0.9631541967391968,TimeMixer,0.964891791343689,0.0017375946044921875,TimeMixer,0.964891791343689,0.0017375946044921875
1533,iTransformer,0.9570801258087158,PatchTST,0.9628958702087402,0.005815744400024414,TimeMixer,0.9648230671882629,0.007742941379547119
1534,TimeMixer,0.9735336303710938,iTransformer,0.9743855595588684,0.0008519291877746582,TimeMixer,0.9735336303710938,0.0
1535,TimeMixer,0.9720318913459778,PatchTST,0.9745058417320251,0.0024739503860473633,TimeMixer,0.9720318913459778,0.0
1536,TimeMixer,0.9842028021812439,PatchTST,0.9927941560745239,0.00859135389328003,TimeMixer,0.9842028021812439,0.0
1537,iTransformer,1.0209861993789673,PatchTST,1.0268245935440063,0.0058383941650390625,TimeMixer,1.03419828414917,0.013212084770202637
1538,PatchTST,1.0274397134780884,TimeMixer,1.0293569564819336,0.0019172430038452148,TimeMixer,1.0293569564819336,0.0019172430038452148
1539,PatchTST,1.0038408041000366,iTransformer,1.0068750381469727,0.003034234046936035,TimeMixer,1.013928771018982,0.010087966918945312
1540,DLinear,1.0047056674957275,iTransformer,1.0084298849105835,0.003724217414855957,TimeMixer,1.0089877843856812,0.004282116889953613
1541,TimeMixer,1.0062326192855835,DLinear,1.0090094804763794,0.0027768611907958984,TimeMixer,1.0062326192855835,0.0
1542,TimeMixer,0.9738157987594604,iTransformer,0.9832895398139954,0.009473741054534912,TimeMixer,0.9738157987594604,0.0
1543,DLinear,0.9788296222686768,PatchTST,0.9815857410430908,0.0027561187744140625,TimeMixer,0.981673002243042,0.0028433799743652344
1544,PatchTST,0.9832103252410889,DLinear,0.9844195246696472,0.0012091994285583496,TimeMixer,0.9888758063316345,0.005665481090545654
1545,TimeMixer,0.9916273951530457,DLinear,0.9953711628913879,0.003743767738342285,TimeMixer,0.9916273951530457,0.0
1546,DLinear,0.9941619634628296,TimeMixer,0.9997097253799438,0.005547761917114258,TimeMixer,0.9997097253799438,0.005547761917114258
1547,TimeMixer,0.9947493672370911,PatchTST,1.003900408744812,0.009151041507720947,TimeMixer,0.9947493672370911,0.0
1548,TimeMixer,0.9968205690383911,PatchTST,1.0019453763961792,0.005124807357788086,TimeMixer,0.9968205690383911,0.0
1549,DLinear,1.006285309791565,TimeMixer,1.0073785781860352,0.0010932683944702148,TimeMixer,1.0073785781860352,0.0010932683944702148
1550,TimeMixer,0.9778849482536316,DLinear,0.978325366973877,0.00044041872024536133,TimeMixer,0.9778849482536316,0.0
1551,TimeMixer,0.9049221873283386,iTransformer,0.9171870946884155,0.012264907360076904,TimeMixer,0.9049221873283386,0.0
1552,PatchTST,0.7340013384819031,TimeMixer,0.7393093705177307,0.005308032035827637,TimeMixer,0.7393093705177307,0.005308032035827637
1553,DLinear,0.7362405061721802,iTransformer,0.7408348917961121,0.004594385623931885,TimeMixer,0.7516993284225464,0.015458822250366211
1554,DLinear,0.716782808303833,PatchTST,0.7400383949279785,0.023255586624145508,TimeMixer,0.7536033987998962,0.03682059049606323
1555,DLinear,0.7287452220916748,TimeMixer,0.7446211576461792,0.015875935554504395,TimeMixer,0.7446211576461792,0.015875935554504395
1556,TimeMixer,0.7318732738494873,DLinear,0.7344361543655396,0.002562880516052246,TimeMixer,0.7318732738494873,0.0
1557,TimeMixer,0.7377362251281738,DLinear,0.7433781623840332,0.005641937255859375,TimeMixer,0.7377362251281738,0.0
1558,DLinear,0.7117800712585449,TimeMixer,0.7157975435256958,0.004017472267150879,TimeMixer,0.7157975435256958,0.004017472267150879
1559,DLinear,0.6915227174758911,TimeMixer,0.6991003155708313,0.0075775980949401855,TimeMixer,0.6991003155708313,0.0075775980949401855
1560,DLinear,0.7041606903076172,TimeMixer,0.7169448733329773,0.012784183025360107,TimeMixer,0.7169448733329773,0.012784183025360107
1561,DLinear,0.6986595392227173,TimeMixer,0.7133088111877441,0.014649271965026855,TimeMixer,0.7133088111877441,0.014649271965026855
1562,DLinear,0.6773539781570435,iTransformer,0.6966295838356018,0.01927560567855835,TimeMixer,0.6997610926628113,0.022407114505767822
1563,iTransformer,0.6974104046821594,DLinear,0.7010164856910706,0.003606081008911133,TimeMixer,0.7027921080589294,0.0053817033767700195
1564,TimeMixer,0.6810776591300964,DLinear,0.6822396516799927,0.0011619925498962402,TimeMixer,0.6810776591300964,0.0
1565,TimeMixer,0.6638105511665344,DLinear,0.6674801707267761,0.0036696195602416992,TimeMixer,0.6638105511665344,0.0
1566,TimeMixer,0.6523280143737793,DLinear,0.6622385382652283,0.009910523891448975,TimeMixer,0.6523280143737793,0.0
1567,DLinear,0.6653496623039246,PatchTST,0.6654599905014038,0.00011032819747924805,TimeMixer,0.6693245768547058,0.00397491455078125
1568,TimeMixer,0.6555910706520081,PatchTST,0.6662230491638184,0.010631978511810303,TimeMixer,0.6555910706520081,0.0
1569,TimeMixer,0.6506298780441284,iTransformer,0.6534080505371094,0.002778172492980957,TimeMixer,0.6506298780441284,0.0
1570,TimeMixer,0.6521965861320496,DLinear,0.6710160374641418,0.018819451332092285,TimeMixer,0.6521965861320496,0.0
1571,DLinear,0.6592052578926086,TimeMixer,0.6623687744140625,0.0031635165214538574,TimeMixer,0.6623687744140625,0.0031635165214538574
1572,TimeMixer,0.6572270393371582,PatchTST,0.6717328429222107,0.01450580358505249,TimeMixer,0.6572270393371582,0.0
1573,TimeMixer,0.6548264026641846,iTransformer,0.6698673963546753,0.015040993690490723,TimeMixer,0.6548264026641846,0.0
1574,DLinear,0.6514131426811218,TimeMixer,0.6636792421340942,0.012266099452972412,TimeMixer,0.6636792421340942,0.012266099452972412
1575,DLinear,0.6642853617668152,TimeMixer,0.6676939725875854,0.0034086108207702637,TimeMixer,0.6676939725875854,0.0034086108207702637
1576,PatchTST,0.6553027033805847,TimeMixer,0.6555508375167847,0.00024813413619995117,TimeMixer,0.6555508375167847,0.00024813413619995117
1577,TimeMixer,0.6483969688415527,PatchTST,0.6696709394454956,0.02127397060394287,TimeMixer,0.6483969688415527,0.0
1578,DLinear,0.6516373753547668,TimeMixer,0.6559839844703674,0.004346609115600586,TimeMixer,0.6559839844703674,0.004346609115600586
1579,TimeMixer,0.6564560532569885,DLinear,0.6616784334182739,0.0052223801612854,TimeMixer,0.6564560532569885,0.0
1580,DLinear,0.6592789888381958,TimeMixer,0.6603367924690247,0.0010578036308288574,TimeMixer,0.6603367924690247,0.0010578036308288574
1581,TimeMixer,0.6469773650169373,DLinear,0.6624879240989685,0.01551055908203125,TimeMixer,0.6469773650169373,0.0
1582,DLinear,0.6506799459457397,TimeMixer,0.6527299880981445,0.002050042152404785,TimeMixer,0.6527299880981445,0.002050042152404785
1583,DLinear,0.6560748815536499,PatchTST,0.6647919416427612,0.008717060089111328,TimeMixer,0.6779638528823853,0.02188897132873535
1584,TimeMixer,0.6663649678230286,PatchTST,0.6705557703971863,0.004190802574157715,TimeMixer,0.6663649678230286,0.0
1585,DLinear,0.6579495668411255,TimeMixer,0.666733980178833,0.00878441333770752,TimeMixer,0.666733980178833,0.00878441333770752
1586,DLinear,0.6369025111198425,TimeMixer,0.6507828831672668,0.013880372047424316,TimeMixer,0.6507828831672668,0.013880372047424316
1587,DLinear,0.6183371543884277,TimeMixer,0.6407780051231384,0.022440850734710693,TimeMixer,0.6407780051231384,0.022440850734710693
1588,TimeMixer,0.6034067869186401,DLinear,0.6198574304580688,0.01645064353942871,TimeMixer,0.6034067869186401,0.0
1589,DLinear,0.5954466462135315,TimeMixer,0.616868793964386,0.021422147750854492,TimeMixer,0.616868793964386,0.021422147750854492
1590,DLinear,0.6100900173187256,TimeMixer,0.6163849830627441,0.006294965744018555,TimeMixer,0.6163849830627441,0.006294965744018555
1591,DLinear,0.5994173884391785,TimeMixer,0.6137509942054749,0.014333605766296387,TimeMixer,0.6137509942054749,0.014333605766296387
1592,TimeMixer,0.6123355627059937,DLinear,0.6150268316268921,0.0026912689208984375,TimeMixer,0.6123355627059937,0.0
1593,DLinear,0.6106336116790771,PatchTST,0.622922956943512,0.012289345264434814,TimeMixer,0.6280537247657776,0.01742011308670044
1594,DLinear,0.6126033663749695,TimeMixer,0.6145327091217041,0.0019293427467346191,TimeMixer,0.6145327091217041,0.0019293427467346191
1595,DLinear,0.6112548112869263,TimeMixer,0.6132748126983643,0.0020200014114379883,TimeMixer,0.6132748126983643,0.0020200014114379883
1596,TimeMixer,0.6248056888580322,DLinear,0.6306177973747253,0.005812108516693115,TimeMixer,0.6248056888580322,0.0
1597,TimeMixer,0.618607223033905,DLinear,0.6193647384643555,0.0007575154304504395,TimeMixer,0.618607223033905,0.0
1598,DLinear,0.6277384757995605,TimeMixer,0.6309247016906738,0.0031862258911132812,TimeMixer,0.6309247016906738,0.0031862258911132812
1599,DLinear,0.6199136972427368,TimeMixer,0.6253724694252014,0.0054587721824646,TimeMixer,0.6253724694252014,0.0054587721824646
1600,DLinear,0.627454400062561,TimeMixer,0.6337091326713562,0.006254732608795166,TimeMixer,0.6337091326713562,0.006254732608795166
1601,DLinear,0.6157436370849609,TimeMixer,0.6216827630996704,0.005939126014709473,TimeMixer,0.6216827630996704,0.005939126014709473
1602,TimeMixer,0.6173116564750671,DLinear,0.6186275482177734,0.0013158917427062988,TimeMixer,0.6173116564750671,0.0
1603,DLinear,0.6224683523178101,TimeMixer,0.6307324767112732,0.008264124393463135,TimeMixer,0.6307324767112732,0.008264124393463135
1604,DLinear,0.6035780906677246,TimeMixer,0.616005539894104,0.012427449226379395,TimeMixer,0.616005539894104,0.012427449226379395
1605,DLinear,0.58655846118927,TimeMixer,0.6230822205543518,0.03652375936508179,TimeMixer,0.6230822205543518,0.03652375936508179
1606,TimeMixer,0.5804638862609863,DLinear,0.588070809841156,0.007606923580169678,TimeMixer,0.5804638862609863,0.0
1607,DLinear,0.5836469531059265,PatchTST,0.5926659107208252,0.009018957614898682,TimeMixer,0.5990130305290222,0.015366077423095703
1608,TimeMixer,0.57780522108078,DLinear,0.5812972187995911,0.003491997718811035,TimeMixer,0.57780522108078,0.0
1609,DLinear,0.5854840278625488,TimeMixer,0.5875981450080872,0.00211411714553833,TimeMixer,0.5875981450080872,0.00211411714553833
1610,DLinear,0.5783376693725586,TimeMixer,0.5790926814079285,0.000755012035369873,TimeMixer,0.5790926814079285,0.000755012035369873
1611,DLinear,0.5715336799621582,TimeMixer,0.5715823173522949,4.863739013671875e-05,TimeMixer,0.5715823173522949,4.863739013671875e-05
1612,TimeMixer,0.5813759565353394,DLinear,0.5839259624481201,0.0025500059127807617,TimeMixer,0.5813759565353394,0.0
1613,DLinear,0.572672963142395,TimeMixer,0.5784863829612732,0.005813419818878174,TimeMixer,0.5784863829612732,0.005813419818878174
1614,DLinear,0.5889788866043091,TimeMixer,0.6000911593437195,0.0111122727394104,TimeMixer,0.6000911593437195,0.0111122727394104
1615,TimeMixer,0.5871443152427673,iTransformer,0.6010228395462036,0.01387852430343628,TimeMixer,0.5871443152427673,0.0
1616,TimeMixer,0.5532469153404236,PatchTST,0.5535458922386169,0.0002989768981933594,TimeMixer,0.5532469153404236,0.0
1617,TimeMixer,0.538580060005188,PatchTST,0.5394242405891418,0.0008441805839538574,TimeMixer,0.538580060005188,0.0
1618,PatchTST,0.530660092830658,DLinear,0.5326941609382629,0.0020340681076049805,TimeMixer,0.5339476466178894,0.0032875537872314453
1619,DLinear,0.5363460779190063,iTransformer,0.5408207774162292,0.0044746994972229,TimeMixer,0.5414198637008667,0.0050737857818603516
1620,iTransformer,0.5277262330055237,DLinear,0.5443477630615234,0.016621530055999756,TimeMixer,0.5443607568740845,0.01663452386856079
1621,PatchTST,0.5363778471946716,iTransformer,0.5465506315231323,0.010172784328460693,TimeMixer,0.5491725206375122,0.012794673442840576
1622,TimeMixer,0.5295811891555786,PatchTST,0.5337743163108826,0.004193127155303955,TimeMixer,0.5295811891555786,0.0
1623,TimeMixer,0.5310090184211731,DLinear,0.5372124910354614,0.00620347261428833,TimeMixer,0.5310090184211731,0.0
1624,TimeMixer,0.53081876039505,iTransformer,0.5381985902786255,0.0073798298835754395,TimeMixer,0.53081876039505,0.0
1625,DLinear,0.5344328284263611,TimeMixer,0.5351260304450989,0.000693202018737793,TimeMixer,0.5351260304450989,0.000693202018737793
1626,PatchTST,0.5405029058456421,DLinear,0.5436903834342957,0.0031874775886535645,TimeMixer,0.5499812364578247,0.009478330612182617
1627,PatchTST,0.5422320365905762,TimeMixer,0.549926221370697,0.00769418478012085,TimeMixer,0.549926221370697,0.00769418478012085
1628,PatchTST,0.5561006665229797,iTransformer,0.5580638647079468,0.001963198184967041,TimeMixer,0.5613228678703308,0.005222201347351074
1629,iTransformer,0.5533660054206848,PatchTST,0.5553023219108582,0.0019363164901733398,TimeMixer,0.5677310824394226,0.014365077018737793
1630,iTransformer,0.5539124608039856,TimeMixer,0.565751850605011,0.01183938980102539,TimeMixer,0.565751850605011,0.01183938980102539
1631,TimeMixer,0.5526889562606812,DLinear,0.5636423230171204,0.010953366756439209,TimeMixer,0.5526889562606812,0.0
1632,iTransformer,0.559412956237793,TimeMixer,0.5614703893661499,0.0020574331283569336,TimeMixer,0.5614703893661499,0.0020574331283569336
1633,PatchTST,0.5366500616073608,DLinear,0.5530150532722473,0.016364991664886475,TimeMixer,0.5617021918296814,0.025052130222320557
1634,TimeMixer,0.5487462282180786,iTransformer,0.5576402544975281,0.008894026279449463,TimeMixer,0.5487462282180786,0.0
1635,PatchTST,0.5429316163063049,iTransformer,0.5539363026618958,0.01100468635559082,TimeMixer,0.5663228034973145,0.02339118719100952
1636,PatchTST,0.5476664304733276,iTransformer,0.5535790324211121,0.005912601947784424,TimeMixer,0.5585055351257324,0.010839104652404785
1637,PatchTST,0.5395167469978333,iTransformer,0.5593218803405762,0.01980513334274292,TimeMixer,0.5660917162895203,0.02657496929168701
1638,PatchTST,0.5459944605827332,TimeMixer,0.5480046272277832,0.002010166645050049,TimeMixer,0.5480046272277832,0.002010166645050049
1639,PatchTST,0.5654869079589844,iTransformer,0.5699904561042786,0.0045035481452941895,TimeMixer,0.5758635997772217,0.010376691818237305
1640,iTransformer,0.5785363912582397,TimeMixer,0.5818225145339966,0.003286123275756836,TimeMixer,0.5818225145339966,0.003286123275756836
1641,PatchTST,0.5792107582092285,iTransformer,0.5837082862854004,0.004497528076171875,TimeMixer,0.5863333344459534,0.0071225762367248535
1642,iTransformer,0.5797650814056396,TimeMixer,0.5801345109939575,0.0003694295883178711,TimeMixer,0.5801345109939575,0.0003694295883178711
1643,PatchTST,0.5745640993118286,iTransformer,0.5821906328201294,0.007626533508300781,TimeMixer,0.5950095057487488,0.020445406436920166
1644,iTransformer,0.5626725554466248,PatchTST,0.5709007978439331,0.00822824239730835,TimeMixer,0.5895550847053528,0.026882529258728027
1645,PatchTST,0.5643150210380554,iTransformer,0.5679173469543457,0.003602325916290283,TimeMixer,0.5902091264724731,0.025894105434417725
1646,iTransformer,0.57843017578125,PatchTST,0.5873596668243408,0.00892949104309082,TimeMixer,0.6038469076156616,0.02541673183441162
1647,PatchTST,0.5728296041488647,DLinear,0.5771883726119995,0.004358768463134766,TimeMixer,0.5892565250396729,0.016426920890808105
1648,DLinear,0.5798628330230713,PatchTST,0.5817571878433228,0.0018943548202514648,TimeMixer,0.5822682976722717,0.0024054646492004395
1649,DLinear,0.5787380933761597,iTransformer,0.5800720453262329,0.0013339519500732422,TimeMixer,0.5886710286140442,0.009932935237884521
1650,DLinear,0.5758946537971497,iTransformer,0.579901397228241,0.004006743431091309,TimeMixer,0.5838550329208374,0.007960379123687744
1651,iTransformer,0.5789812207221985,PatchTST,0.579142689704895,0.0001614689826965332,TimeMixer,0.5877240300178528,0.008742809295654297
1652,PatchTST,0.5812194347381592,iTransformer,0.5825297236442566,0.0013102889060974121,TimeMixer,0.5940427184104919,0.012823283672332764
1653,iTransformer,0.5460089445114136,PatchTST,0.5560401082038879,0.010031163692474365,TimeMixer,0.5599619746208191,0.013953030109405518
1654,iTransformer,0.5608925819396973,PatchTST,0.5642240643501282,0.003331482410430908,TimeMixer,0.564489483833313,0.0035969018936157227
1655,PatchTST,0.5645653009414673,iTransformer,0.5666968822479248,0.0021315813064575195,TimeMixer,0.5708486437797546,0.0062833428382873535
1656,PatchTST,0.5586754083633423,iTransformer,0.5598068237304688,0.0011314153671264648,TimeMixer,0.5709812641143799,0.012305855751037598
1657,TimeMixer,0.48601776361465454,iTransformer,0.4953129291534424,0.009295165538787842,TimeMixer,0.48601776361465454,0.0
1658,iTransformer,0.5143117904663086,TimeMixer,0.5156946778297424,0.0013828873634338379,TimeMixer,0.5156946778297424,0.0013828873634338379
1659,PatchTST,0.5138081312179565,iTransformer,0.5187830924987793,0.004974961280822754,TimeMixer,0.5211531519889832,0.007345020771026611
1660,PatchTST,0.5072758197784424,iTransformer,0.51393061876297,0.006654798984527588,TimeMixer,0.5283034443855286,0.02102762460708618
1661,iTransformer,0.5131925940513611,TimeMixer,0.5167361497879028,0.003543555736541748,TimeMixer,0.5167361497879028,0.003543555736541748
1662,PatchTST,0.5389826893806458,TimeMixer,0.547598659992218,0.008615970611572266,TimeMixer,0.547598659992218,0.008615970611572266
1663,PatchTST,0.5453382134437561,iTransformer,0.5506768822669983,0.0053386688232421875,TimeMixer,0.5604139566421509,0.015075743198394775
1664,iTransformer,0.546013355255127,PatchTST,0.5519207715988159,0.005907416343688965,TimeMixer,0.5598066449165344,0.01379328966140747
1665,iTransformer,0.5409255027770996,PatchTST,0.5506177544593811,0.009692251682281494,TimeMixer,0.5546962022781372,0.013770699501037598
1666,PatchTST,0.5525234937667847,TimeMixer,0.5529786944389343,0.0004552006721496582,TimeMixer,0.5529786944389343,0.0004552006721496582
1667,PatchTST,0.5350062847137451,iTransformer,0.5476986765861511,0.012692391872406006,TimeMixer,0.552882969379425,0.01787668466567993
1668,PatchTST,0.5431386828422546,iTransformer,0.5474697351455688,0.004331052303314209,TimeMixer,0.5567854642868042,0.01364678144454956
1669,iTransformer,0.5404090881347656,TimeMixer,0.5455642938613892,0.005155205726623535,TimeMixer,0.5455642938613892,0.005155205726623535
1670,TimeMixer,0.5397254228591919,DLinear,0.5459585785865784,0.006233155727386475,TimeMixer,0.5397254228591919,0.0
1671,iTransformer,0.5378573536872864,PatchTST,0.5379817485809326,0.00012439489364624023,TimeMixer,0.538882851600647,0.0010254979133605957
1672,TimeMixer,0.5398654937744141,iTransformer,0.5433119535446167,0.0034464597702026367,TimeMixer,0.5398654937744141,0.0
1673,PatchTST,0.5445202589035034,TimeMixer,0.5481417775154114,0.003621518611907959,TimeMixer,0.5481417775154114,0.003621518611907959
1674,iTransformer,0.5382585525512695,PatchTST,0.5424149632453918,0.0041564106941223145,TimeMixer,0.5448094606399536,0.006550908088684082
1675,PatchTST,0.5237364768981934,iTransformer,0.5305611491203308,0.006824672222137451,TimeMixer,0.5435080528259277,0.019771575927734375
1676,iTransformer,0.5273841023445129,PatchTST,0.5305989384651184,0.0032148361206054688,TimeMixer,0.5354663133621216,0.008082211017608643
1677,PatchTST,0.5281235575675964,TimeMixer,0.5362522006034851,0.008128643035888672,TimeMixer,0.5362522006034851,0.008128643035888672
1678,iTransformer,0.528472900390625,TimeMixer,0.5298779606819153,0.0014050602912902832,TimeMixer,0.5298779606819153,0.0014050602912902832
1679,PatchTST,0.5331023931503296,DLinear,0.538330078125,0.00522768497467041,TimeMixer,0.5446385145187378,0.011536121368408203
1680,DLinear,0.543988823890686,PatchTST,0.5462155342102051,0.002226710319519043,TimeMixer,0.5534682869911194,0.00947946310043335
1681,DLinear,0.534177303314209,PatchTST,0.5358065962791443,0.0016292929649353027,TimeMixer,0.5368511080741882,0.002673804759979248
1682,iTransformer,0.5286446809768677,PatchTST,0.5291011333465576,0.0004564523696899414,TimeMixer,0.5329707264900208,0.004326045513153076
1683,PatchTST,0.5246843099594116,iTransformer,0.5281939506530762,0.0035096406936645508,TimeMixer,0.5379697680473328,0.013285458087921143
1684,iTransformer,0.5294707417488098,DLinear,0.5328532457351685,0.0033825039863586426,TimeMixer,0.5360779166221619,0.006607174873352051
1685,iTransformer,0.523889422416687,DLinear,0.5299796462059021,0.006090223789215088,TimeMixer,0.530714750289917,0.0068253278732299805
1686,TimeMixer,0.5274753570556641,iTransformer,0.5281628370285034,0.0006874799728393555,TimeMixer,0.5274753570556641,0.0
1687,PatchTST,0.5267848968505859,TimeMixer,0.5288714170455933,0.0020865201950073242,TimeMixer,0.5288714170455933,0.0020865201950073242
1688,PatchTST,0.525942325592041,iTransformer,0.5259430408477783,7.152557373046875e-07,TimeMixer,0.5333086848258972,0.007366359233856201
1689,iTransformer,0.5203531384468079,PatchTST,0.5289506316184998,0.008597493171691895,TimeMixer,0.5326975584030151,0.012344419956207275
1690,PatchTST,0.5210570096969604,TimeMixer,0.5299877524375916,0.008930742740631104,TimeMixer,0.5299877524375916,0.008930742740631104
1691,PatchTST,0.5110656023025513,iTransformer,0.5209976434707642,0.00993204116821289,TimeMixer,0.5220637321472168,0.010998129844665527
1692,iTransformer,0.5125702619552612,TimeMixer,0.5168703198432922,0.004300057888031006,TimeMixer,0.5168703198432922,0.004300057888031006
1693,DLinear,0.5163490176200867,TimeMixer,0.5179829597473145,0.0016339421272277832,TimeMixer,0.5179829597473145,0.0016339421272277832
1694,DLinear,0.5058179497718811,PatchTST,0.5106870532035828,0.00486910343170166,TimeMixer,0.517223060131073,0.011405110359191895
1695,TimeMixer,0.5079056620597839,PatchTST,0.5117371678352356,0.00383150577545166,TimeMixer,0.5079056620597839,0.0
1696,iTransformer,0.5116771459579468,PatchTST,0.5142565965652466,0.0025794506072998047,TimeMixer,0.5156792402267456,0.004002094268798828
1697,iTransformer,0.5075268745422363,PatchTST,0.5075809359550476,5.40614128112793e-05,TimeMixer,0.515103816986084,0.007576942443847656
1698,PatchTST,0.5117467045783997,iTransformer,0.5145582556724548,0.0028115510940551758,TimeMixer,0.519042432308197,0.007295727729797363
1699,PatchTST,0.5067079663276672,iTransformer,0.5132168531417847,0.006508886814117432,TimeMixer,0.5167266130447388,0.010018646717071533
1700,TimeMixer,0.5099800825119019,PatchTST,0.5136226415634155,0.003642559051513672,TimeMixer,0.5099800825119019,0.0
1701,DLinear,0.5042670369148254,iTransformer,0.5095682740211487,0.005301237106323242,TimeMixer,0.5138725638389587,0.0096055269241333
1702,PatchTST,0.5066894292831421,iTransformer,0.507169246673584,0.00047981739044189453,TimeMixer,0.5101233720779419,0.0034339427947998047
1703,iTransformer,0.48977771401405334,PatchTST,0.4989125430583954,0.009134829044342041,TimeMixer,0.5084100961685181,0.01863238215446472
1704,TimeMixer,0.48811566829681396,iTransformer,0.493880033493042,0.005764365196228027,TimeMixer,0.48811566829681396,0.0
1705,PatchTST,0.47325706481933594,iTransformer,0.4758352041244507,0.002578139305114746,TimeMixer,0.4802074432373047,0.00695037841796875
1706,PatchTST,0.4773465096950531,TimeMixer,0.4817851483821869,0.004438638687133789,TimeMixer,0.4817851483821869,0.004438638687133789
1707,PatchTST,0.4771762490272522,TimeMixer,0.4835134744644165,0.006337225437164307,TimeMixer,0.4835134744644165,0.006337225437164307
1708,iTransformer,0.481492817401886,TimeMixer,0.49002206325531006,0.008529245853424072,TimeMixer,0.49002206325531006,0.008529245853424072
1709,TimeMixer,0.48627498745918274,DLinear,0.48759424686431885,0.0013192594051361084,TimeMixer,0.48627498745918274,0.0
1710,TimeMixer,0.48472586274147034,DLinear,0.48568636178970337,0.0009604990482330322,TimeMixer,0.48472586274147034,0.0
1711,PatchTST,0.4896453619003296,TimeMixer,0.4896553158760071,9.953975677490234e-06,TimeMixer,0.4896553158760071,9.953975677490234e-06
1712,TimeMixer,0.49676713347435,iTransformer,0.4968084692955017,4.13358211517334e-05,TimeMixer,0.49676713347435,0.0
1713,iTransformer,0.49394315481185913,DLinear,0.4946880340576172,0.0007448792457580566,TimeMixer,0.49939683079719543,0.005453675985336304
1714,iTransformer,0.493990957736969,DLinear,0.4966592788696289,0.002668321132659912,TimeMixer,0.5009773969650269,0.006986439228057861
1715,DLinear,0.4795624017715454,TimeMixer,0.4841696321964264,0.0046072304248809814,TimeMixer,0.4841696321964264,0.0046072304248809814
1716,DLinear,0.5027209520339966,TimeMixer,0.5042738914489746,0.0015529394149780273,TimeMixer,0.5042738914489746,0.0015529394149780273
1717,DLinear,0.48950475454330444,PatchTST,0.4909400939941406,0.0014353394508361816,TimeMixer,0.491818368434906,0.0023136138916015625
1718,PatchTST,0.5039160847663879,DLinear,0.5049679279327393,0.0010518431663513184,TimeMixer,0.506502628326416,0.002586543560028076
1719,DLinear,0.5033784508705139,TimeMixer,0.5092368721961975,0.005858421325683594,TimeMixer,0.5092368721961975,0.005858421325683594
1720,DLinear,0.5038984417915344,TimeMixer,0.5042502284049988,0.00035178661346435547,TimeMixer,0.5042502284049988,0.00035178661346435547
1721,DLinear,0.49777838587760925,iTransformer,0.5102692246437073,0.012490838766098022,TimeMixer,0.5176928639411926,0.019914478063583374
1722,DLinear,0.5066583752632141,iTransformer,0.5117154717445374,0.005057096481323242,TimeMixer,0.5118306279182434,0.005172252655029297
1723,iTransformer,0.4977307915687561,DLinear,0.4986608624458313,0.0009300708770751953,TimeMixer,0.5048316121101379,0.007100820541381836
1724,iTransformer,0.5015416145324707,DLinear,0.5061185359954834,0.004576921463012695,TimeMixer,0.5150656700134277,0.013524055480957031
1725,DLinear,0.5139143466949463,TimeMixer,0.5142245292663574,0.0003101825714111328,TimeMixer,0.5142245292663574,0.0003101825714111328
1726,DLinear,0.518142819404602,TimeMixer,0.519295334815979,0.0011525154113769531,TimeMixer,0.519295334815979,0.0011525154113769531
1727,DLinear,0.5115655064582825,PatchTST,0.5171099901199341,0.005544483661651611,TimeMixer,0.5182913541793823,0.0067258477210998535
1728,DLinear,0.5096267461776733,TimeMixer,0.5163853764533997,0.006758630275726318,TimeMixer,0.5163853764533997,0.006758630275726318
1729,DLinear,0.5187707543373108,TimeMixer,0.519931972026825,0.0011612176895141602,TimeMixer,0.519931972026825,0.0011612176895141602
1730,DLinear,0.5142683982849121,TimeMixer,0.5188201665878296,0.0045517683029174805,TimeMixer,0.5188201665878296,0.0045517683029174805
1731,TimeMixer,0.5126120448112488,DLinear,0.5131367444992065,0.0005246996879577637,TimeMixer,0.5126120448112488,0.0
1732,PatchTST,0.5191340446472168,TimeMixer,0.5216452479362488,0.0025112032890319824,TimeMixer,0.5216452479362488,0.0025112032890319824
1733,DLinear,0.5137673616409302,iTransformer,0.5155519843101501,0.0017846226692199707,TimeMixer,0.516534149646759,0.0027667880058288574
1734,iTransformer,0.5075305700302124,DLinear,0.512254536151886,0.004723966121673584,TimeMixer,0.5166905522346497,0.009159982204437256
1735,PatchTST,0.5121373534202576,DLinear,0.5151855945587158,0.003048241138458252,TimeMixer,0.5193694233894348,0.007232069969177246
1736,DLinear,0.5112008452415466,PatchTST,0.5188506245613098,0.007649779319763184,TimeMixer,0.5212729573249817,0.010072112083435059
1737,iTransformer,0.5153420567512512,DLinear,0.517015278339386,0.0016732215881347656,TimeMixer,0.524153470993042,0.008811414241790771
1738,DLinear,0.5017687082290649,iTransformer,0.510613739490509,0.008845031261444092,TimeMixer,0.5117241740226746,0.00995546579360962
1739,DLinear,0.5028918981552124,iTransformer,0.5075932741165161,0.004701375961303711,TimeMixer,0.5108354687690735,0.007943570613861084
1740,DLinear,0.5054375529289246,PatchTST,0.5073537230491638,0.0019161701202392578,TimeMixer,0.5101073980331421,0.004669845104217529
1741,PatchTST,0.514221727848053,DLinear,0.5148362517356873,0.0006145238876342773,TimeMixer,0.5157753825187683,0.001553654670715332
1742,TimeMixer,0.5263851881027222,iTransformer,0.5295746326446533,0.0031894445419311523,TimeMixer,0.5263851881027222,0.0
1743,iTransformer,0.5224350690841675,DLinear,0.5255182385444641,0.003083169460296631,TimeMixer,0.5278504490852356,0.005415380001068115
1744,iTransformer,0.5212788581848145,PatchTST,0.5259467959403992,0.004667937755584717,TimeMixer,0.5295262336730957,0.00824737548828125
1745,PatchTST,0.5173596143722534,iTransformer,0.5216265916824341,0.004266977310180664,TimeMixer,0.5284925103187561,0.011132895946502686
1746,PatchTST,0.5139949321746826,iTransformer,0.5172990560531616,0.003304123878479004,TimeMixer,0.5254747271537781,0.011479794979095459
1747,PatchTST,0.5122905969619751,DLinear,0.5182782411575317,0.005987644195556641,TimeMixer,0.5205700993537903,0.008279502391815186
1748,iTransformer,0.5163613557815552,DLinear,0.518582820892334,0.0022214651107788086,TimeMixer,0.5204905867576599,0.004129230976104736
1749,iTransformer,0.5240195393562317,DLinear,0.5244911909103394,0.000471651554107666,TimeMixer,0.5264924168586731,0.0024728775024414062
1750,DLinear,0.5201739072799683,TimeMixer,0.5257176756858826,0.005543768405914307,TimeMixer,0.5257176756858826,0.005543768405914307
1751,PatchTST,0.5183951258659363,DLinear,0.518905520439148,0.0005103945732116699,TimeMixer,0.5232633352279663,0.004868209362030029
1752,DLinear,0.5174017548561096,iTransformer,0.5230942964553833,0.005692541599273682,TimeMixer,0.5240467190742493,0.0066449642181396484
1753,iTransformer,0.5156466960906982,PatchTST,0.5214698314666748,0.0058231353759765625,TimeMixer,0.5329236388206482,0.01727694272994995
1754,iTransformer,0.5180563926696777,DLinear,0.5224815011024475,0.004425108432769775,TimeMixer,0.5256924033164978,0.007636010646820068
1755,PatchTST,0.5167110562324524,iTransformer,0.5233786702156067,0.006667613983154297,TimeMixer,0.5255524516105652,0.008841395378112793
1756,iTransformer,0.5122197270393372,PatchTST,0.5132696032524109,0.0010498762130737305,TimeMixer,0.5195452570915222,0.007325530052185059
1757,PatchTST,0.5089774131774902,iTransformer,0.5163824558258057,0.00740504264831543,TimeMixer,0.5282911658287048,0.0193137526512146
1758,TimeMixer,0.5159229040145874,PatchTST,0.5178949236869812,0.001972019672393799,TimeMixer,0.5159229040145874,0.0
1759,iTransformer,0.5158300995826721,PatchTST,0.5184388756752014,0.002608776092529297,TimeMixer,0.5293616652488708,0.01353156566619873
1760,iTransformer,0.5073006749153137,DLinear,0.5118950605392456,0.004594385623931885,TimeMixer,0.5152310132980347,0.007930338382720947
1761,iTransformer,0.5221429467201233,DLinear,0.5234357714653015,0.0012928247451782227,TimeMixer,0.5239577293395996,0.0018147826194763184
1762,DLinear,0.5322693586349487,PatchTST,0.5327141880989075,0.00044482946395874023,TimeMixer,0.5370712876319885,0.004801928997039795
1763,PatchTST,0.5279062986373901,TimeMixer,0.5331892371177673,0.005282938480377197,TimeMixer,0.5331892371177673,0.005282938480377197
1764,DLinear,0.49461737275123596,PatchTST,0.4997831881046295,0.005165815353393555,TimeMixer,0.505455493927002,0.010838121175765991
1765,iTransformer,0.49984195828437805,PatchTST,0.5016655921936035,0.0018236339092254639,TimeMixer,0.5079177021980286,0.008075743913650513
1766,PatchTST,0.502452552318573,DLinear,0.5028169751167297,0.0003644227981567383,TimeMixer,0.503332257270813,0.0008797049522399902
1767,PatchTST,0.5010672807693481,DLinear,0.5043207406997681,0.003253459930419922,TimeMixer,0.5081518888473511,0.00708460807800293
1768,iTransformer,0.5108972191810608,PatchTST,0.5130345225334167,0.002137303352355957,TimeMixer,0.5170249938964844,0.006127774715423584
1769,PatchTST,0.5000951290130615,iTransformer,0.5047879219055176,0.004692792892456055,TimeMixer,0.5142634510993958,0.014168322086334229
1770,PatchTST,0.5042442679405212,DLinear,0.5054339170455933,0.0011896491050720215,TimeMixer,0.50993812084198,0.00569385290145874
1771,iTransformer,0.5017471313476562,PatchTST,0.5043591260910034,0.002611994743347168,TimeMixer,0.5126618146896362,0.01091468334197998
1772,TimeMixer,0.506080150604248,DLinear,0.5112211108207703,0.005140960216522217,TimeMixer,0.506080150604248,0.0
1773,PatchTST,0.5124975442886353,DLinear,0.5162275433540344,0.00372999906539917,TimeMixer,0.517619252204895,0.005121707916259766
1774,TimeMixer,0.5111410021781921,PatchTST,0.5114302635192871,0.0002892613410949707,TimeMixer,0.5111410021781921,0.0
1775,PatchTST,0.5070490837097168,iTransformer,0.5164109468460083,0.009361863136291504,TimeMixer,0.5220695734024048,0.015020489692687988
1776,PatchTST,0.5130885243415833,TimeMixer,0.5149694085121155,0.0018808841705322266,TimeMixer,0.5149694085121155,0.0018808841705322266
1777,PatchTST,0.5148876309394836,iTransformer,0.5217834711074829,0.006895840167999268,TimeMixer,0.523257315158844,0.008369684219360352
1778,TimeMixer,0.5041042566299438,iTransformer,0.5098124742507935,0.005708217620849609,TimeMixer,0.5041042566299438,0.0
1779,PatchTST,0.5064557194709778,iTransformer,0.5102192759513855,0.003763556480407715,TimeMixer,0.518871009349823,0.012415289878845215
1780,PatchTST,0.5123734474182129,iTransformer,0.5164507627487183,0.004077315330505371,TimeMixer,0.5186871290206909,0.006313681602478027
1781,PatchTST,0.5091566443443298,iTransformer,0.5139273405075073,0.00477069616317749,TimeMixer,0.5156404376029968,0.006483793258666992
1782,iTransformer,0.49477195739746094,DLinear,0.5019931793212891,0.007221221923828125,TimeMixer,0.503663182258606,0.00889122486114502
1783,TimeMixer,0.5074282884597778,PatchTST,0.5075863599777222,0.00015807151794433594,TimeMixer,0.5074282884597778,0.0
1784,TimeMixer,0.5019038319587708,iTransformer,0.5045580267906189,0.0026541948318481445,TimeMixer,0.5019038319587708,0.0
1785,PatchTST,0.5011788606643677,TimeMixer,0.5118855237960815,0.010706663131713867,TimeMixer,0.5118855237960815,0.010706663131713867
1786,PatchTST,0.5099815130233765,iTransformer,0.5104390382766724,0.00045752525329589844,TimeMixer,0.5110579133033752,0.0010764002799987793
1787,iTransformer,0.5043995976448059,PatchTST,0.5061942338943481,0.0017946362495422363,TimeMixer,0.5079255104064941,0.0035259127616882324
1788,PatchTST,0.5039457678794861,DLinear,0.5062705874443054,0.002324819564819336,TimeMixer,0.5086861848831177,0.004740417003631592
1789,DLinear,0.5058000683784485,iTransformer,0.506434977054596,0.0006349086761474609,TimeMixer,0.5085281133651733,0.0027280449867248535
1790,TimeMixer,0.5282924175262451,PatchTST,0.5351537466049194,0.006861329078674316,TimeMixer,0.5282924175262451,0.0
1791,TimeMixer,0.5404083728790283,iTransformer,0.5428808927536011,0.002472519874572754,TimeMixer,0.5404083728790283,0.0
1792,iTransformer,0.5442476272583008,DLinear,0.5461115837097168,0.0018639564514160156,TimeMixer,0.5483870506286621,0.004139423370361328
1793,iTransformer,0.5409237742424011,PatchTST,0.5425616502761841,0.001637876033782959,TimeMixer,0.54341059923172,0.0024868249893188477
1794,PatchTST,0.5368884801864624,TimeMixer,0.5370122790336609,0.00012379884719848633,TimeMixer,0.5370122790336609,0.00012379884719848633
1795,PatchTST,0.5300902128219604,iTransformer,0.5310567617416382,0.0009665489196777344,TimeMixer,0.535627543926239,0.0055373311042785645
1796,PatchTST,0.5196428894996643,TimeMixer,0.5217110514640808,0.002068161964416504,TimeMixer,0.5217110514640808,0.002068161964416504
1797,iTransformer,0.5093189477920532,PatchTST,0.5095498561859131,0.00023090839385986328,TimeMixer,0.5134398341178894,0.004120886325836182
1798,TimeMixer,0.5029144883155823,DLinear,0.5141064524650574,0.011191964149475098,TimeMixer,0.5029144883155823,0.0
1799,TimeMixer,0.5131064057350159,DLinear,0.5164124369621277,0.0033060312271118164,TimeMixer,0.5131064057350159,0.0
1800,TimeMixer,0.5004462003707886,iTransformer,0.5155829191207886,0.01513671875,TimeMixer,0.5004462003707886,0.0
1801,TimeMixer,0.5103457570075989,iTransformer,0.5109654664993286,0.0006197094917297363,TimeMixer,0.5103457570075989,0.0
1802,iTransformer,0.5005019903182983,DLinear,0.5046015381813049,0.004099547863006592,TimeMixer,0.5082137584686279,0.00771176815032959
1803,DLinear,0.5026236772537231,iTransformer,0.5057775378227234,0.003153860569000244,TimeMixer,0.5145968794822693,0.011973202228546143
1804,DLinear,0.5022950172424316,iTransformer,0.5111321210861206,0.008837103843688965,TimeMixer,0.5128924250602722,0.010597407817840576
1805,iTransformer,0.5113857388496399,TimeMixer,0.5121431946754456,0.0007574558258056641,TimeMixer,0.5121431946754456,0.0007574558258056641
1806,TimeMixer,0.5050687193870544,DLinear,0.5105215907096863,0.005452871322631836,TimeMixer,0.5050687193870544,0.0
1807,PatchTST,0.4824790954589844,iTransformer,0.4835740923881531,0.0010949969291687012,TimeMixer,0.4839220941066742,0.0014429986476898193
1808,TimeMixer,0.4751618206501007,iTransformer,0.4813844561576843,0.006222635507583618,TimeMixer,0.4751618206501007,0.0
1809,TimeMixer,0.479937881231308,PatchTST,0.48520687222480774,0.005268990993499756,TimeMixer,0.479937881231308,0.0
1810,TimeMixer,0.4837961792945862,DLinear,0.4896140694618225,0.005817890167236328,TimeMixer,0.4837961792945862,0.0
1811,PatchTST,0.4847853481769562,DLinear,0.48815226554870605,0.003366917371749878,TimeMixer,0.48918646574020386,0.004401117563247681
1812,TimeMixer,0.48719069361686707,PatchTST,0.4875899851322174,0.0003992915153503418,TimeMixer,0.48719069361686707,0.0
1813,TimeMixer,0.49099376797676086,DLinear,0.49576351046562195,0.004769742488861084,TimeMixer,0.49099376797676086,0.0
1814,iTransformer,0.49132728576660156,PatchTST,0.49505695700645447,0.0037296712398529053,TimeMixer,0.4987485110759735,0.007421225309371948
1815,DLinear,0.4926548898220062,PatchTST,0.4955945312976837,0.0029396414756774902,TimeMixer,0.49570146203041077,0.003046572208404541
1816,TimeMixer,0.4903677999973297,iTransformer,0.49579349160194397,0.005425691604614258,TimeMixer,0.4903677999973297,0.0
1817,TimeMixer,0.4920905828475952,PatchTST,0.49424222111701965,0.0021516382694244385,TimeMixer,0.4920905828475952,0.0
1818,TimeMixer,0.4880025088787079,iTransformer,0.49084731936454773,0.0028448104858398438,TimeMixer,0.4880025088787079,0.0
1819,PatchTST,0.4804961681365967,TimeMixer,0.49335798621177673,0.012861818075180054,TimeMixer,0.49335798621177673,0.012861818075180054
1820,DLinear,0.4940233826637268,TimeMixer,0.49571990966796875,0.0016965270042419434,TimeMixer,0.49571990966796875,0.0016965270042419434
1821,TimeMixer,0.4888809621334076,DLinear,0.49084022641181946,0.0019592642784118652,TimeMixer,0.4888809621334076,0.0
1822,DLinear,0.4919615685939789,TimeMixer,0.4930133819580078,0.0010518133640289307,TimeMixer,0.4930133819580078,0.0010518133640289307
1823,iTransformer,0.48704639077186584,TimeMixer,0.48793768882751465,0.0008912980556488037,TimeMixer,0.48793768882751465,0.0008912980556488037
1824,PatchTST,0.48838070034980774,DLinear,0.4914216101169586,0.003040909767150879,TimeMixer,0.49537694454193115,0.006996244192123413
1825,DLinear,0.4887905716896057,PatchTST,0.4925544857978821,0.003763914108276367,TimeMixer,0.49353545904159546,0.004744887351989746
1826,DLinear,0.47031456232070923,TimeMixer,0.4744500517845154,0.004135489463806152,TimeMixer,0.4744500517845154,0.004135489463806152
1827,TimeMixer,0.47040489315986633,iTransformer,0.4710456430912018,0.0006407499313354492,TimeMixer,0.47040489315986633,0.0
1828,TimeMixer,0.4687809646129608,iTransformer,0.4723900258541107,0.0036090612411499023,TimeMixer,0.4687809646129608,0.0
1829,iTransformer,0.45233777165412903,PatchTST,0.4582426846027374,0.0059049129486083984,TimeMixer,0.45952901244163513,0.0071912407875061035
1830,PatchTST,0.43256932497024536,TimeMixer,0.4394277334213257,0.006858408451080322,TimeMixer,0.4394277334213257,0.006858408451080322
1831,TimeMixer,0.42229825258255005,DLinear,0.424934059381485,0.0026358067989349365,TimeMixer,0.42229825258255005,0.0
1832,iTransformer,0.4250127673149109,TimeMixer,0.43003201484680176,0.005019247531890869,TimeMixer,0.43003201484680176,0.005019247531890869
1833,iTransformer,0.4220014810562134,TimeMixer,0.4239867925643921,0.001985311508178711,TimeMixer,0.4239867925643921,0.001985311508178711
1834,DLinear,0.4301425516605377,iTransformer,0.4306446611881256,0.0005021095275878906,TimeMixer,0.43248456716537476,0.002342015504837036
1835,TimeMixer,0.42608797550201416,PatchTST,0.42821988463401794,0.002131909132003784,TimeMixer,0.42608797550201416,0.0
1836,PatchTST,0.4278404712677002,DLinear,0.43433892726898193,0.006498456001281738,TimeMixer,0.43676993250846863,0.008929461240768433
1837,TimeMixer,0.428237646818161,iTransformer,0.43012720346450806,0.001889556646347046,TimeMixer,0.428237646818161,0.0
1838,iTransformer,0.4337509274482727,TimeMixer,0.4346306324005127,0.0008797049522399902,TimeMixer,0.4346306324005127,0.0008797049522399902
1839,iTransformer,0.42926934361457825,TimeMixer,0.43238940834999084,0.0031200647354125977,TimeMixer,0.43238940834999084,0.0031200647354125977
1840,TimeMixer,0.42312127351760864,iTransformer,0.42667633295059204,0.0035550594329833984,TimeMixer,0.42312127351760864,0.0
1841,TimeMixer,0.4211823642253876,PatchTST,0.42682185769081116,0.005639493465423584,TimeMixer,0.4211823642253876,0.0
1842,PatchTST,0.4239550232887268,TimeMixer,0.4304084777832031,0.006453454494476318,TimeMixer,0.4304084777832031,0.006453454494476318
1843,iTransformer,0.4239424169063568,TimeMixer,0.4278241693973541,0.0038817524909973145,TimeMixer,0.4278241693973541,0.0038817524909973145
1844,iTransformer,0.4258236289024353,TimeMixer,0.42825818061828613,0.00243455171585083,TimeMixer,0.42825818061828613,0.00243455171585083
1845,TimeMixer,0.4275558888912201,iTransformer,0.4286189377307892,0.0010630488395690918,TimeMixer,0.4275558888912201,0.0
1846,TimeMixer,0.42469555139541626,PatchTST,0.4280226230621338,0.0033270716667175293,TimeMixer,0.42469555139541626,0.0
1847,PatchTST,0.4149344861507416,TimeMixer,0.4226863384246826,0.00775185227394104,TimeMixer,0.4226863384246826,0.00775185227394104
1848,DLinear,0.41556277871131897,iTransformer,0.41736406087875366,0.0018012821674346924,TimeMixer,0.41863206028938293,0.003069281578063965
1849,iTransformer,0.41350114345550537,TimeMixer,0.4139578342437744,0.00045669078826904297,TimeMixer,0.4139578342437744,0.00045669078826904297
1850,iTransformer,0.41487953066825867,DLinear,0.41667330265045166,0.0017937719821929932,TimeMixer,0.417207807302475,0.0023282766342163086
1851,DLinear,0.4148426949977875,PatchTST,0.41515105962753296,0.0003083646297454834,TimeMixer,0.4152016341686249,0.00035893917083740234
1852,PatchTST,0.4438960552215576,DLinear,0.444260835647583,0.0003647804260253906,TimeMixer,0.4458175301551819,0.0019214749336242676
1853,DLinear,0.4476006031036377,PatchTST,0.45074254274368286,0.003141939640045166,TimeMixer,0.46456119418144226,0.016960591077804565
1854,iTransformer,0.4581233859062195,DLinear,0.45999476313591003,0.0018713772296905518,TimeMixer,0.46811118721961975,0.009987801313400269
1855,iTransformer,0.4521162807941437,PatchTST,0.45960506796836853,0.0074887871742248535,TimeMixer,0.4678892493247986,0.015772968530654907
1856,DLinear,0.45612379908561707,PatchTST,0.4575021266937256,0.0013783276081085205,TimeMixer,0.46049341559410095,0.004369616508483887
1857,DLinear,0.4585624933242798,TimeMixer,0.4592631757259369,0.0007006824016571045,TimeMixer,0.4592631757259369,0.0007006824016571045
1858,PatchTST,0.4532794952392578,iTransformer,0.4569252133369446,0.0036457180976867676,TimeMixer,0.4611266553401947,0.00784716010093689
1859,PatchTST,0.44786182045936584,iTransformer,0.45480746030807495,0.0069456398487091064,TimeMixer,0.45690712332725525,0.009045302867889404
1860,iTransformer,0.45106634497642517,TimeMixer,0.45744338631629944,0.006377041339874268,TimeMixer,0.45744338631629944,0.006377041339874268
1861,iTransformer,0.4549500048160553,PatchTST,0.4585610330104828,0.0036110281944274902,TimeMixer,0.4636272192001343,0.00867721438407898
1862,TimeMixer,0.45615267753601074,DLinear,0.4604763388633728,0.0043236613273620605,TimeMixer,0.45615267753601074,0.0
1863,TimeMixer,0.4585079848766327,DLinear,0.4596415162086487,0.0011335313320159912,TimeMixer,0.4585079848766327,0.0
1864,TimeMixer,0.45626959204673767,PatchTST,0.46026360988616943,0.003994017839431763,TimeMixer,0.45626959204673767,0.0
1865,PatchTST,0.4483310580253601,iTransformer,0.45728638768196106,0.008955329656600952,TimeMixer,0.4628679156303406,0.014536857604980469
1866,DLinear,0.4536300301551819,iTransformer,0.45387735962867737,0.0002473294734954834,TimeMixer,0.4598448574542999,0.006214827299118042
1867,iTransformer,0.44867998361587524,DLinear,0.45381292700767517,0.005132943391799927,TimeMixer,0.46077850461006165,0.012098520994186401
1868,TimeMixer,0.4534432888031006,iTransformer,0.4540417194366455,0.0005984306335449219,TimeMixer,0.4534432888031006,0.0
1869,PatchTST,0.44849294424057007,DLinear,0.4515097141265869,0.0030167698860168457,TimeMixer,0.4561912417411804,0.0076982975006103516
1870,TimeMixer,0.4458619952201843,PatchTST,0.4490688443183899,0.0032068490982055664,TimeMixer,0.4458619952201843,0.0
1871,DLinear,0.44772183895111084,PatchTST,0.45165544748306274,0.003933608531951904,TimeMixer,0.4570213854312897,0.009299546480178833
1872,DLinear,0.45165878534317017,iTransformer,0.45252835750579834,0.0008695721626281738,TimeMixer,0.456466943025589,0.004808157682418823
1873,TimeMixer,0.4204641878604889,iTransformer,0.42657771706581116,0.006113529205322266,TimeMixer,0.4204641878604889,0.0
1874,PatchTST,0.40931135416030884,iTransformer,0.41300541162490845,0.0036940574645996094,TimeMixer,0.41453662514686584,0.005225270986557007
1875,iTransformer,0.39228343963623047,TimeMixer,0.39804112911224365,0.005757689476013184,TimeMixer,0.39804112911224365,0.005757689476013184
1876,PatchTST,0.3954548239707947,iTransformer,0.3993789553642273,0.003924131393432617,TimeMixer,0.4034196734428406,0.007964849472045898
1877,DLinear,0.3988151550292969,TimeMixer,0.4048982262611389,0.006083071231842041,TimeMixer,0.4048982262611389,0.006083071231842041
1878,DLinear,0.40585628151893616,iTransformer,0.4075373709201813,0.0016810894012451172,TimeMixer,0.4111948609352112,0.005338579416275024
1879,TimeMixer,0.39516985416412354,PatchTST,0.3999178409576416,0.004747986793518066,TimeMixer,0.39516985416412354,0.0
1880,DLinear,0.3816213607788086,TimeMixer,0.3827367424964905,0.0011153817176818848,TimeMixer,0.3827367424964905,0.0011153817176818848
1881,DLinear,0.3767430782318115,PatchTST,0.3795246183872223,0.0027815401554107666,TimeMixer,0.39027494192123413,0.013531863689422607
1882,DLinear,0.3763403594493866,TimeMixer,0.3775859475135803,0.0012455880641937256,TimeMixer,0.3775859475135803,0.0012455880641937256
1883,DLinear,0.3687717914581299,PatchTST,0.3755123019218445,0.0067405104637146,TimeMixer,0.37597599625587463,0.007204204797744751
1884,DLinear,0.3634187877178192,TimeMixer,0.3659864068031311,0.0025676190853118896,TimeMixer,0.3659864068031311,0.0025676190853118896
1885,iTransformer,0.3616587519645691,DLinear,0.36502283811569214,0.003364086151123047,TimeMixer,0.3655630946159363,0.0039043426513671875
1886,DLinear,0.35372209548950195,iTransformer,0.3571096360683441,0.003387540578842163,TimeMixer,0.3607464134693146,0.007024317979812622
1887,PatchTST,0.3502698242664337,TimeMixer,0.3544425368309021,0.004172712564468384,TimeMixer,0.3544425368309021,0.004172712564468384
1888,PatchTST,0.34890273213386536,DLinear,0.35086479783058167,0.0019620656967163086,TimeMixer,0.3538306653499603,0.004927933216094971
1889,TimeMixer,0.3443032503128052,PatchTST,0.3506973683834076,0.006394118070602417,TimeMixer,0.3443032503128052,0.0
1890,DLinear,0.34970900416374207,PatchTST,0.3545306921005249,0.004821687936782837,TimeMixer,0.35462263226509094,0.004913628101348877
1891,iTransformer,0.3513184189796448,PatchTST,0.35173964500427246,0.00042122602462768555,TimeMixer,0.35284873843193054,0.0015303194522857666
1892,iTransformer,0.33554717898368835,TimeMixer,0.33673739433288574,0.0011902153491973877,TimeMixer,0.33673739433288574,0.0011902153491973877
1893,DLinear,0.3334065079689026,PatchTST,0.3367668390274048,0.0033603310585021973,TimeMixer,0.34744715690612793,0.014040648937225342
1894,DLinear,0.3314029276371002,iTransformer,0.3320545554161072,0.000651627779006958,TimeMixer,0.33557239174842834,0.004169464111328125
1895,PatchTST,0.3348756730556488,DLinear,0.33782434463500977,0.002948671579360962,TimeMixer,0.3403007686138153,0.005425095558166504
1896,iTransformer,0.327998548746109,DLinear,0.32952672243118286,0.0015281736850738525,TimeMixer,0.3309240937232971,0.0029255449771881104
1897,PatchTST,0.3220139145851135,iTransformer,0.3264535367488861,0.004439622163772583,TimeMixer,0.33086109161376953,0.008847177028656006
1898,iTransformer,0.32444605231285095,TimeMixer,0.32694727182388306,0.0025012195110321045,TimeMixer,0.32694727182388306,0.0025012195110321045
1899,PatchTST,0.3235723078250885,TimeMixer,0.32393568754196167,0.00036337971687316895,TimeMixer,0.32393568754196167,0.00036337971687316895
1900,TimeMixer,0.32119905948638916,DLinear,0.3244709074497223,0.00327184796333313,TimeMixer,0.32119905948638916,0.0
1901,DLinear,0.32418596744537354,PatchTST,0.3265621066093445,0.0023761391639709473,TimeMixer,0.3294728398323059,0.005286872386932373
1902,iTransformer,0.32410722970962524,DLinear,0.3241117000579834,4.470348358154297e-06,TimeMixer,0.33644944429397583,0.012342214584350586
1903,PatchTST,0.3232822120189667,DLinear,0.3251592516899109,0.0018770396709442139,TimeMixer,0.3366827964782715,0.01340058445930481
1904,iTransformer,0.3266136646270752,DLinear,0.3267560601234436,0.0001423954963684082,TimeMixer,0.3332397937774658,0.006626129150390625
1905,iTransformer,0.3299291133880615,PatchTST,0.3310677409172058,0.0011386275291442871,TimeMixer,0.33951613306999207,0.009587019681930542
1906,DLinear,0.33251768350601196,PatchTST,0.33277004957199097,0.0002523660659790039,TimeMixer,0.3353128135204315,0.0027951300144195557
1907,iTransformer,0.3325955867767334,DLinear,0.3331063389778137,0.0005107522010803223,TimeMixer,0.3374873399734497,0.004891753196716309
1908,TimeMixer,0.33020487427711487,DLinear,0.3308776319026947,0.000672757625579834,TimeMixer,0.33020487427711487,0.0
1909,PatchTST,0.3247416019439697,iTransformer,0.3255408704280853,0.0007992684841156006,TimeMixer,0.3361802101135254,0.011438608169555664
1910,PatchTST,0.31526970863342285,iTransformer,0.3182508051395416,0.0029810965061187744,TimeMixer,0.32048583030700684,0.005216121673583984
1911,PatchTST,0.31780388951301575,iTransformer,0.3198927640914917,0.002088874578475952,TimeMixer,0.3233324885368347,0.00552859902381897
1912,iTransformer,0.31407707929611206,TimeMixer,0.3168088495731354,0.0027317702770233154,TimeMixer,0.3168088495731354,0.0027317702770233154
1913,PatchTST,0.3166182339191437,iTransformer,0.31732994318008423,0.0007117092609405518,TimeMixer,0.32112643122673035,0.00450819730758667
1914,DLinear,0.31386783719062805,iTransformer,0.31599462032318115,0.0021267831325531006,TimeMixer,0.31821444630622864,0.004346609115600586
1915,iTransformer,0.3148038983345032,DLinear,0.31533321738243103,0.0005293190479278564,TimeMixer,0.325989305973053,0.011185407638549805
1916,DLinear,0.3105030655860901,iTransformer,0.3123830258846283,0.001879960298538208,TimeMixer,0.31582847237586975,0.005325406789779663
1917,PatchTST,0.31181758642196655,iTransformer,0.3127805292606354,0.0009629428386688232,TimeMixer,0.3174380660057068,0.005620479583740234
1918,DLinear,0.3150389790534973,iTransformer,0.31580060720443726,0.0007616281509399414,TimeMixer,0.3203868269920349,0.005347847938537598
1919,PatchTST,0.3114853799343109,DLinear,0.3147602677345276,0.003274887800216675,TimeMixer,0.31486648321151733,0.003381103277206421
1920,iTransformer,0.31191548705101013,PatchTST,0.3127595782279968,0.0008440911769866943,TimeMixer,0.3204565942287445,0.008541107177734375
1921,iTransformer,0.30775904655456543,PatchTST,0.3107098937034607,0.0029508471488952637,TimeMixer,0.3162517547607422,0.008492708206176758
1922,PatchTST,0.30365321040153503,iTransformer,0.306193083524704,0.0025398731231689453,TimeMixer,0.31889957189559937,0.015246361494064331
1923,PatchTST,0.30747655034065247,iTransformer,0.3079521656036377,0.0004756152629852295,TimeMixer,0.31173357367515564,0.004257023334503174
1924,iTransformer,0.30920401215553284,PatchTST,0.31106036901474,0.0018563568592071533,TimeMixer,0.31299740076065063,0.003793388605117798
1925,PatchTST,0.31081172823905945,iTransformer,0.3148568868637085,0.004045158624649048,TimeMixer,0.3205755352973938,0.00976380705833435
1926,DLinear,0.30679094791412354,PatchTST,0.30966871976852417,0.0028777718544006348,TimeMixer,0.31028178334236145,0.003490835428237915
1927,PatchTST,0.309417188167572,DLinear,0.3112508952617645,0.0018337070941925049,TimeMixer,0.31501030921936035,0.00559312105178833
1928,TimeMixer,0.31235000491142273,DLinear,0.3131577670574188,0.0008077621459960938,TimeMixer,0.31235000491142273,0.0
1929,PatchTST,0.30807408690452576,iTransformer,0.30895301699638367,0.0008789300918579102,TimeMixer,0.31079810857772827,0.0027240216732025146
1930,DLinear,0.2952378988265991,iTransformer,0.2970692217350006,0.0018313229084014893,TimeMixer,0.3017365038394928,0.006498605012893677
1931,DLinear,0.2936561107635498,PatchTST,0.2957547903060913,0.002098679542541504,TimeMixer,0.29813075065612793,0.004474639892578125
1932,DLinear,0.29499515891075134,PatchTST,0.2950037121772766,8.553266525268555e-06,TimeMixer,0.30178332328796387,0.006788164377212524
1933,DLinear,0.2935505509376526,PatchTST,0.2938947081565857,0.00034415721893310547,TimeMixer,0.3033970296382904,0.009846478700637817
1934,DLinear,0.2911836802959442,PatchTST,0.29665035009384155,0.005466669797897339,TimeMixer,0.30074214935302734,0.00955846905708313
1935,PatchTST,0.29163995385169983,DLinear,0.29166579246520996,2.5838613510131836e-05,TimeMixer,0.2941667437553406,0.002526789903640747
1936,PatchTST,0.2865051031112671,TimeMixer,0.2868439257144928,0.000338822603225708,TimeMixer,0.2868439257144928,0.000338822603225708
1937,DLinear,0.2817877233028412,PatchTST,0.2842467725276947,0.0024590492248535156,TimeMixer,0.28589925169944763,0.004111528396606445
1938,DLinear,0.28709977865219116,PatchTST,0.28721335530281067,0.00011357665061950684,TimeMixer,0.2902834117412567,0.0031836330890655518
1939,DLinear,0.27804505825042725,TimeMixer,0.2866508960723877,0.00860583782196045,TimeMixer,0.2866508960723877,0.00860583782196045
1940,DLinear,0.2829023599624634,TimeMixer,0.2833535969257355,0.0004512369632720947,TimeMixer,0.2833535969257355,0.0004512369632720947
1941,DLinear,0.279223769903183,TimeMixer,0.2911859154701233,0.011962145566940308,TimeMixer,0.2911859154701233,0.011962145566940308
1942,DLinear,0.27503523230552673,TimeMixer,0.27783793210983276,0.0028026998043060303,TimeMixer,0.27783793210983276,0.0028026998043060303
1943,DLinear,0.2757548689842224,TimeMixer,0.2805813252925873,0.004826456308364868,TimeMixer,0.2805813252925873,0.004826456308364868
1944,DLinear,0.2772645056247711,TimeMixer,0.2818008065223694,0.004536300897598267,TimeMixer,0.2818008065223694,0.004536300897598267
1945,DLinear,0.26370540261268616,PatchTST,0.27197518944740295,0.008269786834716797,TimeMixer,0.2770262360572815,0.013320833444595337
1946,TimeMixer,0.26549115777015686,DLinear,0.26767727732658386,0.002186119556427002,TimeMixer,0.26549115777015686,0.0
1947,DLinear,0.25922462344169617,iTransformer,0.26207423210144043,0.0028496086597442627,TimeMixer,0.26626282930374146,0.007038205862045288
1948,TimeMixer,0.25927242636680603,DLinear,0.25969117879867554,0.00041875243186950684,TimeMixer,0.25927242636680603,0.0
1949,TimeMixer,0.25600188970565796,PatchTST,0.26117438077926636,0.0051724910736083984,TimeMixer,0.25600188970565796,0.0
1950,iTransformer,0.26181572675704956,PatchTST,0.2634083330631256,0.0015926063060760498,TimeMixer,0.2647627890110016,0.0029470622539520264
1951,TimeMixer,0.2542315423488617,iTransformer,0.25547507405281067,0.0012435317039489746,TimeMixer,0.2542315423488617,0.0
1952,PatchTST,0.2574175298213959,iTransformer,0.2579529285430908,0.0005353987216949463,TimeMixer,0.2612447440624237,0.003827214241027832
1953,PatchTST,0.2530128061771393,iTransformer,0.2558438777923584,0.002831071615219116,TimeMixer,0.25645461678504944,0.0034418106079101562
1954,PatchTST,0.25359734892845154,iTransformer,0.2577749788761139,0.0041776299476623535,TimeMixer,0.25792574882507324,0.004328399896621704
1955,PatchTST,0.2583847641944885,iTransformer,0.2605106830596924,0.0021259188652038574,TimeMixer,0.26404181122779846,0.0056570470333099365
1956,iTransformer,0.260475218296051,PatchTST,0.26307982206344604,0.0026046037673950195,TimeMixer,0.264443576335907,0.003968358039855957
1957,PatchTST,0.2646699547767639,TimeMixer,0.26690343022346497,0.00223347544670105,TimeMixer,0.26690343022346497,0.00223347544670105
1958,PatchTST,0.23140010237693787,iTransformer,0.23642653226852417,0.005026429891586304,TimeMixer,0.23830096423625946,0.006900861859321594
1959,PatchTST,0.23773860931396484,iTransformer,0.23907947540283203,0.0013408660888671875,TimeMixer,0.24576041102409363,0.008021801710128784
1960,iTransformer,0.24090233445167542,PatchTST,0.24109025299549103,0.0001879185438156128,TimeMixer,0.2426673322916031,0.0017649978399276733
1961,PatchTST,0.23384346067905426,iTransformer,0.23575155436992645,0.0019080936908721924,TimeMixer,0.24241481721401215,0.008571356534957886
1962,TimeMixer,0.2365112006664276,iTransformer,0.24192169308662415,0.005410492420196533,TimeMixer,0.2365112006664276,0.0
1963,TimeMixer,0.237999826669693,PatchTST,0.241403266787529,0.0034034401178359985,TimeMixer,0.237999826669693,0.0
1964,PatchTST,0.24353504180908203,iTransformer,0.24801969528198242,0.004484653472900391,TimeMixer,0.2491917908191681,0.00565674901008606
1965,PatchTST,0.2412477284669876,iTransformer,0.24703525006771088,0.005787521600723267,TimeMixer,0.250527024269104,0.009279295802116394
1966,iTransformer,0.24233849346637726,PatchTST,0.24318218231201172,0.0008436888456344604,TimeMixer,0.24787691235542297,0.005538418889045715
1967,PatchTST,0.24145463109016418,iTransformer,0.24337318539619446,0.0019185543060302734,TimeMixer,0.25138553977012634,0.009930908679962158
1968,iTransformer,0.2422417253255844,PatchTST,0.24553954601287842,0.0032978206872940063,TimeMixer,0.2490820586681366,0.006840333342552185
1969,PatchTST,0.24133846163749695,iTransformer,0.24519750475883484,0.0038590431213378906,TimeMixer,0.25257542729377747,0.011236965656280518
1970,PatchTST,0.24031761288642883,TimeMixer,0.24169638752937317,0.001378774642944336,TimeMixer,0.24169638752937317,0.001378774642944336
1971,PatchTST,0.23833052814006805,TimeMixer,0.23998406529426575,0.0016535371541976929,TimeMixer,0.23998406529426575,0.0016535371541976929
1972,PatchTST,0.2492230236530304,TimeMixer,0.25129473209381104,0.0020717084407806396,TimeMixer,0.25129473209381104,0.0020717084407806396
1973,iTransformer,0.25023335218429565,PatchTST,0.25233638286590576,0.0021030306816101074,TimeMixer,0.25359800457954407,0.003364652395248413
1974,iTransformer,0.24843570590019226,PatchTST,0.25469470024108887,0.0062589943408966064,TimeMixer,0.25512251257896423,0.006686806678771973
1975,TimeMixer,0.2501087486743927,DLinear,0.2573774456977844,0.007268697023391724,TimeMixer,0.2501087486743927,0.0
1976,PatchTST,0.24896681308746338,DLinear,0.24989387392997742,0.0009270608425140381,TimeMixer,0.2500249445438385,0.001058131456375122
1977,PatchTST,0.25007006525993347,TimeMixer,0.2514558434486389,0.0013857781887054443,TimeMixer,0.2514558434486389,0.0013857781887054443
1978,PatchTST,0.24691078066825867,iTransformer,0.24747063219547272,0.0005598515272140503,TimeMixer,0.2481672167778015,0.0012564361095428467
1979,TimeMixer,0.23616977035999298,iTransformer,0.2405071258544922,0.0043373554944992065,TimeMixer,0.23616977035999298,0.0
1980,PatchTST,0.24412523210048676,TimeMixer,0.24596436321735382,0.0018391311168670654,TimeMixer,0.24596436321735382,0.0018391311168670654
1981,TimeMixer,0.23599885404109955,PatchTST,0.24126660823822021,0.0052677541971206665,TimeMixer,0.23599885404109955,0.0
1982,PatchTST,0.23989707231521606,TimeMixer,0.24173416197299957,0.0018370896577835083,TimeMixer,0.24173416197299957,0.0018370896577835083
1983,TimeMixer,0.24071243405342102,iTransformer,0.2416093647480011,0.0008969306945800781,TimeMixer,0.24071243405342102,0.0
1984,iTransformer,0.23416268825531006,PatchTST,0.234638050198555,0.0004753619432449341,TimeMixer,0.2380785048007965,0.00391581654548645
1985,iTransformer,0.23434795439243317,TimeMixer,0.2343619167804718,1.3962388038635254e-05,TimeMixer,0.2343619167804718,1.3962388038635254e-05
1986,DLinear,0.24098604917526245,PatchTST,0.241066575050354,8.052587509155273e-05,TimeMixer,0.24182388186454773,0.0008378326892852783
1987,iTransformer,0.2395726591348648,TimeMixer,0.240531325340271,0.000958666205406189,TimeMixer,0.240531325340271,0.000958666205406189
1988,iTransformer,0.23627181351184845,TimeMixer,0.23861095309257507,0.0023391395807266235,TimeMixer,0.23861095309257507,0.0023391395807266235
1989,TimeMixer,0.23525506258010864,iTransformer,0.23623739182949066,0.000982329249382019,TimeMixer,0.23525506258010864,0.0
1990,TimeMixer,0.23574396967887878,DLinear,0.23912668228149414,0.0033827126026153564,TimeMixer,0.23574396967887878,0.0
1991,iTransformer,0.2559123635292053,TimeMixer,0.25736314058303833,0.0014507770538330078,TimeMixer,0.25736314058303833,0.0014507770538330078
1992,DLinear,0.2692710757255554,PatchTST,0.26938319206237793,0.00011211633682250977,TimeMixer,0.27080196142196655,0.0015308856964111328
1993,TimeMixer,0.2643187940120697,PatchTST,0.269503653049469,0.005184859037399292,TimeMixer,0.2643187940120697,0.0
1994,TimeMixer,0.27090489864349365,iTransformer,0.2731841504573822,0.00227925181388855,TimeMixer,0.27090489864349365,0.0
1995,PatchTST,0.27101022005081177,TimeMixer,0.2733115255832672,0.0023013055324554443,TimeMixer,0.2733115255832672,0.0023013055324554443
1996,PatchTST,0.2706909775733948,iTransformer,0.2724965810775757,0.0018056035041809082,TimeMixer,0.27375438809394836,0.003063410520553589
1997,TimeMixer,0.2690108120441437,DLinear,0.27112266421318054,0.0021118521690368652,TimeMixer,0.2690108120441437,0.0
1998,DLinear,0.27044281363487244,TimeMixer,0.27265188097953796,0.0022090673446655273,TimeMixer,0.27265188097953796,0.0022090673446655273
1999,TimeMixer,0.26706892251968384,DLinear,0.27195167541503906,0.004882752895355225,TimeMixer,0.26706892251968384,0.0
2000,TimeMixer,0.27250123023986816,PatchTST,0.2748067080974579,0.0023054778575897217,TimeMixer,0.27250123023986816,0.0
2001,TimeMixer,0.27045077085494995,PatchTST,0.27351993322372437,0.003069162368774414,TimeMixer,0.27045077085494995,0.0
2002,TimeMixer,0.2837335169315338,iTransformer,0.2851584851741791,0.0014249682426452637,TimeMixer,0.2837335169315338,0.0
2003,DLinear,0.2833871841430664,TimeMixer,0.283651202917099,0.0002640187740325928,TimeMixer,0.283651202917099,0.0002640187740325928
2004,TimeMixer,0.28488898277282715,PatchTST,0.2854458689689636,0.0005568861961364746,TimeMixer,0.28488898277282715,0.0
2005,DLinear,0.28369078040122986,TimeMixer,0.2852241098880768,0.0015333294868469238,TimeMixer,0.2852241098880768,0.0015333294868469238
2006,DLinear,0.2820185124874115,iTransformer,0.28469422459602356,0.0026757121086120605,TimeMixer,0.2855054438114166,0.003486931324005127
2007,TimeMixer,0.2833985686302185,DLinear,0.2856239974498749,0.002225428819656372,TimeMixer,0.2833985686302185,0.0
2008,TimeMixer,0.2810349464416504,DLinear,0.2842641770839691,0.0032292306423187256,TimeMixer,0.2810349464416504,0.0
2009,TimeMixer,0.28201448917388916,DLinear,0.28736186027526855,0.0053473711013793945,TimeMixer,0.28201448917388916,0.0
2010,iTransformer,0.2796376049518585,PatchTST,0.2804126739501953,0.000775068998336792,TimeMixer,0.2807393968105316,0.0011017918586730957
2011,DLinear,0.28354185819625854,TimeMixer,0.2856805622577667,0.0021387040615081787,TimeMixer,0.2856805622577667,0.0021387040615081787
2012,DLinear,0.27996090054512024,TimeMixer,0.2826642096042633,0.0027033090591430664,TimeMixer,0.2826642096042633,0.0027033090591430664
2013,TimeMixer,0.28070658445358276,DLinear,0.28564247488975525,0.004935890436172485,TimeMixer,0.28070658445358276,0.0
2014,TimeMixer,0.2921217381954193,DLinear,0.29271936416625977,0.0005976259708404541,TimeMixer,0.2921217381954193,0.0
2015,iTransformer,0.28646785020828247,TimeMixer,0.2888212203979492,0.002353370189666748,TimeMixer,0.2888212203979492,0.002353370189666748
2016,iTransformer,0.28910642862319946,DLinear,0.28985992074012756,0.0007534921169281006,TimeMixer,0.296509325504303,0.007402896881103516
2017,DLinear,0.28758272528648376,iTransformer,0.29274678230285645,0.005164057016372681,TimeMixer,0.29314130544662476,0.005558580160140991
2018,TimeMixer,0.2927781939506531,DLinear,0.29351139068603516,0.0007331967353820801,TimeMixer,0.2927781939506531,0.0
2019,DLinear,0.2914372384548187,PatchTST,0.297466516494751,0.006029278039932251,TimeMixer,0.29876598715782166,0.00732874870300293
2020,TimeMixer,0.27305567264556885,DLinear,0.2761741280555725,0.003118455410003662,TimeMixer,0.27305567264556885,0.0
2021,PatchTST,0.2682633697986603,DLinear,0.26829957962036133,3.6209821701049805e-05,TimeMixer,0.27260449528694153,0.00434112548828125
2022,DLinear,0.2602384388446808,TimeMixer,0.2690720856189728,0.008833646774291992,TimeMixer,0.2690720856189728,0.008833646774291992
2023,DLinear,0.2656695544719696,TimeMixer,0.2669358551502228,0.0012663006782531738,TimeMixer,0.2669358551502228,0.0012663006782531738
2024,DLinear,0.2655589282512665,TimeMixer,0.26665255427360535,0.0010936260223388672,TimeMixer,0.26665255427360535,0.0010936260223388672
2025,TimeMixer,0.2704414129257202,DLinear,0.27081063389778137,0.0003692209720611572,TimeMixer,0.2704414129257202,0.0
2026,TimeMixer,0.2683185636997223,DLinear,0.2696913182735443,0.0013727545738220215,TimeMixer,0.2683185636997223,0.0
2027,TimeMixer,0.27024325728416443,DLinear,0.2725251615047455,0.0022819042205810547,TimeMixer,0.27024325728416443,0.0
2028,DLinear,0.26747438311576843,TimeMixer,0.2716261148452759,0.004151731729507446,TimeMixer,0.2716261148452759,0.004151731729507446
2029,DLinear,0.26117342710494995,TimeMixer,0.26606518030166626,0.004891753196716309,TimeMixer,0.26606518030166626,0.004891753196716309
2030,DLinear,0.26183009147644043,TimeMixer,0.26301780343055725,0.0011877119541168213,TimeMixer,0.26301780343055725,0.0011877119541168213
2031,TimeMixer,0.26430049538612366,DLinear,0.27024587988853455,0.005945384502410889,TimeMixer,0.26430049538612366,0.0
2032,TimeMixer,0.26738086342811584,DLinear,0.26767733693122864,0.00029647350311279297,TimeMixer,0.26738086342811584,0.0
2033,TimeMixer,0.2646505832672119,DLinear,0.2673160135746002,0.0026654303073883057,TimeMixer,0.2646505832672119,0.0
2034,DLinear,0.2669426500797272,TimeMixer,0.26761794090270996,0.0006752908229827881,TimeMixer,0.26761794090270996,0.0006752908229827881
2035,TimeMixer,0.308940589427948,DLinear,0.3155668377876282,0.006626248359680176,TimeMixer,0.308940589427948,0.0
2036,TimeMixer,0.3023199439048767,DLinear,0.30613797903060913,0.003818035125732422,TimeMixer,0.3023199439048767,0.0
2037,DLinear,0.3112525939941406,TimeMixer,0.3191448152065277,0.007892221212387085,TimeMixer,0.3191448152065277,0.007892221212387085
2038,TimeMixer,0.30839020013809204,DLinear,0.31213298439979553,0.003742784261703491,TimeMixer,0.30839020013809204,0.0
2039,DLinear,0.3117660880088806,TimeMixer,0.31291916966438293,0.0011530816555023193,TimeMixer,0.31291916966438293,0.0011530816555023193
2040,DLinear,0.31012287735939026,TimeMixer,0.3124745190143585,0.0023516416549682617,TimeMixer,0.3124745190143585,0.0023516416549682617
2041,TimeMixer,0.3095645308494568,DLinear,0.3110770881175995,0.0015125572681427002,TimeMixer,0.3095645308494568,0.0
2042,DLinear,0.305107057094574,TimeMixer,0.30532142519950867,0.00021436810493469238,TimeMixer,0.30532142519950867,0.00021436810493469238
2043,TimeMixer,0.31024712324142456,DLinear,0.3184175491333008,0.00817042589187622,TimeMixer,0.31024712324142456,0.0
2044,DLinear,0.3254352807998657,TimeMixer,0.3259623944759369,0.000527113676071167,TimeMixer,0.3259623944759369,0.000527113676071167
2045,DLinear,0.3155001997947693,TimeMixer,0.32404857873916626,0.008548378944396973,TimeMixer,0.32404857873916626,0.008548378944396973
2046,DLinear,0.3432479798793793,TimeMixer,0.3480733335018158,0.0048253536224365234,TimeMixer,0.3480733335018158,0.0048253536224365234
2047,TimeMixer,0.3413543403148651,DLinear,0.3439331650733948,0.002578824758529663,TimeMixer,0.3413543403148651,0.0
2048,DLinear,0.3480321168899536,TimeMixer,0.3505479097366333,0.0025157928466796875,TimeMixer,0.3505479097366333,0.0025157928466796875
2049,DLinear,0.34453263878822327,TimeMixer,0.345745325088501,0.00121268630027771,TimeMixer,0.345745325088501,0.00121268630027771
2050,TimeMixer,0.3467012941837311,DLinear,0.34747380018234253,0.0007725059986114502,TimeMixer,0.3467012941837311,0.0
2051,DLinear,0.34681668877601624,TimeMixer,0.3490869104862213,0.002270221710205078,TimeMixer,0.3490869104862213,0.002270221710205078
