window_index,DLinear,PatchTST,iTransformer,TimesNet
0,0.5119047761,0.4345238209,0.4880952239,0.4821428657
1,0.4821428657,0.5119047761,0.494047612,0.4880952239
2,0.4761904776,0.5,0.4880952239,0.4880952239
3,0.5238095522,0.4642857015,0.5,0.4821428657
4,0.4761904776,0.5238095522,0.494047612,0.4761904776
5,0.5178571343,0.5059523582,0.5,0.5476190448
6,0.4880952239,0.5178571343,0.4821428657,0.4821428657
7,0.4880952239,0.5357142687,0.4761904776,0.4761904776
8,0.494047612,0.5357142687,0.4523809552,0.4821428657
9,0.4702380896,0.4880952239,0.4285714328,0.5654761791
10,0.5,0.5059523582,0.5297619104,0.4880952239
11,0.4821428657,0.5297619104,0.571428597,0.4761904776
12,0.494047612,0.4523809552,0.4642857015,0.4761904776
13,0.4821428657,0.5178571343,0.5,0.4761904776
14,0.4821428657,0.4464285672,0.5,0.4821428657
15,0.5,0.494047612,0.5,0.4761904776
16,0.4821428657,0.494047612,0.5059523582,0.4761904776
17,0.4821428657,0.5357142687,0.5,0.4702380896
18,0.553571403,0.5059523582,0.4464285672,0.5297619104
19,0.494047612,0.4642857015,0.5059523582,0.5119047761
20,0.4761904776,0.5119047761,0.4702380896,0.5357142687
21,0.4523809552,0.5297619104,0.5178571343,0.5178571343
22,0.4702380896,0.494047612,0.5119047761,0.5119047761
23,0.4821428657,0.5297619104,0.5,0.5119047761
24,0.494047612,0.494047612,0.5178571343,0.5119047761
25,0.4642857015,0.5178571343,0.5238095522,0.5119047761
26,0.5178571343,0.4761904776,0.5059523582,0.5059523582
27,0.5178571343,0.5238095522,0.5059523582,0.5
28,0.4464285672,0.494047612,0.5,0.494047612
29,0.5119047761,0.4821428657,0.4880952239,0.494047612
30,0.4761904776,0.4642857015,0.5,0.494047612
31,0.4464285672,0.494047612,0.4880952239,0.4880952239
32,0.4702380896,0.4345238209,0.4821428657,0.4880952239
33,0.5059523582,0.4523809552,0.494047612,0.4880952239
34,0.4583333433,0.4404761791,0.4821428657,0.4821428657
35,0.4404761791,0.4702380896,0.4880952239,0.4880952239
36,0.4702380896,0.4821428657,0.4880952239,0.4880952239
37,0.4702380896,0.4702380896,0.494047612,0.494047612
38,0.4702380896,0.5,0.5,0.5
39,0.5,0.4583333433,0.5,0.5
40,0.4702380896,0.4702380896,0.494047612,0.494047612
41,0.4642857015,0.5357142687,0.494047612,0.494047612
42,0.5238095522,0.5238095522,0.5,0.5
43,0.4761904776,0.5119047761,0.5,0.5
44,0.4761904776,0.5119047761,0.5059523582,0.5059523582
45,0.4583333433,0.494047612,0.5059523582,0.5059523582
46,0.5059523582,0.494047612,0.5,0.5
47,0.4523809552,0.4880952239,0.5,0.5
48,0.4880952239,0.4226190448,0.5,0.5
49,0.4702380896,0.5059523582,0.494047612,0.494047612
50,0.4464285672,0.494047612,0.494047612,0.494047612
51,0.4583333433,0.494047612,0.4880952239,0.4880952239
52,0.4702380896,0.494047612,0.494047612,0.494047612
53,0.4702380896,0.5,0.494047612,0.494047612
54,0.4821428657,0.4642857015,0.4880952239,0.4880952239
55,0.4523809552,0.4821428657,0.4880952239,0.4880952239
56,0.4166666567,0.4642857015,0.4880952239,0.4880952239
57,0.4464285672,0.5416666865,0.494047612,0.494047612
58,0.5119047761,0.4702380896,0.5,0.5
59,0.5297619104,0.5059523582,0.5059523582,0.5
60,0.4880952239,0.5,0.494047612,0.494047612
61,0.4523809552,0.494047612,0.494047612,0.494047612
62,0.4821428657,0.4761904776,0.494047612,0.494047612
63,0.4523809552,0.4821428657,0.5,0.5
64,0.4226190448,0.4523809552,0.494047612,0.494047612
65,0.4166666567,0.4880952239,0.494047612,0.494047612
66,0.4761904776,0.4880952239,0.5,0.5
67,0.5059523582,0.4761904776,0.5,0.5
68,0.5059523582,0.4702380896,0.5,0.5
69,0.4642857015,0.494047612,0.5059523582,0.5059523582
70,0.4404761791,0.4880952239,0.5059523582,0.5059523582
71,0.4702380896,0.5119047761,0.5059523582,0.5059523582
72,0.4642857015,0.4583333433,0.5059523582,0.5059523582
73,0.4345238209,0.5178571343,0.5059523582,0.5059523582
74,0.4226190448,0.5,0.5119047761,0.5119047761
75,0.3928571343,0.4821428657,0.5119047761,0.5119047761
76,0.4107142985,0.4642857015,0.5059523582,0.5059523582
77,0.4464285672,0.4761904776,0.5059523582,0.5059523582
78,0.4166666567,0.5178571343,0.5119047761,0.5119047761
79,0.4642857015,0.4821428657,0.5119047761,0.5119047761
80,0.4285714328,0.4404761791,0.5119047761,0.5119047761
81,0.4226190448,0.4821428657,0.5119047761,0.5119047761
82,0.4642857015,0.5059523582,0.5059523582,0.5059523582
83,0.4404761791,0.4285714328,0.5119047761,0.5119047761
84,0.4345238209,0.4226190448,0.5119047761,0.5178571343
85,0.3988095224,0.4642857015,0.5238095522,0.5238095522
86,0.4583333433,0.4880952239,0.5178571343,0.5297619104
87,0.4107142985,0.5178571343,0.5238095522,0.5238095522
88,0.4345238209,0.4702380896,0.5178571343,0.5238095522
89,0.4464285672,0.5178571343,0.5238095522,0.5297619104
90,0.4226190448,0.5178571343,0.5297619104,0.5297619104
91,0.4226190448,0.4821428657,0.5297619104,0.5297619104
92,0.4404761791,0.5238095522,0.5119047761,0.5238095522
93,0.4226190448,0.5,0.5238095522,0.5238095522
94,0.4464285672,0.5,0.5238095522,0.5297619104
95,0.4285714328,0.5,0.5297619104,0.5297619104
96,0.4047619104,0.4464285672,0.5297619104,0.5297619104
97,0.4702380896,0.494047612,0.5297619104,0.5357142687
98,0.4404761791,0.4226190448,0.5357142687,0.5357142687
99,0.4345238209,0.4880952239,0.5297619104,0.5297619104
100,0.4821428657,0.4642857015,0.5297619104,0.5297619104
101,0.4642857015,0.4702380896,0.5238095522,0.5238095522
102,0.4166666567,0.5178571343,0.5238095522,0.5238095522
103,0.4642857015,0.5416666865,0.5238095522,0.5238095522
104,0.4404761791,0.4821428657,0.5178571343,0.5238095522
105,0.4642857015,0.5476190448,0.5297619104,0.5297619104
106,0.4880952239,0.5238095522,0.5297619104,0.5297619104
107,0.4464285672,0.5059523582,0.5238095522,0.5238095522
108,0.4523809552,0.4880952239,0.5297619104,0.5297619104
109,0.4464285672,0.4880952239,0.5238095522,0.5238095522
110,0.4642857015,0.5,0.5238095522,0.5238095522
111,0.4464285672,0.4702380896,0.5297619104,0.5297619104
112,0.5,0.4880952239,0.5297619104,0.5297619104
113,0.4642857015,0.4642857015,0.5297619104,0.5297619104
114,0.5059523582,0.494047612,0.5238095522,0.5297619104
115,0.4642857015,0.5119047761,0.5297619104,0.5297619104
116,0.5059523582,0.4702380896,0.5238095522,0.5238095522
117,0.553571403,0.4821428657,0.5476190448,0.5297619104
118,0.5178571343,0.5,0.5357142687,0.5357142687
119,0.5476190448,0.5238095522,0.5297619104,0.5297619104
120,0.5178571343,0.4880952239,0.5416666865,0.5297619104
121,0.5833333135,0.5357142687,0.5238095522,0.5297619104
122,0.5297619104,0.5595238209,0.5059523582,0.5297619104
123,0.4880952239,0.5654761791,0.5119047761,0.5238095522
124,0.5654761791,0.5,0.5238095522,0.5238095522
125,0.5357142687,0.553571403,0.5119047761,0.5178571343
126,0.494047612,0.5476190448,0.5178571343,0.5119047761
127,0.5357142687,0.5,0.4880952239,0.5119047761
128,0.5238095522,0.494047612,0.5119047761,0.5119047761
129,0.5059523582,0.5416666865,0.5238095522,0.5178571343
130,0.5654761791,0.571428597,0.5,0.5119047761
131,0.4761904776,0.4404761791,0.5059523582,0.5178571343
132,0.4821428657,0.4761904776,0.5178571343,0.5178571343
133,0.4345238209,0.5238095522,0.5119047761,0.5178571343
134,0.4642857015,0.5,0.5119047761,0.5178571343
135,0.4523809552,0.5416666865,0.5178571343,0.5178571343
136,0.4761904776,0.5059523582,0.5059523582,0.5119047761
137,0.5119047761,0.4642857015,0.5238095522,0.5178571343
138,0.4702380896,0.5119047761,0.5238095522,0.5178571343
139,0.5178571343,0.4880952239,0.5297619104,0.5178571343
140,0.5,0.5297619104,0.5297619104,0.5238095522
141,0.494047612,0.5654761791,0.5238095522,0.5178571343
142,0.4821428657,0.4702380896,0.5238095522,0.5178571343
143,0.4642857015,0.5119047761,0.5119047761,0.5119047761
144,0.4880952239,0.553571403,0.5059523582,0.5059523582
145,0.4642857015,0.4642857015,0.5059523582,0.5059523582
146,0.4761904776,0.5,0.5059523582,0.5059523582
147,0.4761904776,0.5238095522,0.5119047761,0.5119047761
148,0.5,0.4821428657,0.5119047761,0.5119047761
149,0.4761904776,0.5416666865,0.5178571343,0.5178571343
150,0.494047612,0.5119047761,0.5178571343,0.5178571343
151,0.5059523582,0.5238095522,0.5178571343,0.5178571343
152,0.494047612,0.5595238209,0.5178571343,0.5178571343
153,0.4880952239,0.4583333433,0.5119047761,0.5119047761
154,0.5476190448,0.5238095522,0.5059523582,0.5059523582
155,0.4761904776,0.5119047761,0.5119047761,0.5119047761
156,0.5119047761,0.5238095522,0.5178571343,0.5178571343
157,0.5,0.5238095522,0.5119047761,0.5119047761
158,0.4761904776,0.5,0.5119047761,0.5119047761
159,0.4583333433,0.4880952239,0.5059523582,0.5059523582
160,0.4761904776,0.4702380896,0.5059523582,0.5059523582
161,0.4523809552,0.4880952239,0.5059523582,0.5059523582
162,0.5,0.4880952239,0.5,0.5
163,0.4761904776,0.4642857015,0.5059523582,0.5059523582
164,0.5,0.4821428657,0.5059523582,0.5059523582
165,0.4642857015,0.5416666865,0.5119047761,0.5119047761
166,0.5059523582,0.4880952239,0.5059523582,0.5059523582
167,0.4642857015,0.494047612,0.5059523582,0.5059523582
168,0.5297619104,0.4880952239,0.5,0.5
169,0.5357142687,0.4642857015,0.5,0.5
170,0.5,0.5059523582,0.494047612,0.494047612
171,0.5059523582,0.4702380896,0.4880952239,0.4880952239
172,0.494047612,0.4821428657,0.4880952239,0.4880952239
173,0.4642857015,0.494047612,0.5,0.494047612
174,0.5059523582,0.4821428657,0.4880952239,0.4880952239
175,0.494047612,0.5416666865,0.4821428657,0.4821428657
176,0.4880952239,0.4821428657,0.4821428657,0.4821428657
177,0.5,0.4880952239,0.4821428657,0.4821428657
178,0.5119047761,0.5,0.4880952239,0.4821428657
179,0.4702380896,0.4821428657,0.4761904776,0.4761904776
180,0.5297619104,0.4880952239,0.4761904776,0.4761904776
181,0.4821428657,0.494047612,0.4821428657,0.4821428657
182,0.5297619104,0.5,0.4880952239,0.4880952239
183,0.4702380896,0.5119047761,0.4880952239,0.4880952239
184,0.4880952239,0.5,0.4821428657,0.4821428657
185,0.4880952239,0.4880952239,0.4880952239,0.4880952239
186,0.494047612,0.4880952239,0.4821428657,0.4821428657
187,0.5059523582,0.5,0.4761904776,0.4761904776
188,0.5,0.5,0.4821428657,0.4821428657
189,0.5059523582,0.5,0.4761904776,0.4761904776
190,0.4761904776,0.5238095522,0.4821428657,0.4821428657
191,0.4880952239,0.4345238209,0.4821428657,0.4821428657
192,0.5119047761,0.4821428657,0.4880952239,0.4880952239
193,0.494047612,0.4642857015,0.4880952239,0.4880952239
194,0.5,0.5178571343,0.4880952239,0.4880952239
195,0.4761904776,0.571428597,0.494047612,0.494047612
196,0.4880952239,0.4642857015,0.5,0.5
197,0.5238095522,0.5416666865,0.4880952239,0.494047612
198,0.4642857015,0.4761904776,0.4880952239,0.4880952239
199,0.4821428657,0.5178571343,0.494047612,0.494047612
200,0.4880952239,0.5,0.4880952239,0.4880952239
201,0.4285714328,0.4761904776,0.4821428657,0.494047612
202,0.4523809552,0.5059523582,0.5178571343,0.5
203,0.4285714328,0.4523809552,0.5,0.494047612
204,0.4702380896,0.5,0.4880952239,0.494047612
205,0.4166666567,0.4702380896,0.5,0.494047612
206,0.4345238209,0.4642857015,0.494047612,0.494047612
207,0.4702380896,0.5059523582,0.494047612,0.494047612
208,0.5119047761,0.4880952239,0.5,0.5
209,0.4761904776,0.5,0.494047612,0.494047612
210,0.4821428657,0.4761904776,0.4880952239,0.4880952239
211,0.5,0.5297619104,0.4880952239,0.4880952239
212,0.3988095224,0.5178571343,0.4702380896,0.4821428657
213,0.4821428657,0.4702380896,0.494047612,0.4880952239
214,0.4404761791,0.4880952239,0.5119047761,0.494047612
215,0.4166666567,0.5178571343,0.4880952239,0.4880952239
216,0.4702380896,0.5476190448,0.494047612,0.4880952239
217,0.4464285672,0.4702380896,0.4880952239,0.4880952239
218,0.4523809552,0.5178571343,0.5,0.494047612
219,0.4880952239,0.4642857015,0.5,0.494047612
220,0.4226190448,0.4404761791,0.494047612,0.4880952239
221,0.4404761791,0.5,0.4821428657,0.494047612
222,0.4583333433,0.4880952239,0.4761904776,0.494047612
223,0.4821428657,0.4642857015,0.494047612,0.5059523582
224,0.4583333433,0.4404761791,0.4880952239,0.494047612
225,0.4761904776,0.4583333433,0.5059523582,0.494047612
226,0.4821428657,0.5476190448,0.5059523582,0.494047612
227,0.4702380896,0.5238095522,0.5119047761,0.5
228,0.494047612,0.5059523582,0.5238095522,0.5059523582
229,0.4404761791,0.4821428657,0.5238095522,0.5059523582
230,0.5119047761,0.5238095522,0.5,0.5059523582
231,0.4404761791,0.5654761791,0.5059523582,0.5
232,0.5059523582,0.5119047761,0.494047612,0.5
233,0.494047612,0.5119047761,0.5059523582,0.5059523582
234,0.5059523582,0.4761904776,0.5,0.5
235,0.494047612,0.4583333433,0.5119047761,0.5059523582
236,0.5297619104,0.5416666865,0.5297619104,0.5119047761
237,0.5357142687,0.5297619104,0.5059523582,0.5059523582
238,0.5178571343,0.494047612,0.4761904776,0.5
239,0.4880952239,0.4761904776,0.4880952239,0.5
240,0.4642857015,0.4702380896,0.494047612,0.4523809552
241,0.4821428657,0.4761904776,0.4464285672,0.5178571343
242,0.4642857015,0.571428597,0.3988095224,0.5
243,0.4821428657,0.4702380896,0.5357142687,0.5
244,0.5,0.4404761791,0.5416666865,0.5059523582
245,0.553571403,0.4464285672,0.4880952239,0.5
246,0.4702380896,0.553571403,0.5297619104,0.5178571343
247,0.5,0.4880952239,0.5416666865,0.5059523582
248,0.5297619104,0.4226190448,0.5476190448,0.5
249,0.4523809552,0.5059523582,0.4702380896,0.5
250,0.4761904776,0.494047612,0.4702380896,0.494047612
251,0.5238095522,0.4642857015,0.5654761791,0.494047612
252,0.494047612,0.494047612,0.5297619104,0.5059523582
253,0.494047612,0.5476190448,0.494047612,0.5416666865
254,0.5238095522,0.5059523582,0.4761904776,0.4583333433
255,0.4821428657,0.5357142687,0.5119047761,0.5119047761
256,0.4761904776,0.4761904776,0.494047612,0.4880952239
257,0.5119047761,0.494047612,0.5059523582,0.4880952239
258,0.5357142687,0.5,0.5595238209,0.4761904776
259,0.5,0.4702380896,0.4523809552,0.4821428657
260,0.4702380896,0.4821428657,0.5059523582,0.4821428657
261,0.5178571343,0.553571403,0.4761904776,0.494047612
262,0.5,0.5357142687,0.5238095522,0.4880952239
263,0.5059523582,0.5595238209,0.4642857015,0.4761904776
264,0.5059523582,0.5,0.4583333433,0.4761904776
265,0.5416666865,0.5,0.4880952239,0.4761904776
266,0.5238095522,0.4702380896,0.4821428657,0.4702380896
267,0.4702380896,0.571428597,0.4285714328,0.4702380896
268,0.4821428657,0.5178571343,0.4821428657,0.4642857015
269,0.4642857015,0.5059523582,0.4702380896,0.4702380896
270,0.4761904776,0.5059523582,0.4642857015,0.4642857015
271,0.4821428657,0.5297619104,0.4761904776,0.4642857015
272,0.5476190448,0.494047612,0.4464285672,0.4702380896
273,0.5476190448,0.494047612,0.4642857015,0.4702380896
274,0.4761904776,0.4880952239,0.4523809552,0.4642857015
275,0.4404761791,0.4821428657,0.4702380896,0.4642857015
276,0.5119047761,0.494047612,0.4464285672,0.4583333433
277,0.5178571343,0.4702380896,0.4642857015,0.4583333433
278,0.5,0.5059523582,0.5,0.4642857015
279,0.4702380896,0.4226190448,0.4523809552,0.4583333433
280,0.4880952239,0.4404761791,0.4523809552,0.4583333433
281,0.4821428657,0.4880952239,0.4583333433,0.4583333433
282,0.5238095522,0.4761904776,0.4761904776,0.4583333433
283,0.5416666865,0.5178571343,0.4404761791,0.4345238209
284,0.4880952239,0.4761904776,0.5654761791,0.4523809552
285,0.5654761791,0.5238095522,0.4702380896,0.4642857015
286,0.5119047761,0.4523809552,0.4880952239,0.4702380896
287,0.5297619104,0.4880952239,0.4821428657,0.4583333433
288,0.4523809552,0.4702380896,0.4583333433,0.4583333433
289,0.5119047761,0.4464285672,0.4404761791,0.4523809552
290,0.4702380896,0.5119047761,0.4702380896,0.4523809552
291,0.5178571343,0.5119047761,0.5119047761,0.4523809552
292,0.5178571343,0.5238095522,0.4702380896,0.4523809552
293,0.494047612,0.494047612,0.5238095522,0.553571403
294,0.5595238209,0.5059523582,0.494047612,0.5178571343
295,0.553571403,0.5238095522,0.5119047761,0.5
296,0.5119047761,0.4583333433,0.494047612,0.4702380896
297,0.5357142687,0.4821428657,0.5,0.4642857015
298,0.5178571343,0.4642857015,0.5059523582,0.4702380896
299,0.5357142687,0.4642857015,0.3988095224,0.4642857015
300,0.5059523582,0.494047612,0.5,0.4642857015
301,0.5416666865,0.494047612,0.4702380896,0.4583333433
302,0.571428597,0.4880952239,0.5178571343,0.4642857015
303,0.5297619104,0.5357142687,0.494047612,0.4821428657
304,0.4761904776,0.4821428657,0.5059523582,0.5297619104
305,0.5357142687,0.4880952239,0.5476190448,0.5297619104
306,0.5238095522,0.5119047761,0.5357142687,0.5238095522
307,0.5,0.4702380896,0.5119047761,0.5178571343
308,0.4880952239,0.5654761791,0.4880952239,0.5238095522
309,0.4642857015,0.5119047761,0.5595238209,0.5238095522
310,0.5178571343,0.5059523582,0.5238095522,0.5297619104
311,0.494047612,0.4821428657,0.5119047761,0.5238095522
312,0.4702380896,0.494047612,0.4761904776,0.5178571343
313,0.5,0.5,0.4880952239,0.5119047761
314,0.494047612,0.4880952239,0.4761904776,0.494047612
315,0.5357142687,0.4761904776,0.4761904776,0.4702380896
316,0.4761904776,0.4761904776,0.5059523582,0.4702380896
317,0.4880952239,0.4285714328,0.4345238209,0.4702380896
318,0.4702380896,0.5059523582,0.4642857015,0.4702380896
319,0.5297619104,0.494047612,0.4464285672,0.4642857015
320,0.4702380896,0.4880952239,0.4523809552,0.4642857015
321,0.5,0.4642857015,0.4821428657,0.4702380896
322,0.4880952239,0.4523809552,0.5059523582,0.4761904776
323,0.4761904776,0.5,0.4583333433,0.4702380896
324,0.4583333433,0.4880952239,0.4761904776,0.4642857015
325,0.4702380896,0.4523809552,0.4761904776,0.4642857015
326,0.5178571343,0.5,0.494047612,0.4702380896
327,0.4761904776,0.4404761791,0.4702380896,0.4464285672
328,0.5,0.4404761791,0.3928571343,0.4642857015
329,0.4761904776,0.4285714328,0.4226190448,0.4821428657
330,0.494047612,0.4404761791,0.5,0.4702380896
331,0.5119047761,0.4345238209,0.494047612,0.4880952239
332,0.5238095522,0.4583333433,0.4821428657,0.4821428657
333,0.4523809552,0.3988095224,0.4880952239,0.4702380896
334,0.5,0.4702380896,0.5119047761,0.4761904776
335,0.4880952239,0.4404761791,0.4583333433,0.4821428657
336,0.5238095522,0.4821428657,0.5297619104,0.4821428657
337,0.4761904776,0.4345238209,0.494047612,0.4880952239
338,0.4880952239,0.494047612,0.4583333433,0.4880952239
339,0.4821428657,0.5,0.4702380896,0.5059523582
340,0.5,0.5,0.4226190448,0.494047612
341,0.4821428657,0.4880952239,0.4880952239,0.4761904776
342,0.4702380896,0.4642857015,0.4642857015,0.4761904776
343,0.4821428657,0.5238095522,0.4821428657,0.4880952239
344,0.5476190448,0.4821428657,0.5119047761,0.4761904776
345,0.5178571343,0.5178571343,0.4880952239,0.494047612
346,0.5238095522,0.494047612,0.5059523582,0.4821428657
347,0.5119047761,0.4880952239,0.4821428657,0.494047612
348,0.4345238209,0.4761904776,0.4880952239,0.4761904776
349,0.4523809552,0.4166666567,0.494047612,0.4821428657
350,0.4583333433,0.4761904776,0.494047612,0.4821428657
351,0.5238095522,0.4523809552,0.4821428657,0.4761904776
352,0.5059523582,0.494047612,0.4761904776,0.4761904776
353,0.4761904776,0.4107142985,0.4702380896,0.4702380896
354,0.4702380896,0.5238095522,0.4880952239,0.4761904776
355,0.5,0.4880952239,0.4702380896,0.4761904776
356,0.5238095522,0.4523809552,0.4821428657,0.4761904776
357,0.5,0.4345238209,0.4523809552,0.4761904776
358,0.494047612,0.5,0.5238095522,0.4761904776
359,0.5178571343,0.4107142985,0.5,0.4821428657
360,0.4642857015,0.5119047761,0.4761904776,0.4702380896
361,0.5,0.5,0.4761904776,0.4702380896
362,0.5,0.4821428657,0.4464285672,0.4702380896
363,0.5119047761,0.4642857015,0.4761904776,0.4702380896
364,0.5238095522,0.4761904776,0.4642857015,0.4642857015
365,0.4880952239,0.494047612,0.4642857015,0.4702380896
366,0.5773809552,0.4880952239,0.4761904776,0.4761904776
367,0.553571403,0.4761904776,0.4761904776,0.4702380896
368,0.5357142687,0.4642857015,0.4761904776,0.4702380896
369,0.4464285672,0.4404761791,0.4702380896,0.4702380896
370,0.5297619104,0.5119047761,0.4464285672,0.4702380896
371,0.5059523582,0.4880952239,0.4821428657,0.4761904776
372,0.5178571343,0.5238095522,0.4761904776,0.4761904776
373,0.5059523582,0.5059523582,0.4821428657,0.4761904776
374,0.5178571343,0.4642857015,0.4702380896,0.4761904776
375,0.5178571343,0.5059523582,0.4583333433,0.4702380896
376,0.5416666865,0.4761904776,0.4583333433,0.4642857015
377,0.5059523582,0.4880952239,0.4702380896,0.4702380896
378,0.5238095522,0.4642857015,0.4821428657,0.4702380896
379,0.5357142687,0.5178571343,0.4880952239,0.4761904776
380,0.5178571343,0.4523809552,0.494047612,0.4761904776
381,0.5178571343,0.494047612,0.4761904776,0.4702380896
382,0.5416666865,0.5119047761,0.4583333433,0.4702380896
383,0.5476190448,0.494047612,0.4821428657,0.4702380896
384,0.5119047761,0.494047612,0.5119047761,0.4642857015
385,0.4642857015,0.5,0.4821428657,0.4642857015
386,0.5416666865,0.5059523582,0.4583333433,0.4642857015
387,0.553571403,0.5,0.4345238209,0.4642857015
388,0.5416666865,0.5357142687,0.4821428657,0.4702380896
389,0.5476190448,0.5,0.4761904776,0.4702380896
390,0.5119047761,0.4404761791,0.4702380896,0.4702380896
391,0.4702380896,0.494047612,0.4702380896,0.4702380896
392,0.553571403,0.5833333135,0.4821428657,0.4702380896
393,0.5654761791,0.4821428657,0.4702380896,0.4642857015
394,0.5476190448,0.4702380896,0.4642857015,0.4642857015
395,0.5416666865,0.5238095522,0.4523809552,0.4583333433
396,0.5238095522,0.4821428657,0.4583333433,0.4523809552
397,0.571428597,0.5357142687,0.4583333433,0.4523809552
398,0.5059523582,0.5059523582,0.4583333433,0.4523809552
399,0.5178571343,0.4880952239,0.4583333433,0.4523809552
400,0.553571403,0.5119047761,0.4583333433,0.4523809552
401,0.5119047761,0.4821428657,0.4523809552,0.4464285672
402,0.4702380896,0.5357142687,0.4404761791,0.4464285672
403,0.571428597,0.5178571343,0.4464285672,0.4404761791
404,0.5476190448,0.4880952239,0.4345238209,0.4404761791
405,0.5,0.4523809552,0.4464285672,0.4464285672
406,0.4880952239,0.4464285672,0.4464285672,0.4464285672
407,0.5654761791,0.4702380896,0.4464285672,0.4523809552
408,0.5357142687,0.5,0.4523809552,0.4523809552
409,0.5654761791,0.4821428657,0.4583333433,0.4523809552
410,0.5238095522,0.5119047761,0.4464285672,0.4523809552
411,0.5357142687,0.5119047761,0.4761904776,0.4523809552
412,0.5119047761,0.5,0.4345238209,0.4464285672
413,0.5357142687,0.5119047761,0.4583333433,0.4464285672
414,0.5416666865,0.5119047761,0.4523809552,0.4523809552
415,0.5119047761,0.4702380896,0.4821428657,0.4523809552
416,0.5178571343,0.4761904776,0.4821428657,0.4523809552
417,0.5595238209,0.494047612,0.4702380896,0.4464285672
418,0.5595238209,0.5297619104,0.4464285672,0.4404761791
419,0.5416666865,0.4761904776,0.4464285672,0.4404761791
420,0.5059523582,0.5476190448,0.4583333433,0.4404761791
421,0.5238095522,0.4464285672,0.4583333433,0.4464285672
422,0.5595238209,0.4047619104,0.4642857015,0.4464285672
423,0.5595238209,0.4702380896,0.4523809552,0.4404761791
424,0.5595238209,0.494047612,0.4404761791,0.4404761791
425,0.553571403,0.5297619104,0.4285714328,0.4464285672
426,0.5476190448,0.4583333433,0.4642857015,0.4523809552
427,0.5595238209,0.5,0.4523809552,0.4583333433
428,0.494047612,0.5178571343,0.4523809552,0.4583333433
429,0.5,0.5178571343,0.4761904776,0.4583333433
430,0.5178571343,0.5238095522,0.4642857015,0.4583333433
431,0.5238095522,0.4880952239,0.4226190448,0.4583333433
432,0.5178571343,0.4523809552,0.4761904776,0.4583333433
433,0.5178571343,0.5297619104,0.4523809552,0.4583333433
434,0.5178571343,0.5119047761,0.4702380896,0.4642857015
435,0.4702380896,0.5059523582,0.4642857015,0.4642857015
436,0.5238095522,0.5178571343,0.494047612,0.4642857015
437,0.5357142687,0.5059523582,0.4583333433,0.4642857015
438,0.5595238209,0.4166666567,0.4583333433,0.4642857015
439,0.5297619104,0.5595238209,0.4404761791,0.4642857015
440,0.5357142687,0.4702380896,0.4642857015,0.4583333433
441,0.5892857313,0.5,0.4583333433,0.4642857015
442,0.5297619104,0.5059523582,0.4702380896,0.4702380896
443,0.5119047761,0.4761904776,0.4761904776,0.4761904776
444,0.5178571343,0.5119047761,0.4523809552,0.4761904776
445,0.5238095522,0.5238095522,0.4702380896,0.4880952239
446,0.5178571343,0.5416666865,0.4880952239,0.494047612
447,0.5119047761,0.5119047761,0.4642857015,0.4761904776
448,0.5178571343,0.4642857015,0.5178571343,0.4761904776
449,0.5059523582,0.5,0.5,0.4821428657
450,0.5297619104,0.5476190448,0.4702380896,0.4761904776
451,0.5416666865,0.4404761791,0.494047612,0.4761904776
452,0.5357142687,0.4642857015,0.4702380896,0.4761904776
453,0.5,0.5178571343,0.4761904776,0.4880952239
454,0.5238095522,0.4523809552,0.4523809552,0.4761904776
455,0.4642857015,0.5,0.4523809552,0.4702380896
456,0.5059523582,0.5238095522,0.4642857015,0.4642857015
457,0.5416666865,0.5416666865,0.4523809552,0.4702380896
458,0.5238095522,0.5297619104,0.4523809552,0.4583333433
459,0.5238095522,0.4821428657,0.571428597,0.4761904776
460,0.4523809552,0.4523809552,0.5297619104,0.4702380896
461,0.5238095522,0.5297619104,0.5357142687,0.4464285672
462,0.4702380896,0.5,0.4464285672,0.4464285672
463,0.4880952239,0.494047612,0.4404761791,0.4821428657
464,0.4880952239,0.4345238209,0.5357142687,0.4583333433
465,0.494047612,0.5059523582,0.494047612,0.4523809552
466,0.4702380896,0.4404761791,0.4583333433,0.4583333433
467,0.5,0.4761904776,0.5119047761,0.4583333433
468,0.4702380896,0.494047612,0.4702380896,0.4642857015
469,0.4761904776,0.4523809552,0.4285714328,0.4464285672
470,0.5,0.5059523582,0.4821428657,0.4404761791
471,0.5059523582,0.4761904776,0.4702380896,0.4583333433
472,0.494047612,0.4821428657,0.4642857015,0.4404761791
473,0.494047612,0.494047612,0.5,0.4523809552
474,0.4880952239,0.4880952239,0.494047612,0.4404761791
475,0.4880952239,0.4642857015,0.4642857015,0.4464285672
476,0.4821428657,0.4702380896,0.4702380896,0.4583333433
477,0.4583333433,0.4702380896,0.4345238209,0.4583333433
478,0.5238095522,0.4226190448,0.4642857015,0.4523809552
479,0.4523809552,0.4702380896,0.4523809552,0.4464285672
480,0.4642857015,0.4642857015,0.4464285672,0.4404761791
481,0.5297619104,0.4285714328,0.4404761791,0.4404761791
482,0.4642857015,0.4761904776,0.4345238209,0.4345238209
483,0.4345238209,0.4047619104,0.4404761791,0.4404761791
484,0.4107142985,0.4583333433,0.4523809552,0.4464285672
485,0.4226190448,0.4404761791,0.4345238209,0.4404761791
486,0.4226190448,0.4404761791,0.4345238209,0.4464285672
487,0.4404761791,0.4345238209,0.4404761791,0.4464285672
488,0.4404761791,0.4345238209,0.4464285672,0.4464285672
489,0.4047619104,0.375,0.4464285672,0.4404761791
490,0.4226190448,0.4226190448,0.4404761791,0.4345238209
491,0.4583333433,0.4404761791,0.4404761791,0.4345238209
492,0.3928571343,0.3988095224,0.4523809552,0.4404761791
493,0.4226190448,0.4464285672,0.4226190448,0.4404761791
494,0.4107142985,0.4404761791,0.4523809552,0.4345238209
495,0.4107142985,0.4285714328,0.4285714328,0.4345238209
496,0.4464285672,0.4285714328,0.4523809552,0.4404761791
497,0.4523809552,0.4523809552,0.4226190448,0.4404761791
498,0.375,0.3988095224,0.4404761791,0.4345238209
499,0.4226190448,0.3869047761,0.4285714328,0.4345238209
500,0.4345238209,0.4107142985,0.4226190448,0.4345238209
501,0.4226190448,0.4880952239,0.4285714328,0.4345238209
502,0.4345238209,0.4404761791,0.4285714328,0.4345238209
503,0.4345238209,0.4047619104,0.4464285672,0.4345238209
504,0.4166666567,0.4583333433,0.4523809552,0.4404761791
505,0.3928571343,0.4880952239,0.4285714328,0.4583333433
506,0.4107142985,0.3988095224,0.4761904776,0.4345238209
507,0.4464285672,0.4404761791,0.5,0.4285714328
508,0.4404761791,0.4821428657,0.5238095522,0.4285714328
509,0.4523809552,0.4107142985,0.3928571343,0.4226190448
510,0.4285714328,0.4583333433,0.4285714328,0.4285714328
511,0.4166666567,0.4880952239,0.4761904776,0.4464285672
512,0.4107142985,0.4464285672,0.4702380896,0.4404761791
513,0.4345238209,0.4642857015,0.4880952239,0.494047612
514,0.4404761791,0.5119047761,0.5238095522,0.5119047761
515,0.4821428657,0.4523809552,0.5476190448,0.5595238209
516,0.4404761791,0.4761904776,0.5416666865,0.5595238209
517,0.4047619104,0.4642857015,0.494047612,0.5357142687
518,0.4583333433,0.4761904776,0.5238095522,0.553571403
519,0.4107142985,0.5,0.4583333433,0.553571403
520,0.4583333433,0.4464285672,0.4821428657,0.5416666865
521,0.4642857015,0.4345238209,0.5119047761,0.5654761791
522,0.4464285672,0.4761904776,0.4702380896,0.4702380896
523,0.4523809552,0.494047612,0.4880952239,0.4523809552
524,0.4166666567,0.4583333433,0.4523809552,0.4464285672
525,0.4345238209,0.4523809552,0.4404761791,0.4464285672
526,0.4285714328,0.4702380896,0.4107142985,0.4404761791
527,0.4523809552,0.494047612,0.4583333433,0.4464285672
528,0.4702380896,0.4821428657,0.494047612,0.553571403
529,0.5059523582,0.5,0.5238095522,0.5476190448
530,0.4642857015,0.5,0.5416666865,0.5416666865
531,0.4642857015,0.5357142687,0.5119047761,0.5416666865
532,0.4226190448,0.5119047761,0.553571403,0.5416666865
533,0.4880952239,0.4821428657,0.5059523582,0.5476190448
534,0.5059523582,0.494047612,0.5357142687,0.5476190448
535,0.4880952239,0.4880952239,0.5476190448,0.5476190448
536,0.5297619104,0.4880952239,0.553571403,0.5476190448
537,0.5297619104,0.494047612,0.5297619104,0.553571403
538,0.4702380896,0.5178571343,0.5654761791,0.5595238209
539,0.4642857015,0.5,0.5654761791,0.5654761791
540,0.4642857015,0.4761904776,0.5,0.5595238209
541,0.5,0.571428597,0.5416666865,0.5654761791
542,0.4880952239,0.5119047761,0.553571403,0.571428597
543,0.4880952239,0.5416666865,0.6071428657,0.571428597
544,0.494047612,0.5238095522,0.5297619104,0.5654761791
545,0.4404761791,0.5297619104,0.5416666865,0.5654761791
546,0.4761904776,0.5059523582,0.5654761791,0.5654761791
547,0.4583333433,0.5416666865,0.5773809552,0.571428597
548,0.4702380896,0.5059523582,0.553571403,0.5654761791
549,0.4404761791,0.553571403,0.553571403,0.5595238209
550,0.4642857015,0.5357142687,0.5595238209,0.5654761791
551,0.4642857015,0.4642857015,0.5238095522,0.5595238209
552,0.4583333433,0.5654761791,0.571428597,0.5595238209
553,0.4583333433,0.5119047761,0.5297619104,0.5595238209
554,0.5178571343,0.5238095522,0.5238095522,0.5595238209
555,0.4821428657,0.5833333135,0.5476190448,0.5595238209
556,0.4523809552,0.5476190448,0.5595238209,0.5595238209
557,0.494047612,0.5178571343,0.5416666865,0.5595238209
558,0.4821428657,0.5476190448,0.5476190448,0.553571403
559,0.4464285672,0.5,0.5654761791,0.5595238209
560,0.4464285672,0.5773809552,0.553571403,0.5595238209
561,0.4821428657,0.553571403,0.5476190448,0.553571403
562,0.4642857015,0.5297619104,0.5476190448,0.553571403
563,0.4404761791,0.5595238209,0.553571403,0.5476190448
564,0.4642857015,0.5119047761,0.5238095522,0.5476190448
565,0.4702380896,0.5773809552,0.5595238209,0.553571403
566,0.4761904776,0.4761904776,0.5595238209,0.5595238209
567,0.4464285672,0.5357142687,0.5654761791,0.5595238209
568,0.3988095224,0.5476190448,0.571428597,0.5595238209
569,0.4821428657,0.5,0.571428597,0.553571403
570,0.4761904776,0.5654761791,0.5416666865,0.5476190448
571,0.4880952239,0.5297619104,0.5476190448,0.5476190448
572,0.4523809552,0.5297619104,0.553571403,0.553571403
573,0.4761904776,0.5357142687,0.5595238209,0.553571403
574,0.4226190448,0.5238095522,0.553571403,0.553571403
575,0.4821428657,0.5178571343,0.5595238209,0.5595238209
576,0.5476190448,0.553571403,0.5595238209,0.5595238209
577,0.4761904776,0.5476190448,0.553571403,0.553571403
578,0.5357142687,0.5476190448,0.5476190448,0.5476190448
579,0.5297619104,0.553571403,0.5476190448,0.5476190448
580,0.5119047761,0.553571403,0.5476190448,0.5476190448
581,0.5119047761,0.5297619104,0.5416666865,0.5416666865
582,0.5476190448,0.5833333135,0.5476190448,0.5476190448
583,0.553571403,0.553571403,0.5476190448,0.5476190448
584,0.5059523582,0.5297619104,0.5416666865,0.5416666865
585,0.553571403,0.5357142687,0.5416666865,0.5416666865
586,0.5357142687,0.5476190448,0.5416666865,0.5416666865
587,0.5238095522,0.5476190448,0.5416666865,0.5416666865
588,0.5773809552,0.5654761791,0.5476190448,0.5416666865
589,0.5595238209,0.5357142687,0.5416666865,0.5476190448
590,0.5654761791,0.5416666865,0.5595238209,0.553571403
591,0.5178571343,0.5476190448,0.553571403,0.5476190448
592,0.553571403,0.5476190448,0.5297619104,0.5416666865
593,0.553571403,0.5059523582,0.5297619104,0.5416666865
594,0.5476190448,0.5952380896,0.553571403,0.5416666865
595,0.5476190448,0.5833333135,0.5416666865,0.5476190448
596,0.553571403,0.5595238209,0.553571403,0.5416666865
597,0.571428597,0.5,0.5416666865,0.5416666865
598,0.5476190448,0.5238095522,0.5654761791,0.5416666865
599,0.5654761791,0.494047612,0.5297619104,0.5357142687
600,0.5416666865,0.5059523582,0.5297619104,0.5357142687
601,0.5357142687,0.5416666865,0.5595238209,0.5416666865
602,0.5773809552,0.571428597,0.5119047761,0.5357142687
603,0.571428597,0.5952380896,0.5178571343,0.553571403
604,0.5238095522,0.5059523582,0.5892857313,0.5476190448
605,0.5595238209,0.5297619104,0.4761904776,0.5476190448
606,0.571428597,0.553571403,0.5654761791,0.5416666865
607,0.553571403,0.553571403,0.4821428657,0.5476190448
608,0.571428597,0.5119047761,0.5,0.5476190448
609,0.5952380896,0.5297619104,0.4523809552,0.5357142687
610,0.5595238209,0.5654761791,0.5119047761,0.5654761791
611,0.5595238209,0.5238095522,0.5595238209,0.5476190448
612,0.5297619104,0.5297619104,0.5476190448,0.5357142687
613,0.5476190448,0.494047612,0.5178571343,0.5476190448
614,0.5833333135,0.5357142687,0.4880952239,0.5476190448
615,0.5297619104,0.5059523582,0.5119047761,0.5416666865
616,0.5654761791,0.5178571343,0.5773809552,0.5357142687
617,0.5476190448,0.5357142687,0.5476190448,0.5297619104
618,0.5357142687,0.494047612,0.5416666865,0.5297619104
619,0.5892857313,0.571428597,0.5595238209,0.5357142687
620,0.5416666865,0.494047612,0.5238095522,0.5297619104
621,0.5476190448,0.5059523582,0.5357142687,0.5297619104
622,0.5476190448,0.4821428657,0.5119047761,0.5297619104
623,0.5654761791,0.553571403,0.5238095522,0.5238095522
624,0.5357142687,0.5178571343,0.553571403,0.5178571343
625,0.5892857313,0.4642857015,0.4523809552,0.5178571343
626,0.6488095522,0.5952380896,0.4761904776,0.4642857015
627,0.5654761791,0.4880952239,0.6071428657,0.4642857015
628,0.6190476418,0.5833333135,0.5119047761,0.4821428657
629,0.5416666865,0.4821428657,0.4761904776,0.4761904776
630,0.5952380896,0.6071428657,0.5297619104,0.553571403
631,0.5833333135,0.5238095522,0.5297619104,0.4880952239
632,0.5476190448,0.5119047761,0.5833333135,0.5297619104
633,0.6130952239,0.5,0.5416666865,0.5238095522
634,0.5595238209,0.5178571343,0.5892857313,0.5238095522
635,0.5952380896,0.5178571343,0.5059523582,0.5238095522
636,0.6011904478,0.5178571343,0.553571403,0.5238095522
637,0.5654761791,0.571428597,0.5357142687,0.5178571343
638,0.5773809552,0.5654761791,0.5357142687,0.5119047761
639,0.6071428657,0.5416666865,0.4761904776,0.5238095522
640,0.5952380896,0.4523809552,0.5238095522,0.5178571343
641,0.6071428657,0.5119047761,0.5178571343,0.5119047761
642,0.5773809552,0.6726190448,0.5178571343,0.5119047761
643,0.6011904478,0.5297619104,0.4821428657,0.5119047761
644,0.553571403,0.5595238209,0.5178571343,0.5059523582
645,0.571428597,0.5595238209,0.5595238209,0.5119047761
646,0.5892857313,0.5059523582,0.5119047761,0.5119047761
647,0.5654761791,0.5357142687,0.5119047761,0.5178571343
648,0.5595238209,0.5297619104,0.494047612,0.5178571343
649,0.5773809552,0.4642857015,0.5297619104,0.5178571343
650,0.5357142687,0.5119047761,0.5178571343,0.5119047761
651,0.5297619104,0.571428597,0.5178571343,0.5178571343
652,0.571428597,0.5059523582,0.5238095522,0.5178571343
653,0.5476190448,0.5119047761,0.5,0.5119047761
654,0.553571403,0.4880952239,0.5178571343,0.5178571343
655,0.5238095522,0.4880952239,0.5119047761,0.5178571343
656,0.5178571343,0.5178571343,0.5178571343,0.5119047761
657,0.4880952239,0.5119047761,0.5297619104,0.5119047761
658,0.5476190448,0.5119047761,0.5059523582,0.5059523582
659,0.5119047761,0.5476190448,0.5059523582,0.5059523582
660,0.5416666865,0.5476190448,0.5238095522,0.5119047761
661,0.5476190448,0.5119047761,0.5,0.5059523582
662,0.5238095522,0.5357142687,0.5,0.5059523582
663,0.5297619104,0.5059523582,0.494047612,0.5
664,0.5416666865,0.5297619104,0.494047612,0.5059523582
665,0.5238095522,0.5297619104,0.5178571343,0.5
666,0.5416666865,0.5178571343,0.5059523582,0.5
667,0.553571403,0.5416666865,0.5476190448,0.5059523582
668,0.5416666865,0.4821428657,0.4345238209,0.5178571343
669,0.571428597,0.5297619104,0.5119047761,0.5
670,0.553571403,0.5595238209,0.494047612,0.5
671,0.5178571343,0.5297619104,0.5119047761,0.4880952239
672,0.5476190448,0.5,0.5595238209,0.4702380896
673,0.5476190448,0.4880952239,0.5,0.5297619104
674,0.5416666865,0.5119047761,0.5119047761,0.4761904776
675,0.5476190448,0.4583333433,0.5357142687,0.4642857015
676,0.5119047761,0.6011904478,0.4523809552,0.5059523582
677,0.5476190448,0.5178571343,0.5178571343,0.5
678,0.5178571343,0.5357142687,0.4821428657,0.4880952239
679,0.5238095522,0.5297619104,0.553571403,0.5
680,0.494047612,0.5595238209,0.4642857015,0.5
681,0.5357142687,0.5238095522,0.5059523582,0.494047612
682,0.494047612,0.553571403,0.5476190448,0.494047612
683,0.4702380896,0.5059523582,0.5357142687,0.5
684,0.4880952239,0.4642857015,0.4880952239,0.494047612
685,0.5178571343,0.4642857015,0.4880952239,0.5
686,0.5297619104,0.5178571343,0.4642857015,0.5
687,0.5,0.5119047761,0.5357142687,0.5
688,0.494047612,0.4523809552,0.494047612,0.5
689,0.5297619104,0.5,0.5178571343,0.5
690,0.5238095522,0.4464285672,0.5059523582,0.5
691,0.5238095522,0.4464285672,0.494047612,0.5
692,0.571428597,0.5297619104,0.4880952239,0.5
693,0.4702380896,0.4642857015,0.5357142687,0.5059523582
694,0.5178571343,0.5178571343,0.5119047761,0.5059523582
695,0.5476190448,0.4880952239,0.5476190448,0.5059523582
696,0.5357142687,0.5119047761,0.5297619104,0.5059523582
697,0.4880952239,0.4880952239,0.4821428657,0.5059523582
698,0.5416666865,0.5357142687,0.5297619104,0.5119047761
699,0.5297619104,0.553571403,0.4642857015,0.5119047761
700,0.4880952239,0.4821428657,0.4761904776,0.5059523582
701,0.5357142687,0.5119047761,0.494047612,0.5
702,0.571428597,0.5595238209,0.5416666865,0.5059523582
703,0.4583333433,0.4761904776,0.5,0.5
704,0.5119047761,0.5297619104,0.494047612,0.5
705,0.553571403,0.4880952239,0.4821428657,0.5
706,0.553571403,0.4523809552,0.4761904776,0.5
707,0.553571403,0.5059523582,0.5178571343,0.494047612
708,0.5238095522,0.4642857015,0.5119047761,0.5
709,0.5416666865,0.5357142687,0.494047612,0.5
710,0.5357142687,0.5238095522,0.4583333433,0.494047612
711,0.5416666865,0.494047612,0.5178571343,0.4880952239
712,0.5238095522,0.5476190448,0.4761904776,0.4821428657
713,0.5,0.4047619104,0.5178571343,0.494047612
714,0.5654761791,0.5,0.4702380896,0.494047612
715,0.5357142687,0.5297619104,0.494047612,0.4880952239
716,0.571428597,0.4880952239,0.4642857015,0.494047612
717,0.553571403,0.5119047761,0.5238095522,0.5
718,0.5654761791,0.494047612,0.4761904776,0.5
719,0.5178571343,0.5119047761,0.5297619104,0.5059523582
720,0.5297619104,0.5238095522,0.5059523582,0.5
721,0.5357142687,0.494047612,0.5357142687,0.494047612
722,0.6071428657,0.5,0.5416666865,0.494047612
723,0.5297619104,0.4761904776,0.4583333433,0.494047612
724,0.5297619104,0.494047612,0.4761904776,0.494047612
725,0.5297619104,0.4821428657,0.5119047761,0.494047612
726,0.5654761791,0.5178571343,0.5,0.494047612
727,0.5119047761,0.5119047761,0.4464285672,0.494047612
728,0.5238095522,0.5595238209,0.4523809552,0.4702380896
729,0.5357142687,0.4583333433,0.4880952239,0.553571403
730,0.5654761791,0.494047612,0.5059523582,0.5
731,0.5059523582,0.5178571343,0.5059523582,0.5654761791
732,0.5595238209,0.5059523582,0.5952380896,0.5178571343
733,0.5297619104,0.4880952239,0.5357142687,0.5
734,0.4880952239,0.5059523582,0.5416666865,0.4523809552
735,0.5,0.5178571343,0.5119047761,0.4702380896
736,0.5059523582,0.4702380896,0.4523809552,0.4583333433
737,0.4821428657,0.4880952239,0.5297619104,0.4821428657
738,0.5119047761,0.5178571343,0.5119047761,0.5119047761
739,0.5,0.4583333433,0.5059523582,0.4880952239
740,0.4702380896,0.4761904776,0.5,0.5238095522
741,0.494047612,0.4761904776,0.494047612,0.5178571343
742,0.4821428657,0.494047612,0.5,0.5297619104
743,0.5059523582,0.4404761791,0.4523809552,0.5297619104
744,0.494047612,0.4523809552,0.5357142687,0.5178571343
745,0.5416666865,0.4702380896,0.5238095522,0.5476190448
746,0.5178571343,0.5297619104,0.4821428657,0.553571403
747,0.5059523582,0.4821428657,0.5178571343,0.4821428657
748,0.5178571343,0.494047612,0.5238095522,0.5416666865
749,0.4523809552,0.5476190448,0.5238095522,0.494047612
750,0.5059523582,0.5416666865,0.5,0.5059523582
751,0.4761904776,0.5416666865,0.5059523582,0.5
752,0.5238095522,0.5,0.5,0.5059523582
753,0.4880952239,0.494047612,0.5119047761,0.5059523582
754,0.4821428657,0.5119047761,0.5297619104,0.5119047761
755,0.5238095522,0.4880952239,0.5059523582,0.5119047761
756,0.5416666865,0.4821428657,0.4880952239,0.5238095522
757,0.4880952239,0.5119047761,0.5773809552,0.5059523582
758,0.5178571343,0.5119047761,0.4464285672,0.4821428657
759,0.5476190448,0.5297619104,0.494047612,0.5059523582
760,0.5059523582,0.4880952239,0.4642857015,0.5178571343
761,0.5297619104,0.5178571343,0.5297619104,0.5595238209
762,0.5297619104,0.4285714328,0.494047612,0.5119047761
763,0.5,0.4761904776,0.5416666865,0.5178571343
764,0.553571403,0.5238095522,0.4345238209,0.494047612
765,0.5238095522,0.5892857313,0.5476190448,0.5297619104
766,0.571428597,0.4761904776,0.4345238209,0.4880952239
767,0.4702380896,0.5357142687,0.5238095522,0.5059523582
768,0.5,0.4880952239,0.4821428657,0.494047612
769,0.4880952239,0.494047612,0.4642857015,0.494047612
770,0.5178571343,0.5,0.5357142687,0.5
771,0.5059523582,0.4285714328,0.5178571343,0.494047612
772,0.5416666865,0.4880952239,0.4464285672,0.4880952239
773,0.5357142687,0.4880952239,0.4880952239,0.494047612
774,0.5238095522,0.4464285672,0.5297619104,0.494047612
775,0.553571403,0.4880952239,0.4761904776,0.4880952239
776,0.4761904776,0.4345238209,0.5,0.4880952239
777,0.5297619104,0.4523809552,0.494047612,0.5119047761
778,0.5178571343,0.5,0.5119047761,0.4880952239
779,0.5,0.4880952239,0.5357142687,0.4821428657
780,0.4761904776,0.494047612,0.4583333433,0.4880952239
781,0.4761904776,0.4821428657,0.4880952239,0.4821428657
782,0.5,0.5119047761,0.5059523582,0.4821428657
783,0.5297619104,0.5,0.5119047761,0.4880952239
784,0.5,0.4821428657,0.5059523582,0.4821428657
785,0.4880952239,0.4880952239,0.5119047761,0.5059523582
786,0.494047612,0.4880952239,0.4702380896,0.4702380896
787,0.5238095522,0.5238095522,0.571428597,0.494047612
788,0.5059523582,0.5297619104,0.5357142687,0.4880952239
789,0.4880952239,0.4821428657,0.5059523582,0.4821428657
790,0.5178571343,0.5119047761,0.5,0.4880952239
791,0.5,0.4642857015,0.4583333433,0.4880952239
792,0.5119047761,0.5059523582,0.4821428657,0.4880952239
793,0.5178571343,0.4880952239,0.4464285672,0.494047612
794,0.4880952239,0.4642857015,0.5178571343,0.4702380896
795,0.4642857015,0.5238095522,0.5238095522,0.5
796,0.4880952239,0.5476190448,0.5119047761,0.5119047761
797,0.5178571343,0.494047612,0.5238095522,0.5059523582
798,0.5416666865,0.5059523582,0.5059523582,0.4880952239
799,0.5476190448,0.5178571343,0.5297619104,0.4880952239
800,0.5238095522,0.4702380896,0.5297619104,0.5119047761
801,0.5297619104,0.5416666865,0.5416666865,0.4821428657
802,0.5357142687,0.4761904776,0.4166666567,0.4702380896
803,0.5654761791,0.4761904776,0.5297619104,0.4642857015
804,0.5,0.5297619104,0.4523809552,0.4702380896
805,0.5416666865,0.4642857015,0.5059523582,0.5178571343
806,0.4761904776,0.5,0.5833333135,0.5119047761
807,0.5297619104,0.5119047761,0.4583333433,0.4523809552
808,0.5119047761,0.5595238209,0.4166666567,0.4464285672
809,0.494047612,0.5059523582,0.5,0.5119047761
810,0.5416666865,0.5059523582,0.4404761791,0.4821428657
811,0.5773809552,0.5119047761,0.5059523582,0.4404761791
812,0.571428597,0.553571403,0.4285714328,0.494047612
813,0.5178571343,0.5059523582,0.5238095522,0.5238095522
814,0.5595238209,0.5178571343,0.5059523582,0.553571403
815,0.5892857313,0.4761904776,0.4821428657,0.494047612
816,0.5357142687,0.4642857015,0.5,0.4880952239
817,0.5654761791,0.5238095522,0.5595238209,0.5178571343
818,0.5654761791,0.553571403,0.5,0.5357142687
819,0.5595238209,0.5119047761,0.571428597,0.4880952239
820,0.571428597,0.5178571343,0.4642857015,0.5059523582
821,0.5773809552,0.5773809552,0.5654761791,0.494047612
822,0.5833333135,0.5119047761,0.4404761791,0.5059523582
823,0.5416666865,0.5297619104,0.4821428657,0.4821428657
824,0.5654761791,0.4761904776,0.5,0.4761904776
825,0.5238095522,0.4642857015,0.5357142687,0.4702380896
826,0.5059523582,0.5,0.5,0.5119047761
827,0.553571403,0.4880952239,0.5357142687,0.5059523582
828,0.5833333135,0.5416666865,0.4464285672,0.5059523582
829,0.5595238209,0.494047612,0.5595238209,0.494047612
830,0.5238095522,0.5119047761,0.5476190448,0.5297619104
831,0.5119047761,0.5357142687,0.4404761791,0.5238095522
832,0.5773809552,0.5,0.5059523582,0.4821428657
833,0.5297619104,0.4821428657,0.5416666865,0.4523809552
834,0.5059523582,0.5059523582,0.5178571343,0.494047612
835,0.5178571343,0.5357142687,0.4523809552,0.5
836,0.5119047761,0.5,0.4880952239,0.494047612
837,0.5,0.494047612,0.5178571343,0.4761904776
838,0.494047612,0.4702380896,0.4702380896,0.5
839,0.4880952239,0.5357142687,0.4583333433,0.5416666865
840,0.5119047761,0.5178571343,0.5,0.4702380896
841,0.4880952239,0.4761904776,0.5119047761,0.4642857015
842,0.5,0.4880952239,0.4880952239,0.494047612
843,0.5,0.5178571343,0.5297619104,0.5
844,0.4464285672,0.5178571343,0.4761904776,0.5
845,0.4642857015,0.4583333433,0.5,0.494047612
846,0.5238095522,0.5178571343,0.4583333433,0.4880952239
847,0.5476190448,0.4285714328,0.494047612,0.494047612
848,0.494047612,0.4702380896,0.5416666865,0.5
849,0.4880952239,0.4880952239,0.6011904478,0.494047612
850,0.5059523582,0.4523809552,0.494047612,0.5
851,0.5357142687,0.5178571343,0.4523809552,0.494047612
852,0.4702380896,0.494047612,0.5654761791,0.494047612
853,0.4642857015,0.5059523582,0.5654761791,0.5178571343
854,0.4880952239,0.5416666865,0.5178571343,0.5059523582
855,0.5059523582,0.4642857015,0.4523809552,0.5357142687
856,0.4642857015,0.4702380896,0.4285714328,0.553571403
857,0.4642857015,0.5595238209,0.494047612,0.5416666865
858,0.4285714328,0.4702380896,0.4761904776,0.5
859,0.4583333433,0.4345238209,0.5416666865,0.494047612
860,0.494047612,0.5119047761,0.5119047761,0.5059523582
861,0.4702380896,0.5178571343,0.4523809552,0.5
862,0.4880952239,0.4642857015,0.5059523582,0.494047612
863,0.5357142687,0.5119047761,0.5178571343,0.494047612
864,0.4761904776,0.4285714328,0.5059523582,0.494047612
865,0.4523809552,0.5059523582,0.4761904776,0.494047612
866,0.4821428657,0.5297619104,0.4523809552,0.494047612
867,0.4761904776,0.4702380896,0.4583333433,0.5
868,0.494047612,0.5178571343,0.5,0.5
869,0.5357142687,0.5357142687,0.4523809552,0.5
870,0.5,0.5059523582,0.5059523582,0.5
871,0.5119047761,0.4523809552,0.4880952239,0.5059523582
872,0.494047612,0.571428597,0.5059523582,0.5059523582
873,0.4880952239,0.4702380896,0.5,0.5
874,0.4523809552,0.5178571343,0.4702380896,0.494047612
875,0.5,0.5238095522,0.494047612,0.494047612
876,0.4583333433,0.553571403,0.4702380896,0.494047612
877,0.4761904776,0.4821428657,0.4404761791,0.494047612
878,0.4880952239,0.494047612,0.5357142687,0.494047612
879,0.4107142985,0.494047612,0.4642857015,0.5
880,0.4821428657,0.4642857015,0.5059523582,0.5059523582
881,0.4464285672,0.4761904776,0.5297619104,0.5
882,0.5119047761,0.5,0.5,0.494047612
883,0.4642857015,0.4761904776,0.5,0.5
884,0.4761904776,0.4880952239,0.5,0.5
885,0.4821428657,0.4880952239,0.494047612,0.494047612
886,0.4285714328,0.4880952239,0.494047612,0.494047612
887,0.4583333433,0.4821428657,0.494047612,0.494047612
888,0.494047612,0.4821428657,0.4880952239,0.494047612
889,0.4583333433,0.4761904776,0.494047612,0.494047612
890,0.4761904776,0.5238095522,0.5,0.5
891,0.4047619104,0.5178571343,0.5,0.5
892,0.4583333433,0.494047612,0.5059523582,0.5
893,0.4821428657,0.494047612,0.5,0.5059523582
894,0.4464285672,0.5238095522,0.5119047761,0.5119047761
895,0.5,0.5059523582,0.5119047761,0.5059523582
896,0.4880952239,0.4345238209,0.5119047761,0.5119047761
897,0.4107142985,0.5059523582,0.494047612,0.5119047761
898,0.494047612,0.5119047761,0.5119047761,0.5119047761
899,0.4583333433,0.4821428657,0.5059523582,0.5119047761
900,0.4880952239,0.5238095522,0.5,0.5119047761
901,0.5,0.4880952239,0.5059523582,0.5178571343
902,0.4583333433,0.5119047761,0.5238095522,0.5238095522
903,0.4285714328,0.5119047761,0.553571403,0.5238095522
904,0.4523809552,0.5059523582,0.4821428657,0.5178571343
905,0.4880952239,0.5059523582,0.5238095522,0.5178571343
906,0.4761904776,0.5357142687,0.4761904776,0.5178571343
907,0.4404761791,0.5059523582,0.5,0.5178571343
908,0.4821428657,0.5178571343,0.5238095522,0.5238095522
909,0.4821428657,0.5,0.5297619104,0.5178571343
910,0.4880952239,0.5178571343,0.5059523582,0.5119047761
911,0.494047612,0.5476190448,0.5119047761,0.5059523582
912,0.4583333433,0.4642857015,0.4702380896,0.5059523582
913,0.4345238209,0.5178571343,0.5357142687,0.5059523582
914,0.4761904776,0.5416666865,0.4880952239,0.5119047761
915,0.494047612,0.4821428657,0.5654761791,0.5178571343
916,0.4821428657,0.4702380896,0.5238095522,0.5178571343
917,0.5238095522,0.4702380896,0.5178571343,0.5178571343
918,0.4761904776,0.5416666865,0.5,0.5119047761
919,0.5059523582,0.4523809552,0.5357142687,0.5119047761
920,0.5,0.5476190448,0.5178571343,0.5119047761
921,0.494047612,0.5,0.5357142687,0.5059523582
922,0.5416666865,0.5773809552,0.494047612,0.5059523582
923,0.5,0.4880952239,0.5,0.5119047761
924,0.5,0.5416666865,0.4821428657,0.494047612
925,0.4702380896,0.5119047761,0.4523809552,0.494047612
926,0.5119047761,0.5238095522,0.5,0.5
927,0.5,0.5,0.5,0.5
928,0.4523809552,0.494047612,0.5178571343,0.494047612
929,0.494047612,0.5178571343,0.494047612,0.4880952239
930,0.4761904776,0.4285714328,0.4821428657,0.4821428657
931,0.5059523582,0.5297619104,0.4761904776,0.4821428657
932,0.4880952239,0.5059523582,0.4821428657,0.4880952239
933,0.5357142687,0.5059523582,0.5,0.4880952239
934,0.494047612,0.4642857015,0.4761904776,0.4821428657
935,0.5297619104,0.4642857015,0.4761904776,0.4821428657
936,0.5119047761,0.5178571343,0.4761904776,0.4821428657
937,0.4523809552,0.4523809552,0.494047612,0.4821428657
938,0.4702380896,0.4821428657,0.4761904776,0.4761904776
939,0.494047612,0.5357142687,0.4761904776,0.4761904776
940,0.4821428657,0.5,0.4702380896,0.4702380896
941,0.5059523582,0.4821428657,0.4702380896,0.4702380896
942,0.5595238209,0.4583333433,0.4761904776,0.4761904776
943,0.5178571343,0.4880952239,0.4702380896,0.4702380896
944,0.4880952239,0.5059523582,0.4642857015,0.4642857015
945,0.5654761791,0.4642857015,0.4642857015,0.4642857015
946,0.571428597,0.494047612,0.4583333433,0.4583333433
947,0.5238095522,0.4464285672,0.4523809552,0.4523809552
948,0.5416666865,0.5238095522,0.4523809552,0.4523809552
949,0.5416666865,0.4642857015,0.4464285672,0.4464285672
950,0.5,0.4642857015,0.4404761791,0.4404761791
951,0.5297619104,0.4464285672,0.4464285672,0.4464285672
952,0.553571403,0.4523809552,0.4464285672,0.4464285672
953,0.5357142687,0.4583333433,0.4464285672,0.4464285672
954,0.5297619104,0.4821428657,0.4404761791,0.4464285672
955,0.5297619104,0.5357142687,0.4464285672,0.4464285672
956,0.571428597,0.4761904776,0.4404761791,0.4404761791
957,0.5595238209,0.4404761791,0.4404761791,0.4404761791
958,0.553571403,0.4642857015,0.4464285672,0.4464285672
959,0.5178571343,0.5357142687,0.4464285672,0.4464285672
960,0.5416666865,0.5297619104,0.4464285672,0.4464285672
961,0.5357142687,0.5773809552,0.4523809552,0.4523809552
962,0.5238095522,0.5416666865,0.4523809552,0.4523809552
963,0.571428597,0.4761904776,0.4523809552,0.4523809552
964,0.5833333135,0.5238095522,0.4464285672,0.4464285672
965,0.6190476418,0.4880952239,0.4464285672,0.4464285672
966,0.553571403,0.5357142687,0.4464285672,0.4464285672
967,0.5238095522,0.4642857015,0.4404761791,0.4404761791
968,0.5238095522,0.4761904776,0.4404761791,0.4404761791
969,0.5119047761,0.4821428657,0.4464285672,0.4464285672
970,0.553571403,0.4702380896,0.4464285672,0.4464285672
971,0.5654761791,0.5178571343,0.4404761791,0.4404761791
972,0.5773809552,0.4821428657,0.4345238209,0.4345238209
973,0.6011904478,0.5297619104,0.4404761791,0.4404761791
974,0.553571403,0.4523809552,0.4404761791,0.4404761791
975,0.5476190448,0.5119047761,0.4404761791,0.4404761791
976,0.5595238209,0.4702380896,0.4464285672,0.4464285672
977,0.4880952239,0.5595238209,0.4404761791,0.4464285672
978,0.571428597,0.494047612,0.4523809552,0.4523809552
979,0.5178571343,0.5,0.4464285672,0.4464285672
980,0.5476190448,0.4761904776,0.4404761791,0.4404761791
981,0.5595238209,0.4880952239,0.4404761791,0.4404761791
982,0.5059523582,0.5416666865,0.4464285672,0.4464285672
983,0.494047612,0.4345238209,0.4464285672,0.4464285672
984,0.5059523582,0.4761904776,0.4404761791,0.4404761791
985,0.5119047761,0.4464285672,0.4345238209,0.4345238209
986,0.5119047761,0.4285714328,0.4404761791,0.4404761791
987,0.5,0.4702380896,0.4404761791,0.4404761791
988,0.5357142687,0.4404761791,0.4345238209,0.4345238209
989,0.494047612,0.4702380896,0.4404761791,0.4404761791
990,0.5654761791,0.4642857015,0.4404761791,0.4404761791
991,0.5178571343,0.5119047761,0.4404761791,0.4464285672
992,0.5119047761,0.5,0.4166666567,0.4464285672
993,0.5357142687,0.4702380896,0.4404761791,0.4404761791
994,0.5357142687,0.5476190448,0.4404761791,0.4464285672
995,0.4880952239,0.5059523582,0.4404761791,0.4464285672
996,0.5297619104,0.4642857015,0.4642857015,0.4642857015
997,0.553571403,0.5238095522,0.5059523582,0.4523809552
998,0.5595238209,0.553571403,0.4226190448,0.4583333433
999,0.5416666865,0.571428597,0.5119047761,0.4404761791
1000,0.5297619104,0.5,0.4464285672,0.4583333433
1001,0.494047612,0.4583333433,0.5059523582,0.4523809552
1002,0.5238095522,0.4880952239,0.4345238209,0.4464285672
1003,0.5476190448,0.4821428657,0.4464285672,0.4404761791
1004,0.5773809552,0.5059523582,0.4345238209,0.4345238209
1005,0.5238095522,0.5416666865,0.4523809552,0.4404761791
1006,0.5119047761,0.5059523582,0.4523809552,0.4285714328
1007,0.5178571343,0.5357142687,0.4523809552,0.4345238209
1008,0.5238095522,0.494047612,0.4345238209,0.4464285672
1009,0.5357142687,0.5,0.4702380896,0.4345238209
1010,0.5,0.5059523582,0.4464285672,0.4345238209
1011,0.5416666865,0.5059523582,0.4047619104,0.4226190448
1012,0.5178571343,0.4821428657,0.494047612,0.4404761791
1013,0.5238095522,0.5892857313,0.5178571343,0.4523809552
1014,0.5119047761,0.5952380896,0.4642857015,0.4404761791
1015,0.5476190448,0.553571403,0.4642857015,0.4523809552
1016,0.5178571343,0.4821428657,0.494047612,0.4285714328
1017,0.5416666865,0.5059523582,0.4702380896,0.4404761791
1018,0.5297619104,0.5595238209,0.4880952239,0.5297619104
1019,0.5416666865,0.5476190448,0.5416666865,0.5654761791
1020,0.5238095522,0.5357142687,0.5238095522,0.571428597
1021,0.5416666865,0.5297619104,0.5595238209,0.571428597
1022,0.5297619104,0.5357142687,0.5476190448,0.571428597
1023,0.571428597,0.5238095522,0.5416666865,0.571428597
1024,0.571428597,0.5595238209,0.5476190448,0.5654761791
1025,0.5595238209,0.5297619104,0.5476190448,0.5654761791
1026,0.5416666865,0.5119047761,0.5476190448,0.5654761791
1027,0.571428597,0.5178571343,0.5357142687,0.5654761791
1028,0.553571403,0.5416666865,0.5476190448,0.5654761791
1029,0.5,0.5238095522,0.5357142687,0.5654761791
1030,0.494047612,0.5416666865,0.5476190448,0.5654761791
1031,0.4880952239,0.5595238209,0.5952380896,0.571428597
1032,0.4583333433,0.5119047761,0.5595238209,0.571428597
1033,0.5416666865,0.494047612,0.5773809552,0.5654761791
1034,0.5,0.5357142687,0.5833333135,0.5654761791
1035,0.4464285672,0.5297619104,0.571428597,0.5595238209
1036,0.5178571343,0.5595238209,0.5654761791,0.5654761791
1037,0.4880952239,0.5595238209,0.5654761791,0.571428597
1038,0.5119047761,0.4761904776,0.5654761791,0.5654761791
1039,0.4880952239,0.5238095522,0.5892857313,0.571428597
1040,0.494047612,0.5119047761,0.5892857313,0.5654761791
1041,0.4642857015,0.5297619104,0.571428597,0.5654761791
1042,0.494047612,0.4880952239,0.571428597,0.5654761791
1043,0.4821428657,0.5297619104,0.5595238209,0.5654761791
1044,0.494047612,0.4404761791,0.5654761791,0.5595238209
1045,0.4404761791,0.5297619104,0.5595238209,0.5595238209
1046,0.5357142687,0.5595238209,0.5654761791,0.5654761791
1047,0.4880952239,0.571428597,0.5654761791,0.5654761791
1048,0.5059523582,0.5119047761,0.571428597,0.5654761791
1049,0.5059523582,0.5119047761,0.5654761791,0.5654761791
1050,0.4761904776,0.5297619104,0.571428597,0.571428597
1051,0.5119047761,0.5476190448,0.5654761791,0.5654761791
1052,0.5416666865,0.5476190448,0.5595238209,0.5595238209
1053,0.4642857015,0.5654761791,0.5654761791,0.5654761791
1054,0.5178571343,0.5476190448,0.5595238209,0.5595238209
1055,0.5,0.5654761791,0.5654761791,0.5595238209
1056,0.494047612,0.5297619104,0.5654761791,0.5654761791
1057,0.4880952239,0.5357142687,0.553571403,0.571428597
1058,0.5238095522,0.5654761791,0.571428597,0.571428597
1059,0.5,0.5357142687,0.5773809552,0.5654761791
1060,0.5357142687,0.4583333433,0.571428597,0.5654761791
1061,0.5119047761,0.5238095522,0.5416666865,0.5595238209
1062,0.5,0.553571403,0.5773809552,0.553571403
1063,0.5238095522,0.5,0.5595238209,0.5595238209
1064,0.5476190448,0.494047612,0.5595238209,0.553571403
1065,0.5357142687,0.5059523582,0.5416666865,0.5476190448
1066,0.5119047761,0.5119047761,0.5297619104,0.5476190448
1067,0.5178571343,0.4583333433,0.5654761791,0.553571403
1068,0.5297619104,0.5476190448,0.553571403,0.553571403
1069,0.5059523582,0.5059523582,0.5297619104,0.553571403
1070,0.5416666865,0.4642857015,0.553571403,0.553571403
1071,0.5119047761,0.4464285672,0.5654761791,0.5595238209
1072,0.5,0.5773809552,0.5654761791,0.5595238209
1073,0.5297619104,0.5059523582,0.5654761791,0.553571403
1074,0.5238095522,0.5059523582,0.5595238209,0.553571403
1075,0.5238095522,0.5059523582,0.5654761791,0.553571403
1076,0.5297619104,0.4642857015,0.5357142687,0.5476190448
1077,0.5178571343,0.4642857015,0.5654761791,0.553571403
1078,0.5357142687,0.5059523582,0.5476190448,0.5595238209
1079,0.5476190448,0.4464285672,0.571428597,0.5595238209
1080,0.5476190448,0.6071428657,0.5595238209,0.5654761791
1081,0.5476190448,0.4880952239,0.5595238209,0.5595238209
1082,0.5178571343,0.5178571343,0.553571403,0.553571403
1083,0.553571403,0.5416666865,0.5476190448,0.5476190448
1084,0.5595238209,0.571428597,0.553571403,0.553571403
1085,0.571428597,0.5357142687,0.553571403,0.553571403
1086,0.5595238209,0.5178571343,0.5595238209,0.5595238209
1087,0.494047612,0.494047612,0.553571403,0.5595238209
1088,0.5,0.5,0.5416666865,0.5654761791
1089,0.5,0.553571403,0.5595238209,0.571428597
1090,0.553571403,0.5416666865,0.5238095522,0.5654761791
1091,0.5297619104,0.5595238209,0.5059523582,0.5773809552
1092,0.5238095522,0.5178571343,0.3869047761,0.5476190448
1093,0.5654761791,0.625,0.5773809552,0.5119047761
1094,0.571428597,0.5238095522,0.5952380896,0.5892857313
1095,0.5416666865,0.5297619104,0.494047612,0.571428597
1096,0.5833333135,0.5773809552,0.5833333135,0.553571403
1097,0.5833333135,0.5654761791,0.494047612,0.5952380896
1098,0.571428597,0.4880952239,0.5178571343,0.5952380896
1099,0.553571403,0.5119047761,0.6071428657,0.5952380896
1100,0.5595238209,0.5773809552,0.5416666865,0.6011904478
1101,0.6071428657,0.5952380896,0.5476190448,0.5833333135
1102,0.5654761791,0.5357142687,0.6011904478,0.5952380896
1103,0.571428597,0.5178571343,0.4880952239,0.5773809552
1104,0.5892857313,0.5059523582,0.5297619104,0.5773809552
1105,0.5595238209,0.5952380896,0.571428597,0.5892857313
1106,0.5059523582,0.5357142687,0.5892857313,0.5892857313
1107,0.571428597,0.553571403,0.5833333135,0.5892857313
1108,0.5952380896,0.5654761791,0.5773809552,0.5892857313
1109,0.5952380896,0.6071428657,0.571428597,0.5892857313
1110,0.5654761791,0.6011904478,0.5654761791,0.5952380896
1111,0.6071428657,0.5952380896,0.5892857313,0.5952380896
1112,0.5892857313,0.6071428657,0.5952380896,0.5892857313
1113,0.5595238209,0.5595238209,0.5892857313,0.5892857313
1114,0.6130952239,0.5297619104,0.5952380896,0.5892857313
1115,0.5595238209,0.5357142687,0.571428597,0.5833333135
1116,0.5773809552,0.5595238209,0.5773809552,0.5773809552
1117,0.571428597,0.5238095522,0.571428597,0.571428597
1118,0.571428597,0.5297619104,0.571428597,0.5654761791
1119,0.5952380896,0.553571403,0.571428597,0.571428597
1120,0.5178571343,0.553571403,0.571428597,0.571428597
1121,0.5476190448,0.5892857313,0.571428597,0.571428597
1122,0.5595238209,0.5357142687,0.571428597,0.571428597
1123,0.494047612,0.5952380896,0.571428597,0.571428597
1124,0.5,0.5952380896,0.5595238209,0.5654761791
1125,0.5357142687,0.5476190448,0.5654761791,0.5654761791
1126,0.5476190448,0.5833333135,0.571428597,0.571428597
1127,0.571428597,0.5357142687,0.5654761791,0.5654761791
1128,0.5297619104,0.5654761791,0.5654761791,0.5654761791
1129,0.5833333135,0.571428597,0.5654761791,0.5654761791
1130,0.5654761791,0.5952380896,0.5654761791,0.5654761791
1131,0.5595238209,0.5416666865,0.5357142687,0.5595238209
1132,0.5595238209,0.5833333135,0.5654761791,0.5595238209
1133,0.5238095522,0.5654761791,0.553571403,0.553571403
1134,0.571428597,0.4761904776,0.553571403,0.553571403
1135,0.5952380896,0.553571403,0.5476190448,0.5476190448
1136,0.5595238209,0.5773809552,0.553571403,0.553571403
1137,0.5119047761,0.5952380896,0.5595238209,0.5595238209
1138,0.5595238209,0.5892857313,0.5595238209,0.5595238209
1139,0.5476190448,0.5476190448,0.5595238209,0.5595238209
1140,0.6011904478,0.5476190448,0.5595238209,0.5595238209
1141,0.5416666865,0.571428597,0.5654761791,0.5654761791
1142,0.5119047761,0.5595238209,0.5595238209,0.5595238209
1143,0.5,0.5773809552,0.5595238209,0.5595238209
1144,0.5892857313,0.5595238209,0.5595238209,0.5595238209
1145,0.5654761791,0.571428597,0.5654761791,0.5654761791
1146,0.5476190448,0.5833333135,0.571428597,0.571428597
1147,0.5,0.5892857313,0.5654761791,0.5654761791
1148,0.5773809552,0.5833333135,0.5654761791,0.5654761791
1149,0.5833333135,0.6071428657,0.571428597,0.571428597
1150,0.5595238209,0.5178571343,0.5773809552,0.571428597
1151,0.553571403,0.5773809552,0.5654761791,0.571428597
1152,0.5952380896,0.5654761791,0.571428597,0.571428597
1153,0.5297619104,0.571428597,0.5654761791,0.5654761791
1154,0.5059523582,0.571428597,0.5654761791,0.5654761791
1155,0.5238095522,0.5654761791,0.571428597,0.571428597
1156,0.5238095522,0.5654761791,0.571428597,0.571428597
1157,0.5178571343,0.571428597,0.571428597,0.571428597
1158,0.5238095522,0.5416666865,0.5654761791,0.5654761791
1159,0.5416666865,0.553571403,0.5654761791,0.5654761791
1160,0.4761904776,0.5773809552,0.571428597,0.5654761791
1161,0.5119047761,0.571428597,0.5654761791,0.5654761791
1162,0.5059523582,0.6011904478,0.5654761791,0.5654761791
1163,0.5297619104,0.571428597,0.5654761791,0.5654761791
1164,0.5357142687,0.5773809552,0.571428597,0.571428597
1165,0.4880952239,0.5952380896,0.571428597,0.5773809552
1166,0.5297619104,0.5773809552,0.571428597,0.571428597
1167,0.5773809552,0.571428597,0.571428597,0.571428597
1168,0.553571403,0.6071428657,0.5773809552,0.5773809552
1169,0.5059523582,0.6011904478,0.5773809552,0.5773809552
1170,0.5416666865,0.571428597,0.571428597,0.571428597
1171,0.553571403,0.6071428657,0.571428597,0.571428597
1172,0.571428597,0.5476190448,0.5654761791,0.5654761791
1173,0.5297619104,0.5773809552,0.5654761791,0.5654761791
1174,0.5654761791,0.5952380896,0.5595238209,0.5595238209
1175,0.5476190448,0.5476190448,0.553571403,0.553571403
1176,0.5297619104,0.553571403,0.5595238209,0.5595238209
1177,0.5416666865,0.5357142687,0.553571403,0.553571403
1178,0.5178571343,0.571428597,0.5476190448,0.5476190448
1179,0.5654761791,0.5476190448,0.5476190448,0.5476190448
1180,0.5357142687,0.553571403,0.5476190448,0.5476190448
1181,0.5,0.5595238209,0.553571403,0.553571403
1182,0.5119047761,0.5773809552,0.553571403,0.553571403
1183,0.5119047761,0.5654761791,0.5595238209,0.5595238209
1184,0.553571403,0.5654761791,0.5595238209,0.5595238209
1185,0.494047612,0.553571403,0.553571403,0.553571403
1186,0.5476190448,0.5595238209,0.553571403,0.553571403
1187,0.5,0.5654761791,0.5595238209,0.5595238209
1188,0.5416666865,0.5654761791,0.5595238209,0.5595238209
1189,0.4880952239,0.553571403,0.5595238209,0.5595238209
1190,0.5,0.5654761791,0.5595238209,0.5595238209
1191,0.4523809552,0.571428597,0.5654761791,0.5654761791
1192,0.5,0.5654761791,0.5654761791,0.5654761791
1193,0.4880952239,0.5654761791,0.5654761791,0.5654761791
1194,0.5119047761,0.5654761791,0.5654761791,0.5654761791
1195,0.5297619104,0.5476190448,0.571428597,0.571428597
1196,0.5238095522,0.5773809552,0.571428597,0.571428597
1197,0.4880952239,0.5654761791,0.571428597,0.571428597
1198,0.5238095522,0.571428597,0.5773809552,0.5773809552
1199,0.5059523582,0.571428597,0.571428597,0.571428597
1200,0.5119047761,0.5773809552,0.571428597,0.571428597
1201,0.5238095522,0.553571403,0.571428597,0.571428597
1202,0.5119047761,0.5595238209,0.571428597,0.571428597
1203,0.5357142687,0.5773809552,0.5773809552,0.5773809552
1204,0.5238095522,0.5654761791,0.5833333135,0.5773809552
1205,0.5059523582,0.5654761791,0.5773809552,0.5773809552
1206,0.5297619104,0.571428597,0.5773809552,0.5773809552
1207,0.5059523582,0.571428597,0.571428597,0.571428597
1208,0.5059523582,0.5952380896,0.5773809552,0.5773809552
1209,0.494047612,0.5654761791,0.571428597,0.571428597
1210,0.5059523582,0.5952380896,0.5773809552,0.5773809552
1211,0.5238095522,0.5833333135,0.5773809552,0.5773809552
1212,0.5059523582,0.5773809552,0.571428597,0.5773809552
1213,0.494047612,0.5595238209,0.5892857313,0.571428597
1214,0.5654761791,0.5238095522,0.5833333135,0.571428597
1215,0.5119047761,0.5476190448,0.5773809552,0.5654761791
1216,0.5476190448,0.5773809552,0.5476190448,0.5654761791
1217,0.5654761791,0.5595238209,0.5773809552,0.571428597
1218,0.5238095522,0.5416666865,0.571428597,0.5654761791
1219,0.5238095522,0.571428597,0.5595238209,0.5654761791
1220,0.5059523582,0.5892857313,0.5654761791,0.571428597
1221,0.5416666865,0.5119047761,0.5119047761,0.5654761791
1222,0.5178571343,0.6011904478,0.553571403,0.571428597
1223,0.5238095522,0.5833333135,0.5357142687,0.5654761791
1224,0.5416666865,0.5892857313,0.5416666865,0.5595238209
1225,0.553571403,0.5416666865,0.5773809552,0.5595238209
1226,0.5119047761,0.5416666865,0.5595238209,0.553571403
1227,0.5,0.571428597,0.5595238209,0.5595238209
1228,0.494047612,0.5476190448,0.5476190448,0.5654761791
1229,0.5297619104,0.5238095522,0.5416666865,0.5654761791
1230,0.5238095522,0.553571403,0.6130952239,0.571428597
1231,0.494047612,0.5654761791,0.5,0.571428597
1232,0.5476190448,0.5357142687,0.571428597,0.571428597
1233,0.5178571343,0.5178571343,0.5773809552,0.571428597
1234,0.4880952239,0.5654761791,0.553571403,0.5773809552
1235,0.5119047761,0.6071428657,0.5297619104,0.5773809552
1236,0.5297619104,0.5297619104,0.5476190448,0.5773809552
1237,0.494047612,0.5595238209,0.5297619104,0.571428597
1238,0.4583333433,0.4821428657,0.5,0.571428597
1239,0.4880952239,0.4702380896,0.5416666865,0.571428597
1240,0.5,0.5357142687,0.5654761791,0.571428597
1241,0.5119047761,0.5773809552,0.5119047761,0.571428597
1242,0.4523809552,0.5119047761,0.5238095522,0.5654761791
1243,0.4880952239,0.5,0.5595238209,0.5654761791
1244,0.4880952239,0.4642857015,0.5357142687,0.571428597
1245,0.5119047761,0.5178571343,0.5773809552,0.5654761791
1246,0.5178571343,0.5238095522,0.5892857313,0.5654761791
1247,0.5178571343,0.5654761791,0.571428597,0.571428597
1248,0.4702380896,0.5476190448,0.571428597,0.571428597
1249,0.5119047761,0.5119047761,0.571428597,0.571428597
1250,0.5,0.5773809552,0.5297619104,0.5773809552
1251,0.5178571343,0.6071428657,0.553571403,0.5833333135
1252,0.5476190448,0.553571403,0.6130952239,0.5833333135
1253,0.5238095522,0.5,0.571428597,0.5773809552
1254,0.494047612,0.5238095522,0.5238095522,0.571428597
1255,0.4821428657,0.5416666865,0.5416666865,0.571428597
1256,0.5297619104,0.4583333433,0.5654761791,0.5654761791
1257,0.4345238209,0.4880952239,0.5178571343,0.5654761791
1258,0.5476190448,0.5595238209,0.5357142687,0.5595238209
1259,0.5119047761,0.5178571343,0.553571403,0.553571403
1260,0.4404761791,0.5297619104,0.553571403,0.553571403
1261,0.5059523582,0.571428597,0.5595238209,0.553571403
1262,0.5238095522,0.553571403,0.5476190448,0.5476190448
1263,0.5654761791,0.5833333135,0.553571403,0.5476190448
1264,0.5357142687,0.5416666865,0.5595238209,0.5476190448
1265,0.5059523582,0.5416666865,0.5416666865,0.5416666865
1266,0.5238095522,0.5297619104,0.5357142687,0.5357142687
1267,0.553571403,0.5357142687,0.5357142687,0.5416666865
1268,0.5238095522,0.5119047761,0.5238095522,0.5416666865
1269,0.5654761791,0.5297619104,0.5357142687,0.5416666865
1270,0.5476190448,0.5297619104,0.5119047761,0.5416666865
1271,0.5,0.5178571343,0.5238095522,0.5357142687
1272,0.5119047761,0.5476190448,0.5476190448,0.5357142687
1273,0.4761904776,0.4702380896,0.5297619104,0.5357142687
1274,0.4523809552,0.4880952239,0.5297619104,0.5357142687
1275,0.4642857015,0.4523809552,0.4583333433,0.5238095522
1276,0.4642857015,0.4880952239,0.5059523582,0.5178571343
1277,0.4702380896,0.4642857015,0.5059523582,0.5119047761
1278,0.5178571343,0.494047612,0.494047612,0.5119047761
1279,0.494047612,0.5059523582,0.5119047761,0.5059523582
1280,0.5238095522,0.5,0.5238095522,0.5059523582
1281,0.5297619104,0.5119047761,0.5119047761,0.5119047761
1282,0.5119047761,0.4821428657,0.571428597,0.5119047761
1283,0.5178571343,0.5119047761,0.5,0.5178571343
1284,0.5059523582,0.5059523582,0.4821428657,0.5238095522
1285,0.5178571343,0.5,0.4761904776,0.5119047761
1286,0.5416666865,0.5059523582,0.5238095522,0.5119047761
1287,0.5178571343,0.4821428657,0.5,0.5416666865
1288,0.5178571343,0.5059523582,0.5178571343,0.5238095522
1289,0.5357142687,0.4523809552,0.4464285672,0.5178571343
1290,0.4761904776,0.4464285672,0.5595238209,0.5119047761
1291,0.5119047761,0.5,0.5119047761,0.5178571343
1292,0.5416666865,0.5238095522,0.5595238209,0.5238095522
1293,0.5357142687,0.4404761791,0.553571403,0.5178571343
1294,0.5297619104,0.5357142687,0.5357142687,0.5119047761
1295,0.5297619104,0.5238095522,0.5119047761,0.5119047761
1296,0.5119047761,0.5476190448,0.5357142687,0.5119047761
1297,0.5357142687,0.4880952239,0.5178571343,0.5119047761
1298,0.5833333135,0.494047612,0.5178571343,0.5119047761
1299,0.553571403,0.4880952239,0.5119047761,0.5178571343
1300,0.5476190448,0.4880952239,0.5178571343,0.5119047761
1301,0.553571403,0.4880952239,0.5297619104,0.5119047761
1302,0.5238095522,0.4880952239,0.5357142687,0.5178571343
1303,0.5119047761,0.4404761791,0.4821428657,0.5238095522
1304,0.494047612,0.5357142687,0.5178571343,0.5238095522
1305,0.494047612,0.5238095522,0.5833333135,0.5119047761
1306,0.5,0.5178571343,0.4880952239,0.5178571343
1307,0.5059523582,0.5892857313,0.553571403,0.5119047761
1308,0.5357142687,0.571428597,0.5178571343,0.5119047761
1309,0.5476190448,0.5297619104,0.5238095522,0.5059523582
1310,0.5416666865,0.553571403,0.4821428657,0.5059523582
1311,0.5654761791,0.5238095522,0.5357142687,0.5119047761
1312,0.5357142687,0.5238095522,0.5119047761,0.5178571343
1313,0.553571403,0.5,0.4880952239,0.5119047761
1314,0.5595238209,0.494047612,0.5357142687,0.5059523582
1315,0.4821428657,0.494047612,0.5178571343,0.5119047761
1316,0.5357142687,0.5297619104,0.5,0.5059523582
1317,0.5476190448,0.5119047761,0.5059523582,0.5059523582
1318,0.5595238209,0.5059523582,0.5059523582,0.5059523582
1319,0.5178571343,0.494047612,0.5119047761,0.5059523582
1320,0.5,0.4821428657,0.5119047761,0.5
1321,0.5297619104,0.5416666865,0.4702380896,0.5
1322,0.5238095522,0.5059523582,0.4702380896,0.5
1323,0.5357142687,0.5654761791,0.5416666865,0.5
1324,0.6071428657,0.5178571343,0.4583333433,0.5
1325,0.5,0.5357142687,0.5059523582,0.5059523582
1326,0.5,0.5238095522,0.5059523582,0.5119047761
1327,0.5357142687,0.5476190448,0.5238095522,0.5178571343
1328,0.5357142687,0.5119047761,0.5178571343,0.5119047761
1329,0.5297619104,0.4642857015,0.5238095522,0.5059523582
1330,0.494047612,0.5119047761,0.5,0.5059523582
1331,0.494047612,0.494047612,0.5238095522,0.5119047761
1332,0.5297619104,0.4821428657,0.5,0.5059523582
1333,0.5178571343,0.5238095522,0.5178571343,0.5059523582
1334,0.4464285672,0.5297619104,0.4880952239,0.5119047761
1335,0.5416666865,0.4464285672,0.5,0.5059523582
1336,0.494047612,0.5178571343,0.5,0.5
1337,0.4880952239,0.4821428657,0.5178571343,0.5059523582
1338,0.5119047761,0.4821428657,0.5119047761,0.5059523582
1339,0.5178571343,0.5119047761,0.4821428657,0.5
1340,0.5238095522,0.5238095522,0.4642857015,0.5059523582
1341,0.5297619104,0.5416666865,0.5357142687,0.5119047761
1342,0.4880952239,0.5297619104,0.5357142687,0.5178571343
1343,0.4880952239,0.4821428657,0.4821428657,0.5178571343
1344,0.5119047761,0.5654761791,0.5178571343,0.5178571343
1345,0.4821428657,0.4821428657,0.5,0.5178571343
1346,0.5238095522,0.5476190448,0.5178571343,0.5238095522
1347,0.4821428657,0.5416666865,0.5297619104,0.5238095522
1348,0.5654761791,0.5357142687,0.5476190448,0.5238095522
1349,0.4642857015,0.5357142687,0.5416666865,0.5178571343
1350,0.494047612,0.5357142687,0.5178571343,0.5178571343
1351,0.553571403,0.5,0.5297619104,0.5119047761
1352,0.5119047761,0.5595238209,0.571428597,0.5119047761
1353,0.5059523582,0.553571403,0.494047612,0.5178571343
1354,0.5357142687,0.625,0.5059523582,0.5238095522
1355,0.4821428657,0.5952380896,0.5178571343,0.5357142687
1356,0.5416666865,0.5416666865,0.4285714328,0.5119047761
1357,0.5059523582,0.5059523582,0.5119047761,0.5178571343
1358,0.4880952239,0.5119047761,0.5178571343,0.494047612
1359,0.5297619104,0.5416666865,0.4642857015,0.5178571343
1360,0.5,0.5059523582,0.5238095522,0.5119047761
1361,0.5357142687,0.5,0.5,0.5
1362,0.5119047761,0.5,0.5357142687,0.5
1363,0.4880952239,0.494047612,0.4642857015,0.5
1364,0.4226190448,0.4761904776,0.4880952239,0.494047612
1365,0.4821428657,0.5178571343,0.4702380896,0.4880952239
1366,0.5238095522,0.494047612,0.4702380896,0.4821428657
1367,0.4404761791,0.4642857015,0.494047612,0.4880952239
1368,0.4821428657,0.5416666865,0.4821428657,0.4880952239
1369,0.5119047761,0.5297619104,0.494047612,0.494047612
1370,0.553571403,0.5059523582,0.494047612,0.494047612
1371,0.4642857015,0.571428597,0.4880952239,0.494047612
1372,0.5119047761,0.5178571343,0.4821428657,0.494047612
1373,0.5059523582,0.5476190448,0.5059523582,0.494047612
1374,0.4702380896,0.4345238209,0.5,0.5
1375,0.494047612,0.5059523582,0.4642857015,0.5059523582
1376,0.494047612,0.5059523582,0.494047612,0.5
1377,0.4642857015,0.494047612,0.5,0.5059523582
1378,0.4583333433,0.494047612,0.4880952239,0.5
1379,0.4880952239,0.5119047761,0.4821428657,0.5059523582
1380,0.494047612,0.5476190448,0.5238095522,0.5119047761
1381,0.4821428657,0.4880952239,0.5059523582,0.5119047761
1382,0.5119047761,0.5119047761,0.5238095522,0.5119047761
1383,0.5059523582,0.5297619104,0.5178571343,0.5178571343
1384,0.4583333433,0.5238095522,0.5059523582,0.5178571343
1385,0.4880952239,0.494047612,0.5357142687,0.5178571343
1386,0.4821428657,0.5178571343,0.5119047761,0.5238095522
1387,0.4523809552,0.5119047761,0.553571403,0.5238095522
1388,0.4464285672,0.5297619104,0.5119047761,0.5238095522
1389,0.4642857015,0.4702380896,0.5178571343,0.5297619104
1390,0.4523809552,0.4702380896,0.5297619104,0.5297619104
1391,0.4523809552,0.5059523582,0.5178571343,0.5297619104
1392,0.5,0.5119047761,0.4821428657,0.5297619104
1393,0.4761904776,0.5119047761,0.5297619104,0.5238095522
1394,0.4166666567,0.4404761791,0.5297619104,0.5238095522
1395,0.4166666567,0.5357142687,0.5119047761,0.5238095522
1396,0.5119047761,0.5416666865,0.5119047761,0.5178571343
1397,0.4761904776,0.4464285672,0.5178571343,0.5178571343
1398,0.494047612,0.5178571343,0.5119047761,0.5119047761
1399,0.4404761791,0.5416666865,0.5119047761,0.5119047761
1400,0.4226190448,0.4821428657,0.5178571343,0.5178571343
1401,0.4583333433,0.5119047761,0.5238095522,0.5178571343
1402,0.4166666567,0.4761904776,0.5119047761,0.5178571343
1403,0.3928571343,0.4642857015,0.5178571343,0.5178571343
1404,0.4761904776,0.4880952239,0.5119047761,0.5119047761
1405,0.5,0.4821428657,0.5357142687,0.5119047761
1406,0.4464285672,0.4702380896,0.5059523582,0.5059523582
1407,0.4523809552,0.4583333433,0.5,0.5059523582
1408,0.4404761791,0.5119047761,0.5059523582,0.5059523582
1409,0.4761904776,0.4583333433,0.5059523582,0.5059523582
1410,0.4761904776,0.4880952239,0.5059523582,0.5119047761
1411,0.4107142985,0.5,0.5059523582,0.5059523582
1412,0.5357142687,0.5,0.5059523582,0.5059523582
1413,0.4702380896,0.4702380896,0.494047612,0.5059523582
1414,0.5059523582,0.4404761791,0.5059523582,0.5059523582
1415,0.4404761791,0.5059523582,0.494047612,0.5
1416,0.4583333433,0.4583333433,0.5238095522,0.5
1417,0.4583333433,0.5119047761,0.4821428657,0.5059523582
1418,0.5059523582,0.4702380896,0.5059523582,0.5059523582
1419,0.4464285672,0.4702380896,0.5,0.5
1420,0.4464285672,0.4702380896,0.494047612,0.494047612
1421,0.4047619104,0.4523809552,0.5,0.5
1422,0.4523809552,0.4761904776,0.5059523582,0.5059523582
1423,0.4702380896,0.4761904776,0.5059523582,0.5119047761
1424,0.4642857015,0.5297619104,0.5119047761,0.5119047761
1425,0.4464285672,0.5178571343,0.4761904776,0.5059523582
1426,0.4642857015,0.4761904776,0.5476190448,0.5059523582
1427,0.4464285672,0.4702380896,0.4880952239,0.5119047761
1428,0.5059523582,0.5059523582,0.494047612,0.5059523582
1429,0.4583333433,0.4880952239,0.4761904776,0.5
1430,0.4583333433,0.4523809552,0.494047612,0.5
1431,0.5059523582,0.5,0.5059523582,0.5
1432,0.4583333433,0.5059523582,0.5238095522,0.5
1433,0.4523809552,0.4880952239,0.5654761791,0.5119047761
1434,0.4821428657,0.5059523582,0.5119047761,0.5119047761
1435,0.3988095224,0.5476190448,0.4761904776,0.5119047761
1436,0.4880952239,0.5595238209,0.5059523582,0.5119047761
1437,0.4821428657,0.4642857015,0.494047612,0.5119047761
1438,0.5476190448,0.4404761791,0.5357142687,0.5059523582
1439,0.5178571343,0.5297619104,0.5119047761,0.5119047761
1440,0.4702380896,0.4642857015,0.5178571343,0.5178571343
1441,0.494047612,0.5297619104,0.5357142687,0.5178571343
1442,0.4880952239,0.4761904776,0.4821428657,0.5178571343
1443,0.4880952239,0.4702380896,0.5119047761,0.5178571343
1444,0.5059523582,0.5357142687,0.5,0.5238095522
1445,0.4523809552,0.5,0.5059523582,0.5238095522
1446,0.4880952239,0.4880952239,0.4761904776,0.5238095522
1447,0.4464285672,0.5297619104,0.5595238209,0.5297619104
1448,0.5357142687,0.5119047761,0.5297619104,0.5297619104
1449,0.5476190448,0.5119047761,0.5,0.5297619104
1450,0.5595238209,0.4821428657,0.5119047761,0.5238095522
1451,0.4583333433,0.5178571343,0.5357142687,0.5178571343
1452,0.4821428657,0.5357142687,0.4880952239,0.5178571343
1453,0.4702380896,0.4761904776,0.5119047761,0.5178571343
1454,0.5059523582,0.4523809552,0.5059523582,0.5119047761
1455,0.5178571343,0.5238095522,0.5059523582,0.5178571343
1456,0.5178571343,0.5178571343,0.4583333433,0.5178571343
1457,0.4880952239,0.4404761791,0.5,0.5178571343
1458,0.4761904776,0.5238095522,0.5,0.5178571343
1459,0.5059523582,0.5357142687,0.6071428657,0.4821428657
1460,0.5238095522,0.5059523582,0.4702380896,0.4880952239
1461,0.5059523582,0.5238095522,0.4880952239,0.4880952239
1462,0.5119047761,0.5178571343,0.4761904776,0.4880952239
1463,0.494047612,0.4880952239,0.4761904776,0.4821428657
1464,0.5,0.5059523582,0.4702380896,0.4761904776
1465,0.5119047761,0.5178571343,0.4702380896,0.4761904776
1466,0.5238095522,0.4583333433,0.5119047761,0.4821428657
1467,0.5119047761,0.4821428657,0.494047612,0.4821428657
1468,0.5476190448,0.4821428657,0.5,0.4761904776
1469,0.5297619104,0.5178571343,0.4821428657,0.4702380896
1470,0.494047612,0.5,0.4821428657,0.4702380896
1471,0.494047612,0.4880952239,0.4702380896,0.4702380896
1472,0.553571403,0.5,0.5297619104,0.4761904776
1473,0.5238095522,0.5773809552,0.4523809552,0.4642857015
1474,0.5654761791,0.5119047761,0.5,0.4761904776
1475,0.5892857313,0.5238095522,0.4642857015,0.4761904776
1476,0.5297619104,0.4761904776,0.5,0.4702380896
1477,0.5357142687,0.5178571343,0.4285714328,0.4702380896
1478,0.494047612,0.5654761791,0.4464285672,0.4642857015
1479,0.5297619104,0.5178571343,0.5297619104,0.4702380896
1480,0.5357142687,0.5238095522,0.5297619104,0.4821428657
1481,0.5952380896,0.5297619104,0.4464285672,0.4761904776
1482,0.5476190448,0.494047612,0.4642857015,0.4702380896
1483,0.5892857313,0.4880952239,0.5476190448,0.494047612
1484,0.5595238209,0.5595238209,0.494047612,0.4642857015
1485,0.553571403,0.5357142687,0.4345238209,0.4642857015
1486,0.571428597,0.5416666865,0.4345238209,0.4583333433
1487,0.5595238209,0.5178571343,0.4821428657,0.4702380896
1488,0.553571403,0.5773809552,0.4642857015,0.4583333433
1489,0.553571403,0.5476190448,0.4821428657,0.4583333433
1490,0.5952380896,0.5595238209,0.4404761791,0.4523809552
1491,0.5297619104,0.5952380896,0.4702380896,0.4523809552
1492,0.5119047761,0.5178571343,0.4166666567,0.4523809552
1493,0.5416666865,0.5178571343,0.5059523582,0.4702380896
1494,0.553571403,0.5416666865,0.5059523582,0.4583333433
1495,0.5952380896,0.5119047761,0.4821428657,0.4702380896
1496,0.5297619104,0.4880952239,0.4464285672,0.4642857015
1497,0.553571403,0.5059523582,0.4642857015,0.4702380896
1498,0.5178571343,0.5654761791,0.4404761791,0.4523809552
1499,0.5238095522,0.5,0.5238095522,0.4464285672
1500,0.5357142687,0.5,0.4642857015,0.4464285672
1501,0.5773809552,0.494047612,0.4702380896,0.4523809552
1502,0.5238095522,0.494047612,0.4702380896,0.4761904776
1503,0.5595238209,0.5297619104,0.4642857015,0.4345238209
1504,0.5833333135,0.5595238209,0.4821428657,0.4523809552
1505,0.5357142687,0.5297619104,0.4166666567,0.4345238209
1506,0.553571403,0.553571403,0.4642857015,0.4464285672
1507,0.5416666865,0.4821428657,0.4642857015,0.4345238209
1508,0.571428597,0.5595238209,0.4761904776,0.4345238209
1509,0.5595238209,0.494047612,0.4642857015,0.4285714328
1510,0.5297619104,0.5297619104,0.4761904776,0.4404761791
1511,0.5654761791,0.5297619104,0.4642857015,0.4345238209
1512,0.5297619104,0.5297619104,0.4880952239,0.4464285672
1513,0.5119047761,0.5238095522,0.4642857015,0.4404761791
1514,0.5297619104,0.5,0.4404761791,0.4404761791
1515,0.4880952239,0.494047612,0.4583333433,0.4464285672
1516,0.5595238209,0.494047612,0.5,0.4226190448
1517,0.4880952239,0.5178571343,0.4404761791,0.4285714328
1518,0.5238095522,0.5,0.4761904776,0.4285714328
1519,0.5238095522,0.571428597,0.4583333433,0.4345238209
1520,0.553571403,0.5297619104,0.553571403,0.5178571343
1521,0.5178571343,0.5178571343,0.5416666865,0.5297619104
1522,0.5059523582,0.6011904478,0.5297619104,0.5654761791
1523,0.5476190448,0.553571403,0.5178571343,0.5654761791
1524,0.5238095522,0.5297619104,0.571428597,0.5595238209
1525,0.5476190448,0.4761904776,0.5416666865,0.553571403
1526,0.5297619104,0.5476190448,0.5595238209,0.5595238209
1527,0.553571403,0.5119047761,0.5654761791,0.5654761791
1528,0.5357142687,0.5178571343,0.5416666865,0.5654761791
1529,0.5357142687,0.5059523582,0.5357142687,0.571428597
1530,0.5,0.5,0.6011904478,0.571428597
1531,0.5357142687,0.5238095522,0.5416666865,0.5654761791
1532,0.5119047761,0.5238095522,0.6011904478,0.5654761791
1533,0.5119047761,0.553571403,0.553571403,0.571428597
1534,0.5119047761,0.494047612,0.5654761791,0.571428597
1535,0.5,0.5238095522,0.4821428657,0.5654761791
1536,0.5,0.5238095522,0.5,0.5654761791
1537,0.5476190448,0.5357142687,0.5297619104,0.5654761791
1538,0.4702380896,0.5476190448,0.5654761791,0.5654761791
1539,0.4821428657,0.5595238209,0.5952380896,0.5654761791
1540,0.5,0.553571403,0.5595238209,0.5595238209
1541,0.5178571343,0.5654761791,0.553571403,0.553571403
1542,0.5119047761,0.5297619104,0.5476190448,0.5476190448
1543,0.5178571343,0.5595238209,0.5416666865,0.5416666865
1544,0.5,0.5119047761,0.5476190448,0.5476190448
1545,0.5059523582,0.5416666865,0.5416666865,0.5476190448
1546,0.5178571343,0.5357142687,0.553571403,0.553571403
1547,0.4583333433,0.5357142687,0.5476190448,0.5476190448
1548,0.4583333433,0.5416666865,0.5416666865,0.5416666865
1549,0.4642857015,0.5654761791,0.5416666865,0.5416666865
1550,0.5297619104,0.553571403,0.5357142687,0.5357142687
1551,0.4583333433,0.4761904776,0.5297619104,0.5297619104
1552,0.4642857015,0.5,0.5297619104,0.5297619104
1553,0.5,0.5416666865,0.5297619104,0.5297619104
1554,0.4523809552,0.5297619104,0.5297619104,0.5297619104
1555,0.4821428657,0.5297619104,0.5297619104,0.5297619104
1556,0.4880952239,0.5,0.5238095522,0.5238095522
1557,0.5178571343,0.5595238209,0.5238095522,0.5238095522
1558,0.5238095522,0.5238095522,0.5238095522,0.5238095522
1559,0.5119047761,0.5416666865,0.5238095522,0.5238095522
1560,0.4761904776,0.5238095522,0.5297619104,0.5297619104
1561,0.4404761791,0.571428597,0.5297619104,0.5297619104
1562,0.5059523582,0.5416666865,0.5297619104,0.5297619104
1563,0.4702380896,0.5297619104,0.5238095522,0.5238095522
1564,0.5178571343,0.5,0.5297619104,0.5297619104
1565,0.5,0.5416666865,0.5357142687,0.5357142687
1566,0.5238095522,0.5,0.5416666865,0.5416666865
1567,0.4880952239,0.5476190448,0.5357142687,0.5357142687
1568,0.4821428657,0.5238095522,0.5297619104,0.5297619104
1569,0.494047612,0.4583333433,0.5297619104,0.5297619104
1570,0.5059523582,0.5416666865,0.5238095522,0.5238095522
1571,0.5178571343,0.5654761791,0.5238095522,0.5238095522
1572,0.4642857015,0.5,0.5297619104,0.5297619104
1573,0.4404761791,0.494047612,0.5357142687,0.5357142687
1574,0.4702380896,0.5238095522,0.5357142687,0.5357142687
1575,0.4880952239,0.5952380896,0.5357142687,0.5357142687
1576,0.4702380896,0.5238095522,0.5357142687,0.5357142687
1577,0.553571403,0.5476190448,0.5357142687,0.5357142687
1578,0.5476190448,0.4880952239,0.5297619104,0.5297619104
1579,0.5297619104,0.571428597,0.5357142687,0.5357142687
1580,0.553571403,0.5297619104,0.5357142687,0.5357142687
1581,0.5654761791,0.5059523582,0.5357142687,0.5357142687
1582,0.5357142687,0.5119047761,0.5297619104,0.5297619104
1583,0.5238095522,0.4880952239,0.5297619104,0.5297619104
1584,0.5357142687,0.5059523582,0.5238095522,0.5238095522
1585,0.5178571343,0.4821428657,0.5178571343,0.5178571343
1586,0.5833333135,0.5297619104,0.5178571343,0.5178571343
1587,0.553571403,0.5119047761,0.5178571343,0.5178571343
1588,0.5357142687,0.494047612,0.5178571343,0.5178571343
1589,0.6011904478,0.5119047761,0.5119047761,0.5119047761
1590,0.5,0.5238095522,0.5119047761,0.5119047761
1591,0.5416666865,0.5059523582,0.5059523582,0.5059523582
1592,0.5238095522,0.5297619104,0.5119047761,0.5119047761
1593,0.5297619104,0.5357142687,0.5119047761,0.5119047761
1594,0.5357142687,0.4761904776,0.5178571343,0.5178571343
1595,0.5178571343,0.5476190448,0.5178571343,0.5178571343
1596,0.5476190448,0.4583333433,0.5238095522,0.5238095522
1597,0.5238095522,0.4880952239,0.5238095522,0.5238095522
1598,0.5357142687,0.5416666865,0.5238095522,0.5238095522
1599,0.571428597,0.553571403,0.5178571343,0.5178571343
1600,0.5595238209,0.5297619104,0.5119047761,0.5119047761
1601,0.553571403,0.4702380896,0.5119047761,0.5119047761
1602,0.553571403,0.5297619104,0.5178571343,0.5178571343
1603,0.553571403,0.5357142687,0.5119047761,0.5119047761
1604,0.5297619104,0.5,0.5119047761,0.5119047761
1605,0.5952380896,0.5238095522,0.5178571343,0.5178571343
1606,0.4880952239,0.5238095522,0.5178571343,0.5178571343
1607,0.5297619104,0.5416666865,0.5178571343,0.5178571343
1608,0.5178571343,0.5178571343,0.5178571343,0.5178571343
1609,0.5119047761,0.494047612,0.5178571343,0.5178571343
1610,0.5476190448,0.494047612,0.5238095522,0.5238095522
1611,0.5238095522,0.5476190448,0.5297619104,0.5297619104
1612,0.5178571343,0.5297619104,0.5238095522,0.5238095522
1613,0.5595238209,0.553571403,0.5297619104,0.5297619104
1614,0.5357142687,0.5059523582,0.5297619104,0.5297619104
1615,0.5178571343,0.5892857313,0.5297619104,0.5297619104
1616,0.5416666865,0.5297619104,0.5297619104,0.5297619104
1617,0.5476190448,0.5059523582,0.5357142687,0.5297619104
1618,0.5416666865,0.571428597,0.5297619104,0.5297619104
1619,0.5654761791,0.5773809552,0.5238095522,0.5297619104
1620,0.5416666865,0.4464285672,0.5297619104,0.5297619104
1621,0.5178571343,0.571428597,0.5297619104,0.5297619104
1622,0.571428597,0.5059523582,0.5416666865,0.5357142687
1623,0.5357142687,0.5297619104,0.5297619104,0.5297619104
1624,0.5,0.5416666865,0.5416666865,0.5297619104
1625,0.5297619104,0.5297619104,0.5357142687,0.5357142687
1626,0.5297619104,0.5059523582,0.5297619104,0.5297619104
1627,0.494047612,0.5357142687,0.5297619104,0.5297619104
1628,0.5476190448,0.5238095522,0.5416666865,0.5357142687
1629,0.5119047761,0.5357142687,0.5357142687,0.5357142687
1630,0.5952380896,0.5892857313,0.5357142687,0.5357142687
1631,0.5595238209,0.5119047761,0.5297619104,0.5357142687
1632,0.571428597,0.494047612,0.5357142687,0.5357142687
1633,0.5357142687,0.494047612,0.5357142687,0.5357142687
1634,0.5238095522,0.5,0.553571403,0.5416666865
1635,0.5297619104,0.4821428657,0.5297619104,0.5416666865
1636,0.5059523582,0.5,0.5595238209,0.5416666865
1637,0.5178571343,0.5357142687,0.5297619104,0.5357142687
1638,0.4880952239,0.5238095522,0.5357142687,0.5297619104
1639,0.494047612,0.5357142687,0.5178571343,0.5238095522
1640,0.5,0.5357142687,0.5178571343,0.5238095522
1641,0.5357142687,0.5,0.5059523582,0.5238095522
1642,0.5178571343,0.5,0.494047612,0.5238095522
1643,0.5416666865,0.5297619104,0.553571403,0.5297619104
1644,0.5297619104,0.5059523582,0.5416666865,0.5297619104
1645,0.5357142687,0.5357142687,0.5297619104,0.5297619104
1646,0.5119047761,0.5238095522,0.5178571343,0.5238095522
1647,0.4642857015,0.5178571343,0.4880952239,0.5297619104
1648,0.4821428657,0.5595238209,0.5238095522,0.4583333433
1649,0.5357142687,0.4761904776,0.4464285672,0.4583333433
1650,0.5238095522,0.4642857015,0.5,0.4642857015
1651,0.4702380896,0.4464285672,0.4702380896,0.4702380896
1652,0.5,0.494047612,0.4702380896,0.4702380896
1653,0.4880952239,0.4761904776,0.4880952239,0.4642857015
1654,0.5178571343,0.5357142687,0.4404761791,0.4702380896
1655,0.494047612,0.5178571343,0.4583333433,0.4702380896
1656,0.494047612,0.5238095522,0.494047612,0.4761904776
1657,0.4702380896,0.4880952239,0.5178571343,0.4642857015
1658,0.4642857015,0.4404761791,0.4464285672,0.4761904776
1659,0.5,0.4642857015,0.4761904776,0.4642857015
1660,0.5059523582,0.4761904776,0.5119047761,0.494047612
1661,0.4821428657,0.5476190448,0.5238095522,0.4821428657
1662,0.4821428657,0.4761904776,0.4642857015,0.5476190448
1663,0.4880952239,0.4523809552,0.4761904776,0.4226190448
1664,0.4464285672,0.4761904776,0.494047612,0.4702380896
1665,0.4404761791,0.4523809552,0.4464285672,0.4583333433
1666,0.4583333433,0.4464285672,0.3928571343,0.5238095522
1667,0.5178571343,0.4880952239,0.4464285672,0.5357142687
1668,0.494047612,0.5059523582,0.4880952239,0.4642857015
1669,0.4880952239,0.5476190448,0.5059523582,0.494047612
1670,0.4880952239,0.4880952239,0.5238095522,0.5119047761
1671,0.5,0.5,0.4702380896,0.4761904776
1672,0.4642857015,0.4464285672,0.5297619104,0.5119047761
1673,0.4761904776,0.5416666865,0.5595238209,0.5119047761
1674,0.4821428657,0.5178571343,0.5059523582,0.5178571343
1675,0.4880952239,0.4821428657,0.5059523582,0.5119047761
1676,0.494047612,0.5595238209,0.5892857313,0.494047612
1677,0.494047612,0.5,0.494047612,0.5059523582
1678,0.494047612,0.5119047761,0.5119047761,0.5
1679,0.5119047761,0.4702380896,0.4523809552,0.5059523582
1680,0.4821428657,0.5178571343,0.5416666865,0.5
1681,0.4523809552,0.5297619104,0.4523809552,0.5
1682,0.4583333433,0.4642857015,0.4642857015,0.5
1683,0.5,0.4821428657,0.4642857015,0.5
1684,0.5,0.4880952239,0.5,0.5
1685,0.5178571343,0.4761904776,0.4821428657,0.5
1686,0.4642857015,0.5059523582,0.4761904776,0.5
1687,0.5238095522,0.5119047761,0.5,0.5
1688,0.4642857015,0.4702380896,0.4702380896,0.5
1689,0.5178571343,0.5238095522,0.5119047761,0.5
1690,0.553571403,0.4821428657,0.4821428657,0.5
1691,0.494047612,0.5,0.4761904776,0.5
1692,0.4761904776,0.4702380896,0.4523809552,0.5
1693,0.4702380896,0.4642857015,0.4880952239,0.5059523582
1694,0.5238095522,0.4761904776,0.553571403,0.5059523582
1695,0.4880952239,0.4642857015,0.5595238209,0.5
1696,0.4642857015,0.5178571343,0.4880952239,0.5059523582
1697,0.4464285672,0.4821428657,0.4583333433,0.5059523582
1698,0.4761904776,0.494047612,0.4642857015,0.5059523582
1699,0.4583333433,0.494047612,0.5059523582,0.5059523582
1700,0.5,0.4702380896,0.4821428657,0.4702380896
1701,0.4464285672,0.5059523582,0.5654761791,0.5178571343
1702,0.4285714328,0.4821428657,0.553571403,0.5059523582
1703,0.4761904776,0.5238095522,0.4583333433,0.5119047761
1704,0.4523809552,0.4702380896,0.4583333433,0.494047612
1705,0.4880952239,0.5297619104,0.5297619104,0.5178571343
1706,0.4821428657,0.4880952239,0.5178571343,0.5119047761
1707,0.4583333433,0.5119047761,0.4880952239,0.5059523582
1708,0.4523809552,0.5059523582,0.4880952239,0.5119047761
1709,0.5,0.5357142687,0.4821428657,0.5119047761
1710,0.4821428657,0.4880952239,0.5119047761,0.5178571343
1711,0.4821428657,0.4761904776,0.494047612,0.5238095522
1712,0.4821428657,0.553571403,0.5059523582,0.5178571343
1713,0.5119047761,0.5476190448,0.5178571343,0.5178571343
1714,0.4880952239,0.5178571343,0.5178571343,0.5178571343
1715,0.5,0.5238095522,0.5238095522,0.5178571343
1716,0.5059523582,0.5357142687,0.5119047761,0.5238095522
1717,0.5297619104,0.5357142687,0.5178571343,0.5238095522
1718,0.5297619104,0.5416666865,0.5119047761,0.5238095522
1719,0.494047612,0.5059523582,0.5297619104,0.5238095522
1720,0.4880952239,0.5416666865,0.5238095522,0.5178571343
1721,0.5178571343,0.5238095522,0.5119047761,0.5178571343
1722,0.494047612,0.553571403,0.5059523582,0.5119047761
1723,0.5,0.5476190448,0.5119047761,0.5178571343
1724,0.5476190448,0.5595238209,0.5178571343,0.5178571343
1725,0.5238095522,0.5416666865,0.5059523582,0.5119047761
1726,0.4821428657,0.5357142687,0.5178571343,0.5119047761
1727,0.5357142687,0.5357142687,0.5178571343,0.5178571343
1728,0.5238095522,0.5476190448,0.5119047761,0.5178571343
1729,0.4880952239,0.5297619104,0.5178571343,0.5178571343
1730,0.5595238209,0.5595238209,0.5297619104,0.5238095522
1731,0.5178571343,0.5833333135,0.5297619104,0.5297619104
1732,0.5476190448,0.5178571343,0.5297619104,0.5297619104
1733,0.5654761791,0.5,0.5178571343,0.5238095522
1734,0.5297619104,0.5416666865,0.5178571343,0.5238095522
1735,0.4880952239,0.5595238209,0.5178571343,0.5238095522
1736,0.5476190448,0.5238095522,0.5178571343,0.5238095522
1737,0.5178571343,0.5416666865,0.5297619104,0.5297619104
1738,0.5297619104,0.5654761791,0.5238095522,0.5297619104
1739,0.5178571343,0.5119047761,0.5357142687,0.5297619104
1740,0.5357142687,0.5297619104,0.5178571343,0.5297619104
1741,0.5178571343,0.5297619104,0.4880952239,0.5238095522
1742,0.5059523582,0.4821428657,0.5297619104,0.5238095522
1743,0.5,0.5357142687,0.494047612,0.5178571343
1744,0.4761904776,0.5297619104,0.4821428657,0.5238095522
1745,0.4761904776,0.5595238209,0.5,0.5297619104
1746,0.5059523582,0.5416666865,0.5357142687,0.5297619104
1747,0.5476190448,0.5119047761,0.5119047761,0.5297619104
1748,0.5059523582,0.5119047761,0.5416666865,0.5297619104
1749,0.5297619104,0.494047612,0.553571403,0.5297619104
1750,0.4761904776,0.4821428657,0.5952380896,0.5297619104
1751,0.494047612,0.5476190448,0.5119047761,0.5297619104
1752,0.5119047761,0.5297619104,0.5416666865,0.5238095522
1753,0.4702380896,0.5595238209,0.5416666865,0.5357142687
1754,0.4702380896,0.5178571343,0.5178571343,0.5357142687
1755,0.5119047761,0.5178571343,0.5238095522,0.5416666865
1756,0.4880952239,0.6011904478,0.494047612,0.5476190448
1757,0.5178571343,0.5773809552,0.5833333135,0.553571403
1758,0.5,0.5119047761,0.5654761791,0.553571403
1759,0.5238095522,0.5416666865,0.571428597,0.553571403
1760,0.5297619104,0.5595238209,0.553571403,0.553571403
1761,0.5476190448,0.553571403,0.5059523582,0.553571403
1762,0.553571403,0.5654761791,0.5238095522,0.553571403
1763,0.5357142687,0.494047612,0.571428597,0.5476190448
1764,0.5416666865,0.5595238209,0.5119047761,0.5476190448
1765,0.5238095522,0.553571403,0.5297619104,0.5476190448
1766,0.494047612,0.5595238209,0.4880952239,0.553571403
1767,0.5059523582,0.5357142687,0.5059523582,0.553571403
1768,0.5,0.4880952239,0.5357142687,0.5595238209
1769,0.4583333433,0.5416666865,0.5476190448,0.553571403
1770,0.5416666865,0.5357142687,0.553571403,0.553571403
1771,0.5238095522,0.5178571343,0.4880952239,0.5595238209
1772,0.5,0.5892857313,0.5059523582,0.5595238209
1773,0.5119047761,0.5357142687,0.5297619104,0.553571403
1774,0.5119047761,0.5059523582,0.5595238209,0.553571403
1775,0.5119047761,0.5059523582,0.5238095522,0.553571403
1776,0.5416666865,0.5178571343,0.553571403,0.553571403
1777,0.5297619104,0.5416666865,0.553571403,0.5476190448
1778,0.4821428657,0.5119047761,0.5297619104,0.5476190448
1779,0.4880952239,0.5297619104,0.494047612,0.5416666865
1780,0.494047612,0.4821428657,0.5416666865,0.5476190448
1781,0.5416666865,0.5,0.5595238209,0.5416666865
1782,0.5357142687,0.5773809552,0.5178571343,0.5357142687
1783,0.5297619104,0.5595238209,0.5238095522,0.5297619104
1784,0.5357142687,0.4880952239,0.5297619104,0.5357142687
1785,0.5178571343,0.5773809552,0.4821428657,0.5416666865
1786,0.5476190448,0.494047612,0.553571403,0.5357142687
1787,0.5654761791,0.5357142687,0.5416666865,0.5416666865
1788,0.5119047761,0.5595238209,0.553571403,0.5357142687
1789,0.5357142687,0.5238095522,0.5357142687,0.5416666865
1790,0.5297619104,0.5238095522,0.571428597,0.5357142687
1791,0.5476190448,0.5416666865,0.5476190448,0.5357142687
1792,0.5178571343,0.5357142687,0.5476190448,0.5297619104
1793,0.5059523582,0.5476190448,0.5178571343,0.5297619104
1794,0.5595238209,0.5595238209,0.4761904776,0.5297619104
1795,0.5476190448,0.5238095522,0.5297619104,0.5357142687
1796,0.494047612,0.5297619104,0.5059523582,0.5297619104
1797,0.5476190448,0.5595238209,0.5595238209,0.5297619104
1798,0.4761904776,0.5297619104,0.5178571343,0.5297619104
1799,0.5416666865,0.494047612,0.5178571343,0.5297619104
1800,0.5,0.5119047761,0.5119047761,0.5238095522
1801,0.5059523582,0.5892857313,0.5357142687,0.5297619104
1802,0.5357142687,0.5357142687,0.5654761791,0.5297619104
1803,0.553571403,0.4821428657,0.5476190448,0.5238095522
1804,0.5595238209,0.571428597,0.5119047761,0.5238095522
1805,0.571428597,0.5654761791,0.4821428657,0.5297619104
1806,0.5773809552,0.5059523582,0.5,0.5297619104
1807,0.4702380896,0.553571403,0.5357142687,0.5357142687
1808,0.4821428657,0.5595238209,0.5416666865,0.5476190448
1809,0.5357142687,0.5119047761,0.4226190448,0.5178571343
1810,0.4880952239,0.4821428657,0.4345238209,0.553571403
1811,0.5297619104,0.5178571343,0.5416666865,0.5297619104
1812,0.494047612,0.4821428657,0.494047612,0.5238095522
1813,0.5178571343,0.5238095522,0.5595238209,0.5238095522
1814,0.5059523582,0.5059523582,0.5595238209,0.5297619104
1815,0.5297619104,0.5654761791,0.4702380896,0.5238095522
1816,0.5178571343,0.4642857015,0.5416666865,0.5238095522
1817,0.5178571343,0.5595238209,0.5059523582,0.5178571343
1818,0.5654761791,0.5416666865,0.5595238209,0.5119047761
1819,0.4761904776,0.4523809552,0.5297619104,0.5178571343
1820,0.4761904776,0.5297619104,0.571428597,0.5178571343
1821,0.5297619104,0.5,0.5119047761,0.5119047761
1822,0.494047612,0.5059523582,0.5059523582,0.5119047761
1823,0.494047612,0.494047612,0.5059523582,0.5119047761
1824,0.5,0.5178571343,0.5238095522,0.5178571343
1825,0.5059523582,0.5357142687,0.5178571343,0.5119047761
1826,0.5238095522,0.553571403,0.5297619104,0.5059523582
1827,0.494047612,0.5178571343,0.5059523582,0.5059523582
1828,0.4642857015,0.5357142687,0.5,0.5119047761
1829,0.5297619104,0.5238095522,0.4821428657,0.5178571343
1830,0.5357142687,0.5357142687,0.5178571343,0.5178571343
1831,0.5059523582,0.5,0.5,0.4642857015
1832,0.5,0.4642857015,0.5833333135,0.5178571343
1833,0.4821428657,0.5059523582,0.494047612,0.5119047761
1834,0.5357142687,0.5119047761,0.5357142687,0.5178571343
1835,0.4821428657,0.5357142687,0.494047612,0.5238095522
1836,0.5297619104,0.4761904776,0.5178571343,0.5178571343
1837,0.5178571343,0.4880952239,0.5595238209,0.5178571343
1838,0.4642857015,0.5178571343,0.5119047761,0.5119047761
1839,0.5297619104,0.5178571343,0.5178571343,0.5119047761
1840,0.4880952239,0.5357142687,0.5476190448,0.5059523582
1841,0.4761904776,0.4880952239,0.4761904776,0.5059523582
1842,0.4761904776,0.494047612,0.5178571343,0.5059523582
1843,0.5119047761,0.4642857015,0.4880952239,0.5059523582
1844,0.4821428657,0.5059523582,0.553571403,0.5059523582
1845,0.4761904776,0.5476190448,0.5833333135,0.5119047761
1846,0.4761904776,0.4702380896,0.4642857015,0.5119047761
1847,0.4880952239,0.5,0.4821428657,0.5059523582
1848,0.5059523582,0.5238095522,0.5238095522,0.5119047761
1849,0.5059523582,0.5059523582,0.5178571343,0.5119047761
1850,0.4880952239,0.5178571343,0.5357142687,0.5119047761
1851,0.4880952239,0.4761904776,0.494047612,0.5059523582
1852,0.4761904776,0.5059523582,0.5,0.5
1853,0.5119047761,0.4523809552,0.5,0.494047612
1854,0.5119047761,0.4464285672,0.5,0.4880952239
1855,0.4702380896,0.4464285672,0.5,0.494047612
1856,0.5119047761,0.5476190448,0.494047612,0.5
1857,0.494047612,0.4761904776,0.494047612,0.5
1858,0.5,0.5357142687,0.5,0.494047612
1859,0.4880952239,0.4404761791,0.5119047761,0.494047612
1860,0.5119047761,0.4702380896,0.4702380896,0.494047612
1861,0.5297619104,0.5119047761,0.5297619104,0.494047612
1862,0.4880952239,0.5238095522,0.4464285672,0.494047612
1863,0.4880952239,0.5119047761,0.5,0.5
1864,0.4583333433,0.5297619104,0.4761904776,0.494047612
1865,0.5297619104,0.5178571343,0.5238095522,0.494047612
1866,0.5178571343,0.4821428657,0.4761904776,0.4880952239
1867,0.5297619104,0.5,0.5178571343,0.4880952239
1868,0.5297619104,0.5416666865,0.4821428657,0.4880952239
1869,0.5416666865,0.5178571343,0.5,0.4880952239
1870,0.5,0.5654761791,0.5119047761,0.494047612
1871,0.5,0.5297619104,0.5178571343,0.4880952239
1872,0.5,0.4702380896,0.4821428657,0.4821428657
1873,0.494047612,0.5357142687,0.4880952239,0.4821428657
1874,0.5476190448,0.5059523582,0.4404761791,0.4821428657
1875,0.5059523582,0.4880952239,0.553571403,0.4880952239
1876,0.5178571343,0.5297619104,0.494047612,0.4821428657
1877,0.5238095522,0.5297619104,0.4345238209,0.4821428657
1878,0.5178571343,0.5238095522,0.494047612,0.4821428657
1879,0.5119047761,0.5119047761,0.5297619104,0.4821428657
1880,0.4761904776,0.5178571343,0.5238095522,0.4821428657
1881,0.5297619104,0.5178571343,0.5238095522,0.4880952239
1882,0.5476190448,0.4642857015,0.4702380896,0.4821428657
1883,0.5297619104,0.4642857015,0.4821428657,0.4821428657
1884,0.5476190448,0.5059523582,0.494047612,0.4821428657
1885,0.5357142687,0.5119047761,0.5119047761,0.4880952239
1886,0.5773809552,0.553571403,0.5595238209,0.4880952239
1887,0.494047612,0.494047612,0.4642857015,0.4880952239
1888,0.6011904478,0.4821428657,0.5119047761,0.494047612
1889,0.571428597,0.4880952239,0.4880952239,0.4880952239
1890,0.5297619104,0.5119047761,0.5357142687,0.494047612
1891,0.5654761791,0.494047612,0.4880952239,0.494047612
1892,0.5595238209,0.494047612,0.5773809552,0.5
1893,0.5119047761,0.571428597,0.5357142687,0.5059523582
1894,0.5416666865,0.5476190448,0.5416666865,0.5
1895,0.571428597,0.5297619104,0.4404761791,0.494047612
1896,0.5238095522,0.4821428657,0.4702380896,0.4880952239
1897,0.571428597,0.5238095522,0.4404761791,0.494047612
1898,0.5833333135,0.5178571343,0.5178571343,0.494047612
1899,0.5297619104,0.5357142687,0.5476190448,0.494047612
1900,0.6071428657,0.4702380896,0.553571403,0.4821428657
1901,0.5595238209,0.5297619104,0.4761904776,0.4880952239
1902,0.571428597,0.5476190448,0.5595238209,0.4880952239
1903,0.5476190448,0.5119047761,0.5119047761,0.494047612
1904,0.553571403,0.5119047761,0.5059523582,0.494047612
1905,0.5297619104,0.4404761791,0.5238095522,0.494047612
1906,0.5416666865,0.5178571343,0.4761904776,0.5
1907,0.5654761791,0.5357142687,0.5059523582,0.5
1908,0.5654761791,0.5,0.5059523582,0.494047612
1909,0.571428597,0.5297619104,0.494047612,0.5
1910,0.5654761791,0.5833333135,0.5357142687,0.5059523582
1911,0.5476190448,0.5238095522,0.5773809552,0.5059523582
1912,0.571428597,0.5297619104,0.5238095522,0.5059523582
1913,0.5416666865,0.5238095522,0.5357142687,0.5
1914,0.5654761791,0.5357142687,0.5297619104,0.5
1915,0.553571403,0.5416666865,0.5416666865,0.5
1916,0.553571403,0.5297619104,0.5,0.494047612
1917,0.5476190448,0.5178571343,0.5059523582,0.494047612
1918,0.553571403,0.5357142687,0.5178571343,0.5
1919,0.5773809552,0.553571403,0.4761904776,0.5
1920,0.5654761791,0.4702380896,0.4880952239,0.5059523582
1921,0.5773809552,0.5119047761,0.5059523582,0.5
1922,0.5357142687,0.494047612,0.5059523582,0.4821428657
1923,0.5238095522,0.494047612,0.5654761791,0.4880952239
1924,0.5297619104,0.5,0.4464285672,0.4821428657
1925,0.5059523582,0.571428597,0.4821428657,0.4761904776
1926,0.5059523582,0.5178571343,0.5059523582,0.4761904776
1927,0.494047612,0.5,0.4880952239,0.4821428657
1928,0.5059523582,0.5119047761,0.4821428657,0.4761904776
1929,0.5,0.5,0.4761904776,0.4761904776
1930,0.5,0.5119047761,0.4761904776,0.4761904776
1931,0.5,0.5059523582,0.4880952239,0.4821428657
1932,0.5357142687,0.5297619104,0.4821428657,0.4761904776
1933,0.5119047761,0.5238095522,0.4761904776,0.4761904776
1934,0.5119047761,0.5297619104,0.4642857015,0.4702380896
1935,0.5297619104,0.494047612,0.4821428657,0.4761904776
1936,0.5,0.4642857015,0.4642857015,0.4761904776
1937,0.5357142687,0.5,0.4702380896,0.4761904776
1938,0.4821428657,0.4642857015,0.4523809552,0.4761904776
1939,0.5416666865,0.4583333433,0.4761904776,0.4761904776
1940,0.5357142687,0.5,0.4702380896,0.4702380896
1941,0.4821428657,0.5059523582,0.4702380896,0.4702380896
1942,0.5297619104,0.4821428657,0.4761904776,0.4761904776
1943,0.4702380896,0.494047612,0.4642857015,0.4702380896
1944,0.5297619104,0.5119047761,0.4642857015,0.4642857015
1945,0.5773809552,0.4642857015,0.4702380896,0.4642857015
1946,0.5238095522,0.4642857015,0.4642857015,0.4642857015
1947,0.5238095522,0.5,0.4880952239,0.4642857015
1948,0.5178571343,0.4523809552,0.4583333433,0.4583333433
1949,0.4642857015,0.5,0.4523809552,0.4642857015
1950,0.5119047761,0.5297619104,0.5178571343,0.4702380896
1951,0.5178571343,0.4880952239,0.4642857015,0.4702380896
1952,0.5238095522,0.4702380896,0.4642857015,0.4702380896
1953,0.4464285672,0.5238095522,0.4583333433,0.4642857015
1954,0.5178571343,0.5119047761,0.5059523582,0.4702380896
1955,0.5059523582,0.5119047761,0.5238095522,0.4702380896
1956,0.5238095522,0.5297619104,0.4761904776,0.4761904776
1957,0.5178571343,0.5119047761,0.4523809552,0.4761904776
1958,0.5119047761,0.5297619104,0.4523809552,0.4821428657
1959,0.5119047761,0.5178571343,0.4702380896,0.5
1960,0.5059523582,0.5297619104,0.5178571343,0.4523809552
1961,0.5,0.4880952239,0.5416666865,0.5297619104
1962,0.5059523582,0.4821428657,0.494047612,0.5297619104
1963,0.5178571343,0.494047612,0.4702380896,0.5238095522
1964,0.4761904776,0.4642857015,0.5297619104,0.5238095522
1965,0.5297619104,0.5178571343,0.5595238209,0.5178571343
1966,0.494047612,0.4761904776,0.5357142687,0.5
1967,0.5059523582,0.494047612,0.553571403,0.5178571343
1968,0.4761904776,0.4583333433,0.5,0.5
1969,0.5,0.4642857015,0.5178571343,0.5119047761
1970,0.4702380896,0.4821428657,0.5119047761,0.5119047761
1971,0.5059523582,0.4880952239,0.5059523582,0.5
1972,0.4702380896,0.4702380896,0.494047612,0.5178571343
1973,0.5119047761,0.5297619104,0.5119047761,0.4880952239
1974,0.4345238209,0.4642857015,0.4583333433,0.494047612
1975,0.5416666865,0.4702380896,0.5357142687,0.5059523582
1976,0.494047612,0.5357142687,0.5178571343,0.5
1977,0.4761904776,0.494047612,0.5,0.5
1978,0.4880952239,0.494047612,0.5119047761,0.5
1979,0.5178571343,0.494047612,0.4761904776,0.5059523582
1980,0.5119047761,0.4821428657,0.5,0.5
1981,0.4880952239,0.494047612,0.5119047761,0.5
1982,0.494047612,0.5476190448,0.5,0.5059523582
1983,0.4345238209,0.553571403,0.5,0.5
1984,0.4702380896,0.5119047761,0.5178571343,0.5059523582
1985,0.4464285672,0.5119047761,0.4880952239,0.5
1986,0.5059523582,0.5119047761,0.5119047761,0.494047612
1987,0.4642857015,0.5357142687,0.4821428657,0.494047612
1988,0.5119047761,0.4345238209,0.4880952239,0.5
1989,0.4702380896,0.4880952239,0.5297619104,0.5
1990,0.4761904776,0.5476190448,0.4761904776,0.4821428657
1991,0.4464285672,0.4821428657,0.4761904776,0.4880952239
1992,0.4523809552,0.4821428657,0.5,0.5059523582
1993,0.4523809552,0.4464285672,0.4821428657,0.5178571343
1994,0.4523809552,0.4226190448,0.4880952239,0.5059523582
1995,0.4345238209,0.4880952239,0.4583333433,0.5
1996,0.4107142985,0.4642857015,0.5059523582,0.5
1997,0.4464285672,0.5059523582,0.494047612,0.5059523582
1998,0.4821428657,0.4821428657,0.4583333433,0.494047612
1999,0.4583333433,0.5357142687,0.5059523582,0.4880952239
2000,0.4702380896,0.4761904776,0.4880952239,0.4821428657
2001,0.4523809552,0.4821428657,0.4523809552,0.494047612
2002,0.5119047761,0.5416666865,0.4761904776,0.5
2003,0.5297619104,0.4880952239,0.4702380896,0.494047612
2004,0.5059523582,0.5297619104,0.5297619104,0.5
2005,0.4583333433,0.5178571343,0.4821428657,0.4761904776
2006,0.494047612,0.494047612,0.4642857015,0.4345238209
2007,0.5238095522,0.571428597,0.5654761791,0.494047612
2008,0.4761904776,0.5654761791,0.5,0.5238095522
2009,0.4523809552,0.494047612,0.4285714328,0.4583333433
2010,0.5357142687,0.5178571343,0.4226190448,0.4880952239
2011,0.5357142687,0.4464285672,0.4464285672,0.4642857015
2012,0.5119047761,0.4880952239,0.5416666865,0.5238095522
2013,0.494047612,0.5,0.4880952239,0.494047612
2014,0.4821428657,0.5654761791,0.5297619104,0.5178571343
2015,0.4880952239,0.5,0.4761904776,0.4642857015
2016,0.5238095522,0.4761904776,0.553571403,0.5178571343
2017,0.4702380896,0.5178571343,0.4702380896,0.5238095522
2018,0.5357142687,0.494047612,0.4880952239,0.5119047761
2019,0.5119047761,0.5357142687,0.5,0.494047612
2020,0.5059523582,0.4761904776,0.4821428657,0.494047612
2021,0.5178571343,0.5,0.494047612,0.494047612
2022,0.5654761791,0.5297619104,0.4880952239,0.4880952239
2023,0.5,0.494047612,0.4821428657,0.4880952239
2024,0.5476190448,0.4404761791,0.4880952239,0.494047612
2025,0.5119047761,0.5059523582,0.5,0.494047612
2026,0.4821428657,0.4642857015,0.494047612,0.494047612
2027,0.5178571343,0.5238095522,0.494047612,0.4880952239
2028,0.5238095522,0.4821428657,0.4880952239,0.4880952239
2029,0.5059523582,0.4880952239,0.494047612,0.4880952239
2030,0.5119047761,0.571428597,0.494047612,0.494047612
2031,0.5238095522,0.4702380896,0.5,0.5
2032,0.494047612,0.5059523582,0.494047612,0.494047612
2033,0.5178571343,0.4642857015,0.5,0.5
2034,0.5416666865,0.4702380896,0.4880952239,0.494047612
2035,0.5059523582,0.494047612,0.494047612,0.494047612
2036,0.5059523582,0.4702380896,0.4880952239,0.4880952239
2037,0.5119047761,0.5,0.4880952239,0.4880952239
2038,0.5178571343,0.4880952239,0.4880952239,0.4880952239
2039,0.5119047761,0.4761904776,0.4821428657,0.4821428657
2040,0.5476190448,0.5119047761,0.4761904776,0.4761904776
2041,0.4702380896,0.5119047761,0.4821428657,0.4821428657
2042,0.5297619104,0.5178571343,0.4821428657,0.4821428657
2043,0.5238095522,0.5,0.4821428657,0.4821428657
2044,0.5059523582,0.5,0.4761904776,0.4761904776
2045,0.5357142687,0.5178571343,0.4702380896,0.4702380896
2046,0.5,0.4880952239,0.4761904776,0.4702380896
2047,0.4821428657,0.4761904776,0.4761904776,0.4761904776
2048,0.4880952239,0.4761904776,0.4880952239,0.4821428657
2049,0.5476190448,0.494047612,0.4761904776,0.4821428657
2050,0.494047612,0.4880952239,0.4702380896,0.4761904776
2051,0.4880952239,0.4583333433,0.4761904776,0.4761904776
