window_index,best_model,best_loss,second_model,second_loss,margin_vs_second,best_single_model,best_single_loss,oracle_gain_vs_best_single
0,DLinear,0.5568477511405945,Persistence,0.5609387755393982,0.004091024398803711,ZeroPred,0.5704450607299805,0.013597309589385986
1,TimeXer,0.5829948782920837,Persistence,0.5867348909378052,0.0037400126457214355,ZeroPred,0.593914270401001,0.010919392108917236
2,HAR_EWM,0.5904597043991089,Persistence,0.5913892984390259,0.0009295940399169922,ZeroPred,0.5985251069068909,0.008065402507781982
3,HAR_EWM,0.6205389499664307,DLinear,0.621968686580658,0.001429736614227295,ZeroPred,0.6302233338356018,0.009684383869171143
4,HAR_EWM,0.6321378946304321,DLinear,0.6362658739089966,0.004127979278564453,ZeroPred,0.6452867388725281,0.013148844242095947
5,DLinear,0.6075992584228516,HAR_EWM,0.6077978014945984,0.00019854307174682617,ZeroPred,0.6189244389533997,0.011325180530548096
6,HAR_EWM,0.5922768712043762,TimeXer,0.597150444984436,0.0048735737800598145,ZeroPred,0.6054479479789734,0.013171076774597168
7,HAR_EWM,0.6004034876823425,DLinear,0.6012755036354065,0.0008720159530639648,ZeroPred,0.6119115352630615,0.011508047580718994
8,DLinear,0.5855383276939392,HAR_EWM,0.5955435633659363,0.01000523567199707,ZeroPred,0.6062681674957275,0.02072983980178833
9,DLinear,0.5922186970710754,HAR_EWM,0.5956373810768127,0.0034186840057373047,ZeroPred,0.606270432472229,0.014051735401153564
10,DLinear,0.5947617888450623,TimeXer,0.5959411263465881,0.001179337501525879,ZeroPred,0.6103246212005615,0.015562832355499268
11,HAR_EWM,0.6006650924682617,TimeMixer,0.6063370108604431,0.0056719183921813965,ZeroPred,0.6134148240089417,0.012749731540679932
12,Persistence,0.6054084897041321,HAR_EWM,0.606069803237915,0.000661313533782959,ZeroPred,0.6175915598869324,0.012183070182800293
13,HAR_EWM,0.5989702343940735,DLinear,0.6002416014671326,0.001271367073059082,ZeroPred,0.609244167804718,0.010273933410644531
14,HAR_EWM,0.594210147857666,FreTS,0.6048410534858704,0.010630905628204346,ZeroPred,0.60542893409729,0.011218786239624023
15,HAR_EWM,0.5959389805793762,DLinear,0.5966775417327881,0.0007385611534118652,ZeroPred,0.6064677238464355,0.010528743267059326
16,HAR_EWM,0.5933941006660461,DLinear,0.5981984734535217,0.004804372787475586,ZeroPred,0.6046187281608582,0.011224627494812012
17,HAR_EWM,0.5926817059516907,DLinear,0.5957915186882019,0.0031098127365112305,ZeroPred,0.6035509705543518,0.010869264602661133
18,TimeXer,0.5524576306343079,HAR_EWM,0.5621717572212219,0.009714126586914062,ZeroPred,0.5680744647979736,0.015616834163665771
19,DLinear,0.5674945712089539,HAR_EWM,0.5687668919563293,0.0012723207473754883,ZeroPred,0.5757774710655212,0.008282899856567383
20,iTransformer,0.566167414188385,DLinear,0.5695462822914124,0.0033788681030273438,ZeroPred,0.5810739994049072,0.014906585216522217
21,iTransformer,0.3162324130535126,TimeXer,0.3203088641166687,0.004076451063156128,ZeroPred,0.32274749875068665,0.006515085697174072
22,TimeXer,0.3116973340511322,FreTS,0.3135612905025482,0.0018639564514160156,ZeroPred,0.31522905826568604,0.003531724214553833
23,TimeMixer,0.30765774846076965,FreTS,0.30797824263572693,0.0003204941749572754,ZeroPred,0.31163468956947327,0.003976941108703613
24,FreTS,0.30640920996665955,PatchTST,0.3082618713378906,0.001852661371231079,ZeroPred,0.3103635609149933,0.00395435094833374
25,TimeXer,0.3129197061061859,ZeroPred,0.31596839427948,0.0030486881732940674,ZeroPred,0.31596839427948,0.0030486881732940674
26,iTransformer,0.30925992131233215,PatchTST,0.31254199147224426,0.0032820701599121094,ZeroPred,0.313455730676651,0.004195809364318848
27,TimeXer,0.30595314502716064,ZeroPred,0.31590011715888977,0.009946972131729126,ZeroPred,0.31590011715888977,0.009946972131729126
28,FreTS,0.3137437105178833,iTransformer,0.314651221036911,0.00090751051902771,ZeroPred,0.31582972407341003,0.0020860135555267334
29,TimeXer,0.3166196346282959,iTransformer,0.32337823510169983,0.006758600473403931,ZeroPred,0.3250168561935425,0.008397221565246582
30,TimeMixer,0.3271311819553375,FreTS,0.33441320061683655,0.0072820186614990234,ZeroPred,0.33517923951148987,0.008048057556152344
31,TimeMixer,0.3300826847553253,FreTS,0.33722248673439026,0.007139801979064941,ZeroPred,0.3381308615207672,0.008048176765441895
32,PatchTST,0.33540257811546326,FreTS,0.3372773230075836,0.0018747448921203613,ZeroPred,0.33776983618736267,0.002367258071899414
33,DLinear,0.3358937203884125,PatchTST,0.33613404631614685,0.000240325927734375,ZeroPred,0.33779749274253845,0.0019037723541259766
34,iTransformer,0.3300495147705078,TimeXer,0.33293524384498596,0.0028857290744781494,ZeroPred,0.33747825026512146,0.0074287354946136475
35,FreTS,0.328526109457016,TimeMixer,0.33279797434806824,0.004271864891052246,ZeroPred,0.3329414129257202,0.004415303468704224
36,ZeroPred,0.3326489329338074,PatchTST,0.3343418538570404,0.0016929209232330322,ZeroPred,0.3326489329338074,0.0
37,FreTS,0.3325718939304352,PatchTST,0.33544039726257324,0.0028685033321380615,ZeroPred,0.3355364501476288,0.0029645562171936035
38,PatchTST,0.329813152551651,ZeroPred,0.3336001932621002,0.0037870407104492188,ZeroPred,0.3336001932621002,0.0037870407104492188
39,PatchTST,0.3284340798854828,Persistence,0.33179742097854614,0.0033633410930633545,ZeroPred,0.3352600634098053,0.00682598352432251
40,PatchTST,0.3305438160896301,TimeMixer,0.3305555582046509,1.1742115020751953e-05,ZeroPred,0.3351472318172455,0.0046034157276153564
41,TimeXer,0.332095742225647,Persistence,0.3323003947734833,0.0002046525478363037,ZeroPred,0.3350554406642914,0.002959698438644409
42,FreTS,0.3291243016719818,ZeroPred,0.3348897397518158,0.005765438079833984,ZeroPred,0.3348897397518158,0.005765438079833984
43,TimeXer,0.35354599356651306,FreTS,0.36085280776023865,0.007306814193725586,ZeroPred,0.36143675446510315,0.007890760898590088
44,ZeroPred,0.3614061772823334,FreTS,0.36337459087371826,0.0019684135913848877,ZeroPred,0.3614061772823334,0.0
45,TimeMixer,0.3652666509151459,FreTS,0.36634790897369385,0.0010812580585479736,ZeroPred,0.37000414729118347,0.004737496376037598
46,PatchTST,0.3701446056365967,ZeroPred,0.37059900164604187,0.00045439600944519043,ZeroPred,0.37059900164604187,0.00045439600944519043
47,Persistence,0.4509652554988861,HAR_EWM,0.45337286591529846,0.0024076104164123535,ZeroPred,0.45910724997520447,0.00814199447631836
48,HAR_EWM,0.5106076598167419,PatchTST,0.5135977268218994,0.0029900670051574707,ZeroPred,0.5229613780975342,0.012353718280792236
49,TimeXer,0.5151790976524353,PatchTST,0.5164532661437988,0.0012741684913635254,ZeroPred,0.5309535264968872,0.015774428844451904
50,HAR_EWM,0.5196425914764404,PatchTST,0.5205478072166443,0.0009052157402038574,ZeroPred,0.537729799747467,0.01808720827102661
51,TimeXer,0.5170616507530212,PatchTST,0.5181076526641846,0.00104600191116333,ZeroPred,0.536710798740387,0.019649147987365723
52,PatchTST,0.5187778472900391,HAR_EWM,0.5241767168045044,0.005398869514465332,ZeroPred,0.5398361682891846,0.021058320999145508
53,PatchTST,0.5236243605613708,HAR_EWM,0.5244865417480469,0.0008621811866760254,ZeroPred,0.5399647951126099,0.016340434551239014
54,HAR_EWM,0.5276561975479126,PatchTST,0.5278685092926025,0.0002123117446899414,ZeroPred,0.5433831810951233,0.015726983547210693
55,PatchTST,0.5215205550193787,HAR_EWM,0.524257242679596,0.002736687660217285,ZeroPred,0.5409139394760132,0.01939338445663452
56,iTransformer,0.5188368558883667,PatchTST,0.5231119394302368,0.004275083541870117,ZeroPred,0.5410112142562866,0.022174358367919922
57,PatchTST,0.521217405796051,HAR_EWM,0.5234336853027344,0.0022162795066833496,ZeroPred,0.5407721400260925,0.019554734230041504
58,PatchTST,0.5092523694038391,HAR_EWM,0.5147853493690491,0.005532979965209961,ZeroPred,0.5325163006782532,0.023263931274414062
59,iTransformer,0.5136237144470215,TimeXer,0.5171486735343933,0.003524959087371826,ZeroPred,0.5362291932106018,0.022605478763580322
60,PatchTST,0.5143473148345947,HAR_EWM,0.5184466242790222,0.00409930944442749,ZeroPred,0.5333316326141357,0.018984317779541016
61,iTransformer,0.5156298279762268,PatchTST,0.516373872756958,0.0007440447807312012,ZeroPred,0.5358808040618896,0.020250976085662842
62,iTransformer,0.5125632286071777,PatchTST,0.5160682797431946,0.0035050511360168457,ZeroPred,0.5350849628448486,0.0225217342376709
63,PatchTST,0.5171557664871216,HAR_EWM,0.5214793086051941,0.00432354211807251,ZeroPred,0.5375505685806274,0.02039480209350586
64,TimeXer,0.52383953332901,TimeMixer,0.5243963003158569,0.0005567669868469238,ZeroPred,0.5418665409088135,0.018027007579803467
65,HAR_EWM,0.5298853516578674,iTransformer,0.5309627652168274,0.001077413558959961,ZeroPred,0.5436063408851624,0.013720989227294922
66,PatchTST,0.5303833484649658,HAR_EWM,0.5308761596679688,0.0004928112030029297,ZeroPred,0.544992983341217,0.01460963487625122
67,iTransformer,0.5284432768821716,PatchTST,0.5303260684013367,0.001882791519165039,ZeroPred,0.5467074513435364,0.018264174461364746
68,PatchTST,0.5356037020683289,HAR_EWM,0.5371548533439636,0.0015511512756347656,ZeroPred,0.549157440662384,0.013553738594055176
69,PatchTST,0.5422636866569519,HAR_EWM,0.5451070666313171,0.0028433799743652344,ZeroPred,0.5557047128677368,0.013441026210784912
70,PatchTST,0.5473861694335938,HAR_EWM,0.5486645698547363,0.0012784004211425781,ZeroPred,0.5605828762054443,0.013196706771850586
71,PatchTST,0.5521843433380127,HAR_EWM,0.5543001294136047,0.002115786075592041,ZeroPred,0.565016508102417,0.012832164764404297
72,TimeXer,0.5603532791137695,PatchTST,0.5638787150382996,0.0035254359245300293,ZeroPred,0.5779160857200623,0.017562806606292725
73,PatchTST,0.5918729901313782,HAR_EWM,0.5926900506019592,0.0008170604705810547,ZeroPred,0.6024364233016968,0.010563433170318604
74,TimeXer,0.5870664715766907,HAR_EWM,0.592853844165802,0.005787372589111328,ZeroPred,0.6023831367492676,0.015316665172576904
75,iTransformer,0.5887735486030579,HAR_EWM,0.5932096838951111,0.004436135292053223,ZeroPred,0.6037049889564514,0.014931440353393555
76,HAR_EWM,0.557978093624115,FreTS,0.5657461285591125,0.007768034934997559,ZeroPred,0.5660312175750732,0.008053123950958252
77,HAR_EWM,0.5610630512237549,TimeXer,0.567733108997345,0.006670057773590088,ZeroPred,0.5687264800071716,0.007663428783416748
78,HAR_EWM,0.5603322386741638,PatchTST,0.5665728449821472,0.0062406063079833984,ZeroPred,0.5686988234519958,0.008366584777832031
79,HAR_EWM,0.5537013411521912,PatchTST,0.5580453872680664,0.004344046115875244,ZeroPred,0.5637863278388977,0.010084986686706543
80,iTransformer,0.5218334794044495,PatchTST,0.5277798771858215,0.00594639778137207,ZeroPred,0.5408669710159302,0.019033491611480713
81,PatchTST,0.535637617111206,TimeMixer,0.5363922119140625,0.0007545948028564453,ZeroPred,0.5444498062133789,0.008812189102172852
82,PatchTST,0.5311488509178162,HAR_EWM,0.5346542000770569,0.0035053491592407227,ZeroPred,0.5429139733314514,0.011765122413635254
83,PatchTST,0.5227396488189697,iTransformer,0.5331032872200012,0.010363638401031494,ZeroPred,0.5406754612922668,0.01793581247329712
84,TimeXer,0.5198345184326172,iTransformer,0.5255779027938843,0.00574338436126709,ZeroPred,0.541781485080719,0.021946966648101807
85,iTransformer,0.5269277691841125,PatchTST,0.5380603671073914,0.011132597923278809,ZeroPred,0.549496591091156,0.022568821907043457
86,PatchTST,0.5367288589477539,iTransformer,0.5372058153152466,0.0004769563674926758,ZeroPred,0.5470666289329529,0.010337769985198975
87,TimeXer,0.517589271068573,PatchTST,0.5323417782783508,0.014752507209777832,ZeroPred,0.543264627456665,0.02567535638809204
88,PatchTST,0.5342223048210144,DLinear,0.5362851023674011,0.0020627975463867188,ZeroPred,0.5465311408042908,0.012308835983276367
89,FreTS,0.533513605594635,PatchTST,0.5351965427398682,0.0016829371452331543,ZeroPred,0.5464458465576172,0.012932240962982178
90,PatchTST,0.5474479794502258,TimeXer,0.5568881630897522,0.009440183639526367,ZeroPred,0.5656934380531311,0.018245458602905273
91,PatchTST,0.5763843655586243,TimeMixer,0.5821459889411926,0.005761623382568359,ZeroPred,0.5993606448173523,0.022976279258728027
92,Persistence,0.5917696952819824,PatchTST,0.5966667532920837,0.004897058010101318,ZeroPred,0.6118189096450806,0.020049214363098145
93,TimeXer,0.5908450484275818,PatchTST,0.5973802208900452,0.006535172462463379,ZeroPred,0.6133676171302795,0.022522568702697754
94,PatchTST,0.598487377166748,iTransformer,0.6027527451515198,0.0042653679847717285,ZeroPred,0.6157084107398987,0.017221033573150635
95,TimeMixer,0.6053380966186523,PatchTST,0.6054584980010986,0.00012040138244628906,ZeroPred,0.62166428565979,0.016326189041137695
96,TimeXer,0.6107303500175476,PatchTST,0.6187282204627991,0.007997870445251465,ZeroPred,0.6313939690589905,0.02066361904144287
97,TimeXer,0.5845017433166504,PatchTST,0.5969359874725342,0.012434244155883789,ZeroPred,0.6136860847473145,0.029184341430664062
98,PatchTST,0.596576988697052,TimeXer,0.598501443862915,0.0019244551658630371,ZeroPred,0.6116593480110168,0.015082359313964844
99,PatchTST,0.566591203212738,HAR_EWM,0.5683355331420898,0.0017443299293518066,ZeroPred,0.5773006677627563,0.01070946455001831
100,HAR_EWM,0.546078622341156,PatchTST,0.5465130805969238,0.00043445825576782227,ZeroPred,0.5533633828163147,0.007284760475158691
101,PatchTST,0.5455347895622253,HAR_EWM,0.5467889904975891,0.0012542009353637695,ZeroPred,0.5549013018608093,0.009366512298583984
102,iTransformer,0.5406143069267273,TimeMixer,0.5431561470031738,0.002541840076446533,ZeroPred,0.5559818148612976,0.015367507934570312
103,iTransformer,0.5569099187850952,TimeMixer,0.5595526099205017,0.002642691135406494,ZeroPred,0.5681253671646118,0.011215448379516602
104,HAR_EWM,0.560725212097168,PatchTST,0.561849057674408,0.0011238455772399902,ZeroPred,0.5686865448951721,0.00796133279800415
105,iTransformer,0.5535176992416382,HAR_EWM,0.5616123080253601,0.008094608783721924,ZeroPred,0.5691669583320618,0.015649259090423584
106,HAR_EWM,0.5586913824081421,PatchTST,0.5599009394645691,0.001209557056427002,ZeroPred,0.5653454661369324,0.006654083728790283
107,FreTS,0.5583502650260925,HAR_EWM,0.5584508776664734,0.00010061264038085938,ZeroPred,0.5647727847099304,0.006422519683837891
108,HAR_EWM,0.5566258430480957,FreTS,0.5574163794517517,0.0007905364036560059,ZeroPred,0.5633638501167297,0.006738007068634033
109,HAR_EWM,0.556932806968689,TimeMixer,0.5579948425292969,0.0010620355606079102,ZeroPred,0.5638838410377502,0.006951034069061279
110,HAR_EWM,0.5618599057197571,PatchTST,0.5636367201805115,0.0017768144607543945,ZeroPred,0.570044755935669,0.008184850215911865
111,PatchTST,0.558842658996582,TimeMixer,0.5610768795013428,0.002234220504760742,ZeroPred,0.5694952011108398,0.010652542114257812
112,iTransformer,0.5573495030403137,PatchTST,0.5576138496398926,0.0002643465995788574,ZeroPred,0.5688111186027527,0.011461615562438965
113,PatchTST,0.5574795603752136,TimeMixer,0.5576778054237366,0.00019824504852294922,ZeroPred,0.5708205699920654,0.013341009616851807
114,HAR_EWM,0.5608822703361511,PatchTST,0.5616723895072937,0.0007901191711425781,ZeroPred,0.5695896148681641,0.00870734453201294
115,PatchTST,0.5554463267326355,iTransformer,0.5556430816650391,0.00019675493240356445,ZeroPred,0.5621482729911804,0.006701946258544922
116,HAR_EWM,0.553314745426178,PatchTST,0.5565051436424255,0.0031903982162475586,ZeroPred,0.5578325390815735,0.004517793655395508
117,HAR_EWM,0.5474462509155273,PatchTST,0.550729513168335,0.003283262252807617,ZeroPred,0.554215669631958,0.006769418716430664
118,HAR_EWM,0.5467575192451477,iTransformer,0.5476799607276917,0.0009224414825439453,ZeroPred,0.5538331866264343,0.007075667381286621
119,HAR_EWM,0.5472120046615601,PatchTST,0.5510648488998413,0.00385284423828125,ZeroPred,0.5544398427009583,0.007227838039398193
120,PatchTST,0.5471655130386353,HAR_EWM,0.5478872656822205,0.0007217526435852051,ZeroPred,0.5550655722618103,0.007900059223175049
121,iTransformer,0.5388213396072388,HAR_EWM,0.5408055186271667,0.0019841790199279785,ZeroPred,0.548932671546936,0.010111331939697266
122,HAR_EWM,0.5422951579093933,PatchTST,0.5442641377449036,0.001968979835510254,ZeroPred,0.5498989224433899,0.007603764533996582
123,iTransformer,0.5390960574150085,HAR_EWM,0.540726363658905,0.0016303062438964844,ZeroPred,0.5469798445701599,0.007883787155151367
124,TimeXer,0.5374193787574768,iTransformer,0.5393029451370239,0.0018835663795471191,ZeroPred,0.5473403334617615,0.009920954704284668
125,TimeMixer,0.5252938866615295,TimeXer,0.5276297926902771,0.0023359060287475586,ZeroPred,0.5376788973808289,0.012385010719299316
126,PatchTST,0.5239762663841248,ZeroPred,0.5255095362663269,0.0015332698822021484,ZeroPred,0.5255095362663269,0.0015332698822021484
127,TimeXer,0.517555296421051,PatchTST,0.5215041041374207,0.003948807716369629,ZeroPred,0.5224236249923706,0.00486832857131958
128,TimeXer,0.5186305642127991,iTransformer,0.5195168256759644,0.0008862614631652832,ZeroPred,0.5209301114082336,0.0022995471954345703
129,TimeXer,0.5101282596588135,FreTS,0.5104968547821045,0.0003685951232910156,ZeroPred,0.5146200060844421,0.004491746425628662
130,TimeXer,0.5121062397956848,PatchTST,0.5134424567222595,0.001336216926574707,ZeroPred,0.514127790927887,0.0020215511322021484
131,PatchTST,0.5107232928276062,TimeXer,0.5126839280128479,0.0019606351852416992,ZeroPred,0.513100802898407,0.0023775100708007812
132,PatchTST,0.5215282440185547,TimeXer,0.5235064029693604,0.001978158950805664,ZeroPred,0.5241909027099609,0.00266265869140625
133,TimeMixer,0.5182589888572693,PatchTST,0.523110568523407,0.004851579666137695,ZeroPred,0.5235266089439392,0.005267620086669922
134,TimeMixer,0.5230062007904053,PatchTST,0.5262946486473083,0.003288447856903076,ZeroPred,0.5298945307731628,0.006888329982757568
135,HAR_EWM,0.5492280721664429,PatchTST,0.5506675839424133,0.001439511775970459,ZeroPred,0.5535349249839783,0.0043068528175354
136,PatchTST,0.5490462779998779,TimeMixer,0.551141619682312,0.002095341682434082,ZeroPred,0.5541790127754211,0.005132734775543213
137,TimeXer,0.5486962795257568,TimeMixer,0.5499917268753052,0.0012954473495483398,ZeroPred,0.55428546667099,0.005589187145233154
138,PatchTST,0.5486963987350464,HAR_EWM,0.5510111451148987,0.002314746379852295,ZeroPred,0.5541664958000183,0.005470097064971924
139,PatchTST,0.5202531218528748,TimeMixer,0.5206189155578613,0.00036579370498657227,ZeroPred,0.5281195044517517,0.007866382598876953
140,TimeXer,0.525603175163269,PatchTST,0.536168098449707,0.010564923286437988,ZeroPred,0.5421332716941833,0.016530096530914307
141,TimeXer,0.5200871229171753,PatchTST,0.5266492366790771,0.0065621137619018555,ZeroPred,0.5329151749610901,0.012828052043914795
142,TimeXer,0.5266177654266357,PatchTST,0.5269222259521484,0.0003044605255126953,ZeroPred,0.5327045321464539,0.006086766719818115
143,FreTS,0.44326353073120117,PatchTST,0.4453212320804596,0.002057701349258423,ZeroPred,0.4459036886692047,0.00264015793800354
144,ZeroPred,0.38463130593299866,TimeMixer,0.391000896692276,0.006369590759277344,ZeroPred,0.38463130593299866,0.0
145,FreTS,0.37514999508857727,ZeroPred,0.37540897727012634,0.00025898218154907227,ZeroPred,0.37540897727012634,0.00025898218154907227
146,ZeroPred,0.36881741881370544,FreTS,0.37372422218322754,0.004906803369522095,ZeroPred,0.36881741881370544,0.0
147,ZeroPred,0.3686956465244293,FreTS,0.36910322308540344,0.0004075765609741211,ZeroPred,0.3686956465244293,0.0
148,FreTS,0.360524445772171,ZeroPred,0.36542975902557373,0.00490531325340271,ZeroPred,0.36542975902557373,0.00490531325340271
149,ZeroPred,0.36532196402549744,FreTS,0.3667565882205963,0.001434624195098877,ZeroPred,0.36532196402549744,0.0
150,ZeroPred,0.355646014213562,FreTS,0.356299489736557,0.0006534755229949951,ZeroPred,0.355646014213562,0.0
151,ZeroPred,0.35489439964294434,FreTS,0.3574824333190918,0.002588033676147461,ZeroPred,0.35489439964294434,0.0
152,FreTS,0.36572566628456116,ZeroPred,0.3699212968349457,0.0041956305503845215,ZeroPred,0.3699212968349457,0.0041956305503845215
153,ZeroPred,0.3701944351196289,FreTS,0.37351933121681213,0.0033248960971832275,ZeroPred,0.3701944351196289,0.0
154,ZeroPred,0.3719619810581207,FreTS,0.3729856014251709,0.001023620367050171,ZeroPred,0.3719619810581207,0.0
155,ZeroPred,0.3704245984554291,FreTS,0.37654709815979004,0.006122499704360962,ZeroPred,0.3704245984554291,0.0
156,ZeroPred,0.3714475631713867,Persistence,0.3720274865627289,0.0005799233913421631,ZeroPred,0.3714475631713867,0.0
157,ZeroPred,0.3763561248779297,FreTS,0.3772309720516205,0.0008748471736907959,ZeroPred,0.3763561248779297,0.0
158,ZeroPred,0.3915546238422394,FreTS,0.39783135056495667,0.006276726722717285,ZeroPred,0.3915546238422394,0.0
159,ZeroPred,0.3891976773738861,FreTS,0.3892030715942383,5.3942203521728516e-06,ZeroPred,0.3891976773738861,0.0
160,FreTS,0.38182973861694336,ZeroPred,0.38458847999572754,0.0027587413787841797,ZeroPred,0.38458847999572754,0.0027587413787841797
161,FreTS,0.38012829422950745,ZeroPred,0.38352522253990173,0.003396928310394287,ZeroPred,0.38352522253990173,0.003396928310394287
162,ZeroPred,0.38212811946868896,FreTS,0.3839280903339386,0.0017999708652496338,ZeroPred,0.38212811946868896,0.0
163,ZeroPred,0.38228878378868103,TimeMixer,0.3913898169994354,0.009101033210754395,ZeroPred,0.38228878378868103,0.0
164,ZeroPred,0.38003993034362793,FreTS,0.3804876506328583,0.0004477202892303467,ZeroPred,0.38003993034362793,0.0
165,TimeXer,0.3721587657928467,ZeroPred,0.37737712264060974,0.0052183568477630615,ZeroPred,0.37737712264060974,0.0052183568477630615
166,FreTS,0.37190818786621094,ZeroPred,0.3730766475200653,0.0011684596538543701,ZeroPred,0.3730766475200653,0.0011684596538543701
167,ZeroPred,0.36869749426841736,HAR_EWM,0.37141838669776917,0.0027208924293518066,ZeroPred,0.36869749426841736,0.0
168,FreTS,0.3756466805934906,ZeroPred,0.37597838044166565,0.00033169984817504883,ZeroPred,0.37597838044166565,0.00033169984817504883
169,HAR_EWM,0.3501981496810913,FreTS,0.35174575448036194,0.0015476047992706299,ZeroPred,0.3526369333267212,0.002438783645629883
170,FreTS,0.3499281406402588,HAR_EWM,0.35019317269325256,0.0002650320529937744,ZeroPred,0.35226309299468994,0.0023349523544311523
171,ZeroPred,0.35159578919410706,HAR_EWM,0.3518289625644684,0.00023317337036132812,ZeroPred,0.35159578919410706,0.0
172,TimeMixer,0.3500487804412842,FreTS,0.3515138626098633,0.0014650821685791016,ZeroPred,0.3521852195262909,0.002136439085006714
173,iTransformer,0.3461684286594391,HAR_EWM,0.34723567962646484,0.0010672509670257568,ZeroPred,0.34928932785987854,0.003120899200439453
174,HAR_EWM,0.34760475158691406,ZeroPred,0.34980401396751404,0.0021992623805999756,ZeroPred,0.34980401396751404,0.0021992623805999756
175,iTransformer,0.3421899378299713,FreTS,0.3465776741504669,0.0043877363204956055,ZeroPred,0.34934210777282715,0.007152169942855835
176,ZeroPred,0.35013842582702637,HAR_EWM,0.3505725860595703,0.0004341602325439453,ZeroPred,0.35013842582702637,0.0
177,HAR_EWM,0.3421849012374878,FreTS,0.34336838126182556,0.0011834800243377686,ZeroPred,0.3441157042980194,0.0019308030605316162
178,HAR_EWM,0.3436918556690216,ZeroPred,0.3465096950531006,0.0028178393840789795,ZeroPred,0.3465096950531006,0.0028178393840789795
179,FreTS,0.3459460735321045,HAR_EWM,0.35248109698295593,0.00653502345085144,ZeroPred,0.35307857394218445,0.007132500410079956
180,FreTS,0.3515819013118744,ZeroPred,0.35224291682243347,0.000661015510559082,ZeroPred,0.35224291682243347,0.000661015510559082
181,HAR_EWM,0.3454139530658722,FreTS,0.34634509682655334,0.0009311437606811523,ZeroPred,0.34688079357147217,0.0014668405055999756
182,HAR_EWM,0.3455599546432495,ZeroPred,0.3470015227794647,0.00144156813621521,ZeroPred,0.3470015227794647,0.00144156813621521
183,HAR_EWM,0.3473394811153412,TimeMixer,0.3474646806716919,0.000125199556350708,ZeroPred,0.34908124804496765,0.0017417669296264648
184,DLinear,0.3506341874599457,HAR_EWM,0.35076963901519775,0.0001354515552520752,ZeroPred,0.35257020592689514,0.0019360184669494629
185,DLinear,0.35038042068481445,HAR_EWM,0.35249772667884827,0.0021173059940338135,ZeroPred,0.35412368178367615,0.0037432610988616943
186,ZeroPred,0.3347640931606293,HAR_EWM,0.33744239807128906,0.00267830491065979,ZeroPred,0.3347640931606293,0.0
187,FreTS,0.2962270677089691,ZeroPred,0.2996394634246826,0.003412395715713501,ZeroPred,0.2996394634246826,0.003412395715713501
188,FreTS,0.2930605411529541,ZeroPred,0.29717931151390076,0.004118770360946655,ZeroPred,0.29717931151390076,0.004118770360946655
189,DLinear,0.29278692603111267,FreTS,0.29618242383003235,0.0033954977989196777,ZeroPred,0.29681453108787537,0.004027605056762695
190,ZeroPred,0.29443442821502686,FreTS,0.2970287501811981,0.0025943219661712646,ZeroPred,0.29443442821502686,0.0
191,FreTS,0.2907593250274658,ZeroPred,0.29269152879714966,0.0019322037696838379,ZeroPred,0.29269152879714966,0.0019322037696838379
192,HAR_EWM,0.2736172676086426,DLinear,0.2736436724662781,2.6404857635498047e-05,ZeroPred,0.274847149848938,0.0012298822402954102
193,DLinear,0.2737590968608856,FreTS,0.27935710549354553,0.005598008632659912,ZeroPred,0.28061529994010925,0.006856203079223633
194,DLinear,0.2748199999332428,FreTS,0.276875764131546,0.0020557641983032227,ZeroPred,0.27841195464134216,0.0035919547080993652
195,FreTS,0.28023090958595276,DLinear,0.2837846577167511,0.00355374813079834,ZeroPred,0.2847388982772827,0.004507988691329956
196,FreTS,0.28399643301963806,ZeroPred,0.2847302258014679,0.000733792781829834,ZeroPred,0.2847302258014679,0.000733792781829834
197,FreTS,0.2852690517902374,ZeroPred,0.28779929876327515,0.0025302469730377197,ZeroPred,0.28779929876327515,0.0025302469730377197
198,ZeroPred,0.2890980839729309,DLinear,0.28989481925964355,0.0007967352867126465,ZeroPred,0.2890980839729309,0.0
199,HAR_EWM,0.26976561546325684,ZeroPred,0.26981401443481445,4.839897155761719e-05,ZeroPred,0.26981401443481445,4.839897155761719e-05
200,HAR_EWM,0.2873220145702362,ZeroPred,0.2876601219177246,0.0003381073474884033,ZeroPred,0.2876601219177246,0.0003381073474884033
201,HAR_EWM,0.29021140933036804,ZeroPred,0.290697306394577,0.0004858970642089844,ZeroPred,0.290697306394577,0.0004858970642089844
202,HAR_EWM,0.2961309850215912,ZeroPred,0.29630422592163086,0.00017324090003967285,ZeroPred,0.29630422592163086,0.00017324090003967285
203,HAR_EWM,0.2996844947338104,ZeroPred,0.30024954676628113,0.0005650520324707031,ZeroPred,0.30024954676628113,0.0005650520324707031
204,FreTS,0.293596476316452,HAR_EWM,0.29839029908180237,0.004793822765350342,ZeroPred,0.29865720868110657,0.005060732364654541
205,HAR_EWM,0.2979751527309418,ZeroPred,0.29847684502601624,0.0005016922950744629,ZeroPred,0.29847684502601624,0.0005016922950744629
206,FreTS,0.2914464473724365,ZeroPred,0.2931745946407318,0.001728147268295288,ZeroPred,0.2931745946407318,0.001728147268295288
207,ZeroPred,0.29431596398353577,FreTS,0.2950839102268219,0.0007679462432861328,ZeroPred,0.29431596398353577,0.0
208,FreTS,0.3357655107975006,ZeroPred,0.338285356760025,0.002519845962524414,ZeroPred,0.338285356760025,0.002519845962524414
209,DLinear,0.3366217315196991,ZeroPred,0.34057918190956116,0.0039574503898620605,ZeroPred,0.34057918190956116,0.0039574503898620605
210,FreTS,0.36192023754119873,ZeroPred,0.3626995086669922,0.000779271125793457,ZeroPred,0.3626995086669922,0.000779271125793457
211,ZeroPred,0.3611394464969635,HAR_EWM,0.3640096187591553,0.0028701722621917725,ZeroPred,0.3611394464969635,0.0
212,ZeroPred,0.3627501428127289,FreTS,0.36464086174964905,0.001890718936920166,ZeroPred,0.3627501428127289,0.0
213,FreTS,0.3645743429660797,ZeroPred,0.365033894777298,0.0004595518112182617,ZeroPred,0.365033894777298,0.0004595518112182617
214,TimeXer,0.3710833489894867,ZeroPred,0.376097708940506,0.005014359951019287,ZeroPred,0.376097708940506,0.005014359951019287
215,FreTS,0.37535104155540466,ZeroPred,0.37593403458595276,0.0005829930305480957,ZeroPred,0.37593403458595276,0.0005829930305480957
216,DLinear,0.37243208289146423,ZeroPred,0.37456250190734863,0.0021304190158843994,ZeroPred,0.37456250190734863,0.0021304190158843994
217,FreTS,0.4002583920955658,ZeroPred,0.40355411171913147,0.003295719623565674,ZeroPred,0.40355411171913147,0.003295719623565674
218,FreTS,0.4047119617462158,ZeroPred,0.4077014923095703,0.002989530563354492,ZeroPred,0.4077014923095703,0.002989530563354492
219,HAR_EWM,0.4272798001766205,ZeroPred,0.42777207493782043,0.0004922747611999512,ZeroPred,0.42777207493782043,0.0004922747611999512
220,FreTS,0.42471060156822205,iTransformer,0.4248929023742676,0.00018230080604553223,ZeroPred,0.4274967908859253,0.002786189317703247
221,PatchTST,0.42615655064582825,HAR_EWM,0.42728257179260254,0.001126021146774292,ZeroPred,0.42767563462257385,0.0015190839767456055
222,PatchTST,0.4235409200191498,HAR_EWM,0.42717018723487854,0.0036292672157287598,ZeroPred,0.42783626914024353,0.00429534912109375
223,HAR_EWM,0.4303813874721527,ZeroPred,0.4308834373950958,0.0005020499229431152,ZeroPred,0.4308834373950958,0.0005020499229431152
224,HAR_EWM,0.43838346004486084,FreTS,0.43912944197654724,0.0007459819316864014,ZeroPred,0.43932977318763733,0.0009463131427764893
225,HAR_EWM,0.43925976753234863,ZeroPred,0.44006267189979553,0.0008029043674468994,ZeroPred,0.44006267189979553,0.0008029043674468994
226,TimeXer,0.43622303009033203,PatchTST,0.4371245801448822,0.0009015500545501709,ZeroPred,0.4399986267089844,0.0037755966186523438
227,TimeXer,0.44199469685554504,PatchTST,0.44257089495658875,0.0005761981010437012,ZeroPred,0.444243460893631,0.0022487640380859375
228,PatchTST,0.441305011510849,FreTS,0.4414995610713959,0.000194549560546875,ZeroPred,0.4440743625164032,0.0027693510055541992
229,iTransformer,0.4385489523410797,TimeMixer,0.4399506151676178,0.001401662826538086,ZeroPred,0.44213056564331055,0.003581613302230835
230,PatchTST,0.4349249601364136,HAR_EWM,0.43514230847358704,0.00021734833717346191,ZeroPred,0.43652960658073425,0.0016046464443206787
231,FreTS,0.40446242690086365,iTransformer,0.40792346000671387,0.0034610331058502197,ZeroPred,0.41143158078193665,0.006969153881072998
232,FreTS,0.40746596455574036,ZeroPred,0.40942883491516113,0.0019628703594207764,ZeroPred,0.40942883491516113,0.0019628703594207764
233,iTransformer,0.4118010103702545,ZeroPred,0.41254618763923645,0.0007451772689819336,ZeroPred,0.41254618763923645,0.0007451772689819336
234,ZeroPred,0.4160313308238983,HAR_EWM,0.41743695735931396,0.0014056265354156494,ZeroPred,0.4160313308238983,0.0
235,FreTS,0.4148196280002594,ZeroPred,0.41572776436805725,0.0009081363677978516,ZeroPred,0.41572776436805725,0.0009081363677978516
236,DLinear,0.39244532585144043,TimeXer,0.3950270414352417,0.0025817155838012695,ZeroPred,0.401801198720932,0.009355872869491577
237,TimeMixer,0.39967671036720276,FreTS,0.4021543264389038,0.00247761607170105,ZeroPred,0.4037385880947113,0.004061877727508545
238,HAR_EWM,0.40247419476509094,ZeroPred,0.4031945765018463,0.0007203817367553711,ZeroPred,0.4031945765018463,0.0007203817367553711
239,TimeMixer,0.39866602420806885,PatchTST,0.39987000823020935,0.001203984022140503,ZeroPred,0.4015926420688629,0.0029266178607940674
240,HAR_EWM,0.3991909325122833,ZeroPred,0.39970341324806213,0.0005124807357788086,ZeroPred,0.39970341324806213,0.0005124807357788086
241,iTransformer,0.3954556882381439,HAR_EWM,0.3986981213092804,0.0032424330711364746,ZeroPred,0.39919641613960266,0.0037407279014587402
242,FreTS,0.3950458765029907,DLinear,0.39584365487098694,0.0007977783679962158,ZeroPred,0.39711296558380127,0.002067089080810547
243,iTransformer,0.3919374942779541,FreTS,0.39687657356262207,0.004939079284667969,ZeroPred,0.39870163798332214,0.006764143705368042
244,DLinear,0.39527103304862976,iTransformer,0.39743390679359436,0.0021628737449645996,ZeroPred,0.3980652093887329,0.0027941763401031494
245,FreTS,0.415609210729599,HAR_EWM,0.42168760299682617,0.006078392267227173,ZeroPred,0.4226057529449463,0.00699654221534729
246,FreTS,0.4173431396484375,TimeXer,0.42194804549217224,0.004604905843734741,ZeroPred,0.42349228262901306,0.0061491429805755615
247,HAR_EWM,0.4292677342891693,iTransformer,0.4294842779636383,0.00021654367446899414,ZeroPred,0.42961475253105164,0.0003470182418823242
248,ZeroPred,0.4169849455356598,TimeXer,0.41797634959220886,0.0009914040565490723,ZeroPred,0.4169849455356598,0.0
249,TimeXer,0.40410712361335754,FreTS,0.41266748309135437,0.008560359477996826,ZeroPred,0.4175335466861725,0.013426423072814941
250,ZeroPred,0.4170045852661133,FreTS,0.4177072048187256,0.0007026195526123047,ZeroPred,0.4170045852661133,0.0
251,TimeMixer,0.4106566607952118,HAR_EWM,0.4108201563358307,0.00016349554061889648,ZeroPred,0.41101548075675964,0.00035881996154785156
252,TimeXer,0.4026005268096924,PatchTST,0.40952906012535095,0.006928533315658569,ZeroPred,0.4113885462284088,0.00878801941871643
253,PatchTST,0.5165518522262573,HAR_EWM,0.5167627930641174,0.00021094083786010742,ZeroPred,0.5186352133750916,0.0020833611488342285
254,TimeMixer,0.4975064694881439,TimeXer,0.4978545010089874,0.00034803152084350586,ZeroPred,0.5042210221290588,0.006714552640914917
255,PatchTST,0.5007452964782715,DLinear,0.5010369420051575,0.00029164552688598633,ZeroPred,0.504895031452179,0.004149734973907471
256,TimeMixer,0.4979371130466461,DLinear,0.5027905106544495,0.004853397607803345,ZeroPred,0.504884660243988,0.006947547197341919
257,iTransformer,0.5010058283805847,DLinear,0.5030826926231384,0.002076864242553711,ZeroPred,0.5044533610343933,0.0034475326538085938
258,TimeMixer,0.5040683150291443,DLinear,0.5095175504684448,0.005449235439300537,ZeroPred,0.510340690612793,0.006272375583648682
259,TimeXer,0.5060482025146484,FreTS,0.5062540173530579,0.00020581483840942383,ZeroPred,0.5111145973205566,0.005066394805908203
260,TimeMixer,0.5117805600166321,DLinear,0.5128397941589355,0.0010592341423034668,ZeroPred,0.5165400505065918,0.004759490489959717
261,DLinear,0.5101323127746582,PatchTST,0.5107551217079163,0.0006228089332580566,ZeroPred,0.5128619074821472,0.0027295947074890137
262,TimeXer,0.5024911761283875,TimeMixer,0.5051632523536682,0.0026720762252807617,ZeroPred,0.5127766728401184,0.010285496711730957
263,PatchTST,0.5138983130455017,HAR_EWM,0.5143303275108337,0.00043201446533203125,ZeroPred,0.5151259899139404,0.0012276768684387207
264,TimeXer,0.5043004155158997,DLinear,0.5066876411437988,0.00238722562789917,ZeroPred,0.5100228786468506,0.005722463130950928
265,TimeMixer,0.5054704546928406,PatchTST,0.5055398344993591,6.937980651855469e-05,ZeroPred,0.5087280869483948,0.0032576322555541992
266,DLinear,0.5075175166130066,FreTS,0.5084385275840759,0.0009210109710693359,ZeroPred,0.5087770223617554,0.0012595057487487793
267,TimeXer,0.5598999857902527,PatchTST,0.5649268627166748,0.005026876926422119,ZeroPred,0.5703022480010986,0.010402262210845947
268,iTransformer,0.5665110945701599,PatchTST,0.5673752427101135,0.0008641481399536133,ZeroPred,0.5723978877067566,0.00588679313659668
269,iTransformer,0.5668361783027649,PatchTST,0.5669512152671814,0.0001150369644165039,ZeroPred,0.5726032853126526,0.005767107009887695
270,TimeMixer,0.5615302920341492,iTransformer,0.5619565844535828,0.00042629241943359375,ZeroPred,0.5734016299247742,0.011871337890625
271,PatchTST,0.6034395098686218,HAR_EWM,0.6035723686218262,0.0001328587532043457,ZeroPred,0.6094539761543274,0.006014466285705566
272,TimeMixer,0.6614789366722107,FreTS,0.6620737910270691,0.0005948543548583984,ZeroPred,0.665251612663269,0.0037726759910583496
273,DLinear,0.6579299569129944,HAR_EWM,0.6621694564819336,0.004239499568939209,ZeroPred,0.6654202938079834,0.007490336894989014
274,FreTS,0.6576512455940247,TimeMixer,0.6611440181732178,0.0034927725791931152,ZeroPred,0.6665909886360168,0.008939743041992188
275,DLinear,0.6430748701095581,TimeMixer,0.6436007618904114,0.0005258917808532715,ZeroPred,0.6577810049057007,0.014706134796142578
276,iTransformer,0.6376302242279053,DLinear,0.6449491381645203,0.00731891393661499,ZeroPred,0.6574702262878418,0.019840002059936523
277,DLinear,0.6451690196990967,iTransformer,0.6461065411567688,0.0009375214576721191,ZeroPred,0.6555091738700867,0.01034015417098999
278,TimeMixer,0.641176164150238,PatchTST,0.6470518708229065,0.005875706672668457,ZeroPred,0.6553539037704468,0.01417773962020874
279,iTransformer,0.6414638161659241,TimeXer,0.6458978652954102,0.004434049129486084,ZeroPred,0.6533601880073547,0.011896371841430664
280,iTransformer,0.6374252438545227,DLinear,0.6399092078208923,0.002483963966369629,ZeroPred,0.6509048342704773,0.01347959041595459
281,DLinear,0.6392696499824524,PatchTST,0.6458520889282227,0.006582438945770264,ZeroPred,0.6517104506492615,0.012440800666809082
282,iTransformer,0.6323638558387756,TimeMixer,0.6416452527046204,0.009281396865844727,ZeroPred,0.6516360640525818,0.019272208213806152
283,TimeMixer,0.6472284197807312,DLinear,0.6473206877708435,9.226799011230469e-05,ZeroPred,0.6526487469673157,0.005420327186584473
284,DLinear,0.6357753276824951,iTransformer,0.636978805065155,0.0012034773826599121,ZeroPred,0.6428455710411072,0.0070702433586120605
285,iTransformer,0.6278626322746277,TimeMixer,0.6294608116149902,0.0015981793403625488,ZeroPred,0.6412948369979858,0.013432204723358154
286,iTransformer,0.6307349801063538,DLinear,0.6379159092903137,0.007180929183959961,ZeroPred,0.641279935836792,0.010544955730438232
287,iTransformer,0.6520583629608154,TimeMixer,0.6592176556587219,0.007159292697906494,ZeroPred,0.6636919379234314,0.011633574962615967
288,DLinear,0.6545670628547668,FreTS,0.6621055006980896,0.007538437843322754,ZeroPred,0.6669940948486328,0.012427031993865967
289,iTransformer,0.6506319642066956,DLinear,0.6526406407356262,0.002008676528930664,ZeroPred,0.6560484766960144,0.005416512489318848
290,TimeMixer,0.6423861384391785,DLinear,0.6498591303825378,0.007472991943359375,ZeroPred,0.6556923389434814,0.013306200504302979
291,DLinear,0.6443364024162292,iTransformer,0.6454848647117615,0.0011484622955322266,ZeroPred,0.6523668766021729,0.008030474185943604
292,TimeMixer,0.6457471251487732,DLinear,0.6477146744728088,0.0019675493240356445,ZeroPred,0.6524885892868042,0.006741464138031006
293,DLinear,0.6374818682670593,iTransformer,0.641810953617096,0.004329085350036621,ZeroPred,0.6543665528297424,0.016884684562683105
294,TimeXer,0.6353533267974854,DLinear,0.6472684741020203,0.011915147304534912,ZeroPred,0.653574526309967,0.01822119951248169
295,DLinear,0.6436724662780762,TimeMixer,0.6456090807914734,0.0019366145133972168,ZeroPred,0.6546240448951721,0.010951578617095947
296,TimeMixer,0.6371923685073853,PatchTST,0.6372867226600647,9.435415267944336e-05,ZeroPred,0.6402362585067749,0.0030438899993896484
297,TimeMixer,0.6316555142402649,TimeXer,0.6332194209098816,0.0015639066696166992,ZeroPred,0.6371040344238281,0.005448520183563232
298,DLinear,0.6212093830108643,TimeMixer,0.6218098998069763,0.0006005167961120605,ZeroPred,0.6310767531394958,0.009867370128631592
299,DLinear,0.6143556237220764,TimeMixer,0.6167007088661194,0.0023450851440429688,ZeroPred,0.6234695315361023,0.009113907814025879
300,iTransformer,0.6123598217964172,TimeMixer,0.6138444542884827,0.0014846324920654297,ZeroPred,0.6229082345962524,0.010548412799835205
301,iTransformer,0.6102909445762634,TimeXer,0.6147567629814148,0.004465818405151367,ZeroPred,0.6223170161247253,0.012026071548461914
302,TimeMixer,0.6154612302780151,iTransformer,0.6164644360542297,0.0010032057762145996,ZeroPred,0.6214224696159363,0.005961239337921143
303,FreTS,0.6144528985023499,PatchTST,0.6164624691009521,0.002009570598602295,ZeroPred,0.6212347149848938,0.006781816482543945
304,ZeroPred,0.5793067812919617,PatchTST,0.5814237594604492,0.002116978168487549,ZeroPred,0.5793067812919617,0.0
305,PatchTST,0.5733088850975037,FreTS,0.5748686790466309,0.0015597939491271973,ZeroPred,0.5749363303184509,0.0016274452209472656
306,FreTS,0.5486636757850647,DLinear,0.5540513396263123,0.005387663841247559,ZeroPred,0.5566640496253967,0.008000373840332031
307,ZeroPred,0.5601727366447449,Persistence,0.5626797080039978,0.0025069713592529297,ZeroPred,0.5601727366447449,0.0
308,ZeroPred,0.5667213201522827,FreTS,0.5689079761505127,0.0021866559982299805,ZeroPred,0.5667213201522827,0.0
309,ZeroPred,0.5647268295288086,TimeXer,0.5653733611106873,0.0006465315818786621,ZeroPred,0.5647268295288086,0.0
310,ZeroPred,0.554547131061554,PatchTST,0.5550931692123413,0.0005460381507873535,ZeroPred,0.554547131061554,0.0
311,ZeroPred,0.5537528395652771,TimeXer,0.5577043294906616,0.0039514899253845215,ZeroPred,0.5537528395652771,0.0
312,FreTS,0.5493797659873962,TimeXer,0.5528067946434021,0.0034270286560058594,ZeroPred,0.553308367729187,0.0039286017417907715
313,FreTS,0.5190651416778564,TimeMixer,0.5203791260719299,0.0013139843940734863,ZeroPred,0.5238012075424194,0.004736065864562988
314,TimeMixer,0.5152139067649841,PatchTST,0.5190463066101074,0.003832399845123291,ZeroPred,0.5207669138908386,0.005553007125854492
315,HAR_EWM,0.4977826178073883,FreTS,0.5002318620681763,0.002449244260787964,ZeroPred,0.5005552172660828,0.002772599458694458
316,PatchTST,0.49688947200775146,HAR_EWM,0.4977564513683319,0.0008669793605804443,ZeroPred,0.5004875063896179,0.003598034381866455
317,TimeXer,0.4919375479221344,PatchTST,0.4946458339691162,0.0027082860469818115,ZeroPred,0.500419557094574,0.008482009172439575
318,iTransformer,0.49545297026634216,HAR_EWM,0.5030988454818726,0.0076458752155303955,ZeroPred,0.5047368407249451,0.009283870458602905
319,iTransformer,0.5392277836799622,PatchTST,0.5419339537620544,0.002706170082092285,ZeroPred,0.5435746312141418,0.0043468475341796875
320,TimeXer,0.5741527676582336,PatchTST,0.5790503025054932,0.0048975348472595215,ZeroPred,0.5820172429084778,0.00786447525024414
321,HAR_EWM,0.5914592146873474,PatchTST,0.5919883847236633,0.000529170036315918,ZeroPred,0.5942497849464417,0.0027905702590942383
322,TimeMixer,0.5912237167358398,TimeXer,0.5924058556556702,0.0011821389198303223,ZeroPred,0.5960606932640076,0.004836976528167725
323,iTransformer,0.6101112961769104,HAR_EWM,0.6132054328918457,0.0030941367149353027,ZeroPred,0.6177260875701904,0.007614791393280029
324,FreTS,0.6089959144592285,PatchTST,0.6096009612083435,0.0006050467491149902,ZeroPred,0.610944926738739,0.001949012279510498
325,HAR_EWM,0.6089707016944885,PatchTST,0.6094068884849548,0.0004361867904663086,ZeroPred,0.6105937957763672,0.0016230940818786621
326,FreTS,0.6012331247329712,TimeMixer,0.6014156341552734,0.0001825094223022461,ZeroPred,0.6097514629364014,0.008518338203430176
327,FreTS,0.6054646372795105,HAR_EWM,0.6075034141540527,0.0020387768745422363,ZeroPred,0.6111546158790588,0.00568997859954834
328,PatchTST,0.6068105101585388,HAR_EWM,0.607387125492096,0.0005766153335571289,ZeroPred,0.6111218929290771,0.00431138277053833
329,TimeXer,0.5858355164527893,iTransformer,0.6012749671936035,0.015439450740814209,ZeroPred,0.6083834171295166,0.022547900676727295
330,FreTS,0.6029067039489746,TimeXer,0.6044360995292664,0.001529395580291748,ZeroPred,0.6092677712440491,0.006361067295074463
331,TimeXer,0.5996298789978027,PatchTST,0.6053624749183655,0.005732595920562744,ZeroPred,0.6093109250068665,0.00968104600906372
332,TimeXer,0.6103096008300781,HAR_EWM,0.6174203753471375,0.007110774517059326,ZeroPred,0.6194912791252136,0.009181678295135498
333,HAR_EWM,0.6154116988182068,PatchTST,0.616319477558136,0.0009077787399291992,ZeroPred,0.6176406145095825,0.0022289156913757324
334,FreTS,0.6191504597663879,TimeMixer,0.6202805638313293,0.0011301040649414062,ZeroPred,0.6224859952926636,0.0033355355262756348
335,FreTS,0.6190410256385803,PatchTST,0.6241069436073303,0.00506591796875,ZeroPred,0.625736653804779,0.0066956281661987305
336,TimeMixer,0.6633128523826599,HAR_EWM,0.6683474183082581,0.0050345659255981445,ZeroPred,0.6704886555671692,0.007175803184509277
337,TimeMixer,0.6657402515411377,HAR_EWM,0.670158863067627,0.004418611526489258,ZeroPred,0.6723182797431946,0.006578028202056885
338,TimeXer,0.6680163741111755,PatchTST,0.669170618057251,0.0011542439460754395,ZeroPred,0.6724796295166016,0.004463255405426025
339,iTransformer,0.6650612354278564,TimeXer,0.6666818261146545,0.0016205906867980957,ZeroPred,0.6717538833618164,0.006692647933959961
340,FreTS,0.6641629338264465,iTransformer,0.6680324673652649,0.0038695335388183594,ZeroPred,0.6718878746032715,0.007724940776824951
341,HAR_EWM,0.6450454592704773,FreTS,0.6466425061225891,0.0015970468521118164,ZeroPred,0.6476051211357117,0.002559661865234375
342,FreTS,0.6482903957366943,TimeMixer,0.6491246223449707,0.0008342266082763672,ZeroPred,0.65175861120224,0.0034682154655456543
343,HAR_EWM,0.6446518301963806,PatchTST,0.6446566581726074,4.827976226806641e-06,ZeroPred,0.6459262371063232,0.001274406909942627
344,TimeMixer,0.6372957825660706,TimeXer,0.6409188508987427,0.003623068332672119,ZeroPred,0.6486942172050476,0.01139843463897705
345,TimeMixer,0.6340858340263367,TimeXer,0.6451032757759094,0.011017441749572754,ZeroPred,0.6499534249305725,0.01586759090423584
346,TimeXer,0.6426932215690613,PatchTST,0.6427115201950073,1.8298625946044922e-05,ZeroPred,0.6479074358940125,0.005214214324951172
347,TimeXer,0.6350849270820618,iTransformer,0.643826425075531,0.008741497993469238,ZeroPred,0.6453030705451965,0.010218143463134766
348,PatchTST,0.6404784321784973,iTransformer,0.6425779461860657,0.0020995140075683594,ZeroPred,0.6439500451087952,0.0034716129302978516
349,FreTS,0.526822030544281,PatchTST,0.5272567272186279,0.00043469667434692383,ZeroPred,0.5290489196777344,0.002226889133453369
350,TimeMixer,0.5381830334663391,FreTS,0.5457786917686462,0.007595658302307129,ZeroPred,0.5464797019958496,0.008296668529510498
351,TimeMixer,0.5421066880226135,PatchTST,0.5449197292327881,0.0028130412101745605,ZeroPred,0.5465720891952515,0.0044654011726379395
352,TimeMixer,0.5399689078330994,TimeXer,0.5429596304893494,0.00299072265625,ZeroPred,0.5464958548545837,0.006526947021484375
353,iTransformer,0.5415251851081848,TimeMixer,0.5442227721214294,0.002697587013244629,ZeroPred,0.5488343834877014,0.0073091983795166016
354,TimeMixer,0.5359596610069275,ZeroPred,0.542827308177948,0.006867647171020508,ZeroPred,0.542827308177948,0.006867647171020508
355,FreTS,0.5385482311248779,HAR_EWM,0.539827287197113,0.0012790560722351074,ZeroPred,0.5414573550224304,0.0029091238975524902
356,ZeroPred,0.5409986972808838,iTransformer,0.5411991477012634,0.00020045042037963867,ZeroPred,0.5409986972808838,0.0
357,TimeMixer,0.5306895971298218,TimeXer,0.5339024662971497,0.003212869167327881,ZeroPred,0.5410544276237488,0.010364830493927002
358,PatchTST,0.5350029468536377,TimeXer,0.5368690490722656,0.0018661022186279297,ZeroPred,0.5398910641670227,0.00488811731338501
359,TimeMixer,0.5354976654052734,PatchTST,0.535886824131012,0.0003891587257385254,ZeroPred,0.5376808047294617,0.0021831393241882324
360,TimeMixer,0.5243921279907227,ZeroPred,0.5264078974723816,0.0020157694816589355,ZeroPred,0.5264078974723816,0.0020157694816589355
361,TimeMixer,0.5220195651054382,PatchTST,0.5224192142486572,0.00039964914321899414,ZeroPred,0.5262704491615295,0.004250884056091309
362,ZeroPred,0.5268400311470032,PatchTST,0.5269761085510254,0.0001360774040222168,ZeroPred,0.5268400311470032,0.0
363,TimeXer,0.4803387224674225,ZeroPred,0.48105302453041077,0.0007143020629882812,ZeroPred,0.48105302453041077,0.0007143020629882812
364,ZeroPred,0.47988805174827576,FreTS,0.4803168773651123,0.00042882561683654785,ZeroPred,0.47988805174827576,0.0
365,ZeroPred,0.4794154167175293,FreTS,0.48150238394737244,0.0020869672298431396,ZeroPred,0.4794154167175293,0.0
366,TimeMixer,0.49005162715911865,PatchTST,0.4914097785949707,0.0013581514358520508,ZeroPred,0.49363768100738525,0.0035860538482666016
367,FreTS,0.452100545167923,TimeMixer,0.455396443605423,0.0032958984375,ZeroPred,0.45667433738708496,0.004573792219161987
368,TimeXer,0.39643439650535583,FreTS,0.3986169397830963,0.0021825432777404785,ZeroPred,0.3998013734817505,0.0033669769763946533
369,iTransformer,0.3967757225036621,ZeroPred,0.3996323049068451,0.0028565824031829834,ZeroPred,0.3996323049068451,0.0028565824031829834
370,TimeMixer,0.39486250281333923,PatchTST,0.3959450423717499,0.0010825395584106445,ZeroPred,0.39645448327064514,0.0015919804573059082
371,TimeMixer,0.3865269124507904,TimeXer,0.3954496383666992,0.008922725915908813,ZeroPred,0.3962191343307495,0.009692221879959106
372,PatchTST,0.39556851983070374,ZeroPred,0.3979456424713135,0.002377122640609741,ZeroPred,0.3979456424713135,0.002377122640609741
373,TimeXer,0.38348063826560974,TimeMixer,0.3929677903652191,0.009487152099609375,ZeroPred,0.39656057953834534,0.013079941272735596
374,TimeMixer,0.3930612802505493,ZeroPred,0.39657488465309143,0.0035136044025421143,ZeroPred,0.39657488465309143,0.0035136044025421143
375,FreTS,0.3959852457046509,TimeMixer,0.3963800370693207,0.0003947913646697998,ZeroPred,0.3973563611507416,0.0013711154460906982
376,TimeMixer,0.39426708221435547,ZeroPred,0.3952062129974365,0.0009391307830810547,ZeroPred,0.3952062129974365,0.0009391307830810547
377,ZeroPred,0.3926445245742798,FreTS,0.39417004585266113,0.0015255212783813477,ZeroPred,0.3926445245742798,0.0
378,FreTS,0.392581582069397,ZeroPred,0.3929922580718994,0.0004106760025024414,ZeroPred,0.3929922580718994,0.0004106760025024414
379,TimeMixer,0.3848380148410797,PatchTST,0.39026889204978943,0.005430877208709717,ZeroPred,0.3915586769580841,0.0067206621170043945
380,TimeMixer,0.38555851578712463,PatchTST,0.3909541666507721,0.005395650863647461,ZeroPred,0.3911557197570801,0.005597203969955444
381,TimeMixer,0.38872694969177246,ZeroPred,0.3919692933559418,0.0032423436641693115,ZeroPred,0.3919692933559418,0.0032423436641693115
382,FreTS,0.3883194923400879,ZeroPred,0.39196792244911194,0.003648430109024048,ZeroPred,0.39196792244911194,0.003648430109024048
383,iTransformer,0.36963531374931335,FreTS,0.37126216292381287,0.0016268491744995117,ZeroPred,0.37405648827552795,0.0044211745262146
384,TimeMixer,0.4369167387485504,TimeXer,0.44184908270835876,0.00493234395980835,ZeroPred,0.4465751647949219,0.00965842604637146
385,iTransformer,0.443995863199234,TimeXer,0.4461088478565216,0.0021129846572875977,ZeroPred,0.4566992223262787,0.012703359127044678
386,TimeMixer,0.43851161003112793,PatchTST,0.4460957944393158,0.007584184408187866,ZeroPred,0.45746636390686035,0.018954753875732422
387,PatchTST,0.4491727352142334,TimeMixer,0.4494107961654663,0.00023806095123291016,ZeroPred,0.4595375955104828,0.01036486029624939
388,PatchTST,0.4521353244781494,HAR_EWM,0.45578622817993164,0.0036509037017822266,ZeroPred,0.45967546105384827,0.0075401365756988525
389,TimeMixer,0.4423544704914093,PatchTST,0.44924691319465637,0.00689244270324707,ZeroPred,0.45510587096214294,0.012751400470733643
390,TimeXer,0.4470062255859375,iTransformer,0.4507012665271759,0.0036950409412384033,ZeroPred,0.45517241954803467,0.008166193962097168
391,iTransformer,0.4473087787628174,TimeMixer,0.4491535723209381,0.0018447935581207275,ZeroPred,0.458589106798172,0.011280328035354614
392,TimeXer,0.44567403197288513,TimeMixer,0.4498720169067383,0.004197984933853149,ZeroPred,0.4553830623626709,0.009709030389785767
393,TimeXer,0.4440787136554718,PatchTST,0.44992709159851074,0.00584837794303894,ZeroPred,0.455157995223999,0.011079281568527222
394,TimeMixer,0.4452885687351227,HAR_EWM,0.45164862275123596,0.006360054016113281,ZeroPred,0.455206960439682,0.009918391704559326
395,PatchTST,0.45414265990257263,Persistence,0.4555971622467041,0.0014545023441314697,ZeroPred,0.45936140418052673,0.0052187442779541016
396,iTransformer,0.4578366279602051,TimeMixer,0.46531495451927185,0.0074783265590667725,ZeroPred,0.4700581133365631,0.012221485376358032
397,TimeMixer,0.4536488950252533,iTransformer,0.45747700333595276,0.003828108310699463,ZeroPred,0.4701697826385498,0.01652088761329651
398,iTransformer,0.4610878527164459,TimeMixer,0.46461883187294006,0.0035309791564941406,ZeroPred,0.47054871916770935,0.009460866451263428
399,TimeMixer,0.4551907479763031,iTransformer,0.4623434245586395,0.007152676582336426,ZeroPred,0.46912434697151184,0.01393359899520874
400,PatchTST,0.46386727690696716,TimeXer,0.4650849401950836,0.001217663288116455,ZeroPred,0.46818414330482483,0.004316866397857666
401,iTransformer,0.4560781419277191,TimeXer,0.4599197804927826,0.0038416385650634766,ZeroPred,0.468887060880661,0.012808918952941895
402,iTransformer,0.450435072183609,TimeXer,0.4549538195133209,0.004518747329711914,ZeroPred,0.4695401191711426,0.01910504698753357
403,iTransformer,0.47897830605506897,TimeXer,0.47939595580101013,0.0004176497459411621,ZeroPred,0.4823004901409149,0.0033221840858459473
404,DLinear,0.46204450726509094,TimeMixer,0.46690869331359863,0.00486418604850769,ZeroPred,0.4753211438655853,0.013276636600494385
405,DLinear,0.47914814949035645,TimeMixer,0.47957733273506165,0.0004291832447052002,ZeroPred,0.48502466082572937,0.005876511335372925
406,iTransformer,0.4881852865219116,HAR_EWM,0.49877914786338806,0.01059386134147644,ZeroPred,0.500377893447876,0.012192606925964355
407,TimeXer,0.4914158880710602,iTransformer,0.49298039078712463,0.0015645027160644531,ZeroPred,0.5014733076095581,0.010057419538497925
408,TimeMixer,0.4994026720523834,TimeXer,0.5013456344604492,0.001942962408065796,ZeroPred,0.5036821961402893,0.004279524087905884
409,HAR_EWM,0.5386278033256531,FreTS,0.5390520691871643,0.00042426586151123047,ZeroPred,0.5393149256706238,0.0006871223449707031
410,DLinear,0.5475466847419739,FreTS,0.5476850867271423,0.00013840198516845703,ZeroPred,0.5510695576667786,0.0035228729248046875
411,FreTS,0.548861563205719,HAR_EWM,0.5507021546363831,0.0018405914306640625,ZeroPred,0.550842821598053,0.0019812583923339844
412,FreTS,0.54975825548172,iTransformer,0.5517416596412659,0.0019834041595458984,ZeroPred,0.5539560317993164,0.0041977763175964355
413,TimeMixer,0.5501204133033752,HAR_EWM,0.5554210543632507,0.005300641059875488,ZeroPred,0.555539071559906,0.005418658256530762
414,TimeMixer,0.5414307713508606,PatchTST,0.546253502368927,0.004822731018066406,ZeroPred,0.5486165881156921,0.007185816764831543
415,TimeMixer,0.4935007393360138,TimeXer,0.49706634879112244,0.0035656094551086426,ZeroPred,0.5073948502540588,0.013894110918045044
416,TimeXer,0.4545763432979584,PatchTST,0.459387868642807,0.004811525344848633,ZeroPred,0.45945510268211365,0.0048787593841552734
417,ZeroPred,0.4495624601840973,FreTS,0.4501623213291168,0.0005998611450195312,ZeroPred,0.4495624601840973,0.0
418,ZeroPred,0.44973742961883545,HAR_EWM,0.45205190777778625,0.0023144781589508057,ZeroPred,0.44973742961883545,0.0
419,TimeMixer,0.43140026926994324,ZeroPred,0.43402495980262756,0.002624690532684326,ZeroPred,0.43402495980262756,0.002624690532684326
420,ZeroPred,0.4314063489437103,FreTS,0.4316142797470093,0.0002079308032989502,ZeroPred,0.4314063489437103,0.0
421,Persistence,0.4334060847759247,ZeroPred,0.43345484137535095,4.875659942626953e-05,ZeroPred,0.43345484137535095,4.875659942626953e-05
422,ZeroPred,0.4378781020641327,Persistence,0.43798935413360596,0.0001112520694732666,ZeroPred,0.4378781020641327,0.0
423,ZeroPred,0.43751654028892517,FreTS,0.43851974606513977,0.0010032057762145996,ZeroPred,0.43751654028892517,0.0
424,ZeroPred,0.4375526010990143,Persistence,0.4376082122325897,5.561113357543945e-05,ZeroPred,0.4375526010990143,0.0
425,FreTS,0.43488427996635437,ZeroPred,0.4397636950016022,0.004879415035247803,ZeroPred,0.4397636950016022,0.004879415035247803
426,FreTS,0.44400492310523987,TimeMixer,0.4445401728153229,0.0005352497100830078,ZeroPred,0.44728317856788635,0.0032782554626464844
427,ZeroPred,0.44805410504341125,HAR_EWM,0.4484403133392334,0.00038620829582214355,ZeroPred,0.44805410504341125,0.0
428,TimeXer,0.4385087788105011,HAR_EWM,0.4401487410068512,0.0016399621963500977,ZeroPred,0.4402737617492676,0.0017649829387664795
429,HAR_EWM,0.4404217302799225,ZeroPred,0.44056078791618347,0.00013905763626098633,ZeroPred,0.44056078791618347,0.00013905763626098633
430,FreTS,0.43594416975975037,PatchTST,0.4363054037094116,0.0003612339496612549,ZeroPred,0.4365737736225128,0.0006296038627624512
431,TimeXer,0.42300692200660706,iTransformer,0.4303920567035675,0.007385134696960449,ZeroPred,0.43502292037010193,0.012015998363494873
432,ZeroPred,0.43470320105552673,HAR_EWM,0.4363490343093872,0.0016458332538604736,ZeroPred,0.43470320105552673,0.0
433,ZeroPred,0.45533260703086853,HAR_EWM,0.4597245156764984,0.004391908645629883,ZeroPred,0.45533260703086853,0.0
434,FreTS,0.4783273935317993,ZeroPred,0.4801750183105469,0.0018476247787475586,ZeroPred,0.4801750183105469,0.0018476247787475586
435,ZeroPred,0.48552003502845764,HAR_EWM,0.4879101514816284,0.0023901164531707764,ZeroPred,0.48552003502845764,0.0
436,TimeMixer,0.4957175552845001,ZeroPred,0.49633798003196716,0.000620424747467041,ZeroPred,0.49633798003196716,0.000620424747467041
437,ZeroPred,0.49611136317253113,HAR_EWM,0.4988812506198883,0.0027698874473571777,ZeroPred,0.49611136317253113,0.0
438,ZeroPred,0.495115727186203,HAR_EWM,0.49532708525657654,0.00021135807037353516,ZeroPred,0.495115727186203,0.0
439,FreTS,0.4942847192287445,HAR_EWM,0.49780920147895813,0.003524482250213623,ZeroPred,0.4979018270969391,0.00361710786819458
440,FreTS,0.4945603907108307,ZeroPred,0.4955892860889435,0.001028895378112793,ZeroPred,0.4955892860889435,0.001028895378112793
441,ZeroPred,0.4949847161769867,FreTS,0.4983663558959961,0.0033816397190093994,ZeroPred,0.4949847161769867,0.0
442,FreTS,0.4940880537033081,ZeroPred,0.4948490560054779,0.0007610023021697998,ZeroPred,0.4948490560054779,0.0007610023021697998
443,ZeroPred,0.5011398196220398,FreTS,0.5014398097991943,0.000299990177154541,ZeroPred,0.5011398196220398,0.0
444,FreTS,0.49413594603538513,ZeroPred,0.5018462538719177,0.007710307836532593,ZeroPred,0.5018462538719177,0.007710307836532593
445,TimeMixer,0.49897584319114685,ZeroPred,0.5018531084060669,0.002877265214920044,ZeroPred,0.5018531084060669,0.002877265214920044
446,ZeroPred,0.4809381067752838,FreTS,0.4832175076007843,0.0022794008255004883,ZeroPred,0.4809381067752838,0.0
447,ZeroPred,0.48033007979393005,HAR_EWM,0.485694020986557,0.005363941192626953,ZeroPred,0.48033007979393005,0.0
448,FreTS,0.4761212170124054,ZeroPred,0.4812602996826172,0.005139082670211792,ZeroPred,0.4812602996826172,0.005139082670211792
449,ZeroPred,0.4787085950374603,FreTS,0.48149529099464417,0.002786695957183838,ZeroPred,0.4787085950374603,0.0
450,TimeMixer,0.47936320304870605,ZeroPred,0.47947728633880615,0.00011408329010009766,ZeroPred,0.47947728633880615,0.00011408329010009766
451,ZeroPred,0.4789291322231293,FreTS,0.4820425510406494,0.0031134188175201416,ZeroPred,0.4789291322231293,0.0
452,FreTS,0.4772130250930786,ZeroPred,0.47934862971305847,0.0021356046199798584,ZeroPred,0.47934862971305847,0.0021356046199798584
453,ZeroPred,0.48895564675331116,FreTS,0.4890972673892975,0.00014162063598632812,ZeroPred,0.48895564675331116,0.0
454,ZeroPred,0.5522601008415222,HAR_EWM,0.5535699725151062,0.0013098716735839844,ZeroPred,0.5522601008415222,0.0
455,ZeroPred,0.5520724654197693,FreTS,0.5527088642120361,0.0006363987922668457,ZeroPred,0.5520724654197693,0.0
456,ZeroPred,0.5495290756225586,PatchTST,0.5505098104476929,0.0009807348251342773,ZeroPred,0.5495290756225586,0.0
457,ZeroPred,0.552202045917511,PatchTST,0.5530107617378235,0.0008087158203125,ZeroPred,0.552202045917511,0.0
458,TimeMixer,0.5538437962532043,ZeroPred,0.5566971302032471,0.0028533339500427246,ZeroPred,0.5566971302032471,0.0028533339500427246
459,iTransformer,0.5405528545379639,TimeMixer,0.5421677827835083,0.0016149282455444336,ZeroPred,0.542424201965332,0.001871347427368164
460,TimeMixer,0.535496711730957,ZeroPred,0.5411538481712341,0.0056571364402771,ZeroPred,0.5411538481712341,0.0056571364402771
461,ZeroPred,0.5412678122520447,Persistence,0.54269939661026,0.001431584358215332,ZeroPred,0.5412678122520447,0.0
462,FreTS,0.5232025980949402,ZeroPred,0.5287255644798279,0.005522966384887695,ZeroPred,0.5287255644798279,0.005522966384887695
463,Persistence,0.5257782340049744,TimeMixer,0.5278663635253906,0.0020881295204162598,ZeroPred,0.5289209485054016,0.003142714500427246
464,Persistence,0.5244757533073425,ZeroPred,0.5291526913642883,0.004676938056945801,ZeroPred,0.5291526913642883,0.004676938056945801
465,ZeroPred,0.5291723608970642,Persistence,0.5292655825614929,9.322166442871094e-05,ZeroPred,0.5291723608970642,0.0
466,ZeroPred,0.5302366614341736,FreTS,0.531412661075592,0.001175999641418457,ZeroPred,0.5302366614341736,0.0
467,ZeroPred,0.5301869511604309,PatchTST,0.5323488116264343,0.002161860466003418,ZeroPred,0.5301869511604309,0.0
468,FreTS,0.5265541672706604,ZeroPred,0.5286454558372498,0.0020912885665893555,ZeroPred,0.5286454558372498,0.0020912885665893555
469,Persistence,0.5250999927520752,ZeroPred,0.5295104384422302,0.004410445690155029,ZeroPred,0.5295104384422302,0.004410445690155029
470,ZeroPred,0.5295277833938599,PatchTST,0.5338879227638245,0.0043601393699646,ZeroPred,0.5295277833938599,0.0
471,FreTS,0.5292453765869141,ZeroPred,0.5304479002952576,0.0012025237083435059,ZeroPred,0.5304479002952576,0.0012025237083435059
472,ZeroPred,0.5286386013031006,FreTS,0.5290473103523254,0.0004087090492248535,ZeroPred,0.5286386013031006,0.0
473,FreTS,0.5225747227668762,ZeroPred,0.5300160050392151,0.007441282272338867,ZeroPred,0.5300160050392151,0.007441282272338867
474,ZeroPred,0.5291383862495422,FreTS,0.5322100520133972,0.0030716657638549805,ZeroPred,0.5291383862495422,0.0
475,ZeroPred,0.530083954334259,TimeMixer,0.5312839150428772,0.001199960708618164,ZeroPred,0.530083954334259,0.0
476,Persistence,0.5272058248519897,ZeroPred,0.5322545766830444,0.0050487518310546875,ZeroPred,0.5322545766830444,0.0050487518310546875
477,ZeroPred,0.5315739512443542,FreTS,0.532217800617218,0.0006438493728637695,ZeroPred,0.5315739512443542,0.0
478,Persistence,0.5386217832565308,TimeXer,0.5387787818908691,0.0001569986343383789,ZeroPred,0.5454761981964111,0.006854414939880371
479,ZeroPred,0.5364171266555786,FreTS,0.5372483134269714,0.0008311867713928223,ZeroPred,0.5364171266555786,0.0
480,FreTS,0.4581115245819092,ZeroPred,0.4609716236591339,0.0028600990772247314,ZeroPred,0.4609716236591339,0.0028600990772247314
481,FreTS,0.4517764151096344,ZeroPred,0.4560793936252594,0.004302978515625,ZeroPred,0.4560793936252594,0.004302978515625
482,ZeroPred,0.45749571919441223,FreTS,0.4596672058105469,0.0021714866161346436,ZeroPred,0.45749571919441223,0.0
483,ZeroPred,0.4602319300174713,FreTS,0.4629753828048706,0.002743452787399292,ZeroPred,0.4602319300174713,0.0
484,Persistence,0.4452211856842041,ZeroPred,0.4600789546966553,0.014857769012451172,ZeroPred,0.4600789546966553,0.014857769012451172
485,ZeroPred,0.45962896943092346,FreTS,0.46205195784568787,0.0024229884147644043,ZeroPred,0.45962896943092346,0.0
486,FreTS,0.4659799635410309,ZeroPred,0.46649476885795593,0.0005148053169250488,ZeroPred,0.46649476885795593,0.0005148053169250488
487,ZeroPred,0.47035494446754456,FreTS,0.47236427664756775,0.0020093321800231934,ZeroPred,0.47035494446754456,0.0
488,FreTS,0.46945634484291077,ZeroPred,0.47046971321105957,0.0010133683681488037,ZeroPred,0.47046971321105957,0.0010133683681488037
489,FreTS,0.4696429669857025,ZeroPred,0.4704442024230957,0.0008012354373931885,ZeroPred,0.4704442024230957,0.0008012354373931885
490,FreTS,0.4682307541370392,ZeroPred,0.4704298973083496,0.002199143171310425,ZeroPred,0.4704298973083496,0.002199143171310425
491,ZeroPred,0.4945355951786041,FreTS,0.49927958846092224,0.004743993282318115,ZeroPred,0.4945355951786041,0.0
492,ZeroPred,0.48336443305015564,FreTS,0.48587051033973694,0.002506077289581299,ZeroPred,0.48336443305015564,0.0
493,Persistence,0.4804263114929199,ZeroPred,0.4845562279224396,0.004129916429519653,ZeroPred,0.4845562279224396,0.004129916429519653
494,ZeroPred,0.4846024513244629,FreTS,0.4908105432987213,0.006208091974258423,ZeroPred,0.4846024513244629,0.0
495,Persistence,0.47948989272117615,ZeroPred,0.4845940172672272,0.005104124546051025,ZeroPred,0.4845940172672272,0.005104124546051025
496,ZeroPred,0.48486563563346863,FreTS,0.484973669052124,0.00010803341865539551,ZeroPred,0.48486563563346863,0.0
497,ZeroPred,0.4850669801235199,FreTS,0.4862630069255829,0.0011960268020629883,ZeroPred,0.4850669801235199,0.0
498,ZeroPred,0.4923742115497589,HAR_EWM,0.49885740876197815,0.006483197212219238,ZeroPred,0.4923742115497589,0.0
499,ZeroPred,0.4761897623538971,DLinear,0.48226872086524963,0.006078958511352539,ZeroPred,0.4761897623538971,0.0
500,FreTS,0.46958717703819275,ZeroPred,0.4738939702510834,0.004306793212890625,ZeroPred,0.4738939702510834,0.004306793212890625
501,FreTS,0.46220192313194275,ZeroPred,0.46390295028686523,0.0017010271549224854,ZeroPred,0.46390295028686523,0.0017010271549224854
502,ZeroPred,0.44724640250205994,iTransformer,0.4493069648742676,0.0020605623722076416,ZeroPred,0.44724640250205994,0.0
503,ZeroPred,0.4459524154663086,FreTS,0.44753918051719666,0.0015867650508880615,ZeroPred,0.4459524154663086,0.0
504,FreTS,0.4402647018432617,ZeroPred,0.4503774642944336,0.010112762451171875,ZeroPred,0.4503774642944336,0.010112762451171875
505,HAR_EWM,0.41460418701171875,ZeroPred,0.41499266028404236,0.0003884732723236084,ZeroPred,0.41499266028404236,0.0003884732723236084
506,TimeXer,0.39672669768333435,iTransformer,0.3986235558986664,0.0018968582153320312,ZeroPred,0.40293753147125244,0.006210833787918091
507,TimeXer,0.3945653438568115,PatchTST,0.40015408396720886,0.005588740110397339,ZeroPred,0.40194371342658997,0.007378369569778442
508,FreTS,0.40143251419067383,PatchTST,0.40601015090942383,0.00457763671875,ZeroPred,0.40722858905792236,0.005796074867248535
509,ZeroPred,0.4055289328098297,PatchTST,0.40653476119041443,0.0010058283805847168,ZeroPred,0.4055289328098297,0.0
510,ZeroPred,0.4115006923675537,PatchTST,0.4123702049255371,0.0008695125579833984,ZeroPred,0.4115006923675537,0.0
511,FreTS,0.4096589982509613,ZeroPred,0.41140052676200867,0.0017415285110473633,ZeroPred,0.41140052676200867,0.0017415285110473633
512,TimeMixer,0.410996675491333,iTransformer,0.41133639216423035,0.00033971667289733887,ZeroPred,0.4131593406200409,0.0021626651287078857
513,PatchTST,0.40778589248657227,FreTS,0.407886266708374,0.00010037422180175781,ZeroPred,0.4109465181827545,0.003160625696182251
514,TimeMixer,0.4055837392807007,PatchTST,0.4088082015514374,0.0032244622707366943,ZeroPred,0.4090355932712555,0.0034518539905548096
515,TimeMixer,0.39139828085899353,ZeroPred,0.39872288703918457,0.00732460618019104,ZeroPred,0.39872288703918457,0.00732460618019104
516,iTransformer,0.39621424674987793,FreTS,0.3986856937408447,0.002471446990966797,ZeroPred,0.4019639492034912,0.005749702453613281
517,iTransformer,0.3944183588027954,FreTS,0.39803290367126465,0.0036145448684692383,ZeroPred,0.3999191224575043,0.005500763654708862
518,FreTS,0.39146682620048523,PatchTST,0.39416781067848206,0.002700984477996826,ZeroPred,0.3955022394657135,0.0040354132652282715
519,TimeMixer,0.38945770263671875,PatchTST,0.3962046205997467,0.006746917963027954,ZeroPred,0.39707639813423157,0.007618695497512817
520,DLinear,0.39588794112205505,HAR_EWM,0.396596759557724,0.0007088184356689453,ZeroPred,0.39718326926231384,0.001295328140258789
521,TimeMixer,0.3842705488204956,TimeXer,0.39303675293922424,0.008766204118728638,ZeroPred,0.3945373594760895,0.010266810655593872
522,iTransformer,0.3741459846496582,HAR_EWM,0.38132286071777344,0.007176876068115234,ZeroPred,0.38262996077537537,0.008483976125717163
523,iTransformer,0.3836325705051422,TimeMixer,0.38414573669433594,0.0005131661891937256,ZeroPred,0.38586604595184326,0.00223347544670105
524,HAR_EWM,0.3832515776157379,ZeroPred,0.3842056691646576,0.0009540915489196777,ZeroPred,0.3842056691646576,0.0009540915489196777
525,FreTS,0.38266146183013916,HAR_EWM,0.3863433301448822,0.003681868314743042,ZeroPred,0.3866631090641022,0.004001647233963013
526,HAR_EWM,0.3867473602294922,ZeroPred,0.38772109150886536,0.0009737312793731689,ZeroPred,0.38772109150886536,0.0009737312793731689
527,HAR_EWM,0.38694944977760315,ZeroPred,0.3880041539669037,0.0010547041893005371,ZeroPred,0.3880041539669037,0.0010547041893005371
528,iTransformer,0.3426292836666107,ZeroPred,0.34500548243522644,0.0023761987686157227,ZeroPred,0.34500548243522644,0.0023761987686157227
529,FreTS,0.32146337628364563,PatchTST,0.32198187708854675,0.000518500804901123,ZeroPred,0.3251568078994751,0.0036934316158294678
530,ZeroPred,0.31013134121894836,iTransformer,0.3107580244541168,0.000626683235168457,ZeroPred,0.31013134121894836,0.0
531,iTransformer,0.30516481399536133,FreTS,0.3086756765842438,0.0035108625888824463,ZeroPred,0.3098948001861572,0.0047299861907958984
532,TimeXer,0.30115535855293274,ZeroPred,0.30309951305389404,0.0019441545009613037,ZeroPred,0.30309951305389404,0.0019441545009613037
533,FreTS,0.30043578147888184,TimeMixer,0.3020848333835602,0.0016490519046783447,ZeroPred,0.303653359413147,0.0032175779342651367
534,TimeXer,0.29968902468681335,PatchTST,0.30221959948539734,0.0025305747985839844,ZeroPred,0.30248183012008667,0.0027928054332733154
535,TimeMixer,0.29506826400756836,TimeXer,0.29834115505218506,0.0032728910446166992,ZeroPred,0.2995811998844147,0.0045129358768463135
536,TimeXer,0.3409806191921234,FreTS,0.3431229591369629,0.0021423399448394775,ZeroPred,0.3483637869358063,0.007383167743682861
537,ZeroPred,0.35578444600105286,iTransformer,0.3571052551269531,0.0013208091259002686,ZeroPred,0.35578444600105286,0.0
538,TimeMixer,0.3517833650112152,TimeXer,0.3541822135448456,0.002398848533630371,ZeroPred,0.3557596504688263,0.003976285457611084
539,TimeXer,0.34413084387779236,iTransformer,0.3505720794200897,0.006441235542297363,ZeroPred,0.3524805009365082,0.00834965705871582
540,PatchTST,0.3518141210079193,TimeMixer,0.3518291413784027,1.5020370483398438e-05,ZeroPred,0.35270047187805176,0.0008863508701324463
541,TimeMixer,0.348856121301651,iTransformer,0.3493135869503021,0.00045746564865112305,ZeroPred,0.3528357446193695,0.003979623317718506
542,TimeXer,0.34780237078666687,ZeroPred,0.3551604449748993,0.007358074188232422,ZeroPred,0.3551604449748993,0.007358074188232422
543,FreTS,0.3578895628452301,ZeroPred,0.3617916405200958,0.0039020776748657227,ZeroPred,0.3617916405200958,0.0039020776748657227
544,TimeXer,0.3591313362121582,TimeMixer,0.3616405427455902,0.002509206533432007,ZeroPred,0.36334171891212463,0.004210382699966431
545,PatchTST,0.3629729747772217,FreTS,0.36426758766174316,0.0012946128845214844,ZeroPred,0.36501017212867737,0.0020371973514556885
546,TimeMixer,0.3756137788295746,PatchTST,0.3815031051635742,0.005889326333999634,ZeroPred,0.3827916085720062,0.007177829742431641
547,TimeXer,0.38723278045654297,PatchTST,0.3950345516204834,0.00780177116394043,ZeroPred,0.3998827040195465,0.01264992356300354
548,TimeMixer,0.39434537291526794,FreTS,0.3966468274593353,0.002301454544067383,ZeroPred,0.3975893557071686,0.0032439827919006348
549,TimeMixer,0.38434210419654846,iTransformer,0.3876039683818817,0.003261864185333252,ZeroPred,0.3876872956752777,0.003345191478729248
550,HAR_EWM,0.3237086832523346,PatchTST,0.32469800114631653,0.0009893178939819336,ZeroPred,0.329046368598938,0.0053376853466033936
551,HAR_EWM,0.331759512424469,Persistence,0.33195915818214417,0.0001996457576751709,ZeroPred,0.33605441451072693,0.004294902086257935
552,PatchTST,0.33020713925361633,HAR_EWM,0.3305914103984833,0.00038427114486694336,ZeroPred,0.3344994783401489,0.004292339086532593
553,HAR_EWM,0.329909086227417,TimeMixer,0.3306170403957367,0.0007079541683197021,ZeroPred,0.3322574198246002,0.0023483335971832275
554,HAR_EWM,0.3267935812473297,PatchTST,0.32861801981925964,0.0018244385719299316,ZeroPred,0.33136358857154846,0.00457000732421875
555,PatchTST,0.3218356668949127,TimeMixer,0.3221001923084259,0.0002645254135131836,ZeroPred,0.328196257352829,0.00636059045791626
556,TimeMixer,0.3152852952480316,iTransformer,0.315591037273407,0.0003057420253753662,ZeroPred,0.3279484212398529,0.012663125991821289
557,TimeMixer,0.32019197940826416,HAR_EWM,0.32425457239151,0.00406259298324585,ZeroPred,0.3287886381149292,0.008596658706665039
558,PatchTST,0.32576611638069153,TimeMixer,0.3263646364212036,0.000598520040512085,ZeroPred,0.3291771709918976,0.0034110546112060547
559,TimeMixer,0.3259226679801941,HAR_EWM,0.326433926820755,0.0005112588405609131,ZeroPred,0.3302147686481476,0.004292100667953491
560,HAR_EWM,0.3266809582710266,PatchTST,0.3291207253932953,0.0024397671222686768,ZeroPred,0.3305170238018036,0.0038360655307769775
561,HAR_EWM,0.3266955316066742,Persistence,0.3269904553890228,0.0002949237823486328,ZeroPred,0.33049920201301575,0.0038036704063415527
562,TimeMixer,0.3231378197669983,TimeXer,0.32715123891830444,0.004013419151306152,ZeroPred,0.33255279064178467,0.009414970874786377
563,HAR_EWM,0.3269626200199127,PatchTST,0.3282330632209778,0.0012704432010650635,ZeroPred,0.3321719169616699,0.005209296941757202
564,PatchTST,0.3427877128124237,FreTS,0.3429149091243744,0.0001271963119506836,ZeroPred,0.3468879461288452,0.004100233316421509
565,TimeMixer,0.3409824073314667,PatchTST,0.3419383466243744,0.0009559392929077148,ZeroPred,0.34598639607429504,0.005003988742828369
566,PatchTST,0.34112200140953064,TimeMixer,0.34138453006744385,0.000262528657913208,ZeroPred,0.34624695777893066,0.005124956369400024
567,iTransformer,0.3394950330257416,TimeXer,0.33997583389282227,0.0004808008670806885,ZeroPred,0.34446874260902405,0.004973709583282471
568,TimeMixer,0.3434125483036041,HAR_EWM,0.3435719907283783,0.00015944242477416992,ZeroPred,0.34633588790893555,0.002923339605331421
569,TimeMixer,0.3381064832210541,HAR_EWM,0.34299203753471375,0.004885554313659668,ZeroPred,0.344980388879776,0.006873905658721924
570,TimeXer,0.3403623104095459,Persistence,0.3424372971057892,0.002074986696243286,ZeroPred,0.3450603485107422,0.004698038101196289
571,ZeroPred,0.4240003526210785,HAR_EWM,0.42742863297462463,0.0034282803535461426,ZeroPred,0.4240003526210785,0.0
572,FreTS,0.42873334884643555,ZeroPred,0.429090291261673,0.00035694241523742676,ZeroPred,0.429090291261673,0.00035694241523742676
573,ZeroPred,0.42868614196777344,PatchTST,0.42886218428611755,0.0001760423183441162,ZeroPred,0.42868614196777344,0.0
574,ZeroPred,0.4148953855037689,FreTS,0.4197656214237213,0.004870235919952393,ZeroPred,0.4148953855037689,0.0
575,FreTS,0.4138045608997345,ZeroPred,0.4150632917881012,0.0012587308883666992,ZeroPred,0.4150632917881012,0.0012587308883666992
576,FreTS,0.4195513427257538,ZeroPred,0.42192769050598145,0.002376347780227661,ZeroPred,0.42192769050598145,0.002376347780227661
577,FreTS,0.41371938586235046,ZeroPred,0.4161728322505951,0.002453446388244629,ZeroPred,0.4161728322505951,0.002453446388244629
578,ZeroPred,0.4193365275859833,FreTS,0.4243840277194977,0.005047500133514404,ZeroPred,0.4193365275859833,0.0
579,ZeroPred,0.4114851951599121,HAR_EWM,0.41639232635498047,0.004907131195068359,ZeroPred,0.4114851951599121,0.0
580,FreTS,0.4091193974018097,ZeroPred,0.41144728660583496,0.0023278892040252686,ZeroPred,0.41144728660583496,0.0023278892040252686
581,ZeroPred,0.44330254197120667,FreTS,0.44450560212135315,0.0012030601501464844,ZeroPred,0.44330254197120667,0.0
582,ZeroPred,0.4770904779434204,DLinear,0.4780617654323578,0.0009712874889373779,ZeroPred,0.4770904779434204,0.0
583,FreTS,0.46704959869384766,HAR_EWM,0.468867689371109,0.0018180906772613525,ZeroPred,0.4689542353153229,0.0019046366214752197
584,FreTS,0.48142528533935547,HAR_EWM,0.48175355792045593,0.00032827258110046387,ZeroPred,0.48218122124671936,0.0007559359073638916
585,TimeXer,0.47986873984336853,FreTS,0.48050156235694885,0.0006328225135803223,ZeroPred,0.48358890414237976,0.0037201642990112305
586,DLinear,0.48301777243614197,HAR_EWM,0.48322272300720215,0.00020495057106018066,ZeroPred,0.48351049423217773,0.0004927217960357666
587,DLinear,0.47027990221977234,ZeroPred,0.47556164860725403,0.0052817463874816895,ZeroPred,0.47556164860725403,0.0052817463874816895
588,FreTS,0.47423887252807617,DLinear,0.47438478469848633,0.00014591217041015625,ZeroPred,0.47532376646995544,0.0010848939418792725
589,iTransformer,0.47283849120140076,FreTS,0.47368550300598145,0.0008470118045806885,ZeroPred,0.4750388562679291,0.0022003650665283203
590,DLinear,0.46960151195526123,FreTS,0.47297921776771545,0.0033777058124542236,ZeroPred,0.4746716320514679,0.005070120096206665
591,Persistence,0.4750124514102936,ZeroPred,0.4752306640148163,0.00021821260452270508,ZeroPred,0.4752306640148163,0.00021821260452270508
592,PatchTST,0.4806406497955322,ZeroPred,0.48262810707092285,0.001987457275390625,ZeroPred,0.48262810707092285,0.001987457275390625
593,FreTS,0.4830130636692047,DLinear,0.4843073785305023,0.0012943148612976074,ZeroPred,0.48591241240501404,0.002899348735809326
594,PatchTST,0.4892445504665375,TimeMixer,0.49155154824256897,0.002306997776031494,ZeroPred,0.49462902545928955,0.005384474992752075
595,DLinear,0.49275922775268555,iTransformer,0.49280574917793274,4.652142524719238e-05,ZeroPred,0.4989072382450104,0.006148010492324829
596,DLinear,0.492689847946167,TimeMixer,0.49641355872154236,0.003723710775375366,ZeroPred,0.4992469847202301,0.00655713677406311
597,DLinear,0.49244025349617004,PatchTST,0.49657681584358215,0.004136562347412109,ZeroPred,0.5000175833702087,0.007577329874038696
598,Persistence,0.4975318908691406,PatchTST,0.4975554943084717,2.3603439331054688e-05,ZeroPred,0.5003030300140381,0.002771139144897461
599,TimeMixer,0.49665117263793945,Persistence,0.49820318818092346,0.0015520155429840088,ZeroPred,0.5002583861351013,0.0036072134971618652
600,DLinear,0.48695358633995056,FreTS,0.4899834096431732,0.0030298233032226562,ZeroPred,0.49583014845848083,0.008876562118530273
601,FreTS,0.4910726547241211,TimeMixer,0.4914299249649048,0.0003572702407836914,ZeroPred,0.49570003151893616,0.0046273767948150635
602,FreTS,0.5242940187454224,ZeroPred,0.5279723405838013,0.0036783218383789062,ZeroPred,0.5279723405838013,0.0036783218383789062
603,FreTS,0.5232704281806946,PatchTST,0.5266963243484497,0.003425896167755127,ZeroPred,0.5305786728858948,0.007308244705200195
604,TimeMixer,0.5154306888580322,iTransformer,0.5157133340835571,0.00028264522552490234,ZeroPred,0.5235100388526917,0.008079349994659424
605,DLinear,0.521141767501831,PatchTST,0.5244050621986389,0.0032632946968078613,ZeroPred,0.5268691182136536,0.00572735071182251
606,DLinear,0.5228803157806396,TimeXer,0.5236569046974182,0.0007765889167785645,ZeroPred,0.5270418524742126,0.004161536693572998
607,PatchTST,0.5248313546180725,ZeroPred,0.5275629162788391,0.0027315616607666016,ZeroPred,0.5275629162788391,0.0027315616607666016
608,DLinear,0.5138253569602966,TimeMixer,0.5227542519569397,0.008928894996643066,ZeroPred,0.5256832242012024,0.011857867240905762
609,TimeMixer,0.524096667766571,ZeroPred,0.5248445868492126,0.0007479190826416016,ZeroPred,0.5248445868492126,0.0007479190826416016
610,TimeMixer,0.5187570452690125,DLinear,0.5194633603096008,0.0007063150405883789,ZeroPred,0.5249002575874329,0.00614321231842041
611,ZeroPred,0.5286490321159363,PatchTST,0.5287532210350037,0.00010418891906738281,ZeroPred,0.5286490321159363,0.0
612,DLinear,0.5228123664855957,PatchTST,0.523059606552124,0.0002472400665283203,ZeroPred,0.5239616632461548,0.001149296760559082
613,DLinear,0.5195487141609192,PatchTST,0.5238499641418457,0.004301249980926514,ZeroPred,0.5246179103851318,0.0050691962242126465
614,DLinear,0.5156153440475464,FreTS,0.5195889472961426,0.003973603248596191,ZeroPred,0.5259055495262146,0.010290205478668213
615,DLinear,0.5213868021965027,iTransformer,0.5217722058296204,0.0003854036331176758,ZeroPred,0.5243697762489319,0.0029829740524291992
616,DLinear,0.5180172920227051,TimeXer,0.5188419222831726,0.0008246302604675293,ZeroPred,0.5243246555328369,0.006307363510131836
617,TimeXer,0.5130744576454163,DLinear,0.5149428248405457,0.0018683671951293945,ZeroPred,0.5257335305213928,0.012659072875976562
618,DLinear,0.5202385187149048,PatchTST,0.5259928107261658,0.005754292011260986,ZeroPred,0.5268247723579407,0.006586253643035889
619,iTransformer,0.5173103213310242,TimeMixer,0.5191699266433716,0.0018596053123474121,ZeroPred,0.5249497294425964,0.007639408111572266
620,DLinear,0.5197734236717224,PatchTST,0.5239753127098083,0.0042018890380859375,ZeroPred,0.5242905616760254,0.0045171380043029785
621,FreTS,0.5226132273674011,PatchTST,0.5257579684257507,0.0031447410583496094,ZeroPred,0.5260105133056641,0.0033972859382629395
622,DLinear,0.5168507695198059,PatchTST,0.5244141221046448,0.007563352584838867,ZeroPred,0.5256442427635193,0.008793473243713379
623,PatchTST,0.5177088379859924,DLinear,0.5188203454017639,0.0011115074157714844,ZeroPred,0.5235090255737305,0.005800187587738037
624,DLinear,0.5077570676803589,iTransformer,0.51722651720047,0.009469449520111084,ZeroPred,0.521186351776123,0.01342928409576416
625,DLinear,0.5176509022712708,iTransformer,0.5186501145362854,0.0009992122650146484,ZeroPred,0.5235653519630432,0.005914449691772461
626,DLinear,0.49833956360816956,HAR_EWM,0.5141238570213318,0.01578429341316223,ZeroPred,0.5145394802093506,0.01619991660118103
627,DLinear,0.4992138147354126,TimeMixer,0.5043295621871948,0.0051157474517822266,ZeroPred,0.5088227391242981,0.009608924388885498
628,DLinear,0.4998335838317871,iTransformer,0.5035479664802551,0.0037143826484680176,ZeroPred,0.5051631331443787,0.005329549312591553
629,DLinear,0.4933880865573883,FreTS,0.4989953935146332,0.005607306957244873,ZeroPred,0.5051254630088806,0.01173737645149231
630,TimeMixer,0.4969269335269928,FreTS,0.4986307621002197,0.0017038285732269287,ZeroPred,0.5024086833000183,0.005481749773025513
631,FreTS,0.4965548515319824,DLinear,0.4996800720691681,0.003125220537185669,ZeroPred,0.5025089383125305,0.005954086780548096
632,DLinear,0.4456562101840973,ZeroPred,0.45160675048828125,0.00595054030418396,ZeroPred,0.45160675048828125,0.00595054030418396
633,DLinear,0.4340777099132538,FreTS,0.44125255942344666,0.007174849510192871,ZeroPred,0.44288480281829834,0.008807092905044556
634,iTransformer,0.43916425108909607,DLinear,0.43937578797340393,0.00021153688430786133,ZeroPred,0.44578972458839417,0.006625473499298096
635,iTransformer,0.44214677810668945,DLinear,0.44476422667503357,0.002617448568344116,ZeroPred,0.44973278045654297,0.007586002349853516
636,TimeXer,0.4429667294025421,DLinear,0.4463197886943817,0.0033530592918395996,ZeroPred,0.45019733905792236,0.007230609655380249
637,DLinear,0.4465213716030121,FreTS,0.454941987991333,0.008420616388320923,ZeroPred,0.45572376251220703,0.009202390909194946
638,iTransformer,0.447133332490921,DLinear,0.4471387565135956,5.424022674560547e-06,ZeroPred,0.45323634147644043,0.006103008985519409
639,iTransformer,0.4436471164226532,DLinear,0.4441169202327728,0.0004698038101196289,ZeroPred,0.4492131173610687,0.005566000938415527
640,DLinear,0.43905019760131836,FreTS,0.4452444612979889,0.006194263696670532,ZeroPred,0.44733548164367676,0.008285284042358398
641,DLinear,0.43689656257629395,iTransformer,0.43975961208343506,0.0028630495071411133,ZeroPred,0.44560524821281433,0.008708685636520386
642,FreTS,0.42315271496772766,DLinear,0.4244415760040283,0.0012888610363006592,ZeroPred,0.4268925189971924,0.0037398040294647217
643,DLinear,0.4042412340641022,TimeMixer,0.4183451235294342,0.014103889465332031,ZeroPred,0.4194283187389374,0.015187084674835205
644,DLinear,0.41596317291259766,ZeroPred,0.4167403280735016,0.0007771551609039307,ZeroPred,0.4167403280735016,0.0007771551609039307
645,FreTS,0.4148447513580322,DLinear,0.4151665270328522,0.0003217756748199463,ZeroPred,0.41709741950035095,0.0022526681423187256
646,DLinear,0.40994104743003845,FreTS,0.4133709669113159,0.003429919481277466,ZeroPred,0.41534045338630676,0.0053994059562683105
647,DLinear,0.3994835615158081,iTransformer,0.4017764627933502,0.0022929012775421143,ZeroPred,0.4095419645309448,0.010058403015136719
648,DLinear,0.3960564136505127,TimeMixer,0.40567055344581604,0.009614139795303345,ZeroPred,0.4096658229827881,0.01360940933227539
649,DLinear,0.4008203446865082,FreTS,0.40640461444854736,0.005584269762039185,ZeroPred,0.4091361463069916,0.008315801620483398
650,DLinear,0.3968789577484131,TimeXer,0.4011456072330475,0.004266649484634399,ZeroPred,0.40488728880882263,0.008008331060409546
651,DLinear,0.40327689051628113,ZeroPred,0.4061056077480316,0.0028287172317504883,ZeroPred,0.4061056077480316,0.0028287172317504883
652,DLinear,0.39602014422416687,FreTS,0.4039066731929779,0.007886528968811035,ZeroPred,0.40624818205833435,0.01022803783416748
653,DLinear,0.39928367733955383,FreTS,0.40020227432250977,0.0009185969829559326,ZeroPred,0.40549659729003906,0.0062129199504852295
654,DLinear,0.39200595021247864,TimeMixer,0.40090212225914,0.008896172046661377,ZeroPred,0.40200841426849365,0.010002464056015015
655,DLinear,0.39624086022377014,FreTS,0.4003274440765381,0.004086583852767944,ZeroPred,0.4021833837032318,0.00594252347946167
656,DLinear,0.39481815695762634,ZeroPred,0.40975379943847656,0.01493564248085022,ZeroPred,0.40975379943847656,0.01493564248085022
657,DLinear,0.40943002700805664,ZeroPred,0.41000649333000183,0.0005764663219451904,ZeroPred,0.41000649333000183,0.0005764663219451904
658,FreTS,0.4030592441558838,iTransformer,0.4044319689273834,0.0013727247714996338,ZeroPred,0.4060610234737396,0.003001779317855835
659,DLinear,0.3951509892940521,ZeroPred,0.4069461524486542,0.01179516315460205,ZeroPred,0.4069461524486542,0.01179516315460205
660,DLinear,0.37617942690849304,FreTS,0.39230453968048096,0.016125112771987915,ZeroPred,0.3943338394165039,0.018154412508010864
661,DLinear,0.40268340706825256,FreTS,0.4075888693332672,0.0049054622650146484,ZeroPred,0.4125870168209076,0.00990360975265503
662,DLinear,0.4164097309112549,FreTS,0.4191232919692993,0.0027135610580444336,ZeroPred,0.42540308833122253,0.008993357419967651
663,DLinear,0.4292319715023041,ZeroPred,0.4357549846172333,0.006523013114929199,ZeroPred,0.4357549846172333,0.006523013114929199
664,DLinear,0.42611297965049744,FreTS,0.4296855032444,0.003572523593902588,ZeroPred,0.43388834595680237,0.007775366306304932
665,DLinear,0.42657145857810974,ZeroPred,0.43425917625427246,0.00768771767616272,ZeroPred,0.43425917625427246,0.00768771767616272
666,DLinear,0.4917875826358795,FreTS,0.49691107869148254,0.005123496055603027,ZeroPred,0.4975908696651459,0.005803287029266357
667,DLinear,0.41945329308509827,PatchTST,0.4195699989795685,0.00011670589447021484,ZeroPred,0.4202299118041992,0.0007766187191009521
668,TimeMixer,0.40805181860923767,ZeroPred,0.41298702359199524,0.004935204982757568,ZeroPred,0.41298702359199524,0.004935204982757568
669,TimeMixer,0.4134017527103424,DLinear,0.4144798219203949,0.0010780692100524902,ZeroPred,0.41548123955726624,0.002079486846923828
670,PatchTST,0.41990265250205994,ZeroPred,0.42160531878471375,0.0017026662826538086,ZeroPred,0.42160531878471375,0.0017026662826538086
671,DLinear,0.42102542519569397,ZeroPred,0.421141117811203,0.0001156926155090332,ZeroPred,0.421141117811203,0.0001156926155090332
672,iTransformer,0.40970444679260254,ZeroPred,0.41405001282691956,0.004345566034317017,ZeroPred,0.41405001282691956,0.004345566034317017
673,FreTS,0.4187317192554474,DLinear,0.41951289772987366,0.0007811784744262695,ZeroPred,0.42176270484924316,0.0030309855937957764
674,TimeMixer,0.4064199924468994,ZeroPred,0.4165850877761841,0.010165095329284668,ZeroPred,0.4165850877761841,0.010165095329284668
675,DLinear,0.4231490194797516,ZeroPred,0.4253174364566803,0.002168416976928711,ZeroPred,0.4253174364566803,0.002168416976928711
676,FreTS,0.4251793622970581,ZeroPred,0.4277617931365967,0.0025824308395385742,ZeroPred,0.4277617931365967,0.0025824308395385742
677,TimeMixer,0.384700745344162,FreTS,0.3867826461791992,0.0020819008350372314,ZeroPred,0.3960098326206207,0.01130908727645874
678,ZeroPred,0.3775446116924286,HAR_EWM,0.37859049439430237,0.0010458827018737793,ZeroPred,0.3775446116924286,0.0
679,TimeMixer,0.3878050744533539,FreTS,0.3918024003505707,0.003997325897216797,ZeroPred,0.39568328857421875,0.007878214120864868
680,TimeXer,0.37751591205596924,HAR_EWM,0.38089480996131897,0.0033788979053497314,ZeroPred,0.3812169134616852,0.0037010014057159424
681,PatchTST,0.38103076815605164,ZeroPred,0.3833649456501007,0.0023341774940490723,ZeroPred,0.3833649456501007,0.0023341774940490723
682,iTransformer,0.37541940808296204,DLinear,0.38354066014289856,0.008121252059936523,ZeroPred,0.38435864448547363,0.008939236402511597
683,iTransformer,0.3544609546661377,DLinear,0.36077117919921875,0.006310224533081055,ZeroPred,0.3640348017215729,0.00957384705543518
684,DLinear,0.359877347946167,TimeXer,0.3651582896709442,0.005280941724777222,ZeroPred,0.36823034286499023,0.008352994918823242
685,iTransformer,0.3671841621398926,PatchTST,0.3715421259403229,0.004357963800430298,ZeroPred,0.37283679842948914,0.005652636289596558
686,TimeXer,0.3675003945827484,TimeMixer,0.369530588388443,0.00203019380569458,ZeroPred,0.3735264241695404,0.006026029586791992
687,DLinear,0.36945387721061707,iTransformer,0.37303948402404785,0.003585606813430786,ZeroPred,0.37627747654914856,0.006823599338531494
688,DLinear,0.3671751916408539,PatchTST,0.36819157004356384,0.001016378402709961,ZeroPred,0.3705350160598755,0.0033598244190216064
689,iTransformer,0.3631118834018707,ZeroPred,0.36634254455566406,0.003230661153793335,ZeroPred,0.36634254455566406,0.003230661153793335
690,ZeroPred,0.34773170948028564,HAR_EWM,0.3483043611049652,0.0005726516246795654,ZeroPred,0.34773170948028564,0.0
691,FreTS,0.3356173038482666,HAR_EWM,0.3433222472667694,0.007704943418502808,ZeroPred,0.3434005081653595,0.0077832043170928955
692,FreTS,0.40823695063591003,ZeroPred,0.4090583622455597,0.0008214116096496582,ZeroPred,0.4090583622455597,0.0008214116096496582
693,ZeroPred,0.4088045060634613,HAR_EWM,0.4089853763580322,0.00018087029457092285,ZeroPred,0.4088045060634613,0.0
694,ZeroPred,0.41111889481544495,FreTS,0.41133129596710205,0.0002124011516571045,ZeroPred,0.41111889481544495,0.0
695,TimeXer,0.4009198248386383,FreTS,0.4106055200099945,0.009685695171356201,ZeroPred,0.4112628400325775,0.010343015193939209
696,HAR_EWM,0.41253432631492615,ZeroPred,0.4127362072467804,0.00020188093185424805,ZeroPred,0.4127362072467804,0.00020188093185424805
697,FreTS,0.40853819251060486,HAR_EWM,0.41263508796691895,0.004096895456314087,ZeroPred,0.4127594530582428,0.0042212605476379395
698,ZeroPred,0.3916698694229126,TimeXer,0.3929552137851715,0.0012853443622589111,ZeroPred,0.3916698694229126,0.0
699,PatchTST,0.3903794288635254,ZeroPred,0.39312848448753357,0.0027490556240081787,ZeroPred,0.39312848448753357,0.0027490556240081787
700,PatchTST,0.3924086093902588,ZeroPred,0.39313578605651855,0.0007271766662597656,ZeroPred,0.39313578605651855,0.0007271766662597656
701,TimeXer,0.38592275977134705,ZeroPred,0.39106324315071106,0.005140483379364014,ZeroPred,0.39106324315071106,0.005140483379364014
702,DLinear,0.38710007071495056,PatchTST,0.3875904977321625,0.0004904270172119141,ZeroPred,0.3877306878566742,0.0006306171417236328
703,iTransformer,0.3881906270980835,TimeMixer,0.3927402198314667,0.004549592733383179,ZeroPred,0.3937520980834961,0.005561470985412598
704,TimeXer,0.3897024393081665,iTransformer,0.390364408493042,0.0006619691848754883,ZeroPred,0.3940705358982086,0.004368096590042114
705,FreTS,0.3935910165309906,ZeroPred,0.39420104026794434,0.0006100237369537354,ZeroPred,0.39420104026794434,0.0006100237369537354
706,TimeMixer,0.38652563095092773,FreTS,0.39554038643836975,0.009014755487442017,ZeroPred,0.39637836813926697,0.009852737188339233
707,iTransformer,0.3914414644241333,TimeMixer,0.39194193482398987,0.0005004703998565674,ZeroPred,0.394569993019104,0.003128528594970703
708,TimeMixer,0.3958207368850708,PatchTST,0.39812710881233215,0.0023063719272613525,ZeroPred,0.3984249532222748,0.0026042163372039795
709,FreTS,0.3956117630004883,TimeMixer,0.39737677574157715,0.0017650127410888672,ZeroPred,0.3977743685245514,0.0021626055240631104
710,iTransformer,0.3938041627407074,FreTS,0.39495906233787537,0.0011548995971679688,ZeroPred,0.3965233862400055,0.0027192234992980957
711,iTransformer,0.39539265632629395,FreTS,0.4004952907562256,0.005102634429931641,ZeroPred,0.40144750475883484,0.0060548484325408936
712,TimeMixer,0.39727821946144104,ZeroPred,0.40342047810554504,0.006142258644104004,ZeroPred,0.40342047810554504,0.006142258644104004
713,TimeXer,0.38791513442993164,FreTS,0.4034298360347748,0.01551470160484314,ZeroPred,0.40358829498291016,0.015673160552978516
714,DLinear,0.4116280972957611,ZeroPred,0.41194310784339905,0.00031501054763793945,ZeroPred,0.41194310784339905,0.00031501054763793945
715,iTransformer,0.4106983244419098,FreTS,0.4125448763370514,0.0018465518951416016,ZeroPred,0.41519296169281006,0.0044946372509002686
716,TimeXer,0.4065909683704376,iTransformer,0.4100344181060791,0.0034434497356414795,ZeroPred,0.4177253544330597,0.01113438606262207
717,PatchTST,0.41374239325523376,ZeroPred,0.4140990674495697,0.0003566741943359375,ZeroPred,0.4140990674495697,0.0003566741943359375
718,FreTS,0.4114623963832855,iTransformer,0.4115581512451172,9.575486183166504e-05,ZeroPred,0.4124775230884552,0.0010151267051696777
719,TimeXer,0.41534626483917236,FreTS,0.4192173480987549,0.0038710832595825195,ZeroPred,0.42510977387428284,0.009763509035110474
720,iTransformer,0.42746904492378235,PatchTST,0.4376954138278961,0.01022636890411377,ZeroPred,0.43825116753578186,0.010782122611999512
721,iTransformer,0.4185653030872345,TimeXer,0.4261507987976074,0.007585495710372925,ZeroPred,0.4337468147277832,0.015181511640548706
722,iTransformer,0.42722663283348083,ZeroPred,0.4340874254703522,0.006860792636871338,ZeroPred,0.4340874254703522,0.006860792636871338
723,TimeXer,0.42643675208091736,FreTS,0.4312249720096588,0.004788219928741455,ZeroPred,0.43367066979408264,0.007233917713165283
724,TimeMixer,0.43082281947135925,iTransformer,0.43228960037231445,0.0014667809009552002,ZeroPred,0.43621358275413513,0.005390763282775879
725,DLinear,0.4440833628177643,iTransformer,0.4480311870574951,0.003947824239730835,ZeroPred,0.44888758659362793,0.0048042237758636475
726,TimeXer,0.44816383719444275,FreTS,0.44929322600364685,0.0011293888092041016,ZeroPred,0.45198512077331543,0.0038212835788726807
727,TimeMixer,0.44351983070373535,TimeXer,0.446397066116333,0.0028772354125976562,ZeroPred,0.4519038200378418,0.008383989334106445
728,TimeXer,0.45074883103370667,iTransformer,0.45307040214538574,0.002321571111679077,ZeroPred,0.4544523060321808,0.003703474998474121
729,DLinear,0.45445919036865234,FreTS,0.45545557141304016,0.0009963810443878174,ZeroPred,0.45728886127471924,0.0028296709060668945
730,iTransformer,0.4460524618625641,TimeXer,0.4471689760684967,0.0011165142059326172,ZeroPred,0.4546060264110565,0.008553564548492432
731,TimeXer,0.44170090556144714,TimeMixer,0.44351160526275635,0.001810699701309204,ZeroPred,0.4470115005970001,0.0053105950355529785
732,iTransformer,0.4510573446750641,TimeXer,0.45116376876831055,0.00010642409324645996,ZeroPred,0.453383207321167,0.0023258626461029053
733,TimeXer,0.43526872992515564,DLinear,0.4450990855693817,0.009830355644226074,ZeroPred,0.44861850142478943,0.013349771499633789
734,FreTS,0.44668516516685486,iTransformer,0.4475477635860443,0.0008625984191894531,ZeroPred,0.44905832409858704,0.0023731589317321777
735,TimeXer,0.43441417813301086,ZeroPred,0.44795188307762146,0.013537704944610596,ZeroPred,0.44795188307762146,0.013537704944610596
736,iTransformer,0.44401946663856506,TimeXer,0.44978591799736023,0.005766451358795166,ZeroPred,0.45020928978919983,0.006189823150634766
737,ZeroPred,0.45030149817466736,Persistence,0.4508143663406372,0.0005128681659698486,ZeroPred,0.45030149817466736,0.0
738,PatchTST,0.45944857597351074,FreTS,0.4608674943447113,0.0014189183712005615,ZeroPred,0.4613344669342041,0.0018858909606933594
739,iTransformer,0.4481489956378937,TimeXer,0.45230090618133545,0.0041519105434417725,ZeroPred,0.4526465833187103,0.00449758768081665
740,iTransformer,0.4478534162044525,ZeroPred,0.45290860533714294,0.00505518913269043,ZeroPred,0.45290860533714294,0.00505518913269043
741,TimeXer,0.4438885748386383,FreTS,0.4474228322505951,0.003534257411956787,ZeroPred,0.4528162181377411,0.008927643299102783
742,TimeXer,0.4414076805114746,iTransformer,0.44362807273864746,0.0022203922271728516,ZeroPred,0.4559110105037689,0.014503329992294312
743,TimeXer,0.45684894919395447,ZeroPred,0.4597979485988617,0.0029489994049072266,ZeroPred,0.4597979485988617,0.0029489994049072266
744,TimeXer,0.45461559295654297,PatchTST,0.45990654826164246,0.005290955305099487,ZeroPred,0.46107158064842224,0.0064559876918792725
745,iTransformer,0.46017327904701233,FreTS,0.4620639979839325,0.001890718936920166,ZeroPred,0.4646308422088623,0.004457563161849976
746,TimeXer,0.4718174934387207,iTransformer,0.4774834215641022,0.00566592812538147,ZeroPred,0.4815134108066559,0.00969591736793518
747,TimeXer,0.4700632095336914,PatchTST,0.4799061715602875,0.00984296202659607,ZeroPred,0.48069843649864197,0.010635226964950562
748,TimeMixer,0.47432661056518555,TimeXer,0.4766373932361603,0.0023107826709747314,ZeroPred,0.4836544990539551,0.009327888488769531
749,iTransformer,0.4806276261806488,TimeXer,0.48096156120300293,0.000333935022354126,ZeroPred,0.48404964804649353,0.0034220218658447266
750,iTransformer,0.48855528235435486,PatchTST,0.48988795280456543,0.0013326704502105713,ZeroPred,0.49191054701805115,0.003355264663696289
751,iTransformer,0.4836667776107788,FreTS,0.487529993057251,0.003863215446472168,ZeroPred,0.49046072363853455,0.006793946027755737
752,TimeXer,0.4731048047542572,iTransformer,0.48044148087501526,0.007336676120758057,ZeroPred,0.48225703835487366,0.009152233600616455
753,FreTS,0.4828658998012543,HAR_EWM,0.4830351173877716,0.00016921758651733398,ZeroPred,0.4834226369857788,0.0005567371845245361
754,iTransformer,0.47753071784973145,FreTS,0.48261570930480957,0.005084991455078125,ZeroPred,0.4849916398525238,0.007460922002792358
755,FreTS,0.4903601109981537,DLinear,0.49106863141059875,0.0007085204124450684,ZeroPred,0.49200665950775146,0.0016465485095977783
756,FreTS,0.5125353336334229,DLinear,0.5146130919456482,0.002077758312225342,ZeroPred,0.5149421095848083,0.002406775951385498
757,DLinear,0.4849766492843628,iTransformer,0.49173521995544434,0.006758570671081543,ZeroPred,0.49759626388549805,0.012619614601135254
758,DLinear,0.47597622871398926,TimeXer,0.47656261920928955,0.000586390495300293,ZeroPred,0.4943675100803375,0.018391281366348267
759,TimeXer,0.46813106536865234,DLinear,0.4716976583003998,0.0035665929317474365,ZeroPred,0.48439040780067444,0.016259342432022095
760,iTransformer,0.45870646834373474,DLinear,0.472097247838974,0.013390779495239258,ZeroPred,0.4842430055141449,0.025536537170410156
761,TimeXer,0.46062931418418884,iTransformer,0.46442222595214844,0.0037929117679595947,ZeroPred,0.4838470220565796,0.023217707872390747
762,TimeXer,0.40511593222618103,DLinear,0.4110439121723175,0.005927979946136475,ZeroPred,0.420524001121521,0.015408068895339966
763,iTransformer,0.402425080537796,TimeXer,0.4059593677520752,0.003534287214279175,ZeroPred,0.4180630147457123,0.01563793420791626
764,iTransformer,0.4128691256046295,TimeMixer,0.41604819893836975,0.0031790733337402344,ZeroPred,0.42581281065940857,0.012943685054779053
765,DLinear,0.40750446915626526,TimeXer,0.40999624133110046,0.002491772174835205,ZeroPred,0.42388105392456055,0.016376584768295288
766,iTransformer,0.40853941440582275,DLinear,0.41288137435913086,0.0043419599533081055,ZeroPred,0.42082545161247253,0.01228603720664978
767,TimeMixer,0.4077316224575043,TimeXer,0.40993544459342957,0.002203822135925293,ZeroPred,0.4224487245082855,0.01471710205078125
768,iTransformer,0.4092641770839691,DLinear,0.41100049018859863,0.0017363131046295166,ZeroPred,0.424320787191391,0.015056610107421875
769,iTransformer,0.41264820098876953,DLinear,0.41573333740234375,0.0030851364135742188,ZeroPred,0.42520323395729065,0.012555032968521118
770,TimeXer,0.4097690284252167,iTransformer,0.4230539798736572,0.013284951448440552,ZeroPred,0.43245455622673035,0.022685527801513672
771,TimeXer,0.4050091803073883,DLinear,0.4159940183162689,0.010984838008880615,ZeroPred,0.42400693893432617,0.018997758626937866
772,DLinear,0.4105290472507477,TimeMixer,0.41445913910865784,0.003930091857910156,ZeroPred,0.4216490089893341,0.011119961738586426
773,TimeXer,0.4119082987308502,TimeMixer,0.4147467613220215,0.0028384625911712646,ZeroPred,0.4215037524700165,0.00959545373916626
774,DLinear,0.3830075263977051,TimeXer,0.3839578628540039,0.0009503364562988281,ZeroPred,0.39795491099357605,0.014947384595870972
775,TimeMixer,0.36947205662727356,TimeXer,0.3728043735027313,0.0033323168754577637,ZeroPred,0.38054636120796204,0.011074304580688477
776,DLinear,0.37005650997161865,iTransformer,0.37521299719810486,0.005156487226486206,ZeroPred,0.3810834586620331,0.011026948690414429
777,TimeXer,0.36442604660987854,DLinear,0.3690899908542633,0.004663944244384766,ZeroPred,0.3773937225341797,0.012967675924301147
778,DLinear,0.36539867520332336,TimeMixer,0.3707961142063141,0.005397439002990723,ZeroPred,0.3768465220928192,0.01144784688949585
779,iTransformer,0.3634912967681885,TimeXer,0.36532387137413025,0.0018325746059417725,ZeroPred,0.3783978521823883,0.014906555414199829
780,DLinear,0.3653675317764282,TimeXer,0.3703412115573883,0.004973679780960083,ZeroPred,0.37420594692230225,0.008838415145874023
781,DLinear,0.36187413334846497,TimeXer,0.362125426530838,0.0002512931823730469,ZeroPred,0.37000998854637146,0.008135855197906494
782,TimeXer,0.36210647225379944,DLinear,0.362542986869812,0.00043651461601257324,ZeroPred,0.3697829246520996,0.007676452398300171
783,DLinear,0.3605289161205292,iTransformer,0.36504361033439636,0.0045146942138671875,ZeroPred,0.36660656332969666,0.0060776472091674805
784,DLinear,0.3596641719341278,PatchTST,0.36444929242134094,0.004785120487213135,ZeroPred,0.3646308481693268,0.004966676235198975
785,FreTS,0.35942909121513367,TimeMixer,0.36143460869789124,0.0020055174827575684,ZeroPred,0.3656446933746338,0.006215602159500122
786,DLinear,0.36440882086753845,TimeXer,0.3645974099636078,0.00018858909606933594,ZeroPred,0.37056103348731995,0.006152212619781494
787,TimeMixer,0.36669421195983887,DLinear,0.3671736717224121,0.0004794597625732422,ZeroPred,0.37195372581481934,0.005259513854980469
788,iTransformer,0.30535176396369934,ZeroPred,0.3062945306301117,0.0009427666664123535,ZeroPred,0.3062945306301117,0.0009427666664123535
789,TimeXer,0.31195929646492004,FreTS,0.3119775354862213,1.823902130126953e-05,ZeroPred,0.3120567500591278,9.745359420776367e-05
790,TimeXer,0.3023040294647217,iTransformer,0.3084758222103119,0.00617179274559021,ZeroPred,0.3104029595851898,0.00809893012046814
791,iTransformer,0.3064030110836029,TimeXer,0.3087593615055084,0.0023563504219055176,ZeroPred,0.3104238212108612,0.004020810127258301
792,DLinear,0.3035716116428375,TimeMixer,0.30418580770492554,0.0006141960620880127,ZeroPred,0.3084714114665985,0.004899799823760986
793,DLinear,0.3033205568790436,Persistence,0.3060103952884674,0.002689838409423828,ZeroPred,0.3083816468715668,0.005061089992523193
794,DLinear,0.29456761479377747,TimeMixer,0.29469728469848633,0.0001296699047088623,ZeroPred,0.2953059673309326,0.0007383525371551514
795,DLinear,0.2842300236225128,TimeMixer,0.29114314913749695,0.006913125514984131,ZeroPred,0.29127979278564453,0.007049769163131714
796,iTransformer,0.28258663415908813,DLinear,0.2866400480270386,0.0040534138679504395,ZeroPred,0.2899968922138214,0.007410258054733276
797,TimeXer,0.2865331172943115,iTransformer,0.2869011163711548,0.0003679990768432617,ZeroPred,0.2887655198574066,0.0022324025630950928
798,iTransformer,0.2797836661338806,DLinear,0.28014329075813293,0.00035962462425231934,ZeroPred,0.2911112904548645,0.011327624320983887
799,TimeXer,0.27861014008522034,DLinear,0.28043830394744873,0.0018281638622283936,ZeroPred,0.28405725955963135,0.005447119474411011
800,DLinear,0.2732217013835907,TimeXer,0.2741260230541229,0.0009043216705322266,ZeroPred,0.2853487432003021,0.012127041816711426
801,DLinear,0.27830129861831665,TimeXer,0.28303292393684387,0.004731625318527222,ZeroPred,0.285184383392334,0.006883084774017334
802,DLinear,0.27749601006507874,TimeMixer,0.27871939539909363,0.0012233853340148926,ZeroPred,0.28316640853881836,0.005670398473739624
803,DLinear,0.28108611702919006,TimeXer,0.2817074954509735,0.0006213784217834473,ZeroPred,0.2871691882610321,0.006083071231842041
804,DLinear,0.2792436182498932,TimeXer,0.2795943319797516,0.00035071372985839844,ZeroPred,0.2833203375339508,0.004076719284057617
805,DLinear,0.27916184067726135,TimeXer,0.2815021574497223,0.0023403167724609375,ZeroPred,0.2833917438983917,0.004229903221130371
806,DLinear,0.2789008617401123,iTransformer,0.28075745701789856,0.0018565952777862549,ZeroPred,0.28467920422554016,0.0057783424854278564
807,DLinear,0.268697589635849,TimeXer,0.2754324674606323,0.006734877824783325,ZeroPred,0.2784323990345001,0.009734809398651123
808,TimeMixer,0.26886358857154846,iTransformer,0.27250000834465027,0.0036364197731018066,ZeroPred,0.2783176600933075,0.009454071521759033
809,TimeXer,0.263766884803772,DLinear,0.2658175826072693,0.0020506978034973145,ZeroPred,0.27727141976356506,0.01350453495979309
810,DLinear,0.2533620595932007,FreTS,0.26561030745506287,0.012248247861862183,ZeroPred,0.26788392663002014,0.014521867036819458
811,DLinear,0.25720492005348206,TimeXer,0.26046931743621826,0.003264397382736206,ZeroPred,0.2624865472316742,0.005281627178192139
812,DLinear,0.2547215521335602,iTransformer,0.25942498445510864,0.004703432321548462,ZeroPred,0.2620982825756073,0.007376730442047119
813,TimeMixer,0.25441834330558777,DLinear,0.2566926181316376,0.0022742748260498047,ZeroPred,0.26125481724739075,0.0068364739418029785
814,DLinear,0.25520122051239014,TimeMixer,0.2564617693424225,0.0012605488300323486,ZeroPred,0.2612605392932892,0.006059318780899048
815,iTransformer,0.2417624443769455,DLinear,0.24461352825164795,0.0028510838747024536,ZeroPred,0.24934561550617218,0.007583171129226685
816,DLinear,0.22159351408481598,TimeMixer,0.22867178916931152,0.007078275084495544,ZeroPred,0.23613332211971283,0.01453980803489685
817,DLinear,0.2264242172241211,TimeMixer,0.22787857055664062,0.0014543533325195312,ZeroPred,0.23579110205173492,0.00936688482761383
818,DLinear,0.22174572944641113,FreTS,0.23194454610347748,0.010198816657066345,ZeroPred,0.23499353229999542,0.01324780285358429
819,DLinear,0.2198619395494461,iTransformer,0.22968804836273193,0.009826108813285828,ZeroPred,0.23512248694896698,0.015260547399520874
820,DLinear,0.2269965410232544,TimeXer,0.230732724070549,0.0037361830472946167,ZeroPred,0.23660318553447723,0.00960664451122284
821,DLinear,0.21265120804309845,TimeXer,0.21802918612957,0.005377978086471558,ZeroPred,0.22334201633930206,0.010690808296203613
822,DLinear,0.20593230426311493,PatchTST,0.21964706480503082,0.013714760541915894,ZeroPred,0.22047202289104462,0.014539718627929688
823,DLinear,0.2098827362060547,iTransformer,0.22221191227436066,0.01232917606830597,ZeroPred,0.22453153133392334,0.014648795127868652
824,DLinear,0.21054618060588837,ZeroPred,0.22126394510269165,0.010717764496803284,ZeroPred,0.22126394510269165,0.010717764496803284
825,DLinear,0.20682112872600555,TimeMixer,0.20971007645130157,0.0028889477252960205,ZeroPred,0.2181309461593628,0.011309817433357239
826,DLinear,0.21481609344482422,iTransformer,0.22044284641742706,0.005626752972602844,ZeroPred,0.2235494703054428,0.008733376860618591
827,DLinear,0.305370956659317,PatchTST,0.30629098415374756,0.000920027494430542,ZeroPred,0.30764392018318176,0.002272963523864746
828,DLinear,0.2974485456943512,ZeroPred,0.2999446988105774,0.0024961531162261963,ZeroPred,0.2999446988105774,0.0024961531162261963
829,TimeMixer,0.295939177274704,FreTS,0.2959423065185547,3.129243850708008e-06,ZeroPred,0.2987704575061798,0.00283128023147583
830,iTransformer,0.2957397997379303,ZeroPred,0.29857149720191956,0.002831697463989258,ZeroPred,0.29857149720191956,0.002831697463989258
831,FreTS,0.29279446601867676,iTransformer,0.294101357460022,0.0013068914413452148,ZeroPred,0.2968422472476959,0.004047781229019165
832,iTransformer,0.28907397389411926,DLinear,0.2924676835536957,0.003393709659576416,ZeroPred,0.29597821831703186,0.006904244422912598
833,iTransformer,0.2997502386569977,PatchTST,0.30133160948753357,0.0015813708305358887,ZeroPred,0.30178454518318176,0.002034306526184082
834,FreTS,0.288621723651886,PatchTST,0.2895742356777191,0.0009525120258331299,ZeroPred,0.2906641960144043,0.0020424723625183105
835,TimeXer,0.28713926672935486,PatchTST,0.28891459107398987,0.0017753243446350098,ZeroPred,0.2907388210296631,0.0035995543003082275
836,iTransformer,0.28848177194595337,PatchTST,0.2888699769973755,0.00038820505142211914,ZeroPred,0.290693998336792,0.002212226390838623
837,TimeXer,0.27936530113220215,DLinear,0.28878292441368103,0.009417623281478882,ZeroPred,0.29052457213401794,0.011159271001815796
838,FreTS,0.27850252389907837,iTransformer,0.28266775608062744,0.004165232181549072,ZeroPred,0.2839822471141815,0.005479723215103149
839,ZeroPred,0.28062722086906433,PatchTST,0.28063395619392395,6.735324859619141e-06,ZeroPred,0.28062722086906433,0.0
840,TimeMixer,0.2804035246372223,FreTS,0.28064608573913574,0.00024256110191345215,ZeroPred,0.28426316380500793,0.0038596391677856445
841,FreTS,0.2780184745788574,ZeroPred,0.2806972861289978,0.002678811550140381,ZeroPred,0.2806972861289978,0.002678811550140381
842,FreTS,0.2932661473751068,ZeroPred,0.29329216480255127,2.6017427444458008e-05,ZeroPred,0.29329216480255127,2.6017427444458008e-05
843,TimeXer,0.2976067364215851,PatchTST,0.2976849377155304,7.82012939453125e-05,ZeroPred,0.2985314428806305,0.0009247064590454102
844,iTransformer,0.28697648644447327,TimeXer,0.287458211183548,0.00048172473907470703,ZeroPred,0.2954467535018921,0.008470267057418823
845,FreTS,0.2919152081012726,ZeroPred,0.2949749529361725,0.0030597448348999023,ZeroPred,0.2949749529361725,0.0030597448348999023
846,FreTS,0.2849588096141815,TimeXer,0.2863822877407074,0.001423478126525879,ZeroPred,0.287312775850296,0.002353966236114502
847,TimeXer,0.2854568064212799,FreTS,0.2855569124221802,0.00010010600090026855,ZeroPred,0.28817880153656006,0.0027219951152801514
848,Persistence,0.2854848802089691,iTransformer,0.28577813506126404,0.0002932548522949219,ZeroPred,0.28831109404563904,0.002826213836669922
849,ZeroPred,0.2906991243362427,TimeXer,0.29181188344955444,0.0011127591133117676,ZeroPred,0.2906991243362427,0.0
850,TimeXer,0.31295299530029297,FreTS,0.31472310423851013,0.001770108938217163,ZeroPred,0.31533539295196533,0.0023823976516723633
851,ZeroPred,0.3064883351325989,FreTS,0.30650097131729126,1.2636184692382812e-05,ZeroPred,0.3064883351325989,0.0
852,FreTS,0.28124526143074036,ZeroPred,0.2814214825630188,0.00017622113227844238,ZeroPred,0.2814214825630188,0.00017622113227844238
853,TimeMixer,0.27871963381767273,iTransformer,0.2789461612701416,0.00022652745246887207,ZeroPred,0.28073418140411377,0.00201454758644104
854,PatchTST,0.2860020697116852,iTransformer,0.2878345251083374,0.0018324553966522217,ZeroPred,0.28981834650039673,0.003816276788711548
855,FreTS,0.28474006056785583,PatchTST,0.2866264283657074,0.0018863677978515625,ZeroPred,0.29094478487968445,0.006204724311828613
856,Persistence,0.28855469822883606,PatchTST,0.289705753326416,0.001151055097579956,ZeroPred,0.29142704606056213,0.0028723478317260742
857,iTransformer,0.286749929189682,PatchTST,0.2887840270996094,0.002034097909927368,ZeroPred,0.2916333079338074,0.004883378744125366
858,iTransformer,0.28804221749305725,FreTS,0.2890761196613312,0.0010339021682739258,ZeroPred,0.29233884811401367,0.004296630620956421
859,Persistence,0.2869264483451843,TimeXer,0.2914943993091583,0.004567950963973999,ZeroPred,0.29331567883491516,0.006389230489730835
860,ZeroPred,0.28601548075675964,DLinear,0.2884451150894165,0.0024296343326568604,ZeroPred,0.28601548075675964,0.0
861,FreTS,0.2889608144760132,ZeroPred,0.2896873354911804,0.0007265210151672363,ZeroPred,0.2896873354911804,0.0007265210151672363
862,FreTS,0.28788575530052185,ZeroPred,0.28793004155158997,4.4286251068115234e-05,ZeroPred,0.28793004155158997,4.4286251068115234e-05
863,FreTS,0.2863304913043976,ZeroPred,0.2863764762878418,4.598498344421387e-05,ZeroPred,0.2863764762878418,4.598498344421387e-05
864,ZeroPred,0.2911238372325897,PatchTST,0.2938414514064789,0.00271761417388916,ZeroPred,0.2911238372325897,0.0
865,FreTS,0.295438289642334,ZeroPred,0.2972675561904907,0.0018292665481567383,ZeroPred,0.2972675561904907,0.0018292665481567383
866,ZeroPred,0.2984701097011566,FreTS,0.303140252828598,0.004670143127441406,ZeroPred,0.2984701097011566,0.0
867,ZeroPred,0.29839202761650085,Persistence,0.29955074191093445,0.0011587142944335938,ZeroPred,0.29839202761650085,0.0
868,Persistence,0.29357457160949707,TimeXer,0.29582634568214417,0.0022517740726470947,ZeroPred,0.29852667450904846,0.004952102899551392
869,FreTS,0.2955007255077362,ZeroPred,0.2995240390300751,0.004023313522338867,ZeroPred,0.2995240390300751,0.004023313522338867
870,ZeroPred,0.3009929955005646,PatchTST,0.3045450448989868,0.003552049398422241,ZeroPred,0.3009929955005646,0.0
871,TimeXer,0.30681923031806946,ZeroPred,0.30759453773498535,0.0007753074169158936,ZeroPred,0.30759453773498535,0.0007753074169158936
872,ZeroPred,0.31035780906677246,FreTS,0.31197020411491394,0.0016123950481414795,ZeroPred,0.31035780906677246,0.0
873,FreTS,0.3119144141674042,TimeXer,0.3137383759021759,0.0018239617347717285,ZeroPred,0.3153644800186157,0.003450065851211548
874,TimeXer,0.31480279564857483,FreTS,0.31761476397514343,0.0028119683265686035,ZeroPred,0.3181626498699188,0.003359854221343994
875,ZeroPred,0.3166320025920868,iTransformer,0.31772810220718384,0.001096099615097046,ZeroPred,0.3166320025920868,0.0
876,TimeXer,0.31338736414909363,ZeroPred,0.31662988662719727,0.0032425224781036377,ZeroPred,0.31662988662719727,0.0032425224781036377
877,FreTS,0.3121889531612396,iTransformer,0.31410539150238037,0.001916438341140747,ZeroPred,0.31642255187034607,0.004233598709106445
878,ZeroPred,0.31898388266563416,DLinear,0.31962308287620544,0.0006392002105712891,ZeroPred,0.31898388266563416,0.0
879,Persistence,0.3164915442466736,ZeroPred,0.3193500339984894,0.002858489751815796,ZeroPred,0.3193500339984894,0.002858489751815796
880,FreTS,0.3186247646808624,ZeroPred,0.3205057680606842,0.0018810033798217773,ZeroPred,0.3205057680606842,0.0018810033798217773
881,FreTS,0.319781631231308,ZeroPred,0.3202015161514282,0.00041988492012023926,ZeroPred,0.3202015161514282,0.00041988492012023926
882,FreTS,0.31131938099861145,iTransformer,0.3120855987071991,0.0007662177085876465,ZeroPred,0.31347355246543884,0.0021541714668273926
883,iTransformer,0.31264859437942505,ZeroPred,0.3128475248813629,0.0001989305019378662,ZeroPred,0.3128475248813629,0.0001989305019378662
884,ZeroPred,0.31260445713996887,FreTS,0.31397321820259094,0.0013687610626220703,ZeroPred,0.31260445713996887,0.0
885,FreTS,0.3031884431838989,ZeroPred,0.30647003650665283,0.0032815933227539062,ZeroPred,0.30647003650665283,0.0032815933227539062
886,FreTS,0.3044606149196625,ZeroPred,0.30709680914878845,0.0026361942291259766,ZeroPred,0.30709680914878845,0.0026361942291259766
887,ZeroPred,0.3076205849647522,FreTS,0.3080780506134033,0.00045746564865112305,ZeroPred,0.3076205849647522,0.0
888,ZeroPred,0.36997488141059875,FreTS,0.37013301253318787,0.00015813112258911133,ZeroPred,0.36997488141059875,0.0
889,Persistence,0.3624354600906372,FreTS,0.3685120642185211,0.006076604127883911,ZeroPred,0.37370896339416504,0.011273503303527832
890,Persistence,0.3633587062358856,ZeroPred,0.37372103333473206,0.010362327098846436,ZeroPred,0.37372103333473206,0.010362327098846436
891,ZeroPred,0.37435245513916016,FreTS,0.37717440724372864,0.0028219521045684814,ZeroPred,0.37435245513916016,0.0
892,Persistence,0.3610270321369171,FreTS,0.3724161684513092,0.01138913631439209,ZeroPred,0.3744608461856842,0.01343381404876709
893,Persistence,0.38290777802467346,ZeroPred,0.3928719460964203,0.009964168071746826,ZeroPred,0.3928719460964203,0.009964168071746826
894,ZeroPred,0.42243722081184387,FreTS,0.4251072108745575,0.002669990062713623,ZeroPred,0.42243722081184387,0.0
895,ZeroPred,0.44060707092285156,FreTS,0.4423142969608307,0.001707226037979126,ZeroPred,0.44060707092285156,0.0
896,FreTS,0.5080611705780029,DLinear,0.5102394819259644,0.0021783113479614258,ZeroPred,0.5104842782020569,0.002423107624053955
897,DLinear,0.524958074092865,ZeroPred,0.531430184841156,0.006472110748291016,ZeroPred,0.531430184841156,0.006472110748291016
898,ZeroPred,0.5329618453979492,HAR_EWM,0.5341154932975769,0.0011536478996276855,ZeroPred,0.5329618453979492,0.0
899,HAR_EWM,0.5265524387359619,DLinear,0.5270757079124451,0.0005232691764831543,ZeroPred,0.5270771384239197,0.0005246996879577637
900,TimeXer,0.5226152539253235,iTransformer,0.5264317989349365,0.003816545009613037,ZeroPred,0.5281513333320618,0.005536079406738281
901,HAR_EWM,0.5292390584945679,ZeroPred,0.5295659303665161,0.0003268718719482422,ZeroPred,0.5295659303665161,0.0003268718719482422
902,FreTS,0.5221474766731262,DLinear,0.5230446457862854,0.0008971691131591797,ZeroPred,0.5295038819313049,0.007356405258178711
903,iTransformer,0.5270475149154663,HAR_EWM,0.5296094417572021,0.00256192684173584,ZeroPred,0.5300962328910828,0.003048717975616455
904,HAR_EWM,0.5279361605644226,ZeroPred,0.5282287001609802,0.0002925395965576172,ZeroPred,0.5282287001609802,0.0002925395965576172
905,FreTS,0.5260562896728516,ZeroPred,0.5281149744987488,0.002058684825897217,ZeroPred,0.5281149744987488,0.002058684825897217
906,TimeXer,0.528207004070282,FreTS,0.5317405462265015,0.0035335421562194824,ZeroPred,0.5323631167411804,0.0041561126708984375
907,DLinear,0.5303152799606323,TimeXer,0.5323310494422913,0.0020157694816589355,ZeroPred,0.5325649380683899,0.0022496581077575684
908,HAR_EWM,0.5298684239387512,ZeroPred,0.5302530527114868,0.0003846287727355957,ZeroPred,0.5302530527114868,0.0003846287727355957
909,FreTS,0.5272557735443115,HAR_EWM,0.5305866599082947,0.0033308863639831543,ZeroPred,0.5307504534721375,0.0034946799278259277
910,DLinear,0.5279799103736877,FreTS,0.5290454030036926,0.0010654926300048828,ZeroPred,0.5307326316833496,0.0027527213096618652
911,ZeroPred,0.5320215821266174,HAR_EWM,0.5325486660003662,0.0005270838737487793,ZeroPred,0.5320215821266174,0.0
912,FreTS,0.5327555537223816,TimeXer,0.5332490801811218,0.0004935264587402344,ZeroPred,0.5338313579559326,0.0010758042335510254
913,PatchTST,0.5371086597442627,ZeroPred,0.5379253029823303,0.000816643238067627,ZeroPred,0.5379253029823303,0.000816643238067627
914,DLinear,0.5385182499885559,PatchTST,0.5402421355247498,0.0017238855361938477,ZeroPred,0.5409578680992126,0.0024396181106567383
915,HAR_EWM,0.5417876243591309,ZeroPred,0.5420816540718079,0.00029402971267700195,ZeroPred,0.5420816540718079,0.00029402971267700195
916,HAR_EWM,0.5372971892356873,FreTS,0.5375118255615234,0.00021463632583618164,ZeroPred,0.5378307104110718,0.0005335211753845215
917,FreTS,0.5344675183296204,DLinear,0.5374638438224792,0.0029963254928588867,ZeroPred,0.5388472676277161,0.004379749298095703
918,TimeXer,0.5365074276924133,DLinear,0.5399472713470459,0.0034398436546325684,ZeroPred,0.5415037870407104,0.004996359348297119
919,TimeMixer,0.5372467637062073,HAR_EWM,0.5402565598487854,0.003009796142578125,ZeroPred,0.5403728485107422,0.003126084804534912
920,ZeroPred,0.5409708619117737,HAR_EWM,0.5410340428352356,6.318092346191406e-05,ZeroPred,0.5409708619117737,0.0
921,TimeXer,0.5383433699607849,HAR_EWM,0.5411264300346375,0.002783060073852539,ZeroPred,0.5413058400154114,0.002962470054626465
922,ZeroPred,0.5400790572166443,PatchTST,0.5401136875152588,3.463029861450195e-05,ZeroPred,0.5400790572166443,0.0
923,TimeMixer,0.4511193335056305,FreTS,0.45352625846862793,0.0024069249629974365,ZeroPred,0.4558125436306,0.004693210124969482
924,TimeXer,0.4534647464752197,FreTS,0.4578970670700073,0.004432320594787598,ZeroPred,0.45793595910072327,0.00447121262550354
925,TimeMixer,0.45624086260795593,Persistence,0.4577980041503906,0.0015571415424346924,ZeroPred,0.4582420587539673,0.0020011961460113525
926,TimeMixer,0.45574167370796204,ZeroPred,0.45898404717445374,0.0032423734664916992,ZeroPred,0.45898404717445374,0.0032423734664916992
927,TimeXer,0.4532679617404938,DLinear,0.4570988714694977,0.0038309097290039062,ZeroPred,0.45948004722595215,0.006212085485458374
928,DLinear,0.4530315697193146,ZeroPred,0.46022793650627136,0.007196366786956787,ZeroPred,0.46022793650627136,0.007196366786956787
929,TimeXer,0.4467705190181732,FreTS,0.45367181301116943,0.006901293992996216,ZeroPred,0.45530399680137634,0.008533477783203125
930,DLinear,0.4510391056537628,FreTS,0.4521436393260956,0.0011045336723327637,ZeroPred,0.45532384514808655,0.0042847394943237305
931,FreTS,0.4572370946407318,ZeroPred,0.4575369656085968,0.00029987096786499023,ZeroPred,0.4575369656085968,0.00029987096786499023
932,DLinear,0.48773303627967834,FreTS,0.489864706993103,0.0021316707134246826,ZeroPred,0.4912792146205902,0.0035461783409118652
933,Persistence,0.4896433651447296,ZeroPred,0.4919406473636627,0.0022972822189331055,ZeroPred,0.4919406473636627,0.0022972822189331055
934,DLinear,0.49094390869140625,FreTS,0.49193844199180603,0.0009945333003997803,ZeroPred,0.49217328429222107,0.0012293756008148193
935,FreTS,0.48987969756126404,TimeXer,0.490209698677063,0.0003300011157989502,ZeroPred,0.4904756546020508,0.0005959570407867432
936,DLinear,0.48396506905555725,ZeroPred,0.48611965775489807,0.0021545886993408203,ZeroPred,0.48611965775489807,0.0021545886993408203
937,Persistence,0.4940415322780609,ZeroPred,0.4940751791000366,3.364682197570801e-05,ZeroPred,0.4940751791000366,3.364682197570801e-05
938,FreTS,0.4643400013446808,DLinear,0.4647701680660248,0.00043016672134399414,ZeroPred,0.46766629815101624,0.0033262968063354492
939,FreTS,0.4604671895503998,ZeroPred,0.4621901512145996,0.001722961664199829,ZeroPred,0.4621901512145996,0.001722961664199829
940,ZeroPred,0.4690464437007904,FreTS,0.47242727875709534,0.0033808350563049316,ZeroPred,0.4690464437007904,0.0
941,FreTS,0.4683767259120941,ZeroPred,0.4712354242801666,0.0028586983680725098,ZeroPred,0.4712354242801666,0.0028586983680725098
942,ZeroPred,0.47105804085731506,DLinear,0.4736800193786621,0.002621978521347046,ZeroPred,0.47105804085731506,0.0
943,DLinear,0.4699198305606842,ZeroPred,0.4720679223537445,0.0021480917930603027,ZeroPred,0.4720679223537445,0.0021480917930603027
944,FreTS,0.4708048403263092,DLinear,0.47111788392066956,0.00031304359436035156,ZeroPred,0.47203347086906433,0.001228630542755127
945,DLinear,0.467632532119751,ZeroPred,0.4690414369106293,0.001408904790878296,ZeroPred,0.4690414369106293,0.001408904790878296
946,DLinear,0.4390498697757721,ZeroPred,0.4437519311904907,0.004702061414718628,ZeroPred,0.4437519311904907,0.004702061414718628
947,FreTS,0.44250670075416565,DLinear,0.4447324275970459,0.002225726842880249,ZeroPred,0.4449574947357178,0.002450793981552124
948,FreTS,0.4465913772583008,DLinear,0.45136758685112,0.004776209592819214,ZeroPred,0.45225152373313904,0.005660146474838257
949,ZeroPred,0.4527331590652466,FreTS,0.45389509201049805,0.0011619329452514648,ZeroPred,0.4527331590652466,0.0
950,FreTS,0.42979899048805237,ZeroPred,0.4338500499725342,0.0040510594844818115,ZeroPred,0.4338500499725342,0.0040510594844818115
951,DLinear,0.43167415261268616,ZeroPred,0.43241891264915466,0.0007447600364685059,ZeroPred,0.43241891264915466,0.0007447600364685059
952,DLinear,0.43075859546661377,ZeroPred,0.4321430027484894,0.0013844072818756104,ZeroPred,0.4321430027484894,0.0013844072818756104
953,Persistence,0.4282096326351166,ZeroPred,0.4335278570652008,0.0053182244300842285,ZeroPred,0.4335278570652008,0.0053182244300842285
954,ZeroPred,0.4335828721523285,DLinear,0.434319406747818,0.000736534595489502,ZeroPred,0.4335828721523285,0.0
955,DLinear,0.4325588047504425,ZeroPred,0.43412306904792786,0.0015642642974853516,ZeroPred,0.43412306904792786,0.0015642642974853516
956,DLinear,0.43361639976501465,ZeroPred,0.43753957748413086,0.003923177719116211,ZeroPred,0.43753957748413086,0.003923177719116211
957,FreTS,0.4344165325164795,ZeroPred,0.4349735975265503,0.0005570650100708008,ZeroPred,0.4349735975265503,0.0005570650100708008
958,DLinear,0.42961952090263367,FreTS,0.4339648485183716,0.004345327615737915,ZeroPred,0.4342672824859619,0.004647761583328247
959,Persistence,0.4264669716358185,DLinear,0.4302522838115692,0.0037853121757507324,ZeroPred,0.43421897292137146,0.0077520012855529785
960,FreTS,0.4265805780887604,ZeroPred,0.4274265766143799,0.0008459985256195068,ZeroPred,0.4274265766143799,0.0008459985256195068
961,DLinear,0.4444725215435028,ZeroPred,0.44845888018608093,0.003986358642578125,ZeroPred,0.44845888018608093,0.003986358642578125
962,DLinear,0.42766162753105164,FreTS,0.43790897727012634,0.010247349739074707,ZeroPred,0.43984711170196533,0.012185484170913696
963,DLinear,0.4280276298522949,ZeroPred,0.4398309290409088,0.011803299188613892,ZeroPred,0.4398309290409088,0.011803299188613892
964,ZeroPred,0.43956685066223145,DLinear,0.4421730935573578,0.0026062428951263428,ZeroPred,0.43956685066223145,0.0
965,FreTS,0.4418657124042511,ZeroPred,0.44532787799835205,0.003462165594100952,ZeroPred,0.44532787799835205,0.003462165594100952
966,FreTS,0.4383116662502289,DLinear,0.44186607003211975,0.003554403781890869,ZeroPred,0.44464167952537537,0.006330013275146484
967,DLinear,0.436298131942749,FreTS,0.4406941831111908,0.0043960511684417725,ZeroPred,0.44181862473487854,0.005520492792129517
968,FreTS,0.4338972866535187,DLinear,0.4350842237472534,0.0011869370937347412,ZeroPred,0.4384801387786865,0.004582852125167847
969,DLinear,0.43231335282325745,ZeroPred,0.43374523520469666,0.001431882381439209,ZeroPred,0.43374523520469666,0.001431882381439209
970,FreTS,0.42760834097862244,DLinear,0.42988142371177673,0.002273082733154297,ZeroPred,0.4306383430957794,0.0030300021171569824
971,DLinear,0.4312249720096588,ZeroPred,0.44015344977378845,0.008928477764129639,ZeroPred,0.44015344977378845,0.008928477764129639
972,ZeroPred,0.441241979598999,FreTS,0.442486047744751,0.0012440681457519531,ZeroPred,0.441241979598999,0.0
973,DLinear,0.4397311210632324,FreTS,0.4406893253326416,0.0009582042694091797,ZeroPred,0.440842866897583,0.001111745834350586
974,DLinear,0.43672052025794983,ZeroPred,0.43776097893714905,0.0010404586791992188,ZeroPred,0.43776097893714905,0.0010404586791992188
975,FreTS,0.4337390661239624,ZeroPred,0.43750301003456116,0.003763943910598755,ZeroPred,0.43750301003456116,0.003763943910598755
976,DLinear,0.42553916573524475,FreTS,0.4341723918914795,0.008633226156234741,ZeroPred,0.4354531466960907,0.009913980960845947
977,DLinear,0.4277106821537018,FreTS,0.4337715804576874,0.006060898303985596,ZeroPred,0.4350863993167877,0.0073757171630859375
978,FreTS,0.4334772527217865,ZeroPred,0.43575620651245117,0.002278953790664673,ZeroPred,0.43575620651245117,0.002278953790664673
979,DLinear,0.4367179870605469,FreTS,0.4375455379486084,0.0008275508880615234,ZeroPred,0.43820104002952576,0.0014830529689788818
980,DLinear,0.42959460616111755,ZeroPred,0.4382154941558838,0.008620887994766235,ZeroPred,0.4382154941558838,0.008620887994766235
981,DLinear,0.43175241351127625,ZeroPred,0.43842387199401855,0.00667145848274231,ZeroPred,0.43842387199401855,0.00667145848274231
982,DLinear,0.4326004087924957,ZeroPred,0.4369032680988312,0.004302859306335449,ZeroPred,0.4369032680988312,0.004302859306335449
983,ZeroPred,0.4367811679840088,HAR_EWM,0.4370090961456299,0.00022792816162109375,ZeroPred,0.4367811679840088,0.0
984,ZeroPred,0.3720475733280182,FreTS,0.3739990293979645,0.001951456069946289,ZeroPred,0.3720475733280182,0.0
985,ZeroPred,0.3706185817718506,FreTS,0.3720565140247345,0.0014379322528839111,ZeroPred,0.3706185817718506,0.0
986,Persistence,0.36500391364097595,FreTS,0.37227487564086914,0.0072709619998931885,ZeroPred,0.3730717897415161,0.008067876100540161
987,ZeroPred,0.3765072822570801,FreTS,0.37988516688346863,0.00337788462638855,ZeroPred,0.3765072822570801,0.0
988,FreTS,0.380281925201416,ZeroPred,0.3827759325504303,0.0024940073490142822,ZeroPred,0.3827759325504303,0.0024940073490142822
989,FreTS,0.36224356293678284,ZeroPred,0.36518165469169617,0.00293809175491333,ZeroPred,0.36518165469169617,0.00293809175491333
990,HAR_EWM,0.3304053246974945,ZeroPred,0.3308582007884979,0.00045287609100341797,ZeroPred,0.3308582007884979,0.00045287609100341797
991,HAR_EWM,0.3104497194290161,ZeroPred,0.31268128752708435,0.0022315680980682373,ZeroPred,0.31268128752708435,0.0022315680980682373
992,ZeroPred,0.24132303893566132,TimeMixer,0.24458615481853485,0.003263115882873535,ZeroPred,0.24132303893566132,0.0
993,FreTS,0.21908044815063477,ZeroPred,0.22146469354629517,0.0023842453956604004,ZeroPred,0.22146469354629517,0.0023842453956604004
994,DLinear,0.24542836844921112,ZeroPred,0.24681715667247772,0.0013887882232666016,ZeroPred,0.24681715667247772,0.0013887882232666016
995,FreTS,0.24884925782680511,ZeroPred,0.24998538196086884,0.0011361241340637207,ZeroPred,0.24998538196086884,0.0011361241340637207
996,PatchTST,0.2485252022743225,ZeroPred,0.24870657920837402,0.00018137693405151367,ZeroPred,0.24870657920837402,0.00018137693405151367
997,ZeroPred,0.24866802990436554,DLinear,0.24869601428508759,2.79843807220459e-05,ZeroPred,0.24866802990436554,0.0
998,ZeroPred,0.24741269648075104,PatchTST,0.24755577743053436,0.0001430809497833252,ZeroPred,0.24741269648075104,0.0
999,iTransformer,0.24379770457744598,TimeMixer,0.2444968819618225,0.0006991773843765259,ZeroPred,0.24682359397411346,0.0030258893966674805
1000,TimeXer,0.24577422440052032,DLinear,0.2464093118906021,0.0006350874900817871,ZeroPred,0.246915802359581,0.001141577959060669
1001,DLinear,0.2427370548248291,iTransformer,0.24628134071826935,0.0035442858934402466,ZeroPred,0.24649231135845184,0.0037552565336227417
1002,DLinear,0.23626451194286346,FreTS,0.23808972537517548,0.0018252134323120117,ZeroPred,0.24237358570098877,0.006109073758125305
1003,FreTS,0.24005113542079926,ZeroPred,0.2425035983324051,0.002452462911605835,ZeroPred,0.2425035983324051,0.002452462911605835
1004,DLinear,0.2378702163696289,ZeroPred,0.24391037225723267,0.00604015588760376,ZeroPred,0.24391037225723267,0.00604015588760376
1005,iTransformer,0.24224817752838135,FreTS,0.242802694439888,0.0005545169115066528,ZeroPred,0.24342624843120575,0.0011780709028244019
1006,DLinear,0.24344664812088013,ZeroPred,0.24452324211597443,0.0010765939950942993,ZeroPred,0.24452324211597443,0.0010765939950942993
1007,DLinear,0.23612819612026215,FreTS,0.24238920211791992,0.006261005997657776,ZeroPred,0.2426786869764328,0.006550490856170654
1008,DLinear,0.2368851900100708,TimeXer,0.2398572713136673,0.0029720813035964966,ZeroPred,0.24169982969760895,0.004814639687538147
1009,FreTS,0.2469402551651001,DLinear,0.24864701926708221,0.0017067641019821167,ZeroPred,0.24919264018535614,0.0022523850202560425
1010,iTransformer,0.24817384779453278,DLinear,0.2501928508281708,0.0020190030336380005,ZeroPred,0.25487077236175537,0.006696924567222595
1011,DLinear,0.24399079382419586,HAR_EWM,0.2527541220188141,0.008763328194618225,ZeroPred,0.25350239872932434,0.009511604905128479
1012,DLinear,0.24872048199176788,FreTS,0.2524121403694153,0.0036916583776474,ZeroPred,0.25489500164985657,0.006174519658088684
1013,DLinear,0.2469143122434616,FreTS,0.25113019347190857,0.0042158812284469604,ZeroPred,0.25547683238983154,0.008562520146369934
1014,DLinear,0.24754782021045685,HAR_EWM,0.25630316138267517,0.008755341172218323,ZeroPred,0.2574111521244049,0.009863331913948059
1015,DLinear,0.24876677989959717,iTransformer,0.2503872811794281,0.0016205012798309326,ZeroPred,0.25828227400779724,0.009515494108200073
1016,iTransformer,0.24929232895374298,HAR_EWM,0.2553156316280365,0.006023302674293518,ZeroPred,0.25687018036842346,0.007577851414680481
1017,TimeMixer,0.24881993234157562,HAR_EWM,0.2551893889904022,0.006369456648826599,ZeroPred,0.25680363178253174,0.007983699440956116
1018,TimeMixer,0.24887675046920776,DLinear,0.25439831614494324,0.005521565675735474,ZeroPred,0.2568819224834442,0.00800517201423645
1019,TimeXer,0.2823418080806732,iTransformer,0.286455363035202,0.004113554954528809,ZeroPred,0.291376531124115,0.009034723043441772
1020,DLinear,0.2880270481109619,iTransformer,0.29017800092697144,0.0021509528160095215,ZeroPred,0.2950601279735565,0.0070330798625946045
1021,HAR_EWM,0.2974463701248169,FreTS,0.2979189157485962,0.0004725456237792969,ZeroPred,0.30249324440956116,0.005046874284744263
1022,TimeMixer,0.3050074279308319,DLinear,0.3103924095630646,0.005384981632232666,ZeroPred,0.31793150305747986,0.01292407512664795
1023,DLinear,0.31376567482948303,HAR_EWM,0.3144509792327881,0.0006853044033050537,ZeroPred,0.3200893700122833,0.006323695182800293
1024,DLinear,0.30713117122650146,HAR_EWM,0.3134680688381195,0.006336897611618042,ZeroPred,0.3200680613517761,0.012936890125274658
1025,TimeMixer,0.30910953879356384,iTransformer,0.3117469549179077,0.002637416124343872,ZeroPred,0.31946298480033875,0.010353446006774902
1026,iTransformer,0.300478994846344,TimeMixer,0.3005509078502655,7.191300392150879e-05,ZeroPred,0.31948599219322205,0.019006997346878052
1027,DLinear,0.3023924231529236,iTransformer,0.3062942922115326,0.003901869058609009,ZeroPred,0.316265732049942,0.013873308897018433
1028,iTransformer,0.28759923577308655,TimeXer,0.28802379965782166,0.0004245638847351074,ZeroPred,0.302888423204422,0.01528918743133545
1029,DLinear,0.2885802984237671,iTransformer,0.29369691014289856,0.00511661171913147,ZeroPred,0.30221349000930786,0.013633191585540771
1030,TimeXer,0.2944037914276123,DLinear,0.2972494065761566,0.0028456151485443115,ZeroPred,0.3072420060634613,0.012838214635848999
1031,TimeXer,0.2977317273616791,iTransformer,0.3046523332595825,0.006920605897903442,ZeroPred,0.31687745451927185,0.019145727157592773
1032,iTransformer,0.309246689081192,TimeMixer,0.314841091632843,0.005594402551651001,ZeroPred,0.3237835466861725,0.014536857604980469
1033,DLinear,0.30570003390312195,TimeMixer,0.3137371838092804,0.008037149906158447,ZeroPred,0.3198029398918152,0.014102905988693237
1034,iTransformer,0.3115800619125366,PatchTST,0.31339094042778015,0.0018108785152435303,ZeroPred,0.318654328584671,0.007074266672134399
1035,TimeXer,0.30375614762306213,PatchTST,0.31477776169776917,0.011021614074707031,ZeroPred,0.318474143743515,0.01471799612045288
1036,iTransformer,0.3018951714038849,DLinear,0.3048036992549896,0.0029085278511047363,ZeroPred,0.31288036704063416,0.010985195636749268
1037,TimeXer,0.3063950538635254,HAR_EWM,0.31326401233673096,0.006868958473205566,ZeroPred,0.321199506521225,0.014804452657699585
1038,TimeXer,0.3096389174461365,TimeMixer,0.31514009833335876,0.00550118088722229,ZeroPred,0.3239661157131195,0.014327198266983032
1039,TimeMixer,0.3211359977722168,HAR_EWM,0.32204318046569824,0.0009071826934814453,ZeroPred,0.33005139231681824,0.00891539454460144
1040,TimeXer,0.3335677683353424,Persistence,0.34013283252716064,0.006565064191818237,ZeroPred,0.3469928503036499,0.013425081968307495
1041,TimeMixer,0.3294472098350525,TimeXer,0.33499565720558167,0.005548447370529175,ZeroPred,0.3465290069580078,0.017081797122955322
1042,TimeXer,0.34442374110221863,PatchTST,0.34539666771888733,0.0009729266166687012,ZeroPred,0.354262113571167,0.009838372468948364
1043,PatchTST,0.3483482599258423,iTransformer,0.3486311435699463,0.0002828836441040039,ZeroPred,0.3571675717830658,0.00881931185722351
1044,TimeXer,0.3289125859737396,iTransformer,0.3455379903316498,0.016625404357910156,ZeroPred,0.35506293177604675,0.02615034580230713
1045,TimeXer,0.3432060778141022,HAR_EWM,0.34556350111961365,0.0023574233055114746,ZeroPred,0.3544212877750397,0.0112152099609375
1046,TimeXer,0.3419698178768158,iTransformer,0.34494102001190186,0.0029712021350860596,ZeroPred,0.35828128457069397,0.016311466693878174
1047,TimeXer,0.33870187401771545,iTransformer,0.346262127161026,0.007560253143310547,ZeroPred,0.3625963032245636,0.023894429206848145
1048,TimeXer,0.3521840572357178,PatchTST,0.352568119764328,0.0003840625286102295,ZeroPred,0.36309680342674255,0.01091274619102478
1049,TimeXer,0.3457956612110138,TimeMixer,0.348471999168396,0.002676337957382202,ZeroPred,0.36149755120277405,0.015701889991760254
1050,TimeXer,0.3479536473751068,iTransformer,0.35105133056640625,0.0030976831912994385,ZeroPred,0.36078277230262756,0.012829124927520752
1051,iTransformer,0.34545984864234924,TimeXer,0.349462628364563,0.004002779722213745,ZeroPred,0.359615296125412,0.014155447483062744
1052,iTransformer,0.3523518145084381,TimeXer,0.3545936048030853,0.002241790294647217,ZeroPred,0.3708541691303253,0.018502354621887207
1053,TimeXer,0.4392733573913574,iTransformer,0.44343534111976624,0.0041619837284088135,ZeroPred,0.4507918357849121,0.011518478393554688
1054,TimeXer,0.4423629343509674,PatchTST,0.44533416628837585,0.0029712319374084473,ZeroPred,0.4519011080265045,0.00953817367553711
1055,PatchTST,0.44823136925697327,HAR_EWM,0.44956469535827637,0.0013333261013031006,ZeroPred,0.45511865615844727,0.006887286901473999
1056,TimeXer,0.44841063022613525,HAR_EWM,0.45294949412345886,0.004538863897323608,ZeroPred,0.4593452513217926,0.010934621095657349
1057,TimeXer,0.4131433069705963,iTransformer,0.4151349365711212,0.0019916296005249023,ZeroPred,0.43175408244132996,0.018610775470733643
1058,iTransformer,0.4192418158054352,Persistence,0.4205531179904938,0.0013113021850585938,ZeroPred,0.4317413568496704,0.01249954104423523
1059,iTransformer,0.4388152062892914,Persistence,0.4410974979400635,0.0022822916507720947,ZeroPred,0.44819602370262146,0.009380817413330078
1060,PatchTST,0.44191333651542664,iTransformer,0.4441770613193512,0.0022637248039245605,ZeroPred,0.44904640316963196,0.007133066654205322
1061,TimeXer,0.4348662793636322,PatchTST,0.43615517020225525,0.0012888908386230469,ZeroPred,0.44247177243232727,0.007605493068695068
1062,iTransformer,0.4312770366668701,TimeXer,0.43188992142677307,0.0006128847599029541,ZeroPred,0.443615585565567,0.0123385488986969
1063,PatchTST,0.4312830865383148,TimeXer,0.43530187010765076,0.0040187835693359375,ZeroPred,0.4398559629917145,0.008572876453399658
1064,iTransformer,0.4310015141963959,TimeMixer,0.4313262701034546,0.0003247559070587158,ZeroPred,0.4429439604282379,0.011942446231842041
1065,iTransformer,0.42878952622413635,PatchTST,0.4373108446598053,0.008521318435668945,ZeroPred,0.44329336285591125,0.014503836631774902
1066,PatchTST,0.4368598163127899,TimeMixer,0.440722793340683,0.0038629770278930664,ZeroPred,0.44738104939460754,0.010521233081817627
1067,TimeMixer,0.4220443665981293,PatchTST,0.4300163686275482,0.007972002029418945,ZeroPred,0.43841227889060974,0.01636791229248047
1068,iTransformer,0.42198339104652405,PatchTST,0.4301680624485016,0.008184671401977539,ZeroPred,0.43747031688690186,0.015486925840377808
1069,iTransformer,0.42731618881225586,TimeMixer,0.42747411131858826,0.00015792250633239746,ZeroPred,0.43682095408439636,0.009504765272140503
1070,TimeXer,0.434531569480896,iTransformer,0.44233179092407227,0.0078002214431762695,ZeroPred,0.4590415954589844,0.02451002597808838
1071,TimeXer,0.44084087014198303,iTransformer,0.4463077485561371,0.005466878414154053,ZeroPred,0.45978185534477234,0.018940985202789307
1072,TimeXer,0.4509352743625641,iTransformer,0.4523775577545166,0.0014422833919525146,ZeroPred,0.45967963337898254,0.008744359016418457
1073,TimeMixer,0.4499594271183014,iTransformer,0.45158419013023376,0.001624763011932373,ZeroPred,0.4593440592288971,0.009384632110595703
1074,PatchTST,0.4529029428958893,TimeMixer,0.4547419250011444,0.001838982105255127,ZeroPred,0.4587468206882477,0.0058438777923583984
1075,TimeXer,0.44276919960975647,PatchTST,0.4437638223171234,0.0009946227073669434,ZeroPred,0.4557456076145172,0.012976408004760742
1076,PatchTST,0.44851812720298767,Persistence,0.44893720746040344,0.0004190802574157715,ZeroPred,0.4608793556690216,0.012361228466033936
1077,TimeXer,0.4532558023929596,iTransformer,0.45853090286254883,0.005275100469589233,ZeroPred,0.46893325448036194,0.015677452087402344
1078,iTransformer,0.46234193444252014,TimeXer,0.46469998359680176,0.002358049154281616,ZeroPred,0.48033642768859863,0.01799449324607849
1079,TimeMixer,0.4605386257171631,iTransformer,0.4626634120941162,0.002124786376953125,ZeroPred,0.48009154200553894,0.019552916288375854
1080,TimeXer,0.4570886194705963,iTransformer,0.4670913517475128,0.010002732276916504,ZeroPred,0.48018741607666016,0.023098796606063843
1081,PatchTST,0.46601787209510803,TimeMixer,0.4682577848434448,0.002239912748336792,ZeroPred,0.48079439997673035,0.014776527881622314
1082,TimeMixer,0.485609769821167,TimeXer,0.48598185181617737,0.000372081995010376,ZeroPred,0.5013341307640076,0.015724360942840576
1083,TimeXer,0.499041885137558,PatchTST,0.504476010799408,0.005434125661849976,ZeroPred,0.5218914151191711,0.02284952998161316
1084,PatchTST,0.5019406080245972,iTransformer,0.5021054744720459,0.00016486644744873047,ZeroPred,0.5176733136177063,0.01573270559310913
1085,PatchTST,0.508403480052948,TimeXer,0.5127047300338745,0.004301249980926514,ZeroPred,0.5238088965415955,0.015405416488647461
1086,iTransformer,0.5085793137550354,PatchTST,0.5109862685203552,0.0024069547653198242,ZeroPred,0.523550271987915,0.014970958232879639
1087,TimeXer,0.5102668404579163,PatchTST,0.5131085515022278,0.0028417110443115234,ZeroPred,0.523522675037384,0.013255834579467773
1088,TimeXer,0.518253743648529,iTransformer,0.5210431814193726,0.002789437770843506,ZeroPred,0.5296209454536438,0.011367201805114746
1089,PatchTST,0.5501110553741455,TimeXer,0.5517660975456238,0.0016550421714782715,ZeroPred,0.5611053109169006,0.010994255542755127
1090,DLinear,0.528863787651062,TimeMixer,0.5299037098884583,0.0010399222373962402,ZeroPred,0.5365468859672546,0.007683098316192627
1091,TimeMixer,0.5323082804679871,FreTS,0.5411167740821838,0.008808493614196777,ZeroPred,0.5456420183181763,0.013333737850189209
1092,TimeMixer,0.5596734881401062,DLinear,0.5641258358955383,0.004452347755432129,ZeroPred,0.5689646601676941,0.00929117202758789
1093,TimeXer,0.566802442073822,DLinear,0.5716590881347656,0.0048566460609436035,ZeroPred,0.5810327529907227,0.014230310916900635
1094,TimeMixer,0.5749593377113342,TimeXer,0.5776795744895935,0.0027202367782592773,ZeroPred,0.5827151536941528,0.0077558159828186035
1095,DLinear,0.5790690183639526,TimeMixer,0.5823748111724854,0.003305792808532715,ZeroPred,0.587033748626709,0.007964730262756348
1096,Persistence,0.5549511909484863,DLinear,0.5736410021781921,0.01868981122970581,ZeroPred,0.5876036286354065,0.032652437686920166
1097,Persistence,0.5664824843406677,TimeMixer,0.5781839489936829,0.011701464653015137,ZeroPred,0.5881900787353516,0.021707594394683838
1098,Persistence,0.5545316934585571,TimeXer,0.5803351998329163,0.02580350637435913,ZeroPred,0.5914580225944519,0.036926329135894775
1099,iTransformer,0.6210141777992249,DLinear,0.623397171497345,0.002382993698120117,ZeroPred,0.6298058032989502,0.008791625499725342
1100,TimeMixer,0.6189002394676208,DLinear,0.6227834820747375,0.0038832426071166992,ZeroPred,0.6284742951393127,0.009574055671691895
1101,Persistence,0.60104900598526,TimeMixer,0.6154975295066833,0.01444852352142334,ZeroPred,0.6288600564002991,0.027811050415039062
1102,iTransformer,0.6176585555076599,Persistence,0.6176791787147522,2.0623207092285156e-05,ZeroPred,0.6280991435050964,0.010440587997436523
1103,Persistence,0.5984337329864502,iTransformer,0.615541398525238,0.017107665538787842,ZeroPred,0.6284732818603516,0.030039548873901367
1104,DLinear,0.632938027381897,TimeMixer,0.6361437439918518,0.003205716609954834,ZeroPred,0.6461156010627747,0.013177573680877686
1105,DLinear,0.622871994972229,TimeMixer,0.6304962038993835,0.007624208927154541,ZeroPred,0.6394082903862,0.016536295413970947
1106,DLinear,0.6189080476760864,HAR_EWM,0.6198068261146545,0.0008987784385681152,ZeroPred,0.6305361390113831,0.01162809133529663
1107,TimeXer,0.6111027002334595,DLinear,0.616887092590332,0.005784392356872559,ZeroPred,0.6327483654022217,0.021645665168762207
1108,HAR_EWM,0.6204535365104675,DLinear,0.6219471096992493,0.0014935731887817383,ZeroPred,0.6322126388549805,0.01175910234451294
1109,DLinear,0.613906741142273,TimeMixer,0.6174479722976685,0.003541231155395508,ZeroPred,0.630975604057312,0.017068862915039062
1110,TimeXer,0.6130253672599792,iTransformer,0.6130281090736389,2.7418136596679688e-06,ZeroPred,0.6260939240455627,0.013068556785583496
1111,iTransformer,0.6085629463195801,TimeXer,0.6091742515563965,0.0006113052368164062,ZeroPred,0.6247460246086121,0.016183078289031982
1112,TimeMixer,0.6052934527397156,DLinear,0.6115569472312927,0.0062634944915771484,ZeroPred,0.624734103679657,0.019440650939941406
1113,DLinear,0.6104931235313416,HAR_EWM,0.6129278540611267,0.0024347305297851562,ZeroPred,0.6244524121284485,0.013959288597106934
1114,TimeMixer,0.6048784852027893,TimeXer,0.6083285808563232,0.0034500956535339355,ZeroPred,0.6217631697654724,0.016884684562683105
1115,iTransformer,0.5776597261428833,HAR_EWM,0.5789390206336975,0.001279294490814209,ZeroPred,0.5882660746574402,0.010606348514556885
1116,iTransformer,0.5738610029220581,TimeXer,0.5771577954292297,0.003296792507171631,ZeroPred,0.5926347374916077,0.01877373456954956
1117,TimeXer,0.573689877986908,DLinear,0.5750177502632141,0.0013278722763061523,ZeroPred,0.5849024653434753,0.011212587356567383
1118,TimeXer,0.5649357438087463,iTransformer,0.5660847425460815,0.001148998737335205,ZeroPred,0.5711228847503662,0.006187140941619873
1119,TimeMixer,0.562563419342041,iTransformer,0.5640294551849365,0.0014660358428955078,ZeroPred,0.5684633851051331,0.005899965763092041
1120,TimeMixer,0.5584258437156677,iTransformer,0.5601771473884583,0.0017513036727905273,ZeroPred,0.566031277179718,0.007605433464050293
1121,TimeXer,0.5596845746040344,iTransformer,0.5599218010902405,0.0002372264862060547,ZeroPred,0.5673844218254089,0.007699847221374512
1122,TimeMixer,0.5554904937744141,iTransformer,0.5615739822387695,0.006083488464355469,ZeroPred,0.5697812438011169,0.01429075002670288
1123,iTransformer,0.5564554333686829,DLinear,0.5570157766342163,0.0005603432655334473,ZeroPred,0.5688791871070862,0.01242375373840332
1124,iTransformer,0.5356938242912292,TimeMixer,0.5414889454841614,0.005795121192932129,ZeroPred,0.5477008819580078,0.012007057666778564
1125,TimeMixer,0.5421038866043091,TimeXer,0.5432669520378113,0.0011630654335021973,ZeroPred,0.5476312637329102,0.005527377128601074
1126,TimeXer,0.5284972190856934,PatchTST,0.5381733775138855,0.009676158428192139,ZeroPred,0.5429983139038086,0.014501094818115234
1127,iTransformer,0.5255228877067566,TimeMixer,0.5285148620605469,0.002991974353790283,ZeroPred,0.5334851145744324,0.007962226867675781
1128,iTransformer,0.5200811624526978,TimeMixer,0.521209716796875,0.001128554344177246,ZeroPred,0.5262568593025208,0.006175696849822998
1129,iTransformer,0.5085576772689819,TimeMixer,0.5157027840614319,0.007145106792449951,ZeroPred,0.5228338837623596,0.014276206493377686
1130,TimeMixer,0.5269417762756348,iTransformer,0.5323486328125,0.005406856536865234,ZeroPred,0.5413520932197571,0.014410316944122314
1131,TimeXer,0.5259060859680176,TimeMixer,0.5344580411911011,0.008551955223083496,ZeroPred,0.5423722863197327,0.016466200351715088
1132,TimeMixer,0.5216615796089172,iTransformer,0.5345606803894043,0.01289910078048706,ZeroPred,0.5417075157165527,0.020045936107635498
1133,TimeXer,0.5968345403671265,TimeMixer,0.604590117931366,0.007755577564239502,ZeroPred,0.6067854166030884,0.009950876235961914
1134,TimeXer,0.5879680514335632,iTransformer,0.5958430171012878,0.00787496566772461,ZeroPred,0.6039757132530212,0.016007661819458008
1135,TimeXer,0.5908603668212891,iTransformer,0.5942404270172119,0.0033800601959228516,ZeroPred,0.5959433913230896,0.005083024501800537
1136,TimeMixer,0.5719096660614014,FreTS,0.5767529010772705,0.004843235015869141,ZeroPred,0.5798979997634888,0.007988333702087402
1137,TimeMixer,0.5667607188224792,TimeXer,0.5709955096244812,0.004234790802001953,ZeroPred,0.5797560214996338,0.012995302677154541
1138,DLinear,0.5707282423973083,ZeroPred,0.5709242224693298,0.00019598007202148438,ZeroPred,0.5709242224693298,0.00019598007202148438
1139,iTransformer,0.5661256909370422,ZeroPred,0.5711777210235596,0.005052030086517334,ZeroPred,0.5711777210235596,0.005052030086517334
1140,TimeXer,0.5611124634742737,iTransformer,0.5620958209037781,0.0009833574295043945,ZeroPred,0.5657311081886292,0.004618644714355469
1141,DLinear,0.5647844672203064,FreTS,0.5683897137641907,0.0036052465438842773,ZeroPred,0.5686786770820618,0.003894209861755371
1142,DLinear,0.5559545755386353,TimeXer,0.5638508796691895,0.0078963041305542,ZeroPred,0.5695459842681885,0.013591408729553223
1143,iTransformer,0.5529958605766296,DLinear,0.553604006767273,0.0006081461906433105,ZeroPred,0.565291166305542,0.012295305728912354
1144,DLinear,0.5582399964332581,ZeroPred,0.570014476776123,0.01177448034286499,ZeroPred,0.570014476776123,0.01177448034286499
1145,iTransformer,0.565232515335083,TimeMixer,0.5681198835372925,0.0028873682022094727,ZeroPred,0.5710446834564209,0.005812168121337891
1146,DLinear,0.5635581016540527,TimeXer,0.563895046710968,0.0003369450569152832,ZeroPred,0.5727037787437439,0.009145677089691162
1147,TimeXer,0.5663922429084778,DLinear,0.5677879452705383,0.0013957023620605469,ZeroPred,0.5746247172355652,0.008232474327087402
1148,TimeXer,0.5447998046875,iTransformer,0.548646867275238,0.003847062587738037,ZeroPred,0.5603516101837158,0.01555180549621582
1149,DLinear,0.46597933769226074,TimeMixer,0.4708317518234253,0.004852414131164551,ZeroPred,0.4790644943714142,0.013085156679153442
1150,TimeMixer,0.46329525113105774,TimeXer,0.4680127203464508,0.004717469215393066,ZeroPred,0.4777342975139618,0.014439046382904053
1151,DLinear,0.46670714020729065,iTransformer,0.46672138571739197,1.424551010131836e-05,ZeroPred,0.4787444770336151,0.012037336826324463
1152,DLinear,0.46530017256736755,TimeXer,0.46696770191192627,0.0016675293445587158,ZeroPred,0.47632646560668945,0.0110262930393219
1153,DLinear,0.4669298827648163,ZeroPred,0.46812060475349426,0.0011907219886779785,ZeroPred,0.46812060475349426,0.0011907219886779785
1154,DLinear,0.46460995078086853,FreTS,0.4667685925960541,0.002158641815185547,ZeroPred,0.47097352147102356,0.006363570690155029
1155,DLinear,0.45907822251319885,ZeroPred,0.4682648479938507,0.009186625480651855,ZeroPred,0.4682648479938507,0.009186625480651855
1156,DLinear,0.46814462542533875,TimeXer,0.470383882522583,0.0022392570972442627,ZeroPred,0.4726748466491699,0.004530221223831177
1157,DLinear,0.46128860116004944,PatchTST,0.4701397716999054,0.008851170539855957,ZeroPred,0.47112739086151123,0.009838789701461792
1158,TimeMixer,0.4675484597682953,PatchTST,0.46779584884643555,0.0002473890781402588,ZeroPred,0.4693656861782074,0.0018172264099121094
1159,PatchTST,0.46733346581459045,FreTS,0.469674676656723,0.0023412108421325684,ZeroPred,0.4706607162952423,0.0033272504806518555
1160,iTransformer,0.4639580249786377,DLinear,0.4645954370498657,0.0006374120712280273,ZeroPred,0.4680849015712738,0.004126876592636108
1161,iTransformer,0.4503839910030365,DLinear,0.46589335799217224,0.015509366989135742,ZeroPred,0.472103089094162,0.02171909809112549
1162,DLinear,0.45864126086235046,TimeXer,0.46579301357269287,0.007151752710342407,ZeroPred,0.47626355290412903,0.017622292041778564
1163,DLinear,0.47695407271385193,PatchTST,0.4790325462818146,0.0020784735679626465,ZeroPred,0.4848494231700897,0.007895350456237793
1164,iTransformer,0.47684407234191895,DLinear,0.4797010123729706,0.0028569400310516357,ZeroPred,0.48502907156944275,0.008184999227523804
1165,DLinear,0.47927311062812805,HAR_EWM,0.4844144284725189,0.005141317844390869,ZeroPred,0.48940882086753845,0.0101357102394104
1166,DLinear,0.45973363518714905,iTransformer,0.46396446228027344,0.00423082709312439,ZeroPred,0.4706449508666992,0.010911315679550171
1167,iTransformer,0.46429863572120667,TimeMixer,0.4661240577697754,0.0018254220485687256,ZeroPred,0.4739634692668915,0.009664833545684814
1168,DLinear,0.46591269969940186,PatchTST,0.47411951422691345,0.008206814527511597,ZeroPred,0.47920656204223633,0.013293862342834473
1169,DLinear,0.46981027722358704,TimeMixer,0.47464966773986816,0.004839390516281128,ZeroPred,0.48009777069091797,0.010287493467330933
1170,DLinear,0.4697345495223999,TimeMixer,0.4708753824234009,0.0011408329010009766,ZeroPred,0.47985920310020447,0.010124653577804565
1171,iTransformer,0.46445807814598083,DLinear,0.47507402300834656,0.010615944862365723,ZeroPred,0.47979769110679626,0.01533961296081543
1172,DLinear,0.46552982926368713,iTransformer,0.4672679901123047,0.0017381608486175537,ZeroPred,0.47631585597991943,0.0107860267162323
1173,iTransformer,0.46143555641174316,HAR_EWM,0.46539393067359924,0.003958374261856079,ZeroPred,0.4696265161037445,0.008190959692001343
1174,TimeXer,0.44806501269340515,DLinear,0.4570396840572357,0.008974671363830566,ZeroPred,0.459479421377182,0.011414408683776855
1175,DLinear,0.4530143737792969,iTransformer,0.454351544380188,0.0013371706008911133,ZeroPred,0.459179162979126,0.0061647891998291016
1176,ZeroPred,0.5584836006164551,DLinear,0.5590986609458923,0.0006150603294372559,ZeroPred,0.5584836006164551,0.0
1177,iTransformer,0.5646096467971802,FreTS,0.566789984703064,0.002180337905883789,ZeroPred,0.5687716603279114,0.004162013530731201
1178,DLinear,0.542827844619751,ZeroPred,0.545850932598114,0.003023087978363037,ZeroPred,0.545850932598114,0.003023087978363037
1179,ZeroPred,0.5295933485031128,FreTS,0.5330948233604431,0.0035014748573303223,ZeroPred,0.5295933485031128,0.0
1180,ZeroPred,0.5302591919898987,FreTS,0.5325808525085449,0.0023216605186462402,ZeroPred,0.5302591919898987,0.0
1181,TimeXer,0.5525111556053162,iTransformer,0.5551227927207947,0.0026116371154785156,ZeroPred,0.5603278875350952,0.007816731929779053
1182,ZeroPred,0.5679493546485901,TimeMixer,0.569418728351593,0.0014693737030029297,ZeroPred,0.5679493546485901,0.0
1183,TimeMixer,0.5640859007835388,DLinear,0.5649327635765076,0.00084686279296875,ZeroPred,0.5688149333000183,0.004729032516479492
1184,TimeXer,0.5672063231468201,ZeroPred,0.5679486989974976,0.0007423758506774902,ZeroPred,0.5679486989974976,0.0007423758506774902
1185,ZeroPred,0.5428072810173035,FreTS,0.5435497760772705,0.000742495059967041,ZeroPred,0.5428072810173035,0.0
1186,DLinear,0.5403873324394226,FreTS,0.5414183735847473,0.001031041145324707,ZeroPred,0.54813152551651,0.007744193077087402
1187,ZeroPred,0.5400466322898865,FreTS,0.5401184558868408,7.18235969543457e-05,ZeroPred,0.5400466322898865,0.0
1188,ZeroPred,0.5192801356315613,DLinear,0.5234929323196411,0.004212796688079834,ZeroPred,0.5192801356315613,0.0
1189,FreTS,0.5045340657234192,ZeroPred,0.5058134198188782,0.0012793540954589844,ZeroPred,0.5058134198188782,0.0012793540954589844
1190,ZeroPred,0.5041253566741943,FreTS,0.5059317946434021,0.0018064379692077637,ZeroPred,0.5041253566741943,0.0
1191,ZeroPred,0.5007715821266174,FreTS,0.5039206147193909,0.0031490325927734375,ZeroPred,0.5007715821266174,0.0
1192,ZeroPred,0.5022526383399963,FreTS,0.5036569833755493,0.0014043450355529785,ZeroPred,0.5022526383399963,0.0
1193,FreTS,0.5007506012916565,ZeroPred,0.5027424693107605,0.001991868019104004,ZeroPred,0.5027424693107605,0.001991868019104004
1194,ZeroPred,0.5050671696662903,FreTS,0.5063504576683044,0.0012832880020141602,ZeroPred,0.5050671696662903,0.0
1195,FreTS,0.4670034945011139,ZeroPred,0.4686301052570343,0.0016266107559204102,ZeroPred,0.4686301052570343,0.0016266107559204102
1196,ZeroPred,0.4727811813354492,FreTS,0.47300466895103455,0.00022348761558532715,ZeroPred,0.4727811813354492,0.0
1197,FreTS,0.4737560749053955,ZeroPred,0.475559264421463,0.0018031895160675049,ZeroPred,0.475559264421463,0.0018031895160675049
1198,ZeroPred,0.4766653776168823,FreTS,0.48126670718193054,0.004601329565048218,ZeroPred,0.4766653776168823,0.0
1199,ZeroPred,0.4769880473613739,FreTS,0.48493900895118713,0.007950961589813232,ZeroPred,0.4769880473613739,0.0
1200,ZeroPred,0.4663764536380768,HAR_EWM,0.46767958998680115,0.0013031363487243652,ZeroPred,0.4663764536380768,0.0
1201,ZeroPred,0.4890385568141937,HAR_EWM,0.4898262917995453,0.0007877349853515625,ZeroPred,0.4890385568141937,0.0
1202,FreTS,0.5089336037635803,iTransformer,0.5107349753379822,0.0018013715744018555,ZeroPred,0.511872410774231,0.0029388070106506348
1203,TimeXer,0.5157851576805115,HAR_EWM,0.5204659104347229,0.004680752754211426,ZeroPred,0.5211644172668457,0.0053792595863342285
1204,FreTS,0.5141015648841858,HAR_EWM,0.5213319063186646,0.00723034143447876,ZeroPred,0.5217058062553406,0.007604241371154785
1205,ZeroPred,0.5223102569580078,HAR_EWM,0.5228326916694641,0.0005224347114562988,ZeroPred,0.5223102569580078,0.0
1206,DLinear,0.5256752371788025,ZeroPred,0.5258612036705017,0.00018596649169921875,ZeroPred,0.5258612036705017,0.00018596649169921875
1207,ZeroPred,0.5232426524162292,HAR_EWM,0.5254269242286682,0.002184271812438965,ZeroPred,0.5232426524162292,0.0
1208,ZeroPred,0.524196445941925,iTransformer,0.5242800116539001,8.356571197509766e-05,ZeroPred,0.524196445941925,0.0
1209,Persistence,0.5244271159172058,ZeroPred,0.5247573852539062,0.00033026933670043945,ZeroPred,0.5247573852539062,0.00033026933670043945
1210,FreTS,0.5181681513786316,HAR_EWM,0.5224968194961548,0.004328668117523193,ZeroPred,0.5229676365852356,0.004799485206604004
1211,TimeMixer,0.5162822604179382,HAR_EWM,0.5209398865699768,0.004657626152038574,ZeroPred,0.5220779180526733,0.005795657634735107
1212,TimeXer,0.5134427547454834,PatchTST,0.5183448195457458,0.004902064800262451,ZeroPred,0.5195949673652649,0.006152212619781494
1213,iTransformer,0.5262495875358582,PatchTST,0.538379430770874,0.01212984323501587,ZeroPred,0.5425694584846497,0.016319870948791504
1214,TimeXer,0.5299224853515625,FreTS,0.5336728096008301,0.003750324249267578,ZeroPred,0.5404688715934753,0.010546386241912842
1215,TimeXer,0.537905752658844,Persistence,0.5380914211273193,0.0001856684684753418,ZeroPred,0.5412459969520569,0.0033402442932128906
1216,DLinear,0.5342954993247986,HAR_EWM,0.5384986996650696,0.004203200340270996,ZeroPred,0.5409407615661621,0.006645262241363525
1217,TimeXer,0.5307002663612366,DLinear,0.532593309879303,0.0018930435180664062,ZeroPred,0.5392125248908997,0.008512258529663086
1218,iTransformer,0.5229759812355042,FreTS,0.5324302315711975,0.00945425033569336,ZeroPred,0.5373059511184692,0.014329969882965088
1219,DLinear,0.5298947691917419,PatchTST,0.5351490378379822,0.005254268646240234,ZeroPred,0.5414008498191833,0.011506080627441406
1220,iTransformer,0.5292907357215881,DLinear,0.5314953923225403,0.0022046566009521484,ZeroPred,0.5425400137901306,0.01324927806854248
1221,Persistence,0.5419676899909973,DLinear,0.5421812534332275,0.0002135634422302246,ZeroPred,0.5451222062110901,0.0031545162200927734
1222,TimeXer,0.5297903418540955,HAR_EWM,0.5438154935836792,0.01402515172958374,ZeroPred,0.5456268787384033,0.01583653688430786
1223,iTransformer,0.5407602190971375,TimeMixer,0.5423102974891663,0.0015500783920288086,ZeroPred,0.5467445850372314,0.005984365940093994
1224,iTransformer,0.5394445657730103,TimeMixer,0.5449408888816833,0.005496323108673096,ZeroPred,0.552972137928009,0.01352757215499878
1225,TimeXer,0.5393864512443542,PatchTST,0.5490633845329285,0.009676933288574219,ZeroPred,0.5526725053787231,0.013286054134368896
1226,PatchTST,0.5419588685035706,TimeXer,0.5444980263710022,0.0025391578674316406,ZeroPred,0.5447766184806824,0.0028177499771118164
1227,HAR_EWM,0.5428478121757507,DLinear,0.5433219075202942,0.00047409534454345703,ZeroPred,0.5443373322486877,0.0014895200729370117
1228,iTransformer,0.5372347235679626,DLinear,0.5374218821525574,0.00018715858459472656,ZeroPred,0.5439226627349854,0.006687939167022705
1229,TimeMixer,0.45930659770965576,DLinear,0.4628594219684601,0.0035528242588043213,ZeroPred,0.47038355469703674,0.011076956987380981
1230,DLinear,0.45681333541870117,TimeMixer,0.46244946122169495,0.005636125802993774,ZeroPred,0.47038936614990234,0.013576030731201172
1231,iTransformer,0.4701831042766571,TimeMixer,0.4716527760028839,0.0014696717262268066,ZeroPred,0.48141250014305115,0.011229395866394043
1232,DLinear,0.4726511240005493,PatchTST,0.47806382179260254,0.005412697792053223,ZeroPred,0.4807053506374359,0.008054226636886597
1233,TimeXer,0.4695335328578949,iTransformer,0.4724944531917572,0.0029609203338623047,ZeroPred,0.48442378640174866,0.01489025354385376
1234,TimeMixer,0.47010961174964905,iTransformer,0.47560855746269226,0.005498945713043213,ZeroPred,0.4851055145263672,0.01499590277671814
1235,PatchTST,0.5030174851417542,FreTS,0.5058174133300781,0.0027999281883239746,ZeroPred,0.5068952441215515,0.0038777589797973633
1236,DLinear,0.4993954598903656,PatchTST,0.5035182237625122,0.0041227638721466064,ZeroPred,0.5095868706703186,0.010191410779953003
1237,PatchTST,0.5010068416595459,HAR_EWM,0.5063406825065613,0.005333840847015381,ZeroPred,0.5066174864768982,0.005610644817352295
1238,DLinear,0.4948517382144928,PatchTST,0.4993075430393219,0.0044558048248291016,ZeroPred,0.5018056035041809,0.00695386528968811
1239,iTransformer,0.49914026260375977,PatchTST,0.5068902969360352,0.007750034332275391,ZeroPred,0.5113205909729004,0.012180328369140625
1240,PatchTST,0.5025995373725891,DLinear,0.5034626722335815,0.0008631348609924316,ZeroPred,0.5064167380332947,0.0038172006607055664
1241,iTransformer,0.49557557702064514,DLinear,0.4997728765010834,0.004197299480438232,ZeroPred,0.5060209035873413,0.010445326566696167
1242,TimeMixer,0.503567636013031,PatchTST,0.5060130953788757,0.0024454593658447266,ZeroPred,0.5096055269241333,0.006037890911102295
1243,iTransformer,0.4981429874897003,HAR_EWM,0.5062346458435059,0.008091658353805542,ZeroPred,0.5075593590736389,0.009416371583938599
1244,HAR_EWM,0.5069935917854309,PatchTST,0.5075762271881104,0.0005826354026794434,ZeroPred,0.5078500509262085,0.0008564591407775879
1245,DLinear,0.5007933974266052,TimeMixer,0.505186140537262,0.004392743110656738,ZeroPred,0.5091444849967957,0.00835108757019043
1246,TimeMixer,0.501073956489563,FreTS,0.5048304200172424,0.0037564635276794434,ZeroPred,0.5085785984992981,0.007504642009735107
1247,FreTS,0.5156043171882629,HAR_EWM,0.518033504486084,0.002429187297821045,ZeroPred,0.5182485580444336,0.0026442408561706543
1248,TimeXer,0.5127947926521301,PatchTST,0.5146422386169434,0.0018474459648132324,ZeroPred,0.5168323516845703,0.0040375590324401855
1249,iTransformer,0.503364622592926,FreTS,0.5113957524299622,0.008031129837036133,ZeroPred,0.5175424218177795,0.014177799224853516
1250,iTransformer,0.5155119895935059,DLinear,0.5167906880378723,0.001278698444366455,ZeroPred,0.5182361006736755,0.0027241110801696777
1251,PatchTST,0.498028427362442,TimeMixer,0.5036391615867615,0.005610734224319458,ZeroPred,0.5044727921485901,0.006444364786148071
1252,TimeXer,0.4832601547241211,iTransformer,0.48868417739868164,0.005424022674560547,ZeroPred,0.5000569224357605,0.016796767711639404
1253,iTransformer,0.49754413962364197,FreTS,0.4988318979740143,0.0012877583503723145,ZeroPred,0.5000807642936707,0.0025366246700286865
1254,TimeXer,0.4954419434070587,TimeMixer,0.4962085485458374,0.0007666051387786865,ZeroPred,0.5020338892936707,0.0065919458866119385
1255,iTransformer,0.4962986409664154,PatchTST,0.49740883708000183,0.0011101961135864258,ZeroPred,0.49978289008140564,0.0034842491149902344
1256,TimeMixer,0.4982556998729706,PatchTST,0.49874773621559143,0.0004920363426208496,ZeroPred,0.4994175434112549,0.0011618435382843018
1257,PatchTST,0.493387907743454,HAR_EWM,0.49448928236961365,0.001101374626159668,ZeroPred,0.49484825134277344,0.001460343599319458
1258,FreTS,0.4786498248577118,iTransformer,0.481301873922348,0.0026520490646362305,ZeroPred,0.486546128988266,0.0078963041305542
1259,iTransformer,0.47120746970176697,ZeroPred,0.47992053627967834,0.008713066577911377,ZeroPred,0.47992053627967834,0.008713066577911377
1260,FreTS,0.4760408103466034,PatchTST,0.4795699417591095,0.0035291314125061035,ZeroPred,0.48002544045448303,0.003984630107879639
1261,FreTS,0.47503209114074707,iTransformer,0.4767918586730957,0.0017597675323486328,ZeroPred,0.48157498240470886,0.006542891263961792
1262,FreTS,0.48102983832359314,ZeroPred,0.4812295436859131,0.0001997053623199463,ZeroPred,0.4812295436859131,0.0001997053623199463
1263,DLinear,0.47416630387306213,FreTS,0.47429201006889343,0.00012570619583129883,ZeroPred,0.4771963357925415,0.00303003191947937
1264,iTransformer,0.46681341528892517,FreTS,0.46974846720695496,0.002935051918029785,ZeroPred,0.47152698040008545,0.004713565111160278
1265,FreTS,0.473032146692276,ZeroPred,0.4730861485004425,5.4001808166503906e-05,ZeroPred,0.4730861485004425,5.4001808166503906e-05
1266,iTransformer,0.4778382480144501,FreTS,0.4814380705356598,0.003599822521209717,ZeroPred,0.48767146468162537,0.009833216667175293
1267,PatchTST,0.5972437262535095,HAR_EWM,0.6001135110855103,0.0028697848320007324,ZeroPred,0.6033832430839539,0.006139516830444336
1268,PatchTST,0.6027196049690247,TimeMixer,0.6029829382896423,0.0002633333206176758,ZeroPred,0.6063112020492554,0.003591597080230713
1269,TimeXer,0.6010865569114685,TimeMixer,0.6076412796974182,0.006554722785949707,ZeroPred,0.6140799522399902,0.012993395328521729
1270,iTransformer,0.6211466193199158,TimeXer,0.6222692728042603,0.0011226534843444824,ZeroPred,0.6316749453544617,0.010528326034545898
1271,TimeXer,0.6236801743507385,iTransformer,0.6332361698150635,0.009555995464324951,ZeroPred,0.6448035836219788,0.021123409271240234
1272,iTransformer,0.5399742126464844,PatchTST,0.5446268320083618,0.004652619361877441,ZeroPred,0.5486242175102234,0.008650004863739014
1273,HAR_EWM,0.5309076905250549,TimeXer,0.5345790386199951,0.0036713480949401855,ZeroPred,0.5354299545288086,0.004522264003753662
1274,Persistence,0.5302029252052307,iTransformer,0.5317679047584534,0.0015649795532226562,ZeroPred,0.5392054319381714,0.009002506732940674
1275,TimeMixer,0.5203096270561218,HAR_EWM,0.5242409110069275,0.003931283950805664,ZeroPred,0.5310347080230713,0.010725080966949463
1276,HAR_EWM,0.5214055180549622,TimeMixer,0.5240053534507751,0.0025998353958129883,ZeroPred,0.5282971858978271,0.00689166784286499
1277,iTransformer,0.48413538932800293,TimeMixer,0.48543664813041687,0.0013012588024139404,ZeroPred,0.49200761318206787,0.007872223854064941
1278,PatchTST,0.481460839509964,TimeXer,0.48634710907936096,0.004886269569396973,ZeroPred,0.4863763153553009,0.004915475845336914
1279,TimeXer,0.4742198884487152,TimeMixer,0.4785184860229492,0.004298597574234009,ZeroPred,0.48676514625549316,0.012545257806777954
1280,TimeXer,0.4850703179836273,iTransformer,0.4869929254055023,0.001922607421875,ZeroPred,0.49363231658935547,0.00856199860572815
1281,HAR_EWM,0.48160162568092346,PatchTST,0.48246636986732483,0.0008647441864013672,ZeroPred,0.48641595244407654,0.004814326763153076
1282,TimeXer,0.4646385610103607,iTransformer,0.47344422340393066,0.008805662393569946,ZeroPred,0.4833420217037201,0.018703460693359375
1283,iTransformer,0.4755608141422272,TimeXer,0.47924375534057617,0.003682941198348999,ZeroPred,0.48396483063697815,0.008404016494750977
1284,TimeMixer,0.4713772237300873,HAR_EWM,0.4759909212589264,0.004613697528839111,ZeroPred,0.48152127861976624,0.010144054889678955
1285,HAR_EWM,0.47836002707481384,FreTS,0.47864317893981934,0.00028315186500549316,ZeroPred,0.48336318135261536,0.005003154277801514
1286,TimeMixer,0.47261571884155273,HAR_EWM,0.47824159264564514,0.005625873804092407,ZeroPred,0.4834105670452118,0.010794848203659058
1287,TimeMixer,0.46876922249794006,HAR_EWM,0.4787311851978302,0.009961962699890137,ZeroPred,0.4829658269882202,0.014196604490280151
1288,DLinear,0.4769470691680908,HAR_EWM,0.4791226387023926,0.002175569534301758,ZeroPred,0.4829690754413605,0.006022006273269653
1289,HAR_EWM,0.4789458215236664,ZeroPred,0.4818669557571411,0.0029211342334747314,ZeroPred,0.4818669557571411,0.0029211342334747314
1290,iTransformer,0.46767911314964294,PatchTST,0.4752120077610016,0.007532894611358643,ZeroPred,0.47689270973205566,0.00921359658241272
1291,TimeMixer,0.4834529459476471,DLinear,0.4872056543827057,0.0037527084350585938,ZeroPred,0.4911065995693207,0.007653653621673584
1292,HAR_EWM,0.49251532554626465,TimeXer,0.4927334487438202,0.000218123197555542,ZeroPred,0.495939165353775,0.003423839807510376
1293,PatchTST,0.4905659854412079,HAR_EWM,0.4920680522918701,0.0015020668506622314,ZeroPred,0.493320494890213,0.002754509449005127
1294,PatchTST,0.48709550499916077,HAR_EWM,0.4922184646129608,0.005122959613800049,ZeroPred,0.4925476610660553,0.005452156066894531
1295,PatchTST,0.4898034334182739,TimeXer,0.4900756776332855,0.0002722442150115967,ZeroPred,0.49214088916778564,0.0023374557495117188
1296,TimeMixer,0.47653424739837646,iTransformer,0.4802719056606293,0.0037376582622528076,ZeroPred,0.4864879548549652,0.009953707456588745
1297,iTransformer,0.4580865800380707,PatchTST,0.45898592472076416,0.0008993446826934814,ZeroPred,0.461679071187973,0.0035924911499023438
1298,DLinear,0.4325014352798462,TimeMixer,0.4329166114330292,0.0004151761531829834,ZeroPred,0.439487099647522,0.006985664367675781
1299,PatchTST,0.4240870177745819,HAR_EWM,0.4252758324146271,0.001188814640045166,ZeroPred,0.4279673099517822,0.0038802921772003174
1300,TimeMixer,0.4168200194835663,iTransformer,0.42203035950660706,0.0052103400230407715,ZeroPred,0.42616379261016846,0.009343773126602173
1301,TimeMixer,0.41549810767173767,iTransformer,0.41829708218574524,0.0027989745140075684,ZeroPred,0.4253542721271515,0.009856164455413818
1302,iTransformer,0.4037308394908905,DLinear,0.4107528626918793,0.0070220232009887695,ZeroPred,0.421191543340683,0.01746070384979248
1303,DLinear,0.4327121675014496,TimeMixer,0.4362945556640625,0.003582388162612915,ZeroPred,0.44006356596946716,0.007351398468017578
1304,FreTS,0.43499359488487244,iTransformer,0.435347318649292,0.00035372376441955566,ZeroPred,0.4428321123123169,0.007838517427444458
1305,iTransformer,0.4366205632686615,DLinear,0.4395747482776642,0.0029541850090026855,ZeroPred,0.44480469822883606,0.00818413496017456
1306,TimeMixer,0.43649062514305115,DLinear,0.43686985969543457,0.00037923455238342285,ZeroPred,0.44538286328315735,0.008892238140106201
1307,TimeMixer,0.4350855350494385,Persistence,0.4406704902648926,0.0055849552154541016,ZeroPred,0.44546258449554443,0.010377049446105957
1308,iTransformer,0.4257984161376953,TimeMixer,0.43613123893737793,0.010332822799682617,ZeroPred,0.44571614265441895,0.019917726516723633
1309,iTransformer,0.41089725494384766,TimeMixer,0.41792306303977966,0.007025808095932007,ZeroPred,0.42338183522224426,0.012484580278396606
1310,TimeMixer,0.41450223326683044,TimeXer,0.4157660901546478,0.0012638568878173828,ZeroPred,0.42488494515419006,0.01038271188735962
1311,iTransformer,0.4126453399658203,HAR_EWM,0.419501930475235,0.006856590509414673,ZeroPred,0.4244464933872223,0.011801153421401978
1312,DLinear,0.42139509320259094,iTransformer,0.42305418848991394,0.001659095287322998,ZeroPred,0.42847272753715515,0.007077634334564209
1313,TimeMixer,0.420211523771286,DLinear,0.4224482476711273,0.0022367238998413086,ZeroPred,0.4287830889225006,0.0085715651512146
1314,PatchTST,0.4246065616607666,HAR_EWM,0.4247713088989258,0.0001647472381591797,ZeroPred,0.4282843768596649,0.0036778151988983154
1315,TimeMixer,0.40886393189430237,DLinear,0.4178530275821686,0.008989095687866211,ZeroPred,0.4246850907802582,0.01582115888595581
1316,TimeMixer,0.41377735137939453,HAR_EWM,0.4194078743457794,0.005630522966384888,ZeroPred,0.4237349331378937,0.009957581758499146
1317,iTransformer,0.41496872901916504,TimeMixer,0.4216030538082123,0.006634324789047241,ZeroPred,0.4266304671764374,0.011661738157272339
1318,TimeMixer,0.41813230514526367,DLinear,0.4216872751712799,0.0035549700260162354,ZeroPred,0.42768940329551697,0.009557098150253296
1319,DLinear,0.4173242747783661,TimeMixer,0.4228505790233612,0.005526304244995117,ZeroPred,0.4272380769252777,0.009913802146911621
1320,DLinear,0.41352152824401855,iTransformer,0.41404807567596436,0.0005265474319458008,ZeroPred,0.4209727346897125,0.00745120644569397
1321,TimeMixer,0.40715646743774414,TimeXer,0.41573235392570496,0.008575886487960815,ZeroPred,0.4208676815032959,0.013711214065551758
1322,PatchTST,0.4032946527004242,TimeMixer,0.4039759933948517,0.0006813406944274902,ZeroPred,0.4085695445537567,0.0052748918533325195
1323,TimeMixer,0.40271425247192383,FreTS,0.40338730812072754,0.0006730556488037109,ZeroPred,0.4085121154785156,0.005797863006591797
1324,TimeXer,0.4059363305568695,TimeMixer,0.406022310256958,8.597970008850098e-05,ZeroPred,0.41200414299964905,0.006067812442779541
1325,TimeXer,0.3968398869037628,TimeMixer,0.40629592537879944,0.009456038475036621,ZeroPred,0.41148805618286133,0.01464816927909851
1326,DLinear,0.41249728202819824,TimeXer,0.4132884442806244,0.0007911622524261475,ZeroPred,0.42140641808509827,0.008909136056900024
1327,iTransformer,0.40385743975639343,TimeMixer,0.40780308842658997,0.003945648670196533,ZeroPred,0.413662314414978,0.009804874658584595
1328,TimeXer,0.46919241547584534,TimeMixer,0.47871875762939453,0.009526342153549194,ZeroPred,0.4823545217514038,0.013162106275558472
1329,iTransformer,0.47291603684425354,HAR_EWM,0.47946032881736755,0.006544291973114014,ZeroPred,0.48084011673927307,0.007924079895019531
1330,TimeXer,0.532777726650238,HAR_EWM,0.5358746647834778,0.003096938133239746,ZeroPred,0.536175012588501,0.0033972859382629395
1331,FreTS,0.5115451812744141,TimeXer,0.5158867239952087,0.004341542720794678,ZeroPred,0.5181294083595276,0.006584227085113525
1332,TimeMixer,0.513140857219696,PatchTST,0.5150874257087708,0.001946568489074707,ZeroPred,0.5160592198371887,0.0029183626174926758
1333,TimeXer,0.5159308910369873,iTransformer,0.5182694792747498,0.002338588237762451,ZeroPred,0.5201802253723145,0.0042493343353271484
1334,TimeXer,0.5150588154792786,TimeMixer,0.5182525515556335,0.0031937360763549805,ZeroPred,0.520217776298523,0.005158960819244385
1335,PatchTST,0.5082508325576782,HAR_EWM,0.5105802416801453,0.002329409122467041,ZeroPred,0.5109701752662659,0.0027193427085876465
1336,PatchTST,0.5072557926177979,FreTS,0.5090082883834839,0.0017524957656860352,ZeroPred,0.5103905200958252,0.0031347274780273438
1337,TimeXer,0.5046108365058899,PatchTST,0.5064433217048645,0.0018324851989746094,ZeroPred,0.5100483298301697,0.005437493324279785
1338,PatchTST,0.5021958351135254,ZeroPred,0.5048618316650391,0.002665996551513672,ZeroPred,0.5048618316650391,0.002665996551513672
1339,iTransformer,0.49341437220573425,TimeXer,0.5040505528450012,0.010636180639266968,ZeroPred,0.5072900056838989,0.013875633478164673
1340,PatchTST,0.510469377040863,ZeroPred,0.5116211771965027,0.0011518001556396484,ZeroPred,0.5116211771965027,0.0011518001556396484
1341,PatchTST,0.5088364481925964,FreTS,0.5097389817237854,0.0009025335311889648,ZeroPred,0.5129840970039368,0.004147648811340332
1342,TimeMixer,0.5108978748321533,iTransformer,0.5110099911689758,0.00011211633682250977,ZeroPred,0.5162007808685303,0.005302906036376953
1343,PatchTST,0.49570250511169434,ZeroPred,0.5022667050361633,0.006564199924468994,ZeroPred,0.5022667050361633,0.006564199924468994
1344,PatchTST,0.504840612411499,ZeroPred,0.5071057677268982,0.00226515531539917,ZeroPred,0.5071057677268982,0.00226515531539917
1345,iTransformer,0.502515435218811,PatchTST,0.5074502825737,0.004934847354888916,ZeroPred,0.5090108513832092,0.006495416164398193
1346,PatchTST,0.5052775740623474,ZeroPred,0.5056653618812561,0.0003877878189086914,ZeroPred,0.5056653618812561,0.0003877878189086914
1347,TimeMixer,0.4953206777572632,iTransformer,0.504027783870697,0.008707106113433838,ZeroPred,0.5094203352928162,0.014099657535552979
1348,iTransformer,0.551352858543396,FreTS,0.5529569983482361,0.0016041398048400879,ZeroPred,0.5543050169944763,0.0029521584510803223
1349,TimeMixer,0.5419811010360718,PatchTST,0.5520053505897522,0.01002424955368042,ZeroPred,0.5542141795158386,0.012233078479766846
1350,TimeMixer,0.5645198225975037,PatchTST,0.5670527815818787,0.002532958984375,ZeroPred,0.5719324946403503,0.00741267204284668
1351,TimeMixer,0.5637806057929993,TimeXer,0.5712695717811584,0.00748896598815918,ZeroPred,0.5726917386054993,0.0089111328125
1352,iTransformer,0.5626147389411926,PatchTST,0.5730752348899841,0.010460495948791504,ZeroPred,0.573906660079956,0.011291921138763428
1353,iTransformer,0.570257842540741,FreTS,0.572822630405426,0.0025647878646850586,ZeroPred,0.5753445625305176,0.005086719989776611
1354,iTransformer,0.5737967491149902,TimeMixer,0.5743374824523926,0.0005407333374023438,ZeroPred,0.577970564365387,0.0041738152503967285
1355,iTransformer,0.5738317370414734,PatchTST,0.5751498341560364,0.0013180971145629883,ZeroPred,0.5756540894508362,0.001822352409362793
1356,iTransformer,0.5779659748077393,PatchTST,0.5807924866676331,0.002826511859893799,ZeroPred,0.5827166438102722,0.004750669002532959
1357,TimeMixer,0.5695998072624207,TimeXer,0.576044499874115,0.006444692611694336,ZeroPred,0.5768820643424988,0.007282257080078125
1358,iTransformer,0.5712863802909851,HAR_EWM,0.575660228729248,0.0043738484382629395,ZeroPred,0.576509416103363,0.00522303581237793
1359,HAR_EWM,0.5757153630256653,ZeroPred,0.576580286026001,0.0008649230003356934,ZeroPred,0.576580286026001,0.0008649230003356934
1360,iTransformer,0.5975246429443359,FreTS,0.604325532913208,0.00680088996887207,ZeroPred,0.6082472205162048,0.010722577571868896
1361,iTransformer,0.5928256511688232,FreTS,0.6028233766555786,0.009997725486755371,ZeroPred,0.6078803539276123,0.015054702758789062
1362,TimeMixer,0.5828194618225098,FreTS,0.5862479209899902,0.0034284591674804688,ZeroPred,0.5932149887084961,0.010395526885986328
1363,DLinear,0.4741361141204834,iTransformer,0.47468504309654236,0.00054892897605896,ZeroPred,0.47946226596832275,0.0053261518478393555
1364,ZeroPred,0.4748408794403076,PatchTST,0.47819313406944275,0.003352254629135132,ZeroPred,0.4748408794403076,0.0
1365,TimeXer,0.4653053283691406,ZeroPred,0.4712044298648834,0.005899101495742798,ZeroPred,0.4712044298648834,0.005899101495742798
1366,ZeroPred,0.4595232903957367,FreTS,0.46145519614219666,0.001931905746459961,ZeroPred,0.4595232903957367,0.0
1367,ZeroPred,0.44785967469215393,FreTS,0.44953426718711853,0.0016745924949645996,ZeroPred,0.44785967469215393,0.0
1368,ZeroPred,0.4529202878475189,FreTS,0.45654192566871643,0.0036216378211975098,ZeroPred,0.4529202878475189,0.0
1369,Persistence,0.4506851136684418,FreTS,0.452551931142807,0.0018668174743652344,ZeroPred,0.45302820205688477,0.002343088388442993
1370,ZeroPred,0.49742957949638367,FreTS,0.5004346966743469,0.003005117177963257,ZeroPred,0.49742957949638367,0.0
1371,ZeroPred,0.5052904486656189,DLinear,0.5076239109039307,0.0023334622383117676,ZeroPred,0.5052904486656189,0.0
1372,FreTS,0.5120747089385986,ZeroPred,0.5173833966255188,0.005308687686920166,ZeroPred,0.5173833966255188,0.005308687686920166
1373,FreTS,0.5425881743431091,ZeroPred,0.5476115345954895,0.005023360252380371,ZeroPred,0.5476115345954895,0.005023360252380371
1374,ZeroPred,0.5626428127288818,TimeXer,0.5640459656715393,0.0014031529426574707,ZeroPred,0.5626428127288818,0.0
1375,DLinear,0.5529508590698242,TimeXer,0.5565723776817322,0.003621518611907959,ZeroPred,0.5634327530860901,0.01048189401626587
1376,FreTS,0.552764356136322,ZeroPred,0.5547106862068176,0.0019463300704956055,ZeroPred,0.5547106862068176,0.0019463300704956055
1377,ZeroPred,0.555371105670929,FreTS,0.5579330325126648,0.00256192684173584,ZeroPred,0.555371105670929,0.0
1378,TimeXer,0.5522748827934265,FreTS,0.5528829097747803,0.0006080269813537598,ZeroPred,0.5543921589851379,0.0021172761917114258
1379,DLinear,0.5574306845664978,ZeroPred,0.5631716251373291,0.005740940570831299,ZeroPred,0.5631716251373291,0.005740940570831299
1380,DLinear,0.5680384635925293,FreTS,0.5699822306632996,0.0019437670707702637,ZeroPred,0.5757136344909668,0.0076751708984375
1381,DLinear,0.5692471265792847,ZeroPred,0.5761855244636536,0.0069383978843688965,ZeroPred,0.5761855244636536,0.0069383978843688965
1382,DLinear,0.5734886527061462,ZeroPred,0.5764185786247253,0.0029299259185791016,ZeroPred,0.5764185786247253,0.0029299259185791016
1383,DLinear,0.5733173489570618,FreTS,0.5761129260063171,0.002795577049255371,ZeroPred,0.5795077681541443,0.0061904191970825195
1384,ZeroPred,0.5801873207092285,DLinear,0.5821097493171692,0.0019224286079406738,ZeroPred,0.5801873207092285,0.0
1385,iTransformer,0.579684317111969,ZeroPred,0.5808811783790588,0.0011968612670898438,ZeroPred,0.5808811783790588,0.0011968612670898438
1386,iTransformer,0.5734501481056213,FreTS,0.5743629336357117,0.000912785530090332,ZeroPred,0.5817522406578064,0.008302092552185059
1387,FreTS,0.5648838877677917,ZeroPred,0.567769467830658,0.002885580062866211,ZeroPred,0.567769467830658,0.002885580062866211
1388,ZeroPred,0.5599804520606995,DLinear,0.561008632183075,0.0010281801223754883,ZeroPred,0.5599804520606995,0.0
1389,ZeroPred,0.5600967407226562,PatchTST,0.5617176294326782,0.0016208887100219727,ZeroPred,0.5600967407226562,0.0
1390,FreTS,0.5497390031814575,iTransformer,0.5562998652458191,0.006560862064361572,ZeroPred,0.5606501698493958,0.010911166667938232
1391,iTransformer,0.556668221950531,ZeroPred,0.5603447556495667,0.0036765336990356445,ZeroPred,0.5603447556495667,0.0036765336990356445
1392,ZeroPred,0.5682916045188904,DLinear,0.5706648230552673,0.002373218536376953,ZeroPred,0.5682916045188904,0.0
1393,DLinear,0.587787926197052,ZeroPred,0.5924084186553955,0.004620492458343506,ZeroPred,0.5924084186553955,0.004620492458343506
1394,FreTS,0.5902847051620483,ZeroPred,0.5914352536201477,0.0011505484580993652,ZeroPred,0.5914352536201477,0.0011505484580993652
1395,DLinear,0.5892485976219177,ZeroPred,0.5927445292472839,0.003495931625366211,ZeroPred,0.5927445292472839,0.003495931625366211
1396,ZeroPred,0.5996803641319275,iTransformer,0.5997583270072937,7.796287536621094e-05,ZeroPred,0.5996803641319275,0.0
1397,DLinear,0.6005892157554626,ZeroPred,0.6100093722343445,0.009420156478881836,ZeroPred,0.6100093722343445,0.009420156478881836
1398,ZeroPred,0.6099763512611389,FreTS,0.6122458577156067,0.0022695064544677734,ZeroPred,0.6099763512611389,0.0
1399,FreTS,0.6011446118354797,ZeroPred,0.6063324809074402,0.005187869071960449,ZeroPred,0.6063324809074402,0.005187869071960449
1400,ZeroPred,0.6038782596588135,FreTS,0.6105453968048096,0.006667137145996094,ZeroPred,0.6038782596588135,0.0
1401,FreTS,0.5992986559867859,ZeroPred,0.6014695167541504,0.002170860767364502,ZeroPred,0.6014695167541504,0.002170860767364502
1402,ZeroPred,0.6013434529304504,DLinear,0.6065124869346619,0.005169034004211426,ZeroPred,0.6013434529304504,0.0
1403,FreTS,0.5997952222824097,DLinear,0.6016338467597961,0.0018386244773864746,ZeroPred,0.6023889780044556,0.0025937557220458984
1404,FreTS,0.5934656858444214,ZeroPred,0.5955135822296143,0.002047896385192871,ZeroPred,0.5955135822296143,0.002047896385192871
1405,FreTS,0.593997061252594,ZeroPred,0.5973455905914307,0.00334852933883667,ZeroPred,0.5973455905914307,0.00334852933883667
1406,FreTS,0.6112707257270813,ZeroPred,0.6112833619117737,1.2636184692382812e-05,ZeroPred,0.6112833619117737,1.2636184692382812e-05
1407,FreTS,0.6048347353935242,ZeroPred,0.6118977069854736,0.007062971591949463,ZeroPred,0.6118977069854736,0.007062971591949463
1408,FreTS,0.6131300926208496,ZeroPred,0.6143943667411804,0.0012642741203308105,ZeroPred,0.6143943667411804,0.0012642741203308105
1409,ZeroPred,0.6166666746139526,TimeXer,0.6193180084228516,0.0026513338088989258,ZeroPred,0.6166666746139526,0.0
1410,ZeroPred,0.6174212098121643,Persistence,0.6177701950073242,0.0003489851951599121,ZeroPred,0.6174212098121643,0.0
1411,TimeXer,0.6127846837043762,ZeroPred,0.6173109412193298,0.004526257514953613,ZeroPred,0.6173109412193298,0.004526257514953613
1412,TimeXer,0.6088537573814392,ZeroPred,0.6198164820671082,0.010962724685668945,ZeroPred,0.6198164820671082,0.010962724685668945
1413,TimeXer,0.6068292260169983,ZeroPred,0.6150548458099365,0.008225619792938232,ZeroPred,0.6150548458099365,0.008225619792938232
1414,FreTS,0.6128215789794922,TimeMixer,0.6131636500358582,0.0003420710563659668,ZeroPred,0.6151729226112366,0.0023513436317443848
1415,FreTS,0.6108871102333069,TimeXer,0.615543007850647,0.004655897617340088,ZeroPred,0.6157433986663818,0.004856288433074951
1416,DLinear,0.6131271719932556,ZeroPred,0.6156433820724487,0.0025162100791931152,ZeroPred,0.6156433820724487,0.0025162100791931152
1417,FreTS,0.6248273253440857,iTransformer,0.6298944354057312,0.005067110061645508,ZeroPred,0.6302102208137512,0.005382895469665527
1418,FreTS,0.6383573412895203,ZeroPred,0.642586886882782,0.004229545593261719,ZeroPred,0.642586886882782,0.004229545593261719
1419,TimeXer,0.6417554020881653,ZeroPred,0.6435480117797852,0.001792609691619873,ZeroPred,0.6435480117797852,0.001792609691619873
1420,ZeroPred,0.641939103603363,FreTS,0.6474897265434265,0.0055506229400634766,ZeroPred,0.641939103603363,0.0
1421,ZeroPred,0.6409215331077576,FreTS,0.6421806812286377,0.001259148120880127,ZeroPred,0.6409215331077576,0.0
1422,TimeXer,0.6260247826576233,ZeroPred,0.6314719319343567,0.0054471492767333984,ZeroPred,0.6314719319343567,0.0054471492767333984
1423,ZeroPred,0.6340364813804626,HAR_EWM,0.6357721090316772,0.0017356276512145996,ZeroPred,0.6340364813804626,0.0
1424,TimeXer,0.5642936825752258,TimeMixer,0.5662185549736023,0.0019248723983764648,ZeroPred,0.5662297606468201,0.0019360780715942383
1425,TimeXer,0.5619060397148132,FreTS,0.5619078278541565,1.7881393432617188e-06,ZeroPred,0.5638434290885925,0.0019373893737792969
1426,FreTS,0.50962895154953,PatchTST,0.5125409960746765,0.0029120445251464844,ZeroPred,0.5129088163375854,0.00327986478805542
1427,PatchTST,0.5023186206817627,ZeroPred,0.5047104358673096,0.002391815185546875,ZeroPred,0.5047104358673096,0.002391815185546875
1428,iTransformer,0.49374547600746155,FreTS,0.5009887218475342,0.007243245840072632,ZeroPred,0.5040790438652039,0.01033356785774231
1429,PatchTST,0.5010828375816345,TimeXer,0.5014758110046387,0.0003929734230041504,ZeroPred,0.5021894574165344,0.0011066198348999023
1430,PatchTST,0.4994916021823883,FreTS,0.501984179019928,0.002492576837539673,ZeroPred,0.5022462010383606,0.00275459885597229
1431,PatchTST,0.5028982758522034,DLinear,0.5036510825157166,0.0007528066635131836,ZeroPred,0.5041103363037109,0.0012120604515075684
1432,PatchTST,0.5025321841239929,FreTS,0.5040320158004761,0.0014998316764831543,ZeroPred,0.5045568346977234,0.0020246505737304688
1433,ZeroPred,0.5047126412391663,PatchTST,0.5054473280906677,0.0007346868515014648,ZeroPred,0.5047126412391663,0.0
1434,TimeXer,0.49955204129219055,FreTS,0.5015407204627991,0.0019886791706085205,ZeroPred,0.5050638318061829,0.00551179051399231
1435,DLinear,0.49444055557250977,FreTS,0.5026074051856995,0.008166849613189697,ZeroPred,0.5033173561096191,0.008876800537109375
1436,FreTS,0.49630698561668396,ZeroPred,0.499662309885025,0.0033553242683410645,ZeroPred,0.499662309885025,0.0033553242683410645
1437,TimeMixer,0.49511945247650146,PatchTST,0.4960698187351227,0.0009503662586212158,ZeroPred,0.4966466426849365,0.0015271902084350586
1438,DLinear,0.4863854944705963,TimeMixer,0.4864303171634674,4.482269287109375e-05,ZeroPred,0.49397012591362,0.007584631443023682
1439,DLinear,0.4884243309497833,PatchTST,0.4945526123046875,0.006128281354904175,ZeroPred,0.49516022205352783,0.006735891103744507
1440,TimeXer,0.488920658826828,PatchTST,0.4890524446964264,0.00013178586959838867,ZeroPred,0.48999178409576416,0.0010711252689361572
1441,TimeXer,0.49394723773002625,PatchTST,0.5008999109268188,0.0069526731967926025,ZeroPred,0.5021568536758423,0.00820961594581604
1442,iTransformer,0.4986920654773712,FreTS,0.5038623213768005,0.005170255899429321,ZeroPred,0.5047219395637512,0.006029874086380005
1443,PatchTST,0.5326516032218933,TimeMixer,0.5351743698120117,0.002522766590118408,ZeroPred,0.5380266308784485,0.005375027656555176
1444,iTransformer,0.483616441488266,PatchTST,0.48660555481910706,0.0029891133308410645,ZeroPred,0.4923022985458374,0.008685857057571411
1445,PatchTST,0.48662683367729187,ZeroPred,0.4927845299243927,0.00615769624710083,ZeroPred,0.4927845299243927,0.00615769624710083
1446,iTransformer,0.5106427073478699,PatchTST,0.5113512873649597,0.0007085800170898438,ZeroPred,0.5168169140815735,0.006174206733703613
1447,iTransformer,0.5136566162109375,TimeXer,0.5187121033668518,0.005055487155914307,ZeroPred,0.5224471688270569,0.008790552616119385
1448,iTransformer,0.5077204704284668,PatchTST,0.5190230011940002,0.011302530765533447,ZeroPred,0.5219611525535583,0.014240682125091553
1449,iTransformer,0.5035993456840515,PatchTST,0.5214113593101501,0.017812013626098633,ZeroPred,0.5222522616386414,0.018652915954589844
1450,PatchTST,0.5151233077049255,FreTS,0.5160126090049744,0.0008893013000488281,ZeroPred,0.5207929611206055,0.005669653415679932
1451,Persistence,0.5222689509391785,TimeXer,0.5239385366439819,0.0016695857048034668,ZeroPred,0.5340418219566345,0.011772871017456055
1452,PatchTST,0.5184794068336487,FreTS,0.524215042591095,0.005735635757446289,ZeroPred,0.5267448425292969,0.008265435695648193
1453,PatchTST,0.5207920670509338,iTransformer,0.5221138596534729,0.0013217926025390625,ZeroPred,0.5270757079124451,0.0062836408615112305
1454,PatchTST,0.5705799460411072,TimeXer,0.5764740109443665,0.005894064903259277,ZeroPred,0.5781479477882385,0.007568001747131348
1455,iTransformer,0.7061528563499451,TimeMixer,0.7120410799980164,0.005888223648071289,ZeroPred,0.716518223285675,0.01036536693572998
1456,PatchTST,1.0386738777160645,HAR_EWM,1.0406256914138794,0.0019518136978149414,ZeroPred,1.0522516965866089,0.013577818870544434
1457,PatchTST,1.0375853776931763,TimeXer,1.0379986763000488,0.0004132986068725586,ZeroPred,1.0503758192062378,0.012790441513061523
1458,Persistence,1.0292472839355469,HAR_EWM,1.0460383892059326,0.016791105270385742,ZeroPred,1.0535920858383179,0.024344801902770996
1459,HAR_EWM,1.0527300834655762,ZeroPred,1.0547088384628296,0.001978754997253418,ZeroPred,1.0547088384628296,0.001978754997253418
1460,Persistence,1.0258402824401855,DLinear,1.039543628692627,0.013703346252441406,ZeroPred,1.0547000169754028,0.028859734535217285
1461,DLinear,1.0454531908035278,ZeroPred,1.0494970083236694,0.0040438175201416016,ZeroPred,1.0494970083236694,0.0040438175201416016
1462,FreTS,1.0803948640823364,ZeroPred,1.0846582651138306,0.004263401031494141,ZeroPred,1.0846582651138306,0.004263401031494141
1463,FreTS,1.0940710306167603,ZeroPred,1.0997611284255981,0.005690097808837891,ZeroPred,1.0997611284255981,0.005690097808837891
1464,DLinear,1.0902196168899536,ZeroPred,1.0970526933670044,0.006833076477050781,ZeroPred,1.0970526933670044,0.006833076477050781
1465,ZeroPred,1.106613278388977,DLinear,1.1087085008621216,0.0020952224731445312,ZeroPred,1.106613278388977,0.0
1466,ZeroPred,1.0651788711547852,FreTS,1.067584753036499,0.002405881881713867,ZeroPred,1.0651788711547852,0.0
1467,HAR_EWM,1.0578856468200684,DLinear,1.0600218772888184,0.00213623046875,ZeroPred,1.0640803575515747,0.006194710731506348
1468,ZeroPred,1.0595139265060425,DLinear,1.064674735069275,0.005160808563232422,ZeroPred,1.0595139265060425,0.0
1469,DLinear,1.039691686630249,ZeroPred,1.0474690198898315,0.0077773332595825195,ZeroPred,1.0474690198898315,0.0077773332595825195
1470,FreTS,1.0335067510604858,ZeroPred,1.0371050834655762,0.003598332405090332,ZeroPred,1.0371050834655762,0.003598332405090332
1471,DLinear,1.0267938375473022,FreTS,1.0325814485549927,0.00578761100769043,ZeroPred,1.0350457429885864,0.00825190544128418
1472,DLinear,1.0407363176345825,HAR_EWM,1.0451267957687378,0.0043904781341552734,ZeroPred,1.046720027923584,0.005983710289001465
1473,DLinear,1.0472397804260254,ZeroPred,1.0577949285507202,0.010555148124694824,ZeroPred,1.0577949285507202,0.010555148124694824
1474,HAR_EWM,1.0494800806045532,DLinear,1.0497885942459106,0.0003085136413574219,ZeroPred,1.0541034936904907,0.0046234130859375
1475,DLinear,1.0286856889724731,ZeroPred,1.0428310632705688,0.014145374298095703,ZeroPred,1.0428310632705688,0.014145374298095703
1476,HAR_EWM,1.0260181427001953,ZeroPred,1.0303926467895508,0.004374504089355469,ZeroPred,1.0303926467895508,0.004374504089355469
1477,DLinear,1.0174697637557983,ZeroPred,1.0280641317367554,0.010594367980957031,ZeroPred,1.0280641317367554,0.010594367980957031
1478,DLinear,1.0198193788528442,FreTS,1.0272914171218872,0.007472038269042969,ZeroPred,1.0283098220825195,0.008490443229675293
1479,DLinear,1.0206646919250488,HAR_EWM,1.0233908891677856,0.0027261972427368164,ZeroPred,1.0272712707519531,0.006606578826904297
1480,DLinear,1.0164573192596436,HAR_EWM,1.0267785787582397,0.010321259498596191,ZeroPred,1.034932255744934,0.018474936485290527
1481,HAR_EWM,1.028541922569275,DLinear,1.0317374467849731,0.003195524215698242,ZeroPred,1.0342612266540527,0.005719304084777832
1482,DLinear,1.0286990404129028,HAR_EWM,1.0323725938796997,0.003673553466796875,ZeroPred,1.034157395362854,0.005458354949951172
1483,DLinear,1.0207219123840332,HAR_EWM,1.0265761613845825,0.005854249000549316,ZeroPred,1.0329538583755493,0.012231945991516113
1484,DLinear,1.0183452367782593,HAR_EWM,1.0402588844299316,0.021913647651672363,ZeroPred,1.043515682220459,0.025170445442199707
1485,Persistence,1.0208284854888916,DLinear,1.0304018259048462,0.00957334041595459,ZeroPred,1.045405387878418,0.024576902389526367
1486,DLinear,1.0114585161209106,TimeMixer,1.0380533933639526,0.026594877243041992,ZeroPred,1.0441826581954956,0.03272414207458496
1487,DLinear,1.0096149444580078,Persistence,1.0149102210998535,0.005295276641845703,ZeroPred,1.044838786125183,0.03522384166717529
1488,DLinear,1.02980637550354,iTransformer,1.0320987701416016,0.0022923946380615234,ZeroPred,1.034989595413208,0.005183219909667969
1489,DLinear,0.9957447052001953,FreTS,1.0134929418563843,0.017748236656188965,ZeroPred,1.015060305595398,0.019315600395202637
1490,FreTS,1.0492076873779297,DLinear,1.0550891160964966,0.0058814287185668945,ZeroPred,1.0635799169540405,0.01437222957611084
1491,Persistence,1.0407077074050903,DLinear,1.064451813697815,0.02374410629272461,ZeroPred,1.0759485960006714,0.035240888595581055
1492,DLinear,1.0825241804122925,FreTS,1.096778392791748,0.014254212379455566,ZeroPred,1.0985430479049683,0.01601886749267578
1493,DLinear,1.0617018938064575,HAR_EWM,1.0895761251449585,0.027874231338500977,ZeroPred,1.0896658897399902,0.027963995933532715
1494,Persistence,1.0656987428665161,DLinear,1.0717090368270874,0.006010293960571289,ZeroPred,1.0914835929870605,0.025784850120544434
1495,TimeMixer,1.05396568775177,HAR_EWM,1.0641332864761353,0.010167598724365234,ZeroPred,1.0766563415527344,0.022690653800964355
1496,DLinear,1.0648623704910278,HAR_EWM,1.0720254182815552,0.007163047790527344,ZeroPred,1.0808759927749634,0.016013622283935547
1497,DLinear,1.0680036544799805,TimeMixer,1.0689102411270142,0.0009065866470336914,ZeroPred,1.080853819847107,0.012850165367126465
1498,DLinear,1.060246467590332,HAR_EWM,1.0764905214309692,0.016244053840637207,ZeroPred,1.0818192958831787,0.02157282829284668
1499,Persistence,1.087661862373352,DLinear,1.0879899263381958,0.00032806396484375,ZeroPred,1.1020479202270508,0.01438605785369873
1500,DLinear,1.078385829925537,HAR_EWM,1.0955727100372314,0.017186880111694336,ZeroPred,1.1009888648986816,0.02260303497314453
1501,DLinear,1.0792526006698608,HAR_EWM,1.0888298749923706,0.009577274322509766,ZeroPred,1.0986233949661255,0.01937079429626465
1502,HAR_EWM,1.065841555595398,DLinear,1.0669234991073608,0.0010819435119628906,ZeroPred,1.0836151838302612,0.01777362823486328
1503,DLinear,1.0591315031051636,HAR_EWM,1.0669775009155273,0.00784599781036377,ZeroPred,1.082727313041687,0.023595809936523438
1504,HAR_EWM,1.070990800857544,DLinear,1.0719412565231323,0.0009504556655883789,ZeroPred,1.0809463262557983,0.009955525398254395
1505,HAR_EWM,1.0771929025650024,TimeMixer,1.0791081190109253,0.0019152164459228516,ZeroPred,1.0919514894485474,0.014758586883544922
1506,HAR_EWM,1.0823153257369995,DLinear,1.0832651853561401,0.000949859619140625,ZeroPred,1.0939693450927734,0.011654019355773926
1507,DLinear,1.0811549425125122,HAR_EWM,1.087424397468567,0.0062694549560546875,ZeroPred,1.0969582796096802,0.01580333709716797
1508,HAR_EWM,1.1071221828460693,DLinear,1.113974690437317,0.006852507591247559,ZeroPred,1.1223782300949097,0.015256047248840332
1509,Persistence,1.0786463022232056,DLinear,1.0989391803741455,0.02029287815093994,ZeroPred,1.12175714969635,0.04311084747314453
1510,DLinear,1.161712408065796,HAR_EWM,1.162000060081482,0.00028765201568603516,ZeroPred,1.1797198057174683,0.018007397651672363
1511,HAR_EWM,1.1639512777328491,FreTS,1.1700783967971802,0.006127119064331055,ZeroPred,1.1790307760238647,0.015079498291015625
1512,Persistence,1.1445821523666382,HAR_EWM,1.1639494895935059,0.019367337226867676,ZeroPred,1.1801198720932007,0.0355377197265625
1513,HAR_EWM,1.1609822511672974,FreTS,1.1634734869003296,0.0024912357330322266,ZeroPred,1.166061282157898,0.005079030990600586
1514,HAR_EWM,1.166732907295227,TimeMixer,1.1775290966033936,0.010796189308166504,ZeroPred,1.1804938316345215,0.013760924339294434
1515,HAR_EWM,1.1650875806808472,TimeMixer,1.173394799232483,0.008307218551635742,ZeroPred,1.1805258989334106,0.015438318252563477
1516,HAR_EWM,1.1674563884735107,ZeroPred,1.1799936294555664,0.012537240982055664,ZeroPred,1.1799936294555664,0.012537240982055664
1517,HAR_EWM,1.1713521480560303,TimeXer,1.1715399026870728,0.00018775463104248047,ZeroPred,1.1813883781433105,0.010036230087280273
1518,Persistence,1.1508642435073853,TimeXer,1.1604470014572144,0.009582757949829102,ZeroPred,1.1812289953231812,0.0303647518157959
1519,TimeMixer,1.1583715677261353,HAR_EWM,1.1741182804107666,0.015746712684631348,ZeroPred,1.1791552305221558,0.020783662796020508
1520,HAR_EWM,1.2424850463867188,DLinear,1.247672200202942,0.0051871538162231445,ZeroPred,1.2493177652359009,0.006832718849182129
1521,Persistence,1.2577556371688843,TimeMixer,1.2618374824523926,0.004081845283508301,ZeroPred,1.2702168226242065,0.012461185455322266
1522,TimeMixer,1.253868579864502,iTransformer,1.2543247938156128,0.00045621395111083984,ZeroPred,1.2694895267486572,0.015620946884155273
1523,PatchTST,1.252428412437439,iTransformer,1.252484917640686,5.650520324707031e-05,ZeroPred,1.2710202932357788,0.018591880798339844
1524,PatchTST,1.2557835578918457,Persistence,1.2583221197128296,0.0025385618209838867,ZeroPred,1.2710251808166504,0.015241622924804688
1525,HAR_EWM,1.2570661306381226,PatchTST,1.2572165727615356,0.00015044212341308594,ZeroPred,1.2687572240829468,0.011691093444824219
1526,TimeXer,1.2460421323776245,TimeMixer,1.2616692781448364,0.015627145767211914,ZeroPred,1.2727683782577515,0.026726245880126953
1527,TimeXer,1.2477220296859741,iTransformer,1.2566665410995483,0.008944511413574219,ZeroPred,1.2704575061798096,0.02273547649383545
1528,TimeXer,1.247460126876831,iTransformer,1.2499970197677612,0.0025368928909301758,ZeroPred,1.2699772119522095,0.022517085075378418
1529,TimeXer,1.2555588483810425,iTransformer,1.2589274644851685,0.0033686161041259766,ZeroPred,1.2727292776107788,0.017170429229736328
1530,PatchTST,1.2614760398864746,Persistence,1.2639446258544922,0.002468585968017578,ZeroPred,1.275009036064148,0.01353299617767334
1531,TimeXer,1.2661949396133423,TimeMixer,1.268581509590149,0.0023865699768066406,ZeroPred,1.2777365446090698,0.011541604995727539
1532,PatchTST,1.2645307779312134,HAR_EWM,1.270961880683899,0.006431102752685547,ZeroPred,1.2759982347488403,0.011467456817626953
1533,TimeXer,1.257893681526184,iTransformer,1.266619324684143,0.008725643157958984,ZeroPred,1.2760673761367798,0.018173694610595703
1534,iTransformer,1.2395230531692505,FreTS,1.268999695777893,0.029476642608642578,ZeroPred,1.2763664722442627,0.03684341907501221
1535,iTransformer,1.2770229578018188,TimeXer,1.2781531810760498,0.001130223274230957,ZeroPred,1.2889878749847412,0.011964917182922363
1536,TimeMixer,1.2785686254501343,iTransformer,1.281912922859192,0.003344297409057617,ZeroPred,1.2888479232788086,0.010279297828674316
1537,TimeXer,1.2732053995132446,TimeMixer,1.2768579721450806,0.0036525726318359375,ZeroPred,1.287183403968811,0.013978004455566406
1538,iTransformer,1.2718364000320435,HAR_EWM,1.277653455734253,0.005817055702209473,ZeroPred,1.287375807762146,0.015539407730102539
1539,iTransformer,1.2235586643218994,TimeMixer,1.2351951599121094,0.011636495590209961,ZeroPred,1.256726622581482,0.03316795825958252
1540,iTransformer,1.2336807250976562,TimeMixer,1.2382227182388306,0.004541993141174316,ZeroPred,1.2628029584884644,0.029122233390808105
1541,TimeMixer,1.2248278856277466,TimeXer,1.2480216026306152,0.023193717002868652,ZeroPred,1.2626723051071167,0.03784441947937012
1542,DLinear,1.1614857912063599,TimeMixer,1.1735974550247192,0.012111663818359375,ZeroPred,1.2184752225875854,0.056989431381225586
1543,DLinear,1.19557523727417,iTransformer,1.1987581253051758,0.0031828880310058594,ZeroPred,1.221496343612671,0.025921106338500977
1544,iTransformer,1.1781110763549805,TimeXer,1.1828783750534058,0.004767298698425293,ZeroPred,1.2206894159317017,0.04257833957672119
1545,iTransformer,1.1846524477005005,TimeMixer,1.1925649642944336,0.007912516593933105,ZeroPred,1.2218660116195679,0.03721356391906738
1546,DLinear,1.1946511268615723,TimeMixer,1.205036997795105,0.010385870933532715,ZeroPred,1.2256931066513062,0.031041979789733887
1547,DLinear,1.1851511001586914,iTransformer,1.196824550628662,0.011673450469970703,ZeroPred,1.2129230499267578,0.027771949768066406
1548,DLinear,1.1804059743881226,iTransformer,1.1959978342056274,0.015591859817504883,ZeroPred,1.2170850038528442,0.03667902946472168
1549,iTransformer,1.1859464645385742,TimeMixer,1.1880890130996704,0.0021425485610961914,ZeroPred,1.2169642448425293,0.031017780303955078
1550,DLinear,1.1424821615219116,iTransformer,1.1539283990859985,0.011446237564086914,ZeroPred,1.165639877319336,0.023157715797424316
1551,FreTS,1.01331627368927,ZeroPred,1.0275259017944336,0.014209628105163574,ZeroPred,1.0275259017944336,0.014209628105163574
1552,FreTS,0.6579525470733643,ZeroPred,0.661306619644165,0.0033540725708007812,ZeroPred,0.661306619644165,0.0033540725708007812
1553,DLinear,0.6597628593444824,ZeroPred,0.6629177331924438,0.0031548738479614258,ZeroPred,0.6629177331924438,0.0031548738479614258
1554,ZeroPred,0.6605848670005798,FreTS,0.6633923649787903,0.0028074979782104492,ZeroPred,0.6605848670005798,0.0
1555,FreTS,0.646578848361969,ZeroPred,0.6576153635978699,0.011036515235900879,ZeroPred,0.6576153635978699,0.011036515235900879
1556,FreTS,0.6562783122062683,ZeroPred,0.661871075630188,0.005592763423919678,ZeroPred,0.661871075630188,0.005592763423919678
1557,ZeroPred,0.7001895904541016,FreTS,0.7014047503471375,0.0012151598930358887,ZeroPred,0.7001895904541016,0.0
1558,ZeroPred,0.6578832268714905,FreTS,0.6602163314819336,0.0023331046104431152,ZeroPred,0.6578832268714905,0.0
1559,FreTS,0.6400834918022156,ZeroPred,0.6413736939430237,0.0012902021408081055,ZeroPred,0.6413736939430237,0.0012902021408081055
1560,FreTS,0.6365203857421875,ZeroPred,0.6377797722816467,0.0012593865394592285,ZeroPred,0.6377797722816467,0.0012593865394592285
1561,ZeroPred,0.7610161900520325,FreTS,0.7745230197906494,0.013506829738616943,ZeroPred,0.7610161900520325,0.0
1562,FreTS,0.7505262494087219,ZeroPred,0.7546143531799316,0.004088103771209717,ZeroPred,0.7546143531799316,0.004088103771209717
1563,ZeroPred,0.7496545910835266,FreTS,0.7565877437591553,0.006933152675628662,ZeroPred,0.7496545910835266,0.0
1564,ZeroPred,0.7435123324394226,FreTS,0.7459331154823303,0.002420783042907715,ZeroPred,0.7435123324394226,0.0
1565,FreTS,0.7243884205818176,ZeroPred,0.7280416488647461,0.003653228282928467,ZeroPred,0.7280416488647461,0.003653228282928467
1566,ZeroPred,0.7220044732093811,FreTS,0.7227418422698975,0.0007373690605163574,ZeroPred,0.7220044732093811,0.0
1567,ZeroPred,0.725033700466156,Persistence,0.725661039352417,0.0006273388862609863,ZeroPred,0.725033700466156,0.0
1568,ZeroPred,0.7103659510612488,FreTS,0.7137886881828308,0.0034227371215820312,ZeroPred,0.7103659510612488,0.0
1569,FreTS,0.7016499638557434,ZeroPred,0.7049062848091125,0.0032563209533691406,ZeroPred,0.7049062848091125,0.0032563209533691406
1570,FreTS,0.7047101855278015,TimeXer,0.707273542881012,0.0025633573532104492,ZeroPred,0.7073230743408203,0.002612888813018799
1571,ZeroPred,0.7052574157714844,FreTS,0.7119383811950684,0.006680965423583984,ZeroPred,0.7052574157714844,0.0
1572,ZeroPred,0.707435131072998,DLinear,0.7114214897155762,0.003986358642578125,ZeroPred,0.707435131072998,0.0
1573,FreTS,0.7056558728218079,ZeroPred,0.711807906627655,0.006152033805847168,ZeroPred,0.711807906627655,0.006152033805847168
1574,FreTS,0.714750349521637,ZeroPred,0.7182456851005554,0.003495335578918457,ZeroPred,0.7182456851005554,0.003495335578918457
1575,FreTS,0.7040512561798096,ZeroPred,0.7197449803352356,0.015693724155426025,ZeroPred,0.7197449803352356,0.015693724155426025
1576,DLinear,0.7085486054420471,ZeroPred,0.7093236446380615,0.0007750391960144043,ZeroPred,0.7093236446380615,0.0007750391960144043
1577,ZeroPred,0.7104461193084717,Persistence,0.7172250747680664,0.0067789554595947266,ZeroPred,0.7104461193084717,0.0
1578,FreTS,0.7149690985679626,ZeroPred,0.7159073948860168,0.0009382963180541992,ZeroPred,0.7159073948860168,0.0009382963180541992
1579,FreTS,0.7214458584785461,ZeroPred,0.7270318865776062,0.005586028099060059,ZeroPred,0.7270318865776062,0.005586028099060059
1580,FreTS,0.7150641083717346,ZeroPred,0.7199721932411194,0.004908084869384766,ZeroPred,0.7199721932411194,0.004908084869384766
1581,ZeroPred,0.7177484035491943,FreTS,0.7205560207366943,0.0028076171875,ZeroPred,0.7177484035491943,0.0
1582,Persistence,0.718966543674469,ZeroPred,0.7190070152282715,4.0471553802490234e-05,ZeroPred,0.7190070152282715,4.0471553802490234e-05
1583,FreTS,0.7147412300109863,ZeroPred,0.7208681106567383,0.006126880645751953,ZeroPred,0.7208681106567383,0.006126880645751953
1584,ZeroPred,0.7207178473472595,FreTS,0.7237845063209534,0.0030666589736938477,ZeroPred,0.7207178473472595,0.0
1585,ZeroPred,0.7434706091880798,FreTS,0.7435340285301208,6.341934204101562e-05,ZeroPred,0.7434706091880798,0.0
1586,ZeroPred,0.6954506039619446,FreTS,0.704788863658905,0.00933825969696045,ZeroPred,0.6954506039619446,0.0
1587,ZeroPred,0.6818215250968933,FreTS,0.6830665469169617,0.0012450218200683594,ZeroPred,0.6818215250968933,0.0
1588,FreTS,0.6508161425590515,ZeroPred,0.6582079529762268,0.007391810417175293,ZeroPred,0.6582079529762268,0.007391810417175293
1589,FreTS,0.6636817455291748,ZeroPred,0.6659587025642395,0.0022769570350646973,ZeroPred,0.6659587025642395,0.0022769570350646973
1590,ZeroPred,0.6652185320854187,DLinear,0.6711199283599854,0.00590139627456665,ZeroPred,0.6652185320854187,0.0
1591,TimeXer,0.6557568907737732,FreTS,0.6608133316040039,0.005056440830230713,ZeroPred,0.6649474501609802,0.009190559387207031
1592,FreTS,0.6616361141204834,ZeroPred,0.6636990904808044,0.002062976360321045,ZeroPred,0.6636990904808044,0.002062976360321045
1593,ZeroPred,0.6636958122253418,HAR_EWM,0.6655116677284241,0.0018158555030822754,ZeroPred,0.6636958122253418,0.0
1594,HAR_EWM,0.6684141159057617,ZeroPred,0.6708866953849792,0.0024725794792175293,ZeroPred,0.6708866953849792,0.0024725794792175293
1595,ZeroPred,0.6604949831962585,TimeXer,0.6669979095458984,0.006502926349639893,ZeroPred,0.6604949831962585,0.0
1596,FreTS,0.6614396572113037,DLinear,0.6678952574729919,0.006455600261688232,ZeroPred,0.6679043769836426,0.006464719772338867
1597,FreTS,0.6636801362037659,ZeroPred,0.6683834195137024,0.0047032833099365234,ZeroPred,0.6683834195137024,0.0047032833099365234
1598,ZeroPred,0.6687014698982239,FreTS,0.6718019843101501,0.0031005144119262695,ZeroPred,0.6687014698982239,0.0
1599,ZeroPred,0.6709699630737305,Persistence,0.6737951636314392,0.0028252005577087402,ZeroPred,0.6709699630737305,0.0
1600,ZeroPred,0.6664654612541199,FreTS,0.6683476567268372,0.0018821954727172852,ZeroPred,0.6664654612541199,0.0
1601,ZeroPred,0.6613876819610596,FreTS,0.6670257449150085,0.005638062953948975,ZeroPred,0.6613876819610596,0.0
1602,ZeroPred,0.6599377989768982,FreTS,0.6622239947319031,0.002286195755004883,ZeroPred,0.6599377989768982,0.0
1603,FreTS,0.6635954976081848,ZeroPred,0.6640825271606445,0.0004870295524597168,ZeroPred,0.6640825271606445,0.0004870295524597168
1604,ZeroPred,0.6395722031593323,FreTS,0.6434503793716431,0.003878176212310791,ZeroPred,0.6395722031593323,0.0
1605,FreTS,0.6404183506965637,ZeroPred,0.6408763527870178,0.00045800209045410156,ZeroPred,0.6408763527870178,0.00045800209045410156
1606,FreTS,0.5924973487854004,ZeroPred,0.592847466468811,0.00035011768341064453,ZeroPred,0.592847466468811,0.00035011768341064453
1607,ZeroPred,0.5987317562103271,FreTS,0.5988430976867676,0.00011134147644042969,ZeroPred,0.5987317562103271,0.0
1608,ZeroPred,0.6102551817893982,FreTS,0.6151145100593567,0.004859328269958496,ZeroPred,0.6102551817893982,0.0
1609,FreTS,0.6973700523376465,ZeroPred,0.698570728302002,0.0012006759643554688,ZeroPred,0.698570728302002,0.0012006759643554688
1610,HAR_EWM,0.6756636500358582,ZeroPred,0.6762614250183105,0.0005977749824523926,ZeroPred,0.6762614250183105,0.0005977749824523926
1611,FreTS,0.6811442375183105,HAR_EWM,0.682233989238739,0.0010897517204284668,ZeroPred,0.6854047179222107,0.0042604804039001465
1612,HAR_EWM,0.6835706830024719,ZeroPred,0.6853778958320618,0.0018072128295898438,ZeroPred,0.6853778958320618,0.0018072128295898438
1613,HAR_EWM,0.6813094019889832,ZeroPred,0.6838609576225281,0.002551555633544922,ZeroPred,0.6838609576225281,0.002551555633544922
1614,TimeXer,0.6694959998130798,HAR_EWM,0.6856825947761536,0.01618659496307373,ZeroPred,0.6872014999389648,0.01770550012588501
1615,ZeroPred,0.6886711716651917,FreTS,0.6892294883728027,0.000558316707611084,ZeroPred,0.6886711716651917,0.0
1616,TimeXer,0.6291732788085938,ZeroPred,0.6309446096420288,0.0017713308334350586,ZeroPred,0.6309446096420288,0.0017713308334350586
1617,iTransformer,0.613372802734375,PatchTST,0.6144723892211914,0.0010995864868164062,ZeroPred,0.6184362173080444,0.005063414573669434
1618,PatchTST,0.613669753074646,ZeroPred,0.6223558783531189,0.0086861252784729,ZeroPred,0.6223558783531189,0.0086861252784729
1619,PatchTST,0.6331151723861694,iTransformer,0.6349806189537048,0.0018654465675354004,ZeroPred,0.6394776701927185,0.006362497806549072
1620,FreTS,0.6345921158790588,Persistence,0.6347568035125732,0.0001646876335144043,ZeroPred,0.6408393383026123,0.006247222423553467
1621,TimeXer,0.637897789478302,FreTS,0.640447199344635,0.002549409866333008,ZeroPred,0.6460582613945007,0.00816047191619873
1622,ZeroPred,0.6420126557350159,PatchTST,0.6435490250587463,0.0015363693237304688,ZeroPred,0.6420126557350159,0.0
1623,iTransformer,0.6347125172615051,Persistence,0.639221727848053,0.0045092105865478516,ZeroPred,0.6444771885871887,0.009764671325683594
1624,iTransformer,0.6409159302711487,Persistence,0.6416992545127869,0.0007833242416381836,ZeroPred,0.646733283996582,0.00581735372543335
1625,PatchTST,0.6376537084579468,FreTS,0.6436941027641296,0.006040394306182861,ZeroPred,0.6477887630462646,0.010135054588317871
1626,iTransformer,0.6376758217811584,PatchTST,0.6438233256340027,0.006147503852844238,ZeroPred,0.6449883580207825,0.0073125362396240234
1627,TimeXer,0.6373934149742126,PatchTST,0.6408450603485107,0.0034516453742980957,ZeroPred,0.6478847861289978,0.010491371154785156
1628,PatchTST,0.640613317489624,FreTS,0.6447415947914124,0.00412827730178833,ZeroPred,0.64862060546875,0.008007287979125977
1629,PatchTST,0.6414306163787842,ZeroPred,0.6497325897216797,0.008301973342895508,ZeroPred,0.6497325897216797,0.008301973342895508
1630,iTransformer,0.6327035427093506,PatchTST,0.6399122476577759,0.007208704948425293,ZeroPred,0.6500906348228455,0.017387092113494873
1631,iTransformer,0.6394974589347839,ZeroPred,0.6398991942405701,0.0004017353057861328,ZeroPred,0.6398991942405701,0.0004017353057861328
1632,iTransformer,0.6227613687515259,Persistence,0.6388200521469116,0.016058683395385742,ZeroPred,0.6414048671722412,0.018643498420715332
1633,PatchTST,0.6212382912635803,ZeroPred,0.6287295818328857,0.00749129056930542,ZeroPred,0.6287295818328857,0.00749129056930542
1634,PatchTST,0.6195421814918518,TimeMixer,0.6241532564163208,0.004611074924468994,ZeroPred,0.6294344067573547,0.00989222526550293
1635,iTransformer,0.6203858852386475,PatchTST,0.6252107620239258,0.00482487678527832,ZeroPred,0.625400960445404,0.005015075206756592
1636,iTransformer,0.6065592765808105,PatchTST,0.6145906448364258,0.008031368255615234,ZeroPred,0.6235437989234924,0.016984522342681885
1637,TimeXer,0.610166072845459,PatchTST,0.6231259703636169,0.012959897518157959,ZeroPred,0.6232625246047974,0.013096451759338379
1638,Persistence,0.6217211484909058,iTransformer,0.6221411228179932,0.00041997432708740234,ZeroPred,0.6269093751907349,0.0051882266998291016
1639,HAR_EWM,0.6170142292976379,PatchTST,0.6180427074432373,0.0010284781455993652,ZeroPred,0.6185933947563171,0.0015791654586791992
1640,FreTS,0.6138639450073242,TimeMixer,0.617883026599884,0.0040190815925598145,ZeroPred,0.6207104325294495,0.006846487522125244
1641,HAR_EWM,0.6157148480415344,FreTS,0.617382287979126,0.0016674399375915527,ZeroPred,0.6177641749382019,0.0020493268966674805
1642,PatchTST,0.6231451034545898,HAR_EWM,0.6271132230758667,0.0039681196212768555,ZeroPred,0.627616822719574,0.004471719264984131
1643,iTransformer,0.6189203858375549,PatchTST,0.6219714283943176,0.0030510425567626953,ZeroPred,0.6271687150001526,0.008248329162597656
1644,TimeXer,0.6151553988456726,HAR_EWM,0.6226570010185242,0.0075016021728515625,ZeroPred,0.623970091342926,0.008814692497253418
1645,TimeXer,0.6130578517913818,PatchTST,0.6211548447608948,0.00809699296951294,ZeroPred,0.6245339512825012,0.011476099491119385
1646,iTransformer,0.6208266615867615,TimeXer,0.6229316592216492,0.0021049976348876953,ZeroPred,0.6251466274261475,0.004319965839385986
1647,PatchTST,0.6304082870483398,HAR_EWM,0.63238924741745,0.0019809603691101074,ZeroPred,0.6344279646873474,0.004019677639007568
1648,HAR_EWM,0.6322969794273376,ZeroPred,0.6337860226631165,0.0014890432357788086,ZeroPred,0.6337860226631165,0.0014890432357788086
1649,FreTS,0.6309090852737427,HAR_EWM,0.6329194903373718,0.0020104050636291504,ZeroPred,0.6333984732627869,0.0024893879890441895
1650,FreTS,0.6303870677947998,HAR_EWM,0.632275402545929,0.0018883347511291504,ZeroPred,0.6333200335502625,0.0029329657554626465
1651,iTransformer,0.6370778679847717,HAR_EWM,0.6373382210731506,0.00026035308837890625,ZeroPred,0.6388651132583618,0.0017872452735900879
1652,HAR_EWM,0.6336931586265564,FreTS,0.6351537108421326,0.0014605522155761719,ZeroPred,0.6359395980834961,0.0022464394569396973
1653,TimeMixer,0.582998514175415,TimeXer,0.5947276949882507,0.011729180812835693,ZeroPred,0.5974484086036682,0.014449894428253174
1654,TimeXer,0.5986990332603455,ZeroPred,0.5992705225944519,0.0005714893341064453,ZeroPred,0.5992705225944519,0.0005714893341064453
1655,FreTS,0.6013216376304626,PatchTST,0.6043922305107117,0.0030705928802490234,ZeroPred,0.6061711311340332,0.004849493503570557
1656,PatchTST,0.6003502011299133,ZeroPred,0.6077417135238647,0.007391512393951416,ZeroPred,0.6077417135238647,0.007391512393951416
1657,FreTS,0.4708575904369354,ZeroPred,0.47493529319763184,0.004077702760696411,ZeroPred,0.47493529319763184,0.004077702760696411
1658,ZeroPred,0.47742128372192383,HAR_EWM,0.4777410328388214,0.000319749116897583,ZeroPred,0.47742128372192383,0.0
1659,HAR_EWM,0.47767671942710876,ZeroPred,0.4781858026981354,0.0005090832710266113,ZeroPred,0.4781858026981354,0.0005090832710266113
1660,TimeXer,0.4716213047504425,iTransformer,0.48058414459228516,0.008962839841842651,ZeroPred,0.48294660449028015,0.011325299739837646
1661,TimeXer,0.48073840141296387,HAR_EWM,0.48131170868873596,0.0005733072757720947,ZeroPred,0.4814283847808838,0.0006899833679199219
1662,PatchTST,0.4825057089328766,HAR_EWM,0.4832477569580078,0.0007420480251312256,ZeroPred,0.48366308212280273,0.0011573731899261475
1663,ZeroPred,0.4807063043117523,HAR_EWM,0.4810093939304352,0.00030308961868286133,ZeroPred,0.4807063043117523,0.0
1664,HAR_EWM,0.48515716195106506,ZeroPred,0.4852800667285919,0.00012290477752685547,ZeroPred,0.4852800667285919,0.00012290477752685547
1665,FreTS,0.4770314693450928,HAR_EWM,0.48300445079803467,0.0059729814529418945,ZeroPred,0.48333802819252014,0.006306558847427368
1666,FreTS,0.47403374314308167,HAR_EWM,0.4826854169368744,0.008651673793792725,ZeroPred,0.483146071434021,0.009112328290939331
1667,iTransformer,0.48642900586128235,PatchTST,0.4908488988876343,0.004419893026351929,ZeroPred,0.49173322319984436,0.005304217338562012
1668,iTransformer,0.5352572798728943,HAR_EWM,0.5402060151100159,0.004948735237121582,ZeroPred,0.5424947142601013,0.007237434387207031
1669,HAR_EWM,0.5373743176460266,TimeMixer,0.5378954410552979,0.0005211234092712402,ZeroPred,0.5394124984741211,0.0020381808280944824
1670,TimeMixer,0.5264572501182556,FreTS,0.5283388495445251,0.0018815994262695312,ZeroPred,0.5328733921051025,0.006416141986846924
1671,HAR_EWM,0.5284164547920227,iTransformer,0.52940434217453,0.0009878873825073242,ZeroPred,0.529758870601654,0.0013424158096313477
1672,iTransformer,0.5301127433776855,PatchTST,0.5307820439338684,0.0006693005561828613,ZeroPred,0.5316285490989685,0.001515805721282959
1673,TimeMixer,0.5264202356338501,FreTS,0.5310850739479065,0.0046648383140563965,ZeroPred,0.5351770520210266,0.008756816387176514
1674,TimeMixer,0.5178892612457275,FreTS,0.527221143245697,0.009331881999969482,ZeroPred,0.5301644206047058,0.012275159358978271
1675,DLinear,0.517185628414154,ZeroPred,0.5210289359092712,0.0038433074951171875,ZeroPred,0.5210289359092712,0.0038433074951171875
1676,iTransformer,0.5090100765228271,TimeMixer,0.5169395804405212,0.007929503917694092,ZeroPred,0.5175971984863281,0.008587121963500977
1677,iTransformer,0.5030324459075928,FreTS,0.5152785181999207,0.01224607229232788,ZeroPred,0.5187661051750183,0.015733659267425537
1678,iTransformer,0.5017483234405518,PatchTST,0.5174806714057922,0.01573234796524048,ZeroPred,0.5186242461204529,0.016875922679901123
1679,iTransformer,0.509342610836029,PatchTST,0.51468425989151,0.005341649055480957,ZeroPred,0.5195063948631287,0.01016378402709961
1680,TimeXer,0.5181774497032166,HAR_EWM,0.5197537541389465,0.0015763044357299805,ZeroPred,0.5207929611206055,0.002615511417388916
1681,FreTS,0.4965924322605133,ZeroPred,0.5022478103637695,0.005655378103256226,ZeroPred,0.5022478103637695,0.005655378103256226
1682,iTransformer,0.5272115468978882,ZeroPred,0.5282551646232605,0.0010436177253723145,ZeroPred,0.5282551646232605,0.0010436177253723145
1683,iTransformer,0.5196616053581238,TimeXer,0.5248032808303833,0.0051416754722595215,ZeroPred,0.528961181640625,0.00929957628250122
1684,FreTS,0.5278266072273254,TimeMixer,0.5279037356376648,7.712841033935547e-05,ZeroPred,0.5299736857414246,0.002147078514099121
1685,FreTS,0.5158416628837585,PatchTST,0.5188589692115784,0.0030173063278198242,ZeroPred,0.5209160447120667,0.0050743818283081055
1686,PatchTST,0.5431646704673767,TimeMixer,0.5460613369941711,0.0028966665267944336,ZeroPred,0.5469005107879639,0.003735840320587158
1687,TimeMixer,0.5411428809165955,PatchTST,0.5431662797927856,0.0020233988761901855,ZeroPred,0.5471272468566895,0.005984365940093994
1688,iTransformer,0.5366242527961731,PatchTST,0.5431793332099915,0.006555080413818359,ZeroPred,0.5436763763427734,0.007052123546600342
1689,TimeXer,0.5294563174247742,iTransformer,0.5350855588912964,0.005629241466522217,ZeroPred,0.5439996719360352,0.014543354511260986
1690,TimeXer,0.5286130309104919,FreTS,0.5353590846061707,0.006746053695678711,ZeroPred,0.5374135971069336,0.00880056619644165
1691,PatchTST,0.5264918804168701,ZeroPred,0.5308024287223816,0.004310548305511475,ZeroPred,0.5308024287223816,0.004310548305511475
1692,FreTS,0.5171863436698914,PatchTST,0.519390881061554,0.0022045373916625977,ZeroPred,0.5243207216262817,0.007134377956390381
1693,HAR_EWM,0.5224897861480713,PatchTST,0.5249168872833252,0.0024271011352539062,ZeroPred,0.5249696373939514,0.002479851245880127
1694,PatchTST,0.5215705037117004,HAR_EWM,0.5222513675689697,0.0006808638572692871,ZeroPred,0.523984968662262,0.0024144649505615234
1695,TimeMixer,0.518420934677124,PatchTST,0.5188236832618713,0.00040274858474731445,ZeroPred,0.5216474533081055,0.0032265186309814453
1696,iTransformer,0.5219318270683289,HAR_EWM,0.5241296887397766,0.002197861671447754,ZeroPred,0.5261366963386536,0.004204869270324707
1697,TimeXer,0.5050249099731445,FreTS,0.5144608020782471,0.009435892105102539,ZeroPred,0.517711877822876,0.012686967849731445
1698,iTransformer,0.5169394612312317,PatchTST,0.5195328593254089,0.002593398094177246,ZeroPred,0.5218928456306458,0.0049533843994140625
1699,PatchTST,0.5212857127189636,TimeXer,0.521353542804718,6.783008575439453e-05,ZeroPred,0.5250592231750488,0.003773510456085205
1700,HAR_EWM,0.5402501225471497,TimeXer,0.5405367016792297,0.0002865791320800781,ZeroPred,0.5430687069892883,0.002818584442138672
1701,TimeXer,0.5475133061408997,FreTS,0.5551294684410095,0.007616162300109863,ZeroPred,0.555168867111206,0.0076555609703063965
1702,FreTS,0.5371882915496826,TimeXer,0.544134795665741,0.00694650411605835,ZeroPred,0.5466710925102234,0.009482800960540771
1703,HAR_EWM,0.5386973023414612,TimeMixer,0.5403515696525574,0.0016542673110961914,ZeroPred,0.5408323407173157,0.002135038375854492
1704,TimeMixer,0.527906060218811,iTransformer,0.5339326858520508,0.006026625633239746,ZeroPred,0.5343930721282959,0.006487011909484863
1705,TimeMixer,0.440797358751297,PatchTST,0.44422003626823425,0.003422677516937256,ZeroPred,0.4458918273448944,0.005094468593597412
1706,TimeXer,0.43709471821784973,PatchTST,0.4419899880886078,0.004895269870758057,ZeroPred,0.4513112008571625,0.014216482639312744
1707,TimeMixer,0.4309065341949463,TimeXer,0.438260555267334,0.007354021072387695,ZeroPred,0.44146084785461426,0.010554313659667969
1708,TimeXer,0.43919602036476135,PatchTST,0.43993639945983887,0.0007403790950775146,ZeroPred,0.44077467918395996,0.0015786588191986084
1709,DLinear,0.4370855987071991,FreTS,0.43956395983695984,0.002478361129760742,ZeroPred,0.4402700960636139,0.003184497356414795
1710,TimeMixer,0.4335261881351471,HAR_EWM,0.4371527135372162,0.003626525402069092,ZeroPred,0.438856840133667,0.0053306519985198975
1711,TimeMixer,0.4717727601528168,HAR_EWM,0.4769838750362396,0.0052111148834228516,ZeroPred,0.4778781235218048,0.006105363368988037
1712,TimeMixer,0.4689246118068695,FreTS,0.4730757176876068,0.004151105880737305,ZeroPred,0.47650203108787537,0.007577419281005859
1713,iTransformer,0.46063104271888733,ZeroPred,0.4681139886379242,0.007482945919036865,ZeroPred,0.4681139886379242,0.007482945919036865
1714,ZeroPred,0.4600555896759033,TimeXer,0.4657752513885498,0.005719661712646484,ZeroPred,0.4600555896759033,0.0
1715,FreTS,0.4368281364440918,ZeroPred,0.44373831152915955,0.006910175085067749,ZeroPred,0.44373831152915955,0.006910175085067749
1716,FreTS,0.43708229064941406,TimeXer,0.44093647599220276,0.0038541853427886963,ZeroPred,0.4426076412200928,0.005525350570678711
1717,ZeroPred,0.43775296211242676,HAR_EWM,0.4377973973751068,4.443526268005371e-05,ZeroPred,0.43775296211242676,0.0
1718,TimeXer,0.4360527992248535,iTransformer,0.4383338987827301,0.002281099557876587,ZeroPred,0.44100818037986755,0.004955381155014038
1719,FreTS,0.43469294905662537,iTransformer,0.43686962127685547,0.0021766722202301025,ZeroPred,0.4385087192058563,0.003815770149230957
1720,DLinear,0.4326278269290924,HAR_EWM,0.43685972690582275,0.004231899976730347,ZeroPred,0.4370230734348297,0.004395246505737305
1721,DLinear,0.42414745688438416,ZeroPred,0.43303382396698,0.008886367082595825,ZeroPred,0.43303382396698,0.008886367082595825
1722,DLinear,0.42816850543022156,FreTS,0.43325480818748474,0.005086302757263184,ZeroPred,0.4340275228023529,0.005859017372131348
1723,iTransformer,0.43183955550193787,DLinear,0.4334876537322998,0.0016480982303619385,ZeroPred,0.4337536096572876,0.0019140541553497314
1724,DLinear,0.4286384582519531,FreTS,0.43036016821861267,0.001721709966659546,ZeroPred,0.43330302834510803,0.004664570093154907
1725,iTransformer,0.4293363094329834,PatchTST,0.43502673506736755,0.005690425634384155,ZeroPred,0.43542370200157166,0.006087392568588257
1726,DLinear,0.42387333512306213,iTransformer,0.431410551071167,0.007537215948104858,ZeroPred,0.43500590324401855,0.011132568120956421
1727,iTransformer,0.4400848150253296,TimeMixer,0.44502750039100647,0.00494268536567688,ZeroPred,0.44714608788490295,0.007061272859573364
1728,DLinear,0.43226560950279236,TimeXer,0.4349938929080963,0.002728283405303955,ZeroPred,0.4457951486110687,0.013529539108276367
1729,iTransformer,0.44054535031318665,DLinear,0.44282254576683044,0.002277195453643799,ZeroPred,0.4497102200984955,0.009164869785308838
1730,DLinear,0.46088048815727234,TimeMixer,0.46678289771080017,0.005902409553527832,ZeroPred,0.4757624566555023,0.01488196849822998
1731,iTransformer,0.46892550587654114,TimeMixer,0.473529189825058,0.004603683948516846,ZeroPred,0.4803013801574707,0.011375874280929565
1732,DLinear,0.4670293629169464,TimeMixer,0.4676412045955658,0.0006118416786193848,ZeroPred,0.4763364791870117,0.009307116270065308
1733,DLinear,0.49240198731422424,TimeMixer,0.5020868182182312,0.009684830904006958,ZeroPred,0.5045492649078369,0.012147277593612671
1734,DLinear,0.5242490172386169,FreTS,0.5335628986358643,0.009313881397247314,ZeroPred,0.5362077951431274,0.011958777904510498
1735,iTransformer,0.5417487621307373,TimeXer,0.5444631576538086,0.002714395523071289,ZeroPred,0.5488306879997253,0.007081925868988037
1736,DLinear,0.5341238379478455,iTransformer,0.5361946821212769,0.0020708441734313965,ZeroPred,0.5467768311500549,0.012652993202209473
1737,TimeXer,0.5521154403686523,DLinear,0.5536489486694336,0.00153350830078125,ZeroPred,0.5558556914329529,0.003740251064300537
1738,PatchTST,0.5399956107139587,TimeXer,0.5400329232215881,3.731250762939453e-05,ZeroPred,0.5414014458656311,0.0014058351516723633
1739,TimeXer,0.5396142601966858,iTransformer,0.5409524440765381,0.001338183879852295,ZeroPred,0.5427095293998718,0.003095269203186035
1740,DLinear,0.540249764919281,iTransformer,0.5403835773468018,0.00013381242752075195,ZeroPred,0.5416063666343689,0.0013566017150878906
1741,DLinear,0.5336043238639832,iTransformer,0.5380483269691467,0.004444003105163574,ZeroPred,0.5405967235565186,0.0069923996925354
1742,TimeXer,0.5239889025688171,PatchTST,0.5357168316841125,0.01172792911529541,ZeroPred,0.5394449234008789,0.015456020832061768
1743,FreTS,0.5250720381736755,TimeXer,0.5284397006034851,0.0033676624298095703,ZeroPred,0.5299001932144165,0.004828155040740967
1744,PatchTST,0.528388261795044,FreTS,0.5301833748817444,0.0017951130867004395,ZeroPred,0.5321952700614929,0.0038070082664489746
1745,TimeMixer,0.5265163779258728,iTransformer,0.5265503525733948,3.3974647521972656e-05,ZeroPred,0.537623941898346,0.011107563972473145
1746,DLinear,0.5327251553535461,iTransformer,0.5332537293434143,0.0005285739898681641,ZeroPred,0.538593590259552,0.005868434906005859
1747,TimeMixer,0.5241925716400146,PatchTST,0.5273043513298035,0.0031117796897888184,ZeroPred,0.5328564047813416,0.008663833141326904
1748,TimeXer,0.524578869342804,DLinear,0.5287594199180603,0.004180550575256348,ZeroPred,0.5329668521881104,0.008387982845306396
1749,TimeMixer,0.5298624634742737,FreTS,0.5326653122901917,0.0028028488159179688,ZeroPred,0.5342205166816711,0.004358053207397461
1750,TimeXer,0.5290631651878357,iTransformer,0.5299436450004578,0.0008804798126220703,ZeroPred,0.5324203968048096,0.003357231616973877
1751,iTransformer,0.53233402967453,PatchTST,0.536142110824585,0.0038080811500549316,ZeroPred,0.5391319990158081,0.006797969341278076
1752,TimeXer,0.5357305407524109,DLinear,0.5398303866386414,0.004099845886230469,ZeroPred,0.5402681231498718,0.0045375823974609375
1753,DLinear,0.536979615688324,FreTS,0.547110378742218,0.010130763053894043,ZeroPred,0.5515058040618896,0.014526188373565674
1754,DLinear,0.5375763177871704,TimeXer,0.5419185161590576,0.004342198371887207,ZeroPred,0.5486316084861755,0.011055290699005127
1755,DLinear,0.54036945104599,TimeMixer,0.5407139658927917,0.0003445148468017578,ZeroPred,0.5462204813957214,0.005851030349731445
1756,TimeMixer,0.5426074266433716,PatchTST,0.5449585914611816,0.0023511648178100586,ZeroPred,0.5492865443229675,0.006679117679595947
1757,iTransformer,0.541914701461792,TimeXer,0.5419983267784119,8.362531661987305e-05,ZeroPred,0.5479031205177307,0.005988419055938721
1758,TimeXer,0.5370760560035706,FreTS,0.5442346930503845,0.007158637046813965,ZeroPred,0.5456470847129822,0.008571028709411621
1759,DLinear,0.5334405303001404,iTransformer,0.5420020818710327,0.008561551570892334,ZeroPred,0.5457247495651245,0.01228421926498413
1760,TimeMixer,0.5312831997871399,iTransformer,0.5314574241638184,0.0001742243766784668,ZeroPred,0.5417757034301758,0.010492503643035889
1761,iTransformer,0.5348324775695801,FreTS,0.5377821326255798,0.002949655055999756,ZeroPred,0.5411341190338135,0.0063016414642333984
1762,TimeMixer,0.5312432646751404,FreTS,0.5362885594367981,0.005045294761657715,ZeroPred,0.540734052658081,0.009490787982940674
1763,TimeMixer,0.5282898545265198,PatchTST,0.5283069014549255,1.704692840576172e-05,ZeroPred,0.5329844951629639,0.004694640636444092
1764,DLinear,0.46490880846977234,iTransformer,0.46702873706817627,0.0021199285984039307,ZeroPred,0.4799540042877197,0.015045195817947388
1765,DLinear,0.47059664130210876,TimeXer,0.474322646856308,0.0037260055541992188,ZeroPred,0.4787349998950958,0.00813835859298706
1766,iTransformer,0.471350759267807,DLinear,0.4739970266819,0.0026462674140930176,ZeroPred,0.4784465730190277,0.007095813751220703
1767,iTransformer,0.4662449359893799,TimeMixer,0.4711863100528717,0.004941374063491821,ZeroPred,0.47842514514923096,0.012180209159851074
1768,TimeMixer,0.46403077244758606,DLinear,0.4758079946041107,0.011777222156524658,ZeroPred,0.47887834906578064,0.01484757661819458
1769,TimeXer,0.46551355719566345,iTransformer,0.4675992429256439,0.0020856857299804688,ZeroPred,0.4786023199558258,0.013088762760162354
1770,TimeMixer,0.47763288021087646,PatchTST,0.47925567626953125,0.0016227960586547852,ZeroPred,0.48591041564941406,0.008277535438537598
1771,TimeXer,0.4774380624294281,PatchTST,0.47872570157051086,0.0012876391410827637,ZeroPred,0.4831914007663727,0.00575333833694458
1772,iTransformer,0.4752226769924164,FreTS,0.4771924316883087,0.001969754695892334,ZeroPred,0.48222222924232483,0.006999552249908447
1773,HAR_EWM,0.48144450783729553,FreTS,0.4822676181793213,0.0008231103420257568,ZeroPred,0.48486414551734924,0.003419637680053711
1774,iTransformer,0.47623395919799805,DLinear,0.48021724820137024,0.003983289003372192,ZeroPred,0.48492515087127686,0.008691191673278809
1775,iTransformer,0.4705483913421631,TimeMixer,0.47232234477996826,0.0017739534378051758,ZeroPred,0.48171302676200867,0.011164635419845581
1776,TimeMixer,0.47131475806236267,PatchTST,0.4754416048526764,0.004126846790313721,ZeroPred,0.48066315054893494,0.009348392486572266
1777,HAR_EWM,0.5186739563941956,PatchTST,0.521174967288971,0.0025010108947753906,ZeroPred,0.5227097868919373,0.004035830497741699
1778,iTransformer,0.5103724598884583,ZeroPred,0.51268070936203,0.0023082494735717773,ZeroPred,0.51268070936203,0.0023082494735717773
1779,TimeMixer,0.5237212181091309,TimeXer,0.5261080861091614,0.0023868680000305176,ZeroPred,0.5276110768318176,0.0038898587226867676
1780,FreTS,0.5244331955909729,ZeroPred,0.5263184905052185,0.0018852949142456055,ZeroPred,0.5263184905052185,0.0018852949142456055
1781,TimeXer,0.5211677551269531,ZeroPred,0.5285728573799133,0.007405102252960205,ZeroPred,0.5285728573799133,0.007405102252960205
1782,TimeXer,0.5007193684577942,PatchTST,0.5025452971458435,0.0018259286880493164,ZeroPred,0.5043424963951111,0.0036231279373168945
1783,TimeMixer,0.5183069109916687,FreTS,0.5206279158592224,0.002321004867553711,ZeroPred,0.5229714512825012,0.0046645402908325195
1784,TimeMixer,0.5413905382156372,TimeXer,0.5457053780555725,0.004314839839935303,ZeroPred,0.5459231734275818,0.00453263521194458
1785,TimeMixer,0.5457560420036316,FreTS,0.5479013323783875,0.0021452903747558594,ZeroPred,0.5505750775337219,0.004819035530090332
1786,PatchTST,0.5551087856292725,TimeXer,0.5561723113059998,0.001063525676727295,ZeroPred,0.5588176846504211,0.0037088990211486816
1787,iTransformer,0.5439180731773376,TimeXer,0.544843316078186,0.0009252429008483887,ZeroPred,0.5560362339019775,0.012118160724639893
1788,TimeXer,0.5587586164474487,PatchTST,0.5779447555541992,0.01918613910675049,ZeroPred,0.5794610977172852,0.020702481269836426
1789,TimeMixer,0.5759474635124207,TimeXer,0.5763272643089294,0.00037980079650878906,ZeroPred,0.5782554745674133,0.0023080110549926758
1790,iTransformer,0.594494104385376,ZeroPred,0.5965034365653992,0.0020093321800231934,ZeroPred,0.5965034365653992,0.0020093321800231934
1791,TimeXer,0.5942130088806152,iTransformer,0.5947217345237732,0.000508725643157959,ZeroPred,0.597054660320282,0.002841651439666748
1792,FreTS,0.5903656482696533,TimeXer,0.5924792885780334,0.002113640308380127,ZeroPred,0.5942254066467285,0.0038597583770751953
1793,FreTS,0.5954534411430359,iTransformer,0.596488356590271,0.0010349154472351074,ZeroPred,0.5980854630470276,0.0026320219039916992
1794,PatchTST,0.5915694832801819,ZeroPred,0.592576801776886,0.0010073184967041016,ZeroPred,0.592576801776886,0.0010073184967041016
1795,TimeXer,0.5679928660392761,TimeMixer,0.5767905712127686,0.008797705173492432,ZeroPred,0.5817935466766357,0.01380068063735962
1796,TimeXer,0.5579397678375244,iTransformer,0.5675233006477356,0.009583532810211182,ZeroPred,0.5736064314842224,0.015666663646697998
1797,iTransformer,0.5592824816703796,PatchTST,0.5686309337615967,0.009348452091217041,ZeroPred,0.5713114142417908,0.012028932571411133
1798,iTransformer,0.5597471594810486,TimeXer,0.5616442561149597,0.0018970966339111328,ZeroPred,0.5708250999450684,0.011077940464019775
1799,iTransformer,0.5655958652496338,FreTS,0.5670216083526611,0.0014257431030273438,ZeroPred,0.5701426863670349,0.004546821117401123
1800,TimeMixer,0.5635244846343994,PatchTST,0.5708306431770325,0.007306158542633057,ZeroPred,0.5725534558296204,0.009028971195220947
1801,TimeXer,0.572332501411438,TimeMixer,0.5762144923210144,0.003881990909576416,ZeroPred,0.5789838433265686,0.006651341915130615
1802,iTransformer,0.5622254014015198,FreTS,0.569492757320404,0.007267355918884277,ZeroPred,0.5701741576194763,0.007948756217956543
1803,TimeXer,0.5664292573928833,iTransformer,0.5689372420310974,0.0025079846382141113,ZeroPred,0.5695748329162598,0.003145575523376465
1804,TimeXer,0.567110002040863,PatchTST,0.5681251883506775,0.0010151863098144531,ZeroPred,0.5698526501655579,0.0027426481246948242
1805,TimeXer,0.5613359808921814,DLinear,0.5624132752418518,0.0010772943496704102,ZeroPred,0.5699877738952637,0.008651793003082275
1806,ZeroPred,0.5681965947151184,PatchTST,0.5682666897773743,7.009506225585938e-05,ZeroPred,0.5681965947151184,0.0
1807,TimeMixer,0.5238167643547058,HAR_EWM,0.5248678922653198,0.0010511279106140137,ZeroPred,0.5263264179229736,0.0025096535682678223
1808,iTransformer,0.5038699507713318,TimeXer,0.5083721280097961,0.0045021772384643555,ZeroPred,0.5143869519233704,0.010517001152038574
1809,iTransformer,0.51046222448349,FreTS,0.5131068229675293,0.0026445984840393066,ZeroPred,0.516163170337677,0.005700945854187012
1810,FreTS,0.5090685486793518,iTransformer,0.5122854113578796,0.003216862678527832,ZeroPred,0.5160863995552063,0.007017850875854492
1811,TimeXer,0.5029365420341492,FreTS,0.5141950845718384,0.011258542537689209,ZeroPred,0.5154616236686707,0.012525081634521484
1812,HAR_EWM,0.5147251486778259,PatchTST,0.5149317383766174,0.0002065896987915039,ZeroPred,0.5156722068786621,0.0009470582008361816
1813,HAR_EWM,0.5313252806663513,ZeroPred,0.5322693586349487,0.0009440779685974121,ZeroPred,0.5322693586349487,0.0009440779685974121
1814,iTransformer,0.5390052199363708,TimeXer,0.5398848652839661,0.0008796453475952148,ZeroPred,0.5450019240379333,0.0059967041015625
1815,TimeMixer,0.5405170321464539,iTransformer,0.5456979274749756,0.0051808953285217285,ZeroPred,0.5464797616004944,0.005962729454040527
1816,TimeXer,0.5397560596466064,PatchTST,0.5475801825523376,0.007824122905731201,ZeroPred,0.5503019094467163,0.010545849800109863
1817,TimeXer,0.5459383130073547,PatchTST,0.5493744015693665,0.0034360885620117188,ZeroPred,0.5508463382720947,0.00490802526473999
1818,TimeMixer,0.5439496040344238,HAR_EWM,0.5496206879615784,0.005671083927154541,ZeroPred,0.5498330593109131,0.005883455276489258
1819,iTransformer,0.5356764793395996,TimeMixer,0.5413967967033386,0.005720317363739014,ZeroPred,0.5436383485794067,0.007961869239807129
1820,iTransformer,0.5441877841949463,TimeXer,0.5443326830863953,0.0001448988914489746,ZeroPred,0.5508702397346497,0.006682455539703369
1821,PatchTST,0.5461227297782898,FreTS,0.5463157296180725,0.00019299983978271484,ZeroPred,0.5475791096687317,0.0014563798904418945
1822,FreTS,0.5401797890663147,HAR_EWM,0.5459954738616943,0.005815684795379639,ZeroPred,0.5468136668205261,0.006633877754211426
1823,FreTS,0.5254345536231995,HAR_EWM,0.5310730338096619,0.005638480186462402,ZeroPred,0.5315302014350891,0.0060956478118896484
1824,TimeMixer,0.535119354724884,DLinear,0.53805011510849,0.002930760383605957,ZeroPred,0.5383313894271851,0.0032120347023010254
1825,TimeMixer,0.5306658148765564,TimeXer,0.5339112281799316,0.003245413303375244,ZeroPred,0.5370442867279053,0.006378471851348877
1826,TimeXer,0.4997107982635498,ZeroPred,0.5086624026298523,0.00895160436630249,ZeroPred,0.5086624026298523,0.00895160436630249
1827,TimeXer,0.4906812012195587,PatchTST,0.4991717040538788,0.008490502834320068,ZeroPred,0.5019597411155701,0.011278539896011353
1828,ZeroPred,0.5017216801643372,iTransformer,0.5023660659790039,0.000644385814666748,ZeroPred,0.5017216801643372,0.0
1829,HAR_EWM,0.4723440110683441,ZeroPred,0.47348180413246155,0.0011377930641174316,ZeroPred,0.47348180413246155,0.0011377930641174316
1830,TimeMixer,0.4347352981567383,iTransformer,0.4410124719142914,0.006277173757553101,ZeroPred,0.44925639033317566,0.014521092176437378
1831,TimeMixer,0.4148423969745636,TimeXer,0.4282311201095581,0.013388723134994507,ZeroPred,0.436012864112854,0.021170467138290405
1832,Persistence,0.4315299093723297,PatchTST,0.43340301513671875,0.001873105764389038,ZeroPred,0.43604230880737305,0.004512399435043335
1833,TimeMixer,0.43372201919555664,PatchTST,0.44097891449928284,0.007256895303726196,ZeroPred,0.44349440932273865,0.009772390127182007
1834,FreTS,0.4589594304561615,PatchTST,0.4614216387271881,0.0024622082710266113,ZeroPred,0.46374011039733887,0.004780679941177368
1835,TimeMixer,0.4575711190700531,PatchTST,0.4636640250682831,0.0060929059982299805,ZeroPred,0.46413862705230713,0.006567507982254028
1836,iTransformer,0.4574759900569916,Persistence,0.4622582495212555,0.004782259464263916,ZeroPred,0.4680178463459015,0.010541856288909912
1837,TimeMixer,0.45913878083229065,TimeXer,0.46069467067718506,0.0015558898448944092,ZeroPred,0.46856164932250977,0.009422868490219116
1838,TimeMixer,0.46136295795440674,PatchTST,0.4633907973766327,0.002027839422225952,ZeroPred,0.4667680263519287,0.005405068397521973
1839,PatchTST,0.4663400650024414,TimeMixer,0.4683823585510254,0.0020422935485839844,ZeroPred,0.4703688621520996,0.004028797149658203
1840,TimeMixer,0.4796639680862427,PatchTST,0.4799257218837738,0.00026175379753112793,ZeroPred,0.4834909439086914,0.0038269758224487305
1841,TimeXer,0.4723321497440338,FreTS,0.4738013446331024,0.0014691948890686035,ZeroPred,0.4773498475551605,0.005017697811126709
1842,TimeXer,0.4690442383289337,TimeMixer,0.4700920879840851,0.0010478496551513672,ZeroPred,0.4765537679195404,0.0075095295906066895
1843,PatchTST,0.4721074402332306,ZeroPred,0.47777172923088074,0.0056642889976501465,ZeroPred,0.47777172923088074,0.0056642889976501465
1844,iTransformer,0.47669270634651184,TimeMixer,0.47947752475738525,0.002784818410873413,ZeroPred,0.48765936493873596,0.010966658592224121
1845,TimeXer,0.48178085684776306,TimeMixer,0.48308655619621277,0.001305699348449707,ZeroPred,0.48596420884132385,0.004183351993560791
1846,PatchTST,0.48556700348854065,TimeMixer,0.48596882820129395,0.0004018247127532959,ZeroPred,0.4881008565425873,0.002533853054046631
1847,iTransformer,0.47450900077819824,PatchTST,0.478222519159317,0.0037135183811187744,ZeroPred,0.48246732354164124,0.007958322763442993
1848,TimeMixer,0.46871209144592285,TimeXer,0.4721106290817261,0.0033985376358032227,ZeroPred,0.4777871370315552,0.009075045585632324
1849,iTransformer,0.4744992256164551,TimeMixer,0.4772350788116455,0.0027358531951904297,ZeroPred,0.4854568541049957,0.01095762848854065
1850,TimeXer,0.4836514890193939,PatchTST,0.4841398298740387,0.0004883408546447754,ZeroPred,0.4918636381626129,0.008212149143218994
1851,TimeMixer,0.4955237805843353,PatchTST,0.49600228667259216,0.00047850608825683594,ZeroPred,0.5016791224479675,0.006155341863632202
1852,TimeMixer,0.4895632266998291,FreTS,0.49272358417510986,0.0031603574752807617,ZeroPred,0.4973699152469635,0.007806688547134399
1853,HAR_EWM,0.4946192800998688,PatchTST,0.49484482407569885,0.00022554397583007812,ZeroPred,0.4978894293308258,0.0032701492309570312
1854,TimeXer,0.4954605996608734,iTransformer,0.4989387094974518,0.003478109836578369,ZeroPred,0.5022673010826111,0.006806701421737671
1855,HAR_EWM,0.5102176070213318,FreTS,0.5104172229766846,0.0001996159553527832,ZeroPred,0.5119195580482483,0.001701951026916504
1856,TimeMixer,0.4989073574542999,PatchTST,0.5052399635314941,0.006332606077194214,ZeroPred,0.5110037922859192,0.012096434831619263
1857,DLinear,0.5065034031867981,HAR_EWM,0.5074684023857117,0.0009649991989135742,ZeroPred,0.5094797611236572,0.002976357936859131
1858,TimeMixer,0.5009025931358337,HAR_EWM,0.5077923536300659,0.006889760494232178,ZeroPred,0.5086236596107483,0.007721066474914551
1859,DLinear,0.5033528208732605,PatchTST,0.5037891268730164,0.0004363059997558594,ZeroPred,0.5083877444267273,0.005034923553466797
1860,TimeMixer,0.5043909549713135,iTransformer,0.5056416392326355,0.0012506842613220215,ZeroPred,0.5093848705291748,0.004993915557861328
1861,HAR_EWM,0.5076805949211121,PatchTST,0.5078560709953308,0.00017547607421875,ZeroPred,0.5092783570289612,0.001597762107849121
1862,TimeMixer,0.5579871535301208,TimeXer,0.558310329914093,0.00032317638397216797,ZeroPred,0.5591903328895569,0.0012031793594360352
1863,FreTS,0.573932945728302,TimeMixer,0.5757666230201721,0.0018336772918701172,ZeroPred,0.5775390267372131,0.003606081008911133
1864,ZeroPred,0.5751239657402039,HAR_EWM,0.5777655243873596,0.0026415586471557617,ZeroPred,0.5751239657402039,0.0
1865,PatchTST,0.5698899626731873,ZeroPred,0.5708786845207214,0.0009887218475341797,ZeroPred,0.5708786845207214,0.0009887218475341797
1866,iTransformer,0.5552186965942383,DLinear,0.5587415099143982,0.003522813320159912,ZeroPred,0.5614978671073914,0.006279170513153076
1867,ZeroPred,0.5607534646987915,FreTS,0.5626750588417053,0.0019215941429138184,ZeroPred,0.5607534646987915,0.0
1868,FreTS,0.5534715056419373,TimeXer,0.5565221905708313,0.003050684928894043,ZeroPred,0.5603952407836914,0.00692373514175415
1869,ZeroPred,0.5562999248504639,FreTS,0.5577118396759033,0.0014119148254394531,ZeroPred,0.5562999248504639,0.0
1870,iTransformer,0.5516430735588074,TimeMixer,0.5563748478889465,0.00473177433013916,ZeroPred,0.5571046471595764,0.005461573600769043
1871,iTransformer,0.5519812703132629,ZeroPred,0.557727575302124,0.005746304988861084,ZeroPred,0.557727575302124,0.005746304988861084
1872,TimeXer,0.556309163570404,ZeroPred,0.5585560202598572,0.002246856689453125,ZeroPred,0.5585560202598572,0.002246856689453125
1873,FreTS,0.5088258385658264,TimeMixer,0.5092944502830505,0.0004686117172241211,ZeroPred,0.5095247626304626,0.0006989240646362305
1874,FreTS,0.48876723647117615,TimeMixer,0.48990678787231445,0.0011395514011383057,ZeroPred,0.49520209431648254,0.0064348578453063965
1875,TimeMixer,0.47963544726371765,iTransformer,0.48076972365379333,0.0011342763900756836,ZeroPred,0.4828352928161621,0.003199845552444458
1876,FreTS,0.47470223903656006,DLinear,0.47593724727630615,0.0012350082397460938,ZeroPred,0.47726988792419434,0.0025676488876342773
1877,DLinear,0.4669222831726074,TimeMixer,0.4696749746799469,0.0027526915073394775,ZeroPred,0.4771862030029297,0.010263919830322266
1878,DLinear,0.4688986837863922,PatchTST,0.47557416558265686,0.0066754817962646484,ZeroPred,0.475717693567276,0.006819009780883789
1879,iTransformer,0.44734928011894226,DLinear,0.44798389077186584,0.000634610652923584,ZeroPred,0.4566880166530609,0.009338736534118652
1880,DLinear,0.4322543442249298,TimeMixer,0.4426516592502594,0.01039731502532959,ZeroPred,0.44366273283958435,0.011408388614654541
1881,DLinear,0.42704737186431885,iTransformer,0.4277280569076538,0.0006806850433349609,ZeroPred,0.44043073058128357,0.013383358716964722
1882,DLinear,0.43111035227775574,ZeroPred,0.4382549822330475,0.007144629955291748,ZeroPred,0.4382549822330475,0.007144629955291748
1883,FreTS,0.435798317193985,DLinear,0.43647587299346924,0.0006775557994842529,ZeroPred,0.4397895038127899,0.003991186618804932
1884,DLinear,0.409836083650589,FreTS,0.4162313938140869,0.006395310163497925,ZeroPred,0.4166680574417114,0.0068319737911224365
1885,DLinear,0.42318519949913025,Persistence,0.42462286353111267,0.0014376640319824219,ZeroPred,0.42879775166511536,0.005612552165985107
1886,FreTS,0.4073333442211151,ZeroPred,0.410515695810318,0.003182351589202881,ZeroPred,0.410515695810318,0.003182351589202881
1887,iTransformer,0.4067043364048004,FreTS,0.409946471452713,0.0032421350479125977,ZeroPred,0.41006234288215637,0.003358006477355957
1888,TimeMixer,0.4129565954208374,PatchTST,0.41327592730522156,0.0003193318843841553,ZeroPred,0.4143615663051605,0.0014049708843231201
1889,DLinear,0.4093383252620697,iTransformer,0.4096466600894928,0.0003083348274230957,ZeroPred,0.41075506806373596,0.0014167428016662598
1890,Persistence,0.4096240997314453,ZeroPred,0.41168344020843506,0.002059340476989746,ZeroPred,0.41168344020843506,0.002059340476989746
1891,ZeroPred,0.41169485449790955,FreTS,0.41183343529701233,0.0001385807991027832,ZeroPred,0.41169485449790955,0.0
1892,TimeMixer,0.3912467062473297,TimeXer,0.3990739583969116,0.00782725214958191,ZeroPred,0.40345728397369385,0.012210577726364136
1893,iTransformer,0.3909205496311188,ZeroPred,0.3931129276752472,0.002192378044128418,ZeroPred,0.3931129276752472,0.002192378044128418
1894,ZeroPred,0.39046260714530945,iTransformer,0.3922828137874603,0.001820206642150879,ZeroPred,0.39046260714530945,0.0
1895,DLinear,0.39558544754981995,FreTS,0.3960093557834625,0.0004239082336425781,ZeroPred,0.3988111913204193,0.0032257437705993652
1896,ZeroPred,0.3900216519832611,TimeMixer,0.3913317620754242,0.001310110092163086,ZeroPred,0.3900216519832611,0.0
1897,PatchTST,0.3853718936443329,TimeMixer,0.3855551779270172,0.00018328428268432617,ZeroPred,0.3857790529727936,0.00040715932846069336
1898,iTransformer,0.38060083985328674,FreTS,0.381831556558609,0.0012307167053222656,ZeroPred,0.38462844491004944,0.004027605056762695
1899,TimeXer,0.3712466061115265,PatchTST,0.3845612108707428,0.013314604759216309,ZeroPred,0.38497433066368103,0.013727724552154541
1900,DLinear,0.3798443377017975,iTransformer,0.38574323058128357,0.005898892879486084,ZeroPred,0.38846397399902344,0.008619636297225952
1901,PatchTST,0.38843587040901184,DLinear,0.38901224732398987,0.0005763769149780273,ZeroPred,0.38922715187072754,0.0007912814617156982
1902,DLinear,0.38609346747398376,TimeXer,0.38785743713378906,0.0017639696598052979,ZeroPred,0.39474353194236755,0.008650064468383789
1903,DLinear,0.38794270157814026,ZeroPred,0.3923700749874115,0.00442737340927124,ZeroPred,0.3923700749874115,0.00442737340927124
1904,FreTS,0.3872148096561432,DLinear,0.38872599601745605,0.0015111863613128662,ZeroPred,0.3922778069972992,0.005062997341156006
1905,DLinear,0.3845076560974121,ZeroPred,0.3907921314239502,0.006284475326538086,ZeroPred,0.3907921314239502,0.006284475326538086
1906,ZeroPred,0.3985116481781006,FreTS,0.4001924693584442,0.001680821180343628,ZeroPred,0.3985116481781006,0.0
1907,TimeXer,0.399481862783432,DLinear,0.3996288478374481,0.00014698505401611328,ZeroPred,0.401531457901001,0.0020495951175689697
1908,DLinear,0.4003331661224365,FreTS,0.4009716510772705,0.0006384849548339844,ZeroPred,0.4025098383426666,0.0021766722202301025
1909,DLinear,0.37752148509025574,ZeroPred,0.38630378246307373,0.008782297372817993,ZeroPred,0.38630378246307373,0.008782297372817993
1910,FreTS,0.36863282322883606,iTransformer,0.3708523213863373,0.0022194981575012207,ZeroPred,0.37151995301246643,0.002887129783630371
1911,DLinear,0.358995646238327,TimeXer,0.36829277873039246,0.00929713249206543,ZeroPred,0.3714715540409088,0.012475907802581787
1912,DLinear,0.3590260446071625,FreTS,0.3623715341091156,0.003345489501953125,ZeroPred,0.3667677342891693,0.007741689682006836
1913,DLinear,0.36032795906066895,TimeMixer,0.3653717041015625,0.005043745040893555,ZeroPred,0.3662416934967041,0.005913734436035156
1914,DLinear,0.36729541420936584,iTransformer,0.3673289120197296,3.349781036376953e-05,ZeroPred,0.37235745787620544,0.0050620436668396
1915,DLinear,0.36360955238342285,TimeMixer,0.3714641034603119,0.007854551076889038,ZeroPred,0.3742745816707611,0.010665029287338257
1916,DLinear,0.3630574941635132,TimeXer,0.36312833428382874,7.084012031555176e-05,ZeroPred,0.3666957914829254,0.0036382973194122314
1917,DLinear,0.3641004264354706,FreTS,0.3650337755680084,0.0009333491325378418,ZeroPred,0.36680352687835693,0.0027031004428863525
1918,DLinear,0.3623635768890381,iTransformer,0.3662799894809723,0.003916412591934204,ZeroPred,0.36718276143074036,0.0048191845417022705
1919,iTransformer,0.36121106147766113,DLinear,0.3663731515407562,0.005162090063095093,ZeroPred,0.3699178695678711,0.008706808090209961
1920,DLinear,0.35635578632354736,FreTS,0.36277642846107483,0.006420642137527466,ZeroPred,0.362964391708374,0.00660860538482666
1921,DLinear,0.35661911964416504,PatchTST,0.359698623418808,0.0030795037746429443,ZeroPred,0.3598395586013794,0.0032204389572143555
1922,FreTS,0.35254836082458496,PatchTST,0.3604947030544281,0.00794634222984314,ZeroPred,0.36066320538520813,0.008114844560623169
1923,DLinear,0.3590311110019684,ZeroPred,0.36361756920814514,0.004586458206176758,ZeroPred,0.36361756920814514,0.004586458206176758
1924,ZeroPred,0.4079287052154541,FreTS,0.40908083319664,0.001152127981185913,ZeroPred,0.4079287052154541,0.0
1925,ZeroPred,0.4219953119754791,FreTS,0.4231199026107788,0.0011245906352996826,ZeroPred,0.4219953119754791,0.0
1926,ZeroPred,0.4213421046733856,FreTS,0.4273873567581177,0.006045252084732056,ZeroPred,0.4213421046733856,0.0
1927,ZeroPred,0.4225028455257416,FreTS,0.4226859509944916,0.00018310546875,ZeroPred,0.4225028455257416,0.0
1928,FreTS,0.422823041677475,ZeroPred,0.42294254899024963,0.0001195073127746582,ZeroPred,0.42294254899024963,0.0001195073127746582
1929,FreTS,0.4048698842525482,ZeroPred,0.40661048889160156,0.0017406046390533447,ZeroPred,0.40661048889160156,0.0017406046390533447
1930,DLinear,0.38516831398010254,ZeroPred,0.38600778579711914,0.0008394718170166016,ZeroPred,0.38600778579711914,0.0008394718170166016
1931,FreTS,0.38292479515075684,ZeroPred,0.38408374786376953,0.0011589527130126953,ZeroPred,0.38408374786376953,0.0011589527130126953
1932,DLinear,0.3825647830963135,ZeroPred,0.3898268938064575,0.007262110710144043,ZeroPred,0.3898268938064575,0.007262110710144043
1933,ZeroPred,0.39373210072517395,FreTS,0.3954046070575714,0.001672506332397461,ZeroPred,0.39373210072517395,0.0
1934,DLinear,0.39045360684394836,ZeroPred,0.3936030864715576,0.003149479627609253,ZeroPred,0.3936030864715576,0.003149479627609253
1935,DLinear,0.38254833221435547,FreTS,0.3870474398136139,0.004499107599258423,ZeroPred,0.3899916410446167,0.0074433088302612305
1936,ZeroPred,0.37415406107902527,FreTS,0.3758702278137207,0.0017161667346954346,ZeroPred,0.37415406107902527,0.0
1937,FreTS,0.3727315366268158,ZeroPred,0.37430086731910706,0.0015693306922912598,ZeroPred,0.37430086731910706,0.0015693306922912598
1938,ZeroPred,0.37374556064605713,DLinear,0.37430456280708313,0.000559002161026001,ZeroPred,0.37374556064605713,0.0
1939,FreTS,0.36858704686164856,ZeroPred,0.3726218640804291,0.004034817218780518,ZeroPred,0.3726218640804291,0.004034817218780518
1940,FreTS,0.3588904142379761,ZeroPred,0.36283063888549805,0.003940224647521973,ZeroPred,0.36283063888549805,0.003940224647521973
1941,Persistence,0.353397399187088,ZeroPred,0.3631739318370819,0.009776532649993896,ZeroPred,0.3631739318370819,0.009776532649993896
1942,ZeroPred,0.36266645789146423,FreTS,0.3664344251155853,0.0037679672241210938,ZeroPred,0.36266645789146423,0.0
1943,FreTS,0.34819841384887695,ZeroPred,0.35461607575416565,0.006417661905288696,ZeroPred,0.35461607575416565,0.006417661905288696
1944,FreTS,0.35047999024391174,ZeroPred,0.35460224747657776,0.004122257232666016,ZeroPred,0.35460224747657776,0.004122257232666016
1945,FreTS,0.3369041979312897,ZeroPred,0.3393416702747345,0.0024374723434448242,ZeroPred,0.3393416702747345,0.0024374723434448242
1946,ZeroPred,0.3344346582889557,FreTS,0.33968815207481384,0.005253493785858154,ZeroPred,0.3344346582889557,0.0
1947,ZeroPred,0.3242984414100647,FreTS,0.3261779844760895,0.0018795430660247803,ZeroPred,0.3242984414100647,0.0
1948,ZeroPred,0.32059407234191895,FreTS,0.3215864598751068,0.0009923875331878662,ZeroPred,0.32059407234191895,0.0
1949,FreTS,0.32443034648895264,ZeroPred,0.32967957854270935,0.005249232053756714,ZeroPred,0.32967957854270935,0.005249232053756714
1950,FreTS,0.33152297139167786,ZeroPred,0.33494654297828674,0.0034235715866088867,ZeroPred,0.33494654297828674,0.0034235715866088867
1951,FreTS,0.325105756521225,ZeroPred,0.32517412304878235,6.836652755737305e-05,ZeroPred,0.32517412304878235,6.836652755737305e-05
1952,FreTS,0.3248645067214966,ZeroPred,0.32758763432502747,0.002723127603530884,ZeroPred,0.32758763432502747,0.002723127603530884
1953,FreTS,0.325633704662323,ZeroPred,0.32588323950767517,0.00024953484535217285,ZeroPred,0.32588323950767517,0.00024953484535217285
1954,ZeroPred,0.3248245418071747,FreTS,0.324873149394989,4.8607587814331055e-05,ZeroPred,0.3248245418071747,0.0
1955,ZeroPred,0.3260346055030823,DLinear,0.32821133732795715,0.002176731824874878,ZeroPred,0.3260346055030823,0.0
1956,FreTS,0.3235997259616852,TimeXer,0.32448816299438477,0.000888437032699585,ZeroPred,0.3250868618488312,0.001487135887145996
1957,TimeXer,0.32549408078193665,FreTS,0.3261008560657501,0.0006067752838134766,ZeroPred,0.3275672197341919,0.002073138952255249
1958,HAR_EWM,0.2756982147693634,ZeroPred,0.27771028876304626,0.0020120739936828613,ZeroPred,0.27771028876304626,0.0020120739936828613
1959,ZeroPred,0.2584294378757477,FreTS,0.2601166069507599,0.001687169075012207,ZeroPred,0.2584294378757477,0.0
1960,iTransformer,0.2530161738395691,FreTS,0.257602721452713,0.004586547613143921,ZeroPred,0.258367121219635,0.005350947380065918
1961,TimeMixer,0.25472044944763184,PatchTST,0.2559923827648163,0.0012719333171844482,ZeroPred,0.25838837027549744,0.0036679208278656006
1962,PatchTST,0.2529315948486328,FreTS,0.2544959485530853,0.0015643537044525146,ZeroPred,0.25850436091423035,0.005572766065597534
1963,TimeXer,0.2549629509449005,TimeMixer,0.2571164667606354,0.0021535158157348633,ZeroPred,0.25856101512908936,0.0035980641841888428
1964,Persistence,0.2580791413784027,ZeroPred,0.2589057981967926,0.0008266568183898926,ZeroPred,0.2589057981967926,0.0008266568183898926
1965,TimeXer,0.25872161984443665,ZeroPred,0.2600935399532318,0.001371920108795166,ZeroPred,0.2600935399532318,0.001371920108795166
1966,iTransformer,0.25373557209968567,FreTS,0.2569563686847687,0.003220796585083008,ZeroPred,0.25814709067344666,0.004411518573760986
1967,FreTS,0.25566670298576355,TimeMixer,0.2562805712223053,0.000613868236541748,ZeroPred,0.25772392749786377,0.0020572245121002197
1968,TimeMixer,0.25397607684135437,FreTS,0.25582805275917053,0.0018519759178161621,ZeroPred,0.25643599033355713,0.002459913492202759
1969,PatchTST,0.2524608075618744,ZeroPred,0.252702921628952,0.00024211406707763672,ZeroPred,0.252702921628952,0.00024211406707763672
1970,TimeMixer,0.2500884234905243,HAR_EWM,0.25027117133140564,0.00018274784088134766,ZeroPred,0.2508036196231842,0.0007151961326599121
1971,PatchTST,0.24680714309215546,ZeroPred,0.24770541489124298,0.0008982717990875244,ZeroPred,0.24770541489124298,0.0008982717990875244
1972,TimeXer,0.24062244594097137,PatchTST,0.24779583513736725,0.007173389196395874,ZeroPred,0.24899007380008698,0.0083676278591156
1973,TimeXer,0.24230168759822845,iTransformer,0.24428068101406097,0.0019789934158325195,ZeroPred,0.24823738634586334,0.005935698747634888
1974,PatchTST,0.24538303911685944,HAR_EWM,0.24692203104496002,0.001538991928100586,ZeroPred,0.24732302129268646,0.0019399821758270264
1975,TimeMixer,0.23894119262695312,FreTS,0.24391555786132812,0.004974365234375,ZeroPred,0.24739915132522583,0.008457958698272705
1976,PatchTST,0.23513905704021454,TimeMixer,0.23554925620555878,0.0004101991653442383,ZeroPred,0.2370893955230713,0.0019503384828567505
1977,PatchTST,0.2398703545331955,ZeroPred,0.24117588996887207,0.0013055354356765747,ZeroPred,0.24117588996887207,0.0013055354356765747
1978,TimeXer,0.23276901245117188,iTransformer,0.23352597653865814,0.0007569640874862671,ZeroPred,0.23528039455413818,0.0025113821029663086
1979,TimeXer,0.229392871260643,iTransformer,0.23058106005191803,0.0011881887912750244,ZeroPred,0.23209945857524872,0.002706587314605713
1980,DLinear,0.22847895324230194,ZeroPred,0.23158632218837738,0.0031073689460754395,ZeroPred,0.23158632218837738,0.0031073689460754395
1981,FreTS,0.2279537171125412,ZeroPred,0.23128585517406464,0.0033321380615234375,ZeroPred,0.23128585517406464,0.0033321380615234375
1982,ZeroPred,0.2371535301208496,DLinear,0.23965275287628174,0.002499222755432129,ZeroPred,0.2371535301208496,0.0
1983,TimeMixer,0.23490644991397858,DLinear,0.23573891818523407,0.0008324682712554932,ZeroPred,0.23860128223896027,0.0036948323249816895
1984,FreTS,0.22808456420898438,iTransformer,0.23031635582447052,0.002231791615486145,ZeroPred,0.23239044845104218,0.0043058842420578
1985,FreTS,0.23040086030960083,DLinear,0.23044483363628387,4.3973326683044434e-05,ZeroPred,0.23210275173187256,0.0017018914222717285
1986,FreTS,0.2263411283493042,DLinear,0.22877655923366547,0.002435430884361267,ZeroPred,0.231157585978508,0.004816457629203796
1987,iTransformer,0.2309730052947998,FreTS,0.23122794926166534,0.00025494396686553955,ZeroPred,0.23122887313365936,0.0002558678388595581
1988,iTransformer,0.22376210987567902,TimeMixer,0.22656667232513428,0.0028045624494552612,ZeroPred,0.2267245054244995,0.0029623955488204956
1989,iTransformer,0.22290004789829254,TimeMixer,0.22346942126750946,0.0005693733692169189,ZeroPred,0.22600631415843964,0.0031062662601470947
1990,TimeMixer,0.22615285217761993,PatchTST,0.23015041649341583,0.0039975643157958984,ZeroPred,0.23088836669921875,0.004735514521598816
1991,TimeMixer,0.2219323366880417,HAR_EWM,0.22296684980392456,0.0010345131158828735,ZeroPred,0.22303669154644012,0.0011043548583984375
1992,TimeXer,0.22121955454349518,DLinear,0.22276461124420166,0.001545056700706482,ZeroPred,0.22306711971759796,0.0018475651741027832
1993,FreTS,0.2192292958498001,TimeMixer,0.2203810214996338,0.0011517256498336792,ZeroPred,0.2204166203737259,0.0011873245239257812
1994,DLinear,0.21876966953277588,iTransformer,0.22051560878753662,0.0017459392547607422,ZeroPred,0.22111187875270844,0.002342209219932556
1995,TimeMixer,0.2204323410987854,iTransformer,0.2215503454208374,0.001118004322052002,ZeroPred,0.22207105159759521,0.0016387104988098145
1996,PatchTST,0.21666967868804932,HAR_EWM,0.21725152432918549,0.0005818456411361694,ZeroPred,0.21746821701526642,0.000798538327217102
1997,iTransformer,0.21476750075817108,HAR_EWM,0.21672213077545166,0.0019546300172805786,ZeroPred,0.2169046550989151,0.0021371543407440186
1998,DLinear,0.20939646661281586,FreTS,0.2100798338651657,0.0006833672523498535,ZeroPred,0.21095030009746552,0.0015538334846496582
1999,TimeMixer,0.20498891174793243,DLinear,0.20757943391799927,0.0025905221700668335,ZeroPred,0.211214080452919,0.006225168704986572
2000,DLinear,0.21437866985797882,iTransformer,0.2152678221464157,0.0008891522884368896,ZeroPred,0.22234094142913818,0.007962271571159363
2001,TimeMixer,0.22086192667484283,DLinear,0.2214854210615158,0.0006234943866729736,ZeroPred,0.22366350889205933,0.0028015822172164917
2002,TimeXer,0.21255935728549957,DLinear,0.2149433046579361,0.0023839473724365234,ZeroPred,0.21776694059371948,0.00520758330821991
2003,DLinear,0.20988412201404572,TimeXer,0.210113063454628,0.0002289414405822754,ZeroPred,0.21422554552555084,0.004341423511505127
2004,PatchTST,0.21340115368366241,ZeroPred,0.21387819945812225,0.00047704577445983887,ZeroPred,0.21387819945812225,0.00047704577445983887
2005,DLinear,0.2104485034942627,iTransformer,0.21111832559108734,0.000669822096824646,ZeroPred,0.21313415467739105,0.002685651183128357
2006,DLinear,0.20940952003002167,iTransformer,0.2112910896539688,0.0018815696239471436,ZeroPred,0.21338105201721191,0.003971531987190247
2007,DLinear,0.2074505239725113,PatchTST,0.21140719950199127,0.0039566755294799805,ZeroPred,0.21192693710327148,0.004476413130760193
2008,DLinear,0.20838718116283417,TimeMixer,0.21081574261188507,0.0024285614490509033,ZeroPred,0.2130555361509323,0.0046683549880981445
2009,DLinear,0.2084668129682541,iTransformer,0.21135206520557404,0.0028852522373199463,ZeroPred,0.21301531791687012,0.004548504948616028
2010,PatchTST,0.20947933197021484,ZeroPred,0.20974628627300262,0.00026695430278778076,ZeroPred,0.20974628627300262,0.00026695430278778076
2011,iTransformer,0.20517010986804962,FreTS,0.2055230587720871,0.0003529489040374756,ZeroPred,0.2087203413248062,0.003550231456756592
2012,DLinear,0.20397770404815674,TimeXer,0.20908327400684357,0.005105569958686829,ZeroPred,0.21036396920681,0.006386265158653259
2013,DLinear,0.20623688399791718,FreTS,0.20694810152053833,0.0007112175226211548,ZeroPred,0.2102758288383484,0.004038944840431213
2014,DLinear,0.20129413902759552,FreTS,0.20499122142791748,0.0036970824003219604,ZeroPred,0.2099556177854538,0.008661478757858276
2015,DLinear,0.20816870033740997,PatchTST,0.21119236946105957,0.003023669123649597,ZeroPred,0.21230579912662506,0.004137098789215088
2016,DLinear,0.2078876942396164,PatchTST,0.21261422336101532,0.004726529121398926,ZeroPred,0.21362324059009552,0.005735546350479126
2017,TimeXer,0.20555508136749268,DLinear,0.20953744649887085,0.003982365131378174,ZeroPred,0.21525311470031738,0.009698033332824707
2018,DLinear,0.20591799914836884,TimeXer,0.20797847211360931,0.0020604729652404785,ZeroPred,0.21321018040180206,0.0072921812534332275
2019,DLinear,0.20686696469783783,TimeXer,0.2072926014661789,0.00042563676834106445,ZeroPred,0.2098606824874878,0.0029937177896499634
2020,ZeroPred,0.17173202335834503,FreTS,0.17184321582317352,0.00011119246482849121,ZeroPred,0.17173202335834503,0.0
2021,ZeroPred,0.15892712771892548,FreTS,0.16015870869159698,0.0012315809726715088,ZeroPred,0.15892712771892548,0.0
2022,FreTS,0.15803860127925873,ZeroPred,0.15935741364955902,0.001318812370300293,ZeroPred,0.15935741364955902,0.001318812370300293
2023,ZeroPred,0.15772870182991028,DLinear,0.16031195223331451,0.002583250403404236,ZeroPred,0.15772870182991028,0.0
2024,ZeroPred,0.16017897427082062,FreTS,0.16078948974609375,0.0006105154752731323,ZeroPred,0.16017897427082062,0.0
2025,FreTS,0.15769672393798828,ZeroPred,0.15997667610645294,0.0022799521684646606,ZeroPred,0.15997667610645294,0.0022799521684646606
2026,FreTS,0.16063278913497925,ZeroPred,0.16466449201107025,0.004031702876091003,ZeroPred,0.16466449201107025,0.004031702876091003
2027,ZeroPred,0.17064106464385986,FreTS,0.1742442101240158,0.003603145480155945,ZeroPred,0.17064106464385986,0.0
2028,ZeroPred,0.17472964525222778,FreTS,0.17616991698741913,0.0014402717351913452,ZeroPred,0.17472964525222778,0.0
2029,ZeroPred,0.1703767031431198,FreTS,0.17097103595733643,0.0005943328142166138,ZeroPred,0.1703767031431198,0.0
2030,FreTS,0.16726166009902954,Persistence,0.16828681528568268,0.0010251551866531372,ZeroPred,0.17044079303741455,0.0031791329383850098
2031,FreTS,0.1988847851753235,ZeroPred,0.19967682659626007,0.0007920414209365845,ZeroPred,0.19967682659626007,0.0007920414209365845
2032,ZeroPred,0.20047526061534882,FreTS,0.20451009273529053,0.004034832119941711,ZeroPred,0.20047526061534882,0.0
2033,FreTS,0.19547437131404877,ZeroPred,0.19960527122020721,0.004130899906158447,ZeroPred,0.19960527122020721,0.004130899906158447
2034,ZeroPred,0.1991376280784607,FreTS,0.200906440615654,0.0017688125371932983,ZeroPred,0.1991376280784607,0.0
2035,ZeroPred,0.19991600513458252,FreTS,0.20396320521831512,0.004047200083732605,ZeroPred,0.19991600513458252,0.0
2036,ZeroPred,0.20461852848529816,FreTS,0.20500151813030243,0.00038298964500427246,ZeroPred,0.20461852848529816,0.0
2037,FreTS,0.2032713145017624,ZeroPred,0.20420868694782257,0.0009373724460601807,ZeroPred,0.20420868694782257,0.0009373724460601807
2038,FreTS,0.2025274783372879,ZeroPred,0.20365209877490997,0.0011246204376220703,ZeroPred,0.20365209877490997,0.0011246204376220703
2039,ZeroPred,0.20421212911605835,FreTS,0.20750249922275543,0.0032903701066970825,ZeroPred,0.20421212911605835,0.0
2040,ZeroPred,0.20456576347351074,Persistence,0.20591728389263153,0.0013515204191207886,ZeroPred,0.20456576347351074,0.0
2041,ZeroPred,0.20085634291172028,FreTS,0.20659494400024414,0.005738601088523865,ZeroPred,0.20085634291172028,0.0
2042,ZeroPred,0.20038266479969025,FreTS,0.20142912864685059,0.0010464638471603394,ZeroPred,0.20038266479969025,0.0
2043,Persistence,0.2003851681947708,FreTS,0.20351864397525787,0.0031334757804870605,ZeroPred,0.20534884929656982,0.004963681101799011
2044,ZeroPred,0.2225334495306015,FreTS,0.22573018074035645,0.003196731209754944,ZeroPred,0.2225334495306015,0.0
2045,ZeroPred,0.21544285118579865,FreTS,0.2167920470237732,0.0013491958379745483,ZeroPred,0.21544285118579865,0.0
2046,FreTS,0.20422865450382233,ZeroPred,0.2056279331445694,0.0013992786407470703,ZeroPred,0.2056279331445694,0.0013992786407470703
2047,Persistence,0.19877219200134277,FreTS,0.20593374967575073,0.007161557674407959,ZeroPred,0.20617836713790894,0.007406175136566162
2048,ZeroPred,0.20695023238658905,FreTS,0.20911459624767303,0.0021643638610839844,ZeroPred,0.20695023238658905,0.0
2049,ZeroPred,0.20692603290081024,FreTS,0.21072514355182648,0.0037991106510162354,ZeroPred,0.20692603290081024,0.0
2050,ZeroPred,0.2079225331544876,FreTS,0.2105301022529602,0.002607569098472595,ZeroPred,0.2079225331544876,0.0
2051,FreTS,0.2081976681947708,ZeroPred,0.2082626223564148,6.495416164398193e-05,ZeroPred,0.2082626223564148,6.495416164398193e-05
2052,Persistence,0.20084220170974731,ZeroPred,0.20818667113780975,0.007344469428062439,ZeroPred,0.20818667113780975,0.007344469428062439
2053,ZeroPred,0.2087492197751999,FreTS,0.21283316612243652,0.004083946347236633,ZeroPred,0.2087492197751999,0.0
2054,ZeroPred,0.2085503190755844,FreTS,0.20856483280658722,1.4513731002807617e-05,ZeroPred,0.2085503190755844,0.0
2055,ZeroPred,0.21122415363788605,FreTS,0.2138461321592331,0.002621978521347046,ZeroPred,0.21122415363788605,0.0
2056,Persistence,0.20890502631664276,ZeroPred,0.21184007823467255,0.002935051918029785,ZeroPred,0.21184007823467255,0.002935051918029785
2057,ZeroPred,0.21178185939788818,FreTS,0.21354925632476807,0.0017673969268798828,ZeroPred,0.21178185939788818,0.0
2058,Persistence,0.20739369094371796,ZeroPred,0.21602319180965424,0.00862950086593628,ZeroPred,0.21602319180965424,0.00862950086593628
2059,Persistence,0.20868754386901855,ZeroPred,0.2170068472623825,0.008319303393363953,ZeroPred,0.2170068472623825,0.008319303393363953
2060,ZeroPred,0.21881628036499023,FreTS,0.21939617395401,0.0005798935890197754,ZeroPred,0.21881628036499023,0.0
2061,ZeroPred,0.22065140306949615,FreTS,0.22075192630290985,0.00010052323341369629,ZeroPred,0.22065140306949615,0.0
2062,FreTS,0.2197391241788864,ZeroPred,0.22066892683506012,0.0009298026561737061,ZeroPred,0.22066892683506012,0.0009298026561737061
2063,ZeroPred,0.26504644751548767,HAR_EWM,0.26924240589141846,0.004195958375930786,ZeroPred,0.26504644751548767,0.0
2064,ZeroPred,0.2822335958480835,FreTS,0.28543317317962646,0.0031995773315429688,ZeroPred,0.2822335958480835,0.0
2065,FreTS,0.28856879472732544,ZeroPred,0.2905949056148529,0.002026110887527466,ZeroPred,0.2905949056148529,0.002026110887527466
2066,ZeroPred,0.2909797132015228,HAR_EWM,0.29197779297828674,0.000998079776763916,ZeroPred,0.2909797132015228,0.0
2067,Persistence,0.2902812361717224,ZeroPred,0.2937506437301636,0.003469407558441162,ZeroPred,0.2937506437301636,0.003469407558441162
2068,ZeroPred,0.29410210251808167,HAR_EWM,0.296448677778244,0.0023465752601623535,ZeroPred,0.29410210251808167,0.0
2069,ZeroPred,0.29242417216300964,FreTS,0.29673755168914795,0.004313379526138306,ZeroPred,0.29242417216300964,0.0
2070,ZeroPred,0.2999873757362366,FreTS,0.3013792634010315,0.0013918876647949219,ZeroPred,0.2999873757362366,0.0
2071,Persistence,0.29253554344177246,ZeroPred,0.30227574706077576,0.009740203619003296,ZeroPred,0.30227574706077576,0.009740203619003296
2072,ZeroPred,0.30301135778427124,FreTS,0.30631110072135925,0.0032997429370880127,ZeroPred,0.30301135778427124,0.0
2073,iTransformer,0.2951374351978302,FreTS,0.29632678627967834,0.0011893510818481445,ZeroPred,0.297149121761322,0.0020116865634918213
2074,HAR_EWM,0.32753515243530273,FreTS,0.330678790807724,0.0031436383724212646,ZeroPred,0.3309333920478821,0.0033982396125793457
2075,Persistence,0.324183851480484,HAR_EWM,0.3300733268260956,0.005889475345611572,ZeroPred,0.3335134983062744,0.009329646825790405
2076,HAR_EWM,0.33172258734703064,ZeroPred,0.3337160348892212,0.0019934475421905518,ZeroPred,0.3337160348892212,0.0019934475421905518
2077,HAR_EWM,0.316160649061203,iTransformer,0.3191954791545868,0.003034830093383789,ZeroPred,0.3222914934158325,0.006130844354629517
2078,HAR_EWM,0.3099552392959595,TimeXer,0.3132411539554596,0.003285914659500122,ZeroPred,0.3175695836544037,0.007614344358444214
2079,HAR_EWM,0.3118413984775543,FreTS,0.31289517879486084,0.0010537803173065186,ZeroPred,0.31836196780204773,0.006520569324493408
2080,HAR_EWM,0.3120127022266388,Persistence,0.31372198462486267,0.001709282398223877,ZeroPred,0.3183961808681488,0.00638347864151001
2081,HAR_EWM,0.31335124373435974,ZeroPred,0.3192269206047058,0.005875676870346069,ZeroPred,0.3192269206047058,0.005875676870346069
2082,HAR_EWM,0.31396713852882385,FreTS,0.31801357865333557,0.004046440124511719,ZeroPred,0.31951889395713806,0.005551755428314209
2083,Persistence,0.3141691982746124,HAR_EWM,0.31532636284828186,0.0011571645736694336,ZeroPred,0.32137635350227356,0.007207155227661133
2084,HAR_EWM,0.3153798282146454,DLinear,0.32026299834251404,0.004883170127868652,ZeroPred,0.32082268595695496,0.00544285774230957
2085,HAR_EWM,0.3179314136505127,DLinear,0.3218331038951874,0.0039016902446746826,ZeroPred,0.3226182460784912,0.004686832427978516
2086,HAR_EWM,0.3287148177623749,DLinear,0.33005470037460327,0.0013398826122283936,ZeroPred,0.3333376348018646,0.004622817039489746
2087,HAR_EWM,0.32829582691192627,ZeroPred,0.33274388313293457,0.004448056221008301,ZeroPred,0.33274388313293457,0.004448056221008301
2088,Persistence,0.3287980258464813,HAR_EWM,0.32995685935020447,0.0011588335037231445,ZeroPred,0.33480891585350037,0.006010890007019043
2089,HAR_EWM,0.3300996422767639,ZeroPred,0.33470073342323303,0.004601091146469116,ZeroPred,0.33470073342323303,0.004601091146469116
2090,HAR_EWM,0.3315795660018921,FreTS,0.3355651795864105,0.003985613584518433,ZeroPred,0.3357962667942047,0.004216700792312622
2091,HAR_EWM,0.3405568599700928,ZeroPred,0.34310129284858704,0.0025444328784942627,ZeroPred,0.34310129284858704,0.0025444328784942627
2092,HAR_EWM,0.3410140573978424,FreTS,0.342937707901001,0.0019236505031585693,ZeroPred,0.343399316072464,0.002385258674621582
2093,DLinear,0.3407040536403656,HAR_EWM,0.3432895243167877,0.002585470676422119,ZeroPred,0.3448835611343384,0.004179507493972778
2094,Persistence,0.34499916434288025,TimeXer,0.346502423286438,0.0015032589435577393,ZeroPred,0.34989508986473083,0.004895925521850586
2095,HAR_EWM,0.35382792353630066,TimeXer,0.35384711623191833,1.919269561767578e-05,ZeroPred,0.3565462529659271,0.002718329429626465
2096,DLinear,0.34465456008911133,ZeroPred,0.3456188142299652,0.0009642541408538818,ZeroPred,0.3456188142299652,0.0009642541408538818
2097,FreTS,0.34427404403686523,DLinear,0.34447407722473145,0.00020003318786621094,ZeroPred,0.34663382172584534,0.0023597776889801025
2098,ZeroPred,0.34470537304878235,FreTS,0.3462245464324951,0.0015191733837127686,ZeroPred,0.34470537304878235,0.0
2099,ZeroPred,0.34366342425346375,DLinear,0.3437710702419281,0.00010764598846435547,ZeroPred,0.34366342425346375,0.0
2100,DLinear,0.3414018154144287,ZeroPred,0.34263479709625244,0.0012329816818237305,ZeroPred,0.34263479709625244,0.0012329816818237305
2101,ZeroPred,0.34360381960868835,HAR_EWM,0.34616944193840027,0.002565622329711914,ZeroPred,0.34360381960868835,0.0
2102,ZeroPred,0.3441642224788666,FreTS,0.3458230197429657,0.001658797264099121,ZeroPred,0.3441642224788666,0.0
2103,Persistence,0.33904632925987244,FreTS,0.3443138897418976,0.0052675604820251465,ZeroPred,0.34509989619255066,0.006053566932678223
2104,DLinear,0.3428827226161957,ZeroPred,0.3442494571208954,0.001366734504699707,ZeroPred,0.3442494571208954,0.001366734504699707
2105,ZeroPred,0.3444962203502655,DLinear,0.34584495425224304,0.001348733901977539,ZeroPred,0.3444962203502655,0.0
2106,FreTS,0.3409104347229004,DLinear,0.3435419499874115,0.0026315152645111084,ZeroPred,0.343807190656662,0.0028967559337615967
2107,HAR_EWM,0.4201265871524811,ZeroPred,0.42136049270629883,0.001233905553817749,ZeroPred,0.42136049270629883,0.001233905553817749
2108,FreTS,0.4202166497707367,ZeroPred,0.4208287298679352,0.0006120800971984863,ZeroPred,0.4208287298679352,0.0006120800971984863
2109,ZeroPred,0.424607515335083,HAR_EWM,0.42516985535621643,0.0005623400211334229,ZeroPred,0.424607515335083,0.0
2110,Persistence,0.4179099500179291,FreTS,0.4230361878871918,0.005126237869262695,ZeroPred,0.4247184693813324,0.00680851936340332
2111,FreTS,0.41417360305786133,ZeroPred,0.419156938791275,0.004983335733413696,ZeroPred,0.419156938791275,0.004983335733413696
2112,FreTS,0.41635966300964355,ZeroPred,0.41796910762786865,0.0016094446182250977,ZeroPred,0.41796910762786865,0.0016094446182250977
2113,ZeroPred,0.4163576066493988,FreTS,0.42099395394325256,0.00463634729385376,ZeroPred,0.4163576066493988,0.0
2114,Persistence,0.40775346755981445,FreTS,0.4148392677307129,0.0070858001708984375,ZeroPred,0.41620829701423645,0.008454829454421997
2115,DLinear,0.4309549331665039,ZeroPred,0.4314558506011963,0.0005009174346923828,ZeroPred,0.4314558506011963,0.0005009174346923828
2116,DLinear,0.4313794672489166,TimeMixer,0.43569517135620117,0.004315704107284546,ZeroPred,0.4366084039211273,0.005228936672210693
2117,DLinear,0.43224215507507324,FreTS,0.4404653310775757,0.008223176002502441,ZeroPred,0.4414808452129364,0.00923869013786316
2118,PatchTST,0.47627973556518555,iTransformer,0.47860774397850037,0.0023280084133148193,ZeroPred,0.4821881353855133,0.005908399820327759
2119,iTransformer,0.47595691680908203,TimeMixer,0.48084962368011475,0.004892706871032715,ZeroPred,0.48332133889198303,0.007364422082901001
2120,DLinear,0.48585638403892517,PatchTST,0.48765549063682556,0.0017991065979003906,ZeroPred,0.4913063049316406,0.005449920892715454
2121,DLinear,0.4812704622745514,TimeMixer,0.4816875755786896,0.0004171133041381836,ZeroPred,0.4913332462310791,0.01006278395652771
2122,iTransformer,0.4765680730342865,DLinear,0.48155677318573,0.0049887001514434814,ZeroPred,0.4869253933429718,0.010357320308685303
2123,TimeMixer,0.4698294699192047,HAR_EWM,0.47351863980293274,0.0036891698837280273,ZeroPred,0.4809432923793793,0.01111382246017456
