window_index,best_model,best_loss,second_model,second_loss,margin_vs_second,best_single_model,best_single_loss,oracle_gain_vs_best_single
0,RidgeCov,0.2517789304256439,TargetRidge,0.846477210521698,0.5946983098983765,RidgeCov,0.2517789304256439,0.0
1,RidgeCov,0.23201966285705566,TargetRidge,0.9117727279663086,0.6797530651092529,RidgeCov,0.23201966285705566,0.0
2,RidgeCov,0.2217808961868286,TargetRidge,0.9496443271636963,0.7278634309768677,RidgeCov,0.2217808961868286,0.0
3,RidgeCov,0.21626301109790802,TargetRidge,1.2719985246658325,1.055735468864441,RidgeCov,0.21626301109790802,0.0
4,RidgeCov,0.22481469810009003,TargetRidge,0.8474268317222595,0.6226121187210083,RidgeCov,0.22481469810009003,0.0
5,RidgeCov,0.24804365634918213,TargetRidge,1.0360287427902222,0.78798508644104,RidgeCov,0.24804365634918213,0.0
6,RidgeCov,0.22465820610523224,TargetRidge,0.6846874356269836,0.4600292444229126,RidgeCov,0.22465820610523224,0.0
7,RidgeCov,0.2452249974012375,TargetRidge,0.8729632496833801,0.6277382373809814,RidgeCov,0.2452249974012375,0.0
8,RidgeCov,0.22329305112361908,TargetRidge,0.5640609860420227,0.34076792001724243,RidgeCov,0.22329305112361908,0.0
9,RidgeCov,0.21341149508953094,TargetRidge,0.726188600063324,0.5127770900726318,RidgeCov,0.21341149508953094,0.0
10,RidgeCov,0.2358075976371765,TargetRidge,0.8563634753227234,0.6205558776855469,RidgeCov,0.2358075976371765,0.0
11,RidgeCov,0.25104713439941406,TargetRidge,0.4447650909423828,0.19371795654296875,RidgeCov,0.25104713439941406,0.0
12,RidgeCov,0.2417701631784439,TargetRidge,0.49777451157569885,0.25600433349609375,RidgeCov,0.2417701631784439,0.0
13,RidgeCov,0.18370412290096283,TargetRidge,0.3824315369129181,0.19872741401195526,RidgeCov,0.18370412290096283,0.0
14,RidgeCov,0.19477291405200958,TargetRidge,0.31944897770881653,0.12467606365680695,RidgeCov,0.19477291405200958,0.0
15,RidgeCov,0.2010999470949173,TargetRidge,0.3215271532535553,0.120427206158638,RidgeCov,0.2010999470949173,0.0
16,RidgeCov,0.24130184948444366,TargetRidge,0.45366382598876953,0.21236197650432587,RidgeCov,0.24130184948444366,0.0
17,RidgeCov,0.16897539794445038,TargetRidge,0.2813304364681244,0.11235503852367401,RidgeCov,0.16897539794445038,0.0
18,RidgeCov,0.22724126279354095,TargetRidge,0.394965797662735,0.16772453486919403,RidgeCov,0.22724126279354095,0.0
19,RidgeCov,0.16009069979190826,TargetRidge,0.3908158540725708,0.23072515428066254,RidgeCov,0.16009069979190826,0.0
20,RidgeCov,0.17182143032550812,TargetRidge,0.22649526596069336,0.05467383563518524,RidgeCov,0.17182143032550812,0.0
21,RidgeCov,0.1564422994852066,TargetRidge,0.2005239725112915,0.0440816730260849,RidgeCov,0.1564422994852066,0.0
22,RidgeCov,0.17345218360424042,TargetRidge,0.18398936092853546,0.010537177324295044,RidgeCov,0.17345218360424042,0.0
23,TargetRidge,0.15592731535434723,RidgeCov,0.16264766454696655,0.006720349192619324,RidgeCov,0.16264766454696655,0.006720349192619324
24,TargetRidge,0.1287512630224228,RidgeCov,0.1488509327173233,0.020099669694900513,RidgeCov,0.1488509327173233,0.020099669694900513
25,TargetRidge,0.11470422893762589,RidgeCov,0.17250339686870575,0.057799167931079865,RidgeCov,0.17250339686870575,0.057799167931079865
26,TargetRidge,0.1580142229795456,RidgeCov,0.16246475279331207,0.0044505298137664795,RidgeCov,0.16246475279331207,0.0044505298137664795
27,RidgeCov,0.1497134417295456,TargetRidge,0.17162291705608368,0.021909475326538086,RidgeCov,0.1497134417295456,0.0
28,RidgeCov,0.15505076944828033,TargetRidge,0.15614023804664612,0.0010894685983657837,RidgeCov,0.15505076944828033,0.0
29,TargetRidge,0.11346489936113358,RidgeCov,0.1807408332824707,0.06727593392133713,RidgeCov,0.1807408332824707,0.06727593392133713
30,TargetRidge,0.15067122876644135,RidgeCov,0.1707853525876999,0.020114123821258545,RidgeCov,0.1707853525876999,0.020114123821258545
31,TargetRidge,0.13072331249713898,RidgeCov,0.1319321095943451,0.0012087970972061157,RidgeCov,0.1319321095943451,0.0012087970972061157
32,RidgeCov,0.14844761788845062,TargetRidge,0.17334072291851044,0.024893105030059814,RidgeCov,0.14844761788845062,0.0
33,TargetRidge,0.10594749450683594,RidgeCov,0.1309092789888382,0.02496178448200226,RidgeCov,0.1309092789888382,0.02496178448200226
34,TargetRidge,0.10958222299814224,RidgeCov,0.11793550848960876,0.008353285491466522,RidgeCov,0.11793550848960876,0.008353285491466522
35,TargetRidge,0.10236573219299316,RidgeCov,0.11982300132513046,0.0174572691321373,RidgeCov,0.11982300132513046,0.0174572691321373
36,TargetRidge,0.11943284422159195,RidgeCov,0.12205815315246582,0.002625308930873871,RidgeCov,0.12205815315246582,0.002625308930873871
37,RidgeCov,0.18280057609081268,TargetRidge,0.23955075442790985,0.05675017833709717,RidgeCov,0.18280057609081268,0.0
38,RidgeCov,0.1452678143978119,TargetRidge,0.15863452851772308,0.013366714119911194,RidgeCov,0.1452678143978119,0.0
39,TargetRidge,0.09602532535791397,RidgeCov,0.14326046407222748,0.04723513871431351,RidgeCov,0.14326046407222748,0.04723513871431351
40,TargetRidge,0.1027865782380104,RidgeCov,0.13632752001285553,0.03354094177484512,RidgeCov,0.13632752001285553,0.03354094177484512
41,TargetRidge,0.09930326789617538,RidgeCov,0.1321624368429184,0.03285916894674301,RidgeCov,0.1321624368429184,0.03285916894674301
42,TargetRidge,0.12919585406780243,RidgeCov,0.1407279372215271,0.01153208315372467,RidgeCov,0.1407279372215271,0.01153208315372467
43,TargetRidge,0.10837443917989731,RidgeCov,0.1382429450750351,0.029868505895137787,RidgeCov,0.1382429450750351,0.029868505895137787
44,TargetRidge,0.1328095942735672,RidgeCov,0.15085195004940033,0.01804235577583313,RidgeCov,0.15085195004940033,0.01804235577583313
45,TargetRidge,0.10718970745801926,RidgeCov,0.18295298516750336,0.0757632777094841,RidgeCov,0.18295298516750336,0.0757632777094841
46,TargetRidge,0.09418690204620361,RidgeCov,0.14705970883369446,0.052872806787490845,RidgeCov,0.14705970883369446,0.052872806787490845
47,TargetRidge,0.09874755144119263,RidgeCov,0.1912442445755005,0.09249669313430786,RidgeCov,0.1912442445755005,0.09249669313430786
48,TargetRidge,0.11371157318353653,RidgeCov,0.1567327231168747,0.043021149933338165,RidgeCov,0.1567327231168747,0.043021149933338165
49,TargetRidge,0.08507829904556274,RidgeCov,0.18986950814723969,0.10479120910167694,RidgeCov,0.18986950814723969,0.10479120910167694
50,TargetRidge,0.08049558103084564,RidgeCov,0.16471649706363678,0.08422091603279114,RidgeCov,0.16471649706363678,0.08422091603279114
51,TargetRidge,0.08417406678199768,RidgeCov,0.19381098449230194,0.10963691771030426,RidgeCov,0.19381098449230194,0.10963691771030426
52,TargetRidge,0.08520891517400742,RidgeCov,0.20356376469135284,0.11835484951734543,RidgeCov,0.20356376469135284,0.11835484951734543
53,TargetRidge,0.08434959501028061,RidgeCov,0.1753017157316208,0.09095212072134018,RidgeCov,0.1753017157316208,0.09095212072134018
54,TargetRidge,0.12778840959072113,RidgeCov,0.20366056263446808,0.07587215304374695,RidgeCov,0.20366056263446808,0.07587215304374695
55,TargetRidge,0.0940798744559288,RidgeCov,0.1799079179763794,0.08582804352045059,RidgeCov,0.1799079179763794,0.08582804352045059
56,TargetRidge,0.08013347536325455,RidgeCov,0.1671781688928604,0.08704469352960587,RidgeCov,0.1671781688928604,0.08704469352960587
57,TargetRidge,0.08308527618646622,RidgeCov,0.1741677075624466,0.09108243137598038,RidgeCov,0.1741677075624466,0.09108243137598038
58,TargetRidge,0.0863226130604744,RidgeCov,0.19204552471637726,0.10572291165590286,RidgeCov,0.19204552471637726,0.10572291165590286
59,TargetRidge,0.08400651812553406,RidgeCov,0.18348394334316254,0.09947742521762848,RidgeCov,0.18348394334316254,0.09947742521762848
60,TargetRidge,0.08630874007940292,RidgeCov,0.17266017198562622,0.0863514319062233,RidgeCov,0.17266017198562622,0.0863514319062233
61,TargetRidge,0.09122121334075928,RidgeCov,0.14497263729572296,0.053751423954963684,RidgeCov,0.14497263729572296,0.053751423954963684
62,TargetRidge,0.08477425575256348,RidgeCov,0.14708460867404938,0.0623103529214859,RidgeCov,0.14708460867404938,0.0623103529214859
63,TargetRidge,0.08572516590356827,RidgeCov,0.19208256900310516,0.1063574030995369,RidgeCov,0.19208256900310516,0.1063574030995369
64,TargetRidge,0.08692771196365356,RidgeCov,0.16809220612049103,0.08116449415683746,RidgeCov,0.16809220612049103,0.08116449415683746
65,TargetRidge,0.08920536190271378,RidgeCov,0.1497996598482132,0.06059429794549942,RidgeCov,0.1497996598482132,0.06059429794549942
66,TargetRidge,0.0852726474404335,RidgeCov,0.1858043223619461,0.1005316749215126,RidgeCov,0.1858043223619461,0.1005316749215126
67,TargetRidge,0.1346321851015091,RidgeCov,0.16902868449687958,0.03439649939537048,RidgeCov,0.16902868449687958,0.03439649939537048
68,TargetRidge,0.09698551893234253,RidgeCov,0.150242879986763,0.05325736105442047,RidgeCov,0.150242879986763,0.05325736105442047
69,TargetRidge,0.1681538075208664,RidgeCov,0.2196267992258072,0.051472991704940796,RidgeCov,0.2196267992258072,0.051472991704940796
70,TargetRidge,0.10360465198755264,RidgeCov,0.2138374000787735,0.11023274809122086,RidgeCov,0.2138374000787735,0.11023274809122086
71,TargetRidge,0.12580788135528564,RidgeCov,0.21313636004924774,0.0873284786939621,RidgeCov,0.21313636004924774,0.0873284786939621
72,TargetRidge,0.10956054925918579,RidgeCov,0.22795933485031128,0.11839878559112549,RidgeCov,0.22795933485031128,0.11839878559112549
73,TargetRidge,0.10829565674066544,RidgeCov,0.17717669904232025,0.06888104230165482,RidgeCov,0.17717669904232025,0.06888104230165482
74,TargetRidge,0.13316644728183746,RidgeCov,0.17864900827407837,0.045482560992240906,RidgeCov,0.17864900827407837,0.045482560992240906
75,TargetRidge,0.21389268338680267,RidgeCov,0.21789036691188812,0.003997683525085449,RidgeCov,0.21789036691188812,0.003997683525085449
76,TargetRidge,0.19423933327198029,RidgeCov,0.25790226459503174,0.06366293132305145,RidgeCov,0.25790226459503174,0.06366293132305145
77,TargetRidge,0.1383625715970993,RidgeCov,0.15797294676303864,0.01961037516593933,RidgeCov,0.15797294676303864,0.01961037516593933
78,TargetRidge,0.17615848779678345,RidgeCov,0.252692312002182,0.07653382420539856,RidgeCov,0.252692312002182,0.07653382420539856
79,TargetRidge,0.1349533051252365,RidgeCov,0.3073202967643738,0.17236699163913727,RidgeCov,0.3073202967643738,0.17236699163913727
80,TargetRidge,0.1595659852027893,RidgeCov,0.2034732699394226,0.0439072847366333,RidgeCov,0.2034732699394226,0.0439072847366333
81,TargetRidge,0.1269083172082901,RidgeCov,0.23205797374248505,0.10514965653419495,RidgeCov,0.23205797374248505,0.10514965653419495
82,TargetRidge,0.1787777990102768,RidgeCov,0.19175268709659576,0.01297488808631897,RidgeCov,0.19175268709659576,0.01297488808631897
83,TargetRidge,0.1195080354809761,RidgeCov,0.17900604009628296,0.059498004615306854,RidgeCov,0.17900604009628296,0.059498004615306854
84,TargetRidge,0.16721272468566895,RidgeCov,0.17248833179473877,0.005275607109069824,RidgeCov,0.17248833179473877,0.005275607109069824
85,RidgeCov,0.15222014486789703,TargetRidge,0.1895388811826706,0.03731873631477356,RidgeCov,0.15222014486789703,0.0
86,TargetRidge,0.1503733992576599,RidgeCov,0.19332925975322723,0.04295586049556732,RidgeCov,0.19332925975322723,0.04295586049556732
87,RidgeCov,0.17048446834087372,TargetRidge,0.18643295764923096,0.01594848930835724,RidgeCov,0.17048446834087372,0.0
88,RidgeCov,0.16833065450191498,TargetRidge,0.1974048614501953,0.029074206948280334,RidgeCov,0.16833065450191498,0.0
89,RidgeCov,0.16253332793712616,TargetRidge,0.1904333233833313,0.02789999544620514,RidgeCov,0.16253332793712616,0.0
90,TargetRidge,0.11532634496688843,RidgeCov,0.17017047107219696,0.05484412610530853,RidgeCov,0.17017047107219696,0.05484412610530853
91,TargetRidge,0.1230630949139595,RidgeCov,0.2830798327922821,0.1600167453289032,RidgeCov,0.2830798327922821,0.1600167453289032
92,RidgeCov,0.12714877724647522,TargetRidge,0.1651642769575119,0.03801549971103668,RidgeCov,0.12714877724647522,0.0
93,TargetRidge,0.1647307276725769,RidgeCov,0.18329448997974396,0.018563762307167053,RidgeCov,0.18329448997974396,0.018563762307167053
94,TargetRidge,0.1376158744096756,RidgeCov,0.20377667248249054,0.06616079807281494,RidgeCov,0.20377667248249054,0.06616079807281494
95,TargetRidge,0.12984713912010193,RidgeCov,0.25381454825401306,0.12396740913391113,RidgeCov,0.25381454825401306,0.12396740913391113
96,RidgeCov,0.1655723601579666,TargetRidge,0.1741974949836731,0.008625134825706482,RidgeCov,0.1655723601579666,0.0
97,RidgeCov,0.20704936981201172,TargetRidge,0.24374453723430634,0.03669516742229462,RidgeCov,0.20704936981201172,0.0
98,TargetRidge,0.16280005872249603,RidgeCov,0.2030164748430252,0.040216416120529175,RidgeCov,0.2030164748430252,0.040216416120529175
99,RidgeCov,0.19813938438892365,TargetRidge,0.22425709664821625,0.026117712259292603,RidgeCov,0.19813938438892365,0.0
100,TargetRidge,0.15590737760066986,RidgeCov,0.1747581511735916,0.018850773572921753,RidgeCov,0.1747581511735916,0.018850773572921753
101,RidgeCov,0.1536886841058731,TargetRidge,0.2250954508781433,0.0714067667722702,RidgeCov,0.1536886841058731,0.0
102,RidgeCov,0.2344805747270584,TargetRidge,0.24166607856750488,0.007185503840446472,RidgeCov,0.2344805747270584,0.0
103,TargetRidge,0.15213030576705933,RidgeCov,0.22656868398189545,0.07443837821483612,RidgeCov,0.22656868398189545,0.07443837821483612
104,TargetRidge,0.17012397944927216,RidgeCov,0.2262045294046402,0.05608054995536804,RidgeCov,0.2262045294046402,0.05608054995536804
105,TargetRidge,0.19433879852294922,RidgeCov,0.24517744779586792,0.0508386492729187,RidgeCov,0.24517744779586792,0.0508386492729187
106,TargetRidge,0.1802138239145279,RidgeCov,0.19363164901733398,0.013417825102806091,RidgeCov,0.19363164901733398,0.013417825102806091
107,TargetRidge,0.17392106354236603,RidgeCov,0.2093220353126526,0.03540097177028656,RidgeCov,0.2093220353126526,0.03540097177028656
108,TargetRidge,0.18147766590118408,RidgeCov,0.19966121017932892,0.018183544278144836,RidgeCov,0.19966121017932892,0.018183544278144836
109,TargetRidge,0.15744458138942719,RidgeCov,0.20826728641986847,0.050822705030441284,RidgeCov,0.20826728641986847,0.050822705030441284
110,TargetRidge,0.1635022759437561,RidgeCov,0.2578331530094147,0.09433087706565857,RidgeCov,0.2578331530094147,0.09433087706565857
111,TargetRidge,0.16245980560779572,RidgeCov,0.22759471833705902,0.0651349127292633,RidgeCov,0.22759471833705902,0.0651349127292633
112,TargetRidge,0.16300331056118011,RidgeCov,0.2033836990594864,0.040380388498306274,RidgeCov,0.2033836990594864,0.040380388498306274
113,TargetRidge,0.17225897312164307,RidgeCov,0.22595982253551483,0.053700849413871765,RidgeCov,0.22595982253551483,0.053700849413871765
114,TargetRidge,0.15499620139598846,RidgeCov,0.21122808754444122,0.05623188614845276,RidgeCov,0.21122808754444122,0.05623188614845276
115,TargetRidge,0.16274911165237427,RidgeCov,0.19869446754455566,0.035945355892181396,RidgeCov,0.19869446754455566,0.035945355892181396
116,TargetRidge,0.18056845664978027,RidgeCov,0.2684905230998993,0.08792206645011902,RidgeCov,0.2684905230998993,0.08792206645011902
117,TargetRidge,0.17730967700481415,RidgeCov,0.2502809464931488,0.07297126948833466,RidgeCov,0.2502809464931488,0.07297126948833466
118,TargetRidge,0.1749134063720703,RidgeCov,0.23817048966884613,0.06325708329677582,RidgeCov,0.23817048966884613,0.06325708329677582
119,TargetRidge,0.15301772952079773,RidgeCov,0.2784672677516937,0.125449538230896,RidgeCov,0.2784672677516937,0.125449538230896
120,TargetRidge,0.15490949153900146,RidgeCov,0.266560435295105,0.11165094375610352,RidgeCov,0.266560435295105,0.11165094375610352
121,TargetRidge,0.16265207529067993,RidgeCov,0.30985602736473083,0.1472039520740509,RidgeCov,0.30985602736473083,0.1472039520740509
122,TargetRidge,0.16069869697093964,RidgeCov,0.27299559116363525,0.11229689419269562,RidgeCov,0.27299559116363525,0.11229689419269562
123,TargetRidge,0.16123200953006744,RidgeCov,0.2413313388824463,0.08009932935237885,RidgeCov,0.2413313388824463,0.08009932935237885
124,TargetRidge,0.1565166562795639,RidgeCov,0.2752920091152191,0.11877535283565521,RidgeCov,0.2752920091152191,0.11877535283565521
125,TargetRidge,0.16670580208301544,RidgeCov,0.29837456345558167,0.13166876137256622,RidgeCov,0.29837456345558167,0.13166876137256622
126,TargetRidge,0.16959333419799805,RidgeCov,0.3025239408016205,0.13293060660362244,RidgeCov,0.3025239408016205,0.13293060660362244
127,TargetRidge,0.18062996864318848,RidgeCov,0.30972614884376526,0.12909618020057678,RidgeCov,0.30972614884376526,0.12909618020057678
128,TargetRidge,0.16807369887828827,RidgeCov,0.32274797558784485,0.15467427670955658,RidgeCov,0.32274797558784485,0.15467427670955658
129,TargetRidge,0.17166097462177277,RidgeCov,0.33941850066185,0.1677575260400772,RidgeCov,0.33941850066185,0.1677575260400772
130,TargetRidge,0.17242233455181122,RidgeCov,0.3351779282093048,0.1627555936574936,RidgeCov,0.3351779282093048,0.1627555936574936
131,TargetRidge,0.1730579137802124,RidgeCov,0.3375205993652344,0.16446268558502197,RidgeCov,0.3375205993652344,0.16446268558502197
132,TargetRidge,0.1564822494983673,RidgeCov,0.3510132133960724,0.19453096389770508,RidgeCov,0.3510132133960724,0.19453096389770508
133,TargetRidge,0.16324448585510254,RidgeCov,0.3269472122192383,0.16370272636413574,RidgeCov,0.3269472122192383,0.16370272636413574
134,TargetRidge,0.16127599775791168,RidgeCov,0.37210583686828613,0.21082983911037445,RidgeCov,0.37210583686828613,0.21082983911037445
135,TargetRidge,0.17261087894439697,RidgeCov,0.30600687861442566,0.1333959996700287,RidgeCov,0.30600687861442566,0.1333959996700287
136,TargetRidge,0.16079343855381012,RidgeCov,0.3428819179534912,0.1820884793996811,RidgeCov,0.3428819179534912,0.1820884793996811
137,TargetRidge,0.1673324853181839,RidgeCov,0.32697904109954834,0.15964655578136444,RidgeCov,0.32697904109954834,0.15964655578136444
138,TargetRidge,0.15903808176517487,RidgeCov,0.36027148365974426,0.2012334018945694,RidgeCov,0.36027148365974426,0.2012334018945694
139,TargetRidge,0.16482530534267426,RidgeCov,0.3245103061199188,0.15968500077724457,RidgeCov,0.3245103061199188,0.15968500077724457
140,TargetRidge,0.1568031907081604,RidgeCov,0.3152998387813568,0.1584966480731964,RidgeCov,0.3152998387813568,0.1584966480731964
141,TargetRidge,0.15381640195846558,RidgeCov,0.33169370889663696,0.1778773069381714,RidgeCov,0.33169370889663696,0.1778773069381714
142,TargetRidge,0.15603946149349213,RidgeCov,0.2820417582988739,0.12600229680538177,RidgeCov,0.2820417582988739,0.12600229680538177
143,TargetRidge,0.15105360746383667,RidgeCov,0.3265610337257385,0.17550742626190186,RidgeCov,0.3265610337257385,0.17550742626190186
144,TargetRidge,0.14769279956817627,RidgeCov,0.32283487915992737,0.1751420795917511,RidgeCov,0.32283487915992737,0.1751420795917511
145,TargetRidge,0.15062470734119415,RidgeCov,0.2927730977535248,0.14214839041233063,RidgeCov,0.2927730977535248,0.14214839041233063
146,TargetRidge,0.14937369525432587,RidgeCov,0.29781457781791687,0.148440882563591,RidgeCov,0.29781457781791687,0.148440882563591
147,TargetRidge,0.14744482934474945,RidgeCov,0.2930445373058319,0.14559970796108246,RidgeCov,0.2930445373058319,0.14559970796108246
148,TargetRidge,0.14381669461727142,RidgeCov,0.262727290391922,0.11891059577465057,RidgeCov,0.262727290391922,0.11891059577465057
149,TargetRidge,0.1423446089029312,RidgeCov,0.28435227274894714,0.14200766384601593,RidgeCov,0.28435227274894714,0.14200766384601593
150,TargetRidge,0.13861574232578278,RidgeCov,0.2903178632259369,0.1517021209001541,RidgeCov,0.2903178632259369,0.1517021209001541
151,TargetRidge,0.1356515884399414,RidgeCov,0.2492222785949707,0.1135706901550293,RidgeCov,0.2492222785949707,0.1135706901550293
152,TargetRidge,0.1376991719007492,RidgeCov,0.2794257700443268,0.14172659814357758,RidgeCov,0.2794257700443268,0.14172659814357758
153,TargetRidge,0.13376261293888092,RidgeCov,0.25278225541114807,0.11901964247226715,RidgeCov,0.25278225541114807,0.11901964247226715
154,TargetRidge,0.13614587485790253,RidgeCov,0.2623131573200226,0.12616728246212006,RidgeCov,0.2623131573200226,0.12616728246212006
155,TargetRidge,0.13158060610294342,RidgeCov,0.28472891449928284,0.15314830839633942,RidgeCov,0.28472891449928284,0.15314830839633942
156,TargetRidge,0.13713091611862183,RidgeCov,0.28302323818206787,0.14589232206344604,RidgeCov,0.28302323818206787,0.14589232206344604
157,TargetRidge,0.14489291608333588,RidgeCov,0.2935177683830261,0.14862485229969025,RidgeCov,0.2935177683830261,0.14862485229969025
158,TargetRidge,0.1381285935640335,RidgeCov,0.26949626207351685,0.13136766850948334,RidgeCov,0.26949626207351685,0.13136766850948334
159,TargetRidge,0.13911046087741852,RidgeCov,0.33140334486961365,0.19229288399219513,RidgeCov,0.33140334486961365,0.19229288399219513
160,TargetRidge,0.1415790170431137,RidgeCov,0.2653683125972748,0.12378929555416107,RidgeCov,0.2653683125972748,0.12378929555416107
161,TargetRidge,0.1397397369146347,RidgeCov,0.27307310700416565,0.13333337008953094,RidgeCov,0.27307310700416565,0.13333337008953094
162,TargetRidge,0.14156503975391388,RidgeCov,0.2958228886127472,0.1542578488588333,RidgeCov,0.2958228886127472,0.1542578488588333
163,TargetRidge,0.14418040215969086,RidgeCov,0.26733770966529846,0.1231573075056076,RidgeCov,0.26733770966529846,0.1231573075056076
164,TargetRidge,0.14226405322551727,RidgeCov,0.24949370324611664,0.10722965002059937,RidgeCov,0.24949370324611664,0.10722965002059937
165,TargetRidge,0.14686578512191772,RidgeCov,0.2972685396671295,0.1504027545452118,RidgeCov,0.2972685396671295,0.1504027545452118
166,TargetRidge,0.14682957530021667,RidgeCov,0.24779467284679413,0.10096509754657745,RidgeCov,0.24779467284679413,0.10096509754657745
167,TargetRidge,0.15097127854824066,RidgeCov,0.22027330100536346,0.0693020224571228,RidgeCov,0.22027330100536346,0.0693020224571228
168,TargetRidge,0.1482633352279663,RidgeCov,0.2298993021249771,0.0816359668970108,RidgeCov,0.2298993021249771,0.0816359668970108
169,TargetRidge,0.15328837931156158,RidgeCov,0.25277063250541687,0.09948225319385529,RidgeCov,0.25277063250541687,0.09948225319385529
170,TargetRidge,0.1582360714673996,RidgeCov,0.2315310686826706,0.073294997215271,RidgeCov,0.2315310686826706,0.073294997215271
171,TargetRidge,0.16045153141021729,RidgeCov,0.24323850870132446,0.08278697729110718,RidgeCov,0.24323850870132446,0.08278697729110718
172,TargetRidge,0.17452578246593475,RidgeCov,0.254265695810318,0.07973991334438324,RidgeCov,0.254265695810318,0.07973991334438324
173,TargetRidge,0.1682087928056717,RidgeCov,0.24911224842071533,0.08090345561504364,RidgeCov,0.24911224842071533,0.08090345561504364
174,TargetRidge,0.17415355145931244,RidgeCov,0.24209000170230865,0.06793645024299622,RidgeCov,0.24209000170230865,0.06793645024299622
175,TargetRidge,0.17744489014148712,RidgeCov,0.2674085795879364,0.08996368944644928,RidgeCov,0.2674085795879364,0.08996368944644928
176,TargetRidge,0.17896807193756104,RidgeCov,0.2890600860118866,0.11009201407432556,RidgeCov,0.2890600860118866,0.11009201407432556
177,TargetRidge,0.18715964257717133,RidgeCov,0.30320826172828674,0.11604861915111542,RidgeCov,0.30320826172828674,0.11604861915111542
178,TargetRidge,0.1865272969007492,RidgeCov,0.260060578584671,0.07353328168392181,RidgeCov,0.260060578584671,0.07353328168392181
179,TargetRidge,0.17802773416042328,RidgeCov,0.24777217209339142,0.06974443793296814,RidgeCov,0.24777217209339142,0.06974443793296814
180,TargetRidge,0.17942313849925995,RidgeCov,0.2744039297103882,0.09498079121112823,RidgeCov,0.2744039297103882,0.09498079121112823
181,TargetRidge,0.18643082678318024,RidgeCov,0.2742689251899719,0.08783809840679169,RidgeCov,0.2742689251899719,0.08783809840679169
182,TargetRidge,0.19448380172252655,RidgeCov,0.2654995024204254,0.07101570069789886,RidgeCov,0.2654995024204254,0.07101570069789886
183,TargetRidge,0.21619437634944916,RidgeCov,0.2842608094215393,0.06806643307209015,RidgeCov,0.2842608094215393,0.06806643307209015
184,TargetRidge,0.20340025424957275,RidgeCov,0.26233041286468506,0.058930158615112305,RidgeCov,0.26233041286468506,0.058930158615112305
185,TargetRidge,0.2161475569009781,RidgeCov,0.303210586309433,0.0870630294084549,RidgeCov,0.303210586309433,0.0870630294084549
186,TargetRidge,0.2062658667564392,RidgeCov,0.2676207721233368,0.06135490536689758,RidgeCov,0.2676207721233368,0.06135490536689758
187,TargetRidge,0.2083067148923874,RidgeCov,0.2921389639377594,0.08383224904537201,RidgeCov,0.2921389639377594,0.08383224904537201
188,TargetRidge,0.21281826496124268,RidgeCov,0.2777341902256012,0.06491592526435852,RidgeCov,0.2777341902256012,0.06491592526435852
189,TargetRidge,0.22179873287677765,RidgeCov,0.29461297392845154,0.07281424105167389,RidgeCov,0.29461297392845154,0.07281424105167389
190,TargetRidge,0.22212785482406616,RidgeCov,0.30764374136924744,0.08551588654518127,RidgeCov,0.30764374136924744,0.08551588654518127
191,TargetRidge,0.2338358610868454,RidgeCov,0.29323479533195496,0.05939893424510956,RidgeCov,0.29323479533195496,0.05939893424510956
192,TargetRidge,0.23061423003673553,RidgeCov,0.23116369545459747,0.0005494654178619385,RidgeCov,0.23116369545459747,0.0005494654178619385
193,TargetRidge,0.25260335206985474,RidgeCov,0.27482032775878906,0.022216975688934326,RidgeCov,0.27482032775878906,0.022216975688934326
194,TargetRidge,0.24576838314533234,RidgeCov,0.3954145014286041,0.1496461182832718,RidgeCov,0.3954145014286041,0.1496461182832718
195,TargetRidge,0.24716778099536896,RidgeCov,0.36381593346595764,0.11664815247058868,RidgeCov,0.36381593346595764,0.11664815247058868
196,TargetRidge,0.27858999371528625,RidgeCov,0.37128356099128723,0.09269356727600098,RidgeCov,0.37128356099128723,0.09269356727600098
197,TargetRidge,0.27127107977867126,RidgeCov,0.33487096428871155,0.06359988451004028,RidgeCov,0.33487096428871155,0.06359988451004028
198,TargetRidge,0.2981686294078827,RidgeCov,0.3405107259750366,0.04234209656715393,RidgeCov,0.3405107259750366,0.04234209656715393
199,TargetRidge,0.29599764943122864,RidgeCov,0.3327265679836273,0.03672891855239868,RidgeCov,0.3327265679836273,0.03672891855239868
200,TargetRidge,0.2921408712863922,RidgeCov,0.3155958652496338,0.023454993963241577,RidgeCov,0.3155958652496338,0.023454993963241577
201,RidgeCov,0.2909879982471466,TargetRidge,0.31182846426963806,0.020840466022491455,RidgeCov,0.2909879982471466,0.0
202,RidgeCov,0.27374398708343506,TargetRidge,0.31240150332450867,0.03865751624107361,RidgeCov,0.27374398708343506,0.0
203,RidgeCov,0.3013153374195099,TargetRidge,0.332740843296051,0.03142550587654114,RidgeCov,0.3013153374195099,0.0
204,RidgeCov,0.24765624105930328,TargetRidge,0.3243064284324646,0.07665018737316132,RidgeCov,0.24765624105930328,0.0
205,RidgeCov,0.29889586567878723,TargetRidge,0.31864550709724426,0.01974964141845703,RidgeCov,0.29889586567878723,0.0
206,RidgeCov,0.2821880877017975,TargetRidge,0.32469746470451355,0.042509377002716064,RidgeCov,0.2821880877017975,0.0
207,RidgeCov,0.30244123935699463,TargetRidge,0.4050646722316742,0.10262343287467957,RidgeCov,0.30244123935699463,0.0
208,RidgeCov,0.2854832708835602,TargetRidge,0.3399525582790375,0.054469287395477295,RidgeCov,0.2854832708835602,0.0
209,RidgeCov,0.2727693021297455,TargetRidge,0.36280903220176697,0.09003973007202148,RidgeCov,0.2727693021297455,0.0
210,TargetRidge,0.3128148317337036,RidgeCov,0.3259773552417755,0.0131625235080719,RidgeCov,0.3259773552417755,0.0131625235080719
211,RidgeCov,0.23951666057109833,TargetRidge,0.2852110266685486,0.045694366097450256,RidgeCov,0.23951666057109833,0.0
212,RidgeCov,0.2663603723049164,TargetRidge,0.299220472574234,0.03286010026931763,RidgeCov,0.2663603723049164,0.0
213,RidgeCov,0.26827144622802734,TargetRidge,0.3300919830799103,0.061820536851882935,RidgeCov,0.26827144622802734,0.0
214,TargetRidge,0.28112486004829407,RidgeCov,0.31003016233444214,0.02890530228614807,RidgeCov,0.31003016233444214,0.02890530228614807
215,RidgeCov,0.24333588778972626,TargetRidge,0.29509857296943665,0.05176268517971039,RidgeCov,0.24333588778972626,0.0
216,TargetRidge,0.29409560561180115,RidgeCov,0.30220383405685425,0.0081082284450531,RidgeCov,0.30220383405685425,0.0081082284450531
217,TargetRidge,0.27270665764808655,RidgeCov,0.31377607583999634,0.04106941819190979,RidgeCov,0.31377607583999634,0.04106941819190979
218,RidgeCov,0.27535340189933777,TargetRidge,0.3137655258178711,0.038412123918533325,RidgeCov,0.27535340189933777,0.0
219,RidgeCov,0.27366575598716736,TargetRidge,0.2745758593082428,0.0009101033210754395,RidgeCov,0.27366575598716736,0.0
220,TargetRidge,0.28901416063308716,RidgeCov,0.30318665504455566,0.014172494411468506,RidgeCov,0.30318665504455566,0.014172494411468506
221,RidgeCov,0.25144481658935547,TargetRidge,0.2842642664909363,0.03281944990158081,RidgeCov,0.25144481658935547,0.0
222,RidgeCov,0.24678397178649902,TargetRidge,0.2725355625152588,0.025751590728759766,RidgeCov,0.24678397178649902,0.0
223,RidgeCov,0.2412741333246231,TargetRidge,0.30153003334999084,0.06025590002536774,RidgeCov,0.2412741333246231,0.0
224,TargetRidge,0.2648756206035614,RidgeCov,0.2746010720729828,0.009725451469421387,RidgeCov,0.2746010720729828,0.009725451469421387
225,RidgeCov,0.2020174264907837,TargetRidge,0.28288042545318604,0.08086299896240234,RidgeCov,0.2020174264907837,0.0
226,TargetRidge,0.26089221239089966,RidgeCov,0.26327934861183167,0.002387136220932007,RidgeCov,0.26327934861183167,0.002387136220932007
227,RidgeCov,0.22480358183383942,TargetRidge,0.33345112204551697,0.10864754021167755,RidgeCov,0.22480358183383942,0.0
228,TargetRidge,0.27591145038604736,RidgeCov,0.2796914577484131,0.0037800073623657227,RidgeCov,0.2796914577484131,0.0037800073623657227
229,RidgeCov,0.27050748467445374,TargetRidge,0.3230001628398895,0.05249267816543579,RidgeCov,0.27050748467445374,0.0
230,TargetRidge,0.25419095158576965,RidgeCov,0.2757068872451782,0.02151593565940857,RidgeCov,0.2757068872451782,0.02151593565940857
231,RidgeCov,0.28386086225509644,TargetRidge,0.3050363063812256,0.02117544412612915,RidgeCov,0.28386086225509644,0.0
232,TargetRidge,0.26803672313690186,RidgeCov,0.27747049927711487,0.009433776140213013,RidgeCov,0.27747049927711487,0.009433776140213013
233,TargetRidge,0.2573503255844116,RidgeCov,0.3066055476665497,0.04925522208213806,RidgeCov,0.3066055476665497,0.04925522208213806
234,RidgeCov,0.2482084035873413,TargetRidge,0.2663077414035797,0.018099337816238403,RidgeCov,0.2482084035873413,0.0
235,RidgeCov,0.23289234936237335,TargetRidge,0.2769274413585663,0.04403509199619293,RidgeCov,0.23289234936237335,0.0
236,RidgeCov,0.27658048272132874,TargetRidge,0.2968757450580597,0.020295262336730957,RidgeCov,0.27658048272132874,0.0
237,RidgeCov,0.23881864547729492,TargetRidge,0.25721046328544617,0.018391817808151245,RidgeCov,0.23881864547729492,0.0
238,RidgeCov,0.22901779413223267,TargetRidge,0.2958213984966278,0.06680360436439514,RidgeCov,0.22901779413223267,0.0
239,TargetRidge,0.2383027821779251,RidgeCov,0.2595018744468689,0.021199092268943787,RidgeCov,0.2595018744468689,0.021199092268943787
240,TargetRidge,0.24897660315036774,RidgeCov,0.28494545817375183,0.035968855023384094,RidgeCov,0.28494545817375183,0.035968855023384094
241,RidgeCov,0.2088078260421753,TargetRidge,0.25724709033966064,0.04843926429748535,RidgeCov,0.2088078260421753,0.0
242,RidgeCov,0.19654345512390137,TargetRidge,0.24316377937793732,0.04662032425403595,RidgeCov,0.19654345512390137,0.0
243,TargetRidge,0.2440987378358841,RidgeCov,0.24492327868938446,0.0008245408535003662,RidgeCov,0.24492327868938446,0.0008245408535003662
244,TargetRidge,0.2476317137479782,RidgeCov,0.34243908524513245,0.09480737149715424,RidgeCov,0.34243908524513245,0.09480737149715424
245,TargetRidge,0.243254616856575,RidgeCov,0.25761935114860535,0.014364734292030334,RidgeCov,0.25761935114860535,0.014364734292030334
246,TargetRidge,0.24303220212459564,RidgeCov,0.2654591500759125,0.022426947951316833,RidgeCov,0.2654591500759125,0.022426947951316833
247,RidgeCov,0.2847599983215332,TargetRidge,0.2899901270866394,0.005230128765106201,RidgeCov,0.2847599983215332,0.0
248,TargetRidge,0.2852502763271332,RidgeCov,0.2892753779888153,0.004025101661682129,RidgeCov,0.2892753779888153,0.004025101661682129
249,RidgeCov,0.271957129240036,TargetRidge,0.2996693551540375,0.027712225914001465,RidgeCov,0.271957129240036,0.0
250,TargetRidge,0.23663198947906494,RidgeCov,0.2746158242225647,0.037983834743499756,RidgeCov,0.2746158242225647,0.037983834743499756
251,TargetRidge,0.2437416911125183,RidgeCov,0.3249405324459076,0.08119884133338928,RidgeCov,0.3249405324459076,0.08119884133338928
252,TargetRidge,0.23911994695663452,RidgeCov,0.2519623339176178,0.012842386960983276,RidgeCov,0.2519623339176178,0.012842386960983276
253,RidgeCov,0.2389124184846878,TargetRidge,0.27817678451538086,0.039264366030693054,RidgeCov,0.2389124184846878,0.0
254,RidgeCov,0.22508125007152557,TargetRidge,0.23712944984436035,0.012048199772834778,RidgeCov,0.22508125007152557,0.0
255,TargetRidge,0.2337862253189087,RidgeCov,0.25106170773506165,0.017275482416152954,RidgeCov,0.25106170773506165,0.017275482416152954
256,RidgeCov,0.19346028566360474,TargetRidge,0.23710548877716064,0.04364520311355591,RidgeCov,0.19346028566360474,0.0
257,TargetRidge,0.2364378124475479,RidgeCov,0.23950546979904175,0.0030676573514938354,RidgeCov,0.23950546979904175,0.0030676573514938354
258,TargetRidge,0.2369171380996704,RidgeCov,0.25675228238105774,0.01983514428138733,RidgeCov,0.25675228238105774,0.01983514428138733
259,RidgeCov,0.24180825054645538,TargetRidge,0.24900364875793457,0.007195398211479187,RidgeCov,0.24180825054645538,0.0
260,RidgeCov,0.21601708233356476,TargetRidge,0.23162859678268433,0.015611514449119568,RidgeCov,0.21601708233356476,0.0
261,TargetRidge,0.22969979047775269,RidgeCov,0.22987526655197144,0.00017547607421875,RidgeCov,0.22987526655197144,0.00017547607421875
262,RidgeCov,0.2236577868461609,TargetRidge,0.22827982902526855,0.004622042179107666,RidgeCov,0.2236577868461609,0.0
263,RidgeCov,0.19503678381443024,TargetRidge,0.22565381228923798,0.03061702847480774,RidgeCov,0.19503678381443024,0.0
264,RidgeCov,0.2135825902223587,TargetRidge,0.2365943193435669,0.02301172912120819,RidgeCov,0.2135825902223587,0.0
265,RidgeCov,0.23154418170452118,TargetRidge,0.257356733083725,0.025812551379203796,RidgeCov,0.23154418170452118,0.0
266,RidgeCov,0.18071208894252777,TargetRidge,0.22755646705627441,0.04684437811374664,RidgeCov,0.18071208894252777,0.0
267,RidgeCov,0.23552066087722778,TargetRidge,0.3114849030971527,0.07596424221992493,RidgeCov,0.23552066087722778,0.0
268,RidgeCov,0.20539884269237518,TargetRidge,0.31409841775894165,0.10869957506656647,RidgeCov,0.20539884269237518,0.0
269,RidgeCov,0.213963583111763,TargetRidge,0.3687470257282257,0.1547834426164627,RidgeCov,0.213963583111763,0.0
270,RidgeCov,0.19488567113876343,TargetRidge,0.2785393297672272,0.08365365862846375,RidgeCov,0.19488567113876343,0.0
271,RidgeCov,0.2292623072862625,TargetRidge,0.31332528591156006,0.08406297862529755,RidgeCov,0.2292623072862625,0.0
272,RidgeCov,0.21127021312713623,TargetRidge,0.27924713492393494,0.0679769217967987,RidgeCov,0.21127021312713623,0.0
273,RidgeCov,0.22744636237621307,TargetRidge,0.2542325258255005,0.026786163449287415,RidgeCov,0.22744636237621307,0.0
274,RidgeCov,0.20944078266620636,TargetRidge,0.2518322169780731,0.04239143431186676,RidgeCov,0.20944078266620636,0.0
275,RidgeCov,0.2527408301830292,TargetRidge,0.2905396521091461,0.03779882192611694,RidgeCov,0.2527408301830292,0.0
276,TargetRidge,0.23843491077423096,RidgeCov,0.2539860010147095,0.015551090240478516,RidgeCov,0.2539860010147095,0.015551090240478516
277,RidgeCov,0.29640576243400574,TargetRidge,0.3364594876766205,0.040053725242614746,RidgeCov,0.29640576243400574,0.0
278,TargetRidge,0.25649547576904297,RidgeCov,0.25691601634025574,0.00042054057121276855,RidgeCov,0.25691601634025574,0.00042054057121276855
279,TargetRidge,0.1956154853105545,RidgeCov,0.2432330697774887,0.047617584466934204,RidgeCov,0.2432330697774887,0.047617584466934204
280,RidgeCov,0.2424098700284958,TargetRidge,0.2427237629890442,0.0003138929605484009,RidgeCov,0.2424098700284958,0.0
281,RidgeCov,0.22094567120075226,TargetRidge,0.2243887335062027,0.0034430623054504395,RidgeCov,0.22094567120075226,0.0
282,TargetRidge,0.23993659019470215,RidgeCov,0.24474136531352997,0.00480477511882782,RidgeCov,0.24474136531352997,0.00480477511882782
283,RidgeCov,0.20812857151031494,TargetRidge,0.23514151573181152,0.027012944221496582,RidgeCov,0.20812857151031494,0.0
284,RidgeCov,0.18444783985614777,TargetRidge,0.32933512330055237,0.1448872834444046,RidgeCov,0.18444783985614777,0.0
285,TargetRidge,0.24107396602630615,RidgeCov,0.26249977946281433,0.02142581343650818,RidgeCov,0.26249977946281433,0.02142581343650818
286,TargetRidge,0.2684667408466339,RidgeCov,0.2869602143764496,0.018493473529815674,RidgeCov,0.2869602143764496,0.018493473529815674
287,RidgeCov,0.2605162560939789,TargetRidge,0.3184225261211395,0.057906270027160645,RidgeCov,0.2605162560939789,0.0
288,RidgeCov,0.250619500875473,TargetRidge,0.3074471056461334,0.0568276047706604,RidgeCov,0.250619500875473,0.0
289,RidgeCov,0.247178852558136,TargetRidge,0.2997033894062042,0.05252453684806824,RidgeCov,0.247178852558136,0.0
290,RidgeCov,0.23479174077510834,TargetRidge,0.44528552889823914,0.2104937881231308,RidgeCov,0.23479174077510834,0.0
291,RidgeCov,0.20879173278808594,TargetRidge,0.35994014143943787,0.15114840865135193,RidgeCov,0.20879173278808594,0.0
292,RidgeCov,0.17220209538936615,TargetRidge,0.32653868198394775,0.1543365865945816,RidgeCov,0.17220209538936615,0.0
293,RidgeCov,0.18805138766765594,TargetRidge,0.36853790283203125,0.1804865151643753,RidgeCov,0.18805138766765594,0.0
294,RidgeCov,0.20753943920135498,TargetRidge,0.5569590926170349,0.34941965341567993,RidgeCov,0.20753943920135498,0.0
295,RidgeCov,0.1843627244234085,TargetRidge,0.41489315032958984,0.23053042590618134,RidgeCov,0.1843627244234085,0.0
296,RidgeCov,0.19399960339069366,TargetRidge,0.44620952010154724,0.2522099018096924,RidgeCov,0.19399960339069366,0.0
297,RidgeCov,0.24912531673908234,TargetRidge,0.44267985224723816,0.19355453550815582,RidgeCov,0.24912531673908234,0.0
298,RidgeCov,0.22460417449474335,TargetRidge,0.4718022346496582,0.24719806015491486,RidgeCov,0.22460417449474335,0.0
299,RidgeCov,0.20833700895309448,TargetRidge,0.4535599648952484,0.24522295594215393,RidgeCov,0.20833700895309448,0.0
300,RidgeCov,0.21161311864852905,TargetRidge,0.3630312383174896,0.15141811966896057,RidgeCov,0.21161311864852905,0.0
301,RidgeCov,0.23138420283794403,TargetRidge,0.44415807723999023,0.2127738744020462,RidgeCov,0.23138420283794403,0.0
302,RidgeCov,0.20523683726787567,TargetRidge,0.4384383261203766,0.23320148885250092,RidgeCov,0.20523683726787567,0.0
303,RidgeCov,0.21148896217346191,TargetRidge,0.4729057848453522,0.26141682267189026,RidgeCov,0.21148896217346191,0.0
304,RidgeCov,0.272320419549942,TargetRidge,0.4281841218471527,0.1558637022972107,RidgeCov,0.272320419549942,0.0
305,RidgeCov,0.21593862771987915,TargetRidge,0.41309309005737305,0.1971544623374939,RidgeCov,0.21593862771987915,0.0
306,RidgeCov,0.203647181391716,TargetRidge,0.5677018761634827,0.36405467987060547,RidgeCov,0.203647181391716,0.0
307,RidgeCov,0.20289111137390137,TargetRidge,0.5288129448890686,0.32592183351516724,RidgeCov,0.20289111137390137,0.0
308,RidgeCov,0.24593180418014526,TargetRidge,0.5642029643058777,0.3182711601257324,RidgeCov,0.24593180418014526,0.0
309,RidgeCov,0.2183130979537964,TargetRidge,0.7089356780052185,0.4906225800514221,RidgeCov,0.2183130979537964,0.0
310,RidgeCov,0.20424306392669678,TargetRidge,0.48994413018226624,0.28570106625556946,RidgeCov,0.20424306392669678,0.0
311,RidgeCov,0.2132430076599121,TargetRidge,0.435168981552124,0.22192597389221191,RidgeCov,0.2132430076599121,0.0
312,RidgeCov,0.19697725772857666,TargetRidge,0.5151122212409973,0.31813496351242065,RidgeCov,0.19697725772857666,0.0
313,RidgeCov,0.17880593240261078,TargetRidge,0.46806296706199646,0.2892570495605469,RidgeCov,0.17880593240261078,0.0
314,RidgeCov,0.19899874925613403,TargetRidge,0.4833315908908844,0.28433284163475037,RidgeCov,0.19899874925613403,0.0
315,RidgeCov,0.2552207410335541,TargetRidge,0.5284633040428162,0.2732425630092621,RidgeCov,0.2552207410335541,0.0
316,RidgeCov,0.20343542098999023,TargetRidge,0.4462761878967285,0.24284076690673828,RidgeCov,0.20343542098999023,0.0
317,RidgeCov,0.2011396884918213,TargetRidge,0.4655228555202484,0.2643831670284271,RidgeCov,0.2011396884918213,0.0
318,RidgeCov,0.17815077304840088,TargetRidge,0.6791191101074219,0.500968337059021,RidgeCov,0.17815077304840088,0.0
319,RidgeCov,0.1388971358537674,TargetRidge,0.5040655732154846,0.3651684522628784,RidgeCov,0.1388971358537674,0.0
320,RidgeCov,0.19713473320007324,TargetRidge,0.5415613055229187,0.34442657232284546,RidgeCov,0.19713473320007324,0.0
321,RidgeCov,0.15624083578586578,TargetRidge,0.5352464318275452,0.3790056109428406,RidgeCov,0.15624083578586578,0.0
322,RidgeCov,0.15642832219600677,TargetRidge,0.6053271889686584,0.4488988518714905,RidgeCov,0.15642832219600677,0.0
323,RidgeCov,0.20992814004421234,TargetRidge,0.5506870150566101,0.3407588601112366,RidgeCov,0.20992814004421234,0.0
324,RidgeCov,0.15353935956954956,TargetRidge,0.5831188559532166,0.429579496383667,RidgeCov,0.15353935956954956,0.0
325,RidgeCov,0.15010224282741547,TargetRidge,0.4324863851070404,0.28238415718078613,RidgeCov,0.15010224282741547,0.0
326,RidgeCov,0.1778901368379593,TargetRidge,0.48717883229255676,0.3092886805534363,RidgeCov,0.1778901368379593,0.0
327,RidgeCov,0.10623690485954285,TargetRidge,0.3418823480606079,0.23564544320106506,RidgeCov,0.10623690485954285,0.0
328,RidgeCov,0.16268908977508545,TargetRidge,0.4387111961841583,0.2760221064090729,RidgeCov,0.16268908977508545,0.0
329,RidgeCov,0.11175926774740219,TargetRidge,0.27158835530281067,0.15982908010482788,RidgeCov,0.11175926774740219,0.0
330,RidgeCov,0.13430306315422058,TargetRidge,0.33723440766334534,0.20293134450912476,RidgeCov,0.13430306315422058,0.0
331,RidgeCov,0.13905715942382812,TargetRidge,0.254734605550766,0.11567744612693787,RidgeCov,0.13905715942382812,0.0
332,RidgeCov,0.13192535936832428,TargetRidge,0.299018532037735,0.1670931726694107,RidgeCov,0.13192535936832428,0.0
333,RidgeCov,0.11879751831293106,TargetRidge,0.31895139813423157,0.2001538872718811,RidgeCov,0.11879751831293106,0.0
334,RidgeCov,0.14170528948307037,TargetRidge,0.26945361495018005,0.12774832546710968,RidgeCov,0.14170528948307037,0.0
335,RidgeCov,0.1032649353146553,TargetRidge,0.3949023187160492,0.2916373908519745,RidgeCov,0.1032649353146553,0.0
336,RidgeCov,0.12669089436531067,TargetRidge,0.3313025236129761,0.2046116292476654,RidgeCov,0.12669089436531067,0.0
337,RidgeCov,0.1279158592224121,TargetRidge,0.21709978580474854,0.08918392658233643,RidgeCov,0.1279158592224121,0.0
338,RidgeCov,0.15433599054813385,TargetRidge,0.23707795143127441,0.08274196088314056,RidgeCov,0.15433599054813385,0.0
339,RidgeCov,0.17925673723220825,TargetRidge,0.24013955891132355,0.060882821679115295,RidgeCov,0.17925673723220825,0.0
340,RidgeCov,0.1742260456085205,TargetRidge,0.30930861830711365,0.13508257269859314,RidgeCov,0.1742260456085205,0.0
341,RidgeCov,0.17966406047344208,TargetRidge,0.19831450283527374,0.018650442361831665,RidgeCov,0.17966406047344208,0.0
342,TargetRidge,0.19523894786834717,RidgeCov,0.21533162891864777,0.020092681050300598,RidgeCov,0.21533162891864777,0.020092681050300598
343,RidgeCov,0.2012120634317398,TargetRidge,0.22176535427570343,0.020553290843963623,RidgeCov,0.2012120634317398,0.0
344,TargetRidge,0.15559925138950348,RidgeCov,0.2158968597650528,0.060297608375549316,RidgeCov,0.2158968597650528,0.060297608375549316
345,TargetRidge,0.1928950995206833,RidgeCov,0.20307226479053497,0.010177165269851685,RidgeCov,0.20307226479053497,0.010177165269851685
346,RidgeCov,0.1926596611738205,TargetRidge,0.2515428960323334,0.05888323485851288,RidgeCov,0.1926596611738205,0.0
347,TargetRidge,0.1689041405916214,RidgeCov,0.22852426767349243,0.05962012708187103,RidgeCov,0.22852426767349243,0.05962012708187103
348,TargetRidge,0.11559579521417618,RidgeCov,0.2060282677412033,0.09043247252702713,RidgeCov,0.2060282677412033,0.09043247252702713
349,TargetRidge,0.11632489413022995,RidgeCov,0.20393729209899902,0.08761239796876907,RidgeCov,0.20393729209899902,0.08761239796876907
350,TargetRidge,0.1160474419593811,RidgeCov,0.23995594680309296,0.12390850484371185,RidgeCov,0.23995594680309296,0.12390850484371185
351,TargetRidge,0.11233337968587875,RidgeCov,0.23312263190746307,0.12078925222158432,RidgeCov,0.23312263190746307,0.12078925222158432
352,TargetRidge,0.1080862507224083,RidgeCov,0.22336827218532562,0.11528202146291733,RidgeCov,0.22336827218532562,0.11528202146291733
353,TargetRidge,0.11227240413427353,RidgeCov,0.21228165924549103,0.1000092551112175,RidgeCov,0.21228165924549103,0.1000092551112175
354,TargetRidge,0.12308704853057861,RidgeCov,0.24713003635406494,0.12404298782348633,RidgeCov,0.24713003635406494,0.12404298782348633
355,TargetRidge,0.15327145159244537,RidgeCov,0.2683689594268799,0.11509750783443451,RidgeCov,0.2683689594268799,0.11509750783443451
356,TargetRidge,0.10502704232931137,RidgeCov,0.22824247181415558,0.12321542948484421,RidgeCov,0.22824247181415558,0.12321542948484421
357,TargetRidge,0.10306195169687271,RidgeCov,0.22253172099590302,0.1194697692990303,RidgeCov,0.22253172099590302,0.1194697692990303
358,TargetRidge,0.10816124826669693,RidgeCov,0.22893452644348145,0.12077327817678452,RidgeCov,0.22893452644348145,0.12077327817678452
359,TargetRidge,0.11899498105049133,RidgeCov,0.2300262302160263,0.11103124916553497,RidgeCov,0.2300262302160263,0.11103124916553497
360,TargetRidge,0.10797861218452454,RidgeCov,0.25719940662384033,0.1492207944393158,RidgeCov,0.25719940662384033,0.1492207944393158
361,TargetRidge,0.12880201637744904,RidgeCov,0.223624125123024,0.09482210874557495,RidgeCov,0.223624125123024,0.09482210874557495
362,TargetRidge,0.10609543323516846,RidgeCov,0.23618383705615997,0.13008840382099152,RidgeCov,0.23618383705615997,0.13008840382099152
363,TargetRidge,0.11163940280675888,RidgeCov,0.23106467723846436,0.11942527443170547,RidgeCov,0.23106467723846436,0.11942527443170547
364,TargetRidge,0.12154277414083481,RidgeCov,0.21387667953968048,0.09233390539884567,RidgeCov,0.21387667953968048,0.09233390539884567
365,TargetRidge,0.11337956041097641,RidgeCov,0.20723943412303925,0.09385987371206284,RidgeCov,0.20723943412303925,0.09385987371206284
366,TargetRidge,0.13821932673454285,RidgeCov,0.24903835356235504,0.1108190268278122,RidgeCov,0.24903835356235504,0.1108190268278122
367,TargetRidge,0.11899220198392868,RidgeCov,0.20323733985424042,0.08424513787031174,RidgeCov,0.20323733985424042,0.08424513787031174
368,TargetRidge,0.11951185017824173,RidgeCov,0.21743892133235931,0.09792707115411758,RidgeCov,0.21743892133235931,0.09792707115411758
369,TargetRidge,0.11854537576436996,RidgeCov,0.2382858395576477,0.11974046379327774,RidgeCov,0.2382858395576477,0.11974046379327774
370,TargetRidge,0.1201041117310524,RidgeCov,0.19840599596500397,0.07830188423395157,RidgeCov,0.19840599596500397,0.07830188423395157
371,TargetRidge,0.12448122352361679,RidgeCov,0.17407457530498505,0.049593351781368256,RidgeCov,0.17407457530498505,0.049593351781368256
372,TargetRidge,0.12512989342212677,RidgeCov,0.17629937827587128,0.05116948485374451,RidgeCov,0.17629937827587128,0.05116948485374451
373,TargetRidge,0.13132569193840027,RidgeCov,0.18156202137470245,0.050236329436302185,RidgeCov,0.18156202137470245,0.050236329436302185
374,TargetRidge,0.16719579696655273,RidgeCov,0.17583684623241425,0.008641049265861511,RidgeCov,0.17583684623241425,0.008641049265861511
375,RidgeCov,0.15349717438220978,TargetRidge,0.2006622552871704,0.04716508090496063,RidgeCov,0.15349717438220978,0.0
376,TargetRidge,0.14039593935012817,RidgeCov,0.16790299117565155,0.027507051825523376,RidgeCov,0.16790299117565155,0.027507051825523376
377,RidgeCov,0.16690616309642792,TargetRidge,0.17694644629955292,0.010040283203125,RidgeCov,0.16690616309642792,0.0
378,RidgeCov,0.15408240258693695,TargetRidge,0.1801634281873703,0.02608102560043335,RidgeCov,0.15408240258693695,0.0
379,RidgeCov,0.16024670004844666,TargetRidge,0.19578534364700317,0.03553864359855652,RidgeCov,0.16024670004844666,0.0
380,RidgeCov,0.18929292261600494,TargetRidge,0.2373223751783371,0.04802945256233215,RidgeCov,0.18929292261600494,0.0
381,RidgeCov,0.1603202223777771,TargetRidge,0.33709344267845154,0.17677322030067444,RidgeCov,0.1603202223777771,0.0
382,RidgeCov,0.21863527595996857,TargetRidge,0.2507133483886719,0.03207807242870331,RidgeCov,0.21863527595996857,0.0
383,RidgeCov,0.16475722193717957,TargetRidge,0.3237936794757843,0.15903645753860474,RidgeCov,0.16475722193717957,0.0
384,RidgeCov,0.17347252368927002,TargetRidge,0.283562570810318,0.11009004712104797,RidgeCov,0.17347252368927002,0.0
385,RidgeCov,0.16758255660533905,TargetRidge,0.23265694081783295,0.0650743842124939,RidgeCov,0.16758255660533905,0.0
386,RidgeCov,0.17345617711544037,TargetRidge,0.27130335569381714,0.09784717857837677,RidgeCov,0.17345617711544037,0.0
387,RidgeCov,0.17510581016540527,TargetRidge,0.2856254577636719,0.1105196475982666,RidgeCov,0.17510581016540527,0.0
388,RidgeCov,0.17275597155094147,TargetRidge,0.38432577252388,0.21156980097293854,RidgeCov,0.17275597155094147,0.0
389,RidgeCov,0.19460232555866241,TargetRidge,0.334637850522995,0.14003552496433258,RidgeCov,0.19460232555866241,0.0
390,RidgeCov,0.20805485546588898,TargetRidge,0.35601091384887695,0.14795605838298798,RidgeCov,0.20805485546588898,0.0
391,RidgeCov,0.21655391156673431,TargetRidge,0.5217517018318176,0.3051977753639221,RidgeCov,0.21655391156673431,0.0
392,RidgeCov,0.19574904441833496,TargetRidge,0.5548049807548523,0.35905593633651733,RidgeCov,0.19574904441833496,0.0
393,RidgeCov,0.20492911338806152,TargetRidge,0.4539485275745392,0.24901941418647766,RidgeCov,0.20492911338806152,0.0
394,RidgeCov,0.18390023708343506,TargetRidge,0.37168434262275696,0.1877841055393219,RidgeCov,0.18390023708343506,0.0
395,RidgeCov,0.18466417491436005,TargetRidge,0.511160135269165,0.3264959454536438,RidgeCov,0.18466417491436005,0.0
396,RidgeCov,0.2175302952528,TargetRidge,0.388200044631958,0.17066974937915802,RidgeCov,0.2175302952528,0.0
397,RidgeCov,0.18293528258800507,TargetRidge,0.4355557858943939,0.25262051820755005,RidgeCov,0.18293528258800507,0.0
398,RidgeCov,0.20562274754047394,TargetRidge,0.28364068269729614,0.0780179351568222,RidgeCov,0.20562274754047394,0.0
399,RidgeCov,0.22005487978458405,TargetRidge,0.46971526741981506,0.24966038763523102,RidgeCov,0.22005487978458405,0.0
400,RidgeCov,0.22563540935516357,TargetRidge,0.4092174470424652,0.18358203768730164,RidgeCov,0.22563540935516357,0.0
401,RidgeCov,0.20676757395267487,TargetRidge,0.3334958553314209,0.12672828137874603,RidgeCov,0.20676757395267487,0.0
402,RidgeCov,0.18294042348861694,TargetRidge,0.3725270926952362,0.18958666920661926,RidgeCov,0.18294042348861694,0.0
403,TargetRidge,0.20802217721939087,RidgeCov,0.2089434415102005,0.0009212642908096313,RidgeCov,0.2089434415102005,0.0009212642908096313
404,RidgeCov,0.19152377545833588,TargetRidge,0.3912200629711151,0.19969628751277924,RidgeCov,0.19152377545833588,0.0
405,TargetRidge,0.20527315139770508,RidgeCov,0.2914307415485382,0.08615759015083313,RidgeCov,0.2914307415485382,0.08615759015083313
406,TargetRidge,0.19027262926101685,RidgeCov,0.26326093077659607,0.07298830151557922,RidgeCov,0.26326093077659607,0.07298830151557922
407,TargetRidge,0.14488795399665833,RidgeCov,0.31545695662498474,0.17056900262832642,RidgeCov,0.31545695662498474,0.17056900262832642
408,TargetRidge,0.12352786213159561,RidgeCov,0.2749107778072357,0.1513829231262207,RidgeCov,0.2749107778072357,0.1513829231262207
409,TargetRidge,0.1264333724975586,RidgeCov,0.2568575143814087,0.1304241418838501,RidgeCov,0.2568575143814087,0.1304241418838501
410,TargetRidge,0.13085877895355225,RidgeCov,0.2909601032733917,0.16010132431983948,RidgeCov,0.2909601032733917,0.16010132431983948
411,TargetRidge,0.10264986753463745,RidgeCov,0.29582056403160095,0.1931706964969635,RidgeCov,0.29582056403160095,0.1931706964969635
412,TargetRidge,0.1464684009552002,RidgeCov,0.26700326800346375,0.12053486704826355,RidgeCov,0.26700326800346375,0.12053486704826355
413,TargetRidge,0.147996187210083,RidgeCov,0.36274728178977966,0.21475109457969666,RidgeCov,0.36274728178977966,0.21475109457969666
414,TargetRidge,0.1212526336312294,RidgeCov,0.33169275522232056,0.21044012904167175,RidgeCov,0.33169275522232056,0.21044012904167175
415,TargetRidge,0.1224357858300209,RidgeCov,0.36115673184394836,0.23872095346450806,RidgeCov,0.36115673184394836,0.23872095346450806
416,TargetRidge,0.12050864845514297,RidgeCov,0.3431514501571655,0.22264280915260315,RidgeCov,0.3431514501571655,0.22264280915260315
417,TargetRidge,0.12566886842250824,RidgeCov,0.30809250473976135,0.1824236363172531,RidgeCov,0.30809250473976135,0.1824236363172531
418,TargetRidge,0.12460914999246597,RidgeCov,0.43044760823249817,0.3058384656906128,RidgeCov,0.43044760823249817,0.3058384656906128
419,TargetRidge,0.13051514327526093,RidgeCov,0.38147374987602234,0.2509586215019226,RidgeCov,0.38147374987602234,0.2509586215019226
420,TargetRidge,0.13085518777370453,RidgeCov,0.35900330543518066,0.22814811766147614,RidgeCov,0.35900330543518066,0.22814811766147614
421,TargetRidge,0.13483022153377533,RidgeCov,0.39865604043006897,0.26382583379745483,RidgeCov,0.39865604043006897,0.26382583379745483
422,TargetRidge,0.14392207562923431,RidgeCov,0.4235056936740875,0.2795836329460144,RidgeCov,0.4235056936740875,0.2795836329460144
423,TargetRidge,0.14248327910900116,RidgeCov,0.43240055441856384,0.2899172902107239,RidgeCov,0.43240055441856384,0.2899172902107239
424,TargetRidge,0.14712630212306976,RidgeCov,0.404712051153183,0.2575857639312744,RidgeCov,0.404712051153183,0.2575857639312744
425,TargetRidge,0.14832039177417755,RidgeCov,0.38613176345825195,0.2378113716840744,RidgeCov,0.38613176345825195,0.2378113716840744
426,TargetRidge,0.15340375900268555,RidgeCov,0.3679722249507904,0.21456846594810486,RidgeCov,0.3679722249507904,0.21456846594810486
427,TargetRidge,0.15517643094062805,RidgeCov,0.3973252773284912,0.24214884638786316,RidgeCov,0.3973252773284912,0.24214884638786316
428,TargetRidge,0.15589149296283722,RidgeCov,0.4149496853351593,0.2590581774711609,RidgeCov,0.4149496853351593,0.2590581774711609
429,TargetRidge,0.15785181522369385,RidgeCov,0.3846335709095001,0.22678175568580627,RidgeCov,0.3846335709095001,0.22678175568580627
430,TargetRidge,0.16028544306755066,RidgeCov,0.39135757088661194,0.23107212781906128,RidgeCov,0.39135757088661194,0.23107212781906128
431,TargetRidge,0.16252635419368744,RidgeCov,0.35131099820137024,0.1887846440076828,RidgeCov,0.35131099820137024,0.1887846440076828
432,TargetRidge,0.16370399296283722,RidgeCov,0.4146330654621124,0.250929057598114,RidgeCov,0.4146330654621124,0.250929057598114
433,TargetRidge,0.16442738473415375,RidgeCov,0.3782259225845337,0.21379853785037994,RidgeCov,0.3782259225845337,0.21379853785037994
434,TargetRidge,0.1608862280845642,RidgeCov,0.41940557956695557,0.25851935148239136,RidgeCov,0.41940557956695557,0.25851935148239136
435,TargetRidge,0.16141195595264435,RidgeCov,0.4085104465484619,0.24709849059581757,RidgeCov,0.4085104465484619,0.24709849059581757
436,TargetRidge,0.1632312685251236,RidgeCov,0.3826742172241211,0.2194429486989975,RidgeCov,0.3826742172241211,0.2194429486989975
437,TargetRidge,0.16206088662147522,RidgeCov,0.42137789726257324,0.259317010641098,RidgeCov,0.42137789726257324,0.259317010641098
438,TargetRidge,0.1616641730070114,RidgeCov,0.3808649778366089,0.21920080482959747,RidgeCov,0.3808649778366089,0.21920080482959747
439,TargetRidge,0.16280968487262726,RidgeCov,0.4498962461948395,0.287086546421051,RidgeCov,0.4498962461948395,0.287086546421051
440,TargetRidge,0.1657906025648117,RidgeCov,0.42070427536964417,0.25491368770599365,RidgeCov,0.42070427536964417,0.25491368770599365
441,TargetRidge,0.15985243022441864,RidgeCov,0.3751659095287323,0.21531347930431366,RidgeCov,0.3751659095287323,0.21531347930431366
442,TargetRidge,0.16395598649978638,RidgeCov,0.38214412331581116,0.21818813681602478,RidgeCov,0.38214412331581116,0.21818813681602478
443,TargetRidge,0.16340205073356628,RidgeCov,0.4172680377960205,0.2538659870624542,RidgeCov,0.4172680377960205,0.2538659870624542
444,TargetRidge,0.15926243364810944,RidgeCov,0.39597058296203613,0.2367081493139267,RidgeCov,0.39597058296203613,0.2367081493139267
445,TargetRidge,0.15566855669021606,RidgeCov,0.3970043957233429,0.24133583903312683,RidgeCov,0.3970043957233429,0.24133583903312683
446,TargetRidge,0.15536707639694214,RidgeCov,0.39713767170906067,0.24177059531211853,RidgeCov,0.39713767170906067,0.24177059531211853
447,TargetRidge,0.1514453887939453,RidgeCov,0.39807769656181335,0.24663230776786804,RidgeCov,0.39807769656181335,0.24663230776786804
448,TargetRidge,0.15146504342556,RidgeCov,0.3942662179470062,0.24280117452144623,RidgeCov,0.3942662179470062,0.24280117452144623
449,TargetRidge,0.14992482960224152,RidgeCov,0.43665754795074463,0.2867327332496643,RidgeCov,0.43665754795074463,0.2867327332496643
450,TargetRidge,0.1452483832836151,RidgeCov,0.4063519239425659,0.2611035406589508,RidgeCov,0.4063519239425659,0.2611035406589508
451,TargetRidge,0.14364184439182281,RidgeCov,0.368478387594223,0.2248365432024002,RidgeCov,0.368478387594223,0.2248365432024002
452,TargetRidge,0.14524711668491364,RidgeCov,0.36974236369132996,0.22449524700641632,RidgeCov,0.36974236369132996,0.22449524700641632
453,TargetRidge,0.14328210055828094,RidgeCov,0.4011668264865875,0.2578847408294678,RidgeCov,0.4011668264865875,0.2578847408294678
454,TargetRidge,0.14411328732967377,RidgeCov,0.39340391755104065,0.24929063022136688,RidgeCov,0.39340391755104065,0.24929063022136688
455,TargetRidge,0.14550888538360596,RidgeCov,0.3637916147708893,0.21828272938728333,RidgeCov,0.3637916147708893,0.21828272938728333
456,TargetRidge,0.14511115849018097,RidgeCov,0.37731167674064636,0.2322005182504654,RidgeCov,0.37731167674064636,0.2322005182504654
457,TargetRidge,0.14044411480426788,RidgeCov,0.39277365803718567,0.2523295283317566,RidgeCov,0.39277365803718567,0.2523295283317566
458,TargetRidge,0.14003446698188782,RidgeCov,0.3798486292362213,0.2398141622543335,RidgeCov,0.3798486292362213,0.2398141622543335
459,TargetRidge,0.1393105834722519,RidgeCov,0.37948742508888245,0.24017684161663055,RidgeCov,0.37948742508888245,0.24017684161663055
460,TargetRidge,0.13611115515232086,RidgeCov,0.3633362054824829,0.22722505033016205,RidgeCov,0.3633362054824829,0.22722505033016205
461,TargetRidge,0.13808590173721313,RidgeCov,0.38672471046447754,0.2486388087272644,RidgeCov,0.38672471046447754,0.2486388087272644
462,TargetRidge,0.13738684356212616,RidgeCov,0.38030222058296204,0.24291537702083588,RidgeCov,0.38030222058296204,0.24291537702083588
463,TargetRidge,0.13730719685554504,RidgeCov,0.35093164443969727,0.21362444758415222,RidgeCov,0.35093164443969727,0.21362444758415222
464,TargetRidge,0.13662169873714447,RidgeCov,0.3444638252258301,0.2078421264886856,RidgeCov,0.3444638252258301,0.2078421264886856
465,TargetRidge,0.13796202838420868,RidgeCov,0.33800187706947327,0.2000398486852646,RidgeCov,0.33800187706947327,0.2000398486852646
466,TargetRidge,0.1440700739622116,RidgeCov,0.33593425154685974,0.19186417758464813,RidgeCov,0.33593425154685974,0.19186417758464813
467,TargetRidge,0.14459431171417236,RidgeCov,0.3595704138278961,0.21497610211372375,RidgeCov,0.3595704138278961,0.21497610211372375
468,TargetRidge,0.1453695297241211,RidgeCov,0.34796127676963806,0.20259174704551697,RidgeCov,0.34796127676963806,0.20259174704551697
469,TargetRidge,0.14457879960536957,RidgeCov,0.3357158899307251,0.19113709032535553,RidgeCov,0.3357158899307251,0.19113709032535553
470,TargetRidge,0.14798517525196075,RidgeCov,0.3336813151836395,0.18569613993167877,RidgeCov,0.3336813151836395,0.18569613993167877
471,TargetRidge,0.15178179740905762,RidgeCov,0.32223430275917053,0.17045250535011292,RidgeCov,0.32223430275917053,0.17045250535011292
472,TargetRidge,0.15617065131664276,RidgeCov,0.2981950044631958,0.14202435314655304,RidgeCov,0.2981950044631958,0.14202435314655304
473,TargetRidge,0.16096602380275726,RidgeCov,0.35108599066734314,0.19011996686458588,RidgeCov,0.35108599066734314,0.19011996686458588
474,TargetRidge,0.1604711264371872,RidgeCov,0.3140905201435089,0.15361939370632172,RidgeCov,0.3140905201435089,0.15361939370632172
475,TargetRidge,0.16609303653240204,RidgeCov,0.3406241238117218,0.17453108727931976,RidgeCov,0.3406241238117218,0.17453108727931976
476,TargetRidge,0.16760919988155365,RidgeCov,0.32076141238212585,0.1531522125005722,RidgeCov,0.32076141238212585,0.1531522125005722
477,TargetRidge,0.16687552630901337,RidgeCov,0.30355480313301086,0.1366792768239975,RidgeCov,0.30355480313301086,0.1366792768239975
478,TargetRidge,0.16628272831439972,RidgeCov,0.25923988223075867,0.09295715391635895,RidgeCov,0.25923988223075867,0.09295715391635895
479,TargetRidge,0.17177774012088776,RidgeCov,0.26900720596313477,0.09722946584224701,RidgeCov,0.26900720596313477,0.09722946584224701
480,TargetRidge,0.17448776960372925,RidgeCov,0.300972580909729,0.12648481130599976,RidgeCov,0.300972580909729,0.12648481130599976
481,TargetRidge,0.1813490390777588,RidgeCov,0.304514080286026,0.12316504120826721,RidgeCov,0.304514080286026,0.12316504120826721
482,TargetRidge,0.18522006273269653,RidgeCov,0.28543421626091003,0.1002141535282135,RidgeCov,0.28543421626091003,0.1002141535282135
483,TargetRidge,0.19212989509105682,RidgeCov,0.2924187481403351,0.10028885304927826,RidgeCov,0.2924187481403351,0.10028885304927826
484,TargetRidge,0.19342757761478424,RidgeCov,0.24757350981235504,0.0541459321975708,RidgeCov,0.24757350981235504,0.0541459321975708
485,TargetRidge,0.19434428215026855,RidgeCov,0.2561355531215668,0.06179127097129822,RidgeCov,0.2561355531215668,0.06179127097129822
486,TargetRidge,0.1944943070411682,RidgeCov,0.24636678397655487,0.05187247693538666,RidgeCov,0.24636678397655487,0.05187247693538666
487,TargetRidge,0.2011858969926834,RidgeCov,0.2689891755580902,0.0678032785654068,RidgeCov,0.2689891755580902,0.0678032785654068
488,TargetRidge,0.20942692458629608,RidgeCov,0.2810913622379303,0.07166443765163422,RidgeCov,0.2810913622379303,0.07166443765163422
489,TargetRidge,0.2100643515586853,RidgeCov,0.2762587368488312,0.06619438529014587,RidgeCov,0.2762587368488312,0.06619438529014587
490,TargetRidge,0.22076468169689178,RidgeCov,0.28181925415992737,0.061054572463035583,RidgeCov,0.28181925415992737,0.061054572463035583
491,TargetRidge,0.22851066291332245,RidgeCov,0.29449644684791565,0.0659857839345932,RidgeCov,0.29449644684791565,0.0659857839345932
492,TargetRidge,0.24177272617816925,RidgeCov,0.2797645628452301,0.03799183666706085,RidgeCov,0.2797645628452301,0.03799183666706085
493,TargetRidge,0.2744912803173065,RidgeCov,0.3028418719768524,0.0283505916595459,RidgeCov,0.3028418719768524,0.0283505916595459
494,TargetRidge,0.2595415413379669,RidgeCov,0.2798166871070862,0.020275145769119263,RidgeCov,0.2798166871070862,0.020275145769119263
495,RidgeCov,0.2665976583957672,TargetRidge,0.26831820607185364,0.0017205476760864258,RidgeCov,0.2665976583957672,0.0
496,RidgeCov,0.2749902307987213,TargetRidge,0.28968557715415955,0.014695346355438232,RidgeCov,0.2749902307987213,0.0
497,RidgeCov,0.284258633852005,TargetRidge,0.2963814437389374,0.012122809886932373,RidgeCov,0.284258633852005,0.0
498,RidgeCov,0.2941339910030365,TargetRidge,0.34481891989707947,0.05068492889404297,RidgeCov,0.2941339910030365,0.0
499,RidgeCov,0.260699063539505,TargetRidge,0.3221738040447235,0.061474740505218506,RidgeCov,0.260699063539505,0.0
500,RidgeCov,0.29321953654289246,TargetRidge,0.33983588218688965,0.04661634564399719,RidgeCov,0.29321953654289246,0.0
501,RidgeCov,0.2805575430393219,TargetRidge,0.3560722768306732,0.07551473379135132,RidgeCov,0.2805575430393219,0.0
502,RidgeCov,0.31967252492904663,TargetRidge,0.3478708267211914,0.028198301792144775,RidgeCov,0.31967252492904663,0.0
503,RidgeCov,0.28750208020210266,TargetRidge,0.3561096489429474,0.06860756874084473,RidgeCov,0.28750208020210266,0.0
504,RidgeCov,0.3068346083164215,TargetRidge,0.3588111400604248,0.051976531744003296,RidgeCov,0.3068346083164215,0.0
505,RidgeCov,0.3041047751903534,TargetRidge,0.368348628282547,0.0642438530921936,RidgeCov,0.3041047751903534,0.0
506,RidgeCov,0.31600895524024963,TargetRidge,0.3709256649017334,0.054916709661483765,RidgeCov,0.31600895524024963,0.0
507,RidgeCov,0.2974153757095337,TargetRidge,0.3807366192340851,0.08332124352455139,RidgeCov,0.2974153757095337,0.0
508,RidgeCov,0.29889291524887085,TargetRidge,0.38864007592201233,0.08974716067314148,RidgeCov,0.29889291524887085,0.0
509,RidgeCov,0.2935536801815033,TargetRidge,0.3869004547595978,0.09334677457809448,RidgeCov,0.2935536801815033,0.0
510,RidgeCov,0.31780409812927246,TargetRidge,0.3867434561252594,0.06893935799598694,RidgeCov,0.31780409812927246,0.0
511,RidgeCov,0.3249511420726776,TargetRidge,0.3901079595088959,0.06515681743621826,RidgeCov,0.3249511420726776,0.0
512,RidgeCov,0.30108442902565,TargetRidge,0.39473721385002136,0.09365278482437134,RidgeCov,0.30108442902565,0.0
513,RidgeCov,0.27071237564086914,TargetRidge,0.4040091931819916,0.13329681754112244,RidgeCov,0.27071237564086914,0.0
514,RidgeCov,0.3164474666118622,TargetRidge,0.40761998295783997,0.09117251634597778,RidgeCov,0.3164474666118622,0.0
515,RidgeCov,0.3016071021556854,TargetRidge,0.4470917284488678,0.14548462629318237,RidgeCov,0.3016071021556854,0.0
516,RidgeCov,0.2734653651714325,TargetRidge,0.4290499687194824,0.15558460354804993,RidgeCov,0.2734653651714325,0.0
517,RidgeCov,0.2887461483478546,TargetRidge,0.4353366196155548,0.1465904712677002,RidgeCov,0.2887461483478546,0.0
518,RidgeCov,0.2985335886478424,TargetRidge,0.40273451805114746,0.10420092940330505,RidgeCov,0.2985335886478424,0.0
519,RidgeCov,0.3085058629512787,TargetRidge,0.393440842628479,0.08493497967720032,RidgeCov,0.3085058629512787,0.0
520,RidgeCov,0.26937219500541687,TargetRidge,0.37951841950416565,0.11014622449874878,RidgeCov,0.26937219500541687,0.0
521,RidgeCov,0.2734723687171936,TargetRidge,0.36131778359413147,0.08784541487693787,RidgeCov,0.2734723687171936,0.0
522,RidgeCov,0.23775148391723633,TargetRidge,0.3952047824859619,0.15745329856872559,RidgeCov,0.23775148391723633,0.0
523,RidgeCov,0.2827087938785553,TargetRidge,0.3655986785888672,0.08288988471031189,RidgeCov,0.2827087938785553,0.0
524,RidgeCov,0.25449320673942566,TargetRidge,0.39747682213783264,0.14298361539840698,RidgeCov,0.25449320673942566,0.0
525,RidgeCov,0.28409525752067566,TargetRidge,0.39445629715919495,0.11036103963851929,RidgeCov,0.28409525752067566,0.0
526,RidgeCov,0.28636279702186584,TargetRidge,0.36963188648223877,0.08326908946037292,RidgeCov,0.28636279702186584,0.0
527,RidgeCov,0.2440788745880127,TargetRidge,0.4119541645050049,0.1678752899169922,RidgeCov,0.2440788745880127,0.0
528,RidgeCov,0.2533905804157257,TargetRidge,0.36773422360420227,0.11434364318847656,RidgeCov,0.2533905804157257,0.0
529,RidgeCov,0.24604006111621857,TargetRidge,0.3726487457752228,0.1266086846590042,RidgeCov,0.24604006111621857,0.0
530,RidgeCov,0.2545633018016815,TargetRidge,0.40499743819236755,0.15043413639068604,RidgeCov,0.2545633018016815,0.0
531,RidgeCov,0.24744892120361328,TargetRidge,0.34198808670043945,0.09453916549682617,RidgeCov,0.24744892120361328,0.0
532,RidgeCov,0.2667604684829712,TargetRidge,0.40857937932014465,0.14181891083717346,RidgeCov,0.2667604684829712,0.0
533,RidgeCov,0.2857154309749603,TargetRidge,0.3803364932537079,0.09462106227874756,RidgeCov,0.2857154309749603,0.0
534,RidgeCov,0.2464749664068222,TargetRidge,0.37093546986579895,0.12446050345897675,RidgeCov,0.2464749664068222,0.0
535,RidgeCov,0.2920571267604828,TargetRidge,0.3499300479888916,0.057872921228408813,RidgeCov,0.2920571267604828,0.0
536,RidgeCov,0.2527526021003723,TargetRidge,0.3434070646762848,0.09065446257591248,RidgeCov,0.2527526021003723,0.0
537,RidgeCov,0.2803988754749298,TargetRidge,0.4107796847820282,0.1303808093070984,RidgeCov,0.2803988754749298,0.0
538,RidgeCov,0.24884331226348877,TargetRidge,0.33099472522735596,0.08215141296386719,RidgeCov,0.24884331226348877,0.0
539,RidgeCov,0.23682229220867157,TargetRidge,0.33778563141822815,0.10096333920955658,RidgeCov,0.23682229220867157,0.0
540,RidgeCov,0.27027466893196106,TargetRidge,0.40194788575172424,0.13167321681976318,RidgeCov,0.27027466893196106,0.0
541,RidgeCov,0.2345779985189438,TargetRidge,0.32621335983276367,0.09163536131381989,RidgeCov,0.2345779985189438,0.0
542,RidgeCov,0.22510595619678497,TargetRidge,0.3674740791320801,0.1423681229352951,RidgeCov,0.22510595619678497,0.0
543,RidgeCov,0.24597370624542236,TargetRidge,0.33222830295562744,0.08625459671020508,RidgeCov,0.24597370624542236,0.0
544,RidgeCov,0.2622939646244049,TargetRidge,0.32652997970581055,0.06423601508140564,RidgeCov,0.2622939646244049,0.0
545,RidgeCov,0.27010592818260193,TargetRidge,0.36609676480293274,0.09599083662033081,RidgeCov,0.27010592818260193,0.0
546,RidgeCov,0.22300641238689423,TargetRidge,0.2991420328617096,0.07613562047481537,RidgeCov,0.22300641238689423,0.0
547,RidgeCov,0.2765065133571625,TargetRidge,0.3659121096134186,0.0894055962562561,RidgeCov,0.2765065133571625,0.0
548,RidgeCov,0.21481315791606903,TargetRidge,0.3144630193710327,0.09964986145496368,RidgeCov,0.21481315791606903,0.0
549,RidgeCov,0.2212974578142166,TargetRidge,0.3503917455673218,0.12909428775310516,RidgeCov,0.2212974578142166,0.0
550,RidgeCov,0.24516785144805908,TargetRidge,0.40631958842277527,0.1611517369747162,RidgeCov,0.24516785144805908,0.0
551,RidgeCov,0.23386645317077637,TargetRidge,0.3024539649486542,0.06858751177787781,RidgeCov,0.23386645317077637,0.0
552,RidgeCov,0.22729414701461792,TargetRidge,0.4049459397792816,0.1776517927646637,RidgeCov,0.22729414701461792,0.0
553,RidgeCov,0.2447834014892578,TargetRidge,0.37886568903923035,0.13408228754997253,RidgeCov,0.2447834014892578,0.0
554,RidgeCov,0.19960714876651764,TargetRidge,0.4045318365097046,0.20492468774318695,RidgeCov,0.19960714876651764,0.0
555,RidgeCov,0.1925201416015625,TargetRidge,0.43456387519836426,0.24204373359680176,RidgeCov,0.1925201416015625,0.0
556,RidgeCov,0.22625119984149933,TargetRidge,0.36270010471343994,0.1364489048719406,RidgeCov,0.22625119984149933,0.0
557,RidgeCov,0.17465078830718994,TargetRidge,0.3243963420391083,0.14974555373191833,RidgeCov,0.17465078830718994,0.0
558,RidgeCov,0.23174028098583221,TargetRidge,0.39368319511413574,0.16194291412830353,RidgeCov,0.23174028098583221,0.0
559,RidgeCov,0.17854106426239014,TargetRidge,0.3924030363559723,0.21386197209358215,RidgeCov,0.17854106426239014,0.0
560,RidgeCov,0.24095185101032257,TargetRidge,0.4080917537212372,0.1671399027109146,RidgeCov,0.24095185101032257,0.0
561,RidgeCov,0.23260347545146942,TargetRidge,0.333120733499527,0.10051725804805756,RidgeCov,0.23260347545146942,0.0
562,RidgeCov,0.28403517603874207,TargetRidge,0.3358241021633148,0.051788926124572754,RidgeCov,0.28403517603874207,0.0
563,RidgeCov,0.22474205493927002,TargetRidge,0.3594401776790619,0.13469812273979187,RidgeCov,0.22474205493927002,0.0
564,RidgeCov,0.22154898941516876,TargetRidge,0.39043882489204407,0.1688898354768753,RidgeCov,0.22154898941516876,0.0
565,RidgeCov,0.22969062626361847,TargetRidge,0.42033806443214417,0.1906474381685257,RidgeCov,0.22969062626361847,0.0
566,RidgeCov,0.1946943998336792,TargetRidge,0.3704124987125397,0.17571809887886047,RidgeCov,0.1946943998336792,0.0
567,RidgeCov,0.2020357996225357,TargetRidge,0.44171443581581116,0.23967863619327545,RidgeCov,0.2020357996225357,0.0
568,RidgeCov,0.18805797398090363,TargetRidge,0.40251263976097107,0.21445466578006744,RidgeCov,0.18805797398090363,0.0
569,RidgeCov,0.24352200329303741,TargetRidge,0.38745999336242676,0.14393799006938934,RidgeCov,0.24352200329303741,0.0
570,RidgeCov,0.23416392505168915,TargetRidge,0.42767906188964844,0.1935151368379593,RidgeCov,0.23416392505168915,0.0
571,RidgeCov,0.2361152023077011,TargetRidge,0.39334985613822937,0.15723465383052826,RidgeCov,0.2361152023077011,0.0
572,RidgeCov,0.23017068207263947,TargetRidge,0.42949315905570984,0.19932247698307037,RidgeCov,0.23017068207263947,0.0
573,RidgeCov,0.2288251668214798,TargetRidge,0.47136902809143066,0.24254386126995087,RidgeCov,0.2288251668214798,0.0
574,RidgeCov,0.23645472526550293,TargetRidge,0.46926042437553406,0.23280569911003113,RidgeCov,0.23645472526550293,0.0
575,RidgeCov,0.20627407729625702,TargetRidge,0.5924760699272156,0.38620197772979736,RidgeCov,0.20627407729625702,0.0
576,RidgeCov,0.22722013294696808,TargetRidge,0.532858669757843,0.30563855171203613,RidgeCov,0.22722013294696808,0.0
577,RidgeCov,0.2190195769071579,TargetRidge,0.6038783192634583,0.38485872745513916,RidgeCov,0.2190195769071579,0.0
578,RidgeCov,0.22785885632038116,TargetRidge,0.4401151239871979,0.2122562676668167,RidgeCov,0.22785885632038116,0.0
579,RidgeCov,0.2667241394519806,TargetRidge,0.3992288112640381,0.1325046718120575,RidgeCov,0.2667241394519806,0.0
580,RidgeCov,0.20295222103595734,TargetRidge,0.44646868109703064,0.2435164600610733,RidgeCov,0.20295222103595734,0.0
581,RidgeCov,0.21144701540470123,TargetRidge,0.5779299139976501,0.3664829134941101,RidgeCov,0.21144701540470123,0.0
582,RidgeCov,0.2085665464401245,TargetRidge,0.4819242060184479,0.27335765957832336,RidgeCov,0.2085665464401245,0.0
583,RidgeCov,0.2716396450996399,TargetRidge,0.5814318060874939,0.309792160987854,RidgeCov,0.2716396450996399,0.0
584,RidgeCov,0.18408246338367462,TargetRidge,0.5359917283058167,0.3519092798233032,RidgeCov,0.18408246338367462,0.0
585,RidgeCov,0.2408924549818039,TargetRidge,0.5790282487869263,0.3381357789039612,RidgeCov,0.2408924549818039,0.0
586,RidgeCov,0.18174517154693604,TargetRidge,0.6134982705116272,0.43175309896469116,RidgeCov,0.18174517154693604,0.0
587,RidgeCov,0.2657696306705475,TargetRidge,0.5271998047828674,0.26143017411231995,RidgeCov,0.2657696306705475,0.0
588,RidgeCov,0.28666695952415466,TargetRidge,0.5443485379219055,0.25768157839775085,RidgeCov,0.28666695952415466,0.0
589,RidgeCov,0.2808500826358795,TargetRidge,0.7013346552848816,0.4204845726490021,RidgeCov,0.2808500826358795,0.0
590,RidgeCov,0.2501279413700104,TargetRidge,0.5704122185707092,0.32028427720069885,RidgeCov,0.2501279413700104,0.0
591,RidgeCov,0.21849139034748077,TargetRidge,0.6652976870536804,0.44680631160736084,RidgeCov,0.21849139034748077,0.0
592,RidgeCov,0.3481593430042267,TargetRidge,0.6589557528495789,0.3107964098453522,RidgeCov,0.3481593430042267,0.0
593,RidgeCov,0.31091126799583435,TargetRidge,0.6475728154182434,0.33666154742240906,RidgeCov,0.31091126799583435,0.0
594,RidgeCov,0.2944325804710388,TargetRidge,0.6487675309181213,0.3543349504470825,RidgeCov,0.2944325804710388,0.0
595,RidgeCov,0.33755216002464294,TargetRidge,0.6422021985054016,0.30465003848075867,RidgeCov,0.33755216002464294,0.0
596,RidgeCov,0.38532641530036926,TargetRidge,0.7436197400093079,0.3582933247089386,RidgeCov,0.38532641530036926,0.0
597,RidgeCov,0.5111007690429688,TargetRidge,0.685113251209259,0.17401248216629028,RidgeCov,0.5111007690429688,0.0
598,RidgeCov,0.47806644439697266,TargetRidge,0.5888869762420654,0.11082053184509277,RidgeCov,0.47806644439697266,0.0
599,RidgeCov,0.5007007122039795,TargetRidge,0.5885169506072998,0.08781623840332031,RidgeCov,0.5007007122039795,0.0
600,RidgeCov,0.34289073944091797,TargetRidge,0.6189101338386536,0.2760193943977356,RidgeCov,0.34289073944091797,0.0
601,RidgeCov,0.42905595898628235,TargetRidge,0.5813665390014648,0.1523105800151825,RidgeCov,0.42905595898628235,0.0
602,RidgeCov,0.40433230996131897,TargetRidge,0.6013931632041931,0.19706085324287415,RidgeCov,0.40433230996131897,0.0
603,RidgeCov,0.3973968029022217,TargetRidge,0.5368880033493042,0.13949120044708252,RidgeCov,0.3973968029022217,0.0
604,RidgeCov,0.5041710138320923,TargetRidge,0.5357951521873474,0.03162413835525513,RidgeCov,0.5041710138320923,0.0
605,RidgeCov,0.3191721737384796,TargetRidge,0.5089222192764282,0.1897500455379486,RidgeCov,0.3191721737384796,0.0
606,RidgeCov,0.4824528694152832,TargetRidge,0.5286053419113159,0.046152472496032715,RidgeCov,0.4824528694152832,0.0
607,RidgeCov,0.4658240079879761,TargetRidge,0.5864041447639465,0.12058013677597046,RidgeCov,0.4658240079879761,0.0
608,TargetRidge,0.47183117270469666,RidgeCov,0.48143574595451355,0.009604573249816895,RidgeCov,0.48143574595451355,0.009604573249816895
609,RidgeCov,0.4265534579753876,TargetRidge,0.4607281982898712,0.03417474031448364,RidgeCov,0.4265534579753876,0.0
610,TargetRidge,0.45563891530036926,RidgeCov,0.46945711970329285,0.013818204402923584,RidgeCov,0.46945711970329285,0.013818204402923584
611,TargetRidge,0.44212639331817627,RidgeCov,0.5011702179908752,0.059043824672698975,RidgeCov,0.5011702179908752,0.059043824672698975
612,RidgeCov,0.39763227105140686,TargetRidge,0.425762802362442,0.028130531311035156,RidgeCov,0.39763227105140686,0.0
613,TargetRidge,0.40241530537605286,RidgeCov,0.5389435291290283,0.13652822375297546,RidgeCov,0.5389435291290283,0.13652822375297546
614,TargetRidge,0.4124318063259125,RidgeCov,0.5510785579681396,0.13864675164222717,RidgeCov,0.5510785579681396,0.13864675164222717
615,TargetRidge,0.41121283173561096,RidgeCov,0.5524356961250305,0.14122286438941956,RidgeCov,0.5524356961250305,0.14122286438941956
616,TargetRidge,0.4639088213443756,RidgeCov,0.520052969455719,0.056144148111343384,RidgeCov,0.520052969455719,0.056144148111343384
617,TargetRidge,0.4331279993057251,RidgeCov,0.5539594292640686,0.1208314299583435,RidgeCov,0.5539594292640686,0.1208314299583435
618,TargetRidge,0.4060724079608917,RidgeCov,0.5052658915519714,0.09919348359107971,RidgeCov,0.5052658915519714,0.09919348359107971
619,TargetRidge,0.40794768929481506,RidgeCov,0.4931418001651764,0.08519411087036133,RidgeCov,0.4931418001651764,0.08519411087036133
620,TargetRidge,0.40574944019317627,RidgeCov,0.6481381058692932,0.24238866567611694,RidgeCov,0.6481381058692932,0.24238866567611694
621,TargetRidge,0.40048909187316895,RidgeCov,0.5056807994842529,0.10519170761108398,RidgeCov,0.5056807994842529,0.10519170761108398
622,TargetRidge,0.37412628531455994,RidgeCov,0.5672343373298645,0.19310805201530457,RidgeCov,0.5672343373298645,0.19310805201530457
623,TargetRidge,0.4602057933807373,RidgeCov,0.5434767603874207,0.08327096700668335,RidgeCov,0.5434767603874207,0.08327096700668335
624,TargetRidge,0.39149320125579834,RidgeCov,0.5669768452644348,0.17548364400863647,RidgeCov,0.5669768452644348,0.17548364400863647
625,TargetRidge,0.43039095401763916,RidgeCov,0.5963310599327087,0.16594010591506958,RidgeCov,0.5963310599327087,0.16594010591506958
626,TargetRidge,0.48630523681640625,RidgeCov,0.5007820129394531,0.014476776123046875,RidgeCov,0.5007820129394531,0.014476776123046875
627,TargetRidge,0.44474753737449646,RidgeCov,0.6019026637077332,0.1571551263332367,RidgeCov,0.6019026637077332,0.1571551263332367
628,TargetRidge,0.45937681198120117,RidgeCov,0.5841509103775024,0.12477409839630127,RidgeCov,0.5841509103775024,0.12477409839630127
629,TargetRidge,0.3833847939968109,RidgeCov,0.5317585468292236,0.14837375283241272,RidgeCov,0.5317585468292236,0.14837375283241272
630,TargetRidge,0.3973933756351471,RidgeCov,0.5226441025733948,0.12525072693824768,RidgeCov,0.5226441025733948,0.12525072693824768
631,TargetRidge,0.5196065306663513,RidgeCov,0.5930222868919373,0.07341575622558594,RidgeCov,0.5930222868919373,0.07341575622558594
632,TargetRidge,0.346431165933609,RidgeCov,0.575660765171051,0.22922959923744202,RidgeCov,0.575660765171051,0.22922959923744202
633,TargetRidge,0.4541601240634918,RidgeCov,0.5601374506950378,0.10597732663154602,RidgeCov,0.5601374506950378,0.10597732663154602
634,TargetRidge,0.536364734172821,RidgeCov,0.5671524405479431,0.03078770637512207,RidgeCov,0.5671524405479431,0.03078770637512207
635,TargetRidge,0.5179203748703003,RidgeCov,0.6232596039772034,0.10533922910690308,RidgeCov,0.6232596039772034,0.10533922910690308
636,TargetRidge,0.574446439743042,RidgeCov,0.6239597201347351,0.049513280391693115,RidgeCov,0.6239597201347351,0.049513280391693115
637,RidgeCov,0.6916813850402832,TargetRidge,0.759568452835083,0.0678870677947998,RidgeCov,0.6916813850402832,0.0
638,TargetRidge,0.5624217391014099,RidgeCov,0.582918107509613,0.020496368408203125,RidgeCov,0.582918107509613,0.020496368408203125
639,RidgeCov,0.5893102288246155,TargetRidge,0.7060410380363464,0.11673080921173096,RidgeCov,0.5893102288246155,0.0
640,TargetRidge,0.4665360450744629,RidgeCov,0.6013315320014954,0.13479548692703247,RidgeCov,0.6013315320014954,0.13479548692703247
641,RidgeCov,0.4649619162082672,TargetRidge,0.6592593193054199,0.1942974030971527,RidgeCov,0.4649619162082672,0.0
642,RidgeCov,0.4920864999294281,TargetRidge,0.6560925841331482,0.1640060842037201,RidgeCov,0.4920864999294281,0.0
643,RidgeCov,0.5692943930625916,TargetRidge,0.66057950258255,0.0912851095199585,RidgeCov,0.5692943930625916,0.0
644,RidgeCov,0.4474360942840576,TargetRidge,0.6198097467422485,0.17237365245819092,RidgeCov,0.4474360942840576,0.0
645,RidgeCov,0.4570852816104889,TargetRidge,0.7476559281349182,0.2905706465244293,RidgeCov,0.4570852816104889,0.0
646,RidgeCov,0.5301737189292908,TargetRidge,0.5811489820480347,0.050975263118743896,RidgeCov,0.5301737189292908,0.0
647,RidgeCov,0.5765405297279358,TargetRidge,0.6047652959823608,0.02822476625442505,RidgeCov,0.5765405297279358,0.0
648,RidgeCov,0.48236751556396484,TargetRidge,0.7025334239006042,0.2201659083366394,RidgeCov,0.48236751556396484,0.0
649,RidgeCov,0.5394492149353027,TargetRidge,0.8595641255378723,0.3201149106025696,RidgeCov,0.5394492149353027,0.0
650,RidgeCov,0.40695056319236755,TargetRidge,0.6828740239143372,0.2759234607219696,RidgeCov,0.40695056319236755,0.0
651,RidgeCov,0.5160642266273499,TargetRidge,0.8887865543365479,0.372722327709198,RidgeCov,0.5160642266273499,0.0
652,RidgeCov,0.5139434933662415,TargetRidge,0.7648356556892395,0.25089216232299805,RidgeCov,0.5139434933662415,0.0
653,RidgeCov,0.5530279278755188,TargetRidge,0.7385144233703613,0.18548649549484253,RidgeCov,0.5530279278755188,0.0
654,RidgeCov,0.4438886344432831,TargetRidge,0.726828396320343,0.28293976187705994,RidgeCov,0.4438886344432831,0.0
655,RidgeCov,0.4766295850276947,ZeroPred,0.9300262331962585,0.45339664816856384,RidgeCov,0.4766295850276947,0.0
656,RidgeCov,0.535309374332428,TargetRidge,0.7859832644462585,0.25067389011383057,RidgeCov,0.535309374332428,0.0
657,RidgeCov,0.5253347754478455,TargetRidge,0.8279399871826172,0.30260521173477173,RidgeCov,0.5253347754478455,0.0
658,RidgeCov,0.4897177219390869,TargetRidge,0.6255213618278503,0.13580363988876343,RidgeCov,0.4897177219390869,0.0
659,RidgeCov,0.5430790185928345,TargetRidge,0.8099579215049744,0.2668789029121399,RidgeCov,0.5430790185928345,0.0
660,RidgeCov,0.5469949245452881,TargetRidge,0.8439257144927979,0.29693078994750977,RidgeCov,0.5469949245452881,0.0
661,RidgeCov,0.5152406692504883,TargetRidge,0.8056154251098633,0.290374755859375,RidgeCov,0.5152406692504883,0.0
662,RidgeCov,0.5061226487159729,TargetRidge,0.6893281936645508,0.18320554494857788,RidgeCov,0.5061226487159729,0.0
663,RidgeCov,0.4932841360569,TargetRidge,0.6189954876899719,0.1257113516330719,RidgeCov,0.4932841360569,0.0
664,RidgeCov,0.4395493268966675,TargetRidge,0.648836612701416,0.20928728580474854,RidgeCov,0.4395493268966675,0.0
665,RidgeCov,0.507371187210083,TargetRidge,0.6347131729125977,0.12734198570251465,RidgeCov,0.507371187210083,0.0
666,RidgeCov,0.4776224195957184,TargetRidge,0.6413031220436096,0.16368070244789124,RidgeCov,0.4776224195957184,0.0
667,RidgeCov,0.4908810555934906,TargetRidge,0.6265723705291748,0.1356913149356842,RidgeCov,0.4908810555934906,0.0
668,RidgeCov,0.4164219796657562,TargetRidge,0.585993766784668,0.16957178711891174,RidgeCov,0.4164219796657562,0.0
669,RidgeCov,0.44514521956443787,TargetRidge,0.6081984639167786,0.1630532443523407,RidgeCov,0.44514521956443787,0.0
670,RidgeCov,0.4190349578857422,TargetRidge,0.6937295794487,0.27469462156295776,RidgeCov,0.4190349578857422,0.0
671,RidgeCov,0.43830156326293945,TargetRidge,0.50960373878479,0.07130217552185059,RidgeCov,0.43830156326293945,0.0
672,RidgeCov,0.35361266136169434,TargetRidge,0.551649272441864,0.19803661108016968,RidgeCov,0.35361266136169434,0.0
673,RidgeCov,0.37891003489494324,TargetRidge,0.48927226662635803,0.1103622317314148,RidgeCov,0.37891003489494324,0.0
674,RidgeCov,0.3883465528488159,TargetRidge,0.48777905106544495,0.09943249821662903,RidgeCov,0.3883465528488159,0.0
675,RidgeCov,0.38548099994659424,TargetRidge,0.4645463526248932,0.07906535267829895,RidgeCov,0.38548099994659424,0.0
676,RidgeCov,0.3862331211566925,TargetRidge,0.5067444443702698,0.12051132321357727,RidgeCov,0.3862331211566925,0.0
677,RidgeCov,0.36968764662742615,TargetRidge,0.48989179730415344,0.1202041506767273,RidgeCov,0.36968764662742615,0.0
678,RidgeCov,0.3968484401702881,TargetRidge,0.5186339020729065,0.12178546190261841,RidgeCov,0.3968484401702881,0.0
679,RidgeCov,0.36973628401756287,TargetRidge,0.4679059684276581,0.09816968441009521,RidgeCov,0.36973628401756287,0.0
680,RidgeCov,0.3143053948879242,TargetRidge,0.40810322761535645,0.09379783272743225,RidgeCov,0.3143053948879242,0.0
681,RidgeCov,0.33168908953666687,TargetRidge,0.4187154769897461,0.08702638745307922,RidgeCov,0.33168908953666687,0.0
682,RidgeCov,0.31713563203811646,TargetRidge,0.38060471415519714,0.06346908211708069,RidgeCov,0.31713563203811646,0.0
683,RidgeCov,0.32456400990486145,TargetRidge,0.38544583320617676,0.06088182330131531,RidgeCov,0.32456400990486145,0.0
684,RidgeCov,0.33414438366889954,TargetRidge,0.36385878920555115,0.02971440553665161,RidgeCov,0.33414438366889954,0.0
685,RidgeCov,0.3128415644168854,TargetRidge,0.36268559098243713,0.04984402656555176,RidgeCov,0.3128415644168854,0.0
686,TargetRidge,0.3423469364643097,RidgeCov,0.35551854968070984,0.013171613216400146,RidgeCov,0.35551854968070984,0.013171613216400146
687,TargetRidge,0.3340423107147217,RidgeCov,0.3395569324493408,0.005514621734619141,RidgeCov,0.3395569324493408,0.005514621734619141
688,TargetRidge,0.3236958980560303,RidgeCov,0.34884753823280334,0.02515164017677307,RidgeCov,0.34884753823280334,0.02515164017677307
689,TargetRidge,0.3160152733325958,RidgeCov,0.34339508414268494,0.02737981081008911,RidgeCov,0.34339508414268494,0.02737981081008911
690,TargetRidge,0.30751553177833557,RidgeCov,0.3797043263912201,0.07218879461288452,RidgeCov,0.3797043263912201,0.07218879461288452
691,TargetRidge,0.30357471108436584,RidgeCov,0.3932231664657593,0.08964845538139343,RidgeCov,0.3932231664657593,0.08964845538139343
692,TargetRidge,0.30100399255752563,RidgeCov,0.33714595437049866,0.03614196181297302,RidgeCov,0.33714595437049866,0.03614196181297302
693,TargetRidge,0.2950819432735443,RidgeCov,0.3713974952697754,0.07631555199623108,RidgeCov,0.3713974952697754,0.07631555199623108
694,TargetRidge,0.29732009768486023,RidgeCov,0.37193265557289124,0.074612557888031,RidgeCov,0.37193265557289124,0.074612557888031
695,TargetRidge,0.2982354462146759,RidgeCov,0.3661247193813324,0.0678892731666565,RidgeCov,0.3661247193813324,0.0678892731666565
696,TargetRidge,0.300633043050766,RidgeCov,0.35954412817955017,0.05891108512878418,RidgeCov,0.35954412817955017,0.05891108512878418
697,TargetRidge,0.2951999306678772,RidgeCov,0.3463365137577057,0.05113658308982849,RidgeCov,0.3463365137577057,0.05113658308982849
698,TargetRidge,0.27307459712028503,RidgeCov,0.3842538893222809,0.11117929220199585,RidgeCov,0.3842538893222809,0.11117929220199585
699,TargetRidge,0.29190728068351746,RidgeCov,0.39565131068229675,0.1037440299987793,RidgeCov,0.39565131068229675,0.1037440299987793
700,TargetRidge,0.2893630564212799,RidgeCov,0.39534151554107666,0.10597845911979675,RidgeCov,0.39534151554107666,0.10597845911979675
701,TargetRidge,0.3003806173801422,RidgeCov,0.4031960666179657,0.10281544923782349,RidgeCov,0.4031960666179657,0.10281544923782349
702,TargetRidge,0.3101941645145416,RidgeCov,0.4445788860321045,0.13438472151756287,RidgeCov,0.4445788860321045,0.13438472151756287
703,TargetRidge,0.3061436414718628,RidgeCov,0.4170956611633301,0.11095201969146729,RidgeCov,0.4170956611633301,0.11095201969146729
704,TargetRidge,0.3166618049144745,RidgeCov,0.4498644769191742,0.1332026720046997,RidgeCov,0.4498644769191742,0.1332026720046997
705,TargetRidge,0.32178762555122375,RidgeCov,0.4413406550884247,0.11955302953720093,RidgeCov,0.4413406550884247,0.11955302953720093
706,TargetRidge,0.3288205862045288,RidgeCov,0.4417504370212555,0.11292985081672668,RidgeCov,0.4417504370212555,0.11292985081672668
707,TargetRidge,0.3447136878967285,RidgeCov,0.46193429827690125,0.11722061038017273,RidgeCov,0.46193429827690125,0.11722061038017273
708,TargetRidge,0.34080424904823303,RidgeCov,0.46312713623046875,0.12232288718223572,RidgeCov,0.46312713623046875,0.12232288718223572
709,TargetRidge,0.3622708022594452,RidgeCov,0.4654885530471802,0.10321775078773499,RidgeCov,0.4654885530471802,0.10321775078773499
710,TargetRidge,0.3674074411392212,RidgeCov,0.4627405107021332,0.09533306956291199,RidgeCov,0.4627405107021332,0.09533306956291199
711,TargetRidge,0.3823143541812897,RidgeCov,0.46961984038352966,0.08730548620223999,RidgeCov,0.46961984038352966,0.08730548620223999
712,TargetRidge,0.38908109068870544,RidgeCov,0.4831100404262543,0.09402894973754883,RidgeCov,0.4831100404262543,0.09402894973754883
713,TargetRidge,0.3987177908420563,RidgeCov,0.46767130494117737,0.0689535140991211,RidgeCov,0.46767130494117737,0.0689535140991211
714,TargetRidge,0.4118269979953766,RidgeCov,0.46994325518608093,0.058116257190704346,RidgeCov,0.46994325518608093,0.058116257190704346
715,TargetRidge,0.4089871942996979,RidgeCov,0.4939354956150055,0.08494830131530762,RidgeCov,0.4939354956150055,0.08494830131530762
716,TargetRidge,0.4343644678592682,RidgeCov,0.46540018916130066,0.03103572130203247,RidgeCov,0.46540018916130066,0.03103572130203247
717,TargetRidge,0.44633224606513977,RidgeCov,0.47164690494537354,0.025314658880233765,RidgeCov,0.47164690494537354,0.025314658880233765
718,TargetRidge,0.4548563063144684,RidgeCov,0.47035303711891174,0.01549673080444336,RidgeCov,0.47035303711891174,0.01549673080444336
719,TargetRidge,0.4633519649505615,RidgeCov,0.4956537187099457,0.032301753759384155,RidgeCov,0.4956537187099457,0.032301753759384155
720,TargetRidge,0.4816090166568756,RidgeCov,0.4867689609527588,0.005159944295883179,RidgeCov,0.4867689609527588,0.005159944295883179
721,RidgeCov,0.48499003052711487,TargetRidge,0.4884593188762665,0.0034692883491516113,RidgeCov,0.48499003052711487,0.0
722,TargetRidge,0.49209490418434143,RidgeCov,0.5073316097259521,0.015236705541610718,RidgeCov,0.5073316097259521,0.015236705541610718
723,RidgeCov,0.48901045322418213,TargetRidge,0.4923771917819977,0.0033667385578155518,RidgeCov,0.48901045322418213,0.0
724,RidgeCov,0.49453046917915344,TargetRidge,0.5101945400238037,0.01566407084465027,RidgeCov,0.49453046917915344,0.0
725,RidgeCov,0.5195720791816711,TargetRidge,0.5234704613685608,0.0038983821868896484,RidgeCov,0.5195720791816711,0.0
726,RidgeCov,0.4779265224933624,TargetRidge,0.5367719531059265,0.05884543061256409,RidgeCov,0.4779265224933624,0.0
727,RidgeCov,0.4679710865020752,TargetRidge,0.5398127436637878,0.07184165716171265,RidgeCov,0.4679710865020752,0.0
728,RidgeCov,0.4979792535305023,TargetRidge,0.5599849820137024,0.06200572848320007,RidgeCov,0.4979792535305023,0.0
729,RidgeCov,0.4842969477176666,TargetRidge,0.5644417405128479,0.08014479279518127,RidgeCov,0.4842969477176666,0.0
730,RidgeCov,0.5241365432739258,TargetRidge,0.5640024542808533,0.03986591100692749,RidgeCov,0.5241365432739258,0.0
731,RidgeCov,0.501943051815033,TargetRidge,0.5661978125572205,0.0642547607421875,RidgeCov,0.501943051815033,0.0
732,RidgeCov,0.5146329998970032,TargetRidge,0.5685026049613953,0.05386960506439209,RidgeCov,0.5146329998970032,0.0
733,RidgeCov,0.5083797574043274,TargetRidge,0.5452377796173096,0.03685802221298218,RidgeCov,0.5083797574043274,0.0
734,RidgeCov,0.496863454580307,TargetRidge,0.5435360074043274,0.046672552824020386,RidgeCov,0.496863454580307,0.0
735,RidgeCov,0.47497907280921936,TargetRidge,0.5385162234306335,0.06353715062141418,RidgeCov,0.47497907280921936,0.0
736,RidgeCov,0.48103606700897217,TargetRidge,0.5348901152610779,0.05385404825210571,RidgeCov,0.48103606700897217,0.0
737,RidgeCov,0.4978872835636139,TargetRidge,0.5155277848243713,0.017640501260757446,RidgeCov,0.4978872835636139,0.0
738,TargetRidge,0.5121392607688904,RidgeCov,0.5145148634910583,0.0023756027221679688,RidgeCov,0.5145148634910583,0.0023756027221679688
739,RidgeCov,0.5180834531784058,TargetRidge,0.5200350284576416,0.0019515752792358398,RidgeCov,0.5180834531784058,0.0
740,RidgeCov,0.5078327059745789,TargetRidge,0.5094124674797058,0.0015797615051269531,RidgeCov,0.5078327059745789,0.0
741,RidgeCov,0.48943817615509033,TargetRidge,0.5047255158424377,0.015287339687347412,RidgeCov,0.48943817615509033,0.0
742,RidgeCov,0.497494101524353,TargetRidge,0.5003835558891296,0.0028894543647766113,RidgeCov,0.497494101524353,0.0
743,RidgeCov,0.48735830187797546,TargetRidge,0.5049431920051575,0.017584890127182007,RidgeCov,0.48735830187797546,0.0
744,RidgeCov,0.4655250012874603,TargetRidge,0.49204373359680176,0.02651873230934143,RidgeCov,0.4655250012874603,0.0
745,RidgeCov,0.45302367210388184,TargetRidge,0.4673765003681183,0.01435282826423645,RidgeCov,0.45302367210388184,0.0
746,RidgeCov,0.4342186152935028,TargetRidge,0.4572986662387848,0.023080050945281982,RidgeCov,0.4342186152935028,0.0
747,RidgeCov,0.4354085922241211,TargetRidge,0.4364432096481323,0.0010346174240112305,RidgeCov,0.4354085922241211,0.0
748,RidgeCov,0.39154815673828125,TargetRidge,0.4255716800689697,0.03402352333068848,RidgeCov,0.39154815673828125,0.0
749,RidgeCov,0.37510761618614197,TargetRidge,0.40268969535827637,0.0275820791721344,RidgeCov,0.37510761618614197,0.0
750,RidgeCov,0.38047417998313904,TargetRidge,0.40123891830444336,0.02076473832130432,RidgeCov,0.38047417998313904,0.0
751,RidgeCov,0.3364464342594147,TargetRidge,0.3780660927295685,0.04161965847015381,RidgeCov,0.3364464342594147,0.0
752,TargetRidge,0.3706611394882202,RidgeCov,0.4050440490245819,0.034382909536361694,RidgeCov,0.4050440490245819,0.034382909536361694
753,TargetRidge,0.36299124360084534,RidgeCov,0.3851776123046875,0.022186368703842163,RidgeCov,0.3851776123046875,0.022186368703842163
754,RidgeCov,0.3356112241744995,TargetRidge,0.3658986985683441,0.030287474393844604,RidgeCov,0.3356112241744995,0.0
755,TargetRidge,0.3444480895996094,RidgeCov,0.38924694061279297,0.044798851013183594,RidgeCov,0.38924694061279297,0.044798851013183594
756,TargetRidge,0.33050426840782166,RidgeCov,0.34829404950141907,0.017789781093597412,RidgeCov,0.34829404950141907,0.017789781093597412
757,RidgeCov,0.33327609300613403,TargetRidge,0.33767327666282654,0.004397183656692505,RidgeCov,0.33327609300613403,0.0
758,RidgeCov,0.31373330950737,TargetRidge,0.3284018039703369,0.014668494462966919,RidgeCov,0.31373330950737,0.0
759,RidgeCov,0.28838804364204407,TargetRidge,0.3260328769683838,0.03764483332633972,RidgeCov,0.28838804364204407,0.0
760,RidgeCov,0.2680343687534332,TargetRidge,0.32840755581855774,0.06037318706512451,RidgeCov,0.2680343687534332,0.0
761,RidgeCov,0.2620490491390228,TargetRidge,0.3725607395172119,0.11051169037818909,RidgeCov,0.2620490491390228,0.0
762,RidgeCov,0.293538898229599,TargetRidge,0.3410974442958832,0.04755854606628418,RidgeCov,0.293538898229599,0.0
763,RidgeCov,0.2616208493709564,TargetRidge,0.3401128053665161,0.07849195599555969,RidgeCov,0.2616208493709564,0.0
764,RidgeCov,0.28178098797798157,TargetRidge,0.3496743142604828,0.06789332628250122,RidgeCov,0.28178098797798157,0.0
765,RidgeCov,0.32821330428123474,TargetRidge,0.3584613800048828,0.03024807572364807,RidgeCov,0.32821330428123474,0.0
766,RidgeCov,0.29426059126853943,TargetRidge,0.36195293068885803,0.0676923394203186,RidgeCov,0.29426059126853943,0.0
767,RidgeCov,0.28382980823516846,TargetRidge,0.3734982907772064,0.08966848254203796,RidgeCov,0.28382980823516846,0.0
768,RidgeCov,0.31605836749076843,TargetRidge,0.38214778900146484,0.06608942151069641,RidgeCov,0.31605836749076843,0.0
769,RidgeCov,0.244709774851799,TargetRidge,0.39496245980262756,0.15025268495082855,RidgeCov,0.244709774851799,0.0
770,RidgeCov,0.22755299508571625,TargetRidge,0.4072807729244232,0.17972777783870697,RidgeCov,0.22755299508571625,0.0
771,RidgeCov,0.197059765458107,TargetRidge,0.42098918557167053,0.22392942011356354,RidgeCov,0.197059765458107,0.0
772,RidgeCov,0.20331646502017975,TargetRidge,0.49859949946403503,0.2952830195426941,RidgeCov,0.20331646502017975,0.0
773,RidgeCov,0.21051709353923798,TargetRidge,0.4991632401943207,0.2886461615562439,RidgeCov,0.21051709353923798,0.0
774,RidgeCov,0.20583339035511017,TargetRidge,0.4959447383880615,0.29011136293411255,RidgeCov,0.20583339035511017,0.0
775,RidgeCov,0.21922199428081512,TargetRidge,0.49252864718437195,0.273306667804718,RidgeCov,0.21922199428081512,0.0
776,RidgeCov,0.2015678882598877,TargetRidge,0.48462095856666565,0.28305307030677795,RidgeCov,0.2015678882598877,0.0
777,RidgeCov,0.2514679729938507,TargetRidge,0.5355896949768066,0.28412172198295593,RidgeCov,0.2514679729938507,0.0
778,RidgeCov,0.17693202197551727,TargetRidge,0.48992910981178284,0.31299710273742676,RidgeCov,0.17693202197551727,0.0
779,RidgeCov,0.17186279594898224,TargetRidge,0.5849922299385071,0.41312944889068604,RidgeCov,0.17186279594898224,0.0
780,RidgeCov,0.19450563192367554,TargetRidge,0.5768897533416748,0.38238412141799927,RidgeCov,0.19450563192367554,0.0
781,RidgeCov,0.1969054490327835,EWMFast,0.6439865231513977,0.4470810890197754,RidgeCov,0.1969054490327835,0.0
782,RidgeCov,0.19358694553375244,TargetRidge,0.5583825707435608,0.36479562520980835,RidgeCov,0.19358694553375244,0.0
783,RidgeCov,0.18299973011016846,ZeroPred,0.683302640914917,0.5003029108047485,RidgeCov,0.18299973011016846,0.0
784,RidgeCov,0.18013502657413483,ZeroPred,0.6786718368530273,0.4985368251800537,RidgeCov,0.18013502657413483,0.0
785,RidgeCov,0.13647489249706268,ZeroPred,0.6571717858314514,0.5206968784332275,RidgeCov,0.13647489249706268,0.0
786,RidgeCov,0.19195730984210968,TargetRidge,0.6296775937080383,0.43772029876708984,RidgeCov,0.19195730984210968,0.0
787,RidgeCov,0.307491660118103,TargetRidge,0.5056084990501404,0.19811683893203735,RidgeCov,0.307491660118103,0.0
788,RidgeCov,0.1811952143907547,TargetRidge,0.534663200378418,0.35346800088882446,RidgeCov,0.1811952143907547,0.0
789,RidgeCov,0.24743050336837769,TargetRidge,0.5280187726020813,0.2805882692337036,RidgeCov,0.24743050336837769,0.0
790,RidgeCov,0.18538248538970947,TargetRidge,0.37168070673942566,0.1862982213497162,RidgeCov,0.18538248538970947,0.0
791,RidgeCov,0.171889066696167,TargetRidge,0.39477893710136414,0.22288987040519714,RidgeCov,0.171889066696167,0.0
792,RidgeCov,0.21397197246551514,TargetRidge,0.2877391278743744,0.07376715540885925,RidgeCov,0.21397197246551514,0.0
793,RidgeCov,0.20822596549987793,TargetRidge,0.2853865921497345,0.07716062664985657,RidgeCov,0.20822596549987793,0.0
794,RidgeCov,0.22871483862400055,TargetRidge,0.2546190321445465,0.02590419352054596,RidgeCov,0.22871483862400055,0.0
795,RidgeCov,0.18227513134479523,TargetRidge,0.30720964074134827,0.12493450939655304,RidgeCov,0.18227513134479523,0.0
796,RidgeCov,0.17220135033130646,TargetRidge,0.31233030557632446,0.140128955245018,RidgeCov,0.17220135033130646,0.0
797,RidgeCov,0.17767708003520966,TargetRidge,0.26151755452156067,0.08384047448635101,RidgeCov,0.17767708003520966,0.0
798,RidgeCov,0.1618255376815796,TargetRidge,0.24637411534786224,0.08454857766628265,RidgeCov,0.1618255376815796,0.0
799,RidgeCov,0.18627138435840607,TargetRidge,0.2381296008825302,0.051858216524124146,RidgeCov,0.18627138435840607,0.0
800,RidgeCov,0.1981533020734787,TargetRidge,0.27430200576782227,0.07614870369434357,RidgeCov,0.1981533020734787,0.0
801,RidgeCov,0.17951659858226776,TargetRidge,0.20566873252391815,0.02615213394165039,RidgeCov,0.17951659858226776,0.0
802,RidgeCov,0.1636144369840622,TargetRidge,0.22300539910793304,0.05939096212387085,RidgeCov,0.1636144369840622,0.0
803,RidgeCov,0.19423575699329376,TargetRidge,0.2254399210214615,0.031204164028167725,RidgeCov,0.19423575699329376,0.0
804,RidgeCov,0.1801447868347168,TargetRidge,0.20426471531391144,0.02411992847919464,RidgeCov,0.1801447868347168,0.0
805,RidgeCov,0.16396759450435638,TargetRidge,0.20526349544525146,0.04129590094089508,RidgeCov,0.16396759450435638,0.0
806,RidgeCov,0.1870642900466919,TargetRidge,0.20988772809505463,0.022823438048362732,RidgeCov,0.1870642900466919,0.0
807,RidgeCov,0.1676480621099472,TargetRidge,0.20750761032104492,0.03985954821109772,RidgeCov,0.1676480621099472,0.0
808,RidgeCov,0.16778980195522308,TargetRidge,0.20859752595424652,0.04080772399902344,RidgeCov,0.16778980195522308,0.0
809,RidgeCov,0.172151580452919,TargetRidge,0.22581011056900024,0.05365853011608124,RidgeCov,0.172151580452919,0.0
810,RidgeCov,0.17789654433727264,TargetRidge,0.21232564747333527,0.03442910313606262,RidgeCov,0.17789654433727264,0.0
811,RidgeCov,0.1596655696630478,TargetRidge,0.2316872477531433,0.07202167809009552,RidgeCov,0.1596655696630478,0.0
812,RidgeCov,0.16602659225463867,TargetRidge,0.2182028740644455,0.052176281809806824,RidgeCov,0.16602659225463867,0.0
813,RidgeCov,0.1634715050458908,TargetRidge,0.3165450990200043,0.15307359397411346,RidgeCov,0.1634715050458908,0.0
814,RidgeCov,0.1700993776321411,TargetRidge,0.22641603648662567,0.05631665885448456,RidgeCov,0.1700993776321411,0.0
815,RidgeCov,0.15948182344436646,TargetRidge,0.24848763644695282,0.08900581300258636,RidgeCov,0.15948182344436646,0.0
816,RidgeCov,0.1652667373418808,TargetRidge,0.2289043664932251,0.0636376291513443,RidgeCov,0.1652667373418808,0.0
817,RidgeCov,0.16697561740875244,TargetRidge,0.2496800273656845,0.08270440995693207,RidgeCov,0.16697561740875244,0.0
818,RidgeCov,0.16259242594242096,TargetRidge,0.3293147385120392,0.16672231256961823,RidgeCov,0.16259242594242096,0.0
819,RidgeCov,0.15636380016803741,TargetRidge,0.26990410685539246,0.11354030668735504,RidgeCov,0.15636380016803741,0.0
820,RidgeCov,0.1606842428445816,TargetRidge,0.31940871477127075,0.15872447192668915,RidgeCov,0.1606842428445816,0.0
821,RidgeCov,0.17498625814914703,TargetRidge,0.3552790880203247,0.18029282987117767,RidgeCov,0.17498625814914703,0.0
822,RidgeCov,0.1496967375278473,TargetRidge,0.3875960111618042,0.2378992736339569,RidgeCov,0.1496967375278473,0.0
823,RidgeCov,0.15938188135623932,TargetRidge,0.37396955490112305,0.21458767354488373,RidgeCov,0.15938188135623932,0.0
824,RidgeCov,0.17732448875904083,TargetRidge,0.3184780180454254,0.14115352928638458,RidgeCov,0.17732448875904083,0.0
825,RidgeCov,0.1930384635925293,TargetRidge,0.47729048132896423,0.28425201773643494,RidgeCov,0.1930384635925293,0.0
826,RidgeCov,0.18256326019763947,TargetRidge,0.4493331015110016,0.2667698264122009,RidgeCov,0.18256326019763947,0.0
827,RidgeCov,0.19189344346523285,TargetRidge,0.5263428688049316,0.3344494104385376,RidgeCov,0.19189344346523285,0.0
828,RidgeCov,0.19636397063732147,TargetRidge,0.4271617829799652,0.23079781234264374,RidgeCov,0.19636397063732147,0.0
829,RidgeCov,0.20131593942642212,TargetRidge,0.5027844309806824,0.30146849155426025,RidgeCov,0.20131593942642212,0.0
830,RidgeCov,0.20519311726093292,TargetRidge,0.5423038005828857,0.337110698223114,RidgeCov,0.20519311726093292,0.0
831,RidgeCov,0.1779109686613083,TargetRidge,0.615135908126831,0.4372249245643616,RidgeCov,0.1779109686613083,0.0
832,RidgeCov,0.2025711089372635,TargetRidge,0.46664032340049744,0.26406919956207275,RidgeCov,0.2025711089372635,0.0
833,RidgeCov,0.16654856503009796,TargetRidge,0.4814539849758148,0.31490540504455566,RidgeCov,0.16654856503009796,0.0
834,RidgeCov,0.18739788234233856,TargetRidge,0.5192015171051025,0.3318036198616028,RidgeCov,0.18739788234233856,0.0
835,RidgeCov,0.24483054876327515,TargetRidge,0.5764814019203186,0.33165085315704346,RidgeCov,0.24483054876327515,0.0
836,RidgeCov,0.20232771337032318,TargetRidge,0.49551165103912354,0.29318392276763916,RidgeCov,0.20232771337032318,0.0
837,RidgeCov,0.227238729596138,TargetRidge,0.6304647922515869,0.4032260775566101,RidgeCov,0.227238729596138,0.0
838,RidgeCov,0.1921067237854004,TargetRidge,0.512823224067688,0.3207165002822876,RidgeCov,0.1921067237854004,0.0
839,RidgeCov,0.18408258259296417,TargetRidge,0.7831230163574219,0.5990404486656189,RidgeCov,0.18408258259296417,0.0
840,RidgeCov,0.1572616547346115,TargetRidge,0.5971314907073975,0.43986982107162476,RidgeCov,0.1572616547346115,0.0
841,RidgeCov,0.16017891466617584,TargetRidge,0.7890412211418152,0.6288623213768005,RidgeCov,0.16017891466617584,0.0
842,RidgeCov,0.17749784886837006,TargetRidge,0.8396899104118347,0.6621920466423035,RidgeCov,0.17749784886837006,0.0
843,RidgeCov,0.1630309671163559,TargetRidge,0.7531126141548157,0.5900816321372986,RidgeCov,0.1630309671163559,0.0
844,RidgeCov,0.14450444281101227,TargetRidge,0.6706444621086121,0.526140034198761,RidgeCov,0.14450444281101227,0.0
845,RidgeCov,0.1624561846256256,TargetRidge,0.7221260070800781,0.5596698522567749,RidgeCov,0.1624561846256256,0.0
846,RidgeCov,0.14303907752037048,TargetRidge,1.0487011671066284,0.9056620597839355,RidgeCov,0.14303907752037048,0.0
847,RidgeCov,0.16612936556339264,TargetRidge,0.7674780488014221,0.6013486981391907,RidgeCov,0.16612936556339264,0.0
848,RidgeCov,0.16464029252529144,TargetRidge,0.852255642414093,0.6876153349876404,RidgeCov,0.16464029252529144,0.0
849,RidgeCov,0.14399617910385132,TargetRidge,0.9157182574272156,0.7717220783233643,RidgeCov,0.14399617910385132,0.0
850,RidgeCov,0.14022856950759888,TargetRidge,0.8882853984832764,0.7480568289756775,RidgeCov,0.14022856950759888,0.0
851,RidgeCov,0.12654438614845276,TargetRidge,0.8690221905708313,0.7424777746200562,RidgeCov,0.12654438614845276,0.0
852,RidgeCov,0.12831659615039825,TargetRidge,0.9542085528373718,0.8258919715881348,RidgeCov,0.12831659615039825,0.0
853,RidgeCov,0.15738017857074738,TargetRidge,0.9212775230407715,0.7638973593711853,RidgeCov,0.15738017857074738,0.0
854,RidgeCov,0.1277821660041809,TargetRidge,0.9145925045013428,0.7868103384971619,RidgeCov,0.1277821660041809,0.0
855,RidgeCov,0.16437603533267975,TargetRidge,0.9972443580627441,0.8328683376312256,RidgeCov,0.16437603533267975,0.0
856,RidgeCov,0.1321980357170105,TargetRidge,0.9863592982292175,0.854161262512207,RidgeCov,0.1321980357170105,0.0
857,RidgeCov,0.1360887736082077,TargetRidge,1.041723370552063,0.9056345820426941,RidgeCov,0.1360887736082077,0.0
858,RidgeCov,0.1636790782213211,TargetRidge,0.9918098449707031,0.8281307816505432,RidgeCov,0.1636790782213211,0.0
859,RidgeCov,0.1466069221496582,TargetRidge,0.8600217700004578,0.7134148478507996,RidgeCov,0.1466069221496582,0.0
860,RidgeCov,0.14908893406391144,TargetRidge,1.0692921876907349,0.9202032685279846,RidgeCov,0.14908893406391144,0.0
861,RidgeCov,0.14589211344718933,TargetRidge,0.781080961227417,0.6351888179779053,RidgeCov,0.14589211344718933,0.0
862,RidgeCov,0.14656180143356323,Trend,0.9561240673065186,0.8095622658729553,RidgeCov,0.14656180143356323,0.0
863,RidgeCov,0.1357431858778,TargetRidge,0.5443190932273865,0.4085758924484253,RidgeCov,0.1357431858778,0.0
864,RidgeCov,0.15163028240203857,TargetRidge,0.6297597289085388,0.47812944650650024,RidgeCov,0.15163028240203857,0.0
865,RidgeCov,0.14497686922550201,TargetRidge,0.8369229435920715,0.6919460892677307,RidgeCov,0.14497686922550201,0.0
866,RidgeCov,0.1439676731824875,TargetRidge,0.7371838688850403,0.5932161808013916,RidgeCov,0.1439676731824875,0.0
867,RidgeCov,0.1391655057668686,TargetRidge,0.7528843283653259,0.6137188076972961,RidgeCov,0.1391655057668686,0.0
868,RidgeCov,0.12723509967327118,TargetRidge,0.8967950940132141,0.7695599794387817,RidgeCov,0.12723509967327118,0.0
869,RidgeCov,0.1446935385465622,TargetRidge,0.5407061576843262,0.3960126042366028,RidgeCov,0.1446935385465622,0.0
870,RidgeCov,0.1520514339208603,TargetRidge,0.6124444603919983,0.4603930115699768,RidgeCov,0.1520514339208603,0.0
871,RidgeCov,0.18315184116363525,TargetRidge,0.6367652416229248,0.45361340045928955,RidgeCov,0.18315184116363525,0.0
872,RidgeCov,0.1807367205619812,TargetRidge,0.5322597026824951,0.3515229821205139,RidgeCov,0.1807367205619812,0.0
873,RidgeCov,0.18858323991298676,TargetRidge,0.6886329650878906,0.5000497102737427,RidgeCov,0.18858323991298676,0.0
874,RidgeCov,0.1742963343858719,TargetRidge,0.5674583315849304,0.3931620121002197,RidgeCov,0.1742963343858719,0.0
875,RidgeCov,0.1748807430267334,TargetRidge,0.5229038596153259,0.34802311658859253,RidgeCov,0.1748807430267334,0.0
876,RidgeCov,0.16545015573501587,TargetRidge,0.4325038492679596,0.2670536935329437,RidgeCov,0.16545015573501587,0.0
877,RidgeCov,0.19551078975200653,TargetRidge,0.4896966516971588,0.2941858768463135,RidgeCov,0.19551078975200653,0.0
878,RidgeCov,0.25220048427581787,TargetRidge,0.44929566979408264,0.19709518551826477,RidgeCov,0.25220048427581787,0.0
879,RidgeCov,0.2537769377231598,TargetRidge,0.5079121589660645,0.25413522124290466,RidgeCov,0.2537769377231598,0.0
880,RidgeCov,0.24947041273117065,TargetRidge,0.5233741998672485,0.2739037871360779,RidgeCov,0.24947041273117065,0.0
881,RidgeCov,0.2264011651277542,TargetRidge,0.48851069808006287,0.26210951805114746,RidgeCov,0.2264011651277542,0.0
882,RidgeCov,0.24639169871807098,TargetRidge,0.5278550386428833,0.2814633250236511,RidgeCov,0.24639169871807098,0.0
883,RidgeCov,0.24319501221179962,TargetRidge,0.6134019494056702,0.37020695209503174,RidgeCov,0.24319501221179962,0.0
884,RidgeCov,0.24702738225460052,TargetRidge,0.6228588819503784,0.3758314847946167,RidgeCov,0.24702738225460052,0.0
885,RidgeCov,0.25529295206069946,TargetRidge,0.645111083984375,0.38981813192367554,RidgeCov,0.25529295206069946,0.0
886,RidgeCov,0.2517828047275543,TargetRidge,0.6324542164802551,0.3806714117527008,RidgeCov,0.2517828047275543,0.0
887,RidgeCov,0.1881972700357437,TargetRidge,0.7055912017822266,0.517393946647644,RidgeCov,0.1881972700357437,0.0
888,RidgeCov,0.2440488487482071,TargetRidge,0.6370193362236023,0.3929705023765564,RidgeCov,0.2440488487482071,0.0
889,RidgeCov,0.24894630908966064,TargetRidge,0.6556330919265747,0.40668678283691406,RidgeCov,0.24894630908966064,0.0
890,RidgeCov,0.27135393023490906,TargetRidge,0.650627076625824,0.3792731463909149,RidgeCov,0.27135393023490906,0.0
891,RidgeCov,0.23931312561035156,TargetRidge,0.6967167854309082,0.45740365982055664,RidgeCov,0.23931312561035156,0.0
892,RidgeCov,0.2111912965774536,TargetRidge,0.7422943711280823,0.5311030745506287,RidgeCov,0.2111912965774536,0.0
893,RidgeCov,0.30235007405281067,TargetRidge,0.7368896007537842,0.4345395267009735,RidgeCov,0.30235007405281067,0.0
894,RidgeCov,0.24532556533813477,TargetRidge,0.7386693954467773,0.4933438301086426,RidgeCov,0.24532556533813477,0.0
895,RidgeCov,0.24818865954875946,TargetRidge,0.7972293496131897,0.549040675163269,RidgeCov,0.24818865954875946,0.0
896,RidgeCov,0.23053760826587677,TargetRidge,0.8618412613868713,0.6313036680221558,RidgeCov,0.23053760826587677,0.0
897,RidgeCov,0.34529995918273926,TargetRidge,0.7741449475288391,0.42884498834609985,RidgeCov,0.34529995918273926,0.0
898,RidgeCov,0.360614538192749,TargetRidge,0.8561789393424988,0.49556440114974976,RidgeCov,0.360614538192749,0.0
899,RidgeCov,0.3789900541305542,TargetRidge,1.044372320175171,0.6653822660446167,RidgeCov,0.3789900541305542,0.0
900,RidgeCov,0.3479538857936859,TargetRidge,0.9144077301025391,0.5664538145065308,RidgeCov,0.3479538857936859,0.0
901,RidgeCov,0.3781364858150482,TargetRidge,0.9369897246360779,0.558853268623352,RidgeCov,0.3781364858150482,0.0
902,RidgeCov,0.3564794957637787,TargetRidge,1.012841820716858,0.6563622951507568,RidgeCov,0.3564794957637787,0.0
903,RidgeCov,0.4485693871974945,TargetRidge,0.9007008671760559,0.4521314799785614,RidgeCov,0.4485693871974945,0.0
904,RidgeCov,0.41173532605171204,TargetRidge,1.049991250038147,0.6382559537887573,RidgeCov,0.41173532605171204,0.0
905,RidgeCov,0.37544170022010803,TargetRidge,0.9060593247413635,0.5306175947189331,RidgeCov,0.37544170022010803,0.0
906,RidgeCov,0.31323161721229553,TargetRidge,0.9515038132667542,0.6382721662521362,RidgeCov,0.31323161721229553,0.0
907,RidgeCov,0.37664496898651123,TargetRidge,0.852584183216095,0.47593921422958374,RidgeCov,0.37664496898651123,0.0
908,RidgeCov,0.36576047539711,TargetRidge,0.8519449234008789,0.4861844480037689,RidgeCov,0.36576047539711,0.0
909,RidgeCov,0.4223073422908783,TargetRidge,0.7944574952125549,0.37215015292167664,RidgeCov,0.4223073422908783,0.0
910,RidgeCov,0.364054411649704,TargetRidge,0.7587375044822693,0.3946830928325653,RidgeCov,0.364054411649704,0.0
911,RidgeCov,0.45488497614860535,TargetRidge,0.7056301236152649,0.25074514746665955,RidgeCov,0.45488497614860535,0.0
912,RidgeCov,0.4415699541568756,TargetRidge,0.8569305539131165,0.41536059975624084,RidgeCov,0.4415699541568756,0.0
913,RidgeCov,0.44000935554504395,TargetRidge,0.9505267143249512,0.5105173587799072,RidgeCov,0.44000935554504395,0.0
914,RidgeCov,0.401141494512558,TargetRidge,0.8232322335243225,0.4220907390117645,RidgeCov,0.401141494512558,0.0
915,RidgeCov,0.3715810775756836,TargetRidge,0.7334958910942078,0.36191481351852417,RidgeCov,0.3715810775756836,0.0
916,RidgeCov,0.3249301016330719,TargetRidge,0.6180296540260315,0.2930995523929596,RidgeCov,0.3249301016330719,0.0
917,RidgeCov,0.3489190340042114,TargetRidge,0.6511581540107727,0.3022391200065613,RidgeCov,0.3489190340042114,0.0
918,RidgeCov,0.33101674914360046,TargetRidge,0.6097413897514343,0.27872464060783386,RidgeCov,0.33101674914360046,0.0
919,RidgeCov,0.3927857577800751,TargetRidge,0.6409139633178711,0.24812820553779602,RidgeCov,0.3927857577800751,0.0
920,RidgeCov,0.35313281416893005,TargetRidge,0.5431854724884033,0.19005265831947327,RidgeCov,0.35313281416893005,0.0
921,RidgeCov,0.3909696042537689,TargetRidge,0.7408161759376526,0.34984657168388367,RidgeCov,0.3909696042537689,0.0
922,RidgeCov,0.387707382440567,TargetRidge,0.6885542869567871,0.3008469045162201,RidgeCov,0.387707382440567,0.0
923,RidgeCov,0.33722829818725586,TargetRidge,0.632672131061554,0.2954438328742981,RidgeCov,0.33722829818725586,0.0
924,RidgeCov,0.3357108533382416,TargetRidge,0.50996333360672,0.1742524802684784,RidgeCov,0.3357108533382416,0.0
925,RidgeCov,0.3281297981739044,TargetRidge,0.7322317957878113,0.40410199761390686,RidgeCov,0.3281297981739044,0.0
926,RidgeCov,0.2953387498855591,TargetRidge,0.6000933051109314,0.3047545552253723,RidgeCov,0.2953387498855591,0.0
927,RidgeCov,0.3564244210720062,TargetRidge,0.6601005792617798,0.30367615818977356,RidgeCov,0.3564244210720062,0.0
928,RidgeCov,0.28877022862434387,TargetRidge,0.7487737536430359,0.460003525018692,RidgeCov,0.28877022862434387,0.0
929,RidgeCov,0.41781386733055115,TargetRidge,0.5588988661766052,0.14108499884605408,RidgeCov,0.41781386733055115,0.0
930,RidgeCov,0.35593315958976746,TargetRidge,0.693065345287323,0.33713218569755554,RidgeCov,0.35593315958976746,0.0
931,RidgeCov,0.4219795763492584,TargetRidge,0.5016785264015198,0.07969895005226135,RidgeCov,0.4219795763492584,0.0
932,RidgeCov,0.37118661403656006,TargetRidge,0.6381161212921143,0.2669295072555542,RidgeCov,0.37118661403656006,0.0
933,RidgeCov,0.391887903213501,TargetRidge,0.5386685132980347,0.1467806100845337,RidgeCov,0.391887903213501,0.0
934,RidgeCov,0.3978783190250397,TargetRidge,0.5102909207344055,0.11241260170936584,RidgeCov,0.3978783190250397,0.0
935,RidgeCov,0.34782421588897705,TargetRidge,0.5574722290039062,0.2096480131149292,RidgeCov,0.34782421588897705,0.0
936,RidgeCov,0.3802362382411957,TargetRidge,0.5381625890731812,0.15792635083198547,RidgeCov,0.3802362382411957,0.0
937,RidgeCov,0.41474249958992004,TargetRidge,0.5768806338310242,0.16213813424110413,RidgeCov,0.41474249958992004,0.0
938,RidgeCov,0.3508521020412445,TargetRidge,0.5093045234680176,0.15845242142677307,RidgeCov,0.3508521020412445,0.0
939,RidgeCov,0.35998237133026123,TargetRidge,0.5553655028343201,0.19538313150405884,RidgeCov,0.35998237133026123,0.0
940,RidgeCov,0.3569861352443695,TargetRidge,0.5387716293334961,0.1817854940891266,RidgeCov,0.3569861352443695,0.0
941,RidgeCov,0.3838525712490082,TargetRidge,0.49569615721702576,0.11184358596801758,RidgeCov,0.3838525712490082,0.0
942,RidgeCov,0.32334932684898376,TargetRidge,0.5585198998451233,0.23517057299613953,RidgeCov,0.32334932684898376,0.0
943,RidgeCov,0.3455056846141815,TargetRidge,0.6294984817504883,0.28399279713630676,RidgeCov,0.3455056846141815,0.0
944,RidgeCov,0.3389049470424652,TargetRidge,0.5539581179618835,0.21505317091941833,RidgeCov,0.3389049470424652,0.0
945,RidgeCov,0.2932133972644806,TargetRidge,0.5257993936538696,0.23258599638938904,RidgeCov,0.2932133972644806,0.0
946,RidgeCov,0.30558034777641296,TargetRidge,0.5168663859367371,0.2112860381603241,RidgeCov,0.30558034777641296,0.0
947,RidgeCov,0.3324982821941376,TargetRidge,0.6328122019767761,0.30031391978263855,RidgeCov,0.3324982821941376,0.0
948,RidgeCov,0.3442295789718628,TargetRidge,0.5479136109352112,0.2036840319633484,RidgeCov,0.3442295789718628,0.0
949,RidgeCov,0.3316151201725006,TargetRidge,0.5054448246955872,0.17382970452308655,RidgeCov,0.3316151201725006,0.0
950,RidgeCov,0.34481850266456604,TargetRidge,0.5168209075927734,0.1720024049282074,RidgeCov,0.34481850266456604,0.0
951,RidgeCov,0.29780519008636475,TargetRidge,0.4988377094268799,0.20103251934051514,RidgeCov,0.29780519008636475,0.0
952,RidgeCov,0.3702826201915741,TargetRidge,0.49249741435050964,0.12221479415893555,RidgeCov,0.3702826201915741,0.0
953,RidgeCov,0.40119028091430664,TargetRidge,0.49630072712898254,0.0951104462146759,RidgeCov,0.40119028091430664,0.0
954,RidgeCov,0.421273797750473,TargetRidge,0.46606799960136414,0.04479420185089111,RidgeCov,0.421273797750473,0.0
955,RidgeCov,0.38856831192970276,TargetRidge,0.48885592818260193,0.10028761625289917,RidgeCov,0.38856831192970276,0.0
956,RidgeCov,0.41410398483276367,TargetRidge,0.4634372293949127,0.04933324456214905,RidgeCov,0.41410398483276367,0.0
957,RidgeCov,0.4221733808517456,TargetRidge,0.4557923376560211,0.03361895680427551,RidgeCov,0.4221733808517456,0.0
958,RidgeCov,0.3755662441253662,TargetRidge,0.4512111246585846,0.07564488053321838,RidgeCov,0.3755662441253662,0.0
959,RidgeCov,0.3696136474609375,TargetRidge,0.45823168754577637,0.08861804008483887,RidgeCov,0.3696136474609375,0.0
960,RidgeCov,0.33221888542175293,TargetRidge,0.4483521282672882,0.11613324284553528,RidgeCov,0.33221888542175293,0.0
961,RidgeCov,0.36903271079063416,TargetRidge,0.4334358274936676,0.06440311670303345,RidgeCov,0.36903271079063416,0.0
962,RidgeCov,0.3373846113681793,TargetRidge,0.4343918561935425,0.09700724482536316,RidgeCov,0.3373846113681793,0.0
963,RidgeCov,0.38167861104011536,TargetRidge,0.4334660470485687,0.05178743600845337,RidgeCov,0.38167861104011536,0.0
964,RidgeCov,0.3426147997379303,TargetRidge,0.4271446764469147,0.08452987670898438,RidgeCov,0.3426147997379303,0.0
965,RidgeCov,0.3866417109966278,TargetRidge,0.42019951343536377,0.03355780243873596,RidgeCov,0.3866417109966278,0.0
966,RidgeCov,0.35210880637168884,TargetRidge,0.41347193717956543,0.06136313080787659,RidgeCov,0.35210880637168884,0.0
967,RidgeCov,0.3583785593509674,TargetRidge,0.4214904308319092,0.06311187148094177,RidgeCov,0.3583785593509674,0.0
968,RidgeCov,0.3750670850276947,TargetRidge,0.4055706560611725,0.030503571033477783,RidgeCov,0.3750670850276947,0.0
969,RidgeCov,0.33162763714790344,TargetRidge,0.3952800929546356,0.06365245580673218,RidgeCov,0.33162763714790344,0.0
970,RidgeCov,0.3750380575656891,TargetRidge,0.40940001606941223,0.034361958503723145,RidgeCov,0.3750380575656891,0.0
971,RidgeCov,0.39681074023246765,TargetRidge,0.39747199416160583,0.0006612539291381836,RidgeCov,0.39681074023246765,0.0
972,TargetRidge,0.3828772008419037,RidgeCov,0.42352747917175293,0.04065027832984924,RidgeCov,0.42352747917175293,0.04065027832984924
973,TargetRidge,0.4046454429626465,RidgeCov,0.4143846333026886,0.009739190340042114,RidgeCov,0.4143846333026886,0.009739190340042114
974,RidgeCov,0.3808459937572479,TargetRidge,0.4032435715198517,0.02239757776260376,RidgeCov,0.3808459937572479,0.0
975,TargetRidge,0.38585686683654785,RidgeCov,0.425863116979599,0.04000625014305115,RidgeCov,0.425863116979599,0.04000625014305115
976,RidgeCov,0.3792264759540558,TargetRidge,0.3798734247684479,0.0006469488143920898,RidgeCov,0.3792264759540558,0.0
977,TargetRidge,0.37788155674934387,RidgeCov,0.4038102328777313,0.02592867612838745,RidgeCov,0.4038102328777313,0.02592867612838745
978,RidgeCov,0.3833397328853607,TargetRidge,0.3962990343570709,0.012959301471710205,RidgeCov,0.3833397328853607,0.0
979,RidgeCov,0.3773621618747711,TargetRidge,0.3857601583003998,0.008397996425628662,RidgeCov,0.3773621618747711,0.0
980,TargetRidge,0.38810232281684875,RidgeCov,0.42259344458580017,0.034491121768951416,RidgeCov,0.42259344458580017,0.034491121768951416
981,TargetRidge,0.38304126262664795,RidgeCov,0.4237420856952667,0.040700823068618774,RidgeCov,0.4237420856952667,0.040700823068618774
982,TargetRidge,0.39466893672943115,RidgeCov,0.3961172103881836,0.0014482736587524414,RidgeCov,0.3961172103881836,0.0014482736587524414
983,RidgeCov,0.39161720871925354,TargetRidge,0.4011255204677582,0.009508311748504639,RidgeCov,0.39161720871925354,0.0
984,TargetRidge,0.39056265354156494,RidgeCov,0.4056217670440674,0.015059113502502441,RidgeCov,0.4056217670440674,0.015059113502502441
985,RidgeCov,0.38955235481262207,TargetRidge,0.41247615218162537,0.022923797369003296,RidgeCov,0.38955235481262207,0.0
986,RidgeCov,0.38531288504600525,TargetRidge,0.4039487838745117,0.01863589882850647,RidgeCov,0.38531288504600525,0.0
987,RidgeCov,0.357662558555603,TargetRidge,0.40159907937049866,0.04393652081489563,RidgeCov,0.357662558555603,0.0
988,RidgeCov,0.38873645663261414,TargetRidge,0.41671523451805115,0.02797877788543701,RidgeCov,0.38873645663261414,0.0
989,RidgeCov,0.3630185127258301,TargetRidge,0.4234825074672699,0.06046399474143982,RidgeCov,0.3630185127258301,0.0
990,RidgeCov,0.3889549672603607,TargetRidge,0.4280681610107422,0.03911319375038147,RidgeCov,0.3889549672603607,0.0
991,RidgeCov,0.37059393525123596,TargetRidge,0.43488192558288574,0.06428799033164978,RidgeCov,0.37059393525123596,0.0
992,RidgeCov,0.3905481994152069,TargetRidge,0.44170987606048584,0.05116167664527893,RidgeCov,0.3905481994152069,0.0
993,RidgeCov,0.3858323097229004,TargetRidge,0.447643905878067,0.061811596155166626,RidgeCov,0.3858323097229004,0.0
994,RidgeCov,0.38264575600624084,TargetRidge,0.4682289659976959,0.08558320999145508,RidgeCov,0.38264575600624084,0.0
995,RidgeCov,0.3968488276004791,TargetRidge,0.49313101172447205,0.09628218412399292,RidgeCov,0.3968488276004791,0.0
996,RidgeCov,0.40563786029815674,TargetRidge,0.5167291760444641,0.11109131574630737,RidgeCov,0.40563786029815674,0.0
997,RidgeCov,0.4032972753047943,TargetRidge,0.5430400967597961,0.13974282145500183,RidgeCov,0.4032972753047943,0.0
998,RidgeCov,0.41691574454307556,TargetRidge,0.5876553058624268,0.1707395613193512,RidgeCov,0.41691574454307556,0.0
999,RidgeCov,0.4329606592655182,TargetRidge,0.6071832180023193,0.17422255873680115,RidgeCov,0.4329606592655182,0.0
1000,RidgeCov,0.41376152634620667,TargetRidge,0.6136570572853088,0.19989553093910217,RidgeCov,0.41376152634620667,0.0
1001,RidgeCov,0.4322383403778076,TargetRidge,0.6246504187583923,0.19241207838058472,RidgeCov,0.4322383403778076,0.0
1002,RidgeCov,0.41646742820739746,TargetRidge,0.6335734724998474,0.21710604429244995,RidgeCov,0.41646742820739746,0.0
1003,RidgeCov,0.45185327529907227,TargetRidge,0.6346880793571472,0.18283480405807495,RidgeCov,0.45185327529907227,0.0
1004,RidgeCov,0.4454868733882904,TargetRidge,0.6353477835655212,0.18986091017723083,RidgeCov,0.4454868733882904,0.0
1005,RidgeCov,0.47609981894493103,TargetRidge,0.635410726070404,0.15931090712547302,RidgeCov,0.47609981894493103,0.0
1006,RidgeCov,0.4960656464099884,TargetRidge,0.6343299746513367,0.13826432824134827,RidgeCov,0.4960656464099884,0.0
1007,RidgeCov,0.5039332509040833,TargetRidge,0.6316128373146057,0.12767958641052246,RidgeCov,0.5039332509040833,0.0
1008,RidgeCov,0.5602760910987854,TargetRidge,0.632023274898529,0.07174718379974365,RidgeCov,0.5602760910987854,0.0
1009,RidgeCov,0.5582494735717773,TargetRidge,0.6308323740959167,0.0725829005241394,RidgeCov,0.5582494735717773,0.0
1010,RidgeCov,0.5718395113945007,TargetRidge,0.6290523409843445,0.05721282958984375,RidgeCov,0.5718395113945007,0.0
1011,RidgeCov,0.5725926756858826,TargetRidge,0.6260647773742676,0.05347210168838501,RidgeCov,0.5725926756858826,0.0
1012,RidgeCov,0.5859604477882385,TargetRidge,0.6215652823448181,0.03560483455657959,RidgeCov,0.5859604477882385,0.0
1013,RidgeCov,0.6001681685447693,TargetRidge,0.6164980530738831,0.01632988452911377,RidgeCov,0.6001681685447693,0.0
1014,RidgeCov,0.5791361331939697,TargetRidge,0.6131697297096252,0.03403359651565552,RidgeCov,0.5791361331939697,0.0
1015,RidgeCov,0.5699954628944397,TargetRidge,0.608706533908844,0.0387110710144043,RidgeCov,0.5699954628944397,0.0
1016,TargetRidge,0.6023420095443726,RidgeCov,0.6211709380149841,0.018828928470611572,RidgeCov,0.6211709380149841,0.018828928470611572
1017,TargetRidge,0.5983332991600037,RidgeCov,0.6013880372047424,0.0030547380447387695,RidgeCov,0.6013880372047424,0.0030547380447387695
1018,TargetRidge,0.5920923352241516,RidgeCov,0.6428800225257874,0.05078768730163574,RidgeCov,0.6428800225257874,0.05078768730163574
1019,TargetRidge,0.5838426351547241,RidgeCov,0.6380637288093567,0.05422109365463257,RidgeCov,0.6380637288093567,0.05422109365463257
1020,TargetRidge,0.5800204873085022,RidgeCov,0.6493247151374817,0.06930422782897949,RidgeCov,0.6493247151374817,0.06930422782897949
1021,TargetRidge,0.5693135261535645,RidgeCov,0.6352303624153137,0.06591683626174927,RidgeCov,0.6352303624153137,0.06591683626174927
1022,TargetRidge,0.561939001083374,RidgeCov,0.6706896424293518,0.10875064134597778,RidgeCov,0.6706896424293518,0.10875064134597778
1023,TargetRidge,0.5522937178611755,RidgeCov,0.6678915619850159,0.11559784412384033,RidgeCov,0.6678915619850159,0.11559784412384033
1024,TargetRidge,0.5406188368797302,RidgeCov,0.6673476099967957,0.12672877311706543,RidgeCov,0.6673476099967957,0.12672877311706543
1025,TargetRidge,0.5324087738990784,RidgeCov,0.7041044235229492,0.17169564962387085,RidgeCov,0.7041044235229492,0.17169564962387085
1026,TargetRidge,0.5207300186157227,RidgeCov,0.70442795753479,0.18369793891906738,RidgeCov,0.70442795753479,0.18369793891906738
1027,TargetRidge,0.5118608474731445,RidgeCov,0.7073504328727722,0.19548958539962769,RidgeCov,0.7073504328727722,0.19548958539962769
1028,TargetRidge,0.5009641051292419,RidgeCov,0.6961209774017334,0.19515687227249146,RidgeCov,0.6961209774017334,0.19515687227249146
1029,TargetRidge,0.49213090538978577,RidgeCov,0.6861152648925781,0.19398435950279236,RidgeCov,0.6861152648925781,0.19398435950279236
1030,TargetRidge,0.48399779200553894,RidgeCov,0.6865013241767883,0.2025035321712494,RidgeCov,0.6865013241767883,0.2025035321712494
1031,TargetRidge,0.474031001329422,RidgeCov,0.6841270327568054,0.21009603142738342,RidgeCov,0.6841270327568054,0.21009603142738342
1032,TargetRidge,0.4657227098941803,RidgeCov,0.7029587626457214,0.23723605275154114,RidgeCov,0.7029587626457214,0.23723605275154114
1033,TargetRidge,0.45604968070983887,RidgeCov,0.7115233540534973,0.25547367334365845,RidgeCov,0.7115233540534973,0.25547367334365845
1034,TargetRidge,0.44897282123565674,RidgeCov,0.6938135027885437,0.24484068155288696,RidgeCov,0.6938135027885437,0.24484068155288696
1035,TargetRidge,0.4408248960971832,RidgeCov,0.7204799652099609,0.2796550691127777,RidgeCov,0.7204799652099609,0.2796550691127777
1036,TargetRidge,0.4415213167667389,RidgeCov,0.6251439452171326,0.18362262845039368,RidgeCov,0.6251439452171326,0.18362262845039368
1037,TargetRidge,0.4315871000289917,RidgeCov,0.6421305537223816,0.2105434536933899,RidgeCov,0.6421305537223816,0.2105434536933899
1038,TargetRidge,0.4331552982330322,RidgeCov,0.5374489426612854,0.10429364442825317,RidgeCov,0.5374489426612854,0.10429364442825317
1039,TargetRidge,0.40712055563926697,RidgeCov,0.560391366481781,0.15327081084251404,RidgeCov,0.560391366481781,0.15327081084251404
1040,TargetRidge,0.39916324615478516,RidgeCov,0.5847383141517639,0.18557506799697876,RidgeCov,0.5847383141517639,0.18557506799697876
1041,TargetRidge,0.3937174379825592,RidgeCov,0.5853617787361145,0.1916443407535553,RidgeCov,0.5853617787361145,0.1916443407535553
1042,TargetRidge,0.3917143642902374,RidgeCov,0.5855331420898438,0.19381877779960632,RidgeCov,0.5855331420898438,0.19381877779960632
1043,TargetRidge,0.3846922814846039,RidgeCov,0.5790560841560364,0.1943638026714325,RidgeCov,0.5790560841560364,0.1943638026714325
1044,TargetRidge,0.39317581057548523,RidgeCov,0.6109049320220947,0.2177291214466095,RidgeCov,0.6109049320220947,0.2177291214466095
1045,TargetRidge,0.3797008991241455,RidgeCov,0.6227123141288757,0.24301141500473022,RidgeCov,0.6227123141288757,0.24301141500473022
1046,TargetRidge,0.40134599804878235,RidgeCov,0.676762044429779,0.2754160463809967,RidgeCov,0.676762044429779,0.2754160463809967
1047,TargetRidge,0.43835172057151794,RidgeCov,0.6428161263465881,0.2044644057750702,RidgeCov,0.6428161263465881,0.2044644057750702
1048,TargetRidge,0.4114800989627838,RidgeCov,0.5839040279388428,0.17242392897605896,RidgeCov,0.5839040279388428,0.17242392897605896
1049,TargetRidge,0.4250757396221161,RidgeCov,0.5355837941169739,0.11050805449485779,RidgeCov,0.5355837941169739,0.11050805449485779
1050,TargetRidge,0.4633447229862213,RidgeCov,0.524890661239624,0.06154593825340271,RidgeCov,0.524890661239624,0.06154593825340271
1051,TargetRidge,0.4370920658111572,RidgeCov,0.5172140598297119,0.08012199401855469,RidgeCov,0.5172140598297119,0.08012199401855469
1052,TargetRidge,0.4390575885772705,RidgeCov,0.5552847385406494,0.1162271499633789,RidgeCov,0.5552847385406494,0.1162271499633789
1053,TargetRidge,0.4636923372745514,RidgeCov,0.5410242676734924,0.07733193039894104,RidgeCov,0.5410242676734924,0.07733193039894104
1054,TargetRidge,0.4697200357913971,RidgeCov,0.5351312756538391,0.06541123986244202,RidgeCov,0.5351312756538391,0.06541123986244202
1055,TargetRidge,0.4923124313354492,RidgeCov,0.5188549757003784,0.0265425443649292,RidgeCov,0.5188549757003784,0.0265425443649292
1056,RidgeCov,0.4391312897205353,TargetRidge,0.5044687986373901,0.06533750891685486,RidgeCov,0.4391312897205353,0.0
1057,RidgeCov,0.4257253110408783,TargetRidge,0.6097719073295593,0.18404659628868103,RidgeCov,0.4257253110408783,0.0
1058,RidgeCov,0.3902393579483032,TargetRidge,0.547678530216217,0.15743917226791382,RidgeCov,0.3902393579483032,0.0
1059,RidgeCov,0.35284900665283203,TargetRidge,0.6138138175010681,0.2609648108482361,RidgeCov,0.35284900665283203,0.0
1060,RidgeCov,0.27913710474967957,TargetRidge,0.6941528916358948,0.4150157868862152,RidgeCov,0.27913710474967957,0.0
1061,RidgeCov,0.2872087061405182,MeanRevertSlow,0.8261658549308777,0.5389571189880371,RidgeCov,0.2872087061405182,0.0
1062,RidgeCov,0.3299073874950409,TargetRidge,0.809281051158905,0.47937366366386414,RidgeCov,0.3299073874950409,0.0
1063,RidgeCov,0.40576568245887756,TargetRidge,0.7474790215492249,0.3417133390903473,RidgeCov,0.40576568245887756,0.0
1064,RidgeCov,0.43815159797668457,TargetRidge,0.649649441242218,0.21149784326553345,RidgeCov,0.43815159797668457,0.0
1065,RidgeCov,0.41719087958335876,EWMFast,0.731185257434845,0.3139943778514862,RidgeCov,0.41719087958335876,0.0
1066,RidgeCov,0.3963536322116852,TargetRidge,0.6995498538017273,0.3031962215900421,RidgeCov,0.3963536322116852,0.0
1067,RidgeCov,0.3406473398208618,EWMFast,0.7416567802429199,0.4010094404220581,RidgeCov,0.3406473398208618,0.0
1068,RidgeCov,0.3864189088344574,TargetRidge,0.7086313366889954,0.32221242785453796,RidgeCov,0.3864189088344574,0.0
1069,RidgeCov,0.3553861677646637,EWMFast,0.8093079924583435,0.4539218246936798,RidgeCov,0.3553861677646637,0.0
1070,RidgeCov,0.32757195830345154,ZeroPred,0.8740549683570862,0.546483039855957,RidgeCov,0.32757195830345154,0.0
1071,RidgeCov,0.3842831552028656,MeanRevertSlow,0.7968459725379944,0.4125628173351288,RidgeCov,0.3842831552028656,0.0
1072,RidgeCov,0.3123701810836792,ZeroPred,0.8525918126106262,0.540221631526947,RidgeCov,0.3123701810836792,0.0
1073,RidgeCov,0.32363805174827576,ZeroPred,0.8413181304931641,0.5176800489425659,RidgeCov,0.32363805174827576,0.0
1074,RidgeCov,0.2989788055419922,MeanRevertSlow,0.8081452250480652,0.509166419506073,RidgeCov,0.2989788055419922,0.0
1075,RidgeCov,0.35271796584129333,ZeroPred,0.8363315463066101,0.4836135804653168,RidgeCov,0.35271796584129333,0.0
1076,RidgeCov,0.3353457450866699,TargetRidge,0.8152432441711426,0.47989749908447266,RidgeCov,0.3353457450866699,0.0
1077,RidgeCov,0.31746241450309753,TargetRidge,0.46109485626220703,0.1436324417591095,RidgeCov,0.31746241450309753,0.0
1078,RidgeCov,0.29711341857910156,TargetRidge,0.4227232038974762,0.12560978531837463,RidgeCov,0.29711341857910156,0.0
1079,RidgeCov,0.27170583605766296,TargetRidge,0.5066630244255066,0.23495718836784363,RidgeCov,0.27170583605766296,0.0
1080,RidgeCov,0.3237150013446808,TargetRidge,0.4564725458621979,0.1327575445175171,RidgeCov,0.3237150013446808,0.0
1081,RidgeCov,0.30436381697654724,TargetRidge,0.6403921246528625,0.3360283076763153,RidgeCov,0.30436381697654724,0.0
1082,RidgeCov,0.2610895335674286,TargetRidge,0.45063459873199463,0.18954506516456604,RidgeCov,0.2610895335674286,0.0
1083,RidgeCov,0.26662614941596985,TargetRidge,0.422177791595459,0.15555164217948914,RidgeCov,0.26662614941596985,0.0
1084,RidgeCov,0.2682933509349823,TargetRidge,0.3744424879550934,0.10614913702011108,RidgeCov,0.2682933509349823,0.0
1085,RidgeCov,0.2229018658399582,TargetRidge,0.5495672225952148,0.32666534185409546,RidgeCov,0.2229018658399582,0.0
1086,TargetRidge,0.26476651430130005,RidgeCov,0.3173538148403168,0.052587300539016724,RidgeCov,0.3173538148403168,0.052587300539016724
1087,RidgeCov,0.27605077624320984,TargetRidge,0.3280642330646515,0.05201345682144165,RidgeCov,0.27605077624320984,0.0
1088,RidgeCov,0.2488773912191391,TargetRidge,0.2532167434692383,0.004339352250099182,RidgeCov,0.2488773912191391,0.0
1089,RidgeCov,0.2527587115764618,TargetRidge,0.25722622871398926,0.004467517137527466,RidgeCov,0.2527587115764618,0.0
1090,TargetRidge,0.2430688589811325,RidgeCov,0.2594350278377533,0.01636616885662079,RidgeCov,0.2594350278377533,0.01636616885662079
1091,RidgeCov,0.23117446899414062,TargetRidge,0.3259114921092987,0.09473702311515808,RidgeCov,0.23117446899414062,0.0
1092,RidgeCov,0.1948368102312088,TargetRidge,0.2323436737060547,0.037506863474845886,RidgeCov,0.1948368102312088,0.0
1093,TargetRidge,0.23883873224258423,RidgeCov,0.24933762848377228,0.01049889624118805,RidgeCov,0.24933762848377228,0.01049889624118805
1094,RidgeCov,0.20114503800868988,TargetRidge,0.24705536663532257,0.04591032862663269,RidgeCov,0.20114503800868988,0.0
1095,TargetRidge,0.2158527374267578,RidgeCov,0.25794321298599243,0.04209047555923462,RidgeCov,0.25794321298599243,0.04209047555923462
1096,TargetRidge,0.22854387760162354,RidgeCov,0.263049453496933,0.03450557589530945,RidgeCov,0.263049453496933,0.03450557589530945
1097,TargetRidge,0.22312073409557343,RidgeCov,0.2634061276912689,0.040285393595695496,RidgeCov,0.2634061276912689,0.040285393595695496
1098,TargetRidge,0.23354466259479523,RidgeCov,0.2417348176240921,0.008190155029296875,RidgeCov,0.2417348176240921,0.008190155029296875
1099,TargetRidge,0.23037154972553253,RidgeCov,0.23398667573928833,0.0036151260137557983,RidgeCov,0.23398667573928833,0.0036151260137557983
1100,RidgeCov,0.2067800909280777,TargetRidge,0.23703956604003906,0.030259475111961365,RidgeCov,0.2067800909280777,0.0
1101,RidgeCov,0.22413839399814606,TargetRidge,0.24035750329494476,0.016219109296798706,RidgeCov,0.22413839399814606,0.0
1102,RidgeCov,0.21596170961856842,TargetRidge,0.2886348068714142,0.07267309725284576,RidgeCov,0.21596170961856842,0.0
1103,RidgeCov,0.23197396099567413,TargetRidge,0.2588033676147461,0.02682940661907196,RidgeCov,0.23197396099567413,0.0
1104,RidgeCov,0.22041893005371094,TargetRidge,0.27387645840644836,0.05345752835273743,RidgeCov,0.22041893005371094,0.0
1105,RidgeCov,0.2617763578891754,TargetRidge,0.31968167424201965,0.05790531635284424,RidgeCov,0.2617763578891754,0.0
1106,RidgeCov,0.21758241951465607,TargetRidge,0.2888213098049164,0.07123889029026031,RidgeCov,0.21758241951465607,0.0
1107,RidgeCov,0.2542763650417328,TargetRidge,0.3531581163406372,0.09888175129890442,RidgeCov,0.2542763650417328,0.0
1108,RidgeCov,0.24021704494953156,TargetRidge,0.4329836368560791,0.19276659190654755,RidgeCov,0.24021704494953156,0.0
1109,RidgeCov,0.24220161139965057,TargetRidge,0.42446932196617126,0.1822677105665207,RidgeCov,0.24220161139965057,0.0
1110,RidgeCov,0.23287558555603027,TargetRidge,0.38200613856315613,0.14913055300712585,RidgeCov,0.23287558555603027,0.0
1111,RidgeCov,0.24576759338378906,TargetRidge,0.40508022904396057,0.1593126356601715,RidgeCov,0.24576759338378906,0.0
1112,RidgeCov,0.21907739341259003,TargetRidge,0.4670144021511078,0.24793700873851776,RidgeCov,0.21907739341259003,0.0
1113,RidgeCov,0.22472171485424042,TargetRidge,0.5713984966278076,0.346676766872406,RidgeCov,0.22472171485424042,0.0
1114,RidgeCov,0.23701101541519165,TargetRidge,0.47928908467292786,0.2422780692577362,RidgeCov,0.23701101541519165,0.0
1115,RidgeCov,0.2430245727300644,TargetRidge,0.5766342282295227,0.3336096405982971,RidgeCov,0.2430245727300644,0.0
1116,RidgeCov,0.21304291486740112,TargetRidge,0.4970022737979889,0.28395935893058777,RidgeCov,0.21304291486740112,0.0
1117,RidgeCov,0.22503505647182465,TargetRidge,0.6574262976646423,0.4323912262916565,RidgeCov,0.22503505647182465,0.0
1118,RidgeCov,0.21527652442455292,TargetRidge,0.6987786293029785,0.4835020899772644,RidgeCov,0.21527652442455292,0.0
1119,RidgeCov,0.22697792947292328,TargetRidge,0.6665580868721008,0.43958014249801636,RidgeCov,0.22697792947292328,0.0
1120,RidgeCov,0.2659446895122528,TargetRidge,0.9279972910881042,0.6620526313781738,RidgeCov,0.2659446895122528,0.0
1121,RidgeCov,0.23549245297908783,TargetRidge,0.7334296107292175,0.4979371428489685,RidgeCov,0.23549245297908783,0.0
1122,RidgeCov,0.2492687851190567,TargetRidge,0.7076463103294373,0.45837754011154175,RidgeCov,0.2492687851190567,0.0
1123,RidgeCov,0.2204117327928543,TargetRidge,0.8697177767753601,0.649306058883667,RidgeCov,0.2204117327928543,0.0
1124,RidgeCov,0.23486214876174927,TargetRidge,0.7343582510948181,0.49949610233306885,RidgeCov,0.23486214876174927,0.0
1125,RidgeCov,0.221946120262146,TargetRidge,0.8776747584342957,0.6557286381721497,RidgeCov,0.221946120262146,0.0
1126,RidgeCov,0.23498480021953583,TargetRidge,0.9385560154914856,0.7035712003707886,RidgeCov,0.23498480021953583,0.0
1127,RidgeCov,0.26707130670547485,TargetRidge,0.8736457824707031,0.6065744757652283,RidgeCov,0.26707130670547485,0.0
1128,RidgeCov,0.220805823802948,TargetRidge,0.8433256149291992,0.6225197911262512,RidgeCov,0.220805823802948,0.0
1129,RidgeCov,0.24178697168827057,TargetRidge,1.1122106313705444,0.8704236745834351,RidgeCov,0.24178697168827057,0.0
1130,RidgeCov,0.21704886853694916,TargetRidge,1.227892518043518,1.0108436346054077,RidgeCov,0.21704886853694916,0.0
1131,RidgeCov,0.20385205745697021,TargetRidge,0.9631072878837585,0.7592552304267883,RidgeCov,0.20385205745697021,0.0
1132,RidgeCov,0.20118437707424164,TargetRidge,1.0215705633163452,0.8203861713409424,RidgeCov,0.20118437707424164,0.0
1133,RidgeCov,0.2073245793581009,TargetRidge,0.9739055633544922,0.7665809988975525,RidgeCov,0.2073245793581009,0.0
1134,RidgeCov,0.21517284214496613,TargetRidge,1.2132962942123413,0.9981234669685364,RidgeCov,0.21517284214496613,0.0
1135,RidgeCov,0.2191113978624344,TargetRidge,1.0076242685317993,0.7885128855705261,RidgeCov,0.2191113978624344,0.0
1136,RidgeCov,0.25340035557746887,TargetRidge,1.234842300415039,0.9814419746398926,RidgeCov,0.25340035557746887,0.0
1137,RidgeCov,0.24179013073444366,TargetRidge,1.1482387781143188,0.9064486622810364,RidgeCov,0.24179013073444366,0.0
1138,RidgeCov,0.20126430690288544,TargetRidge,1.0597909688949585,0.8585266470909119,RidgeCov,0.20126430690288544,0.0
1139,RidgeCov,0.17057448625564575,TargetRidge,1.1724454164505005,1.00187087059021,RidgeCov,0.17057448625564575,0.0
1140,RidgeCov,0.1640888750553131,TargetRidge,0.9920186996459961,0.8279298543930054,RidgeCov,0.1640888750553131,0.0
1141,RidgeCov,0.21886712312698364,TargetRidge,1.0926271677017212,0.8737600445747375,RidgeCov,0.21886712312698364,0.0
1142,RidgeCov,0.23007895052433014,TargetRidge,1.1957522630691528,0.9656733274459839,RidgeCov,0.23007895052433014,0.0
1143,RidgeCov,0.21109159290790558,TargetRidge,1.1111088991165161,0.9000173211097717,RidgeCov,0.21109159290790558,0.0
1144,RidgeCov,0.18540996313095093,Trend,1.1755925416946411,0.9901825785636902,RidgeCov,0.18540996313095093,0.0
1145,RidgeCov,0.1787286251783371,Trend,1.132454752922058,0.9537261128425598,RidgeCov,0.1787286251783371,0.0
1146,RidgeCov,0.1919853240251541,TargetRidge,1.0897998809814453,0.8978145718574524,RidgeCov,0.1919853240251541,0.0
1147,RidgeCov,0.18202845752239227,TargetRidge,1.0465437173843384,0.8645152449607849,RidgeCov,0.18202845752239227,0.0
1148,RidgeCov,0.214943528175354,TargetRidge,1.2159605026245117,1.0010169744491577,RidgeCov,0.214943528175354,0.0
1149,RidgeCov,0.19473351538181305,TargetRidge,1.1292027235031128,0.9344692230224609,RidgeCov,0.19473351538181305,0.0
1150,RidgeCov,0.2213626503944397,Trend,1.2000616788864136,0.9786990284919739,RidgeCov,0.2213626503944397,0.0
1151,RidgeCov,0.23639635741710663,Trend,1.1291794776916504,0.8927831053733826,RidgeCov,0.23639635741710663,0.0
1152,RidgeCov,0.2129393070936203,TargetRidge,1.1142011880874634,0.9012618660926819,RidgeCov,0.2129393070936203,0.0
1153,RidgeCov,0.20702433586120605,TargetRidge,0.9807847142219543,0.7737603783607483,RidgeCov,0.20702433586120605,0.0
1154,RidgeCov,0.22087329626083374,Trend,0.8215944766998291,0.6007211804389954,RidgeCov,0.22087329626083374,0.0
1155,RidgeCov,0.163674995303154,TargetRidge,0.9056284427642822,0.741953432559967,RidgeCov,0.163674995303154,0.0
1156,RidgeCov,0.15166820585727692,TargetRidge,0.7598982453346252,0.6082300543785095,RidgeCov,0.15166820585727692,0.0
1157,RidgeCov,0.17983770370483398,TargetRidge,0.7740311622619629,0.5941934585571289,RidgeCov,0.17983770370483398,0.0
1158,RidgeCov,0.2151969075202942,TargetRidge,1.0026445388793945,0.7874476313591003,RidgeCov,0.2151969075202942,0.0
1159,RidgeCov,0.21985073387622833,TargetRidge,1.0037552118301392,0.783904492855072,RidgeCov,0.21985073387622833,0.0
1160,RidgeCov,0.23682816326618195,TargetRidge,0.8567504286766052,0.6199222803115845,RidgeCov,0.23682816326618195,0.0
1161,RidgeCov,0.19536100327968597,TargetRidge,0.8336396217346191,0.638278603553772,RidgeCov,0.19536100327968597,0.0
1162,RidgeCov,0.2002398520708084,TargetRidge,0.6888380646705627,0.4885982275009155,RidgeCov,0.2002398520708084,0.0
1163,RidgeCov,0.22584600746631622,TargetRidge,0.6724791526794434,0.44663316011428833,RidgeCov,0.22584600746631622,0.0
1164,RidgeCov,0.18430621922016144,TargetRidge,0.8650317192077637,0.6807255148887634,RidgeCov,0.18430621922016144,0.0
1165,RidgeCov,0.2000037431716919,TargetRidge,0.7285966873168945,0.5285929441452026,RidgeCov,0.2000037431716919,0.0
1166,RidgeCov,0.20232327282428741,TargetRidge,0.7612833380699158,0.5589600801467896,RidgeCov,0.20232327282428741,0.0
1167,RidgeCov,0.24353893101215363,TargetRidge,0.6346792578697205,0.391140341758728,RidgeCov,0.24353893101215363,0.0
1168,RidgeCov,0.2651156485080719,TargetRidge,0.5709543824195862,0.3058387339115143,RidgeCov,0.2651156485080719,0.0
1169,RidgeCov,0.2615475058555603,TargetRidge,0.6220664381980896,0.3605189323425293,RidgeCov,0.2615475058555603,0.0
1170,RidgeCov,0.23376232385635376,TargetRidge,0.6542520523071289,0.42048972845077515,RidgeCov,0.23376232385635376,0.0
1171,RidgeCov,0.2380352020263672,TargetRidge,0.7491591572761536,0.5111239552497864,RidgeCov,0.2380352020263672,0.0
1172,RidgeCov,0.2096417397260666,TargetRidge,0.8083812594413757,0.598739504814148,RidgeCov,0.2096417397260666,0.0
1173,RidgeCov,0.26609835028648376,TargetRidge,0.7293190360069275,0.4632206857204437,RidgeCov,0.26609835028648376,0.0
1174,RidgeCov,0.21099476516246796,TargetRidge,0.6998173594474792,0.4888225793838501,RidgeCov,0.21099476516246796,0.0
1175,RidgeCov,0.23496238887310028,TargetRidge,0.8464059829711914,0.6114435791969299,RidgeCov,0.23496238887310028,0.0
1176,RidgeCov,0.208125039935112,TargetRidge,0.72251296043396,0.5143879055976868,RidgeCov,0.208125039935112,0.0
1177,RidgeCov,0.2061379998922348,TargetRidge,0.7437830567359924,0.5376450419425964,RidgeCov,0.2061379998922348,0.0
1178,RidgeCov,0.21340198814868927,TargetRidge,0.8353264927864075,0.6219245195388794,RidgeCov,0.21340198814868927,0.0
1179,RidgeCov,0.22150349617004395,TargetRidge,0.7912595868110657,0.5697560906410217,RidgeCov,0.22150349617004395,0.0
1180,RidgeCov,0.19397014379501343,TargetRidge,0.8442349433898926,0.6502647995948792,RidgeCov,0.19397014379501343,0.0
1181,RidgeCov,0.17059361934661865,TargetRidge,0.8712957501411438,0.7007021307945251,RidgeCov,0.17059361934661865,0.0
1182,RidgeCov,0.26282012462615967,TargetRidge,0.8653185963630676,0.602498471736908,RidgeCov,0.26282012462615967,0.0
1183,RidgeCov,0.2459135204553604,TargetRidge,0.902903139591217,0.6569896340370178,RidgeCov,0.2459135204553604,0.0
1184,RidgeCov,0.2241007536649704,TargetRidge,0.9166326522827148,0.6925318837165833,RidgeCov,0.2241007536649704,0.0
1185,RidgeCov,0.2804255187511444,TargetRidge,0.9944891929626465,0.7140636444091797,RidgeCov,0.2804255187511444,0.0
1186,RidgeCov,0.29584723711013794,TargetRidge,1.0952941179275513,0.7994468808174133,RidgeCov,0.29584723711013794,0.0
1187,RidgeCov,0.2731950581073761,TargetRidge,1.2783209085464478,1.005125880241394,RidgeCov,0.2731950581073761,0.0
1188,RidgeCov,0.292670339345932,ZeroPred,1.2667325735092163,0.9740622043609619,RidgeCov,0.292670339345932,0.0
1189,RidgeCov,0.24398916959762573,ZeroPred,1.2293076515197754,0.9853184819221497,RidgeCov,0.24398916959762573,0.0
1190,RidgeCov,0.2835199534893036,ZeroPred,1.1762443780899048,0.8927243947982788,RidgeCov,0.2835199534893036,0.0
1191,RidgeCov,0.30534785985946655,ZeroPred,1.1475951671600342,0.8422473073005676,RidgeCov,0.30534785985946655,0.0
1192,RidgeCov,0.2706460952758789,ZeroPred,1.1424050331115723,0.8717589378356934,RidgeCov,0.2706460952758789,0.0
1193,RidgeCov,0.34223052859306335,ZeroPred,1.1278305053710938,0.785599946975708,RidgeCov,0.34223052859306335,0.0
1194,RidgeCov,0.31766143441200256,ZeroPred,1.1138874292373657,0.7962260246276855,RidgeCov,0.31766143441200256,0.0
1195,RidgeCov,0.2994858920574188,ZeroPred,1.1114802360534668,0.8119943141937256,RidgeCov,0.2994858920574188,0.0
1196,RidgeCov,0.28128039836883545,ZeroPred,1.1094666719436646,0.8281862735748291,RidgeCov,0.28128039836883545,0.0
1197,RidgeCov,0.27272912859916687,TargetRidge,1.0216387510299683,0.748909592628479,RidgeCov,0.27272912859916687,0.0
1198,RidgeCov,0.3004673421382904,TargetRidge,1.0761927366256714,0.7757253646850586,RidgeCov,0.3004673421382904,0.0
1199,RidgeCov,0.23234744369983673,ZeroPred,1.1033124923706055,0.8709650635719299,RidgeCov,0.23234744369983673,0.0
1200,RidgeCov,0.29462477564811707,TargetRidge,0.9964552521705627,0.7018305063247681,RidgeCov,0.29462477564811707,0.0
1201,RidgeCov,0.2776310443878174,TargetRidge,0.9597797393798828,0.6821486949920654,RidgeCov,0.2776310443878174,0.0
1202,RidgeCov,0.2652108669281006,TargetRidge,1.0651805400848389,0.7999696731567383,RidgeCov,0.2652108669281006,0.0
1203,RidgeCov,0.27529922127723694,TargetRidge,0.8810994625091553,0.6058002710342407,RidgeCov,0.27529922127723694,0.0
1204,RidgeCov,0.2863755226135254,TargetRidge,0.8480550646781921,0.5616795420646667,RidgeCov,0.2863755226135254,0.0
1205,RidgeCov,0.3130671977996826,TargetRidge,0.9122077822685242,0.5991405844688416,RidgeCov,0.3130671977996826,0.0
1206,RidgeCov,0.28825652599334717,TargetRidge,0.874722957611084,0.5864664316177368,RidgeCov,0.28825652599334717,0.0
1207,RidgeCov,0.28292056918144226,TargetRidge,0.8681604862213135,0.5852398872375488,RidgeCov,0.28292056918144226,0.0
1208,RidgeCov,0.23855620622634888,TargetRidge,0.9071401953697205,0.6685839891433716,RidgeCov,0.23855620622634888,0.0
1209,RidgeCov,0.3088819682598114,TargetRidge,0.6996841430664062,0.39080217480659485,RidgeCov,0.3088819682598114,0.0
1210,RidgeCov,0.34592941403388977,TargetRidge,0.8104138374328613,0.46448442339897156,RidgeCov,0.34592941403388977,0.0
1211,RidgeCov,0.28507697582244873,TargetRidge,0.8325220942497253,0.5474451184272766,RidgeCov,0.28507697582244873,0.0
1212,RidgeCov,0.2507358491420746,TargetRidge,0.8033897280693054,0.5526539087295532,RidgeCov,0.2507358491420746,0.0
1213,RidgeCov,0.2726043462753296,TargetRidge,0.7262466549873352,0.4536423087120056,RidgeCov,0.2726043462753296,0.0
1214,RidgeCov,0.23863495886325836,TargetRidge,0.8390250205993652,0.6003900766372681,RidgeCov,0.23863495886325836,0.0
1215,RidgeCov,0.26715222001075745,TargetRidge,0.7357798218727112,0.46862760186195374,RidgeCov,0.26715222001075745,0.0
1216,RidgeCov,0.26765432953834534,TargetRidge,0.6525865197181702,0.38493219017982483,RidgeCov,0.26765432953834534,0.0
1217,RidgeCov,0.25916650891304016,TargetRidge,0.570940375328064,0.3117738664150238,RidgeCov,0.25916650891304016,0.0
1218,RidgeCov,0.27022624015808105,TargetRidge,0.609470784664154,0.339244544506073,RidgeCov,0.27022624015808105,0.0
1219,RidgeCov,0.27566978335380554,TargetRidge,0.6037204265594482,0.3280506432056427,RidgeCov,0.27566978335380554,0.0
1220,RidgeCov,0.23837286233901978,TargetRidge,0.8614034056663513,0.6230305433273315,RidgeCov,0.23837286233901978,0.0
1221,RidgeCov,0.28210437297821045,TargetRidge,0.7566716074943542,0.4745672345161438,RidgeCov,0.28210437297821045,0.0
1222,RidgeCov,0.3125755488872528,TargetRidge,0.6199391484260559,0.3073635995388031,RidgeCov,0.3125755488872528,0.0
1223,RidgeCov,0.3074101209640503,TargetRidge,0.6915035843849182,0.3840934634208679,RidgeCov,0.3074101209640503,0.0
1224,RidgeCov,0.26829180121421814,TargetRidge,0.6673480868339539,0.3990562856197357,RidgeCov,0.26829180121421814,0.0
1225,RidgeCov,0.2902306616306305,TargetRidge,0.5747916102409363,0.2845609486103058,RidgeCov,0.2902306616306305,0.0
1226,RidgeCov,0.3020574450492859,TargetRidge,0.6937496066093445,0.3916921615600586,RidgeCov,0.3020574450492859,0.0
1227,RidgeCov,0.2727678418159485,TargetRidge,0.6562732458114624,0.3835054039955139,RidgeCov,0.2727678418159485,0.0
1228,RidgeCov,0.2994403541088104,TargetRidge,0.7928707003593445,0.49343034625053406,RidgeCov,0.2994403541088104,0.0
1229,RidgeCov,0.26192572712898254,TargetRidge,0.6397296786308289,0.3778039515018463,RidgeCov,0.26192572712898254,0.0
1230,RidgeCov,0.29405418038368225,TargetRidge,0.5944387912750244,0.30038461089134216,RidgeCov,0.29405418038368225,0.0
1231,RidgeCov,0.23656494915485382,TargetRidge,0.6679158806800842,0.4313509464263916,RidgeCov,0.23656494915485382,0.0
1232,RidgeCov,0.29065024852752686,TargetRidge,0.6181102395057678,0.32745999097824097,RidgeCov,0.29065024852752686,0.0
1233,RidgeCov,0.26981040835380554,TargetRidge,0.6070840954780579,0.3372736871242523,RidgeCov,0.26981040835380554,0.0
1234,RidgeCov,0.2721790075302124,TargetRidge,0.5530808568000793,0.28090184926986694,RidgeCov,0.2721790075302124,0.0
1235,RidgeCov,0.2923405170440674,TargetRidge,0.6232885718345642,0.3309480547904968,RidgeCov,0.2923405170440674,0.0
1236,RidgeCov,0.31009814143180847,TargetRidge,0.6049790978431702,0.2948809564113617,RidgeCov,0.31009814143180847,0.0
1237,RidgeCov,0.3244878947734833,TargetRidge,0.5800319314002991,0.2555440366268158,RidgeCov,0.3244878947734833,0.0
1238,RidgeCov,0.2981604337692261,TargetRidge,0.5833871364593506,0.2852267026901245,RidgeCov,0.2981604337692261,0.0
1239,RidgeCov,0.2951819598674774,TargetRidge,0.5425946116447449,0.24741265177726746,RidgeCov,0.2951819598674774,0.0
1240,RidgeCov,0.3156108856201172,TargetRidge,0.5946765542030334,0.27906566858291626,RidgeCov,0.3156108856201172,0.0
1241,RidgeCov,0.39375773072242737,TargetRidge,0.563919723033905,0.17016199231147766,RidgeCov,0.39375773072242737,0.0
1242,RidgeCov,0.36905065178871155,TargetRidge,0.5523547530174255,0.183304101228714,RidgeCov,0.36905065178871155,0.0
1243,RidgeCov,0.35830438137054443,TargetRidge,0.5280261635780334,0.169721782207489,RidgeCov,0.35830438137054443,0.0
1244,RidgeCov,0.40478619933128357,TargetRidge,0.509390115737915,0.10460391640663147,RidgeCov,0.40478619933128357,0.0
1245,RidgeCov,0.3945206105709076,TargetRidge,0.5085318684577942,0.1140112578868866,RidgeCov,0.3945206105709076,0.0
1246,RidgeCov,0.30425578355789185,TargetRidge,0.5057458877563477,0.2014901041984558,RidgeCov,0.30425578355789185,0.0
1247,RidgeCov,0.38561201095581055,TargetRidge,0.4752218723297119,0.08960986137390137,RidgeCov,0.38561201095581055,0.0
1248,RidgeCov,0.34415844082832336,TargetRidge,0.468348890542984,0.12419044971466064,RidgeCov,0.34415844082832336,0.0
1249,RidgeCov,0.3343839645385742,TargetRidge,0.461997389793396,0.12761342525482178,RidgeCov,0.3343839645385742,0.0
1250,RidgeCov,0.36482715606689453,TargetRidge,0.45999470353126526,0.09516754746437073,RidgeCov,0.36482715606689453,0.0
1251,RidgeCov,0.3502159118652344,TargetRidge,0.4526946246623993,0.10247871279716492,RidgeCov,0.3502159118652344,0.0
1252,RidgeCov,0.365509033203125,TargetRidge,0.4470549523830414,0.08154591917991638,RidgeCov,0.365509033203125,0.0
1253,RidgeCov,0.3779475688934326,TargetRidge,0.4411393105983734,0.0631917417049408,RidgeCov,0.3779475688934326,0.0
1254,RidgeCov,0.3851433992385864,TargetRidge,0.4388020932674408,0.05365869402885437,RidgeCov,0.3851433992385864,0.0
1255,RidgeCov,0.3752858340740204,TargetRidge,0.42982354760169983,0.05453771352767944,RidgeCov,0.3752858340740204,0.0
1256,RidgeCov,0.3820599615573883,TargetRidge,0.43543437123298645,0.053374409675598145,RidgeCov,0.3820599615573883,0.0
1257,RidgeCov,0.33936607837677,TargetRidge,0.4241199195384979,0.0847538411617279,RidgeCov,0.33936607837677,0.0
1258,RidgeCov,0.3589049279689789,TargetRidge,0.4256154000759125,0.0667104721069336,RidgeCov,0.3589049279689789,0.0
1259,RidgeCov,0.38778695464134216,TargetRidge,0.4237969219684601,0.03600996732711792,RidgeCov,0.38778695464134216,0.0
1260,RidgeCov,0.39465513825416565,TargetRidge,0.4175521433353424,0.022897005081176758,RidgeCov,0.39465513825416565,0.0
1261,RidgeCov,0.37864115834236145,TargetRidge,0.4270816147327423,0.04844045639038086,RidgeCov,0.37864115834236145,0.0
1262,RidgeCov,0.3953034579753876,TargetRidge,0.4202762842178345,0.0249728262424469,RidgeCov,0.3953034579753876,0.0
1263,RidgeCov,0.39636388421058655,TargetRidge,0.41003331542015076,0.013669431209564209,RidgeCov,0.39636388421058655,0.0
1264,RidgeCov,0.3622068464756012,TargetRidge,0.41025733947753906,0.048050493001937866,RidgeCov,0.3622068464756012,0.0
1265,RidgeCov,0.3941355049610138,TargetRidge,0.40620627999305725,0.012070775032043457,RidgeCov,0.3941355049610138,0.0
1266,RidgeCov,0.380197137594223,TargetRidge,0.4109854996204376,0.0307883620262146,RidgeCov,0.380197137594223,0.0
1267,RidgeCov,0.3668805658817291,TargetRidge,0.37908121943473816,0.012200653553009033,RidgeCov,0.3668805658817291,0.0
1268,RidgeCov,0.3592415750026703,TargetRidge,0.4074532687664032,0.04821169376373291,RidgeCov,0.3592415750026703,0.0
1269,RidgeCov,0.3736080229282379,TargetRidge,0.41739511489868164,0.043787091970443726,RidgeCov,0.3736080229282379,0.0
1270,RidgeCov,0.36054959893226624,TargetRidge,0.4293442666530609,0.06879466772079468,RidgeCov,0.36054959893226624,0.0
1271,RidgeCov,0.3848141133785248,TargetRidge,0.44135013222694397,0.05653601884841919,RidgeCov,0.3848141133785248,0.0
1272,RidgeCov,0.3656027317047119,TargetRidge,0.44470858573913574,0.07910585403442383,RidgeCov,0.3656027317047119,0.0
1273,RidgeCov,0.3406994640827179,TargetRidge,0.4411986172199249,0.10049915313720703,RidgeCov,0.3406994640827179,0.0
1274,RidgeCov,0.35265669226646423,TargetRidge,0.45129135251045227,0.09863466024398804,RidgeCov,0.35265669226646423,0.0
1275,RidgeCov,0.37097129225730896,TargetRidge,0.4532419741153717,0.08227068185806274,RidgeCov,0.37097129225730896,0.0
1276,RidgeCov,0.37343835830688477,TargetRidge,0.46189114451408386,0.0884527862071991,RidgeCov,0.37343835830688477,0.0
1277,RidgeCov,0.40432870388031006,TargetRidge,0.45349279046058655,0.04916408658027649,RidgeCov,0.40432870388031006,0.0
1278,RidgeCov,0.3824554681777954,TargetRidge,0.4591740667819977,0.07671859860420227,RidgeCov,0.3824554681777954,0.0
1279,RidgeCov,0.39142510294914246,TargetRidge,0.48307856917381287,0.09165346622467041,RidgeCov,0.39142510294914246,0.0
1280,RidgeCov,0.39089158177375793,TargetRidge,0.48334693908691406,0.09245535731315613,RidgeCov,0.39089158177375793,0.0
1281,RidgeCov,0.4212273359298706,TargetRidge,0.4957771599292755,0.07454982399940491,RidgeCov,0.4212273359298706,0.0
1282,RidgeCov,0.4054127633571625,TargetRidge,0.5048392415046692,0.09942647814750671,RidgeCov,0.4054127633571625,0.0
1283,RidgeCov,0.44239863753318787,TargetRidge,0.5144965648651123,0.07209792733192444,RidgeCov,0.44239863753318787,0.0
1284,RidgeCov,0.4608232080936432,TargetRidge,0.535433828830719,0.0746106207370758,RidgeCov,0.4608232080936432,0.0
1285,RidgeCov,0.4611940383911133,TargetRidge,0.5489146113395691,0.08772057294845581,RidgeCov,0.4611940383911133,0.0
1286,RidgeCov,0.47219693660736084,TargetRidge,0.5792282223701477,0.10703128576278687,RidgeCov,0.47219693660736084,0.0
1287,RidgeCov,0.4774986207485199,TargetRidge,0.5968126654624939,0.119314044713974,RidgeCov,0.4774986207485199,0.0
1288,RidgeCov,0.47681963443756104,TargetRidge,0.6044386029243469,0.1276189684867859,RidgeCov,0.47681963443756104,0.0
1289,RidgeCov,0.47671377658843994,TargetRidge,0.6169124245643616,0.14019864797592163,RidgeCov,0.47671377658843994,0.0
1290,RidgeCov,0.4904639422893524,TargetRidge,0.6200893521308899,0.12962540984153748,RidgeCov,0.4904639422893524,0.0
1291,RidgeCov,0.4822004735469818,TargetRidge,0.6275060772895813,0.1453056037425995,RidgeCov,0.4822004735469818,0.0
1292,RidgeCov,0.49948593974113464,TargetRidge,0.6306151747703552,0.13112923502922058,RidgeCov,0.49948593974113464,0.0
1293,RidgeCov,0.49932661652565,TargetRidge,0.6326136589050293,0.13328704237937927,RidgeCov,0.49932661652565,0.0
1294,RidgeCov,0.5226303935050964,TargetRidge,0.6352246403694153,0.11259424686431885,RidgeCov,0.5226303935050964,0.0
1295,RidgeCov,0.5338930487632751,TargetRidge,0.637224555015564,0.10333150625228882,RidgeCov,0.5338930487632751,0.0
1296,RidgeCov,0.5692698359489441,TargetRidge,0.6385377049446106,0.0692678689956665,RidgeCov,0.5692698359489441,0.0
1297,RidgeCov,0.547482430934906,TargetRidge,0.6372606754302979,0.08977824449539185,RidgeCov,0.547482430934906,0.0
1298,RidgeCov,0.5529903769493103,TargetRidge,0.6422643661499023,0.08927398920059204,RidgeCov,0.5529903769493103,0.0
1299,RidgeCov,0.5771731734275818,TargetRidge,0.6421123743057251,0.06493920087814331,RidgeCov,0.5771731734275818,0.0
1300,RidgeCov,0.5784275531768799,TargetRidge,0.6420688033103943,0.0636412501335144,RidgeCov,0.5784275531768799,0.0
1301,RidgeCov,0.6251283884048462,TargetRidge,0.6397868990898132,0.014658510684967041,RidgeCov,0.6251283884048462,0.0
1302,TargetRidge,0.6451660394668579,RidgeCov,0.6627698540687561,0.017603814601898193,RidgeCov,0.6627698540687561,0.017603814601898193
1303,TargetRidge,0.6397809982299805,RidgeCov,0.6619933247566223,0.022212326526641846,RidgeCov,0.6619933247566223,0.022212326526641846
1304,TargetRidge,0.6367785930633545,RidgeCov,0.6975865960121155,0.060808002948760986,RidgeCov,0.6975865960121155,0.060808002948760986
1305,RidgeCov,0.6238874793052673,TargetRidge,0.6348913311958313,0.011003851890563965,RidgeCov,0.6238874793052673,0.0
1306,TargetRidge,0.6348879337310791,RidgeCov,0.6620469689369202,0.027159035205841064,RidgeCov,0.6620469689369202,0.027159035205841064
1307,TargetRidge,0.6317715048789978,RidgeCov,0.6586219668388367,0.026850461959838867,RidgeCov,0.6586219668388367,0.026850461959838867
1308,TargetRidge,0.6269353032112122,RidgeCov,0.6515433192253113,0.02460801601409912,RidgeCov,0.6515433192253113,0.02460801601409912
1309,TargetRidge,0.6251752376556396,RidgeCov,0.6900237202644348,0.06484848260879517,RidgeCov,0.6900237202644348,0.06484848260879517
1310,TargetRidge,0.6172072291374207,RidgeCov,0.7082617282867432,0.09105449914932251,RidgeCov,0.7082617282867432,0.09105449914932251
1311,TargetRidge,0.6116541028022766,RidgeCov,0.6682748794555664,0.056620776653289795,RidgeCov,0.6682748794555664,0.056620776653289795
1312,TargetRidge,0.6008219718933105,RidgeCov,0.7364439964294434,0.1356220245361328,RidgeCov,0.7364439964294434,0.1356220245361328
1313,TargetRidge,0.604481041431427,RidgeCov,0.7396958470344543,0.13521480560302734,RidgeCov,0.7396958470344543,0.13521480560302734
1314,TargetRidge,0.5988203287124634,RidgeCov,0.7213120460510254,0.12249171733856201,RidgeCov,0.7213120460510254,0.12249171733856201
1315,TargetRidge,0.5948473215103149,RidgeCov,0.706824004650116,0.11197668313980103,RidgeCov,0.706824004650116,0.11197668313980103
1316,TargetRidge,0.5828731656074524,RidgeCov,0.7308385968208313,0.1479654312133789,RidgeCov,0.7308385968208313,0.1479654312133789
1317,TargetRidge,0.567361056804657,RidgeCov,0.7578503489494324,0.1904892921447754,RidgeCov,0.7578503489494324,0.1904892921447754
1318,TargetRidge,0.5612145066261292,RidgeCov,0.7319111824035645,0.1706966757774353,RidgeCov,0.7319111824035645,0.1706966757774353
1319,TargetRidge,0.5555548667907715,RidgeCov,0.7563874125480652,0.2008325457572937,RidgeCov,0.7563874125480652,0.2008325457572937
1320,TargetRidge,0.5435368418693542,RidgeCov,0.7270451188087463,0.1835082769393921,RidgeCov,0.7270451188087463,0.1835082769393921
1321,TargetRidge,0.5383417010307312,RidgeCov,0.7364991307258606,0.1981574296951294,RidgeCov,0.7364991307258606,0.1981574296951294
1322,TargetRidge,0.5165373682975769,RidgeCov,0.7756876945495605,0.25915032625198364,RidgeCov,0.7756876945495605,0.25915032625198364
1323,TargetRidge,0.5029175281524658,RidgeCov,0.7449276447296143,0.24201011657714844,RidgeCov,0.7449276447296143,0.24201011657714844
1324,TargetRidge,0.48152104020118713,RidgeCov,0.6994497179985046,0.2179286777973175,RidgeCov,0.6994497179985046,0.2179286777973175
1325,TargetRidge,0.4712162911891937,RidgeCov,0.6381818056106567,0.166965514421463,RidgeCov,0.6381818056106567,0.166965514421463
1326,TargetRidge,0.4608589708805084,RidgeCov,0.6107068061828613,0.1498478353023529,RidgeCov,0.6107068061828613,0.1498478353023529
1327,TargetRidge,0.4506685733795166,RidgeCov,0.6145641207695007,0.16389554738998413,RidgeCov,0.6145641207695007,0.16389554738998413
1328,TargetRidge,0.4363323748111725,RidgeCov,0.5804396271705627,0.14410725235939026,RidgeCov,0.5804396271705627,0.14410725235939026
1329,TargetRidge,0.4345807135105133,RidgeCov,0.5741347670555115,0.13955405354499817,RidgeCov,0.5741347670555115,0.13955405354499817
1330,TargetRidge,0.4326871931552887,RidgeCov,0.6181088089942932,0.18542161583900452,RidgeCov,0.6181088089942932,0.18542161583900452
1331,TargetRidge,0.4137568771839142,RidgeCov,0.6393851637840271,0.22562828660011292,RidgeCov,0.6393851637840271,0.22562828660011292
1332,TargetRidge,0.4055640697479248,RidgeCov,0.6080101132392883,0.20244604349136353,RidgeCov,0.6080101132392883,0.20244604349136353
1333,TargetRidge,0.40308570861816406,RidgeCov,0.6116965413093567,0.20861083269119263,RidgeCov,0.6116965413093567,0.20861083269119263
1334,TargetRidge,0.4023560583591461,RidgeCov,0.5930635333061218,0.1907074749469757,RidgeCov,0.5930635333061218,0.1907074749469757
1335,TargetRidge,0.404742956161499,RidgeCov,0.5882472991943359,0.18350434303283691,RidgeCov,0.5882472991943359,0.18350434303283691
1336,TargetRidge,0.4051729738712311,RidgeCov,0.492085725069046,0.08691275119781494,RidgeCov,0.492085725069046,0.08691275119781494
1337,TargetRidge,0.4202941954135895,RidgeCov,0.49115321040153503,0.07085901498794556,RidgeCov,0.49115321040153503,0.07085901498794556
1338,TargetRidge,0.42037948966026306,RidgeCov,0.44057178497314453,0.02019229531288147,RidgeCov,0.44057178497314453,0.02019229531288147
1339,TargetRidge,0.42896756529808044,RidgeCov,0.4726389944553375,0.04367142915725708,RidgeCov,0.4726389944553375,0.04367142915725708
1340,TargetRidge,0.4398210346698761,RidgeCov,0.5441868901252747,0.10436585545539856,RidgeCov,0.5441868901252747,0.10436585545539856
1341,TargetRidge,0.44985494017601013,RidgeCov,0.5343723893165588,0.0845174491405487,RidgeCov,0.5343723893165588,0.0845174491405487
1342,TargetRidge,0.46385064721107483,RidgeCov,0.49419787526130676,0.030347228050231934,RidgeCov,0.49419787526130676,0.030347228050231934
1343,TargetRidge,0.4745400846004486,RidgeCov,0.48289573192596436,0.008355647325515747,RidgeCov,0.48289573192596436,0.008355647325515747
1344,RidgeCov,0.4376263916492462,TargetRidge,0.4938516914844513,0.05622529983520508,RidgeCov,0.4376263916492462,0.0
1345,RidgeCov,0.4758116900920868,TargetRidge,0.5093746781349182,0.03356298804283142,RidgeCov,0.4758116900920868,0.0
1346,RidgeCov,0.46553167700767517,TargetRidge,0.5367560982704163,0.07122442126274109,RidgeCov,0.46553167700767517,0.0
1347,RidgeCov,0.3983495235443115,TargetRidge,0.5664870142936707,0.16813749074935913,RidgeCov,0.3983495235443115,0.0
1348,RidgeCov,0.38270866870880127,TargetRidge,0.6747567057609558,0.29204803705215454,RidgeCov,0.38270866870880127,0.0
1349,RidgeCov,0.3127429783344269,MeanRevertSlow,0.7174782156944275,0.4047352373600006,RidgeCov,0.3127429783344269,0.0
1350,RidgeCov,0.3427291810512543,TargetRidge,0.725959300994873,0.3832301199436188,RidgeCov,0.3427291810512543,0.0
1351,RidgeCov,0.4259131848812103,EWMFast,0.6815052628517151,0.25559207797050476,RidgeCov,0.4259131848812103,0.0
1352,RidgeCov,0.454662948846817,EWMFast,0.6260086894035339,0.17134574055671692,RidgeCov,0.454662948846817,0.0
1353,RidgeCov,0.4092130959033966,EWMFast,0.6224018931388855,0.2131887972354889,RidgeCov,0.4092130959033966,0.0
1354,RidgeCov,0.38627538084983826,EWMFast,0.6521577835083008,0.2658824026584625,RidgeCov,0.38627538084983826,0.0
1355,RidgeCov,0.41723302006721497,EWMFast,0.7193843722343445,0.3021513521671295,RidgeCov,0.41723302006721497,0.0
1356,RidgeCov,0.39199233055114746,ZeroPred,0.7532749176025391,0.3612825870513916,RidgeCov,0.39199233055114746,0.0
1357,RidgeCov,0.3511558473110199,MeanRevertSlow,0.6821872591972351,0.3310314118862152,RidgeCov,0.3511558473110199,0.0
1358,RidgeCov,0.3577936589717865,MeanRevertSlow,0.7399387359619141,0.38214507699012756,RidgeCov,0.3577936589717865,0.0
1359,RidgeCov,0.3726532757282257,ZeroPred,0.7429554462432861,0.3703021705150604,RidgeCov,0.3726532757282257,0.0
1360,RidgeCov,0.30938446521759033,ZeroPred,0.732456386089325,0.4230719208717346,RidgeCov,0.30938446521759033,0.0
1361,RidgeCov,0.38434991240501404,ZeroPred,0.7233572006225586,0.33900728821754456,RidgeCov,0.38434991240501404,0.0
1362,RidgeCov,0.389957994222641,MeanRevertSlow,0.6643959283828735,0.27443793416023254,RidgeCov,0.389957994222641,0.0
1363,RidgeCov,0.34348735213279724,MeanRevertSlow,0.6622152924537659,0.31872794032096863,RidgeCov,0.34348735213279724,0.0
1364,RidgeCov,0.34579429030418396,MeanRevertSlow,0.6649372577667236,0.3191429674625397,RidgeCov,0.34579429030418396,0.0
1365,RidgeCov,0.33031603693962097,MeanRevertSlow,0.669367790222168,0.339051753282547,RidgeCov,0.33031603693962097,0.0
1366,RidgeCov,0.3119291365146637,TargetRidge,0.6743531227111816,0.36242398619651794,RidgeCov,0.3119291365146637,0.0
1367,RidgeCov,0.2871228754520416,HAR_EWM,0.7259652018547058,0.4388423264026642,RidgeCov,0.2871228754520416,0.0
1368,RidgeCov,0.2796032726764679,TargetRidge,0.6100949048995972,0.3304916322231293,RidgeCov,0.2796032726764679,0.0
1369,RidgeCov,0.2794249951839447,TargetRidge,0.5499696135520935,0.2705446183681488,RidgeCov,0.2794249951839447,0.0
1370,RidgeCov,0.27491042017936707,TargetRidge,0.5266899466514587,0.2517795264720917,RidgeCov,0.27491042017936707,0.0
1371,RidgeCov,0.28335389494895935,TargetRidge,0.5039116740226746,0.2205577790737152,RidgeCov,0.28335389494895935,0.0
1372,RidgeCov,0.2653036117553711,TargetRidge,0.470261812210083,0.20495820045471191,RidgeCov,0.2653036117553711,0.0
1373,RidgeCov,0.2490604668855667,TargetRidge,0.5367500185966492,0.28768956661224365,RidgeCov,0.2490604668855667,0.0
1374,RidgeCov,0.24936099350452423,TargetRidge,0.42089685797691345,0.17153586447238922,RidgeCov,0.24936099350452423,0.0
1375,RidgeCov,0.24318473041057587,TargetRidge,0.3276803195476532,0.08449558913707733,RidgeCov,0.24318473041057587,0.0
1376,RidgeCov,0.2472483515739441,TargetRidge,0.43079671263694763,0.18354836106300354,RidgeCov,0.2472483515739441,0.0
1377,RidgeCov,0.2566411793231964,TargetRidge,0.28472647070884705,0.028085291385650635,RidgeCov,0.2566411793231964,0.0
1378,RidgeCov,0.2317367047071457,TargetRidge,0.26291394233703613,0.031177237629890442,RidgeCov,0.2317367047071457,0.0
1379,RidgeCov,0.2215796709060669,TargetRidge,0.2487528771162033,0.027173206210136414,RidgeCov,0.2215796709060669,0.0
1380,RidgeCov,0.2583068311214447,TargetRidge,0.2750217616558075,0.016714930534362793,RidgeCov,0.2583068311214447,0.0
1381,RidgeCov,0.22422659397125244,TargetRidge,0.2257014513015747,0.0014748573303222656,RidgeCov,0.22422659397125244,0.0
1382,RidgeCov,0.21135558187961578,TargetRidge,0.24003608524799347,0.028680503368377686,RidgeCov,0.21135558187961578,0.0
1383,TargetRidge,0.21490390598773956,RidgeCov,0.21821488440036774,0.003310978412628174,RidgeCov,0.21821488440036774,0.003310978412628174
1384,RidgeCov,0.21329963207244873,TargetRidge,0.2516516149044037,0.038351982831954956,RidgeCov,0.21329963207244873,0.0
1385,TargetRidge,0.20871298015117645,RidgeCov,0.23294194042682648,0.024228960275650024,RidgeCov,0.23294194042682648,0.024228960275650024
1386,TargetRidge,0.21387338638305664,RidgeCov,0.2180614471435547,0.004188060760498047,RidgeCov,0.2180614471435547,0.004188060760498047
1387,TargetRidge,0.21318669617176056,RidgeCov,0.2338211089372635,0.02063441276550293,RidgeCov,0.2338211089372635,0.02063441276550293
1388,RidgeCov,0.21037866175174713,TargetRidge,0.2208552360534668,0.010476574301719666,RidgeCov,0.21037866175174713,0.0
1389,TargetRidge,0.2203710675239563,RidgeCov,0.24195146560668945,0.021580398082733154,RidgeCov,0.24195146560668945,0.021580398082733154
1390,RidgeCov,0.21909163892269135,TargetRidge,0.23196184635162354,0.01287020742893219,RidgeCov,0.21909163892269135,0.0
1391,RidgeCov,0.2299681454896927,TargetRidge,0.23638205230236053,0.006413906812667847,RidgeCov,0.2299681454896927,0.0
1392,RidgeCov,0.22628487646579742,TargetRidge,0.25226321816444397,0.025978341698646545,RidgeCov,0.22628487646579742,0.0
1393,RidgeCov,0.22822825610637665,TargetRidge,0.2576737403869629,0.029445484280586243,RidgeCov,0.22822825610637665,0.0
1394,RidgeCov,0.23527400195598602,TargetRidge,0.28914374113082886,0.053869739174842834,RidgeCov,0.23527400195598602,0.0
1395,RidgeCov,0.23169660568237305,TargetRidge,0.2962319552898407,0.06453534960746765,RidgeCov,0.23169660568237305,0.0
1396,RidgeCov,0.21474647521972656,TargetRidge,0.27554571628570557,0.060799241065979004,RidgeCov,0.21474647521972656,0.0
1397,RidgeCov,0.23104901611804962,TargetRidge,0.3253673017024994,0.09431828558444977,RidgeCov,0.23104901611804962,0.0
1398,RidgeCov,0.22996008396148682,TargetRidge,0.3124080002307892,0.08244791626930237,RidgeCov,0.22996008396148682,0.0
1399,RidgeCov,0.24124710261821747,TargetRidge,0.3435988128185272,0.10235171020030975,RidgeCov,0.24124710261821747,0.0
1400,RidgeCov,0.2617241144180298,TargetRidge,0.3991830348968506,0.1374589204788208,RidgeCov,0.2617241144180298,0.0
1401,RidgeCov,0.23328067362308502,TargetRidge,0.3577735424041748,0.12449286878108978,RidgeCov,0.23328067362308502,0.0
1402,RidgeCov,0.2409728765487671,TargetRidge,0.45161983370780945,0.21064695715904236,RidgeCov,0.2409728765487671,0.0
1403,RidgeCov,0.2645588219165802,TargetRidge,0.4505680799484253,0.1860092580318451,RidgeCov,0.2645588219165802,0.0
1404,RidgeCov,0.25090253353118896,TargetRidge,0.3639850914478302,0.11308255791664124,RidgeCov,0.25090253353118896,0.0
1405,RidgeCov,0.27867773175239563,TargetRidge,0.6303849816322327,0.35170724987983704,RidgeCov,0.27867773175239563,0.0
1406,RidgeCov,0.23624813556671143,TargetRidge,0.7479245066642761,0.5116763710975647,RidgeCov,0.23624813556671143,0.0
1407,RidgeCov,0.2020779848098755,TargetRidge,0.37990641593933105,0.17782843112945557,RidgeCov,0.2020779848098755,0.0
1408,RidgeCov,0.22172830998897552,TargetRidge,0.6446114182472229,0.4228830933570862,RidgeCov,0.22172830998897552,0.0
1409,RidgeCov,0.24475528299808502,TargetRidge,0.7196947932243347,0.4749395251274109,RidgeCov,0.24475528299808502,0.0
1410,RidgeCov,0.23159146308898926,TargetRidge,0.5852732062339783,0.353681743144989,RidgeCov,0.23159146308898926,0.0
1411,RidgeCov,0.269797682762146,TargetRidge,0.5665832161903381,0.29678553342819214,RidgeCov,0.269797682762146,0.0
1412,RidgeCov,0.24187497794628143,TargetRidge,0.5293716788291931,0.2874966859817505,RidgeCov,0.24187497794628143,0.0
1413,RidgeCov,0.20650891959667206,TargetRidge,0.7540718913078308,0.5475629568099976,RidgeCov,0.20650891959667206,0.0
1414,RidgeCov,0.1795036345720291,TargetRidge,0.7332229614257812,0.5537193417549133,RidgeCov,0.1795036345720291,0.0
1415,RidgeCov,0.21471738815307617,TargetRidge,0.7566483616828918,0.5419309735298157,RidgeCov,0.21471738815307617,0.0
1416,RidgeCov,0.20456938445568085,TargetRidge,0.7784774899482727,0.5739080905914307,RidgeCov,0.20456938445568085,0.0
1417,RidgeCov,0.19381003081798553,TargetRidge,0.7701447606086731,0.5763347148895264,RidgeCov,0.19381003081798553,0.0
1418,RidgeCov,0.1975553035736084,TargetRidge,0.8127749562263489,0.6152196526527405,RidgeCov,0.1975553035736084,0.0
1419,RidgeCov,0.21164332330226898,TargetRidge,0.8876846432685852,0.676041305065155,RidgeCov,0.21164332330226898,0.0
1420,RidgeCov,0.20062243938446045,TargetRidge,0.9394379258155823,0.7388154864311218,RidgeCov,0.20062243938446045,0.0
1421,RidgeCov,0.21593137085437775,TargetRidge,1.0328558683395386,0.816924512386322,RidgeCov,0.21593137085437775,0.0
1422,RidgeCov,0.1991022378206253,TargetRidge,1.1794157028198242,0.9803134799003601,RidgeCov,0.1991022378206253,0.0
1423,RidgeCov,0.1927097588777542,TargetRidge,1.1925863027572632,0.9998765587806702,RidgeCov,0.1927097588777542,0.0
1424,RidgeCov,0.1786612868309021,TargetRidge,0.9967725872993469,0.8181113004684448,RidgeCov,0.1786612868309021,0.0
1425,RidgeCov,0.18466372787952423,TargetRidge,1.149770975112915,0.965107262134552,RidgeCov,0.18466372787952423,0.0
1426,RidgeCov,0.17850352823734283,TargetRidge,1.0002778768539429,0.8217743635177612,RidgeCov,0.17850352823734283,0.0
1427,RidgeCov,0.19137246906757355,Trend,1.1901289224624634,0.998756468296051,RidgeCov,0.19137246906757355,0.0
1428,RidgeCov,0.17455720901489258,TargetRidge,1.2184983491897583,1.0439411401748657,RidgeCov,0.17455720901489258,0.0
1429,RidgeCov,0.18783557415008545,Trend,0.9494266510009766,0.7615910768508911,RidgeCov,0.18783557415008545,0.0
1430,RidgeCov,0.19194142520427704,TargetRidge,1.1949747800827026,1.0030333995819092,RidgeCov,0.19194142520427704,0.0
1431,RidgeCov,0.20137421786785126,Trend,1.0772981643676758,0.8759239315986633,RidgeCov,0.20137421786785126,0.0
1432,RidgeCov,0.18189255893230438,TargetRidge,1.1725432872772217,0.9906507134437561,RidgeCov,0.18189255893230438,0.0
1433,RidgeCov,0.193739652633667,Trend,0.9563441872596741,0.7626045346260071,RidgeCov,0.193739652633667,0.0
1434,RidgeCov,0.16038461029529572,Trend,0.8488855361938477,0.6885009407997131,RidgeCov,0.16038461029529572,0.0
1435,RidgeCov,0.1784457415342331,Trend,0.7878559231758118,0.6094101667404175,RidgeCov,0.1784457415342331,0.0
1436,RidgeCov,0.19377751648426056,Trend,0.7367115020751953,0.542934000492096,RidgeCov,0.19377751648426056,0.0
1437,RidgeCov,0.19516527652740479,Trend,0.6298032402992249,0.43463796377182007,RidgeCov,0.19516527652740479,0.0
1438,RidgeCov,0.2225402146577835,Trend,0.6355836391448975,0.41304343938827515,RidgeCov,0.2225402146577835,0.0
1439,RidgeCov,0.1743500679731369,Trend,0.5790302157402039,0.40468013286590576,RidgeCov,0.1743500679731369,0.0
1440,RidgeCov,0.1631850153207779,Trend,0.588477373123169,0.42529237270355225,RidgeCov,0.1631850153207779,0.0
1441,RidgeCov,0.1545419543981552,Trend,0.5271965861320496,0.37265461683273315,RidgeCov,0.1545419543981552,0.0
1442,RidgeCov,0.14574801921844482,Trend,0.5405584573745728,0.39481043815612793,RidgeCov,0.14574801921844482,0.0
1443,RidgeCov,0.14728814363479614,Trend,0.5697575211524963,0.4224693775177002,RidgeCov,0.14728814363479614,0.0
1444,RidgeCov,0.1237483024597168,Trend,0.698387861251831,0.5746395587921143,RidgeCov,0.1237483024597168,0.0
1445,RidgeCov,0.15036040544509888,Trend,0.6434754729270935,0.49311506748199463,RidgeCov,0.15036040544509888,0.0
1446,RidgeCov,0.14034713804721832,Trend,0.7499006390571594,0.6095535159111023,RidgeCov,0.14034713804721832,0.0
1447,RidgeCov,0.1688452512025833,Trend,0.8689212203025818,0.7000759840011597,RidgeCov,0.1688452512025833,0.0
1448,RidgeCov,0.14872129261493683,TargetRidge,0.8037168383598328,0.6549955606460571,RidgeCov,0.14872129261493683,0.0
1449,RidgeCov,0.1738862842321396,TargetRidge,0.8119304180145264,0.6380441188812256,RidgeCov,0.1738862842321396,0.0
1450,RidgeCov,0.1863374263048172,TargetRidge,0.6963784098625183,0.5100409984588623,RidgeCov,0.1863374263048172,0.0
1451,RidgeCov,0.18418805301189423,TargetRidge,0.8974636197090149,0.7132755517959595,RidgeCov,0.18418805301189423,0.0
1452,RidgeCov,0.19186590611934662,TargetRidge,0.5661361217498779,0.3742702007293701,RidgeCov,0.19186590611934662,0.0
1453,RidgeCov,0.16536588966846466,TargetRidge,0.7330219149589539,0.5676560401916504,RidgeCov,0.16536588966846466,0.0
1454,RidgeCov,0.16829858720302582,TargetRidge,0.5447610020637512,0.3764623999595642,RidgeCov,0.16829858720302582,0.0
1455,RidgeCov,0.19502466917037964,TargetRidge,0.5832289457321167,0.38820427656173706,RidgeCov,0.19502466917037964,0.0
1456,RidgeCov,0.23139409720897675,TargetRidge,0.6124556064605713,0.38106149435043335,RidgeCov,0.23139409720897675,0.0
1457,RidgeCov,0.22967971861362457,TargetRidge,0.5761485695838928,0.34646886587142944,RidgeCov,0.22967971861362457,0.0
1458,RidgeCov,0.269580602645874,TargetRidge,0.6117286086082458,0.3421480059623718,RidgeCov,0.269580602645874,0.0
1459,RidgeCov,0.2537877857685089,TargetRidge,0.6773069500923157,0.42351916432380676,RidgeCov,0.2537877857685089,0.0
1460,RidgeCov,0.2589057385921478,TargetRidge,0.6908746361732483,0.43196889758110046,RidgeCov,0.2589057385921478,0.0
1461,RidgeCov,0.2661048471927643,TargetRidge,0.6880022883415222,0.42189744114875793,RidgeCov,0.2661048471927643,0.0
1462,RidgeCov,0.2620340883731842,TargetRidge,0.7335861325263977,0.4715520441532135,RidgeCov,0.2620340883731842,0.0
1463,RidgeCov,0.21757034957408905,TargetRidge,0.7713963389396667,0.5538259744644165,RidgeCov,0.21757034957408905,0.0
1464,RidgeCov,0.27229630947113037,TargetRidge,0.7187840342521667,0.4464877247810364,RidgeCov,0.27229630947113037,0.0
1465,RidgeCov,0.2609988749027252,TargetRidge,0.8117926716804504,0.5507937669754028,RidgeCov,0.2609988749027252,0.0
1466,RidgeCov,0.26674529910087585,TargetRidge,0.7773485779762268,0.5106033086776733,RidgeCov,0.26674529910087585,0.0
1467,RidgeCov,0.2587890326976776,TargetRidge,0.7614524960517883,0.5026634931564331,RidgeCov,0.2587890326976776,0.0
1468,RidgeCov,0.27636680006980896,TargetRidge,0.7885133624076843,0.5121465921401978,RidgeCov,0.27636680006980896,0.0
1469,RidgeCov,0.27355024218559265,TargetRidge,0.8185920715332031,0.5450417995452881,RidgeCov,0.27355024218559265,0.0
1470,RidgeCov,0.2919408082962036,TargetRidge,0.8405906558036804,0.5486498475074768,RidgeCov,0.2919408082962036,0.0
1471,RidgeCov,0.32909929752349854,TargetRidge,0.8530667424201965,0.523967444896698,RidgeCov,0.32909929752349854,0.0
1472,RidgeCov,0.3231750726699829,TargetRidge,0.8995532989501953,0.5763782262802124,RidgeCov,0.3231750726699829,0.0
1473,RidgeCov,0.3666872978210449,TargetRidge,0.8941330909729004,0.5274457931518555,RidgeCov,0.3666872978210449,0.0
1474,RidgeCov,0.37409842014312744,TargetRidge,1.0533534288406372,0.6792550086975098,RidgeCov,0.37409842014312744,0.0
1475,RidgeCov,0.2957276999950409,TargetRidge,1.1366103887557983,0.8408826589584351,RidgeCov,0.2957276999950409,0.0
1476,RidgeCov,0.2844672203063965,ZeroPred,1.2502079010009766,0.9657406806945801,RidgeCov,0.2844672203063965,0.0
1477,RidgeCov,0.3708174228668213,ZeroPred,1.211348056793213,0.8405306339263916,RidgeCov,0.3708174228668213,0.0
1478,RidgeCov,0.36451849341392517,ZeroPred,1.172202706336975,0.8076841831207275,RidgeCov,0.36451849341392517,0.0
1479,RidgeCov,0.3282402455806732,ZeroPred,1.1490914821624756,0.82085120677948,RidgeCov,0.3282402455806732,0.0
1480,RidgeCov,0.31948092579841614,ZeroPred,1.1413967609405518,0.821915864944458,RidgeCov,0.31948092579841614,0.0
1481,RidgeCov,0.41841819882392883,ZeroPred,1.1255242824554443,0.7071061134338379,RidgeCov,0.41841819882392883,0.0
1482,RidgeCov,0.44435226917266846,TargetRidge,1.1176975965499878,0.6733453273773193,RidgeCov,0.44435226917266846,0.0
1483,RidgeCov,0.6328402161598206,TargetRidge,1.082962155342102,0.4501219391822815,RidgeCov,0.6328402161598206,0.0
1484,RidgeCov,0.514863908290863,TargetRidge,1.0462638139724731,0.5313999056816101,RidgeCov,0.514863908290863,0.0
1485,RidgeCov,0.5499617457389832,TargetRidge,1.0107742547988892,0.460812509059906,RidgeCov,0.5499617457389832,0.0
1486,RidgeCov,0.46474385261535645,TargetRidge,1.0722976922988892,0.6075538396835327,RidgeCov,0.46474385261535645,0.0
1487,RidgeCov,0.45738133788108826,TargetRidge,1.0276225805282593,0.5702412128448486,RidgeCov,0.45738133788108826,0.0
1488,RidgeCov,0.5040872097015381,TargetRidge,0.948441207408905,0.44435399770736694,RidgeCov,0.5040872097015381,0.0
1489,RidgeCov,0.42172250151634216,ZeroPred,1.107214093208313,0.6854915618896484,RidgeCov,0.42172250151634216,0.0
1490,RidgeCov,0.43687400221824646,ZeroPred,1.1011370420455933,0.6642630100250244,RidgeCov,0.43687400221824646,0.0
1491,RidgeCov,0.4214501678943634,TargetRidge,0.9448051452636719,0.5233550071716309,RidgeCov,0.4214501678943634,0.0
1492,RidgeCov,0.45521244406700134,TargetRidge,1.0114351511001587,0.556222677230835,RidgeCov,0.45521244406700134,0.0
1493,RidgeCov,0.4459666907787323,ZeroPred,1.0909146070480347,0.64494788646698,RidgeCov,0.4459666907787323,0.0
1494,RidgeCov,0.3711334466934204,TargetRidge,0.7263007164001465,0.3551672697067261,RidgeCov,0.3711334466934204,0.0
1495,RidgeCov,0.31611406803131104,TargetRidge,0.877615749835968,0.561501681804657,RidgeCov,0.31611406803131104,0.0
1496,RidgeCov,0.35744234919548035,TargetRidge,0.8027114868164062,0.4452691376209259,RidgeCov,0.35744234919548035,0.0
1497,RidgeCov,0.2770139276981354,TargetRidge,0.9569664001464844,0.6799525022506714,RidgeCov,0.2770139276981354,0.0
1498,RidgeCov,0.3189791142940521,TargetRidge,0.8229134678840637,0.503934383392334,RidgeCov,0.3189791142940521,0.0
1499,RidgeCov,0.2658683955669403,TargetRidge,0.6927103996276855,0.42684200406074524,RidgeCov,0.2658683955669403,0.0
1500,RidgeCov,0.30021026730537415,TargetRidge,0.8222417831420898,0.5220315456390381,RidgeCov,0.30021026730537415,0.0
1501,RidgeCov,0.32540276646614075,TargetRidge,0.6492466926574707,0.32384392619132996,RidgeCov,0.32540276646614075,0.0
1502,RidgeCov,0.29743269085884094,TargetRidge,0.7656211853027344,0.46818849444389343,RidgeCov,0.29743269085884094,0.0
1503,RidgeCov,0.32979193329811096,TargetRidge,0.7504734992980957,0.42068156599998474,RidgeCov,0.32979193329811096,0.0
1504,RidgeCov,0.33223477005958557,TargetRidge,0.7554566860198975,0.4232219159603119,RidgeCov,0.33223477005958557,0.0
1505,RidgeCov,0.3384987413883209,TargetRidge,0.6499965190887451,0.3114977777004242,RidgeCov,0.3384987413883209,0.0
1506,RidgeCov,0.2841423749923706,TargetRidge,0.6125281453132629,0.32838577032089233,RidgeCov,0.2841423749923706,0.0
1507,RidgeCov,0.3275366723537445,TargetRidge,0.7476728558540344,0.4201361835002899,RidgeCov,0.3275366723537445,0.0
1508,RidgeCov,0.3025799095630646,TargetRidge,0.6295976042747498,0.3270176947116852,RidgeCov,0.3025799095630646,0.0
1509,RidgeCov,0.35048747062683105,TargetRidge,0.7865713238716125,0.4360838532447815,RidgeCov,0.35048747062683105,0.0
1510,RidgeCov,0.334527850151062,TargetRidge,0.6521683931350708,0.3176405429840088,RidgeCov,0.334527850151062,0.0
1511,RidgeCov,0.38674211502075195,TargetRidge,0.5817719101905823,0.19502979516983032,RidgeCov,0.38674211502075195,0.0
1512,RidgeCov,0.299470990896225,TargetRidge,0.8312163352966309,0.5317453145980835,RidgeCov,0.299470990896225,0.0
1513,RidgeCov,0.2926025688648224,TargetRidge,0.7555580139160156,0.46295544505119324,RidgeCov,0.2926025688648224,0.0
1514,RidgeCov,0.2930489480495453,TargetRidge,0.6588749289512634,0.36582598090171814,RidgeCov,0.2930489480495453,0.0
1515,RidgeCov,0.31803110241889954,TargetRidge,0.7120482325553894,0.39401713013648987,RidgeCov,0.31803110241889954,0.0
1516,RidgeCov,0.26493191719055176,TargetRidge,0.7407976984977722,0.47586578130722046,RidgeCov,0.26493191719055176,0.0
1517,RidgeCov,0.3328615128993988,TargetRidge,0.6695096492767334,0.3366481363773346,RidgeCov,0.3328615128993988,0.0
1518,RidgeCov,0.3147752583026886,TargetRidge,0.7148140072822571,0.4000387489795685,RidgeCov,0.3147752583026886,0.0
1519,RidgeCov,0.3359292447566986,TargetRidge,0.6563858389854431,0.3204565942287445,RidgeCov,0.3359292447566986,0.0
1520,RidgeCov,0.3311481177806854,TargetRidge,0.6962730288505554,0.36512491106987,RidgeCov,0.3311481177806854,0.0
1521,RidgeCov,0.296946257352829,TargetRidge,0.7229803204536438,0.4260340631008148,RidgeCov,0.296946257352829,0.0
1522,RidgeCov,0.27633190155029297,TargetRidge,0.7456409335136414,0.4693090319633484,RidgeCov,0.27633190155029297,0.0
1523,RidgeCov,0.2837706506252289,TargetRidge,0.6610999703407288,0.3773293197154999,RidgeCov,0.2837706506252289,0.0
1524,RidgeCov,0.2813924252986908,TargetRidge,0.6832974553108215,0.40190503001213074,RidgeCov,0.2813924252986908,0.0
1525,RidgeCov,0.33915960788726807,TargetRidge,0.6777331829071045,0.3385735750198364,RidgeCov,0.33915960788726807,0.0
1526,RidgeCov,0.3255939781665802,TargetRidge,0.5490059852600098,0.22341200709342957,RidgeCov,0.3255939781665802,0.0
1527,RidgeCov,0.3413377106189728,TargetRidge,0.5980399250984192,0.2567022144794464,RidgeCov,0.3413377106189728,0.0
1528,RidgeCov,0.3244694173336029,TargetRidge,0.5558242797851562,0.23135486245155334,RidgeCov,0.3244694173336029,0.0
1529,RidgeCov,0.348140686750412,TargetRidge,0.6065188050270081,0.25837811827659607,RidgeCov,0.348140686750412,0.0
1530,RidgeCov,0.38247478008270264,TargetRidge,0.5723758935928345,0.18990111351013184,RidgeCov,0.38247478008270264,0.0
1531,RidgeCov,0.3704955279827118,TargetRidge,0.5382120013237,0.16771647334098816,RidgeCov,0.3704955279827118,0.0
1532,RidgeCov,0.367252379655838,TargetRidge,0.5129758715629578,0.14572349190711975,RidgeCov,0.367252379655838,0.0
1533,RidgeCov,0.33794334530830383,TargetRidge,0.5922123789787292,0.2542690336704254,RidgeCov,0.33794334530830383,0.0
1534,RidgeCov,0.25967466831207275,TargetRidge,0.4907022714614868,0.23102760314941406,RidgeCov,0.25967466831207275,0.0
1535,RidgeCov,0.26891228556632996,TargetRidge,0.4811112880706787,0.21219900250434875,RidgeCov,0.26891228556632996,0.0
1536,RidgeCov,0.2672170102596283,TargetRidge,0.4345732629299164,0.16735625267028809,RidgeCov,0.2672170102596283,0.0
1537,RidgeCov,0.2856045067310333,TargetRidge,0.4340553283691406,0.1484508216381073,RidgeCov,0.2856045067310333,0.0
1538,RidgeCov,0.26395443081855774,TargetRidge,0.4223978519439697,0.158443421125412,RidgeCov,0.26395443081855774,0.0
1539,RidgeCov,0.2836438715457916,TargetRidge,0.4086667597293854,0.12502288818359375,RidgeCov,0.2836438715457916,0.0
1540,RidgeCov,0.26841792464256287,TargetRidge,0.40611162781715393,0.13769370317459106,RidgeCov,0.26841792464256287,0.0
1541,RidgeCov,0.30238595604896545,TargetRidge,0.3979455530643463,0.09555959701538086,RidgeCov,0.30238595604896545,0.0
1542,RidgeCov,0.28296926617622375,TargetRidge,0.3984818160533905,0.11551254987716675,RidgeCov,0.28296926617622375,0.0
1543,RidgeCov,0.30467864871025085,TargetRidge,0.38299766182899475,0.0783190131187439,RidgeCov,0.30467864871025085,0.0
1544,RidgeCov,0.3718849718570709,TargetRidge,0.3754817545413971,0.003596782684326172,RidgeCov,0.3718849718570709,0.0
1545,RidgeCov,0.33054909110069275,TargetRidge,0.3728598654270172,0.04231077432632446,RidgeCov,0.33054909110069275,0.0
1546,RidgeCov,0.3263205587863922,TargetRidge,0.36149874329566956,0.035178184509277344,RidgeCov,0.3263205587863922,0.0
1547,RidgeCov,0.32169410586357117,TargetRidge,0.35592904686927795,0.03423494100570679,RidgeCov,0.32169410586357117,0.0
1548,TargetRidge,0.3554185628890991,RidgeCov,0.35612359642982483,0.000705033540725708,RidgeCov,0.35612359642982483,0.000705033540725708
1549,RidgeCov,0.33129701018333435,TargetRidge,0.34768763184547424,0.016390621662139893,RidgeCov,0.33129701018333435,0.0
1550,RidgeCov,0.3382435739040375,TargetRidge,0.34526538848876953,0.007021814584732056,RidgeCov,0.3382435739040375,0.0
1551,RidgeCov,0.3082404136657715,TargetRidge,0.33441153168678284,0.026171118021011353,RidgeCov,0.3082404136657715,0.0
1552,RidgeCov,0.32443317770957947,TargetRidge,0.3417360782623291,0.017302900552749634,RidgeCov,0.32443317770957947,0.0
1553,TargetRidge,0.32324913144111633,RidgeCov,0.33498629927635193,0.011737167835235596,RidgeCov,0.33498629927635193,0.011737167835235596
1554,TargetRidge,0.31929537653923035,RidgeCov,0.32811179757118225,0.008816421031951904,RidgeCov,0.32811179757118225,0.008816421031951904
1555,RidgeCov,0.32077595591545105,TargetRidge,0.332710862159729,0.011934906244277954,RidgeCov,0.32077595591545105,0.0
1556,RidgeCov,0.3185782730579376,TargetRidge,0.33681049942970276,0.018232226371765137,RidgeCov,0.3185782730579376,0.0
1557,RidgeCov,0.31709298491477966,TargetRidge,0.33633556962013245,0.019242584705352783,RidgeCov,0.31709298491477966,0.0
1558,RidgeCov,0.300987184047699,TargetRidge,0.3259742558002472,0.024987071752548218,RidgeCov,0.300987184047699,0.0
1559,RidgeCov,0.295074462890625,TargetRidge,0.3287637531757355,0.033689290285110474,RidgeCov,0.295074462890625,0.0
1560,RidgeCov,0.2892085015773773,TargetRidge,0.33926597237586975,0.05005747079849243,RidgeCov,0.2892085015773773,0.0
1561,RidgeCov,0.27996107935905457,TargetRidge,0.3501347005367279,0.07017362117767334,RidgeCov,0.27996107935905457,0.0
1562,RidgeCov,0.27764806151390076,TargetRidge,0.35588669776916504,0.07823863625526428,RidgeCov,0.27764806151390076,0.0
1563,RidgeCov,0.26836976408958435,TargetRidge,0.35978376865386963,0.09141400456428528,RidgeCov,0.26836976408958435,0.0
1564,RidgeCov,0.2797110080718994,TargetRidge,0.37110185623168945,0.09139084815979004,RidgeCov,0.2797110080718994,0.0
1565,RidgeCov,0.27269938588142395,TargetRidge,0.37017688155174255,0.0974774956703186,RidgeCov,0.27269938588142395,0.0
1566,RidgeCov,0.2647818624973297,TargetRidge,0.3846808969974518,0.11989903450012207,RidgeCov,0.2647818624973297,0.0
1567,RidgeCov,0.28458285331726074,TargetRidge,0.3851895332336426,0.10060667991638184,RidgeCov,0.28458285331726074,0.0
1568,RidgeCov,0.2791288197040558,TargetRidge,0.4026505947113037,0.12352177500724792,RidgeCov,0.2791288197040558,0.0
1569,RidgeCov,0.29504674673080444,TargetRidge,0.41068243980407715,0.1156356930732727,RidgeCov,0.29504674673080444,0.0
1570,RidgeCov,0.29485222697257996,TargetRidge,0.4125818908214569,0.11772966384887695,RidgeCov,0.29485222697257996,0.0
1571,RidgeCov,0.29471635818481445,TargetRidge,0.41917240619659424,0.12445604801177979,RidgeCov,0.29471635818481445,0.0
1572,RidgeCov,0.30523180961608887,TargetRidge,0.42827534675598145,0.12304353713989258,RidgeCov,0.30523180961608887,0.0
1573,RidgeCov,0.3246232271194458,TargetRidge,0.46170374751091003,0.13708052039146423,RidgeCov,0.3246232271194458,0.0
1574,RidgeCov,0.32377684116363525,TargetRidge,0.49440133571624756,0.1706244945526123,RidgeCov,0.32377684116363525,0.0
1575,RidgeCov,0.3234647214412689,TargetRidge,0.5324391722679138,0.2089744508266449,RidgeCov,0.3234647214412689,0.0
1576,RidgeCov,0.33503660559654236,TargetRidge,0.5557147860527039,0.2206781804561615,RidgeCov,0.33503660559654236,0.0
1577,RidgeCov,0.31978368759155273,TargetRidge,0.5755084753036499,0.25572478771209717,RidgeCov,0.31978368759155273,0.0
1578,RidgeCov,0.3274736702442169,TargetRidge,0.5823249220848083,0.25485125184059143,RidgeCov,0.3274736702442169,0.0
1579,RidgeCov,0.3242773413658142,TargetRidge,0.5875071287155151,0.2632297873497009,RidgeCov,0.3242773413658142,0.0
1580,RidgeCov,0.32782915234565735,TargetRidge,0.5909110903739929,0.26308193802833557,RidgeCov,0.32782915234565735,0.0
1581,RidgeCov,0.320904016494751,TargetRidge,0.5931403636932373,0.27223634719848633,RidgeCov,0.320904016494751,0.0
1582,RidgeCov,0.37163832783699036,TargetRidge,0.5942776799201965,0.22263935208320618,RidgeCov,0.37163832783699036,0.0
1583,RidgeCov,0.3611208498477936,TargetRidge,0.5961037278175354,0.23498287796974182,RidgeCov,0.3611208498477936,0.0
1584,RidgeCov,0.38552311062812805,TargetRidge,0.5967941284179688,0.2112710177898407,RidgeCov,0.38552311062812805,0.0
1585,RidgeCov,0.3980918824672699,TargetRidge,0.5995563864707947,0.20146450400352478,RidgeCov,0.3980918824672699,0.0
1586,RidgeCov,0.4256265163421631,TargetRidge,0.6000677347183228,0.17444121837615967,RidgeCov,0.4256265163421631,0.0
1587,RidgeCov,0.43210098147392273,TargetRidge,0.6004683971405029,0.1683674156665802,RidgeCov,0.43210098147392273,0.0
1588,RidgeCov,0.45617568492889404,TargetRidge,0.5982651114463806,0.14208942651748657,RidgeCov,0.45617568492889404,0.0
1589,RidgeCov,0.46074438095092773,TargetRidge,0.5962288975715637,0.135484516620636,RidgeCov,0.46074438095092773,0.0
1590,RidgeCov,0.4567619562149048,TargetRidge,0.5919795632362366,0.1352176070213318,RidgeCov,0.4567619562149048,0.0
1591,RidgeCov,0.4335215389728546,TargetRidge,0.5898808836936951,0.15635934472084045,RidgeCov,0.4335215389728546,0.0
1592,RidgeCov,0.47784754633903503,TargetRidge,0.5860113501548767,0.10816380381584167,RidgeCov,0.47784754633903503,0.0
1593,RidgeCov,0.4932578504085541,TargetRidge,0.582602858543396,0.08934500813484192,RidgeCov,0.4932578504085541,0.0
1594,RidgeCov,0.49974337220191956,TargetRidge,0.5809822082519531,0.08123883605003357,RidgeCov,0.49974337220191956,0.0
1595,RidgeCov,0.5147769451141357,TargetRidge,0.5765547156333923,0.06177777051925659,RidgeCov,0.5147769451141357,0.0
1596,RidgeCov,0.5444706082344055,TargetRidge,0.5716602206230164,0.02718961238861084,RidgeCov,0.5444706082344055,0.0
1597,RidgeCov,0.5391471982002258,TargetRidge,0.5697119235992432,0.030564725399017334,RidgeCov,0.5391471982002258,0.0
1598,RidgeCov,0.5593062043190002,TargetRidge,0.5631467700004578,0.0038405656814575195,RidgeCov,0.5593062043190002,0.0
1599,TargetRidge,0.559844434261322,RidgeCov,0.5644491314888,0.004604697227478027,RidgeCov,0.5644491314888,0.004604697227478027
1600,TargetRidge,0.5541309714317322,RidgeCov,0.5595597624778748,0.005428791046142578,RidgeCov,0.5595597624778748,0.005428791046142578
1601,TargetRidge,0.547457754611969,RidgeCov,0.5510367751121521,0.0035790205001831055,RidgeCov,0.5510367751121521,0.0035790205001831055
1602,TargetRidge,0.5448856949806213,RidgeCov,0.5890123248100281,0.04412662982940674,RidgeCov,0.5890123248100281,0.04412662982940674
1603,TargetRidge,0.5396744608879089,RidgeCov,0.559556245803833,0.019881784915924072,RidgeCov,0.559556245803833,0.019881784915924072
1604,TargetRidge,0.5341976284980774,RidgeCov,0.6146742105484009,0.08047658205032349,RidgeCov,0.6146742105484009,0.08047658205032349
1605,TargetRidge,0.5229973793029785,RidgeCov,0.58626788854599,0.06327050924301147,RidgeCov,0.58626788854599,0.06327050924301147
1606,TargetRidge,0.5179724097251892,RidgeCov,0.5761573314666748,0.058184921741485596,RidgeCov,0.5761573314666748,0.058184921741485596
1607,TargetRidge,0.5165183544158936,RidgeCov,0.5824907422065735,0.06597238779067993,RidgeCov,0.5824907422065735,0.06597238779067993
1608,TargetRidge,0.5016160011291504,RidgeCov,0.5764626860618591,0.07484668493270874,RidgeCov,0.5764626860618591,0.07484668493270874
1609,TargetRidge,0.4920109212398529,RidgeCov,0.5797621607780457,0.08775123953819275,RidgeCov,0.5797621607780457,0.08775123953819275
1610,TargetRidge,0.4821726381778717,RidgeCov,0.5704147815704346,0.08824214339256287,RidgeCov,0.5704147815704346,0.08824214339256287
1611,TargetRidge,0.4722496271133423,RidgeCov,0.5573840737342834,0.08513444662094116,RidgeCov,0.5573840737342834,0.08513444662094116
1612,TargetRidge,0.4600341320037842,RidgeCov,0.5630919933319092,0.103057861328125,RidgeCov,0.5630919933319092,0.103057861328125
1613,TargetRidge,0.4533444344997406,RidgeCov,0.5119175910949707,0.0585731565952301,RidgeCov,0.5119175910949707,0.0585731565952301
1614,TargetRidge,0.43974757194519043,RidgeCov,0.5761037468910217,0.1363561749458313,RidgeCov,0.5761037468910217,0.1363561749458313
1615,TargetRidge,0.43116703629493713,RidgeCov,0.5230540633201599,0.09188702702522278,RidgeCov,0.5230540633201599,0.09188702702522278
1616,TargetRidge,0.42095670104026794,RidgeCov,0.5071589946746826,0.08620229363441467,RidgeCov,0.5071589946746826,0.08620229363441467
1617,TargetRidge,0.40827250480651855,RidgeCov,0.4602653980255127,0.05199289321899414,RidgeCov,0.4602653980255127,0.05199289321899414
1618,TargetRidge,0.39274588227272034,RidgeCov,0.48784080147743225,0.09509491920471191,RidgeCov,0.48784080147743225,0.09509491920471191
1619,TargetRidge,0.38540884852409363,RidgeCov,0.5177702307701111,0.13236138224601746,RidgeCov,0.5177702307701111,0.13236138224601746
1620,TargetRidge,0.378817081451416,RidgeCov,0.4913286864757538,0.11251160502433777,RidgeCov,0.4913286864757538,0.11251160502433777
1621,TargetRidge,0.37661075592041016,RidgeCov,0.5212320685386658,0.14462131261825562,RidgeCov,0.5212320685386658,0.14462131261825562
1622,TargetRidge,0.37748798727989197,RidgeCov,0.5077817440032959,0.13029375672340393,RidgeCov,0.5077817440032959,0.13029375672340393
1623,TargetRidge,0.3866027593612671,RidgeCov,0.5045943260192871,0.11799156665802002,RidgeCov,0.5045943260192871,0.11799156665802002
1624,TargetRidge,0.4014018476009369,RidgeCov,0.45249852538108826,0.05109667778015137,RidgeCov,0.45249852538108826,0.05109667778015137
1625,TargetRidge,0.3971351683139801,RidgeCov,0.42202380299568176,0.02488863468170166,RidgeCov,0.42202380299568176,0.02488863468170166
1626,RidgeCov,0.38082852959632874,TargetRidge,0.41322818398475647,0.032399654388427734,RidgeCov,0.38082852959632874,0.0
1627,TargetRidge,0.41187119483947754,RidgeCov,0.4216022789478302,0.009731084108352661,RidgeCov,0.4216022789478302,0.009731084108352661
1628,TargetRidge,0.42275580763816833,RidgeCov,0.44767382740974426,0.024918019771575928,RidgeCov,0.44767382740974426,0.024918019771575928
1629,TargetRidge,0.43159690499305725,RidgeCov,0.46532806754112244,0.033731162548065186,RidgeCov,0.46532806754112244,0.033731162548065186
1630,RidgeCov,0.44176873564720154,TargetRidge,0.455997109413147,0.014228373765945435,RidgeCov,0.44176873564720154,0.0
1631,RidgeCov,0.46455061435699463,TargetRidge,0.4675789177417755,0.003028303384780884,RidgeCov,0.46455061435699463,0.0
1632,RidgeCov,0.45890069007873535,TargetRidge,0.49022141098976135,0.031320720911026,RidgeCov,0.45890069007873535,0.0
1633,RidgeCov,0.4818316400051117,TargetRidge,0.5254890322685242,0.043657392263412476,RidgeCov,0.4818316400051117,0.0
1634,RidgeCov,0.4498074948787689,TargetRidge,0.55344158411026,0.10363408923149109,RidgeCov,0.4498074948787689,0.0
1635,RidgeCov,0.4490833282470703,TargetRidge,0.5703306198120117,0.1212472915649414,RidgeCov,0.4490833282470703,0.0
1636,RidgeCov,0.3569506108760834,TargetRidge,0.6477978825569153,0.2908472716808319,RidgeCov,0.3569506108760834,0.0
1637,RidgeCov,0.2671167850494385,TargetRidge,0.6873965263366699,0.42027974128723145,RidgeCov,0.2671167850494385,0.0
1638,RidgeCov,0.33564862608909607,TargetRidge,0.7924346327781677,0.45678600668907166,RidgeCov,0.33564862608909607,0.0
1639,RidgeCov,0.2795373499393463,TargetRidge,0.8208539485931396,0.5413166284561157,RidgeCov,0.2795373499393463,0.0
1640,RidgeCov,0.42085179686546326,TargetRidge,0.6290172934532166,0.2081654965877533,RidgeCov,0.42085179686546326,0.0
1641,RidgeCov,0.31937745213508606,EWMFast,0.733107328414917,0.41372987627983093,RidgeCov,0.31937745213508606,0.0
1642,RidgeCov,0.38508033752441406,EWMFast,0.7178996205329895,0.33281928300857544,RidgeCov,0.38508033752441406,0.0
1643,RidgeCov,0.3090417981147766,EWMFast,0.7356826663017273,0.4266408681869507,RidgeCov,0.3090417981147766,0.0
1644,RidgeCov,0.3466203212738037,TargetRidge,0.7671002745628357,0.420479953289032,RidgeCov,0.3466203212738037,0.0
1645,RidgeCov,0.28832557797431946,TargetRidge,0.7902371287345886,0.5019115209579468,RidgeCov,0.28832557797431946,0.0
1646,RidgeCov,0.32021597027778625,MeanRevertSlow,0.8202818036079407,0.500065803527832,RidgeCov,0.32021597027778625,0.0
1647,RidgeCov,0.26817747950553894,MeanRevertSlow,0.8270902633666992,0.5589127540588379,RidgeCov,0.26817747950553894,0.0
1648,RidgeCov,0.2466651201248169,ZeroPred,0.9525577425956726,0.7058926224708557,RidgeCov,0.2466651201248169,0.0
1649,RidgeCov,0.2559194564819336,MeanRevertSlow,0.8841960430145264,0.6282765865325928,RidgeCov,0.2559194564819336,0.0
1650,RidgeCov,0.2515724003314972,ZeroPred,0.9180758595466614,0.6665034294128418,RidgeCov,0.2515724003314972,0.0
1651,RidgeCov,0.25474172830581665,TargetRidge,0.784710168838501,0.5299684405326843,RidgeCov,0.25474172830581665,0.0
1652,RidgeCov,0.239907905459404,MeanRevertSlow,0.8073804378509521,0.567472517490387,RidgeCov,0.239907905459404,0.0
1653,RidgeCov,0.20980580151081085,TargetRidge,0.7611973881721497,0.5513916015625,RidgeCov,0.20980580151081085,0.0
1654,RidgeCov,0.2218029499053955,TargetRidge,0.48651131987571716,0.26470836997032166,RidgeCov,0.2218029499053955,0.0
1655,RidgeCov,0.19920094311237335,TargetRidge,0.4107501804828644,0.21154923737049103,RidgeCov,0.19920094311237335,0.0
1656,RidgeCov,0.2191026657819748,TargetRidge,0.4200676679611206,0.2009650021791458,RidgeCov,0.2191026657819748,0.0
1657,RidgeCov,0.20697002112865448,TargetRidge,0.4140182435512543,0.2070482224225998,RidgeCov,0.20697002112865448,0.0
1658,RidgeCov,0.22027774155139923,TargetRidge,0.3797515332698822,0.15947379171848297,RidgeCov,0.22027774155139923,0.0
1659,RidgeCov,0.22697341442108154,TargetRidge,0.4698868691921234,0.24291345477104187,RidgeCov,0.22697341442108154,0.0
1660,RidgeCov,0.2168329507112503,TargetRidge,0.2893505394458771,0.07251758873462677,RidgeCov,0.2168329507112503,0.0
1661,RidgeCov,0.2227090448141098,TargetRidge,0.31520968675613403,0.09250064194202423,RidgeCov,0.2227090448141098,0.0
1662,RidgeCov,0.20396821200847626,TargetRidge,0.2523753345012665,0.04840712249279022,RidgeCov,0.20396821200847626,0.0
1663,RidgeCov,0.22664307057857513,TargetRidge,0.31760478019714355,0.09096170961856842,RidgeCov,0.22664307057857513,0.0
1664,TargetRidge,0.21713431179523468,RidgeCov,0.2184298038482666,0.0012954920530319214,RidgeCov,0.2184298038482666,0.0012954920530319214
1665,RidgeCov,0.20953451097011566,TargetRidge,0.21295225620269775,0.0034177452325820923,RidgeCov,0.20953451097011566,0.0
1666,RidgeCov,0.19262100756168365,TargetRidge,0.26060640811920166,0.067985400557518,RidgeCov,0.19262100756168365,0.0
1667,RidgeCov,0.20155370235443115,TargetRidge,0.22737419605255127,0.025820493698120117,RidgeCov,0.20155370235443115,0.0
1668,RidgeCov,0.20588774979114532,TargetRidge,0.21113531291484833,0.005247563123703003,RidgeCov,0.20588774979114532,0.0
1669,TargetRidge,0.2024272233247757,RidgeCov,0.21178680658340454,0.009359583258628845,RidgeCov,0.21178680658340454,0.009359583258628845
1670,TargetRidge,0.1872844696044922,RidgeCov,0.2040560394525528,0.016771569848060608,RidgeCov,0.2040560394525528,0.016771569848060608
1671,TargetRidge,0.19269539415836334,RidgeCov,0.20402701199054718,0.011331617832183838,RidgeCov,0.20402701199054718,0.011331617832183838
1672,TargetRidge,0.1958877295255661,RidgeCov,0.23428113758563995,0.03839340806007385,RidgeCov,0.23428113758563995,0.03839340806007385
1673,TargetRidge,0.1745402216911316,RidgeCov,0.23492610454559326,0.06038588285446167,RidgeCov,0.23492610454559326,0.06038588285446167
1674,TargetRidge,0.1796882599592209,RidgeCov,0.2490629106760025,0.06937465071678162,RidgeCov,0.2490629106760025,0.06937465071678162
1675,TargetRidge,0.18255014717578888,RidgeCov,0.24503713846206665,0.06248699128627777,RidgeCov,0.24503713846206665,0.06248699128627777
1676,TargetRidge,0.17921872437000275,RidgeCov,0.20648057758808136,0.027261853218078613,RidgeCov,0.20648057758808136,0.027261853218078613
1677,TargetRidge,0.18366402387619019,RidgeCov,0.24468667805194855,0.06102265417575836,RidgeCov,0.24468667805194855,0.06102265417575836
1678,TargetRidge,0.18802471458911896,RidgeCov,0.20229624211788177,0.014271527528762817,RidgeCov,0.20229624211788177,0.014271527528762817
1679,TargetRidge,0.1928958147764206,RidgeCov,0.2311355322599411,0.03823971748352051,RidgeCov,0.2311355322599411,0.03823971748352051
1680,RidgeCov,0.22623421251773834,TargetRidge,0.24420905113220215,0.017974838614463806,RidgeCov,0.22623421251773834,0.0
1681,TargetRidge,0.21760602295398712,RidgeCov,0.25641193985939026,0.03880591690540314,RidgeCov,0.25641193985939026,0.03880591690540314
1682,RidgeCov,0.2391054779291153,TargetRidge,0.25070324540138245,0.011597767472267151,RidgeCov,0.2391054779291153,0.0
1683,TargetRidge,0.2632865011692047,RidgeCov,0.2642461955547333,0.0009596943855285645,RidgeCov,0.2642461955547333,0.0009596943855285645
1684,RidgeCov,0.25456666946411133,TargetRidge,0.29654574394226074,0.041979074478149414,RidgeCov,0.25456666946411133,0.0
1685,RidgeCov,0.24356289207935333,TargetRidge,0.2968662977218628,0.05330340564250946,RidgeCov,0.24356289207935333,0.0
1686,RidgeCov,0.2208145707845688,TargetRidge,0.2683890759944916,0.04757450520992279,RidgeCov,0.2208145707845688,0.0
1687,RidgeCov,0.2574080228805542,TargetRidge,0.36527466773986816,0.10786664485931396,RidgeCov,0.2574080228805542,0.0
1688,RidgeCov,0.2175777405500412,TargetRidge,0.3098301887512207,0.0922524482011795,RidgeCov,0.2175777405500412,0.0
1689,RidgeCov,0.2733159065246582,TargetRidge,0.3120805025100708,0.0387645959854126,RidgeCov,0.2733159065246582,0.0
1690,RidgeCov,0.23529691994190216,TargetRidge,0.3822634518146515,0.14696653187274933,RidgeCov,0.23529691994190216,0.0
1691,RidgeCov,0.25166377425193787,TargetRidge,0.4831514060497284,0.23148763179779053,RidgeCov,0.25166377425193787,0.0
1692,RidgeCov,0.24632064998149872,TargetRidge,0.4029068648815155,0.15658621490001678,RidgeCov,0.24632064998149872,0.0
1693,RidgeCov,0.25301429629325867,TargetRidge,0.5254247784614563,0.27241048216819763,RidgeCov,0.25301429629325867,0.0
1694,RidgeCov,0.27939167618751526,TargetRidge,0.4799298048019409,0.20053812861442566,RidgeCov,0.27939167618751526,0.0
1695,RidgeCov,0.23518912494182587,TargetRidge,0.5977878570556641,0.362598717212677,RidgeCov,0.23518912494182587,0.0
1696,RidgeCov,0.2807422876358032,TargetRidge,0.6104202270507812,0.329677939414978,RidgeCov,0.2807422876358032,0.0
1697,RidgeCov,0.24356359243392944,TargetRidge,0.5932684540748596,0.3497048616409302,RidgeCov,0.24356359243392944,0.0
1698,RidgeCov,0.24431408941745758,TargetRidge,0.7968263626098633,0.5525122880935669,RidgeCov,0.24431408941745758,0.0
1699,RidgeCov,0.2526744306087494,TargetRidge,0.6286444067955017,0.3759699761867523,RidgeCov,0.2526744306087494,0.0
1700,RidgeCov,0.23209136724472046,TargetRidge,0.8359043598175049,0.6038129925727844,RidgeCov,0.23209136724472046,0.0
1701,RidgeCov,0.23608922958374023,TargetRidge,0.8324453830718994,0.5963561534881592,RidgeCov,0.23608922958374023,0.0
1702,RidgeCov,0.22810356318950653,TargetRidge,0.715776264667511,0.48767268657684326,RidgeCov,0.22810356318950653,0.0
1703,RidgeCov,0.23041117191314697,TargetRidge,0.8455445170402527,0.6151333451271057,RidgeCov,0.23041117191314697,0.0
1704,RidgeCov,0.2036702185869217,TargetRidge,0.8713607788085938,0.6676905751228333,RidgeCov,0.2036702185869217,0.0
1705,RidgeCov,0.22152911126613617,TargetRidge,0.9344977736473083,0.712968647480011,RidgeCov,0.22152911126613617,0.0
1706,RidgeCov,0.20774692296981812,TargetRidge,0.8534703850746155,0.6457234621047974,RidgeCov,0.20774692296981812,0.0
1707,RidgeCov,0.19873656332492828,TargetRidge,1.0314077138900757,0.8326711654663086,RidgeCov,0.19873656332492828,0.0
1708,RidgeCov,0.16881322860717773,TargetRidge,0.8553029894828796,0.6864897608757019,RidgeCov,0.16881322860717773,0.0
1709,RidgeCov,0.20191223919391632,TargetRidge,1.1774297952651978,0.9755175709724426,RidgeCov,0.20191223919391632,0.0
1710,RidgeCov,0.1898641437292099,TargetRidge,1.1803810596466064,0.9905169010162354,RidgeCov,0.1898641437292099,0.0
1711,RidgeCov,0.18739260733127594,TargetRidge,1.0030848979949951,0.8156923055648804,RidgeCov,0.18739260733127594,0.0
1712,RidgeCov,0.175298273563385,TargetRidge,1.2479535341262817,1.072655200958252,RidgeCov,0.175298273563385,0.0
1713,RidgeCov,0.17256493866443634,TargetRidge,1.350020408630371,1.1774554252624512,RidgeCov,0.17256493866443634,0.0
1714,RidgeCov,0.18178968131542206,Persistence,1.4294568300247192,1.2476671934127808,RidgeCov,0.18178968131542206,0.0
1715,RidgeCov,0.1641375869512558,TargetRidge,1.1100043058395386,0.9458667039871216,RidgeCov,0.1641375869512558,0.0
1716,RidgeCov,0.16697172820568085,TargetRidge,1.1137267351150513,0.9467549920082092,RidgeCov,0.16697172820568085,0.0
1717,RidgeCov,0.19127213954925537,TargetRidge,1.3758987188339233,1.184626579284668,RidgeCov,0.19127213954925537,0.0
1718,RidgeCov,0.2057548314332962,Trend,1.287211298942566,1.0814564228057861,RidgeCov,0.2057548314332962,0.0
1719,RidgeCov,0.16102135181427002,TargetRidge,1.0705407857894897,0.9095194339752197,RidgeCov,0.16102135181427002,0.0
1720,RidgeCov,0.17660075426101685,TargetRidge,1.3231247663497925,1.1465239524841309,RidgeCov,0.17660075426101685,0.0
1721,RidgeCov,0.1959996223449707,TargetRidge,1.109531283378601,0.9135316610336304,RidgeCov,0.1959996223449707,0.0
1722,RidgeCov,0.16842754185199738,Trend,1.0872353315353394,0.9188078045845032,RidgeCov,0.16842754185199738,0.0
1723,RidgeCov,0.186509370803833,TargetRidge,1.2597943544387817,1.0732849836349487,RidgeCov,0.186509370803833,0.0
1724,RidgeCov,0.1857587695121765,Trend,1.1650375127792358,0.9792787432670593,RidgeCov,0.1857587695121765,0.0
1725,RidgeCov,0.1775229126214981,TargetRidge,1.1721619367599487,0.9946390390396118,RidgeCov,0.1775229126214981,0.0
1726,RidgeCov,0.22935377061367035,TargetRidge,1.2302340269088745,1.000880241394043,RidgeCov,0.22935377061367035,0.0
1727,RidgeCov,0.17205865681171417,Trend,1.1383832693099976,0.9663246273994446,RidgeCov,0.17205865681171417,0.0
1728,RidgeCov,0.19543039798736572,TargetRidge,1.1913443803787231,0.9959139823913574,RidgeCov,0.19543039798736572,0.0
1729,RidgeCov,0.16293422877788544,TargetRidge,1.0146055221557617,0.8516712784767151,RidgeCov,0.16293422877788544,0.0
1730,RidgeCov,0.1624811291694641,Trend,1.0254982709884644,0.8630171418190002,RidgeCov,0.1624811291694641,0.0
1731,RidgeCov,0.16958999633789062,TargetRidge,1.012751579284668,0.8431615829467773,RidgeCov,0.16958999633789062,0.0
1732,RidgeCov,0.1946740597486496,TargetRidge,0.9648682475090027,0.7701941728591919,RidgeCov,0.1946740597486496,0.0
1733,RidgeCov,0.22646838426589966,Trend,1.1325898170471191,0.9061214327812195,RidgeCov,0.22646838426589966,0.0
1734,RidgeCov,0.20714671909809113,TargetRidge,0.9095373749732971,0.7023906707763672,RidgeCov,0.20714671909809113,0.0
1735,RidgeCov,0.23551464080810547,TargetRidge,0.894183874130249,0.6586692333221436,RidgeCov,0.23551464080810547,0.0
1736,RidgeCov,0.22717897593975067,TargetRidge,0.7165670990943909,0.489388108253479,RidgeCov,0.22717897593975067,0.0
1737,RidgeCov,0.21542298793792725,TargetRidge,0.624866247177124,0.4094432592391968,RidgeCov,0.21542298793792725,0.0
1738,RidgeCov,0.2043665200471878,TargetRidge,0.7071332931518555,0.5027667880058289,RidgeCov,0.2043665200471878,0.0
1739,RidgeCov,0.24766986072063446,TargetRidge,0.7017474174499512,0.4540775418281555,RidgeCov,0.24766986072063446,0.0
1740,RidgeCov,0.292005717754364,TargetRidge,0.4606965482234955,0.16869083046913147,RidgeCov,0.292005717754364,0.0
1741,RidgeCov,0.26624491810798645,TargetRidge,0.5473080277442932,0.28106310963630676,RidgeCov,0.26624491810798645,0.0
1742,RidgeCov,0.2362266331911087,TargetRidge,0.561665415763855,0.32543879747390747,RidgeCov,0.2362266331911087,0.0
1743,RidgeCov,0.2328011393547058,TargetRidge,0.45879706740379333,0.22599592804908752,RidgeCov,0.2328011393547058,0.0
1744,RidgeCov,0.2694986164569855,TargetRidge,0.5898469090461731,0.3203482925891876,RidgeCov,0.2694986164569855,0.0
1745,RidgeCov,0.2550162374973297,TargetRidge,0.4254414141178131,0.1704251766204834,RidgeCov,0.2550162374973297,0.0
1746,RidgeCov,0.27283385396003723,TargetRidge,0.43666577339172363,0.1638319194316864,RidgeCov,0.27283385396003723,0.0
1747,RidgeCov,0.23005454242229462,TargetRidge,0.40665265917778015,0.17659811675548553,RidgeCov,0.23005454242229462,0.0
1748,RidgeCov,0.23413212597370148,TargetRidge,0.43939223885536194,0.20526011288166046,RidgeCov,0.23413212597370148,0.0
1749,RidgeCov,0.2505277693271637,TargetRidge,0.46317145228385925,0.21264368295669556,RidgeCov,0.2505277693271637,0.0
1750,RidgeCov,0.2561548352241516,TargetRidge,0.4489499032497406,0.192795068025589,RidgeCov,0.2561548352241516,0.0
1751,RidgeCov,0.23206858336925507,TargetRidge,0.44846734404563904,0.21639876067638397,RidgeCov,0.23206858336925507,0.0
1752,RidgeCov,0.26056089997291565,TargetRidge,0.4669479429721832,0.20638704299926758,RidgeCov,0.26056089997291565,0.0
1753,RidgeCov,0.25296902656555176,TargetRidge,0.5173925757408142,0.26442354917526245,RidgeCov,0.25296902656555176,0.0
1754,RidgeCov,0.23881042003631592,TargetRidge,0.4954603612422943,0.2566499412059784,RidgeCov,0.23881042003631592,0.0
1755,RidgeCov,0.25288864970207214,TargetRidge,0.5376080870628357,0.28471943736076355,RidgeCov,0.25288864970207214,0.0
1756,RidgeCov,0.21503181755542755,TargetRidge,0.5744922161102295,0.35946041345596313,RidgeCov,0.21503181755542755,0.0
1757,RidgeCov,0.2074330598115921,TargetRidge,0.5610225200653076,0.3535894751548767,RidgeCov,0.2074330598115921,0.0
1758,RidgeCov,0.26235881447792053,TargetRidge,0.5731489658355713,0.31079015135765076,RidgeCov,0.26235881447792053,0.0
1759,RidgeCov,0.2807098925113678,TargetRidge,0.591746985912323,0.3110370934009552,RidgeCov,0.2807098925113678,0.0
1760,RidgeCov,0.31462183594703674,TargetRidge,0.5892186164855957,0.27459678053855896,RidgeCov,0.31462183594703674,0.0
1761,RidgeCov,0.26472291350364685,TargetRidge,0.5961561799049377,0.3314332664012909,RidgeCov,0.26472291350364685,0.0
1762,RidgeCov,0.23348112404346466,TargetRidge,0.6889376640319824,0.45545655488967896,RidgeCov,0.23348112404346466,0.0
1763,RidgeCov,0.25311633944511414,TargetRidge,0.664463460445404,0.4113471210002899,RidgeCov,0.25311633944511414,0.0
1764,RidgeCov,0.2675607204437256,TargetRidge,0.7231256365776062,0.4555649161338806,RidgeCov,0.2675607204437256,0.0
1765,RidgeCov,0.2500109374523163,TargetRidge,1.0967382192611694,0.8467272520065308,RidgeCov,0.2500109374523163,0.0
1766,RidgeCov,0.2617383301258087,TargetRidge,1.0551979541778564,0.7934596538543701,RidgeCov,0.2617383301258087,0.0
1767,RidgeCov,0.29858604073524475,ZeroPred,1.0490046739578247,0.7504186630249023,RidgeCov,0.29858604073524475,0.0
1768,RidgeCov,0.22430174052715302,ZeroPred,1.011350393295288,0.7870486378669739,RidgeCov,0.22430174052715302,0.0
1769,RidgeCov,0.23342005908489227,ZeroPred,0.9882392287254333,0.7548191547393799,RidgeCov,0.23342005908489227,0.0
1770,RidgeCov,0.22950196266174316,TargetRidge,0.7843615412712097,0.5548595786094666,RidgeCov,0.22950196266174316,0.0
1771,RidgeCov,0.2120950073003769,TargetRidge,0.850553035736084,0.6384580135345459,RidgeCov,0.2120950073003769,0.0
1772,RidgeCov,0.2479393482208252,TargetRidge,0.8376471400260925,0.5897077918052673,RidgeCov,0.2479393482208252,0.0
1773,RidgeCov,0.23238252103328705,TargetRidge,0.6782153248786926,0.4458327889442444,RidgeCov,0.23238252103328705,0.0
1774,RidgeCov,0.35049596428871155,TargetRidge,0.7396815419197083,0.3891855776309967,RidgeCov,0.35049596428871155,0.0
1775,RidgeCov,0.2500527799129486,TargetRidge,0.7119832634925842,0.4619304835796356,RidgeCov,0.2500527799129486,0.0
1776,RidgeCov,0.2585391104221344,TargetRidge,0.7518823742866516,0.4933432638645172,RidgeCov,0.2585391104221344,0.0
1777,RidgeCov,0.21248944103717804,TargetRidge,0.7503728270530701,0.5378834009170532,RidgeCov,0.21248944103717804,0.0
1778,RidgeCov,0.26404479146003723,TargetRidge,0.7432920336723328,0.47924724221229553,RidgeCov,0.26404479146003723,0.0
1779,RidgeCov,0.26444101333618164,TargetRidge,0.5775814652442932,0.3131404519081116,RidgeCov,0.26444101333618164,0.0
1780,RidgeCov,0.22378124296665192,TargetRidge,0.6662022471427917,0.442421019077301,RidgeCov,0.22378124296665192,0.0
1781,RidgeCov,0.20889230072498322,TargetRidge,0.6736575961112976,0.4647653102874756,RidgeCov,0.20889230072498322,0.0
1782,RidgeCov,0.2335340976715088,TargetRidge,0.6500378847122192,0.41650378704071045,RidgeCov,0.2335340976715088,0.0
1783,RidgeCov,0.2588028311729431,TargetRidge,0.5271596312522888,0.2683568000793457,RidgeCov,0.2588028311729431,0.0
1784,RidgeCov,0.17898094654083252,TargetRidge,0.540292501449585,0.36131155490875244,RidgeCov,0.17898094654083252,0.0
1785,RidgeCov,0.24360020458698273,TargetRidge,0.5650265216827393,0.3214263319969177,RidgeCov,0.24360020458698273,0.0
1786,RidgeCov,0.20011039078235626,TargetRidge,0.47090259194374084,0.2707921862602234,RidgeCov,0.20011039078235626,0.0
1787,RidgeCov,0.2280120998620987,TargetRidge,0.5719502568244934,0.3439381718635559,RidgeCov,0.2280120998620987,0.0
1788,RidgeCov,0.22925399243831635,TargetRidge,0.5617037415504456,0.332449734210968,RidgeCov,0.22925399243831635,0.0
1789,RidgeCov,0.2083825021982193,TargetRidge,0.5175943970680237,0.3092119097709656,RidgeCov,0.2083825021982193,0.0
1790,RidgeCov,0.23218069970607758,TargetRidge,0.5646705031394958,0.3324897885322571,RidgeCov,0.23218069970607758,0.0
1791,RidgeCov,0.17454232275485992,TargetRidge,0.6591034531593323,0.48456114530563354,RidgeCov,0.17454232275485992,0.0
1792,RidgeCov,0.15040765702724457,TargetRidge,0.6271333694458008,0.476725697517395,RidgeCov,0.15040765702724457,0.0
1793,RidgeCov,0.21126814186573029,TargetRidge,0.6027702689170837,0.39150214195251465,RidgeCov,0.21126814186573029,0.0
1794,RidgeCov,0.22843341529369354,TargetRidge,0.708162784576416,0.4797293543815613,RidgeCov,0.22843341529369354,0.0
1795,RidgeCov,0.18613679707050323,TargetRidge,0.6011855006217957,0.4150487184524536,RidgeCov,0.18613679707050323,0.0
1796,RidgeCov,0.26178881525993347,TargetRidge,0.5365027785301208,0.2747139632701874,RidgeCov,0.26178881525993347,0.0
1797,RidgeCov,0.1951553374528885,TargetRidge,0.4933064877986908,0.2981511354446411,RidgeCov,0.1951553374528885,0.0
1798,RidgeCov,0.18403935432434082,TargetRidge,0.6131276488304138,0.429088294506073,RidgeCov,0.18403935432434082,0.0
1799,RidgeCov,0.19015376269817352,TargetRidge,0.6157586574554443,0.4256048798561096,RidgeCov,0.19015376269817352,0.0
1800,RidgeCov,0.23584769666194916,TargetRidge,0.574183464050293,0.3383357524871826,RidgeCov,0.23584769666194916,0.0
1801,RidgeCov,0.24123705923557281,TargetRidge,0.47936296463012695,0.23812590539455414,RidgeCov,0.24123705923557281,0.0
1802,RidgeCov,0.19289489090442657,TargetRidge,0.5334274768829346,0.3405326008796692,RidgeCov,0.19289489090442657,0.0
1803,RidgeCov,0.21481305360794067,TargetRidge,0.5332762002944946,0.31846314668655396,RidgeCov,0.21481305360794067,0.0
1804,RidgeCov,0.23146696388721466,TargetRidge,0.5418307185173035,0.31036376953125,RidgeCov,0.23146696388721466,0.0
1805,RidgeCov,0.21958471834659576,TargetRidge,0.4850906431674957,0.26550590991973877,RidgeCov,0.21958471834659576,0.0
1806,RidgeCov,0.26694539189338684,TargetRidge,0.416896253824234,0.14995086193084717,RidgeCov,0.26694539189338684,0.0
1807,RidgeCov,0.25914570689201355,TargetRidge,0.5581892728805542,0.29904356598854065,RidgeCov,0.25914570689201355,0.0
1808,RidgeCov,0.23710568249225616,TargetRidge,0.45773783326148987,0.2206321507692337,RidgeCov,0.23710568249225616,0.0
1809,RidgeCov,0.2418586164712906,TargetRidge,0.48502635955810547,0.24316774308681488,RidgeCov,0.2418586164712906,0.0
1810,RidgeCov,0.24749068915843964,TargetRidge,0.4892753064632416,0.24178461730480194,RidgeCov,0.24749068915843964,0.0
1811,RidgeCov,0.33524981141090393,TargetRidge,0.4269101917743683,0.09166038036346436,RidgeCov,0.33524981141090393,0.0
1812,RidgeCov,0.303329199552536,TargetRidge,0.563310444355011,0.259981244802475,RidgeCov,0.303329199552536,0.0
1813,RidgeCov,0.28770169615745544,TargetRidge,0.4749544560909271,0.18725275993347168,RidgeCov,0.28770169615745544,0.0
1814,RidgeCov,0.30794796347618103,TargetRidge,0.4494539499282837,0.14150598645210266,RidgeCov,0.30794796347618103,0.0
1815,RidgeCov,0.2975342571735382,TargetRidge,0.4208390414714813,0.12330478429794312,RidgeCov,0.2975342571735382,0.0
1816,RidgeCov,0.2566031515598297,TargetRidge,0.38841119408607483,0.13180804252624512,RidgeCov,0.2566031515598297,0.0
1817,RidgeCov,0.317617267370224,TargetRidge,0.36694979667663574,0.04933252930641174,RidgeCov,0.317617267370224,0.0
1818,RidgeCov,0.28149569034576416,TargetRidge,0.461876779794693,0.18038108944892883,RidgeCov,0.28149569034576416,0.0
1819,RidgeCov,0.3201620280742645,TargetRidge,0.3298860490322113,0.009724020957946777,RidgeCov,0.3201620280742645,0.0
1820,RidgeCov,0.30833345651626587,TargetRidge,0.44442129135131836,0.1360878348350525,RidgeCov,0.30833345651626587,0.0
1821,RidgeCov,0.28677234053611755,TargetRidge,0.33324623107910156,0.04647389054298401,RidgeCov,0.28677234053611755,0.0
1822,RidgeCov,0.3105866312980652,TargetRidge,0.33123597502708435,0.020649343729019165,RidgeCov,0.3105866312980652,0.0
1823,RidgeCov,0.2705661952495575,TargetRidge,0.2973862588405609,0.026820063591003418,RidgeCov,0.2705661952495575,0.0
1824,RidgeCov,0.26777687668800354,TargetRidge,0.29258978366851807,0.024812906980514526,RidgeCov,0.26777687668800354,0.0
1825,RidgeCov,0.25408604741096497,TargetRidge,0.2724890112876892,0.018402963876724243,RidgeCov,0.25408604741096497,0.0
1826,RidgeCov,0.2645251452922821,TargetRidge,0.2666655480861664,0.0021404027938842773,RidgeCov,0.2645251452922821,0.0
1827,RidgeCov,0.256318062543869,TargetRidge,0.25963011384010315,0.003312051296234131,RidgeCov,0.256318062543869,0.0
1828,RidgeCov,0.23757274448871613,TargetRidge,0.25311657786369324,0.015543833374977112,RidgeCov,0.23757274448871613,0.0
1829,RidgeCov,0.21729500591754913,TargetRidge,0.2459232062101364,0.02862820029258728,RidgeCov,0.21729500591754913,0.0
1830,RidgeCov,0.22621352970600128,TargetRidge,0.2408776730298996,0.014664143323898315,RidgeCov,0.22621352970600128,0.0
1831,RidgeCov,0.22606436908245087,TargetRidge,0.23571832478046417,0.009653955698013306,RidgeCov,0.22606436908245087,0.0
1832,TargetRidge,0.2355818897485733,RidgeCov,0.2396109253168106,0.004029035568237305,RidgeCov,0.2396109253168106,0.004029035568237305
1833,TargetRidge,0.22900132834911346,RidgeCov,0.229212686419487,0.00021135807037353516,RidgeCov,0.229212686419487,0.00021135807037353516
1834,RidgeCov,0.21690583229064941,TargetRidge,0.22595880925655365,0.009052976965904236,RidgeCov,0.21690583229064941,0.0
1835,RidgeCov,0.21320748329162598,TargetRidge,0.22358548641204834,0.010378003120422363,RidgeCov,0.21320748329162598,0.0
1836,TargetRidge,0.22992096841335297,RidgeCov,0.23362676799297333,0.0037057995796203613,RidgeCov,0.23362676799297333,0.0037057995796203613
1837,RidgeCov,0.21393270790576935,TargetRidge,0.22807924449443817,0.014146536588668823,RidgeCov,0.21393270790576935,0.0
1838,TargetRidge,0.2295045107603073,RidgeCov,0.23459093272686005,0.005086421966552734,RidgeCov,0.23459093272686005,0.005086421966552734
1839,TargetRidge,0.22558289766311646,RidgeCov,0.2315913885831833,0.0060084909200668335,RidgeCov,0.2315913885831833,0.0060084909200668335
1840,TargetRidge,0.2181909829378128,RidgeCov,0.23414306342601776,0.015952080488204956,RidgeCov,0.23414306342601776,0.015952080488204956
1841,RidgeCov,0.2064012736082077,TargetRidge,0.22345662117004395,0.017055347561836243,RidgeCov,0.2064012736082077,0.0
1842,TargetRidge,0.22268705070018768,RidgeCov,0.23231077194213867,0.009623721241950989,RidgeCov,0.23231077194213867,0.009623721241950989
1843,TargetRidge,0.22587965428829193,RidgeCov,0.25150200724601746,0.025622352957725525,RidgeCov,0.25150200724601746,0.025622352957725525
1844,RidgeCov,0.2215089648962021,TargetRidge,0.22657795250415802,0.005068987607955933,RidgeCov,0.2215089648962021,0.0
1845,TargetRidge,0.22489391267299652,RidgeCov,0.25618526339530945,0.03129135072231293,RidgeCov,0.25618526339530945,0.03129135072231293
1846,RidgeCov,0.2319457083940506,TargetRidge,0.2373190075159073,0.0053732991218566895,RidgeCov,0.2319457083940506,0.0
1847,TargetRidge,0.2436995506286621,RidgeCov,0.2569548189640045,0.013255268335342407,RidgeCov,0.2569548189640045,0.013255268335342407
1848,RidgeCov,0.23601387441158295,TargetRidge,0.23927628993988037,0.0032624155282974243,RidgeCov,0.23601387441158295,0.0
1849,RidgeCov,0.2361322045326233,TargetRidge,0.2547864019870758,0.018654197454452515,RidgeCov,0.2361322045326233,0.0
1850,RidgeCov,0.2309884876012802,TargetRidge,0.25711312890052795,0.02612464129924774,RidgeCov,0.2309884876012802,0.0
1851,TargetRidge,0.2679484188556671,RidgeCov,0.2771649658679962,0.009216547012329102,RidgeCov,0.2771649658679962,0.009216547012329102
1852,TargetRidge,0.2685064673423767,RidgeCov,0.271955668926239,0.0034492015838623047,RidgeCov,0.271955668926239,0.0034492015838623047
1853,RidgeCov,0.2637411057949066,TargetRidge,0.2717086970806122,0.007967591285705566,RidgeCov,0.2637411057949066,0.0
1854,RidgeCov,0.2523272931575775,TargetRidge,0.28643959760665894,0.03411230444908142,RidgeCov,0.2523272931575775,0.0
1855,RidgeCov,0.2612212598323822,TargetRidge,0.2973138689994812,0.036092609167099,RidgeCov,0.2612212598323822,0.0
1856,RidgeCov,0.26514551043510437,TargetRidge,0.29985079169273376,0.034705281257629395,RidgeCov,0.26514551043510437,0.0
1857,RidgeCov,0.27318620681762695,TargetRidge,0.3212357461452484,0.04804953932762146,RidgeCov,0.27318620681762695,0.0
1858,RidgeCov,0.27926015853881836,TargetRidge,0.3279860317707062,0.04872587323188782,RidgeCov,0.27926015853881836,0.0
1859,RidgeCov,0.27537938952445984,TargetRidge,0.35037991404533386,0.07500052452087402,RidgeCov,0.27537938952445984,0.0
1860,RidgeCov,0.30362167954444885,TargetRidge,0.3617846965789795,0.05816301703453064,RidgeCov,0.30362167954444885,0.0
1861,RidgeCov,0.2855881154537201,TargetRidge,0.3745861053466797,0.0889979898929596,RidgeCov,0.2855881154537201,0.0
1862,RidgeCov,0.28592005372047424,TargetRidge,0.3864927291870117,0.10057267546653748,RidgeCov,0.28592005372047424,0.0
1863,RidgeCov,0.32198193669319153,TargetRidge,0.39774274826049805,0.07576081156730652,RidgeCov,0.32198193669319153,0.0
1864,RidgeCov,0.29222050309181213,TargetRidge,0.41890212893486023,0.1266816258430481,RidgeCov,0.29222050309181213,0.0
1865,RidgeCov,0.27023574709892273,TargetRidge,0.43193063139915466,0.16169488430023193,RidgeCov,0.27023574709892273,0.0
1866,RidgeCov,0.2954447567462921,TargetRidge,0.4348374307155609,0.1393926739692688,RidgeCov,0.2954447567462921,0.0
1867,RidgeCov,0.2847851514816284,TargetRidge,0.44123825430870056,0.15645310282707214,RidgeCov,0.2847851514816284,0.0
1868,RidgeCov,0.25763601064682007,TargetRidge,0.44332513213157654,0.18568912148475647,RidgeCov,0.25763601064682007,0.0
1869,RidgeCov,0.267143577337265,TargetRidge,0.4445076286792755,0.1773640513420105,RidgeCov,0.267143577337265,0.0
1870,RidgeCov,0.24864117801189423,TargetRidge,0.4508543312549591,0.20221315324306488,RidgeCov,0.24864117801189423,0.0
1871,RidgeCov,0.23454290628433228,TargetRidge,0.450366735458374,0.21582382917404175,RidgeCov,0.23454290628433228,0.0
1872,RidgeCov,0.24393422901630402,TargetRidge,0.46165576577186584,0.21772153675556183,RidgeCov,0.24393422901630402,0.0
1873,RidgeCov,0.23390787839889526,TargetRidge,0.47348833084106445,0.2395804524421692,RidgeCov,0.23390787839889526,0.0
1874,RidgeCov,0.22991323471069336,TargetRidge,0.4728180468082428,0.24290481209754944,RidgeCov,0.22991323471069336,0.0
1875,RidgeCov,0.2623480260372162,TargetRidge,0.4727100133895874,0.21036198735237122,RidgeCov,0.2623480260372162,0.0
1876,RidgeCov,0.21152448654174805,TargetRidge,0.4723025858402252,0.2607780992984772,RidgeCov,0.21152448654174805,0.0
1877,RidgeCov,0.23428373038768768,TargetRidge,0.4693470895290375,0.2350633591413498,RidgeCov,0.23428373038768768,0.0
1878,RidgeCov,0.22826986014842987,TargetRidge,0.4696325361728668,0.24136267602443695,RidgeCov,0.22826986014842987,0.0
1879,RidgeCov,0.19725503027439117,TargetRidge,0.4681960642337799,0.27094101905822754,RidgeCov,0.19725503027439117,0.0
1880,RidgeCov,0.21046829223632812,TargetRidge,0.47241339087486267,0.26194509863853455,RidgeCov,0.21046829223632812,0.0
1881,RidgeCov,0.24335654079914093,TargetRidge,0.4578000605106354,0.21444351971149445,RidgeCov,0.24335654079914093,0.0
1882,RidgeCov,0.2411922812461853,TargetRidge,0.4610748589038849,0.21988257765769958,RidgeCov,0.2411922812461853,0.0
1883,RidgeCov,0.24297010898590088,TargetRidge,0.46039190888404846,0.21742179989814758,RidgeCov,0.24297010898590088,0.0
1884,RidgeCov,0.23223881423473358,TargetRidge,0.46019020676612854,0.22795139253139496,RidgeCov,0.23223881423473358,0.0
1885,RidgeCov,0.2275349348783493,TargetRidge,0.4619443416595459,0.2344094067811966,RidgeCov,0.2275349348783493,0.0
1886,RidgeCov,0.24272441864013672,TargetRidge,0.45740750432014465,0.21468308568000793,RidgeCov,0.24272441864013672,0.0
1887,RidgeCov,0.22968707978725433,TargetRidge,0.4569319486618042,0.22724486887454987,RidgeCov,0.22968707978725433,0.0
1888,RidgeCov,0.22943173348903656,TargetRidge,0.46460023522377014,0.23516850173473358,RidgeCov,0.22943173348903656,0.0
1889,RidgeCov,0.24529480934143066,TargetRidge,0.4619229733943939,0.21662816405296326,RidgeCov,0.24529480934143066,0.0
1890,RidgeCov,0.28117892146110535,TargetRidge,0.4753522574901581,0.19417333602905273,RidgeCov,0.28117892146110535,0.0
1891,RidgeCov,0.2801046371459961,TargetRidge,0.4578641355037689,0.17775949835777283,RidgeCov,0.2801046371459961,0.0
1892,RidgeCov,0.30920103192329407,TargetRidge,0.45748767256736755,0.1482866406440735,RidgeCov,0.30920103192329407,0.0
1893,RidgeCov,0.27096322178840637,TargetRidge,0.45463886857032776,0.1836756467819214,RidgeCov,0.27096322178840637,0.0
1894,RidgeCov,0.3251730501651764,TargetRidge,0.4582366943359375,0.1330636441707611,RidgeCov,0.3251730501651764,0.0
1895,RidgeCov,0.3192325234413147,TargetRidge,0.45087847113609314,0.13164594769477844,RidgeCov,0.3192325234413147,0.0
1896,RidgeCov,0.35803356766700745,TargetRidge,0.45143261551856995,0.0933990478515625,RidgeCov,0.35803356766700745,0.0
1897,RidgeCov,0.3659665584564209,TargetRidge,0.443890780210495,0.0779242217540741,RidgeCov,0.3659665584564209,0.0
1898,RidgeCov,0.3591199219226837,TargetRidge,0.443927139043808,0.08480721712112427,RidgeCov,0.3591199219226837,0.0
1899,RidgeCov,0.3380793035030365,TargetRidge,0.44113221764564514,0.10305291414260864,RidgeCov,0.3380793035030365,0.0
1900,RidgeCov,0.34462034702301025,TargetRidge,0.4348851144313812,0.09026476740837097,RidgeCov,0.34462034702301025,0.0
1901,RidgeCov,0.35853657126426697,TargetRidge,0.46471738815307617,0.1061808168888092,RidgeCov,0.35853657126426697,0.0
1902,RidgeCov,0.34401047229766846,TargetRidge,0.44287601113319397,0.09886553883552551,RidgeCov,0.34401047229766846,0.0
1903,RidgeCov,0.32751914858818054,TargetRidge,0.4218188226222992,0.09429967403411865,RidgeCov,0.32751914858818054,0.0
1904,RidgeCov,0.3562593460083008,TargetRidge,0.41367706656455994,0.057417720556259155,RidgeCov,0.3562593460083008,0.0
1905,RidgeCov,0.3335413932800293,TargetRidge,0.41356560587882996,0.08002421259880066,RidgeCov,0.3335413932800293,0.0
1906,RidgeCov,0.29316475987434387,TargetRidge,0.41694411635398865,0.12377935647964478,RidgeCov,0.29316475987434387,0.0
1907,RidgeCov,0.3097752630710602,TargetRidge,0.45761242508888245,0.14783716201782227,RidgeCov,0.3097752630710602,0.0
1908,RidgeCov,0.3257255256175995,TargetRidge,0.4367675483226776,0.11104202270507812,RidgeCov,0.3257255256175995,0.0
1909,RidgeCov,0.3210887312889099,TargetRidge,0.42338094115257263,0.10229220986366272,RidgeCov,0.3210887312889099,0.0
1910,RidgeCov,0.3111136257648468,TargetRidge,0.4660879373550415,0.1549743115901947,RidgeCov,0.3111136257648468,0.0
1911,RidgeCov,0.2546777129173279,TargetRidge,0.485594779253006,0.2309170663356781,RidgeCov,0.2546777129173279,0.0
1912,RidgeCov,0.2380744218826294,TargetRidge,0.49942898750305176,0.26135456562042236,RidgeCov,0.2380744218826294,0.0
1913,RidgeCov,0.24939166009426117,TargetRidge,0.5346280336380005,0.2852363586425781,RidgeCov,0.24939166009426117,0.0
1914,RidgeCov,0.2820958197116852,TargetRidge,0.5264303088188171,0.24433448910713196,RidgeCov,0.2820958197116852,0.0
1915,RidgeCov,0.28095874190330505,TargetRidge,0.49825549125671387,0.2172967493534088,RidgeCov,0.28095874190330505,0.0
1916,RidgeCov,0.2723330855369568,TargetRidge,0.5369457602500916,0.26461267471313477,RidgeCov,0.2723330855369568,0.0
1917,RidgeCov,0.28733813762664795,TargetRidge,0.5411632657051086,0.2538251280784607,RidgeCov,0.28733813762664795,0.0
1918,RidgeCov,0.25322961807250977,TargetRidge,0.5711169242858887,0.3178873062133789,RidgeCov,0.25322961807250977,0.0
1919,RidgeCov,0.24642975628376007,TargetRidge,0.6076009273529053,0.3611711859703064,RidgeCov,0.24642975628376007,0.0
1920,RidgeCov,0.24843044579029083,TargetRidge,0.6171403527259827,0.368709921836853,RidgeCov,0.24843044579029083,0.0
1921,RidgeCov,0.2575576901435852,TargetRidge,0.6626231670379639,0.40506547689437866,RidgeCov,0.2575576901435852,0.0
1922,RidgeCov,0.22771142423152924,TargetRidge,0.6957497596740723,0.46803832054138184,RidgeCov,0.22771142423152924,0.0
1923,RidgeCov,0.23806531727313995,DampedTrend,0.4775894582271576,0.23952414095401764,RidgeCov,0.23806531727313995,0.0
1924,RidgeCov,0.23530034720897675,DampedTrend,0.6061647534370422,0.3708643913269043,RidgeCov,0.23530034720897675,0.0
1925,RidgeCov,0.226993128657341,Persistence,0.5336883664131165,0.30669522285461426,RidgeCov,0.226993128657341,0.0
1926,RidgeCov,0.24693697690963745,Persistence,0.5494135022163391,0.30247652530670166,RidgeCov,0.24693697690963745,0.0
1927,RidgeCov,0.23337702453136444,DampedTrend,0.5275580286979675,0.2941809892654419,RidgeCov,0.23337702453136444,0.0
1928,RidgeCov,0.25227177143096924,DampedTrend,0.5910102128982544,0.33873844146728516,RidgeCov,0.25227177143096924,0.0
1929,RidgeCov,0.2555234432220459,Persistence,0.6063104271888733,0.3507869839668274,RidgeCov,0.2555234432220459,0.0
1930,RidgeCov,0.25732430815696716,DampedTrend,0.5580869317054749,0.3007626235485077,RidgeCov,0.25732430815696716,0.0
1931,RidgeCov,0.2869751453399658,Persistence,0.7591192722320557,0.47214412689208984,RidgeCov,0.2869751453399658,0.0
1932,RidgeCov,0.2765856683254242,EWMFast,0.8459365963935852,0.5693509578704834,RidgeCov,0.2765856683254242,0.0
1933,RidgeCov,0.27615317702293396,Persistence,0.6774194836616516,0.40126630663871765,RidgeCov,0.27615317702293396,0.0
1934,RidgeCov,0.34825384616851807,Persistence,0.6263007521629333,0.2780469059944153,RidgeCov,0.34825384616851807,0.0
1935,RidgeCov,0.3736940920352936,EWMFast,0.6771793365478516,0.303485244512558,RidgeCov,0.3736940920352936,0.0
1936,RidgeCov,0.2631106972694397,EWMFast,0.6559135317802429,0.3928028345108032,RidgeCov,0.2631106972694397,0.0
1937,RidgeCov,0.3449306786060333,EWMFast,0.6399297714233398,0.2949990928173065,RidgeCov,0.3449306786060333,0.0
1938,RidgeCov,0.3391648828983307,EWMFast,0.6454547643661499,0.3062898814678192,RidgeCov,0.3391648828983307,0.0
1939,RidgeCov,0.3025592267513275,EWMFast,0.6660894751548767,0.3635302484035492,RidgeCov,0.3025592267513275,0.0
1940,RidgeCov,0.2761460542678833,EWMFast,0.6866986155509949,0.4105525612831116,RidgeCov,0.2761460542678833,0.0
1941,RidgeCov,0.3049367070198059,TargetRidge,0.606688916683197,0.3017522096633911,RidgeCov,0.3049367070198059,0.0
1942,RidgeCov,0.2676416337490082,EWMFast,0.7167384028434753,0.44909676909446716,RidgeCov,0.2676416337490082,0.0
1943,RidgeCov,0.2841331362724304,TargetRidge,0.6922042965888977,0.4080711603164673,RidgeCov,0.2841331362724304,0.0
1944,RidgeCov,0.27825263142585754,TargetRidge,0.6361092925071716,0.3578566610813141,RidgeCov,0.27825263142585754,0.0
1945,RidgeCov,0.29629752039909363,TargetRidge,0.6946879029273987,0.39839038252830505,RidgeCov,0.29629752039909363,0.0
1946,RidgeCov,0.22129370272159576,TargetRidge,0.6144766807556152,0.39318299293518066,RidgeCov,0.22129370272159576,0.0
1947,RidgeCov,0.26731908321380615,TargetRidge,0.7154411673545837,0.4481220841407776,RidgeCov,0.26731908321380615,0.0
1948,RidgeCov,0.2684166133403778,TargetRidge,0.5734651684761047,0.30504855513572693,RidgeCov,0.2684166133403778,0.0
1949,RidgeCov,0.3097752034664154,TargetRidge,0.6026520729064941,0.29287686944007874,RidgeCov,0.3097752034664154,0.0
1950,RidgeCov,0.2670516073703766,TargetRidge,0.6634028553962708,0.39635124802589417,RidgeCov,0.2670516073703766,0.0
1951,RidgeCov,0.28391408920288086,TargetRidge,0.4925590455532074,0.20864495635032654,RidgeCov,0.28391408920288086,0.0
1952,RidgeCov,0.2242058515548706,TargetRidge,0.5742738246917725,0.35006797313690186,RidgeCov,0.2242058515548706,0.0
1953,RidgeCov,0.24464404582977295,TargetRidge,0.4653738737106323,0.22072982788085938,RidgeCov,0.24464404582977295,0.0
1954,RidgeCov,0.23162388801574707,TargetRidge,0.5184850692749023,0.2868611812591553,RidgeCov,0.23162388801574707,0.0
1955,RidgeCov,0.21214939653873444,TargetRidge,0.479105681180954,0.26695626974105835,RidgeCov,0.21214939653873444,0.0
1956,RidgeCov,0.2377351075410843,TargetRidge,0.4046405255794525,0.16690541803836823,RidgeCov,0.2377351075410843,0.0
1957,RidgeCov,0.2124098390340805,TargetRidge,0.4018600881099701,0.1894502490758896,RidgeCov,0.2124098390340805,0.0
1958,RidgeCov,0.19972610473632812,TargetRidge,0.40097251534461975,0.20124641060829163,RidgeCov,0.19972610473632812,0.0
1959,RidgeCov,0.2093624621629715,TargetRidge,0.43972480297088623,0.23036234080791473,RidgeCov,0.2093624621629715,0.0
1960,RidgeCov,0.22873730957508087,TargetRidge,0.39191189408302307,0.1631745845079422,RidgeCov,0.22873730957508087,0.0
1961,RidgeCov,0.223016619682312,TargetRidge,0.4131539762020111,0.1901373565196991,RidgeCov,0.223016619682312,0.0
1962,RidgeCov,0.23384986817836761,TargetRidge,0.43940019607543945,0.20555032789707184,RidgeCov,0.23384986817836761,0.0
1963,RidgeCov,0.22269344329833984,TargetRidge,0.3959268629550934,0.17323341965675354,RidgeCov,0.22269344329833984,0.0
1964,RidgeCov,0.20406199991703033,TargetRidge,0.3992696702480316,0.19520767033100128,RidgeCov,0.20406199991703033,0.0
1965,RidgeCov,0.24620194733142853,TargetRidge,0.42951512336730957,0.18331317603588104,RidgeCov,0.24620194733142853,0.0
1966,RidgeCov,0.18017536401748657,TargetRidge,0.4065861701965332,0.22641080617904663,RidgeCov,0.18017536401748657,0.0
1967,RidgeCov,0.19624675810337067,TargetRidge,0.410589337348938,0.21434257924556732,RidgeCov,0.19624675810337067,0.0
1968,RidgeCov,0.17238958179950714,TargetRidge,0.44842278957366943,0.2760332226753235,RidgeCov,0.17238958179950714,0.0
1969,RidgeCov,0.18314604461193085,TargetRidge,0.4512871205806732,0.26814109086990356,RidgeCov,0.18314604461193085,0.0
1970,RidgeCov,0.22322909533977509,TargetRidge,0.4415682852268219,0.21833918988704681,RidgeCov,0.22322909533977509,0.0
1971,RidgeCov,0.18133693933486938,TargetRidge,0.4484035074710846,0.2670665681362152,RidgeCov,0.18133693933486938,0.0
1972,RidgeCov,0.16001810133457184,TargetRidge,0.44486141204833984,0.2848433256149292,RidgeCov,0.16001810133457184,0.0
1973,RidgeCov,0.20217174291610718,TargetRidge,0.4908703863620758,0.28869864344596863,RidgeCov,0.20217174291610718,0.0
1974,RidgeCov,0.21626822650432587,TargetRidge,0.5119098424911499,0.29564160108566284,RidgeCov,0.21626822650432587,0.0
1975,RidgeCov,0.19434548914432526,TargetRidge,0.4984082281589508,0.30406272411346436,RidgeCov,0.19434548914432526,0.0
1976,RidgeCov,0.1654437780380249,TargetRidge,0.4791511595249176,0.3137073814868927,RidgeCov,0.1654437780380249,0.0
1977,RidgeCov,0.16628172993659973,TargetRidge,0.5756158828735352,0.4093341529369354,RidgeCov,0.16628172993659973,0.0
1978,RidgeCov,0.1505306512117386,TargetRidge,0.5150868892669678,0.3645562529563904,RidgeCov,0.1505306512117386,0.0
1979,RidgeCov,0.1669931858778,TargetRidge,0.576422929763794,0.40942972898483276,RidgeCov,0.1669931858778,0.0
1980,RidgeCov,0.16245929896831512,TargetRidge,0.5796933174133301,0.41723400354385376,RidgeCov,0.16245929896831512,0.0
1981,RidgeCov,0.15210475027561188,TargetRidge,0.6033174991607666,0.4512127637863159,RidgeCov,0.15210475027561188,0.0
1982,RidgeCov,0.16910892724990845,TargetRidge,0.6882836222648621,0.5191746950149536,RidgeCov,0.16910892724990845,0.0
1983,RidgeCov,0.15460912883281708,TargetRidge,0.7336909770965576,0.5790818333625793,RidgeCov,0.15460912883281708,0.0
1984,RidgeCov,0.16731320321559906,TargetRidge,0.7938398718833923,0.6265266537666321,RidgeCov,0.16731320321559906,0.0
1985,RidgeCov,0.1795637458562851,TargetRidge,0.6364133358001709,0.4568495750427246,RidgeCov,0.1795637458562851,0.0
1986,RidgeCov,0.14740079641342163,TargetRidge,0.7332665324211121,0.5858657360076904,RidgeCov,0.14740079641342163,0.0
1987,RidgeCov,0.158582404255867,TargetRidge,0.7776803970336914,0.6190980076789856,RidgeCov,0.158582404255867,0.0
1988,RidgeCov,0.17176859080791473,TargetRidge,0.7757981419563293,0.6040295362472534,RidgeCov,0.17176859080791473,0.0
1989,RidgeCov,0.16478268802165985,TargetRidge,0.7726914286613464,0.6079087257385254,RidgeCov,0.16478268802165985,0.0
1990,RidgeCov,0.19143544137477875,TargetRidge,0.7553662657737732,0.5639308094978333,RidgeCov,0.19143544137477875,0.0
1991,RidgeCov,0.18043746054172516,TargetRidge,0.9154748916625977,0.7350374460220337,RidgeCov,0.18043746054172516,0.0
1992,RidgeCov,0.18049107491970062,TargetRidge,0.8117427229881287,0.6312516331672668,RidgeCov,0.18049107491970062,0.0
1993,RidgeCov,0.16935664415359497,TargetRidge,0.8949565887451172,0.7255999445915222,RidgeCov,0.16935664415359497,0.0
1994,RidgeCov,0.18218357861042023,TargetRidge,1.0085862874984741,0.8264027237892151,RidgeCov,0.18218357861042023,0.0
1995,RidgeCov,0.17888833582401276,TargetRidge,0.8777070641517639,0.6988187432289124,RidgeCov,0.17888833582401276,0.0
1996,RidgeCov,0.15971003472805023,TargetRidge,0.9047402739524841,0.7450302243232727,RidgeCov,0.15971003472805023,0.0
1997,RidgeCov,0.22103340923786163,TargetRidge,1.0968347787857056,0.8758013844490051,RidgeCov,0.22103340923786163,0.0
1998,RidgeCov,0.17716366052627563,TargetRidge,1.1924856901168823,1.015321969985962,RidgeCov,0.17716366052627563,0.0
1999,RidgeCov,0.14138373732566833,TargetRidge,0.8380206227302551,0.6966369152069092,RidgeCov,0.14138373732566833,0.0
2000,RidgeCov,0.1820923537015915,TargetRidge,1.1448463201522827,0.96275395154953,RidgeCov,0.1820923537015915,0.0
2001,RidgeCov,0.16396860778331757,TargetRidge,0.9861876368522644,0.8222190141677856,RidgeCov,0.16396860778331757,0.0
2002,RidgeCov,0.16915006935596466,TargetRidge,1.1115198135375977,0.9423697590827942,RidgeCov,0.16915006935596466,0.0
2003,RidgeCov,0.19594204425811768,TargetRidge,1.2220230102539062,1.0260809659957886,RidgeCov,0.19594204425811768,0.0
2004,RidgeCov,0.15830160677433014,TargetRidge,0.86447674036026,0.7061751484870911,RidgeCov,0.15830160677433014,0.0
2005,RidgeCov,0.15547090768814087,TargetRidge,1.184456467628479,1.0289855003356934,RidgeCov,0.15547090768814087,0.0
2006,RidgeCov,0.16518133878707886,TargetRidge,1.0217007398605347,0.8565194010734558,RidgeCov,0.16518133878707886,0.0
2007,RidgeCov,0.16173917055130005,TargetRidge,1.1580811738967896,0.9963420033454895,RidgeCov,0.16173917055130005,0.0
2008,RidgeCov,0.2008703500032425,TargetRidge,1.3275433778762817,1.1266729831695557,RidgeCov,0.2008703500032425,0.0
2009,RidgeCov,0.20342028141021729,TargetRidge,0.942295253276825,0.7388749718666077,RidgeCov,0.20342028141021729,0.0
2010,RidgeCov,0.19575701653957367,TargetRidge,1.3298643827438354,1.1341073513031006,RidgeCov,0.19575701653957367,0.0
2011,RidgeCov,0.2425197809934616,TargetRidge,1.3296831846237183,1.0871634483337402,RidgeCov,0.2425197809934616,0.0
2012,RidgeCov,0.19868282973766327,TargetRidge,1.3369489908218384,1.1382662057876587,RidgeCov,0.19868282973766327,0.0
2013,RidgeCov,0.21637029945850372,TargetRidge,1.1720796823501587,0.9557093977928162,RidgeCov,0.21637029945850372,0.0
2014,RidgeCov,0.23792672157287598,TargetRidge,1.3831638097763062,1.1452370882034302,RidgeCov,0.23792672157287598,0.0
2015,RidgeCov,0.197379469871521,TargetRidge,1.2227587699890137,1.0253793001174927,RidgeCov,0.197379469871521,0.0
2016,RidgeCov,0.2468351572751999,TargetRidge,1.2425869703292847,0.9957517981529236,RidgeCov,0.2468351572751999,0.0
2017,RidgeCov,0.2628647983074188,TargetRidge,1.2556191682815552,0.992754340171814,RidgeCov,0.2628647983074188,0.0
2018,RidgeCov,0.21953129768371582,TargetRidge,1.153419852256775,0.9338885545730591,RidgeCov,0.21953129768371582,0.0
2019,RidgeCov,0.2850988209247589,TargetRidge,0.9798704981803894,0.6947716474533081,RidgeCov,0.2850988209247589,0.0
2020,RidgeCov,0.21340306103229523,TargetRidge,1.0793966054916382,0.8659935593605042,RidgeCov,0.21340306103229523,0.0
2021,RidgeCov,0.2618933618068695,TargetRidge,1.1243106126785278,0.8624172210693359,RidgeCov,0.2618933618068695,0.0
2022,RidgeCov,0.2533956468105316,TargetRidge,0.9231206774711609,0.6697250604629517,RidgeCov,0.2533956468105316,0.0
2023,RidgeCov,0.20224620401859283,TargetRidge,0.784447193145752,0.5822010040283203,RidgeCov,0.20224620401859283,0.0
2024,RidgeCov,0.2254447340965271,TargetRidge,0.7809352874755859,0.5554905533790588,RidgeCov,0.2254447340965271,0.0
2025,RidgeCov,0.20251810550689697,TargetRidge,0.6368112564086914,0.43429315090179443,RidgeCov,0.20251810550689697,0.0
2026,RidgeCov,0.22608298063278198,TargetRidge,0.637108325958252,0.41102534532546997,RidgeCov,0.22608298063278198,0.0
2027,RidgeCov,0.1930222362279892,TargetRidge,0.5413766503334045,0.34835439920425415,RidgeCov,0.1930222362279892,0.0
2028,RidgeCov,0.2033969908952713,TargetRidge,0.522680401802063,0.3192834258079529,RidgeCov,0.2033969908952713,0.0
2029,RidgeCov,0.21378092467784882,TargetRidge,0.5537046194076538,0.3399236798286438,RidgeCov,0.21378092467784882,0.0
2030,RidgeCov,0.19927988946437836,TargetRidge,0.3945559561252594,0.19527606666088104,RidgeCov,0.19927988946437836,0.0
2031,RidgeCov,0.19460338354110718,TargetRidge,0.4237358868122101,0.2291325032711029,RidgeCov,0.19460338354110718,0.0
2032,RidgeCov,0.2092197686433792,TargetRidge,0.4753607511520386,0.26614099740982056,RidgeCov,0.2092197686433792,0.0
2033,RidgeCov,0.2540090084075928,TargetRidge,0.26819750666618347,0.014188498258590698,RidgeCov,0.2540090084075928,0.0
2034,RidgeCov,0.24587677419185638,TargetRidge,0.25632262229919434,0.010445848107337952,RidgeCov,0.24587677419185638,0.0
2035,RidgeCov,0.23481136560440063,TargetRidge,0.4098217487335205,0.17501038312911987,RidgeCov,0.23481136560440063,0.0
2036,RidgeCov,0.22025132179260254,TargetRidge,0.29611703753471375,0.0758657157421112,RidgeCov,0.22025132179260254,0.0
2037,RidgeCov,0.19467385113239288,TargetRidge,0.2970135509967804,0.10233969986438751,RidgeCov,0.19467385113239288,0.0
2038,RidgeCov,0.20704656839370728,TargetRidge,0.23448647558689117,0.0274399071931839,RidgeCov,0.20704656839370728,0.0
2039,RidgeCov,0.19492758810520172,TargetRidge,0.2557241916656494,0.06079660356044769,RidgeCov,0.19492758810520172,0.0
2040,TargetRidge,0.23488503694534302,RidgeCov,0.25846123695373535,0.023576200008392334,RidgeCov,0.25846123695373535,0.023576200008392334
2041,TargetRidge,0.15176302194595337,RidgeCov,0.2334699183702469,0.08170689642429352,RidgeCov,0.2334699183702469,0.08170689642429352
2042,TargetRidge,0.14023302495479584,RidgeCov,0.26031965017318726,0.12008662521839142,RidgeCov,0.26031965017318726,0.12008662521839142
2043,TargetRidge,0.14086097478866577,RidgeCov,0.3131824731826782,0.17232149839401245,RidgeCov,0.3131824731826782,0.17232149839401245
2044,TargetRidge,0.16828902065753937,RidgeCov,0.316715270280838,0.14842624962329865,RidgeCov,0.316715270280838,0.14842624962329865
2045,RidgeCov,0.22989332675933838,TargetRidge,0.23585821688175201,0.005964890122413635,RidgeCov,0.22989332675933838,0.0
2046,TargetRidge,0.20125244557857513,RidgeCov,0.2260725498199463,0.024820104241371155,RidgeCov,0.2260725498199463,0.024820104241371155
2047,TargetRidge,0.14988945424556732,RidgeCov,0.24060337245464325,0.09071391820907593,RidgeCov,0.24060337245464325,0.09071391820907593
2048,TargetRidge,0.18029826879501343,RidgeCov,0.24428708851337433,0.0639888197183609,RidgeCov,0.24428708851337433,0.0639888197183609
2049,TargetRidge,0.1580987125635147,RidgeCov,0.21547043323516846,0.05737172067165375,RidgeCov,0.21547043323516846,0.05737172067165375
2050,RidgeCov,0.1891462802886963,TargetRidge,0.20777976512908936,0.018633484840393066,RidgeCov,0.1891462802886963,0.0
2051,RidgeCov,0.17698006331920624,TargetRidge,0.1895989626646042,0.01261889934539795,RidgeCov,0.17698006331920624,0.0
2052,TargetRidge,0.15478526055812836,RidgeCov,0.18479923903942108,0.030013978481292725,RidgeCov,0.18479923903942108,0.030013978481292725
2053,TargetRidge,0.1725931018590927,RidgeCov,0.1803659051656723,0.00777280330657959,RidgeCov,0.1803659051656723,0.00777280330657959
2054,TargetRidge,0.15977133810520172,RidgeCov,0.24583356082439423,0.0860622227191925,RidgeCov,0.24583356082439423,0.0860622227191925
2055,TargetRidge,0.16480030119419098,RidgeCov,0.1900653839111328,0.025265082716941833,RidgeCov,0.1900653839111328,0.025265082716941833
2056,TargetRidge,0.1929924041032791,RidgeCov,0.20348520576953888,0.010492801666259766,RidgeCov,0.20348520576953888,0.010492801666259766
2057,TargetRidge,0.1678975373506546,RidgeCov,0.23843912780284882,0.07054159045219421,RidgeCov,0.23843912780284882,0.07054159045219421
2058,TargetRidge,0.18337352573871613,RidgeCov,0.28625473380088806,0.10288120806217194,RidgeCov,0.28625473380088806,0.10288120806217194
2059,TargetRidge,0.16921578347682953,RidgeCov,0.26514172554016113,0.0959259420633316,RidgeCov,0.26514172554016113,0.0959259420633316
2060,TargetRidge,0.17226673662662506,RidgeCov,0.24670298397541046,0.0744362473487854,RidgeCov,0.24670298397541046,0.0744362473487854
2061,TargetRidge,0.1731644868850708,RidgeCov,0.22188524901866913,0.04872076213359833,RidgeCov,0.22188524901866913,0.04872076213359833
2062,TargetRidge,0.19075053930282593,RidgeCov,0.24533943831920624,0.05458889901638031,RidgeCov,0.24533943831920624,0.05458889901638031
2063,TargetRidge,0.17993290722370148,RidgeCov,0.2072504311800003,0.027317523956298828,RidgeCov,0.2072504311800003,0.027317523956298828
2064,RidgeCov,0.2165544480085373,TargetRidge,0.24273590743541718,0.026181459426879883,RidgeCov,0.2165544480085373,0.0
2065,TargetRidge,0.22615958750247955,RidgeCov,0.2424110323190689,0.016251444816589355,RidgeCov,0.2424110323190689,0.016251444816589355
2066,TargetRidge,0.19010663032531738,RidgeCov,0.23990046977996826,0.04979383945465088,RidgeCov,0.23990046977996826,0.04979383945465088
2067,TargetRidge,0.17549647390842438,RidgeCov,0.23967771232128143,0.06418123841285706,RidgeCov,0.23967771232128143,0.06418123841285706
2068,TargetRidge,0.17908890545368195,RidgeCov,0.2715871334075928,0.09249822795391083,RidgeCov,0.2715871334075928,0.09249822795391083
2069,TargetRidge,0.18379153311252594,RidgeCov,0.2658999264240265,0.08210839331150055,RidgeCov,0.2658999264240265,0.08210839331150055
2070,TargetRidge,0.18704192340373993,RidgeCov,0.27388983964920044,0.08684791624546051,RidgeCov,0.27388983964920044,0.08684791624546051
2071,TargetRidge,0.1739712506532669,RidgeCov,0.2643776535987854,0.0904064029455185,RidgeCov,0.2643776535987854,0.0904064029455185
2072,TargetRidge,0.17055924236774445,RidgeCov,0.27397218346595764,0.1034129410982132,RidgeCov,0.27397218346595764,0.1034129410982132
2073,TargetRidge,0.16968095302581787,RidgeCov,0.2486058473587036,0.07892489433288574,RidgeCov,0.2486058473587036,0.07892489433288574
2074,TargetRidge,0.20540498197078705,RidgeCov,0.21310316026210785,0.007698178291320801,RidgeCov,0.21310316026210785,0.007698178291320801
2075,TargetRidge,0.21591202914714813,RidgeCov,0.22209282219409943,0.006180793046951294,RidgeCov,0.22209282219409943,0.006180793046951294
2076,TargetRidge,0.20267923176288605,RidgeCov,0.24696718156337738,0.04428794980049133,RidgeCov,0.24696718156337738,0.04428794980049133
2077,TargetRidge,0.20014524459838867,RidgeCov,0.2552207410335541,0.055075496435165405,RidgeCov,0.2552207410335541,0.055075496435165405
2078,TargetRidge,0.19504249095916748,RidgeCov,0.27491748332977295,0.07987499237060547,RidgeCov,0.27491748332977295,0.07987499237060547
2079,TargetRidge,0.1952877789735794,RidgeCov,0.24907296895980835,0.05378518998622894,RidgeCov,0.24907296895980835,0.05378518998622894
2080,RidgeCov,0.1945733278989792,TargetRidge,0.24727149307727814,0.05269816517829895,RidgeCov,0.1945733278989792,0.0
2081,TargetRidge,0.2640032470226288,RidgeCov,0.26655539870262146,0.0025521516799926758,RidgeCov,0.26655539870262146,0.0025521516799926758
2082,RidgeCov,0.20902462303638458,TargetRidge,0.279875248670578,0.07085062563419342,RidgeCov,0.20902462303638458,0.0
2083,RidgeCov,0.25868239998817444,TargetRidge,0.28597164154052734,0.027289241552352905,RidgeCov,0.25868239998817444,0.0
2084,RidgeCov,0.2483474761247635,TargetRidge,0.35667455196380615,0.10832707583904266,RidgeCov,0.2483474761247635,0.0
2085,RidgeCov,0.24017982184886932,TargetRidge,0.2824828624725342,0.042303040623664856,RidgeCov,0.24017982184886932,0.0
2086,RidgeCov,0.2117975950241089,TargetRidge,0.3630763590335846,0.1512787640094757,RidgeCov,0.2117975950241089,0.0
2087,RidgeCov,0.23052285611629486,TargetRidge,0.24151694774627686,0.010994091629981995,RidgeCov,0.23052285611629486,0.0
2088,RidgeCov,0.22858549654483795,TargetRidge,0.31254199147224426,0.08395649492740631,RidgeCov,0.22858549654483795,0.0
2089,RidgeCov,0.1959553211927414,TargetRidge,0.3053247034549713,0.10936938226222992,RidgeCov,0.1959553211927414,0.0
2090,RidgeCov,0.16493012011051178,TargetRidge,0.3180277645587921,0.15309764444828033,RidgeCov,0.16493012011051178,0.0
2091,RidgeCov,0.192859947681427,TargetRidge,0.22301161289215088,0.030151665210723877,RidgeCov,0.192859947681427,0.0
2092,TargetRidge,0.1708105355501175,RidgeCov,0.19813494384288788,0.027324408292770386,RidgeCov,0.19813494384288788,0.027324408292770386
2093,TargetRidge,0.17122501134872437,RidgeCov,0.20502419769763947,0.0337991863489151,RidgeCov,0.20502419769763947,0.0337991863489151
2094,TargetRidge,0.19236910343170166,RidgeCov,0.21216414868831635,0.019795045256614685,RidgeCov,0.21216414868831635,0.019795045256614685
2095,TargetRidge,0.17083589732646942,RidgeCov,0.1770659238100052,0.006230026483535767,RidgeCov,0.1770659238100052,0.006230026483535767
2096,RidgeCov,0.12457124143838882,TargetRidge,0.2642879784107208,0.1397167444229126,RidgeCov,0.12457124143838882,0.0
2097,RidgeCov,0.12016311287879944,TargetRidge,0.23462307453155518,0.11445996165275574,RidgeCov,0.12016311287879944,0.0
2098,RidgeCov,0.14648492634296417,TargetRidge,0.26726239919662476,0.12077747285366058,RidgeCov,0.14648492634296417,0.0
2099,RidgeCov,0.14198249578475952,TargetRidge,0.2224014848470688,0.08041898906230927,RidgeCov,0.14198249578475952,0.0
2100,RidgeCov,0.10775487869977951,TargetRidge,0.2289409190416336,0.1211860403418541,RidgeCov,0.10775487869977951,0.0
2101,RidgeCov,0.13136263191699982,TargetRidge,0.2744857668876648,0.14312313497066498,RidgeCov,0.13136263191699982,0.0
2102,RidgeCov,0.10321389883756638,TargetRidge,0.3397659957408905,0.23655208945274353,RidgeCov,0.10321389883756638,0.0
2103,RidgeCov,0.1293347328901291,TargetRidge,0.2437557727098465,0.11442103981971741,RidgeCov,0.1293347328901291,0.0
2104,RidgeCov,0.1077985092997551,TargetRidge,0.24009187519550323,0.13229337334632874,RidgeCov,0.1077985092997551,0.0
2105,RidgeCov,0.10608629137277603,TargetRidge,0.1935536414384842,0.08746735006570816,RidgeCov,0.10608629137277603,0.0
2106,RidgeCov,0.11495902389287949,TargetRidge,0.22145754098892212,0.10649851709604263,RidgeCov,0.11495902389287949,0.0
2107,RidgeCov,0.11357498168945312,TargetRidge,0.26675644516944885,0.15318146347999573,RidgeCov,0.11357498168945312,0.0
2108,RidgeCov,0.11984538286924362,TargetRidge,0.29124733805656433,0.1714019477367401,RidgeCov,0.11984538286924362,0.0
2109,RidgeCov,0.10987001657485962,TargetRidge,0.3597331941127777,0.2498631775379181,RidgeCov,0.10987001657485962,0.0
2110,RidgeCov,0.12713497877120972,TargetRidge,0.19110925495624542,0.0639742761850357,RidgeCov,0.12713497877120972,0.0
2111,RidgeCov,0.1320132464170456,TargetRidge,0.29758599400520325,0.16557274758815765,RidgeCov,0.1320132464170456,0.0
2112,RidgeCov,0.10331948846578598,TargetRidge,0.26004502177238464,0.15672552585601807,RidgeCov,0.10331948846578598,0.0
2113,RidgeCov,0.11324656754732132,TargetRidge,0.30135026574134827,0.18810370564460754,RidgeCov,0.11324656754732132,0.0
2114,RidgeCov,0.1273917555809021,TargetRidge,0.2891874611377716,0.1617957055568695,RidgeCov,0.1273917555809021,0.0
2115,RidgeCov,0.12390732020139694,TargetRidge,0.22085435688495636,0.09694703668355942,RidgeCov,0.12390732020139694,0.0
2116,RidgeCov,0.10776007175445557,TargetRidge,0.21481575071811676,0.1070556789636612,RidgeCov,0.10776007175445557,0.0
2117,RidgeCov,0.12106698751449585,TargetRidge,0.1700279712677002,0.048960983753204346,RidgeCov,0.12106698751449585,0.0
2118,RidgeCov,0.11677819490432739,TargetRidge,0.17697305977344513,0.06019486486911774,RidgeCov,0.11677819490432739,0.0
2119,RidgeCov,0.11374497413635254,TargetRidge,0.24225544929504395,0.1285104751586914,RidgeCov,0.11374497413635254,0.0
2120,RidgeCov,0.1223265528678894,TargetRidge,0.20862197875976562,0.08629542589187622,RidgeCov,0.1223265528678894,0.0
2121,RidgeCov,0.10699000209569931,TargetRidge,0.17568902671337128,0.06869902461767197,RidgeCov,0.10699000209569931,0.0
2122,RidgeCov,0.10714564472436905,TargetRidge,0.2247917652130127,0.11764612048864365,RidgeCov,0.10714564472436905,0.0
2123,RidgeCov,0.12116561084985733,TargetRidge,0.2022160440683365,0.08105043321847916,RidgeCov,0.12116561084985733,0.0
2124,RidgeCov,0.13085278868675232,TargetRidge,0.19133920967578888,0.06048642098903656,RidgeCov,0.13085278868675232,0.0
2125,RidgeCov,0.11377876996994019,TargetRidge,0.18619239330291748,0.0724136233329773,RidgeCov,0.11377876996994019,0.0
2126,RidgeCov,0.13724684715270996,TargetRidge,0.20027105510234833,0.06302420794963837,RidgeCov,0.13724684715270996,0.0
2127,RidgeCov,0.13232584297657013,TargetRidge,0.18470965325832367,0.05238381028175354,RidgeCov,0.13232584297657013,0.0
2128,RidgeCov,0.13802140951156616,TargetRidge,0.21410737931728363,0.07608596980571747,RidgeCov,0.13802140951156616,0.0
2129,RidgeCov,0.1494637131690979,TargetRidge,0.1741906851530075,0.024726971983909607,RidgeCov,0.1494637131690979,0.0
2130,RidgeCov,0.1333031952381134,TargetRidge,0.21670806407928467,0.08340486884117126,RidgeCov,0.1333031952381134,0.0
2131,TargetRidge,0.15233103930950165,RidgeCov,0.1687837839126587,0.016452744603157043,RidgeCov,0.1687837839126587,0.016452744603157043
2132,TargetRidge,0.14930276572704315,RidgeCov,0.17692895233631134,0.02762618660926819,RidgeCov,0.17692895233631134,0.02762618660926819
2133,TargetRidge,0.16023878753185272,RidgeCov,0.1696861833333969,0.00944739580154419,RidgeCov,0.1696861833333969,0.00944739580154419
2134,TargetRidge,0.14576004445552826,RidgeCov,0.18415427207946777,0.038394227623939514,RidgeCov,0.18415427207946777,0.038394227623939514
2135,TargetRidge,0.14967401325702667,RidgeCov,0.17520111799240112,0.02552710473537445,RidgeCov,0.17520111799240112,0.02552710473537445
2136,TargetRidge,0.1464672088623047,RidgeCov,0.19263415038585663,0.04616694152355194,RidgeCov,0.19263415038585663,0.04616694152355194
2137,TargetRidge,0.15592579543590546,RidgeCov,0.1871853619813919,0.03125956654548645,RidgeCov,0.1871853619813919,0.03125956654548645
2138,TargetRidge,0.1390756219625473,RidgeCov,0.1667499542236328,0.02767433226108551,RidgeCov,0.1667499542236328,0.02767433226108551
2139,TargetRidge,0.1428762674331665,RidgeCov,0.19451327621936798,0.05163700878620148,RidgeCov,0.19451327621936798,0.05163700878620148
2140,TargetRidge,0.13280898332595825,RidgeCov,0.1765652894973755,0.043756306171417236,RidgeCov,0.1765652894973755,0.043756306171417236
2141,TargetRidge,0.1395268589258194,RidgeCov,0.19634990394115448,0.05682304501533508,RidgeCov,0.19634990394115448,0.05682304501533508
2142,TargetRidge,0.12872099876403809,RidgeCov,0.16326332092285156,0.03454232215881348,RidgeCov,0.16326332092285156,0.03454232215881348
2143,TargetRidge,0.12482760101556778,RidgeCov,0.19940991699695587,0.07458231598138809,RidgeCov,0.19940991699695587,0.07458231598138809
2144,TargetRidge,0.12384822964668274,RidgeCov,0.2302192598581314,0.10637103021144867,RidgeCov,0.2302192598581314,0.10637103021144867
2145,TargetRidge,0.12057909369468689,RidgeCov,0.21178995072841644,0.09121085703372955,RidgeCov,0.21178995072841644,0.09121085703372955
2146,TargetRidge,0.1196562647819519,RidgeCov,0.22987325489521027,0.11021699011325836,RidgeCov,0.22987325489521027,0.11021699011325836
2147,TargetRidge,0.11681351810693741,RidgeCov,0.20562328398227692,0.08880976587533951,RidgeCov,0.20562328398227692,0.08880976587533951
2148,TargetRidge,0.11522763967514038,RidgeCov,0.20772762596607208,0.0924999862909317,RidgeCov,0.20772762596607208,0.0924999862909317
2149,TargetRidge,0.11369094997644424,RidgeCov,0.21600152552127838,0.10231057554483414,RidgeCov,0.21600152552127838,0.10231057554483414
2150,TargetRidge,0.1126793622970581,RidgeCov,0.23191602528095245,0.11923666298389435,RidgeCov,0.23191602528095245,0.11923666298389435
2151,TargetRidge,0.11166032403707504,RidgeCov,0.24545757472515106,0.13379725813865662,RidgeCov,0.24545757472515106,0.13379725813865662
2152,TargetRidge,0.109194315969944,RidgeCov,0.2204865664243698,0.11129225045442581,RidgeCov,0.2204865664243698,0.11129225045442581
2153,TargetRidge,0.10772016644477844,RidgeCov,0.23406435549259186,0.12634418904781342,RidgeCov,0.23406435549259186,0.12634418904781342
2154,TargetRidge,0.10882475227117538,RidgeCov,0.21712297201156616,0.10829821974039078,RidgeCov,0.21712297201156616,0.10829821974039078
2155,TargetRidge,0.10800257325172424,RidgeCov,0.2592490017414093,0.15124642848968506,RidgeCov,0.2592490017414093,0.15124642848968506
2156,TargetRidge,0.10894998162984848,RidgeCov,0.23357802629470825,0.12462804466485977,RidgeCov,0.23357802629470825,0.12462804466485977
2157,TargetRidge,0.11004262417554855,RidgeCov,0.25282490253448486,0.1427822709083557,RidgeCov,0.25282490253448486,0.1427822709083557
2158,TargetRidge,0.10775947570800781,RidgeCov,0.24107487499713898,0.13331539928913116,RidgeCov,0.24107487499713898,0.13331539928913116
2159,TargetRidge,0.10768286138772964,RidgeCov,0.22870898246765137,0.12102612107992172,RidgeCov,0.22870898246765137,0.12102612107992172
2160,TargetRidge,0.1073881983757019,RidgeCov,0.24211089313030243,0.13472269475460052,RidgeCov,0.24211089313030243,0.13472269475460052
2161,TargetRidge,0.10779109597206116,RidgeCov,0.235547736287117,0.12775664031505585,RidgeCov,0.235547736287117,0.12775664031505585
2162,TargetRidge,0.1095343604683876,RidgeCov,0.25565066933631897,0.14611631631851196,RidgeCov,0.25565066933631897,0.14611631631851196
2163,TargetRidge,0.10728325694799423,RidgeCov,0.23358677327632904,0.1263035237789154,RidgeCov,0.23358677327632904,0.1263035237789154
2164,TargetRidge,0.10808048397302628,RidgeCov,0.2477644681930542,0.13968399167060852,RidgeCov,0.2477644681930542,0.13968399167060852
2165,TargetRidge,0.10877182334661484,RidgeCov,0.24514414370059967,0.13637232780456543,RidgeCov,0.24514414370059967,0.13637232780456543
2166,TargetRidge,0.11033698916435242,RidgeCov,0.2465195655822754,0.13618257641792297,RidgeCov,0.2465195655822754,0.13618257641792297
2167,TargetRidge,0.10929539799690247,RidgeCov,0.24905388057231903,0.13975848257541656,RidgeCov,0.24905388057231903,0.13975848257541656
2168,TargetRidge,0.11035442352294922,RidgeCov,0.2627556324005127,0.15240120887756348,RidgeCov,0.2627556324005127,0.15240120887756348
2169,TargetRidge,0.1109037920832634,RidgeCov,0.2463621348142624,0.1354583501815796,RidgeCov,0.2463621348142624,0.1354583501815796
2170,TargetRidge,0.11087596416473389,RidgeCov,0.24774593114852905,0.13686996698379517,RidgeCov,0.24774593114852905,0.13686996698379517
2171,TargetRidge,0.11059121042490005,RidgeCov,0.2518605589866638,0.14126935601234436,RidgeCov,0.2518605589866638,0.14126935601234436
2172,TargetRidge,0.11088213324546814,RidgeCov,0.2550888657569885,0.14420673251152039,RidgeCov,0.2550888657569885,0.14420673251152039
2173,TargetRidge,0.11193791776895523,RidgeCov,0.2273273915052414,0.11538947373628616,RidgeCov,0.2273273915052414,0.11538947373628616
2174,TargetRidge,0.11216682195663452,RidgeCov,0.22985415160655975,0.11768732964992523,RidgeCov,0.22985415160655975,0.11768732964992523
2175,TargetRidge,0.11293193697929382,RidgeCov,0.22235973179340363,0.1094277948141098,RidgeCov,0.22235973179340363,0.1094277948141098
2176,TargetRidge,0.11364820599555969,RidgeCov,0.2285529375076294,0.1149047315120697,RidgeCov,0.2285529375076294,0.1149047315120697
2177,TargetRidge,0.1134963110089302,RidgeCov,0.2095721960067749,0.0960758849978447,RidgeCov,0.2095721960067749,0.0960758849978447
2178,TargetRidge,0.11350741237401962,RidgeCov,0.1997843235731125,0.08627691119909286,RidgeCov,0.1997843235731125,0.08627691119909286
2179,TargetRidge,0.11423170566558838,RidgeCov,0.20327745378017426,0.08904574811458588,RidgeCov,0.20327745378017426,0.08904574811458588
2180,TargetRidge,0.11362788081169128,RidgeCov,0.20012114942073822,0.08649326860904694,RidgeCov,0.20012114942073822,0.08649326860904694
2181,TargetRidge,0.11399853229522705,RidgeCov,0.19602029025554657,0.08202175796031952,RidgeCov,0.19602029025554657,0.08202175796031952
2182,TargetRidge,0.11448323726654053,RidgeCov,0.19768114387989044,0.08319790661334991,RidgeCov,0.19768114387989044,0.08319790661334991
2183,TargetRidge,0.11823586374521255,RidgeCov,0.1825927495956421,0.06435688585042953,RidgeCov,0.1825927495956421,0.06435688585042953
2184,TargetRidge,0.1196785569190979,RidgeCov,0.17443835735321045,0.05475980043411255,RidgeCov,0.17443835735321045,0.05475980043411255
2185,TargetRidge,0.12024752050638199,RidgeCov,0.17605406045913696,0.055806539952754974,RidgeCov,0.17605406045913696,0.055806539952754974
2186,TargetRidge,0.12125787138938904,RidgeCov,0.17136512696743011,0.05010725557804108,RidgeCov,0.17136512696743011,0.05010725557804108
2187,TargetRidge,0.12092097848653793,RidgeCov,0.17376454174518585,0.05284356325864792,RidgeCov,0.17376454174518585,0.05284356325864792
2188,TargetRidge,0.12021138519048691,RidgeCov,0.15714113414287567,0.03692974895238876,RidgeCov,0.15714113414287567,0.03692974895238876
2189,TargetRidge,0.12144049257040024,RidgeCov,0.17311978340148926,0.05167929083108902,RidgeCov,0.17311978340148926,0.05167929083108902
2190,TargetRidge,0.12207505851984024,RidgeCov,0.15240325033664703,0.030328191816806793,RidgeCov,0.15240325033664703,0.030328191816806793
2191,TargetRidge,0.12447360903024673,RidgeCov,0.16283540427684784,0.038361795246601105,RidgeCov,0.16283540427684784,0.038361795246601105
2192,TargetRidge,0.1258472353219986,RidgeCov,0.15601469576358795,0.030167460441589355,RidgeCov,0.15601469576358795,0.030167460441589355
2193,TargetRidge,0.12571516633033752,RidgeCov,0.15515096485614777,0.02943579852581024,RidgeCov,0.15515096485614777,0.02943579852581024
2194,TargetRidge,0.12729567289352417,RidgeCov,0.1548086255788803,0.02751295268535614,RidgeCov,0.1548086255788803,0.02751295268535614
2195,TargetRidge,0.12717843055725098,RidgeCov,0.14971108734607697,0.02253265678882599,RidgeCov,0.14971108734607697,0.02253265678882599
2196,TargetRidge,0.12852610647678375,RidgeCov,0.1454971879720688,0.016971081495285034,RidgeCov,0.1454971879720688,0.016971081495285034
2197,TargetRidge,0.12971369922161102,RidgeCov,0.15887980163097382,0.029166102409362793,RidgeCov,0.15887980163097382,0.029166102409362793
2198,TargetRidge,0.13055682182312012,RidgeCov,0.17179803550243378,0.04124121367931366,RidgeCov,0.17179803550243378,0.04124121367931366
2199,TargetRidge,0.13163641095161438,RidgeCov,0.15731750428676605,0.025681093335151672,RidgeCov,0.15731750428676605,0.025681093335151672
2200,TargetRidge,0.13719075918197632,RidgeCov,0.1432829648256302,0.00609220564365387,RidgeCov,0.1432829648256302,0.00609220564365387
2201,TargetRidge,0.1325310617685318,RidgeCov,0.15594416856765747,0.02341310679912567,RidgeCov,0.15594416856765747,0.02341310679912567
2202,TargetRidge,0.13299919664859772,RidgeCov,0.13481253385543823,0.0018133372068405151,RidgeCov,0.13481253385543823,0.0018133372068405151
2203,TargetRidge,0.13564562797546387,RidgeCov,0.16201967000961304,0.02637404203414917,RidgeCov,0.16201967000961304,0.02637404203414917
2204,TargetRidge,0.1401061862707138,RidgeCov,0.17199182510375977,0.03188563883304596,RidgeCov,0.17199182510375977,0.03188563883304596
2205,TargetRidge,0.1469399631023407,RidgeCov,0.1695447713136673,0.0226048082113266,RidgeCov,0.1695447713136673,0.0226048082113266
2206,TargetRidge,0.14451074600219727,RidgeCov,0.15259738266468048,0.008086636662483215,RidgeCov,0.15259738266468048,0.008086636662483215
2207,RidgeCov,0.15608690679073334,TargetRidge,0.15797661244869232,0.0018897056579589844,RidgeCov,0.15608690679073334,0.0
2208,TargetRidge,0.15115518867969513,RidgeCov,0.15826018154621124,0.007104992866516113,RidgeCov,0.15826018154621124,0.007104992866516113
2209,TargetRidge,0.15615829825401306,RidgeCov,0.15618467330932617,2.637505531311035e-05,RidgeCov,0.15618467330932617,2.637505531311035e-05
2210,RidgeCov,0.14476926624774933,TargetRidge,0.18520189821720123,0.040432631969451904,RidgeCov,0.14476926624774933,0.0
2211,RidgeCov,0.15175408124923706,TargetRidge,0.17159171402454376,0.0198376327753067,RidgeCov,0.15175408124923706,0.0
2212,RidgeCov,0.15705867111682892,TargetRidge,0.17872370779514313,0.02166503667831421,RidgeCov,0.15705867111682892,0.0
2213,RidgeCov,0.15416227281093597,TargetRidge,0.1845134049654007,0.03035113215446472,RidgeCov,0.15416227281093597,0.0
2214,RidgeCov,0.14395226538181305,TargetRidge,0.19726257026195526,0.05331030488014221,RidgeCov,0.14395226538181305,0.0
2215,RidgeCov,0.1542338728904724,TargetRidge,0.19386334717273712,0.03962947428226471,RidgeCov,0.1542338728904724,0.0
2216,RidgeCov,0.17335419356822968,TargetRidge,0.1880231648683548,0.014668971300125122,RidgeCov,0.17335419356822968,0.0
2217,RidgeCov,0.1582271307706833,TargetRidge,0.20284664630889893,0.04461951553821564,RidgeCov,0.1582271307706833,0.0
2218,RidgeCov,0.16908089816570282,TargetRidge,0.2211502343416214,0.05206933617591858,RidgeCov,0.16908089816570282,0.0
2219,RidgeCov,0.1608319878578186,TargetRidge,0.2032371312379837,0.0424051433801651,RidgeCov,0.1608319878578186,0.0
2220,RidgeCov,0.17427150905132294,TargetRidge,0.20204174518585205,0.027770236134529114,RidgeCov,0.17427150905132294,0.0
2221,RidgeCov,0.16788208484649658,TargetRidge,0.2480229288339615,0.0801408439874649,RidgeCov,0.16788208484649658,0.0
2222,RidgeCov,0.17817620933055878,TargetRidge,0.26688480377197266,0.08870859444141388,RidgeCov,0.17817620933055878,0.0
2223,RidgeCov,0.18152658641338348,TargetRidge,0.21576420962810516,0.03423762321472168,RidgeCov,0.18152658641338348,0.0
2224,RidgeCov,0.20539899170398712,TargetRidge,0.21643678843975067,0.01103779673576355,RidgeCov,0.20539899170398712,0.0
2225,RidgeCov,0.18702208995819092,TargetRidge,0.23590974509716034,0.04888765513896942,RidgeCov,0.18702208995819092,0.0
2226,TargetRidge,0.20533180236816406,RidgeCov,0.21479539573192596,0.009463593363761902,RidgeCov,0.21479539573192596,0.009463593363761902
2227,RidgeCov,0.17872798442840576,TargetRidge,0.20368774235248566,0.024959757924079895,RidgeCov,0.17872798442840576,0.0
2228,RidgeCov,0.17399680614471436,TargetRidge,0.20643992722034454,0.03244312107563019,RidgeCov,0.17399680614471436,0.0
2229,RidgeCov,0.18211357295513153,TargetRidge,0.21917535364627838,0.03706178069114685,RidgeCov,0.18211357295513153,0.0
2230,RidgeCov,0.1776338368654251,TargetRidge,0.21188652515411377,0.03425268828868866,RidgeCov,0.1776338368654251,0.0
2231,RidgeCov,0.18489421904087067,TargetRidge,0.1970764845609665,0.012182265520095825,RidgeCov,0.18489421904087067,0.0
2232,TargetRidge,0.20842237770557404,RidgeCov,0.21768881380558014,0.009266436100006104,RidgeCov,0.21768881380558014,0.009266436100006104
2233,TargetRidge,0.20192982256412506,RidgeCov,0.21590352058410645,0.013973698019981384,RidgeCov,0.21590352058410645,0.013973698019981384
2234,RidgeCov,0.2034934014081955,TargetRidge,0.23468470573425293,0.031191304326057434,RidgeCov,0.2034934014081955,0.0
2235,RidgeCov,0.18814890086650848,TargetRidge,0.2836606204509735,0.09551171958446503,RidgeCov,0.18814890086650848,0.0
2236,RidgeCov,0.19578544795513153,TargetRidge,0.2052774876356125,0.009492039680480957,RidgeCov,0.19578544795513153,0.0
2237,RidgeCov,0.1915605217218399,TargetRidge,0.2573704719543457,0.0658099502325058,RidgeCov,0.1915605217218399,0.0
2238,RidgeCov,0.16820944845676422,TargetRidge,0.23276712000370026,0.06455767154693604,RidgeCov,0.16820944845676422,0.0
2239,RidgeCov,0.1734718531370163,TargetRidge,0.20191043615341187,0.02843858301639557,RidgeCov,0.1734718531370163,0.0
2240,RidgeCov,0.16538767516613007,TargetRidge,0.19828392565250397,0.0328962504863739,RidgeCov,0.16538767516613007,0.0
2241,RidgeCov,0.16141372919082642,TargetRidge,0.19100742042064667,0.02959369122982025,RidgeCov,0.16141372919082642,0.0
2242,RidgeCov,0.152052640914917,TargetRidge,0.1914490908384323,0.03939644992351532,RidgeCov,0.152052640914917,0.0
2243,RidgeCov,0.16095666587352753,TargetRidge,0.19229058921337128,0.03133392333984375,RidgeCov,0.16095666587352753,0.0
2244,TargetRidge,0.18088066577911377,RidgeCov,0.18883676826953888,0.00795610249042511,RidgeCov,0.18883676826953888,0.00795610249042511
2245,RidgeCov,0.18381446599960327,TargetRidge,0.2061440497636795,0.022329583764076233,RidgeCov,0.18381446599960327,0.0
2246,RidgeCov,0.16705067455768585,TargetRidge,0.19367234408855438,0.02662166953086853,RidgeCov,0.16705067455768585,0.0
2247,RidgeCov,0.16228917241096497,TargetRidge,0.208285853266716,0.04599668085575104,RidgeCov,0.16228917241096497,0.0
2248,RidgeCov,0.1677895188331604,TargetRidge,0.19503255188465118,0.027243033051490784,RidgeCov,0.1677895188331604,0.0
2249,TargetRidge,0.1877993941307068,RidgeCov,0.19449038803577423,0.006690993905067444,RidgeCov,0.19449038803577423,0.006690993905067444
2250,RidgeCov,0.19176115095615387,TargetRidge,0.19679109752178192,0.005029946565628052,RidgeCov,0.19176115095615387,0.0
2251,TargetRidge,0.20279879868030548,RidgeCov,0.21705210208892822,0.014253303408622742,RidgeCov,0.21705210208892822,0.014253303408622742
2252,RidgeCov,0.20323245227336884,TargetRidge,0.25134339928627014,0.048110947012901306,RidgeCov,0.20323245227336884,0.0
2253,RidgeCov,0.18112628161907196,TargetRidge,0.2561623752117157,0.07503609359264374,RidgeCov,0.18112628161907196,0.0
2254,TargetRidge,0.19487571716308594,RidgeCov,0.22076545655727386,0.025889739394187927,RidgeCov,0.22076545655727386,0.025889739394187927
2255,RidgeCov,0.16278083622455597,TargetRidge,0.1910603791475296,0.028279542922973633,RidgeCov,0.16278083622455597,0.0
2256,RidgeCov,0.2044992297887802,TargetRidge,0.21888794004917145,0.014388710260391235,RidgeCov,0.2044992297887802,0.0
2257,TargetRidge,0.17369961738586426,RidgeCov,0.20779037475585938,0.03409075736999512,RidgeCov,0.20779037475585938,0.03409075736999512
2258,TargetRidge,0.1498536467552185,RidgeCov,0.1868104487657547,0.036956802010536194,RidgeCov,0.1868104487657547,0.036956802010536194
2259,TargetRidge,0.15440352261066437,RidgeCov,0.2187613993883133,0.06435787677764893,RidgeCov,0.2187613993883133,0.06435787677764893
2260,TargetRidge,0.19506175816059113,RidgeCov,0.20422326028347015,0.009161502122879028,RidgeCov,0.20422326028347015,0.009161502122879028
2261,TargetRidge,0.15754777193069458,RidgeCov,0.16818350553512573,0.010635733604431152,RidgeCov,0.16818350553512573,0.010635733604431152
2262,TargetRidge,0.1479473114013672,RidgeCov,0.20265181362628937,0.05470450222492218,RidgeCov,0.20265181362628937,0.05470450222492218
2263,TargetRidge,0.1759854406118393,RidgeCov,0.20584042370319366,0.02985498309135437,RidgeCov,0.20584042370319366,0.02985498309135437
2264,TargetRidge,0.15081451833248138,RidgeCov,0.1640375405550003,0.013223022222518921,RidgeCov,0.1640375405550003,0.013223022222518921
2265,RidgeCov,0.15187042951583862,TargetRidge,0.15720641613006592,0.005335986614227295,RidgeCov,0.15187042951583862,0.0
2266,TargetRidge,0.15049125254154205,RidgeCov,0.18510492146015167,0.03461366891860962,RidgeCov,0.18510492146015167,0.03461366891860962
2267,TargetRidge,0.1640460342168808,RidgeCov,0.18053501844406128,0.01648898422718048,RidgeCov,0.18053501844406128,0.01648898422718048
2268,TargetRidge,0.1520339399576187,RidgeCov,0.21440844237804413,0.062374502420425415,RidgeCov,0.21440844237804413,0.062374502420425415
2269,TargetRidge,0.15688058733940125,RidgeCov,0.17946749925613403,0.022586911916732788,RidgeCov,0.17946749925613403,0.022586911916732788
2270,TargetRidge,0.1555711030960083,RidgeCov,0.2497113198041916,0.09414021670818329,RidgeCov,0.2497113198041916,0.09414021670818329
2271,TargetRidge,0.16254453361034393,RidgeCov,0.20404291152954102,0.04149837791919708,RidgeCov,0.20404291152954102,0.04149837791919708
2272,RidgeCov,0.15169252455234528,TargetRidge,0.18477751314640045,0.033084988594055176,RidgeCov,0.15169252455234528,0.0
2273,TargetRidge,0.16235016286373138,RidgeCov,0.23914273083209991,0.07679256796836853,RidgeCov,0.23914273083209991,0.07679256796836853
2274,TargetRidge,0.16515399515628815,RidgeCov,0.22066788375377655,0.0555138885974884,RidgeCov,0.22066788375377655,0.0555138885974884
2275,TargetRidge,0.15817195177078247,RidgeCov,0.20470722019672394,0.04653526842594147,RidgeCov,0.20470722019672394,0.04653526842594147
2276,TargetRidge,0.1681588739156723,RidgeCov,0.18245536088943481,0.014296486973762512,RidgeCov,0.18245536088943481,0.014296486973762512
2277,RidgeCov,0.15696260333061218,TargetRidge,0.16411088407039642,0.007148280739784241,RidgeCov,0.15696260333061218,0.0
2278,RidgeCov,0.13700823485851288,TargetRidge,0.18132801353931427,0.04431977868080139,RidgeCov,0.13700823485851288,0.0
2279,RidgeCov,0.14451365172863007,TargetRidge,0.18824176490306854,0.04372811317443848,RidgeCov,0.14451365172863007,0.0
2280,RidgeCov,0.14937269687652588,TargetRidge,0.2315131425857544,0.08214044570922852,RidgeCov,0.14937269687652588,0.0
2281,RidgeCov,0.13356752693653107,TargetRidge,0.19756703078746796,0.06399950385093689,RidgeCov,0.13356752693653107,0.0
2282,RidgeCov,0.18598009645938873,TargetRidge,0.22427451610565186,0.03829441964626312,RidgeCov,0.18598009645938873,0.0
2283,RidgeCov,0.15752197802066803,TargetRidge,0.1833173781633377,0.025795400142669678,RidgeCov,0.15752197802066803,0.0
2284,RidgeCov,0.16546788811683655,TargetRidge,0.22595839202404022,0.060490503907203674,RidgeCov,0.16546788811683655,0.0
2285,RidgeCov,0.16534914076328278,TargetRidge,0.3451858460903168,0.179836705327034,RidgeCov,0.16534914076328278,0.0
2286,RidgeCov,0.16032668948173523,TargetRidge,0.21803057193756104,0.057703882455825806,RidgeCov,0.16032668948173523,0.0
2287,RidgeCov,0.17208020389080048,TargetRidge,0.2487969845533371,0.07671678066253662,RidgeCov,0.17208020389080048,0.0
2288,RidgeCov,0.15980517864227295,TargetRidge,0.24022023379802704,0.08041505515575409,RidgeCov,0.15980517864227295,0.0
2289,RidgeCov,0.17535924911499023,TargetRidge,0.25119563937187195,0.07583639025688171,RidgeCov,0.17535924911499023,0.0
2290,RidgeCov,0.15552277863025665,TargetRidge,0.28778424859046936,0.1322614699602127,RidgeCov,0.15552277863025665,0.0
2291,RidgeCov,0.18254470825195312,TargetRidge,0.3208964765071869,0.13835176825523376,RidgeCov,0.18254470825195312,0.0
2292,RidgeCov,0.16104985773563385,TargetRidge,0.2618516981601715,0.10080184042453766,RidgeCov,0.16104985773563385,0.0
2293,RidgeCov,0.1560276597738266,TargetRidge,0.2953653037548065,0.13933764398097992,RidgeCov,0.1560276597738266,0.0
2294,RidgeCov,0.16213886439800262,TargetRidge,0.25810301303863525,0.09596414864063263,RidgeCov,0.16213886439800262,0.0
2295,RidgeCov,0.17741887271404266,TargetRidge,0.3179875612258911,0.14056868851184845,RidgeCov,0.17741887271404266,0.0
2296,RidgeCov,0.18216033279895782,TargetRidge,0.25926247239112854,0.07710213959217072,RidgeCov,0.18216033279895782,0.0
2297,RidgeCov,0.16323411464691162,TargetRidge,0.2927628755569458,0.12952876091003418,RidgeCov,0.16323411464691162,0.0
2298,RidgeCov,0.16511423885822296,TargetRidge,0.30408892035484314,0.13897468149662018,RidgeCov,0.16511423885822296,0.0
2299,RidgeCov,0.16262200474739075,TargetRidge,0.49063578248023987,0.3280137777328491,RidgeCov,0.16262200474739075,0.0
2300,RidgeCov,0.18665242195129395,TargetRidge,0.3009231388568878,0.11427071690559387,RidgeCov,0.18665242195129395,0.0
2301,RidgeCov,0.17499561607837677,TargetRidge,0.48398151993751526,0.3089858889579773,RidgeCov,0.17499561607837677,0.0
2302,RidgeCov,0.21225707232952118,TargetRidge,0.4500824511051178,0.23782537877559662,RidgeCov,0.21225707232952118,0.0
2303,RidgeCov,0.16960375010967255,TargetRidge,0.38640573620796204,0.2168019860982895,RidgeCov,0.16960375010967255,0.0
2304,RidgeCov,0.1550372838973999,TargetRidge,0.30272752046585083,0.14769023656845093,RidgeCov,0.1550372838973999,0.0
2305,RidgeCov,0.16779156029224396,TargetRidge,0.4132070541381836,0.24541549384593964,RidgeCov,0.16779156029224396,0.0
2306,RidgeCov,0.16405369341373444,TargetRidge,0.36859777569770813,0.2045440822839737,RidgeCov,0.16405369341373444,0.0
2307,RidgeCov,0.19567936658859253,TargetRidge,0.35397541522979736,0.15829604864120483,RidgeCov,0.19567936658859253,0.0
2308,RidgeCov,0.1587228924036026,TargetRidge,0.44447579979896545,0.28575289249420166,RidgeCov,0.1587228924036026,0.0
2309,RidgeCov,0.16672830283641815,TargetRidge,0.3489201068878174,0.18219180405139923,RidgeCov,0.16672830283641815,0.0
2310,RidgeCov,0.16318412125110626,TargetRidge,0.4237425625324249,0.26055842638015747,RidgeCov,0.16318412125110626,0.0
2311,RidgeCov,0.15081638097763062,TargetRidge,0.4989839494228363,0.3481675684452057,RidgeCov,0.15081638097763062,0.0
2312,RidgeCov,0.19417868554592133,TargetRidge,0.5590619444847107,0.3648832440376282,RidgeCov,0.19417868554592133,0.0
2313,RidgeCov,0.1770234853029251,TargetRidge,0.39472928643226624,0.21770580112934113,RidgeCov,0.1770234853029251,0.0
2314,RidgeCov,0.16864562034606934,TargetRidge,0.5126180052757263,0.343972384929657,RidgeCov,0.16864562034606934,0.0
2315,RidgeCov,0.1475585252046585,TargetRidge,0.46083715558052063,0.3132786154747009,RidgeCov,0.1475585252046585,0.0
2316,RidgeCov,0.2005232572555542,TargetRidge,0.44461357593536377,0.24409031867980957,RidgeCov,0.2005232572555542,0.0
2317,RidgeCov,0.14132897555828094,TargetRidge,0.5006036162376404,0.35927462577819824,RidgeCov,0.14132897555828094,0.0
2318,RidgeCov,0.15218782424926758,TargetRidge,0.6467188596725464,0.4945310354232788,RidgeCov,0.15218782424926758,0.0
2319,RidgeCov,0.17044945061206818,TargetRidge,0.44551369547843933,0.27506422996520996,RidgeCov,0.17044945061206818,0.0
2320,RidgeCov,0.15322816371917725,TargetRidge,0.41690754890441895,0.2636793851852417,RidgeCov,0.15322816371917725,0.0
2321,RidgeCov,0.16255395114421844,TargetRidge,0.48247936367988586,0.3199254274368286,RidgeCov,0.16255395114421844,0.0
2322,RidgeCov,0.16225427389144897,TargetRidge,0.37704503536224365,0.21479076147079468,RidgeCov,0.16225427389144897,0.0
2323,RidgeCov,0.13448405265808105,TargetRidge,0.47216060757637024,0.3376765549182892,RidgeCov,0.13448405265808105,0.0
2324,RidgeCov,0.12843333184719086,TargetRidge,0.4581184387207031,0.3296850919723511,RidgeCov,0.12843333184719086,0.0
2325,RidgeCov,0.1407008320093155,TargetRidge,0.41487613320350647,0.2741752862930298,RidgeCov,0.1407008320093155,0.0
2326,RidgeCov,0.1619480550289154,TargetRidge,0.46912720799446106,0.30717915296554565,RidgeCov,0.1619480550289154,0.0
2327,RidgeCov,0.1547427922487259,TargetRidge,0.6569089293479919,0.5021661520004272,RidgeCov,0.1547427922487259,0.0
2328,RidgeCov,0.19498230516910553,TargetRidge,0.5401065349578857,0.3451242446899414,RidgeCov,0.19498230516910553,0.0
2329,RidgeCov,0.19377917051315308,TargetRidge,0.35513028502464294,0.16135111451148987,RidgeCov,0.19377917051315308,0.0
2330,RidgeCov,0.15236561000347137,TargetRidge,0.4032228887081146,0.25085729360580444,RidgeCov,0.15236561000347137,0.0
2331,RidgeCov,0.16060815751552582,TargetRidge,0.45703062415122986,0.29642248153686523,RidgeCov,0.16060815751552582,0.0
2332,RidgeCov,0.1700698286294937,TargetRidge,0.3117440640926361,0.1416742354631424,RidgeCov,0.1700698286294937,0.0
2333,RidgeCov,0.14026415348052979,TargetRidge,0.4022425413131714,0.2619783878326416,RidgeCov,0.14026415348052979,0.0
2334,RidgeCov,0.16667240858078003,TargetRidge,0.36263707280158997,0.19596466422080994,RidgeCov,0.16667240858078003,0.0
2335,RidgeCov,0.13581572473049164,TargetRidge,0.33611616492271423,0.2003004401922226,RidgeCov,0.13581572473049164,0.0
2336,RidgeCov,0.12005453556776047,TargetRidge,0.40047767758369446,0.2804231345653534,RidgeCov,0.12005453556776047,0.0
2337,RidgeCov,0.1721373200416565,TargetRidge,0.28651729226112366,0.11437997221946716,RidgeCov,0.1721373200416565,0.0
2338,RidgeCov,0.13138867914676666,TargetRidge,0.36175522208213806,0.2303665429353714,RidgeCov,0.13138867914676666,0.0
2339,RidgeCov,0.1518399864435196,TargetRidge,0.397892564535141,0.2460525780916214,RidgeCov,0.1518399864435196,0.0
2340,RidgeCov,0.18451517820358276,TargetRidge,0.2604268491268158,0.07591167092323303,RidgeCov,0.18451517820358276,0.0
2341,RidgeCov,0.15608049929141998,TargetRidge,0.2752823531627655,0.11920185387134552,RidgeCov,0.15608049929141998,0.0
2342,RidgeCov,0.14332465827465057,TargetRidge,0.24686627089977264,0.10354161262512207,RidgeCov,0.14332465827465057,0.0
2343,RidgeCov,0.13874803483486176,TargetRidge,0.29245150089263916,0.1537034660577774,RidgeCov,0.13874803483486176,0.0
2344,RidgeCov,0.1536945104598999,TargetRidge,0.22424393892288208,0.07054942846298218,RidgeCov,0.1536945104598999,0.0
2345,RidgeCov,0.11438828706741333,TargetRidge,0.2637501358985901,0.14936184883117676,RidgeCov,0.11438828706741333,0.0
2346,RidgeCov,0.12989561259746552,TargetRidge,0.32040873169898987,0.19051311910152435,RidgeCov,0.12989561259746552,0.0
2347,RidgeCov,0.09329322725534439,TargetRidge,0.21213223040103912,0.11883900314569473,RidgeCov,0.09329322725534439,0.0
2348,RidgeCov,0.11872783303260803,TargetRidge,0.2827207148075104,0.16399288177490234,RidgeCov,0.11872783303260803,0.0
2349,RidgeCov,0.12063080072402954,TargetRidge,0.24591529369354248,0.12528449296951294,RidgeCov,0.12063080072402954,0.0
2350,RidgeCov,0.10024703294038773,TargetRidge,0.1588260680437088,0.058579035103321075,RidgeCov,0.10024703294038773,0.0
2351,RidgeCov,0.08918262273073196,TargetRidge,0.17905868589878082,0.08987606316804886,RidgeCov,0.08918262273073196,0.0
2352,RidgeCov,0.1002092957496643,TargetRidge,0.12116926908493042,0.020959973335266113,RidgeCov,0.1002092957496643,0.0
2353,RidgeCov,0.0991341769695282,TargetRidge,0.1277514100074768,0.02861723303794861,RidgeCov,0.0991341769695282,0.0
2354,RidgeCov,0.09187164157629013,TargetRidge,0.1732497662305832,0.08137812465429306,RidgeCov,0.09187164157629013,0.0
2355,RidgeCov,0.11467678099870682,TargetRidge,0.1738167256116867,0.05913994461297989,RidgeCov,0.11467678099870682,0.0
2356,RidgeCov,0.12429855018854141,TargetRidge,0.16175390779972076,0.03745535761117935,RidgeCov,0.12429855018854141,0.0
2357,RidgeCov,0.1410600244998932,TargetRidge,0.16201798617839813,0.020957961678504944,RidgeCov,0.1410600244998932,0.0
2358,RidgeCov,0.11633119732141495,TargetRidge,0.12289038300514221,0.006559185683727264,RidgeCov,0.11633119732141495,0.0
2359,TargetRidge,0.10530275106430054,RidgeCov,0.11987987160682678,0.014577120542526245,RidgeCov,0.11987987160682678,0.014577120542526245
2360,RidgeCov,0.11345326900482178,TargetRidge,0.11802341789007187,0.0045701488852500916,RidgeCov,0.11345326900482178,0.0
2361,TargetRidge,0.08678797632455826,RidgeCov,0.1421748548746109,0.05538687855005264,RidgeCov,0.1421748548746109,0.05538687855005264
2362,TargetRidge,0.10427098721265793,RidgeCov,0.11367539316415787,0.009404405951499939,RidgeCov,0.11367539316415787,0.009404405951499939
2363,TargetRidge,0.08759065717458725,RidgeCov,0.11527290940284729,0.02768225222826004,RidgeCov,0.11527290940284729,0.02768225222826004
2364,TargetRidge,0.08083191514015198,RidgeCov,0.1498936265707016,0.06906171143054962,RidgeCov,0.1498936265707016,0.06906171143054962
2365,TargetRidge,0.08026985079050064,RidgeCov,0.16257737576961517,0.08230752497911453,RidgeCov,0.16257737576961517,0.08230752497911453
2366,TargetRidge,0.08034934848546982,RidgeCov,0.14293472468852997,0.06258537620306015,RidgeCov,0.14293472468852997,0.06258537620306015
2367,TargetRidge,0.07959584891796112,RidgeCov,0.1416531652212143,0.062057316303253174,RidgeCov,0.1416531652212143,0.062057316303253174
2368,TargetRidge,0.0900452733039856,RidgeCov,0.14342740178108215,0.05338212847709656,RidgeCov,0.14342740178108215,0.05338212847709656
2369,TargetRidge,0.07450264692306519,RidgeCov,0.16535957157611847,0.09085692465305328,RidgeCov,0.16535957157611847,0.09085692465305328
2370,TargetRidge,0.07519382238388062,RidgeCov,0.18317894637584686,0.10798512399196625,RidgeCov,0.18317894637584686,0.10798512399196625
2371,TargetRidge,0.07435160130262375,RidgeCov,0.16838301718235016,0.09403141587972641,RidgeCov,0.16838301718235016,0.09403141587972641
2372,TargetRidge,0.07495392113924026,RidgeCov,0.14149890840053558,0.06654498726129532,RidgeCov,0.14149890840053558,0.06654498726129532
2373,TargetRidge,0.07639464735984802,RidgeCov,0.14882294833660126,0.07242830097675323,RidgeCov,0.14882294833660126,0.07242830097675323
2374,TargetRidge,0.07536519318819046,RidgeCov,0.15033072233200073,0.07496552914381027,RidgeCov,0.15033072233200073,0.07496552914381027
2375,TargetRidge,0.0768362507224083,RidgeCov,0.17759613692760468,0.10075988620519638,RidgeCov,0.17759613692760468,0.10075988620519638
2376,TargetRidge,0.10741054266691208,RidgeCov,0.19092656672000885,0.08351602405309677,RidgeCov,0.19092656672000885,0.08351602405309677
2377,TargetRidge,0.07599985599517822,RidgeCov,0.15218143165111542,0.0761815756559372,RidgeCov,0.15218143165111542,0.0761815756559372
2378,TargetRidge,0.08292756974697113,RidgeCov,0.188704252243042,0.10577668249607086,RidgeCov,0.188704252243042,0.10577668249607086
2379,TargetRidge,0.07783433794975281,RidgeCov,0.18080349266529083,0.10296915471553802,RidgeCov,0.18080349266529083,0.10296915471553802
2380,TargetRidge,0.0783357098698616,RidgeCov,0.16976593434810638,0.09143022447824478,RidgeCov,0.16976593434810638,0.09143022447824478
2381,TargetRidge,0.07957709580659866,RidgeCov,0.17034132778644562,0.09076423197984695,RidgeCov,0.17034132778644562,0.09076423197984695
2382,TargetRidge,0.07872416824102402,RidgeCov,0.16703997552394867,0.08831580728292465,RidgeCov,0.16703997552394867,0.08831580728292465
2383,TargetRidge,0.08400139212608337,RidgeCov,0.16730105876922607,0.0832996666431427,RidgeCov,0.16730105876922607,0.0832996666431427
2384,TargetRidge,0.12482459098100662,RidgeCov,0.13833214342594147,0.013507552444934845,RidgeCov,0.13833214342594147,0.013507552444934845
2385,TargetRidge,0.07998603582382202,RidgeCov,0.19694097340106964,0.11695493757724762,RidgeCov,0.19694097340106964,0.11695493757724762
2386,TargetRidge,0.12328582257032394,RidgeCov,0.14829424023628235,0.025008417665958405,RidgeCov,0.14829424023628235,0.025008417665958405
2387,TargetRidge,0.089466392993927,RidgeCov,0.16172945499420166,0.07226306200027466,RidgeCov,0.16172945499420166,0.07226306200027466
2388,TargetRidge,0.1303682178258896,RidgeCov,0.13196048140525818,0.0015922635793685913,RidgeCov,0.13196048140525818,0.0015922635793685913
2389,TargetRidge,0.13595141470432281,RidgeCov,0.15533165633678436,0.019380241632461548,RidgeCov,0.15533165633678436,0.019380241632461548
2390,TargetRidge,0.1298816055059433,RidgeCov,0.18276073038578033,0.052879124879837036,RidgeCov,0.18276073038578033,0.052879124879837036
2391,RidgeCov,0.12784692645072937,TargetRidge,0.12936727702617645,0.0015203505754470825,RidgeCov,0.12784692645072937,0.0
2392,TargetRidge,0.11893413215875626,RidgeCov,0.13864828646183014,0.019714154303073883,RidgeCov,0.13864828646183014,0.019714154303073883
2393,TargetRidge,0.09747505187988281,RidgeCov,0.12092389911413193,0.023448847234249115,RidgeCov,0.12092389911413193,0.023448847234249115
2394,TargetRidge,0.14094297587871552,RidgeCov,0.1813901662826538,0.04044719040393829,RidgeCov,0.1813901662826538,0.04044719040393829
2395,RidgeCov,0.1551342010498047,TargetRidge,0.1744115799665451,0.019277378916740417,RidgeCov,0.1551342010498047,0.0
2396,RidgeCov,0.1679324060678482,TargetRidge,0.25606629252433777,0.08813388645648956,RidgeCov,0.1679324060678482,0.0
2397,RidgeCov,0.18246549367904663,TargetRidge,0.20178477466106415,0.019319280982017517,RidgeCov,0.18246549367904663,0.0
2398,TargetRidge,0.18719583749771118,RidgeCov,0.1882217526435852,0.0010259151458740234,RidgeCov,0.1882217526435852,0.0010259151458740234
2399,RidgeCov,0.14607220888137817,TargetRidge,0.17391838133335114,0.02784617245197296,RidgeCov,0.14607220888137817,0.0
2400,RidgeCov,0.1564399152994156,TargetRidge,0.15969906747341156,0.0032591521739959717,RidgeCov,0.1564399152994156,0.0
2401,RidgeCov,0.15592822432518005,TargetRidge,0.17419449985027313,0.01826627552509308,RidgeCov,0.15592822432518005,0.0
2402,RidgeCov,0.19816279411315918,TargetRidge,0.20900018513202667,0.010837391018867493,RidgeCov,0.19816279411315918,0.0
2403,RidgeCov,0.19908130168914795,TargetRidge,0.3519982397556305,0.15291693806648254,RidgeCov,0.19908130168914795,0.0
2404,TargetRidge,0.2005590945482254,RidgeCov,0.21118183434009552,0.010622739791870117,RidgeCov,0.21118183434009552,0.010622739791870117
2405,RidgeCov,0.2467622011899948,TargetRidge,0.3006494343280792,0.05388723313808441,RidgeCov,0.2467622011899948,0.0
2406,RidgeCov,0.20400936901569366,TargetRidge,0.25950130820274353,0.055491939187049866,RidgeCov,0.20400936901569366,0.0
2407,TargetRidge,0.2060568779706955,RidgeCov,0.23065690696239471,0.02460002899169922,RidgeCov,0.23065690696239471,0.02460002899169922
2408,TargetRidge,0.16680622100830078,RidgeCov,0.2325619012117386,0.0657556802034378,RidgeCov,0.2325619012117386,0.0657556802034378
2409,RidgeCov,0.20343875885009766,TargetRidge,0.3126361668109894,0.10919740796089172,RidgeCov,0.20343875885009766,0.0
2410,RidgeCov,0.284188836812973,TargetRidge,0.31236836314201355,0.028179526329040527,RidgeCov,0.284188836812973,0.0
2411,RidgeCov,0.244378462433815,TargetRidge,0.3424244821071625,0.09804601967334747,RidgeCov,0.244378462433815,0.0
2412,RidgeCov,0.2223656177520752,TargetRidge,0.270893394947052,0.04852777719497681,RidgeCov,0.2223656177520752,0.0
2413,RidgeCov,0.1845548003911972,TargetRidge,0.24333016574382782,0.058775365352630615,RidgeCov,0.1845548003911972,0.0
2414,TargetRidge,0.2014763355255127,RidgeCov,0.23507781326770782,0.03360147774219513,RidgeCov,0.23507781326770782,0.03360147774219513
2415,TargetRidge,0.15465237200260162,RidgeCov,0.20531480014324188,0.05066242814064026,RidgeCov,0.20531480014324188,0.05066242814064026
2416,RidgeCov,0.181657075881958,TargetRidge,0.29377132654190063,0.11211425065994263,RidgeCov,0.181657075881958,0.0
2417,RidgeCov,0.19998474419116974,TargetRidge,0.22141282260417938,0.021428078413009644,RidgeCov,0.19998474419116974,0.0
2418,TargetRidge,0.15823732316493988,RidgeCov,0.23458600044250488,0.076348677277565,RidgeCov,0.23458600044250488,0.076348677277565
2419,RidgeCov,0.1940956711769104,TargetRidge,0.26176634430885315,0.06767067313194275,RidgeCov,0.1940956711769104,0.0
2420,TargetRidge,0.1776236742734909,RidgeCov,0.21961389482021332,0.04199022054672241,RidgeCov,0.21961389482021332,0.04199022054672241
2421,TargetRidge,0.17974095046520233,RidgeCov,0.2671239674091339,0.08738301694393158,RidgeCov,0.2671239674091339,0.08738301694393158
2422,TargetRidge,0.1718403846025467,RidgeCov,0.2581382691860199,0.0862978845834732,RidgeCov,0.2581382691860199,0.0862978845834732
2423,TargetRidge,0.14428432285785675,RidgeCov,0.2484385222196579,0.10415419936180115,RidgeCov,0.2484385222196579,0.10415419936180115
2424,TargetRidge,0.19721569120883942,RidgeCov,0.20056481659412384,0.003349125385284424,RidgeCov,0.20056481659412384,0.003349125385284424
2425,TargetRidge,0.14918364584445953,RidgeCov,0.2338373064994812,0.08465366065502167,RidgeCov,0.2338373064994812,0.08465366065502167
2426,TargetRidge,0.13746057450771332,RidgeCov,0.22233666479587555,0.08487609028816223,RidgeCov,0.22233666479587555,0.08487609028816223
2427,TargetRidge,0.1260354369878769,RidgeCov,0.24003489315509796,0.11399945616722107,RidgeCov,0.24003489315509796,0.11399945616722107
2428,TargetRidge,0.14672891795635223,RidgeCov,0.22447848320007324,0.07774956524372101,RidgeCov,0.22447848320007324,0.07774956524372101
2429,TargetRidge,0.14670686423778534,RidgeCov,0.26159319281578064,0.1148863285779953,RidgeCov,0.26159319281578064,0.1148863285779953
2430,TargetRidge,0.17516852915287018,RidgeCov,0.24541835486888885,0.07024982571601868,RidgeCov,0.24541835486888885,0.07024982571601868
2431,TargetRidge,0.16569453477859497,RidgeCov,0.26188090443611145,0.09618636965751648,RidgeCov,0.26188090443611145,0.09618636965751648
2432,TargetRidge,0.15072999894618988,RidgeCov,0.23363883793354034,0.08290883898735046,RidgeCov,0.23363883793354034,0.08290883898735046
2433,TargetRidge,0.13039948046207428,RidgeCov,0.2608947455883026,0.13049526512622833,RidgeCov,0.2608947455883026,0.13049526512622833
2434,TargetRidge,0.12516151368618011,RidgeCov,0.3046204149723053,0.17945890128612518,RidgeCov,0.3046204149723053,0.17945890128612518
2435,TargetRidge,0.11749979108572006,RidgeCov,0.2690613567829132,0.15156155824661255,RidgeCov,0.2690613567829132,0.15156155824661255
2436,TargetRidge,0.1190967932343483,RidgeCov,0.3132503032684326,0.19415351748466492,RidgeCov,0.3132503032684326,0.19415351748466492
2437,TargetRidge,0.12381724268198013,RidgeCov,0.27357548475265503,0.1497582495212555,RidgeCov,0.27357548475265503,0.1497582495212555
2438,TargetRidge,0.14561499655246735,RidgeCov,0.2736337184906006,0.12801872193813324,RidgeCov,0.2736337184906006,0.12801872193813324
2439,TargetRidge,0.14957162737846375,RidgeCov,0.30595657229423523,0.15638494491577148,RidgeCov,0.30595657229423523,0.15638494491577148
2440,TargetRidge,0.13189156353473663,RidgeCov,0.2670370042324066,0.13514544069766998,RidgeCov,0.2670370042324066,0.13514544069766998
2441,TargetRidge,0.1311614215373993,RidgeCov,0.29747894406318665,0.16631752252578735,RidgeCov,0.29747894406318665,0.16631752252578735
2442,TargetRidge,0.12633675336837769,RidgeCov,0.26977619528770447,0.14343944191932678,RidgeCov,0.26977619528770447,0.14343944191932678
2443,TargetRidge,0.12608391046524048,RidgeCov,0.2719382047653198,0.14585429430007935,RidgeCov,0.2719382047653198,0.14585429430007935
2444,TargetRidge,0.12888632714748383,RidgeCov,0.29301175475120544,0.16412542760372162,RidgeCov,0.29301175475120544,0.16412542760372162
2445,TargetRidge,0.12911474704742432,RidgeCov,0.30090025067329407,0.17178550362586975,RidgeCov,0.30090025067329407,0.17178550362586975
2446,TargetRidge,0.13683216273784637,RidgeCov,0.2810235917568207,0.1441914290189743,RidgeCov,0.2810235917568207,0.1441914290189743
2447,TargetRidge,0.13042022287845612,RidgeCov,0.27446040511131287,0.14404018223285675,RidgeCov,0.27446040511131287,0.14404018223285675
2448,TargetRidge,0.12659630179405212,RidgeCov,0.30274322628974915,0.17614692449569702,RidgeCov,0.30274322628974915,0.17614692449569702
2449,TargetRidge,0.1296694576740265,RidgeCov,0.2798252999782562,0.15015584230422974,RidgeCov,0.2798252999782562,0.15015584230422974
2450,TargetRidge,0.12703610956668854,RidgeCov,0.30395543575286865,0.17691932618618011,RidgeCov,0.30395543575286865,0.17691932618618011
2451,TargetRidge,0.13702084124088287,RidgeCov,0.3162175118923187,0.17919667065143585,RidgeCov,0.3162175118923187,0.17919667065143585
2452,TargetRidge,0.1251586526632309,RidgeCov,0.28940752148628235,0.16424886882305145,RidgeCov,0.28940752148628235,0.16424886882305145
2453,TargetRidge,0.12459227442741394,RidgeCov,0.26650315523147583,0.1419108808040619,RidgeCov,0.26650315523147583,0.1419108808040619
2454,TargetRidge,0.12476730346679688,RidgeCov,0.29202333092689514,0.16725602746009827,RidgeCov,0.29202333092689514,0.16725602746009827
2455,TargetRidge,0.12624654173851013,RidgeCov,0.2976076602935791,0.17136111855506897,RidgeCov,0.2976076602935791,0.17136111855506897
2456,TargetRidge,0.12602774798870087,RidgeCov,0.2871951758861542,0.1611674278974533,RidgeCov,0.2871951758861542,0.1611674278974533
2457,TargetRidge,0.1243966817855835,RidgeCov,0.2875814139842987,0.1631847321987152,RidgeCov,0.2875814139842987,0.1631847321987152
2458,TargetRidge,0.1233268603682518,RidgeCov,0.2861810624599457,0.16285419464111328,RidgeCov,0.2861810624599457,0.16285419464111328
2459,TargetRidge,0.12321197986602783,RidgeCov,0.3054058849811554,0.18219390511512756,RidgeCov,0.3054058849811554,0.18219390511512756
2460,TargetRidge,0.12227229028940201,RidgeCov,0.28981220722198486,0.16753992438316345,RidgeCov,0.28981220722198486,0.16753992438316345
2461,TargetRidge,0.12169627100229263,RidgeCov,0.32838353514671326,0.20668727159500122,RidgeCov,0.32838353514671326,0.20668727159500122
2462,TargetRidge,0.1220177635550499,RidgeCov,0.3153093755245209,0.19329160451889038,RidgeCov,0.3153093755245209,0.19329160451889038
2463,TargetRidge,0.12290690094232559,RidgeCov,0.31103983521461487,0.18813294172286987,RidgeCov,0.31103983521461487,0.18813294172286987
2464,TargetRidge,0.1211923360824585,RidgeCov,0.32336997985839844,0.20217764377593994,RidgeCov,0.32336997985839844,0.20217764377593994
2465,TargetRidge,0.12033349275588989,RidgeCov,0.3022163212299347,0.1818828284740448,RidgeCov,0.3022163212299347,0.1818828284740448
2466,TargetRidge,0.12014061212539673,RidgeCov,0.33738431334495544,0.21724370121955872,RidgeCov,0.33738431334495544,0.21724370121955872
2467,TargetRidge,0.12162788957357407,RidgeCov,0.3283429443836212,0.20671504735946655,RidgeCov,0.3283429443836212,0.20671504735946655
2468,TargetRidge,0.12327850610017776,RidgeCov,0.31139829754829407,0.1881197988986969,RidgeCov,0.31139829754829407,0.1881197988986969
2469,TargetRidge,0.12444064766168594,RidgeCov,0.31251898407936096,0.18807834386825562,RidgeCov,0.31251898407936096,0.18807834386825562
2470,TargetRidge,0.12754176557064056,RidgeCov,0.31883692741394043,0.19129516184329987,RidgeCov,0.31883692741394043,0.19129516184329987
2471,TargetRidge,0.12621402740478516,RidgeCov,0.33779704570770264,0.21158301830291748,RidgeCov,0.33779704570770264,0.21158301830291748
2472,TargetRidge,0.12681697309017181,RidgeCov,0.31815552711486816,0.19133855402469635,RidgeCov,0.31815552711486816,0.19133855402469635
2473,TargetRidge,0.13094815611839294,RidgeCov,0.3409899175167084,0.21004176139831543,RidgeCov,0.3409899175167084,0.21004176139831543
2474,TargetRidge,0.13058723509311676,RidgeCov,0.3271566331386566,0.19656939804553986,RidgeCov,0.3271566331386566,0.19656939804553986
2475,TargetRidge,0.13082627952098846,RidgeCov,0.3248767852783203,0.19405050575733185,RidgeCov,0.3248767852783203,0.19405050575733185
2476,TargetRidge,0.13267391920089722,RidgeCov,0.3195270597934723,0.18685314059257507,RidgeCov,0.3195270597934723,0.18685314059257507
2477,TargetRidge,0.13435296714305878,RidgeCov,0.3069148361682892,0.1725618690252304,RidgeCov,0.3069148361682892,0.1725618690252304
2478,TargetRidge,0.13580657541751862,RidgeCov,0.3361447751522064,0.2003381997346878,RidgeCov,0.3361447751522064,0.2003381997346878
2479,TargetRidge,0.13970337808132172,RidgeCov,0.3210314214229584,0.18132804334163666,RidgeCov,0.3210314214229584,0.18132804334163666
2480,TargetRidge,0.141488179564476,RidgeCov,0.3450136184692383,0.20352543890476227,RidgeCov,0.3450136184692383,0.20352543890476227
2481,TargetRidge,0.14424769580364227,RidgeCov,0.34121885895729065,0.19697116315364838,RidgeCov,0.34121885895729065,0.19697116315364838
2482,TargetRidge,0.14400391280651093,RidgeCov,0.33238109946250916,0.18837718665599823,RidgeCov,0.33238109946250916,0.18837718665599823
2483,TargetRidge,0.14299990236759186,RidgeCov,0.3692246973514557,0.22622479498386383,RidgeCov,0.3692246973514557,0.22622479498386383
2484,TargetRidge,0.14926700294017792,RidgeCov,0.3561286926269531,0.2068616896867752,RidgeCov,0.3561286926269531,0.2068616896867752
2485,TargetRidge,0.15201424062252045,RidgeCov,0.35397735238075256,0.20196311175823212,RidgeCov,0.35397735238075256,0.20196311175823212
2486,TargetRidge,0.16518263518810272,RidgeCov,0.3660288155078888,0.20084618031978607,RidgeCov,0.3660288155078888,0.20084618031978607
2487,TargetRidge,0.1681678742170334,RidgeCov,0.3673807680606842,0.19921289384365082,RidgeCov,0.3673807680606842,0.19921289384365082
2488,TargetRidge,0.17724470794200897,RidgeCov,0.3480495512485504,0.17080484330654144,RidgeCov,0.3480495512485504,0.17080484330654144
2489,TargetRidge,0.19116534292697906,RidgeCov,0.37158846855163574,0.18042312562465668,RidgeCov,0.37158846855163574,0.18042312562465668
2490,TargetRidge,0.19734732806682587,RidgeCov,0.3819087743759155,0.18456144630908966,RidgeCov,0.3819087743759155,0.18456144630908966
2491,TargetRidge,0.20546364784240723,RidgeCov,0.3523006737232208,0.1468370258808136,RidgeCov,0.3523006737232208,0.1468370258808136
2492,TargetRidge,0.21108484268188477,RidgeCov,0.39228641986846924,0.18120157718658447,RidgeCov,0.39228641986846924,0.18120157718658447
2493,TargetRidge,0.22396504878997803,RidgeCov,0.3915964663028717,0.16763141751289368,RidgeCov,0.3915964663028717,0.16763141751289368
2494,TargetRidge,0.23047558963298798,RidgeCov,0.34546998143196106,0.11499439179897308,RidgeCov,0.34546998143196106,0.11499439179897308
2495,TargetRidge,0.23589690029621124,RidgeCov,0.38556864857673645,0.1496717482805252,RidgeCov,0.38556864857673645,0.1496717482805252
2496,TargetRidge,0.23575635254383087,RidgeCov,0.3900514543056488,0.15429510176181793,RidgeCov,0.3900514543056488,0.15429510176181793
2497,TargetRidge,0.24797306954860687,RidgeCov,0.3871382772922516,0.13916520774364471,RidgeCov,0.3871382772922516,0.13916520774364471
2498,TargetRidge,0.24978752434253693,RidgeCov,0.37448540329933167,0.12469787895679474,RidgeCov,0.37448540329933167,0.12469787895679474
2499,TargetRidge,0.2572021484375,RidgeCov,0.3735668659210205,0.11636471748352051,RidgeCov,0.3735668659210205,0.11636471748352051
2500,TargetRidge,0.2676506042480469,RidgeCov,0.3385997712612152,0.07094916701316833,RidgeCov,0.3385997712612152,0.07094916701316833
2501,TargetRidge,0.273799329996109,RidgeCov,0.39741095900535583,0.12361162900924683,RidgeCov,0.39741095900535583,0.12361162900924683
2502,TargetRidge,0.28388679027557373,RidgeCov,0.353864461183548,0.06997767090797424,RidgeCov,0.353864461183548,0.06997767090797424
2503,TargetRidge,0.29237720370292664,RidgeCov,0.37699875235557556,0.08462154865264893,RidgeCov,0.37699875235557556,0.08462154865264893
2504,TargetRidge,0.29664739966392517,RidgeCov,0.38397204875946045,0.08732464909553528,RidgeCov,0.38397204875946045,0.08732464909553528
2505,TargetRidge,0.30596235394477844,RidgeCov,0.39574918150901794,0.0897868275642395,RidgeCov,0.39574918150901794,0.0897868275642395
2506,TargetRidge,0.31497159600257874,RidgeCov,0.44003844261169434,0.1250668466091156,RidgeCov,0.44003844261169434,0.1250668466091156
2507,TargetRidge,0.32522329688072205,RidgeCov,0.45391640067100525,0.1286931037902832,RidgeCov,0.45391640067100525,0.1286931037902832
2508,TargetRidge,0.32974138855934143,RidgeCov,0.38899192214012146,0.05925053358078003,RidgeCov,0.38899192214012146,0.05925053358078003
2509,TargetRidge,0.34263095259666443,RidgeCov,0.3789024353027344,0.036271482706069946,RidgeCov,0.3789024353027344,0.036271482706069946
2510,TargetRidge,0.3518233299255371,RidgeCov,0.36423423886299133,0.012410908937454224,RidgeCov,0.36423423886299133,0.012410908937454224
2511,TargetRidge,0.3490098714828491,RidgeCov,0.3957320749759674,0.046722203493118286,RidgeCov,0.3957320749759674,0.046722203493118286
2512,TargetRidge,0.3606826364994049,RidgeCov,0.3924628794193268,0.031780242919921875,RidgeCov,0.3924628794193268,0.031780242919921875
2513,TargetRidge,0.3672808110713959,RidgeCov,0.4191301763057709,0.051849365234375,RidgeCov,0.4191301763057709,0.051849365234375
2514,TargetRidge,0.370151162147522,RidgeCov,0.4060361087322235,0.03588494658470154,RidgeCov,0.4060361087322235,0.03588494658470154
2515,TargetRidge,0.3800458014011383,RidgeCov,0.39509883522987366,0.015053033828735352,RidgeCov,0.39509883522987366,0.015053033828735352
2516,TargetRidge,0.3863554894924164,RidgeCov,0.45365217328071594,0.06729668378829956,RidgeCov,0.45365217328071594,0.06729668378829956
2517,TargetRidge,0.38970282673835754,RidgeCov,0.45013150572776794,0.0604286789894104,RidgeCov,0.45013150572776794,0.0604286789894104
2518,TargetRidge,0.3862600326538086,RidgeCov,0.4820692539215088,0.0958092212677002,RidgeCov,0.4820692539215088,0.0958092212677002
2519,TargetRidge,0.3972576856613159,RidgeCov,0.49467313289642334,0.09741544723510742,RidgeCov,0.49467313289642334,0.09741544723510742
2520,TargetRidge,0.40450921654701233,RidgeCov,0.46829792857170105,0.06378871202468872,RidgeCov,0.46829792857170105,0.06378871202468872
2521,TargetRidge,0.396248459815979,RidgeCov,0.47281792759895325,0.07656946778297424,RidgeCov,0.47281792759895325,0.07656946778297424
2522,TargetRidge,0.4037543535232544,RidgeCov,0.5212629437446594,0.11750859022140503,RidgeCov,0.5212629437446594,0.11750859022140503
2523,TargetRidge,0.4041442573070526,RidgeCov,0.44551506638526917,0.04137080907821655,RidgeCov,0.44551506638526917,0.04137080907821655
2524,TargetRidge,0.39610767364501953,RidgeCov,0.47215136885643005,0.07604369521141052,RidgeCov,0.47215136885643005,0.07604369521141052
2525,TargetRidge,0.3965335190296173,RidgeCov,0.4882861077785492,0.09175258874893188,RidgeCov,0.4882861077785492,0.09175258874893188
2526,TargetRidge,0.42711329460144043,RidgeCov,0.47270667552948,0.04559338092803955,RidgeCov,0.47270667552948,0.04559338092803955
2527,TargetRidge,0.398181676864624,RidgeCov,0.5007144808769226,0.10253280401229858,RidgeCov,0.5007144808769226,0.10253280401229858
2528,TargetRidge,0.4013798236846924,RidgeCov,0.5127916932106018,0.11141186952590942,RidgeCov,0.5127916932106018,0.11141186952590942
2529,TargetRidge,0.39382585883140564,RidgeCov,0.5253680348396301,0.1315421760082245,RidgeCov,0.5253680348396301,0.1315421760082245
2530,TargetRidge,0.43793073296546936,RidgeCov,0.5078423023223877,0.06991156935691833,RidgeCov,0.5078423023223877,0.06991156935691833
2531,TargetRidge,0.43335700035095215,RidgeCov,0.4912768602371216,0.057919859886169434,RidgeCov,0.4912768602371216,0.057919859886169434
2532,TargetRidge,0.4252983331680298,RidgeCov,0.4660128057003021,0.04071447253227234,RidgeCov,0.4660128057003021,0.04071447253227234
2533,TargetRidge,0.4098750054836273,RidgeCov,0.41324520111083984,0.0033701956272125244,RidgeCov,0.41324520111083984,0.0033701956272125244
2534,TargetRidge,0.4273179769515991,RidgeCov,0.4360729157924652,0.008754938840866089,RidgeCov,0.4360729157924652,0.008754938840866089
2535,TargetRidge,0.3796175420284271,RidgeCov,0.47005805373191833,0.09044051170349121,RidgeCov,0.47005805373191833,0.09044051170349121
2536,TargetRidge,0.40131282806396484,RidgeCov,0.45485034584999084,0.053537517786026,RidgeCov,0.45485034584999084,0.053537517786026
2537,TargetRidge,0.3595082461833954,RidgeCov,0.4564270079135895,0.09691876173019409,RidgeCov,0.4564270079135895,0.09691876173019409
2538,TargetRidge,0.35550928115844727,RidgeCov,0.4064241349697113,0.05091485381126404,RidgeCov,0.4064241349697113,0.05091485381126404
2539,TargetRidge,0.38358184695243835,RidgeCov,0.4873239994049072,0.10374215245246887,RidgeCov,0.4873239994049072,0.10374215245246887
2540,TargetRidge,0.3521132171154022,RidgeCov,0.4339090585708618,0.0817958414554596,RidgeCov,0.4339090585708618,0.0817958414554596
2541,TargetRidge,0.3597336709499359,RidgeCov,0.44952288269996643,0.08978921175003052,RidgeCov,0.44952288269996643,0.08978921175003052
2542,TargetRidge,0.3591640889644623,RidgeCov,0.5169413685798645,0.15777727961540222,RidgeCov,0.5169413685798645,0.15777727961540222
2543,TargetRidge,0.3820096552371979,RidgeCov,0.49044033885002136,0.10843068361282349,RidgeCov,0.49044033885002136,0.10843068361282349
2544,TargetRidge,0.328753799200058,RidgeCov,0.49706193804740906,0.16830813884735107,RidgeCov,0.49706193804740906,0.16830813884735107
2545,TargetRidge,0.3413635194301605,RidgeCov,0.5906926989555359,0.24932917952537537,RidgeCov,0.5906926989555359,0.24932917952537537
2546,TargetRidge,0.35546204447746277,RidgeCov,0.42807209491729736,0.0726100504398346,RidgeCov,0.42807209491729736,0.0726100504398346
2547,TargetRidge,0.3478964865207672,RidgeCov,0.49179473519325256,0.14389824867248535,RidgeCov,0.49179473519325256,0.14389824867248535
2548,TargetRidge,0.330802857875824,RidgeCov,0.4813705384731293,0.1505676805973053,RidgeCov,0.4813705384731293,0.1505676805973053
2549,TargetRidge,0.3707731068134308,RidgeCov,0.3941318690776825,0.02335876226425171,RidgeCov,0.3941318690776825,0.02335876226425171
2550,RidgeCov,0.3885427415370941,TargetRidge,0.4241410791873932,0.03559833765029907,RidgeCov,0.3885427415370941,0.0
2551,TargetRidge,0.32616958022117615,RidgeCov,0.41808316111564636,0.09191358089447021,RidgeCov,0.41808316111564636,0.09191358089447021
2552,TargetRidge,0.3979049623012543,RidgeCov,0.43985506892204285,0.041950106620788574,RidgeCov,0.43985506892204285,0.041950106620788574
2553,TargetRidge,0.3363514840602875,RidgeCov,0.4484996795654297,0.11214819550514221,RidgeCov,0.4484996795654297,0.11214819550514221
2554,TargetRidge,0.3720043897628784,RidgeCov,0.45576414465904236,0.08375975489616394,RidgeCov,0.45576414465904236,0.08375975489616394
2555,RidgeCov,0.37507256865501404,TargetRidge,0.392134428024292,0.017061859369277954,RidgeCov,0.37507256865501404,0.0
2556,TargetRidge,0.3258075714111328,RidgeCov,0.472158819437027,0.14635124802589417,RidgeCov,0.472158819437027,0.14635124802589417
2557,TargetRidge,0.357384592294693,RidgeCov,0.45486143231391907,0.09747684001922607,RidgeCov,0.45486143231391907,0.09747684001922607
2558,RidgeCov,0.41863298416137695,TargetRidge,0.4550289809703827,0.03639599680900574,RidgeCov,0.41863298416137695,0.0
2559,TargetRidge,0.3690764009952545,RidgeCov,0.48932480812072754,0.12024840712547302,RidgeCov,0.48932480812072754,0.12024840712547302
2560,TargetRidge,0.33648383617401123,RidgeCov,0.4310050308704376,0.09452119469642639,RidgeCov,0.4310050308704376,0.09452119469642639
2561,TargetRidge,0.33758744597435,RidgeCov,0.41255542635917664,0.07496798038482666,RidgeCov,0.41255542635917664,0.07496798038482666
2562,TargetRidge,0.3937375545501709,RidgeCov,0.44496557116508484,0.05122801661491394,RidgeCov,0.44496557116508484,0.05122801661491394
2563,TargetRidge,0.3937491178512573,RidgeCov,0.41787073016166687,0.024121612310409546,RidgeCov,0.41787073016166687,0.024121612310409546
2564,RidgeCov,0.36252734065055847,TargetRidge,0.4242986738681793,0.06177133321762085,RidgeCov,0.36252734065055847,0.0
2565,RidgeCov,0.3803683817386627,TargetRidge,0.38158559799194336,0.0012172162532806396,RidgeCov,0.3803683817386627,0.0
2566,RidgeCov,0.3492111265659332,TargetRidge,0.40707895159721375,0.05786782503128052,RidgeCov,0.3492111265659332,0.0
2567,TargetRidge,0.3648909628391266,RidgeCov,0.4032697379589081,0.038378775119781494,RidgeCov,0.4032697379589081,0.038378775119781494
2568,RidgeCov,0.35128793120384216,TargetRidge,0.377858430147171,0.026570498943328857,RidgeCov,0.35128793120384216,0.0
2569,TargetRidge,0.3563084602355957,RidgeCov,0.36320361495018005,0.006895154714584351,RidgeCov,0.36320361495018005,0.006895154714584351
2570,RidgeCov,0.3682534694671631,TargetRidge,0.4380694627761841,0.069815993309021,RidgeCov,0.3682534694671631,0.0
2571,RidgeCov,0.34660640358924866,TargetRidge,0.3788543939590454,0.03224799036979675,RidgeCov,0.34660640358924866,0.0
2572,RidgeCov,0.3951757848262787,TargetRidge,0.4111429452896118,0.01596716046333313,RidgeCov,0.3951757848262787,0.0
2573,TargetRidge,0.37698864936828613,RidgeCov,0.3789907693862915,0.002002120018005371,RidgeCov,0.3789907693862915,0.002002120018005371
2574,RidgeCov,0.380558580160141,TargetRidge,0.399975061416626,0.019416481256484985,RidgeCov,0.380558580160141,0.0
2575,TargetRidge,0.37953564524650574,RidgeCov,0.38388684391975403,0.004351198673248291,RidgeCov,0.38388684391975403,0.004351198673248291
2576,RidgeCov,0.3574611246585846,TargetRidge,0.4184173047542572,0.06095618009567261,RidgeCov,0.3574611246585846,0.0
2577,RidgeCov,0.39829015731811523,TargetRidge,0.4537295997142792,0.05543944239616394,RidgeCov,0.39829015731811523,0.0
2578,RidgeCov,0.31956496834754944,TargetRidge,0.4290328025817871,0.10946783423423767,RidgeCov,0.31956496834754944,0.0
2579,RidgeCov,0.3653916120529175,TargetRidge,0.37059786915779114,0.005206257104873657,RidgeCov,0.3653916120529175,0.0
2580,RidgeCov,0.3316859304904938,TargetRidge,0.3764175474643707,0.04473161697387695,RidgeCov,0.3316859304904938,0.0
2581,RidgeCov,0.4037393629550934,TargetRidge,0.4461560547351837,0.04241669178009033,RidgeCov,0.4037393629550934,0.0
2582,RidgeCov,0.3628833293914795,TargetRidge,0.4222266674041748,0.05934333801269531,RidgeCov,0.3628833293914795,0.0
2583,RidgeCov,0.331990122795105,TargetRidge,0.5003927946090698,0.16840267181396484,RidgeCov,0.331990122795105,0.0
2584,RidgeCov,0.32276520133018494,TargetRidge,0.4636472761631012,0.14088207483291626,RidgeCov,0.32276520133018494,0.0
2585,RidgeCov,0.2987845242023468,TargetRidge,0.414313942193985,0.11552941799163818,RidgeCov,0.2987845242023468,0.0
2586,RidgeCov,0.2603444755077362,TargetRidge,0.4792724549770355,0.21892797946929932,RidgeCov,0.2603444755077362,0.0
2587,RidgeCov,0.27077093720436096,TargetRidge,0.4025496542453766,0.13177871704101562,RidgeCov,0.27077093720436096,0.0
2588,RidgeCov,0.3080296814441681,TargetRidge,0.6071653962135315,0.2991357147693634,RidgeCov,0.3080296814441681,0.0
2589,RidgeCov,0.29458728432655334,TargetRidge,0.46016788482666016,0.1655806005001068,RidgeCov,0.29458728432655334,0.0
2590,RidgeCov,0.3311257064342499,TargetRidge,0.45234546065330505,0.12121975421905518,RidgeCov,0.3311257064342499,0.0
2591,RidgeCov,0.27950456738471985,TargetRidge,0.4217614233493805,0.14225685596466064,RidgeCov,0.27950456738471985,0.0
2592,RidgeCov,0.3398968279361725,TargetRidge,0.3888198137283325,0.048922985792160034,RidgeCov,0.3398968279361725,0.0
2593,RidgeCov,0.24237990379333496,TargetRidge,0.48359695076942444,0.24121704697608948,RidgeCov,0.24237990379333496,0.0
2594,RidgeCov,0.2753659188747406,TargetRidge,0.44803473353385925,0.17266881465911865,RidgeCov,0.2753659188747406,0.0
2595,RidgeCov,0.3254273235797882,TargetRidge,0.3934113681316376,0.06798404455184937,RidgeCov,0.3254273235797882,0.0
2596,TargetRidge,0.36531996726989746,RidgeCov,0.4221849739551544,0.05686500668525696,RidgeCov,0.4221849739551544,0.05686500668525696
2597,RidgeCov,0.31376856565475464,TargetRidge,0.4047994613647461,0.09103089570999146,RidgeCov,0.31376856565475464,0.0
2598,RidgeCov,0.31128236651420593,TargetRidge,0.4812149107456207,0.1699325442314148,RidgeCov,0.31128236651420593,0.0
2599,RidgeCov,0.36309948563575745,TargetRidge,0.41693270206451416,0.053833216428756714,RidgeCov,0.36309948563575745,0.0
2600,RidgeCov,0.3100144565105438,TargetRidge,0.42154839634895325,0.11153393983840942,RidgeCov,0.3100144565105438,0.0
2601,RidgeCov,0.33254995942115784,TargetRidge,0.40248894691467285,0.06993898749351501,RidgeCov,0.33254995942115784,0.0
2602,RidgeCov,0.32263442873954773,TargetRidge,0.4527972936630249,0.13016286492347717,RidgeCov,0.32263442873954773,0.0
2603,RidgeCov,0.3869423568248749,TargetRidge,0.44050517678260803,0.053562819957733154,RidgeCov,0.3869423568248749,0.0
2604,RidgeCov,0.31128963828086853,TargetRidge,0.5452131032943726,0.23392346501350403,RidgeCov,0.31128963828086853,0.0
2605,RidgeCov,0.3544239103794098,TargetRidge,0.5237943530082703,0.16937044262886047,RidgeCov,0.3544239103794098,0.0
2606,RidgeCov,0.40669646859169006,TargetRidge,0.5166420936584473,0.1099456250667572,RidgeCov,0.40669646859169006,0.0
2607,RidgeCov,0.3923591375350952,TargetRidge,0.5674696564674377,0.17511051893234253,RidgeCov,0.3923591375350952,0.0
2608,RidgeCov,0.4737189710140228,TargetRidge,0.5203337073326111,0.04661473631858826,RidgeCov,0.4737189710140228,0.0
2609,RidgeCov,0.39710214734077454,TargetRidge,0.5551878809928894,0.15808573365211487,RidgeCov,0.39710214734077454,0.0
2610,RidgeCov,0.4240844249725342,TargetRidge,0.5273352265357971,0.10325080156326294,RidgeCov,0.4240844249725342,0.0
2611,RidgeCov,0.4803273677825928,TargetRidge,0.5624439716339111,0.08211660385131836,RidgeCov,0.4803273677825928,0.0
2612,RidgeCov,0.48534104228019714,TargetRidge,0.5671894550323486,0.08184841275215149,RidgeCov,0.48534104228019714,0.0
2613,RidgeCov,0.420139878988266,TargetRidge,0.5440328121185303,0.12389293313026428,RidgeCov,0.420139878988266,0.0
2614,RidgeCov,0.3652091324329376,TargetRidge,0.5308480858802795,0.16563895344734192,RidgeCov,0.3652091324329376,0.0
2615,RidgeCov,0.4108180105686188,TargetRidge,0.5271815061569214,0.11636349558830261,RidgeCov,0.4108180105686188,0.0
2616,RidgeCov,0.36001208424568176,TargetRidge,0.5361103415489197,0.17609825730323792,RidgeCov,0.36001208424568176,0.0
2617,RidgeCov,0.408811092376709,TargetRidge,0.5231776833534241,0.11436659097671509,RidgeCov,0.408811092376709,0.0
2618,RidgeCov,0.40995290875434875,TargetRidge,0.5326096415519714,0.12265673279762268,RidgeCov,0.40995290875434875,0.0
2619,RidgeCov,0.3961966931819916,TargetRidge,0.534701406955719,0.13850471377372742,RidgeCov,0.3961966931819916,0.0
2620,RidgeCov,0.3797649145126343,TargetRidge,0.5073001384735107,0.12753522396087646,RidgeCov,0.3797649145126343,0.0
2621,RidgeCov,0.3854146897792816,TargetRidge,0.5085334777832031,0.12311878800392151,RidgeCov,0.3854146897792816,0.0
2622,RidgeCov,0.39292144775390625,TargetRidge,0.4759005308151245,0.08297908306121826,RidgeCov,0.39292144775390625,0.0
2623,RidgeCov,0.4014184772968292,TargetRidge,0.5001128315925598,0.09869435429573059,RidgeCov,0.4014184772968292,0.0
2624,RidgeCov,0.4431978464126587,TargetRidge,0.46113744378089905,0.017939597368240356,RidgeCov,0.4431978464126587,0.0
2625,RidgeCov,0.42315804958343506,TargetRidge,0.45417389273643494,0.031015843152999878,RidgeCov,0.42315804958343506,0.0
2626,RidgeCov,0.3798426687717438,TargetRidge,0.4373317062854767,0.05748903751373291,RidgeCov,0.3798426687717438,0.0
2627,TargetRidge,0.4272098243236542,RidgeCov,0.4574311673641205,0.03022134304046631,RidgeCov,0.4574311673641205,0.03022134304046631
2628,TargetRidge,0.41045844554901123,RidgeCov,0.44499528408050537,0.03453683853149414,RidgeCov,0.44499528408050537,0.03453683853149414
2629,TargetRidge,0.4257439076900482,RidgeCov,0.5177998542785645,0.09205594658851624,RidgeCov,0.5177998542785645,0.09205594658851624
2630,RidgeCov,0.3701137602329254,TargetRidge,0.3960230350494385,0.02590927481651306,RidgeCov,0.3701137602329254,0.0
2631,TargetRidge,0.4074259102344513,RidgeCov,0.488330602645874,0.08090469241142273,RidgeCov,0.488330602645874,0.08090469241142273
2632,TargetRidge,0.39275622367858887,RidgeCov,0.4546492099761963,0.06189298629760742,RidgeCov,0.4546492099761963,0.06189298629760742
2633,TargetRidge,0.3966831862926483,RidgeCov,0.4721473157405853,0.07546412944793701,RidgeCov,0.4721473157405853,0.07546412944793701
2634,TargetRidge,0.4051707684993744,RidgeCov,0.5839858651161194,0.178815096616745,RidgeCov,0.5839858651161194,0.178815096616745
2635,TargetRidge,0.40476763248443604,RidgeCov,0.6727741360664368,0.26800650358200073,RidgeCov,0.6727741360664368,0.26800650358200073
2636,TargetRidge,0.3924587666988373,RidgeCov,0.5591117739677429,0.16665300726890564,RidgeCov,0.5591117739677429,0.16665300726890564
2637,TargetRidge,0.39434245228767395,RidgeCov,0.623387336730957,0.22904488444328308,RidgeCov,0.623387336730957,0.22904488444328308
2638,TargetRidge,0.3921663463115692,RidgeCov,0.5911458134651184,0.1989794671535492,RidgeCov,0.5911458134651184,0.1989794671535492
2639,TargetRidge,0.4532456398010254,RidgeCov,0.7676623463630676,0.31441670656204224,RidgeCov,0.7676623463630676,0.31441670656204224
2640,TargetRidge,0.45979297161102295,RidgeCov,0.5107998847961426,0.05100691318511963,RidgeCov,0.5107998847961426,0.05100691318511963
2641,TargetRidge,0.3958183228969574,RidgeCov,0.6012360453605652,0.2054177224636078,RidgeCov,0.6012360453605652,0.2054177224636078
2642,TargetRidge,0.4540766179561615,RidgeCov,0.5976750254631042,0.14359840750694275,RidgeCov,0.5976750254631042,0.14359840750694275
2643,TargetRidge,0.45700588822364807,RidgeCov,0.5544499158859253,0.09744402766227722,RidgeCov,0.5544499158859253,0.09744402766227722
2644,TargetRidge,0.4159510135650635,RidgeCov,0.6195859313011169,0.20363491773605347,RidgeCov,0.6195859313011169,0.20363491773605347
2645,TargetRidge,0.4847024977207184,RidgeCov,0.6018383502960205,0.11713585257530212,RidgeCov,0.6018383502960205,0.11713585257530212
2646,TargetRidge,0.41637125611305237,RidgeCov,0.5479599237442017,0.1315886676311493,RidgeCov,0.5479599237442017,0.1315886676311493
2647,TargetRidge,0.42028772830963135,RidgeCov,0.6425063014030457,0.2222185730934143,RidgeCov,0.6425063014030457,0.2222185730934143
2648,TargetRidge,0.5238048434257507,RidgeCov,0.5581621527671814,0.034357309341430664,RidgeCov,0.5581621527671814,0.034357309341430664
2649,TargetRidge,0.4767853915691376,RidgeCov,0.5907709002494812,0.11398550868034363,RidgeCov,0.5907709002494812,0.11398550868034363
2650,TargetRidge,0.5890991687774658,RidgeCov,0.704646110534668,0.11554694175720215,RidgeCov,0.704646110534668,0.11554694175720215
2651,RidgeCov,0.6680544018745422,TargetRidge,0.7203760743141174,0.052321672439575195,RidgeCov,0.6680544018745422,0.0
2652,RidgeCov,0.5367688536643982,TargetRidge,0.6386523842811584,0.10188353061676025,RidgeCov,0.5367688536643982,0.0
2653,RidgeCov,0.6468644738197327,TargetRidge,0.6778032183647156,0.03093874454498291,RidgeCov,0.6468644738197327,0.0
2654,TargetRidge,0.5330987572669983,RidgeCov,0.6696593761444092,0.1365606188774109,RidgeCov,0.6696593761444092,0.1365606188774109
2655,TargetRidge,0.5178555846214294,RidgeCov,0.5989952683448792,0.08113968372344971,RidgeCov,0.5989952683448792,0.08113968372344971
2656,TargetRidge,0.6288884282112122,RidgeCov,0.6859166026115417,0.05702817440032959,RidgeCov,0.6859166026115417,0.05702817440032959
2657,RidgeCov,0.559414803981781,TargetRidge,0.7087144255638123,0.14929962158203125,RidgeCov,0.559414803981781,0.0
2658,RidgeCov,0.648845374584198,TargetRidge,0.7339177131652832,0.0850723385810852,RidgeCov,0.648845374584198,0.0
2659,TargetRidge,0.5634898543357849,RidgeCov,0.6960535049438477,0.13256365060806274,RidgeCov,0.6960535049438477,0.13256365060806274
2660,TargetRidge,0.5593748688697815,RidgeCov,0.6052347421646118,0.04585987329483032,RidgeCov,0.6052347421646118,0.04585987329483032
2661,TargetRidge,0.6047447323799133,RidgeCov,0.6647644639015198,0.060019731521606445,RidgeCov,0.6647644639015198,0.060019731521606445
2662,TargetRidge,0.5305144190788269,RidgeCov,0.6522520184516907,0.12173759937286377,RidgeCov,0.6522520184516907,0.12173759937286377
2663,RidgeCov,0.6045976877212524,TargetRidge,0.6358075737953186,0.031209886074066162,RidgeCov,0.6045976877212524,0.0
2664,TargetRidge,0.6047317385673523,RidgeCov,0.629922091960907,0.025190353393554688,RidgeCov,0.629922091960907,0.025190353393554688
2665,TargetRidge,0.568239152431488,RidgeCov,0.5886480212211609,0.02040886878967285,RidgeCov,0.5886480212211609,0.02040886878967285
2666,RidgeCov,0.6077114939689636,TargetRidge,0.6705325245857239,0.06282103061676025,RidgeCov,0.6077114939689636,0.0
2667,RidgeCov,0.5600460767745972,TargetRidge,0.7249481678009033,0.16490209102630615,RidgeCov,0.5600460767745972,0.0
2668,RidgeCov,0.7103290557861328,TargetRidge,0.7822322249412537,0.07190316915512085,RidgeCov,0.7103290557861328,0.0
2669,RidgeCov,0.5192685127258301,TargetRidge,0.7002902626991272,0.18102174997329712,RidgeCov,0.5192685127258301,0.0
2670,RidgeCov,0.52032071352005,TargetRidge,0.6549665927886963,0.13464587926864624,RidgeCov,0.52032071352005,0.0
2671,RidgeCov,0.5620729327201843,TargetRidge,0.769903838634491,0.20783090591430664,RidgeCov,0.5620729327201843,0.0
2672,RidgeCov,0.5749303698539734,TargetRidge,0.6728470921516418,0.09791672229766846,RidgeCov,0.5749303698539734,0.0
2673,RidgeCov,0.5669551491737366,TargetRidge,0.7297658324241638,0.16281068325042725,RidgeCov,0.5669551491737366,0.0
2674,RidgeCov,0.6116648316383362,TargetRidge,0.8494510650634766,0.23778623342514038,RidgeCov,0.6116648316383362,0.0
2675,RidgeCov,0.5820834636688232,TargetRidge,0.7120504975318909,0.12996703386306763,RidgeCov,0.5820834636688232,0.0
2676,RidgeCov,0.61204594373703,TargetRidge,0.7263598442077637,0.11431390047073364,RidgeCov,0.61204594373703,0.0
2677,RidgeCov,0.6037140488624573,TargetRidge,0.7226672172546387,0.1189531683921814,RidgeCov,0.6037140488624573,0.0
2678,MeanRevertSlow,0.5337095260620117,TargetRidge,0.5402966141700745,0.006587088108062744,RidgeCov,0.6100053787231445,0.07629585266113281
2679,RidgeCov,0.5394346714019775,TargetRidge,0.5932914614677429,0.05385679006576538,RidgeCov,0.5394346714019775,0.0
2680,TargetRidge,0.5608228445053101,RidgeCov,0.5859108567237854,0.025088012218475342,RidgeCov,0.5859108567237854,0.025088012218475342
2681,TargetRidge,0.5415070652961731,MeanRevertSlow,0.5540618896484375,0.012554824352264404,RidgeCov,0.5575067400932312,0.015999674797058105
2682,RidgeCov,0.5493246912956238,TargetRidge,0.5809860825538635,0.031661391258239746,RidgeCov,0.5493246912956238,0.0
2683,TargetRidge,0.5800096392631531,RidgeCov,0.5947067737579346,0.014697134494781494,RidgeCov,0.5947067737579346,0.014697134494781494
2684,MeanRevertSlow,0.5339623093605042,TargetRidge,0.5365440249443054,0.0025817155838012695,RidgeCov,0.628244161605835,0.09428185224533081
2685,MeanRevertSlow,0.4912889003753662,TargetRidge,0.519097089767456,0.027808189392089844,RidgeCov,0.5876584649085999,0.09636956453323364
2686,TargetRidge,0.5201696157455444,MeanRevertSlow,0.5253265500068665,0.0051569342613220215,RidgeCov,0.5570774674415588,0.036907851696014404
2687,TargetRidge,0.5476694107055664,RidgeCov,0.5491302609443665,0.0014608502388000488,RidgeCov,0.5491302609443665,0.0014608502388000488
2688,TargetRidge,0.5121108889579773,MeanRevertSlow,0.5154803395271301,0.003369450569152832,RidgeCov,0.5169507265090942,0.004839837551116943
2689,RidgeCov,0.5058441758155823,TargetRidge,0.513853132724762,0.008008956909179688,RidgeCov,0.5058441758155823,0.0
2690,RidgeCov,0.4565165340900421,TargetRidge,0.5148743987083435,0.05835786461830139,RidgeCov,0.4565165340900421,0.0
2691,MeanRevertSlow,0.4677729606628418,TargetRidge,0.4901787340641022,0.022405773401260376,RidgeCov,0.4979247748851776,0.030151814222335815
2692,RidgeCov,0.446886271238327,MeanRevertSlow,0.45520544052124023,0.008319169282913208,RidgeCov,0.446886271238327,0.0
2693,RidgeCov,0.47239458560943604,TargetRidge,0.4838724136352539,0.011477828025817871,RidgeCov,0.47239458560943604,0.0
2694,RidgeCov,0.41670510172843933,TargetRidge,0.4821197986602783,0.06541469693183899,RidgeCov,0.41670510172843933,0.0
2695,RidgeCov,0.3942631185054779,TargetRidge,0.47932037711143494,0.08505725860595703,RidgeCov,0.3942631185054779,0.0
2696,RidgeCov,0.4422472417354584,TargetRidge,0.4653853476047516,0.023138105869293213,RidgeCov,0.4422472417354584,0.0
2697,RidgeCov,0.45446887612342834,TargetRidge,0.4614638388156891,0.006994962692260742,RidgeCov,0.45446887612342834,0.0
2698,RidgeCov,0.39893481135368347,TargetRidge,0.45706602931022644,0.05813121795654297,RidgeCov,0.39893481135368347,0.0
2699,RidgeCov,0.4317304193973541,TargetRidge,0.4662882387638092,0.03455781936645508,RidgeCov,0.4317304193973541,0.0
2700,TargetRidge,0.4484623372554779,RidgeCov,0.4951881468296051,0.0467258095741272,RidgeCov,0.4951881468296051,0.0467258095741272
2701,TargetRidge,0.44225144386291504,RidgeCov,0.44965624809265137,0.007404804229736328,RidgeCov,0.44965624809265137,0.007404804229736328
2702,RidgeCov,0.42385682463645935,TargetRidge,0.4379846751689911,0.014127850532531738,RidgeCov,0.42385682463645935,0.0
2703,RidgeCov,0.4209466874599457,TargetRidge,0.4340360462665558,0.013089358806610107,RidgeCov,0.4209466874599457,0.0
2704,TargetRidge,0.43010035157203674,RidgeCov,0.47426262497901917,0.04416227340698242,RidgeCov,0.47426262497901917,0.04416227340698242
2705,TargetRidge,0.4215666949748993,RidgeCov,0.479059100151062,0.05749240517616272,RidgeCov,0.479059100151062,0.05749240517616272
2706,TargetRidge,0.4219535291194916,RidgeCov,0.4614553153514862,0.03950178623199463,RidgeCov,0.4614553153514862,0.03950178623199463
2707,TargetRidge,0.4170455038547516,RidgeCov,0.4398275911808014,0.022782087326049805,RidgeCov,0.4398275911808014,0.022782087326049805
2708,TargetRidge,0.42505788803100586,RidgeCov,0.4452224671840668,0.020164579153060913,RidgeCov,0.4452224671840668,0.020164579153060913
2709,TargetRidge,0.4183425009250641,RidgeCov,0.4526768624782562,0.03433436155319214,RidgeCov,0.4526768624782562,0.03433436155319214
2710,TargetRidge,0.4152161180973053,RidgeCov,0.4727473556995392,0.05753123760223389,RidgeCov,0.4727473556995392,0.05753123760223389
2711,TargetRidge,0.419091135263443,RidgeCov,0.46981731057167053,0.05072617530822754,RidgeCov,0.46981731057167053,0.05072617530822754
2712,TargetRidge,0.4130319058895111,RidgeCov,0.46077170968055725,0.04773980379104614,RidgeCov,0.46077170968055725,0.04773980379104614
2713,TargetRidge,0.422671914100647,RidgeCov,0.4873012602329254,0.06462934613227844,RidgeCov,0.4873012602329254,0.06462934613227844
2714,TargetRidge,0.3985024392604828,RidgeCov,0.4573073387145996,0.05880489945411682,RidgeCov,0.4573073387145996,0.05880489945411682
2715,TargetRidge,0.3990086615085602,RidgeCov,0.4889577329158783,0.08994907140731812,RidgeCov,0.4889577329158783,0.08994907140731812
2716,TargetRidge,0.41402724385261536,RidgeCov,0.4953014850616455,0.08127424120903015,RidgeCov,0.4953014850616455,0.08127424120903015
2717,TargetRidge,0.3993470370769501,RidgeCov,0.47729432582855225,0.07794728875160217,RidgeCov,0.47729432582855225,0.07794728875160217
2718,TargetRidge,0.4192347228527069,RidgeCov,0.48265114426612854,0.06341642141342163,RidgeCov,0.48265114426612854,0.06341642141342163
2719,TargetRidge,0.4107953608036041,RidgeCov,0.5114237666130066,0.10062840580940247,RidgeCov,0.5114237666130066,0.10062840580940247
2720,TargetRidge,0.42754927277565,RidgeCov,0.48084449768066406,0.05329522490501404,RidgeCov,0.48084449768066406,0.05329522490501404
2721,TargetRidge,0.4254697263240814,RidgeCov,0.4845200479030609,0.05905032157897949,RidgeCov,0.4845200479030609,0.05905032157897949
2722,TargetRidge,0.43830254673957825,RidgeCov,0.4642946720123291,0.025992125272750854,RidgeCov,0.4642946720123291,0.025992125272750854
2723,TargetRidge,0.4490422308444977,RidgeCov,0.49985337257385254,0.05081114172935486,RidgeCov,0.49985337257385254,0.05081114172935486
2724,TargetRidge,0.45626768469810486,RidgeCov,0.5093645453453064,0.05309686064720154,RidgeCov,0.5093645453453064,0.05309686064720154
2725,TargetRidge,0.4653806686401367,RidgeCov,0.5186524391174316,0.05327177047729492,RidgeCov,0.5186524391174316,0.05327177047729492
2726,TargetRidge,0.4762837588787079,RidgeCov,0.5181020498275757,0.0418182909488678,RidgeCov,0.5181020498275757,0.0418182909488678
2727,TargetRidge,0.49041739106178284,RidgeCov,0.5354781746864319,0.04506078362464905,RidgeCov,0.5354781746864319,0.04506078362464905
2728,TargetRidge,0.4918693006038666,RidgeCov,0.5432426333427429,0.05137333273887634,RidgeCov,0.5432426333427429,0.05137333273887634
2729,TargetRidge,0.5088722109794617,RidgeCov,0.5257881283760071,0.01691591739654541,RidgeCov,0.5257881283760071,0.01691591739654541
2730,TargetRidge,0.5209201574325562,RidgeCov,0.5382235646247864,0.017303407192230225,RidgeCov,0.5382235646247864,0.017303407192230225
2731,TargetRidge,0.5275103449821472,RidgeCov,0.535398006439209,0.007887661457061768,RidgeCov,0.535398006439209,0.007887661457061768
2732,RidgeCov,0.5193071365356445,TargetRidge,0.5341185927391052,0.014811456203460693,RidgeCov,0.5193071365356445,0.0
2733,RidgeCov,0.514426052570343,TargetRidge,0.5413691997528076,0.0269431471824646,RidgeCov,0.514426052570343,0.0
2734,RidgeCov,0.524798572063446,TargetRidge,0.5433924794197083,0.018593907356262207,RidgeCov,0.524798572063446,0.0
2735,RidgeCov,0.5281569957733154,TargetRidge,0.548866331577301,0.020709335803985596,RidgeCov,0.5281569957733154,0.0
2736,RidgeCov,0.5373971462249756,TargetRidge,0.5602640509605408,0.022866904735565186,RidgeCov,0.5373971462249756,0.0
2737,RidgeCov,0.5320382118225098,TargetRidge,0.5673350691795349,0.035296857357025146,RidgeCov,0.5320382118225098,0.0
2738,RidgeCov,0.5159010291099548,TargetRidge,0.5752570629119873,0.05935603380203247,RidgeCov,0.5159010291099548,0.0
2739,RidgeCov,0.5162165760993958,TargetRidge,0.5816054344177246,0.06538885831832886,RidgeCov,0.5162165760993958,0.0
2740,RidgeCov,0.538504421710968,TargetRidge,0.5921616554260254,0.05365723371505737,RidgeCov,0.538504421710968,0.0
2741,RidgeCov,0.5278356671333313,TargetRidge,0.5855706334114075,0.05773496627807617,RidgeCov,0.5278356671333313,0.0
2742,RidgeCov,0.5405252575874329,TargetRidge,0.6025586128234863,0.06203335523605347,RidgeCov,0.5405252575874329,0.0
2743,RidgeCov,0.5516698956489563,TargetRidge,0.6090014576911926,0.05733156204223633,RidgeCov,0.5516698956489563,0.0
2744,RidgeCov,0.5567728877067566,TargetRidge,0.612155020236969,0.0553821325302124,RidgeCov,0.5567728877067566,0.0
2745,RidgeCov,0.5403516888618469,TargetRidge,0.6149587035179138,0.0746070146560669,RidgeCov,0.5403516888618469,0.0
2746,RidgeCov,0.5457614064216614,TargetRidge,0.604206919670105,0.058445513248443604,RidgeCov,0.5457614064216614,0.0
2747,RidgeCov,0.5058931708335876,TargetRidge,0.6051746010780334,0.0992814302444458,RidgeCov,0.5058931708335876,0.0
2748,RidgeCov,0.5242615342140198,TargetRidge,0.5946769118309021,0.07041537761688232,RidgeCov,0.5242615342140198,0.0
2749,RidgeCov,0.515928328037262,TargetRidge,0.5868362784385681,0.07090795040130615,RidgeCov,0.515928328037262,0.0
2750,RidgeCov,0.5454989075660706,TargetRidge,0.5792368054389954,0.033737897872924805,RidgeCov,0.5454989075660706,0.0
2751,RidgeCov,0.5172536373138428,TargetRidge,0.5841445326805115,0.0668908953666687,RidgeCov,0.5172536373138428,0.0
2752,RidgeCov,0.5257410407066345,TargetRidge,0.5696316361427307,0.04389059543609619,RidgeCov,0.5257410407066345,0.0
2753,RidgeCov,0.5272990465164185,TargetRidge,0.5606317520141602,0.0333327054977417,RidgeCov,0.5272990465164185,0.0
2754,RidgeCov,0.5010127425193787,TargetRidge,0.5520858764648438,0.05107313394546509,RidgeCov,0.5010127425193787,0.0
2755,RidgeCov,0.5192879438400269,TargetRidge,0.5461108088493347,0.02682286500930786,RidgeCov,0.5192879438400269,0.0
2756,RidgeCov,0.5114813446998596,TargetRidge,0.5464784502983093,0.03499710559844971,RidgeCov,0.5114813446998596,0.0
2757,RidgeCov,0.5247891545295715,TargetRidge,0.5337882041931152,0.008999049663543701,RidgeCov,0.5247891545295715,0.0
2758,RidgeCov,0.5054612755775452,TargetRidge,0.5249775052070618,0.0195162296295166,RidgeCov,0.5054612755775452,0.0
2759,RidgeCov,0.5091457962989807,TargetRidge,0.5197611451148987,0.010615348815917969,RidgeCov,0.5091457962989807,0.0
2760,TargetRidge,0.5090780258178711,RidgeCov,0.528579831123352,0.019501805305480957,RidgeCov,0.528579831123352,0.019501805305480957
2761,RidgeCov,0.4645644724369049,TargetRidge,0.5024145841598511,0.03785011172294617,RidgeCov,0.4645644724369049,0.0
2762,RidgeCov,0.4531192481517792,TargetRidge,0.48794159293174744,0.03482234477996826,RidgeCov,0.4531192481517792,0.0
2763,TargetRidge,0.47576987743377686,RidgeCov,0.49204254150390625,0.016272664070129395,RidgeCov,0.49204254150390625,0.016272664070129395
2764,RidgeCov,0.41402527689933777,TargetRidge,0.45697221159935,0.04294693470001221,RidgeCov,0.41402527689933777,0.0
2765,RidgeCov,0.41763171553611755,TargetRidge,0.44523897767066956,0.027607262134552002,RidgeCov,0.41763171553611755,0.0
2766,RidgeCov,0.3763251006603241,TargetRidge,0.43677961826324463,0.06045451760292053,RidgeCov,0.3763251006603241,0.0
2767,RidgeCov,0.3570437729358673,TargetRidge,0.42215338349342346,0.06510961055755615,RidgeCov,0.3570437729358673,0.0
2768,RidgeCov,0.4042936861515045,TargetRidge,0.41642844676971436,0.012134760618209839,RidgeCov,0.4042936861515045,0.0
2769,RidgeCov,0.38362428545951843,TargetRidge,0.4021283686161041,0.018504083156585693,RidgeCov,0.38362428545951843,0.0
2770,RidgeCov,0.3539777994155884,TargetRidge,0.38278689980506897,0.02880910038948059,RidgeCov,0.3539777994155884,0.0
2771,TargetRidge,0.3758794069290161,RidgeCov,0.4217599630355835,0.04588055610656738,RidgeCov,0.4217599630355835,0.04588055610656738
2772,TargetRidge,0.36742284893989563,RidgeCov,0.40261349081993103,0.0351906418800354,RidgeCov,0.40261349081993103,0.0351906418800354
2773,TargetRidge,0.36553382873535156,RidgeCov,0.37429794669151306,0.008764117956161499,RidgeCov,0.37429794669151306,0.008764117956161499
2774,TargetRidge,0.3665564954280853,RidgeCov,0.3716125190258026,0.005056023597717285,RidgeCov,0.3716125190258026,0.005056023597717285
2775,TargetRidge,0.3808537423610687,RidgeCov,0.40882691740989685,0.027973175048828125,RidgeCov,0.40882691740989685,0.027973175048828125
2776,TargetRidge,0.3933321535587311,RidgeCov,0.41686132550239563,0.02352917194366455,RidgeCov,0.41686132550239563,0.02352917194366455
2777,TargetRidge,0.4107695519924164,RidgeCov,0.4353804588317871,0.024610906839370728,RidgeCov,0.4353804588317871,0.024610906839370728
2778,TargetRidge,0.39044180512428284,RidgeCov,0.4436373710632324,0.053195565938949585,RidgeCov,0.4436373710632324,0.053195565938949585
2779,TargetRidge,0.41108694672584534,RidgeCov,0.47072944045066833,0.059642493724823,RidgeCov,0.47072944045066833,0.059642493724823
2780,TargetRidge,0.40584972500801086,ZeroPred,0.7003560066223145,0.2945062816143036,RidgeCov,0.713891327381134,0.30804160237312317
2781,TargetRidge,0.4185394048690796,RidgeCov,0.5103512406349182,0.09181183576583862,RidgeCov,0.5103512406349182,0.09181183576583862
2782,TargetRidge,0.43037664890289307,RidgeCov,0.4769469201564789,0.046570271253585815,RidgeCov,0.4769469201564789,0.046570271253585815
2783,TargetRidge,0.4442075490951538,RidgeCov,0.4856356680393219,0.04142811894416809,RidgeCov,0.4856356680393219,0.04142811894416809
2784,RidgeCov,0.44824686646461487,TargetRidge,0.4638167917728424,0.015569925308227539,RidgeCov,0.44824686646461487,0.0
2785,RidgeCov,0.37632811069488525,TargetRidge,0.4782560169696808,0.10192790627479553,RidgeCov,0.37632811069488525,0.0
2786,RidgeCov,0.3680722415447235,TargetRidge,0.49707674980163574,0.12900450825691223,RidgeCov,0.3680722415447235,0.0
2787,RidgeCov,0.40443071722984314,TargetRidge,0.5075715184211731,0.10314080119132996,RidgeCov,0.40443071722984314,0.0
2788,RidgeCov,0.3321918547153473,TargetRidge,0.5286237597465515,0.19643190503120422,RidgeCov,0.3321918547153473,0.0
2789,RidgeCov,0.45346561074256897,TargetRidge,0.5466405749320984,0.09317496418952942,RidgeCov,0.45346561074256897,0.0
2790,RidgeCov,0.3875507414340973,TargetRidge,0.5583782196044922,0.1708274781703949,RidgeCov,0.3875507414340973,0.0
2791,RidgeCov,0.3605874478816986,TargetRidge,0.5807085037231445,0.22012105584144592,RidgeCov,0.3605874478816986,0.0
2792,RidgeCov,0.2874516546726227,MeanRevertSlow,0.6752273440361023,0.3877756893634796,RidgeCov,0.2874516546726227,0.0
2793,RidgeCov,0.43433892726898193,ZeroPred,0.7210254073143005,0.2866864800453186,RidgeCov,0.43433892726898193,0.0
2794,RidgeCov,0.4406419098377228,MeanRevertSlow,0.674605667591095,0.2339637577533722,RidgeCov,0.4406419098377228,0.0
2795,RidgeCov,0.37922224402427673,EWMFast,0.6552636623382568,0.2760414183139801,RidgeCov,0.37922224402427673,0.0
2796,RidgeCov,0.341115266084671,EWMFast,0.6338704228401184,0.2927551567554474,RidgeCov,0.341115266084671,0.0
2797,RidgeCov,0.3477940559387207,EWMFast,0.6607705950737,0.31297653913497925,RidgeCov,0.3477940559387207,0.0
2798,RidgeCov,0.29373523592948914,ZeroPred,0.6929752230644226,0.39923998713493347,RidgeCov,0.29373523592948914,0.0
2799,RidgeCov,0.36801180243492126,ZeroPred,0.6879661679267883,0.31995436549186707,RidgeCov,0.36801180243492126,0.0
2800,RidgeCov,0.34535494446754456,MeanRevertSlow,0.6579593420028687,0.3126043975353241,RidgeCov,0.34535494446754456,0.0
2801,RidgeCov,0.2549629211425781,MeanRevertSlow,0.662848174571991,0.40788525342941284,RidgeCov,0.2549629211425781,0.0
2802,RidgeCov,0.2576808035373688,ZeroPred,0.6814931035041809,0.42381229996681213,RidgeCov,0.2576808035373688,0.0
2803,RidgeCov,0.3834938704967499,MeanRevertSlow,0.6494668126106262,0.26597294211387634,RidgeCov,0.3834938704967499,0.0
2804,RidgeCov,0.29368528723716736,TargetRidge,0.593265175819397,0.2995798885822296,RidgeCov,0.29368528723716736,0.0
2805,RidgeCov,0.28038138151168823,TargetRidge,0.6288468241691589,0.3484654426574707,RidgeCov,0.28038138151168823,0.0
2806,RidgeCov,0.30704811215400696,TargetRidge,0.5742924213409424,0.2672443091869354,RidgeCov,0.30704811215400696,0.0
2807,RidgeCov,0.331100195646286,TargetRidge,0.5862463116645813,0.2551461160182953,RidgeCov,0.331100195646286,0.0
2808,RidgeCov,0.3039742112159729,TargetRidge,0.628617525100708,0.3246433138847351,RidgeCov,0.3039742112159729,0.0
2809,RidgeCov,0.38232481479644775,TargetRidge,0.4755174219608307,0.09319260716438293,RidgeCov,0.38232481479644775,0.0
2810,RidgeCov,0.29764246940612793,ZeroPred,0.7130182385444641,0.4153757691383362,RidgeCov,0.29764246940612793,0.0
2811,RidgeCov,0.2798401415348053,TargetRidge,0.43507277965545654,0.15523263812065125,RidgeCov,0.2798401415348053,0.0
2812,RidgeCov,0.26543498039245605,TargetRidge,0.48109567165374756,0.2156606912612915,RidgeCov,0.26543498039245605,0.0
2813,RidgeCov,0.2811586558818817,TargetRidge,0.40816202759742737,0.12700337171554565,RidgeCov,0.2811586558818817,0.0
2814,RidgeCov,0.33932092785835266,TargetRidge,0.35940250754356384,0.02008157968521118,RidgeCov,0.33932092785835266,0.0
2815,RidgeCov,0.3182491362094879,TargetRidge,0.39593276381492615,0.07768362760543823,RidgeCov,0.3182491362094879,0.0
2816,RidgeCov,0.3208560645580292,TargetRidge,0.3723127841949463,0.051456719636917114,RidgeCov,0.3208560645580292,0.0
2817,RidgeCov,0.3404405117034912,TargetRidge,0.3591770827770233,0.018736571073532104,RidgeCov,0.3404405117034912,0.0
2818,TargetRidge,0.31583237648010254,RidgeCov,0.3252658247947693,0.009433448314666748,RidgeCov,0.3252658247947693,0.009433448314666748
2819,TargetRidge,0.2517702281475067,RidgeCov,0.33222129940986633,0.08045107126235962,RidgeCov,0.33222129940986633,0.08045107126235962
2820,TargetRidge,0.24903316795825958,RidgeCov,0.33972397446632385,0.09069080650806427,RidgeCov,0.33972397446632385,0.09069080650806427
2821,TargetRidge,0.246779665350914,RidgeCov,0.29540932178497314,0.04862965643405914,RidgeCov,0.29540932178497314,0.04862965643405914
2822,TargetRidge,0.26049286127090454,RidgeCov,0.343362957239151,0.08287009596824646,RidgeCov,0.343362957239151,0.08287009596824646
2823,TargetRidge,0.2533115744590759,RidgeCov,0.33179381489753723,0.0784822404384613,RidgeCov,0.33179381489753723,0.0784822404384613
2824,TargetRidge,0.2528093159198761,RidgeCov,0.31527116894721985,0.06246185302734375,RidgeCov,0.31527116894721985,0.06246185302734375
2825,TargetRidge,0.2485036849975586,RidgeCov,0.30968940258026123,0.06118571758270264,RidgeCov,0.30968940258026123,0.06118571758270264
2826,TargetRidge,0.24627073109149933,RidgeCov,0.38934221863746643,0.1430714875459671,RidgeCov,0.38934221863746643,0.1430714875459671
2827,TargetRidge,0.2485439032316208,RidgeCov,0.3583669662475586,0.1098230630159378,RidgeCov,0.3583669662475586,0.1098230630159378
2828,TargetRidge,0.2764001190662384,RidgeCov,0.3555218279361725,0.07912170886993408,RidgeCov,0.3555218279361725,0.07912170886993408
2829,TargetRidge,0.2590286433696747,RidgeCov,0.3610173761844635,0.10198873281478882,RidgeCov,0.3610173761844635,0.10198873281478882
2830,TargetRidge,0.2603587210178375,RidgeCov,0.37409767508506775,0.11373895406723022,RidgeCov,0.37409767508506775,0.11373895406723022
2831,TargetRidge,0.2760140597820282,RidgeCov,0.3533623218536377,0.0773482620716095,RidgeCov,0.3533623218536377,0.0773482620716095
2832,TargetRidge,0.2746216058731079,RidgeCov,0.2769298255443573,0.0023082196712493896,RidgeCov,0.2769298255443573,0.0023082196712493896
2833,TargetRidge,0.27170971035957336,RidgeCov,0.3499394655227661,0.07822975516319275,RidgeCov,0.3499394655227661,0.07822975516319275
2834,TargetRidge,0.3182472586631775,RidgeCov,0.3997242748737335,0.08147701621055603,RidgeCov,0.3997242748737335,0.08147701621055603
2835,TargetRidge,0.33049842715263367,RidgeCov,0.3377138674259186,0.007215440273284912,RidgeCov,0.3377138674259186,0.007215440273284912
2836,TargetRidge,0.3261342942714691,RidgeCov,0.3742485046386719,0.04811421036720276,RidgeCov,0.3742485046386719,0.04811421036720276
2837,TargetRidge,0.3068886697292328,RidgeCov,0.3357745110988617,0.028885841369628906,RidgeCov,0.3357745110988617,0.028885841369628906
2838,TargetRidge,0.3748020827770233,RidgeCov,0.3876937925815582,0.012891709804534912,RidgeCov,0.3876937925815582,0.012891709804534912
2839,RidgeCov,0.3646242618560791,TargetRidge,0.38990017771720886,0.02527591586112976,RidgeCov,0.3646242618560791,0.0
2840,RidgeCov,0.33435797691345215,TargetRidge,0.4057297706604004,0.07137179374694824,RidgeCov,0.33435797691345215,0.0
2841,RidgeCov,0.3504638671875,TargetRidge,0.5091891884803772,0.1587253212928772,RidgeCov,0.3504638671875,0.0
2842,RidgeCov,0.31865036487579346,TargetRidge,0.47719642519950867,0.1585460603237152,RidgeCov,0.31865036487579346,0.0
2843,RidgeCov,0.369006872177124,TargetRidge,0.44063523411750793,0.07162836194038391,RidgeCov,0.369006872177124,0.0
2844,RidgeCov,0.3374859392642975,TargetRidge,0.5674542784690857,0.2299683392047882,RidgeCov,0.3374859392642975,0.0
2845,RidgeCov,0.32387813925743103,TargetRidge,0.45604419708251953,0.1321660578250885,RidgeCov,0.32387813925743103,0.0
2846,RidgeCov,0.3234206736087799,TargetRidge,0.5192148089408875,0.19579413533210754,RidgeCov,0.3234206736087799,0.0
2847,RidgeCov,0.3175545930862427,TargetRidge,0.48844680190086365,0.17089220881462097,RidgeCov,0.3175545930862427,0.0
2848,RidgeCov,0.32571545243263245,TargetRidge,0.5872253775596619,0.2615099251270294,RidgeCov,0.32571545243263245,0.0
2849,RidgeCov,0.32815122604370117,TargetRidge,0.6539580225944519,0.32580679655075073,RidgeCov,0.32815122604370117,0.0
2850,RidgeCov,0.3241428732872009,TargetRidge,0.748883068561554,0.424740195274353,RidgeCov,0.3241428732872009,0.0
2851,RidgeCov,0.2987658381462097,TargetRidge,0.743946373462677,0.4451805353164673,RidgeCov,0.2987658381462097,0.0
2852,RidgeCov,0.3143657147884369,TargetRidge,0.6214701533317566,0.3071044385433197,RidgeCov,0.3143657147884369,0.0
2853,RidgeCov,0.31655022501945496,TargetRidge,0.6555226445198059,0.33897241950035095,RidgeCov,0.31655022501945496,0.0
2854,RidgeCov,0.3136783838272095,TargetRidge,0.8524000644683838,0.5387216806411743,RidgeCov,0.3136783838272095,0.0
2855,RidgeCov,0.3480140268802643,TargetRidge,0.7123174667358398,0.36430343985557556,RidgeCov,0.3480140268802643,0.0
2856,RidgeCov,0.3049040734767914,TargetRidge,0.7503535151481628,0.44544944167137146,RidgeCov,0.3049040734767914,0.0
2857,RidgeCov,0.28675201535224915,TargetRidge,1.0339561700820923,0.7472041845321655,RidgeCov,0.28675201535224915,0.0
2858,RidgeCov,0.3013991117477417,TargetRidge,0.814832866191864,0.5134337544441223,RidgeCov,0.3013991117477417,0.0
2859,RidgeCov,0.28957250714302063,TargetRidge,0.9398271441459656,0.6502546072006226,RidgeCov,0.28957250714302063,0.0
2860,RidgeCov,0.28171953558921814,TargetRidge,1.0112371444702148,0.7295175790786743,RidgeCov,0.28171953558921814,0.0
2861,RidgeCov,0.2441212683916092,TargetRidge,0.870431125164032,0.626309871673584,RidgeCov,0.2441212683916092,0.0
2862,RidgeCov,0.26927709579467773,TargetRidge,1.0938459634780884,0.8245688676834106,RidgeCov,0.26927709579467773,0.0
2863,RidgeCov,0.25737276673316956,TargetRidge,1.1162292957305908,0.8588565587997437,RidgeCov,0.25737276673316956,0.0
2864,RidgeCov,0.30170220136642456,TargetRidge,1.059043049812317,0.7573408484458923,RidgeCov,0.30170220136642456,0.0
2865,RidgeCov,0.32688477635383606,TargetRidge,1.133309006690979,0.8064242601394653,RidgeCov,0.32688477635383606,0.0
2866,RidgeCov,0.2687479257583618,Persistence,1.1316131353378296,0.8628652095794678,RidgeCov,0.2687479257583618,0.0
2867,RidgeCov,0.2728313207626343,Persistence,1.1433626413345337,0.8705313205718994,RidgeCov,0.2728313207626343,0.0
2868,RidgeCov,0.35361361503601074,EWMSlow,1.1406618356704712,0.7870482206344604,RidgeCov,0.35361361503601074,0.0
2869,RidgeCov,0.30041682720184326,Trend,1.061707615852356,0.7612907886505127,RidgeCov,0.30041682720184326,0.0
2870,RidgeCov,0.3592545986175537,EWMSlow,1.1327353715896606,0.7734807729721069,RidgeCov,0.3592545986175537,0.0
2871,RidgeCov,0.3286498486995697,TargetRidge,1.0942727327346802,0.7656228542327881,RidgeCov,0.3286498486995697,0.0
2872,RidgeCov,0.277415007352829,TargetRidge,1.1555739641189575,0.8781589269638062,RidgeCov,0.277415007352829,0.0
2873,RidgeCov,0.3428545892238617,Trend,0.9407026171684265,0.5978480577468872,RidgeCov,0.3428545892238617,0.0
2874,RidgeCov,0.3458740711212158,Trend,1.1225050687789917,0.7766309976577759,RidgeCov,0.3458740711212158,0.0
2875,RidgeCov,0.41836950182914734,Trend,1.0219091176986694,0.6035395860671997,RidgeCov,0.41836950182914734,0.0
2876,RidgeCov,0.3020150661468506,Trend,0.7915887832641602,0.48957371711730957,RidgeCov,0.3020150661468506,0.0
2877,RidgeCov,0.301627516746521,Trend,0.9384850859642029,0.6368575692176819,RidgeCov,0.301627516746521,0.0
2878,RidgeCov,0.2986757159233093,TargetRidge,0.9659005999565125,0.6672248840332031,RidgeCov,0.2986757159233093,0.0
2879,RidgeCov,0.2856702506542206,Trend,0.8743541836738586,0.5886839628219604,RidgeCov,0.2856702506542206,0.0
2880,RidgeCov,0.2192285656929016,Trend,0.8978493809700012,0.6786208152770996,RidgeCov,0.2192285656929016,0.0
2881,RidgeCov,0.25442877411842346,TargetRidge,0.9421541690826416,0.6877254247665405,RidgeCov,0.25442877411842346,0.0
2882,RidgeCov,0.2692115604877472,Trend,0.6754211783409119,0.4062096178531647,RidgeCov,0.2692115604877472,0.0
2883,RidgeCov,0.24026018381118774,Trend,0.708879292011261,0.46861910820007324,RidgeCov,0.24026018381118774,0.0
2884,RidgeCov,0.21254460513591766,Trend,0.8154202103614807,0.6028755903244019,RidgeCov,0.21254460513591766,0.0
2885,RidgeCov,0.28090983629226685,TargetRidge,0.9189069271087646,0.6379970908164978,RidgeCov,0.28090983629226685,0.0
2886,RidgeCov,0.38609135150909424,Trend,0.8362619280815125,0.4501705765724182,RidgeCov,0.38609135150909424,0.0
2887,RidgeCov,0.40104126930236816,TargetRidge,0.8767251372337341,0.47568386793136597,RidgeCov,0.40104126930236816,0.0
2888,RidgeCov,0.41987815499305725,Trend,0.9902690052986145,0.5703908205032349,RidgeCov,0.41987815499305725,0.0
2889,RidgeCov,0.37016454339027405,TargetRidge,0.8198497891426086,0.4496852457523346,RidgeCov,0.37016454339027405,0.0
2890,RidgeCov,0.37651166319847107,TargetRidge,0.8927465081214905,0.5162348747253418,RidgeCov,0.37651166319847107,0.0
2891,RidgeCov,0.3715503215789795,TargetRidge,0.7799286842346191,0.40837836265563965,RidgeCov,0.3715503215789795,0.0
2892,RidgeCov,0.3314143419265747,TargetRidge,0.8142156004905701,0.48280125856399536,RidgeCov,0.3314143419265747,0.0
2893,RidgeCov,0.31272539496421814,TargetRidge,0.8118688464164734,0.49914345145225525,RidgeCov,0.31272539496421814,0.0
2894,RidgeCov,0.3632441461086273,TargetRidge,0.9959530234336853,0.6327089071273804,RidgeCov,0.3632441461086273,0.0
2895,RidgeCov,0.39062824845314026,TargetRidge,0.8267685770988464,0.4361403286457062,RidgeCov,0.39062824845314026,0.0
2896,RidgeCov,0.41221722960472107,TargetRidge,0.833639919757843,0.42142269015312195,RidgeCov,0.41221722960472107,0.0
2897,RidgeCov,0.39286676049232483,TargetRidge,0.9371185898780823,0.5442517995834351,RidgeCov,0.39286676049232483,0.0
2898,RidgeCov,0.4108664095401764,TargetRidge,0.84440016746521,0.43353375792503357,RidgeCov,0.4108664095401764,0.0
2899,RidgeCov,0.40666940808296204,TargetRidge,0.8795774579048157,0.47290804982185364,RidgeCov,0.40666940808296204,0.0
2900,RidgeCov,0.43126559257507324,TargetRidge,0.9577126502990723,0.526447057723999,RidgeCov,0.43126559257507324,0.0
2901,RidgeCov,0.4435228407382965,TargetRidge,0.9315462112426758,0.4880233705043793,RidgeCov,0.4435228407382965,0.0
2902,RidgeCov,0.4548450708389282,TargetRidge,0.9825487732887268,0.5277037024497986,RidgeCov,0.4548450708389282,0.0
2903,RidgeCov,0.4229722321033478,TargetRidge,1.0657836198806763,0.6428114175796509,RidgeCov,0.4229722321033478,0.0
2904,RidgeCov,0.4732154309749603,TargetRidge,1.090221881866455,0.6170064210891724,RidgeCov,0.4732154309749603,0.0
2905,RidgeCov,0.4620233476161957,TargetRidge,1.1383026838302612,0.6762793064117432,RidgeCov,0.4620233476161957,0.0
2906,RidgeCov,0.46797075867652893,TargetRidge,1.1873277425765991,0.7193570137023926,RidgeCov,0.46797075867652893,0.0
2907,RidgeCov,0.42556285858154297,TargetRidge,1.2354763746261597,0.8099135160446167,RidgeCov,0.42556285858154297,0.0
2908,RidgeCov,0.4179269075393677,TargetRidge,1.306256651878357,0.8883297443389893,RidgeCov,0.4179269075393677,0.0
2909,RidgeCov,0.5188148021697998,TargetRidge,1.3452177047729492,0.8264029026031494,RidgeCov,0.5188148021697998,0.0
2910,RidgeCov,0.44163891673088074,TargetRidge,1.4369114637374878,0.9952725172042847,RidgeCov,0.44163891673088074,0.0
2911,RidgeCov,0.41190865635871887,TargetRidge,1.4855165481567383,1.0736079216003418,RidgeCov,0.41190865635871887,0.0
2912,RidgeCov,0.46504971385002136,TargetRidge,1.4979981184005737,1.03294837474823,RidgeCov,0.46504971385002136,0.0
2913,RidgeCov,0.4899716377258301,TargetRidge,1.4954346418380737,1.0054630041122437,RidgeCov,0.4899716377258301,0.0
2914,RidgeCov,0.41264596581459045,EWMSlow,1.5105034112930298,1.0978574752807617,RidgeCov,0.41264596581459045,0.0
2915,RidgeCov,0.3301457464694977,ZeroPred,1.5166945457458496,1.1865488290786743,RidgeCov,0.3301457464694977,0.0
2916,RidgeCov,0.40590324997901917,EWMSlow,1.4722915887832642,1.0663883686065674,RidgeCov,0.40590324997901917,0.0
2917,RidgeCov,0.42200326919555664,ZeroPred,1.460485577583313,1.0384823083877563,RidgeCov,0.42200326919555664,0.0
2918,RidgeCov,0.4424232542514801,ZeroPred,1.4371833801269531,0.9947601556777954,RidgeCov,0.4424232542514801,0.0
2919,RidgeCov,0.4667540490627289,ZeroPred,1.4214820861816406,0.9547280073165894,RidgeCov,0.4667540490627289,0.0
2920,RidgeCov,0.6333153247833252,ZeroPred,1.4099006652832031,0.7765853404998779,RidgeCov,0.6333153247833252,0.0
2921,RidgeCov,0.47071540355682373,ZeroPred,1.4006065130233765,0.9298911094665527,RidgeCov,0.47071540355682373,0.0
2922,RidgeCov,0.5760239958763123,ZeroPred,1.3962637186050415,0.8202397227287292,RidgeCov,0.5760239958763123,0.0
2923,RidgeCov,0.5869622230529785,ZeroPred,1.392021656036377,0.8050594329833984,RidgeCov,0.5869622230529785,0.0
2924,RidgeCov,0.45627832412719727,ZeroPred,1.38731849193573,0.9310401678085327,RidgeCov,0.45627832412719727,0.0
2925,RidgeCov,0.5069300532341003,ZeroPred,1.3848851919174194,0.8779551386833191,RidgeCov,0.5069300532341003,0.0
2926,RidgeCov,0.3940540850162506,ZeroPred,1.3837875127792358,0.9897334575653076,RidgeCov,0.3940540850162506,0.0
2927,RidgeCov,0.4895975887775421,ZeroPred,1.3809088468551636,0.8913112878799438,RidgeCov,0.4895975887775421,0.0
2928,RidgeCov,0.39150843024253845,ZeroPred,1.37981116771698,0.9883027076721191,RidgeCov,0.39150843024253845,0.0
2929,RidgeCov,0.4028138220310211,ZeroPred,1.3785167932510376,0.9757030010223389,RidgeCov,0.4028138220310211,0.0
2930,RidgeCov,0.3891824781894684,ZeroPred,1.3784888982772827,0.9893064498901367,RidgeCov,0.3891824781894684,0.0
2931,RidgeCov,0.310079425573349,ZeroPred,1.3784886598587036,1.0684092044830322,RidgeCov,0.310079425573349,0.0
2932,RidgeCov,0.37576618790626526,Persistence,1.288027286529541,0.9122611284255981,RidgeCov,0.37576618790626526,0.0
2933,RidgeCov,0.4349144995212555,ZeroPred,1.378445029258728,0.9435305595397949,RidgeCov,0.4349144995212555,0.0
2934,RidgeCov,0.4167894423007965,TargetRidge,1.374038577079773,0.9572491645812988,RidgeCov,0.4167894423007965,0.0
2935,RidgeCov,0.4215902090072632,ZeroPred,1.3778821229934692,0.956291913986206,RidgeCov,0.4215902090072632,0.0
2936,RidgeCov,0.42610156536102295,TargetRidge,1.2746044397354126,0.8485028743743896,RidgeCov,0.42610156536102295,0.0
2937,RidgeCov,0.46063801646232605,ZeroPred,1.376452088356018,0.9158140420913696,RidgeCov,0.46063801646232605,0.0
2938,RidgeCov,0.377262681722641,TargetRidge,1.201259970664978,0.8239972591400146,RidgeCov,0.377262681722641,0.0
2939,RidgeCov,0.4480811059474945,TargetRidge,1.2108920812606812,0.7628109455108643,RidgeCov,0.4480811059474945,0.0
2940,RidgeCov,0.4355034828186035,TargetRidge,1.315652847290039,0.8801493644714355,RidgeCov,0.4355034828186035,0.0
2941,RidgeCov,0.408119797706604,TargetRidge,1.2297509908676147,0.8216311931610107,RidgeCov,0.408119797706604,0.0
2942,RidgeCov,0.3897886574268341,TargetRidge,1.0996805429458618,0.7098919153213501,RidgeCov,0.3897886574268341,0.0
2943,RidgeCov,0.4387381374835968,TargetRidge,1.1381160020828247,0.6993778944015503,RidgeCov,0.4387381374835968,0.0
2944,RidgeCov,0.4378145933151245,TargetRidge,1.3509238958358765,0.913109302520752,RidgeCov,0.4378145933151245,0.0
2945,RidgeCov,0.4559835195541382,TargetRidge,1.0217005014419556,0.5657169818878174,RidgeCov,0.4559835195541382,0.0
2946,RidgeCov,0.48807787895202637,TargetRidge,1.1420243978500366,0.6539465188980103,RidgeCov,0.48807787895202637,0.0
2947,RidgeCov,0.5037305951118469,TargetRidge,1.1965464353561401,0.6928158402442932,RidgeCov,0.5037305951118469,0.0
2948,RidgeCov,0.5282593369483948,TargetRidge,0.9694170951843262,0.4411577582359314,RidgeCov,0.5282593369483948,0.0
2949,RidgeCov,0.5005004405975342,TargetRidge,1.116551399230957,0.6160509586334229,RidgeCov,0.5005004405975342,0.0
2950,RidgeCov,0.5366230607032776,TargetRidge,1.0325994491577148,0.49597638845443726,RidgeCov,0.5366230607032776,0.0
2951,RidgeCov,0.5273345112800598,TargetRidge,1.16732919216156,0.6399946808815002,RidgeCov,0.5273345112800598,0.0
2952,RidgeCov,0.5790852904319763,TargetRidge,1.13007652759552,0.5509912371635437,RidgeCov,0.5790852904319763,0.0
2953,RidgeCov,0.573746919631958,TargetRidge,1.1986149549484253,0.6248680353164673,RidgeCov,0.573746919631958,0.0
2954,RidgeCov,0.5826413035392761,TargetRidge,1.0304991006851196,0.4478577971458435,RidgeCov,0.5826413035392761,0.0
2955,RidgeCov,0.5820181965827942,TargetRidge,0.9481616616249084,0.36614346504211426,RidgeCov,0.5820181965827942,0.0
2956,RidgeCov,0.5723283290863037,TargetRidge,1.0367541313171387,0.46442580223083496,RidgeCov,0.5723283290863037,0.0
2957,RidgeCov,0.5688109993934631,TargetRidge,0.9620294570922852,0.393218457698822,RidgeCov,0.5688109993934631,0.0
2958,RidgeCov,0.6001423001289368,TargetRidge,0.935061514377594,0.3349192142486572,RidgeCov,0.6001423001289368,0.0
2959,RidgeCov,0.540095329284668,TargetRidge,0.9552240967750549,0.41512876749038696,RidgeCov,0.540095329284668,0.0
2960,RidgeCov,0.5444847941398621,TargetRidge,1.049755334854126,0.5052705407142639,RidgeCov,0.5444847941398621,0.0
2961,RidgeCov,0.5073826909065247,TargetRidge,1.1121339797973633,0.6047512888908386,RidgeCov,0.5073826909065247,0.0
2962,RidgeCov,0.5579475164413452,TargetRidge,0.9392261505126953,0.3812786340713501,RidgeCov,0.5579475164413452,0.0
2963,RidgeCov,0.5305448770523071,TargetRidge,0.912590503692627,0.3820456266403198,RidgeCov,0.5305448770523071,0.0
2964,RidgeCov,0.547698438167572,TargetRidge,0.9436853528022766,0.3959869146347046,RidgeCov,0.547698438167572,0.0
2965,RidgeCov,0.6430160999298096,TargetRidge,0.9961588978767395,0.35314279794692993,RidgeCov,0.6430160999298096,0.0
2966,RidgeCov,0.7254082560539246,TargetRidge,0.8627112507820129,0.13730299472808838,RidgeCov,0.7254082560539246,0.0
2967,RidgeCov,0.6666662096977234,TargetRidge,0.939198911190033,0.27253270149230957,RidgeCov,0.6666662096977234,0.0
2968,RidgeCov,0.6670257449150085,TargetRidge,0.8576555252075195,0.190629780292511,RidgeCov,0.6670257449150085,0.0
2969,RidgeCov,0.6232680678367615,TargetRidge,0.8904869556427002,0.2672188878059387,RidgeCov,0.6232680678367615,0.0
2970,RidgeCov,0.6952531933784485,TargetRidge,0.8975903391838074,0.2023371458053589,RidgeCov,0.6952531933784485,0.0
2971,RidgeCov,0.6249627470970154,TargetRidge,0.8640525937080383,0.23908984661102295,RidgeCov,0.6249627470970154,0.0
2972,RidgeCov,0.6902883648872375,TargetRidge,0.8675892949104309,0.17730093002319336,RidgeCov,0.6902883648872375,0.0
2973,RidgeCov,0.6787877082824707,TargetRidge,0.8459793925285339,0.16719168424606323,RidgeCov,0.6787877082824707,0.0
2974,RidgeCov,0.603735625743866,TargetRidge,0.8452810645103455,0.2415454387664795,RidgeCov,0.603735625743866,0.0
2975,RidgeCov,0.6727480292320251,TargetRidge,0.8326759338378906,0.15992790460586548,RidgeCov,0.6727480292320251,0.0
2976,RidgeCov,0.6854279041290283,TargetRidge,0.8187068104743958,0.13327890634536743,RidgeCov,0.6854279041290283,0.0
2977,RidgeCov,0.655783474445343,TargetRidge,0.7997742295265198,0.14399075508117676,RidgeCov,0.655783474445343,0.0
2978,RidgeCov,0.6340077519416809,TargetRidge,0.793475329875946,0.15946757793426514,RidgeCov,0.6340077519416809,0.0
2979,RidgeCov,0.6867671608924866,TargetRidge,0.79075688123703,0.10398972034454346,RidgeCov,0.6867671608924866,0.0
2980,RidgeCov,0.664405882358551,TargetRidge,0.7865689396858215,0.12216305732727051,RidgeCov,0.664405882358551,0.0
2981,RidgeCov,0.7101346850395203,TargetRidge,0.7699458003044128,0.05981111526489258,RidgeCov,0.7101346850395203,0.0
2982,RidgeCov,0.6680538058280945,TargetRidge,0.7644886374473572,0.0964348316192627,RidgeCov,0.6680538058280945,0.0
2983,RidgeCov,0.6710860729217529,TargetRidge,0.7584932446479797,0.0874071717262268,RidgeCov,0.6710860729217529,0.0
2984,TargetRidge,0.744123637676239,RidgeCov,0.7779057621955872,0.033782124519348145,RidgeCov,0.7779057621955872,0.033782124519348145
2985,RidgeCov,0.6871128082275391,TargetRidge,0.7317028045654297,0.044589996337890625,RidgeCov,0.6871128082275391,0.0
2986,TargetRidge,0.7109499573707581,RidgeCov,0.755280077457428,0.04433012008666992,RidgeCov,0.755280077457428,0.04433012008666992
2987,TargetRidge,0.6965495944023132,RidgeCov,0.7143146395683289,0.017765045166015625,RidgeCov,0.7143146395683289,0.017765045166015625
2988,TargetRidge,0.6854074001312256,RidgeCov,0.7412934303283691,0.055886030197143555,RidgeCov,0.7412934303283691,0.055886030197143555
2989,TargetRidge,0.6953616142272949,RidgeCov,0.7101845741271973,0.014822959899902344,RidgeCov,0.7101845741271973,0.014822959899902344
2990,TargetRidge,0.6701388955116272,RidgeCov,0.7053718566894531,0.03523296117782593,RidgeCov,0.7053718566894531,0.03523296117782593
2991,TargetRidge,0.6876466870307922,RidgeCov,0.7261499762535095,0.038503289222717285,RidgeCov,0.7261499762535095,0.038503289222717285
2992,TargetRidge,0.6680006980895996,RidgeCov,0.7523834109306335,0.08438271284103394,RidgeCov,0.7523834109306335,0.08438271284103394
2993,TargetRidge,0.6751289367675781,RidgeCov,0.7648568153381348,0.08972787857055664,RidgeCov,0.7648568153381348,0.08972787857055664
2994,TargetRidge,0.6552965044975281,RidgeCov,0.7084977030754089,0.05320119857788086,RidgeCov,0.7084977030754089,0.05320119857788086
2995,TargetRidge,0.665850043296814,RidgeCov,0.7306354641914368,0.0647854208946228,RidgeCov,0.7306354641914368,0.0647854208946228
2996,TargetRidge,0.6782318949699402,RidgeCov,0.7742202877998352,0.09598839282989502,RidgeCov,0.7742202877998352,0.09598839282989502
2997,TargetRidge,0.678152859210968,RidgeCov,0.744850218296051,0.06669735908508301,RidgeCov,0.744850218296051,0.06669735908508301
2998,TargetRidge,0.6442946791648865,RidgeCov,0.7250399589538574,0.08074527978897095,RidgeCov,0.7250399589538574,0.08074527978897095
2999,TargetRidge,0.6515831351280212,RidgeCov,0.7657959461212158,0.11421281099319458,RidgeCov,0.7657959461212158,0.11421281099319458
3000,TargetRidge,0.6793448328971863,RidgeCov,0.7219898104667664,0.04264497756958008,RidgeCov,0.7219898104667664,0.04264497756958008
3001,TargetRidge,0.6892306804656982,RidgeCov,0.7241423726081848,0.03491169214248657,RidgeCov,0.7241423726081848,0.03491169214248657
3002,TargetRidge,0.6778935790061951,RidgeCov,0.7538343071937561,0.07594072818756104,RidgeCov,0.7538343071937561,0.07594072818756104
3003,TargetRidge,0.6987767219543457,RidgeCov,0.7366917133331299,0.03791499137878418,RidgeCov,0.7366917133331299,0.03791499137878418
3004,RidgeCov,0.6839379668235779,TargetRidge,0.6866380572319031,0.0027000904083251953,RidgeCov,0.6839379668235779,0.0
3005,RidgeCov,0.6878182888031006,TargetRidge,0.7093815803527832,0.021563291549682617,RidgeCov,0.6878182888031006,0.0
3006,RidgeCov,0.7116188406944275,TargetRidge,0.718844473361969,0.007225632667541504,RidgeCov,0.7116188406944275,0.0
3007,RidgeCov,0.7008976936340332,TargetRidge,0.7354291081428528,0.03453141450881958,RidgeCov,0.7008976936340332,0.0
3008,RidgeCov,0.6837544441223145,TargetRidge,0.7389944195747375,0.055239975452423096,RidgeCov,0.6837544441223145,0.0
3009,RidgeCov,0.6882316470146179,TargetRidge,0.7578535079956055,0.06962186098098755,RidgeCov,0.6882316470146179,0.0
3010,RidgeCov,0.7052101492881775,TargetRidge,0.770929753780365,0.0657196044921875,RidgeCov,0.7052101492881775,0.0
3011,RidgeCov,0.7117865085601807,TargetRidge,0.8003904223442078,0.0886039137840271,RidgeCov,0.7117865085601807,0.0
3012,RidgeCov,0.6969521641731262,TargetRidge,0.8468921780586243,0.14994001388549805,RidgeCov,0.6969521641731262,0.0
3013,RidgeCov,0.7148649096488953,TargetRidge,0.8775025010108948,0.1626375913619995,RidgeCov,0.7148649096488953,0.0
3014,RidgeCov,0.7393595576286316,TargetRidge,0.8944931030273438,0.15513354539871216,RidgeCov,0.7393595576286316,0.0
3015,RidgeCov,0.7345294952392578,TargetRidge,0.9050096869468689,0.17048019170761108,RidgeCov,0.7345294952392578,0.0
3016,RidgeCov,0.7236272692680359,TargetRidge,0.9164140820503235,0.1927868127822876,RidgeCov,0.7236272692680359,0.0
3017,RidgeCov,0.740770161151886,TargetRidge,0.9255974292755127,0.1848272681236267,RidgeCov,0.740770161151886,0.0
3018,RidgeCov,0.7224798202514648,TargetRidge,0.9323956370353699,0.20991581678390503,RidgeCov,0.7224798202514648,0.0
3019,RidgeCov,0.6957046389579773,TargetRidge,0.9428102374076843,0.24710559844970703,RidgeCov,0.6957046389579773,0.0
3020,RidgeCov,0.6990557312965393,TargetRidge,0.939173698425293,0.24011796712875366,RidgeCov,0.6990557312965393,0.0
3021,RidgeCov,0.7132928371429443,TargetRidge,0.9513271450996399,0.23803430795669556,RidgeCov,0.7132928371429443,0.0
3022,RidgeCov,0.7322137951850891,TargetRidge,0.9528303742408752,0.22061657905578613,RidgeCov,0.7322137951850891,0.0
3023,RidgeCov,0.7489702105522156,TargetRidge,0.9536885619163513,0.20471835136413574,RidgeCov,0.7489702105522156,0.0
3024,RidgeCov,0.7569072842597961,TargetRidge,0.9506046772003174,0.19369739294052124,RidgeCov,0.7569072842597961,0.0
3025,RidgeCov,0.7723720669746399,TargetRidge,0.9547936320304871,0.18242156505584717,RidgeCov,0.7723720669746399,0.0
3026,RidgeCov,0.7721102833747864,TargetRidge,0.9530400633811951,0.1809297800064087,RidgeCov,0.7721102833747864,0.0
3027,RidgeCov,0.7909347414970398,TargetRidge,0.9511645436286926,0.16022980213165283,RidgeCov,0.7909347414970398,0.0
3028,RidgeCov,0.8306394219398499,TargetRidge,0.9491099715232849,0.11847054958343506,RidgeCov,0.8306394219398499,0.0
3029,RidgeCov,0.8096193671226501,TargetRidge,0.9462547302246094,0.13663536310195923,RidgeCov,0.8096193671226501,0.0
3030,RidgeCov,0.823929488658905,TargetRidge,0.9381592869758606,0.11422979831695557,RidgeCov,0.823929488658905,0.0
3031,RidgeCov,0.8630108833312988,TargetRidge,0.9387168884277344,0.07570600509643555,RidgeCov,0.8630108833312988,0.0
3032,RidgeCov,0.8968474268913269,TargetRidge,0.9351269602775574,0.03827953338623047,RidgeCov,0.8968474268913269,0.0
3033,RidgeCov,0.8812084197998047,TargetRidge,0.9267764091491699,0.045567989349365234,RidgeCov,0.8812084197998047,0.0
3034,TargetRidge,0.9232781529426575,RidgeCov,0.9379186034202576,0.014640450477600098,RidgeCov,0.9379186034202576,0.014640450477600098
3035,TargetRidge,0.9133607745170593,RidgeCov,0.9393256306648254,0.025964856147766113,RidgeCov,0.9393256306648254,0.025964856147766113
3036,TargetRidge,0.9043504595756531,RidgeCov,0.9153494238853455,0.010998964309692383,RidgeCov,0.9153494238853455,0.010998964309692383
3037,TargetRidge,0.9015393257141113,RidgeCov,0.9614022374153137,0.05986291170120239,RidgeCov,0.9614022374153137,0.05986291170120239
3038,TargetRidge,0.8859238624572754,RidgeCov,0.9468801021575928,0.06095623970031738,RidgeCov,0.9468801021575928,0.06095623970031738
3039,TargetRidge,0.8787290453910828,RidgeCov,0.9811649918556213,0.10243594646453857,RidgeCov,0.9811649918556213,0.10243594646453857
3040,TargetRidge,0.8742108345031738,RidgeCov,0.9846194386482239,0.11040860414505005,RidgeCov,0.9846194386482239,0.11040860414505005
3041,TargetRidge,0.8584306836128235,RidgeCov,0.9758362770080566,0.11740559339523315,RidgeCov,0.9758362770080566,0.11740559339523315
3042,TargetRidge,0.8587787747383118,RidgeCov,1.0010327100753784,0.14225393533706665,RidgeCov,1.0010327100753784,0.14225393533706665
3043,TargetRidge,0.8311788439750671,RidgeCov,0.9527016282081604,0.12152278423309326,RidgeCov,0.9527016282081604,0.12152278423309326
3044,TargetRidge,0.8351526856422424,RidgeCov,1.018316388130188,0.18316370248794556,RidgeCov,1.018316388130188,0.18316370248794556
3045,TargetRidge,0.8237898349761963,RidgeCov,1.00184965133667,0.17805981636047363,RidgeCov,1.00184965133667,0.17805981636047363
3046,TargetRidge,0.8101748824119568,RidgeCov,0.9650254249572754,0.1548505425453186,RidgeCov,0.9650254249572754,0.1548505425453186
3047,TargetRidge,0.8052803874015808,RidgeCov,0.9950170516967773,0.18973666429519653,RidgeCov,0.9950170516967773,0.18973666429519653
3048,TargetRidge,0.7794933319091797,RidgeCov,0.9385116696357727,0.15901833772659302,RidgeCov,0.9385116696357727,0.15901833772659302
3049,TargetRidge,0.7560832500457764,RidgeCov,0.9788371920585632,0.22275394201278687,RidgeCov,0.9788371920585632,0.22275394201278687
3050,TargetRidge,0.7543242573738098,RidgeCov,0.9207509160041809,0.1664266586303711,RidgeCov,0.9207509160041809,0.1664266586303711
3051,TargetRidge,0.7330882549285889,RidgeCov,0.9108960032463074,0.1778077483177185,RidgeCov,0.9108960032463074,0.1778077483177185
3052,TargetRidge,0.7111052870750427,RidgeCov,0.8657993674278259,0.1546940803527832,RidgeCov,0.8657993674278259,0.1546940803527832
3053,TargetRidge,0.7120694518089294,RidgeCov,0.7851197719573975,0.07305032014846802,RidgeCov,0.7851197719573975,0.07305032014846802
3054,TargetRidge,0.7018578052520752,RidgeCov,0.7932513356208801,0.09139353036880493,RidgeCov,0.7932513356208801,0.09139353036880493
3055,TargetRidge,0.6994970440864563,RidgeCov,0.8028955459594727,0.10339850187301636,RidgeCov,0.8028955459594727,0.10339850187301636
3056,TargetRidge,0.7009034156799316,RidgeCov,0.7757180333137512,0.07481461763381958,RidgeCov,0.7757180333137512,0.07481461763381958
3057,TargetRidge,0.6692023277282715,RidgeCov,0.758144199848175,0.08894187211990356,RidgeCov,0.758144199848175,0.08894187211990356
3058,TargetRidge,0.6488964557647705,RidgeCov,0.8933122754096985,0.24441581964492798,RidgeCov,0.8933122754096985,0.24441581964492798
3059,TargetRidge,0.6341742873191833,RidgeCov,0.7894871830940247,0.1553128957748413,RidgeCov,0.7894871830940247,0.1553128957748413
3060,TargetRidge,0.6139151453971863,RidgeCov,0.7664027214050293,0.15248757600784302,RidgeCov,0.7664027214050293,0.15248757600784302
3061,TargetRidge,0.6135044693946838,RidgeCov,0.8263146877288818,0.212810218334198,RidgeCov,0.8263146877288818,0.212810218334198
3062,TargetRidge,0.6225467920303345,RidgeCov,0.8534950613975525,0.23094826936721802,RidgeCov,0.8534950613975525,0.23094826936721802
3063,TargetRidge,0.6199102997779846,RidgeCov,0.8153454661369324,0.19543516635894775,RidgeCov,0.8153454661369324,0.19543516635894775
3064,TargetRidge,0.6135866641998291,RidgeCov,0.7730110287666321,0.15942436456680298,RidgeCov,0.7730110287666321,0.15942436456680298
3065,TargetRidge,0.6367440819740295,RidgeCov,0.7621803879737854,0.12543630599975586,RidgeCov,0.7621803879737854,0.12543630599975586
3066,TargetRidge,0.6711319088935852,RidgeCov,0.8549280762672424,0.18379616737365723,RidgeCov,0.8549280762672424,0.18379616737365723
3067,TargetRidge,0.6653812527656555,RidgeCov,0.8251821994781494,0.1598009467124939,RidgeCov,0.8251821994781494,0.1598009467124939
3068,TargetRidge,0.682394802570343,RidgeCov,0.8873924612998962,0.20499765872955322,RidgeCov,0.8873924612998962,0.20499765872955322
3069,TargetRidge,0.6989495158195496,RidgeCov,1.0731319189071655,0.37418240308761597,RidgeCov,1.0731319189071655,0.37418240308761597
3070,TargetRidge,0.7011341452598572,RidgeCov,1.0287338495254517,0.3275997042655945,RidgeCov,1.0287338495254517,0.3275997042655945
3071,TargetRidge,0.720763623714447,RidgeCov,0.9214673042297363,0.2007036805152893,RidgeCov,0.9214673042297363,0.2007036805152893
3072,TargetRidge,0.7217645049095154,Persistence,0.7747800350189209,0.05301553010940552,RidgeCov,0.7918451428413391,0.07008063793182373
3073,TargetRidge,0.7724854350090027,RidgeCov,0.8192949295043945,0.046809494495391846,RidgeCov,0.8192949295043945,0.046809494495391846
3074,MeanRevertSlow,0.7411114573478699,RidgeCov,0.7829098105430603,0.04179835319519043,RidgeCov,0.7829098105430603,0.04179835319519043
3075,RidgeCov,0.730459988117218,MeanRevertSlow,0.7528896331787109,0.02242964506149292,RidgeCov,0.730459988117218,0.0
3076,RidgeCov,0.6472665667533875,MeanRevertSlow,0.8230834007263184,0.1758168339729309,RidgeCov,0.6472665667533875,0.0
3077,RidgeCov,0.6056005954742432,EWMFast,0.7947915196418762,0.18919092416763306,RidgeCov,0.6056005954742432,0.0
3078,RidgeCov,0.7274928689002991,MeanRevertSlow,0.7785181999206543,0.051025331020355225,RidgeCov,0.7274928689002991,0.0
3079,RidgeCov,0.656050443649292,EWMFast,0.9511145949363708,0.29506415128707886,RidgeCov,0.656050443649292,0.0
3080,MeanRevertSlow,0.7145865559577942,RidgeCov,0.7661654949188232,0.05157893896102905,RidgeCov,0.7661654949188232,0.05157893896102905
3081,RidgeCov,0.6815741658210754,ZeroPred,0.9744932651519775,0.2929190993309021,RidgeCov,0.6815741658210754,0.0
3082,RidgeCov,0.6334537863731384,MeanRevertSlow,0.8643567562103271,0.23090296983718872,RidgeCov,0.6334537863731384,0.0
3083,RidgeCov,0.6253545880317688,ZeroPred,0.9365649223327637,0.3112103343009949,RidgeCov,0.6253545880317688,0.0
3084,RidgeCov,0.5841745734214783,MeanRevertSlow,0.711627185344696,0.12745261192321777,RidgeCov,0.5841745734214783,0.0
3085,RidgeCov,0.5539350509643555,ZeroPred,0.9062315821647644,0.35229653120040894,RidgeCov,0.5539350509643555,0.0
3086,RidgeCov,0.5207684636116028,HAR_EWM,0.8464165329933167,0.32564806938171387,RidgeCov,0.5207684636116028,0.0
3087,RidgeCov,0.5466344952583313,HAR_EWM,0.8129842281341553,0.266349732875824,RidgeCov,0.5466344952583313,0.0
3088,RidgeCov,0.5472407937049866,MeanRevertSlow,0.7023379802703857,0.15509718656539917,RidgeCov,0.5472407937049866,0.0
3089,RidgeCov,0.5252553820610046,MeanRevertSlow,0.7662613987922668,0.2410060167312622,RidgeCov,0.5252553820610046,0.0
3090,RidgeCov,0.4650535583496094,HAR_EWM,0.7637401223182678,0.29868656396865845,RidgeCov,0.4650535583496094,0.0
3091,RidgeCov,0.537372887134552,MeanRevertSlow,0.7322400212287903,0.19486713409423828,RidgeCov,0.537372887134552,0.0
3092,RidgeCov,0.45557570457458496,MeanRevertSlow,0.7323063015937805,0.27673059701919556,RidgeCov,0.45557570457458496,0.0
3093,RidgeCov,0.5166782736778259,MeanRevertSlow,0.698073148727417,0.18139487504959106,RidgeCov,0.5166782736778259,0.0
3094,RidgeCov,0.4770967960357666,MeanRevertSlow,0.7129774689674377,0.23588067293167114,RidgeCov,0.4770967960357666,0.0
3095,RidgeCov,0.4576380252838135,EWM,0.8167464733123779,0.35910844802856445,RidgeCov,0.4576380252838135,0.0
3096,RidgeCov,0.4400852918624878,MeanRevertSlow,0.7860316634178162,0.34594637155532837,RidgeCov,0.4400852918624878,0.0
3097,RidgeCov,0.4555939733982086,ZeroPred,0.8489817976951599,0.3933878242969513,RidgeCov,0.4555939733982086,0.0
3098,RidgeCov,0.38516101241111755,ZeroPred,0.8490829467773438,0.4639219343662262,RidgeCov,0.38516101241111755,0.0
3099,RidgeCov,0.4408109188079834,ZeroPred,0.8442630767822266,0.40345215797424316,RidgeCov,0.4408109188079834,0.0
3100,RidgeCov,0.38268306851387024,ZeroPred,0.8367878794670105,0.45410481095314026,RidgeCov,0.38268306851387024,0.0
3101,RidgeCov,0.3572327196598053,ZeroPred,0.8317790031433105,0.47454628348350525,RidgeCov,0.3572327196598053,0.0
3102,RidgeCov,0.32261258363723755,ZeroPred,0.8265810012817383,0.5039684176445007,RidgeCov,0.32261258363723755,0.0
3103,RidgeCov,0.3653534948825836,TargetRidge,0.8109461665153503,0.4455926716327667,RidgeCov,0.3653534948825836,0.0
3104,TargetRidge,0.3605598211288452,RidgeCov,0.36309948563575745,0.0025396645069122314,RidgeCov,0.36309948563575745,0.0025396645069122314
3105,RidgeCov,0.37627485394477844,TargetRidge,0.42509424686431885,0.048819392919540405,RidgeCov,0.37627485394477844,0.0
3106,RidgeCov,0.33351364731788635,TargetRidge,0.43015751242637634,0.09664386510848999,RidgeCov,0.33351364731788635,0.0
3107,RidgeCov,0.3047419488430023,TargetRidge,0.45624783635139465,0.15150588750839233,RidgeCov,0.3047419488430023,0.0
3108,RidgeCov,0.3135511577129364,TargetRidge,0.35702574253082275,0.04347458481788635,RidgeCov,0.3135511577129364,0.0
3109,RidgeCov,0.29093143343925476,TargetRidge,0.3003659248352051,0.009434491395950317,RidgeCov,0.29093143343925476,0.0
3110,RidgeCov,0.30392515659332275,TargetRidge,0.31093552708625793,0.007010370492935181,RidgeCov,0.30392515659332275,0.0
3111,TargetRidge,0.24000823497772217,RidgeCov,0.32149210572242737,0.0814838707447052,RidgeCov,0.32149210572242737,0.0814838707447052
3112,TargetRidge,0.295041561126709,RidgeCov,0.3100488483905792,0.01500728726387024,RidgeCov,0.3100488483905792,0.01500728726387024
3113,TargetRidge,0.24537301063537598,RidgeCov,0.2679109573364258,0.022537946701049805,RidgeCov,0.2679109573364258,0.022537946701049805
3114,TargetRidge,0.2116180807352066,RidgeCov,0.2928847074508667,0.0812666267156601,RidgeCov,0.2928847074508667,0.0812666267156601
3115,TargetRidge,0.19833987951278687,RidgeCov,0.3042336404323578,0.10589376091957092,RidgeCov,0.3042336404323578,0.10589376091957092
3116,TargetRidge,0.2051578313112259,RidgeCov,0.28675878047943115,0.08160094916820526,RidgeCov,0.28675878047943115,0.08160094916820526
3117,TargetRidge,0.19836227595806122,RidgeCov,0.2934354543685913,0.09507317841053009,RidgeCov,0.2934354543685913,0.09507317841053009
3118,TargetRidge,0.19676822423934937,RidgeCov,0.2533528506755829,0.05658462643623352,RidgeCov,0.2533528506755829,0.05658462643623352
3119,TargetRidge,0.19382667541503906,RidgeCov,0.2674042284488678,0.07357755303382874,RidgeCov,0.2674042284488678,0.07357755303382874
3120,TargetRidge,0.21137355268001556,RidgeCov,0.25281235575675964,0.04143880307674408,RidgeCov,0.25281235575675964,0.04143880307674408
3121,TargetRidge,0.2723536789417267,RidgeCov,0.3306807279586792,0.058327049016952515,RidgeCov,0.3306807279586792,0.058327049016952515
3122,TargetRidge,0.21904782950878143,RidgeCov,0.278181791305542,0.05913396179676056,RidgeCov,0.278181791305542,0.05913396179676056
3123,TargetRidge,0.2141769379377365,RidgeCov,0.25457701086997986,0.04040007293224335,RidgeCov,0.25457701086997986,0.04040007293224335
3124,TargetRidge,0.2558334767818451,RidgeCov,0.2847041189670563,0.02887064218521118,RidgeCov,0.2847041189670563,0.02887064218521118
3125,RidgeCov,0.28649452328681946,TargetRidge,0.30758851766586304,0.02109399437904358,RidgeCov,0.28649452328681946,0.0
3126,TargetRidge,0.2881965935230255,RidgeCov,0.31715527176856995,0.028958678245544434,RidgeCov,0.31715527176856995,0.028958678245544434
3127,RidgeCov,0.29095402359962463,TargetRidge,0.32178470492362976,0.030830681324005127,RidgeCov,0.29095402359962463,0.0
3128,RidgeCov,0.29227474331855774,TargetRidge,0.3514363467693329,0.059161603450775146,RidgeCov,0.29227474331855774,0.0
3129,RidgeCov,0.2729656398296356,TargetRidge,0.37490931153297424,0.10194367170333862,RidgeCov,0.2729656398296356,0.0
3130,RidgeCov,0.2790767252445221,TargetRidge,0.39949676394462585,0.12042003870010376,RidgeCov,0.2790767252445221,0.0
3131,RidgeCov,0.3232437074184418,TargetRidge,0.5044843554496765,0.18124064803123474,RidgeCov,0.3232437074184418,0.0
3132,RidgeCov,0.29219502210617065,TargetRidge,0.5243104696273804,0.23211544752120972,RidgeCov,0.29219502210617065,0.0
3133,RidgeCov,0.29185518622398376,TargetRidge,0.45329514145851135,0.1614399552345276,RidgeCov,0.29185518622398376,0.0
3134,RidgeCov,0.3278287947177887,TargetRidge,0.7362463474273682,0.40841755270957947,RidgeCov,0.3278287947177887,0.0
3135,RidgeCov,0.29835906624794006,TargetRidge,0.6213266253471375,0.3229675590991974,RidgeCov,0.29835906624794006,0.0
3136,RidgeCov,0.320691853761673,TargetRidge,0.6694056391716003,0.34871378540992737,RidgeCov,0.320691853761673,0.0
3137,RidgeCov,0.3309745192527771,TargetRidge,0.7175570130348206,0.38658249378204346,RidgeCov,0.3309745192527771,0.0
3138,RidgeCov,0.3104035556316376,TargetRidge,0.9770238399505615,0.6666202545166016,RidgeCov,0.3104035556316376,0.0
3139,RidgeCov,0.3430064916610718,TargetRidge,0.9682835936546326,0.6252771019935608,RidgeCov,0.3430064916610718,0.0
3140,RidgeCov,0.2898736894130707,TargetRidge,0.999337375164032,0.7094637155532837,RidgeCov,0.2898736894130707,0.0
3141,RidgeCov,0.34921976923942566,TargetRidge,0.8079519271850586,0.45873215794563293,RidgeCov,0.34921976923942566,0.0
3142,RidgeCov,0.34872016310691833,TargetRidge,1.0994175672531128,0.7506973743438721,RidgeCov,0.34872016310691833,0.0
3143,RidgeCov,0.3487355411052704,TargetRidge,1.086351990699768,0.7376164197921753,RidgeCov,0.3487355411052704,0.0
3144,RidgeCov,0.3175767958164215,TargetRidge,1.1303433179855347,0.8127665519714355,RidgeCov,0.3175767958164215,0.0
3145,RidgeCov,0.32728850841522217,TargetRidge,0.9926137328147888,0.6653252243995667,RidgeCov,0.32728850841522217,0.0
3146,RidgeCov,0.3474709689617157,EWMSlow,1.221787452697754,0.8743164539337158,RidgeCov,0.3474709689617157,0.0
3147,RidgeCov,0.4129890203475952,Trend,1.1647450923919678,0.7517560720443726,RidgeCov,0.4129890203475952,0.0
3148,RidgeCov,0.33928075432777405,Trend,1.0403534173965454,0.7010726928710938,RidgeCov,0.33928075432777405,0.0
3149,RidgeCov,0.31730377674102783,TargetRidge,1.0960890054702759,0.778785228729248,RidgeCov,0.31730377674102783,0.0
3150,RidgeCov,0.3733474314212799,EWMTrend,1.023406982421875,0.6500595808029175,RidgeCov,0.3733474314212799,0.0
3151,RidgeCov,0.321146160364151,Trend,0.7552754282951355,0.4341292679309845,RidgeCov,0.321146160364151,0.0
3152,RidgeCov,0.3071995973587036,Trend,0.7158699035644531,0.4086703062057495,RidgeCov,0.3071995973587036,0.0
3153,RidgeCov,0.3276297450065613,EWMTrend,0.8455436825752258,0.5179139375686646,RidgeCov,0.3276297450065613,0.0
3154,RidgeCov,0.33669039607048035,Trend,0.5288875699043274,0.19219717383384705,RidgeCov,0.33669039607048035,0.0
3155,RidgeCov,0.33201706409454346,Trend,0.6254702806472778,0.2934532165527344,RidgeCov,0.33201706409454346,0.0
3156,RidgeCov,0.3479422628879547,EWMTrend,0.7790356278419495,0.43109336495399475,RidgeCov,0.3479422628879547,0.0
3157,RidgeCov,0.3387058675289154,Trend,0.521856963634491,0.18315109610557556,RidgeCov,0.3387058675289154,0.0
3158,RidgeCov,0.3775522708892822,EWMTrend,0.6861760020256042,0.308623731136322,RidgeCov,0.3775522708892822,0.0
3159,RidgeCov,0.3841369152069092,EWMTrend,0.6454038023948669,0.26126688718795776,RidgeCov,0.3841369152069092,0.0
3160,RidgeCov,0.3513230085372925,Trend,0.5849497318267822,0.23362672328948975,RidgeCov,0.3513230085372925,0.0
3161,RidgeCov,0.32973217964172363,EWMTrend,0.6214404106140137,0.29170823097229004,RidgeCov,0.32973217964172363,0.0
3162,RidgeCov,0.28013765811920166,Trend,0.4764942228794098,0.19635656476020813,RidgeCov,0.28013765811920166,0.0
3163,RidgeCov,0.3608792722225189,Trend,0.5218857526779175,0.16100648045539856,RidgeCov,0.3608792722225189,0.0
3164,RidgeCov,0.30366066098213196,Trend,0.3762381970882416,0.07257753610610962,RidgeCov,0.30366066098213196,0.0
3165,RidgeCov,0.24603845179080963,EWMTrend,0.5529954433441162,0.3069570064544678,RidgeCov,0.24603845179080963,0.0
3166,RidgeCov,0.2510373294353485,Trend,0.41426244378089905,0.16322511434555054,RidgeCov,0.2510373294353485,0.0
3167,RidgeCov,0.19987554848194122,EWMTrend,0.5119512677192688,0.31207573413848877,RidgeCov,0.19987554848194122,0.0
3168,RidgeCov,0.22149045765399933,Trend,0.5264680981636047,0.3049776554107666,RidgeCov,0.22149045765399933,0.0
3169,RidgeCov,0.22965295612812042,Trend,0.4823019206523895,0.2526489496231079,RidgeCov,0.22965295612812042,0.0
3170,RidgeCov,0.27767571806907654,EWMTrend,0.5635772347450256,0.2859015166759491,RidgeCov,0.27767571806907654,0.0
3171,RidgeCov,0.25264814496040344,EWMTrend,0.5834233164787292,0.3307751715183258,RidgeCov,0.25264814496040344,0.0
3172,RidgeCov,0.17427748441696167,EWMTrend,0.6197044849395752,0.4454270005226135,RidgeCov,0.17427748441696167,0.0
3173,RidgeCov,0.19381952285766602,Trend,0.5682199001312256,0.37440037727355957,RidgeCov,0.19381952285766602,0.0
3174,RidgeCov,0.2552662789821625,Trend,0.6311153769493103,0.3758490979671478,RidgeCov,0.2552662789821625,0.0
3175,RidgeCov,0.28691551089286804,Trend,0.6379728317260742,0.3510573208332062,RidgeCov,0.28691551089286804,0.0
3176,RidgeCov,0.2698419392108917,Trend,0.6997949481010437,0.429953008890152,RidgeCov,0.2698419392108917,0.0
3177,RidgeCov,0.32430967688560486,TargetRidge,0.9006094336509705,0.576299786567688,RidgeCov,0.32430967688560486,0.0
3178,RidgeCov,0.2391410619020462,TargetRidge,0.9673774242401123,0.7282363772392273,RidgeCov,0.2391410619020462,0.0
3179,RidgeCov,0.2554604113101959,TargetRidge,0.8145871162414551,0.5591267347335815,RidgeCov,0.2554604113101959,0.0
3180,RidgeCov,0.23808526992797852,TargetRidge,0.7646570801734924,0.5265718102455139,RidgeCov,0.23808526992797852,0.0
3181,RidgeCov,0.25105413794517517,TargetRidge,0.6094734072685242,0.358419269323349,RidgeCov,0.25105413794517517,0.0
3182,RidgeCov,0.3170962333679199,TargetRidge,0.7050614356994629,0.38796520233154297,RidgeCov,0.3170962333679199,0.0
3183,RidgeCov,0.30355313420295715,TargetRidge,0.8069674372673035,0.5034142732620239,RidgeCov,0.30355313420295715,0.0
3184,RidgeCov,0.38482117652893066,TargetRidge,0.7044497132301331,0.3196285367012024,RidgeCov,0.38482117652893066,0.0
3185,RidgeCov,0.34328532218933105,TargetRidge,0.7306424975395203,0.3873571753501892,RidgeCov,0.34328532218933105,0.0
3186,RidgeCov,0.36840692162513733,TargetRidge,0.8613945841789246,0.49298766255378723,RidgeCov,0.36840692162513733,0.0
3187,RidgeCov,0.35677340626716614,TargetRidge,0.8196418881416321,0.46286848187446594,RidgeCov,0.35677340626716614,0.0
3188,RidgeCov,0.37248194217681885,TargetRidge,0.7603435516357422,0.38786160945892334,RidgeCov,0.37248194217681885,0.0
3189,RidgeCov,0.32072311639785767,TargetRidge,0.7857552170753479,0.46503210067749023,RidgeCov,0.32072311639785767,0.0
3190,RidgeCov,0.386319637298584,TargetRidge,0.6790850758552551,0.29276543855667114,RidgeCov,0.386319637298584,0.0
3191,RidgeCov,0.3199770152568817,TargetRidge,0.8052600026130676,0.4852829873561859,RidgeCov,0.3199770152568817,0.0
3192,RidgeCov,0.2977854311466217,TargetRidge,0.7424272894859314,0.4446418583393097,RidgeCov,0.2977854311466217,0.0
3193,RidgeCov,0.2737998962402344,TargetRidge,0.6938574910163879,0.42005759477615356,RidgeCov,0.2737998962402344,0.0
3194,RidgeCov,0.34740471839904785,TargetRidge,0.8373560905456543,0.48995137214660645,RidgeCov,0.34740471839904785,0.0
3195,RidgeCov,0.3086719512939453,TargetRidge,0.7477431297302246,0.4390711784362793,RidgeCov,0.3086719512939453,0.0
3196,RidgeCov,0.3333185017108917,TargetRidge,0.8023858070373535,0.4690673053264618,RidgeCov,0.3333185017108917,0.0
3197,RidgeCov,0.40459635853767395,TargetRidge,0.8471904397010803,0.44259408116340637,RidgeCov,0.40459635853767395,0.0
3198,RidgeCov,0.30487358570098877,TargetRidge,0.9270530343055725,0.6221794486045837,RidgeCov,0.30487358570098877,0.0
3199,RidgeCov,0.31092023849487305,TargetRidge,1.0834721326828003,0.7725518941879272,RidgeCov,0.31092023849487305,0.0
3200,RidgeCov,0.35108813643455505,TargetRidge,1.023503303527832,0.6724151372909546,RidgeCov,0.35108813643455505,0.0
3201,RidgeCov,0.4547848701477051,TargetRidge,1.0007357597351074,0.5459508895874023,RidgeCov,0.4547848701477051,0.0
3202,RidgeCov,0.36724352836608887,TargetRidge,1.0470887422561646,0.6798452138900757,RidgeCov,0.36724352836608887,0.0
3203,RidgeCov,0.380560964345932,ZeroPred,1.2390793561935425,0.8585183620452881,RidgeCov,0.380560964345932,0.0
3204,RidgeCov,0.2875232398509979,ZeroPred,1.2076338529586792,0.9201105833053589,RidgeCov,0.2875232398509979,0.0
3205,RidgeCov,0.3657933473587036,ZeroPred,1.168331503868103,0.8025381565093994,RidgeCov,0.3657933473587036,0.0
3206,RidgeCov,0.42705050110816956,ZeroPred,1.1596957445144653,0.7326452732086182,RidgeCov,0.42705050110816956,0.0
3207,RidgeCov,0.43544721603393555,ZeroPred,1.1477704048156738,0.7123231887817383,RidgeCov,0.43544721603393555,0.0
3208,RidgeCov,0.42748185992240906,ZeroPred,1.1453405618667603,0.7178586721420288,RidgeCov,0.42748185992240906,0.0
3209,RidgeCov,0.45630940794944763,ZeroPred,1.1423954963684082,0.6860860586166382,RidgeCov,0.45630940794944763,0.0
3210,RidgeCov,0.4865691661834717,ZeroPred,1.1356663703918457,0.649097204208374,RidgeCov,0.4865691661834717,0.0
3211,RidgeCov,0.3735872507095337,ZeroPred,1.1283100843429565,0.7547228336334229,RidgeCov,0.3735872507095337,0.0
3212,RidgeCov,0.4392212927341461,ZeroPred,1.1267033815383911,0.6874821186065674,RidgeCov,0.4392212927341461,0.0
3213,RidgeCov,0.34111228585243225,ZeroPred,1.118707299232483,0.777595043182373,RidgeCov,0.34111228585243225,0.0
3214,RidgeCov,0.3278625011444092,TargetRidge,1.0687397718429565,0.7408772706985474,RidgeCov,0.3278625011444092,0.0
3215,RidgeCov,0.41973876953125,ZeroPred,1.1171733140945435,0.6974345445632935,RidgeCov,0.41973876953125,0.0
3216,RidgeCov,0.31450650095939636,ZeroPred,1.1122854948043823,0.7977789640426636,RidgeCov,0.31450650095939636,0.0
3217,RidgeCov,0.3605392873287201,ZeroPred,1.1075083017349243,0.7469689846038818,RidgeCov,0.3605392873287201,0.0
3218,RidgeCov,0.3234376609325409,TargetRidge,0.9841976165771484,0.6607599258422852,RidgeCov,0.3234376609325409,0.0
3219,RidgeCov,0.28802600502967834,ZeroPred,1.1050783395767212,0.8170523643493652,RidgeCov,0.28802600502967834,0.0
3220,RidgeCov,0.3172362148761749,ZeroPred,1.1044708490371704,0.7872346639633179,RidgeCov,0.3172362148761749,0.0
3221,RidgeCov,0.32562145590782166,TargetRidge,0.9392037987709045,0.6135823726654053,RidgeCov,0.32562145590782166,0.0
3222,RidgeCov,0.3032830059528351,TargetRidge,1.0203198194503784,0.7170368432998657,RidgeCov,0.3032830059528351,0.0
3223,RidgeCov,0.27711573243141174,TargetRidge,0.8693875670433044,0.5922718048095703,RidgeCov,0.27711573243141174,0.0
3224,RidgeCov,0.3023940324783325,TargetRidge,0.961262047290802,0.6588680148124695,RidgeCov,0.3023940324783325,0.0
3225,RidgeCov,0.2669648826122284,TargetRidge,0.9523611068725586,0.6853961944580078,RidgeCov,0.2669648826122284,0.0
3226,RidgeCov,0.30209413170814514,TargetRidge,1.0998159646987915,0.7977218627929688,RidgeCov,0.30209413170814514,0.0
3227,RidgeCov,0.27965113520622253,TargetRidge,1.028905987739563,0.7492548227310181,RidgeCov,0.27965113520622253,0.0
3228,RidgeCov,0.3089960515499115,TargetRidge,0.8691100478172302,0.5601140260696411,RidgeCov,0.3089960515499115,0.0
3229,RidgeCov,0.29400721192359924,TargetRidge,0.8692021369934082,0.5751949548721313,RidgeCov,0.29400721192359924,0.0
3230,RidgeCov,0.30980387330055237,TargetRidge,0.8426185250282288,0.532814621925354,RidgeCov,0.30980387330055237,0.0
3231,RidgeCov,0.29239532351493835,TargetRidge,0.8175907135009766,0.5251953601837158,RidgeCov,0.29239532351493835,0.0
3232,RidgeCov,0.2746746838092804,TargetRidge,0.7763264775276184,0.5016517639160156,RidgeCov,0.2746746838092804,0.0
3233,RidgeCov,0.22276540100574493,TargetRidge,0.7524577975273132,0.5296924114227295,RidgeCov,0.22276540100574493,0.0
3234,RidgeCov,0.2736465036869049,TargetRidge,0.746573269367218,0.4729267656803131,RidgeCov,0.2736465036869049,0.0
3235,RidgeCov,0.28628042340278625,TargetRidge,0.5930672287940979,0.30678680539131165,RidgeCov,0.28628042340278625,0.0
3236,RidgeCov,0.2778424024581909,TargetRidge,0.7669157981872559,0.48907339572906494,RidgeCov,0.2778424024581909,0.0
3237,RidgeCov,0.305888295173645,TargetRidge,0.6809964179992676,0.37510812282562256,RidgeCov,0.305888295173645,0.0
3238,RidgeCov,0.2899550199508667,TargetRidge,0.8342334628105164,0.5442784428596497,RidgeCov,0.2899550199508667,0.0
3239,RidgeCov,0.2938268482685089,TargetRidge,0.8514161705970764,0.5575892925262451,RidgeCov,0.2938268482685089,0.0
3240,RidgeCov,0.2701634466648102,TargetRidge,0.6716737747192383,0.4015103280544281,RidgeCov,0.2701634466648102,0.0
3241,RidgeCov,0.30199095606803894,TargetRidge,0.7507222294807434,0.44873127341270447,RidgeCov,0.30199095606803894,0.0
3242,RidgeCov,0.3051420748233795,TargetRidge,0.989909827709198,0.6847677230834961,RidgeCov,0.3051420748233795,0.0
3243,RidgeCov,0.28420525789260864,TargetRidge,0.6181830167770386,0.33397775888442993,RidgeCov,0.28420525789260864,0.0
3244,RidgeCov,0.34195342659950256,TargetRidge,0.6258895397186279,0.28393611311912537,RidgeCov,0.34195342659950256,0.0
3245,RidgeCov,0.2610391676425934,TargetRidge,0.7117841839790344,0.45074501633644104,RidgeCov,0.2610391676425934,0.0
3246,RidgeCov,0.30987855792045593,TargetRidge,0.6896505951881409,0.37977203726768494,RidgeCov,0.30987855792045593,0.0
3247,RidgeCov,0.2547602355480194,TargetRidge,0.6524965167045593,0.3977362811565399,RidgeCov,0.2547602355480194,0.0
3248,RidgeCov,0.2852148711681366,TargetRidge,0.6375548839569092,0.3523400127887726,RidgeCov,0.2852148711681366,0.0
3249,RidgeCov,0.2964330017566681,TargetRidge,0.6725091338157654,0.3760761320590973,RidgeCov,0.2964330017566681,0.0
3250,RidgeCov,0.25816699862480164,TargetRidge,0.6605221629142761,0.4023551642894745,RidgeCov,0.25816699862480164,0.0
3251,RidgeCov,0.26855137944221497,TargetRidge,0.6944379806518555,0.4258866012096405,RidgeCov,0.26855137944221497,0.0
3252,RidgeCov,0.3146754205226898,TargetRidge,0.6561606526374817,0.34148523211479187,RidgeCov,0.3146754205226898,0.0
3253,RidgeCov,0.367451936006546,TargetRidge,0.6539099812507629,0.2864580452442169,RidgeCov,0.367451936006546,0.0
3254,RidgeCov,0.3183218240737915,TargetRidge,0.5893720984458923,0.27105027437210083,RidgeCov,0.3183218240737915,0.0
3255,RidgeCov,0.37425270676612854,TargetRidge,0.5536401867866516,0.17938748002052307,RidgeCov,0.37425270676612854,0.0
3256,RidgeCov,0.3959479331970215,TargetRidge,0.5624828934669495,0.16653496026992798,RidgeCov,0.3959479331970215,0.0
3257,RidgeCov,0.4290195405483246,TargetRidge,0.5948684811592102,0.16584894061088562,RidgeCov,0.4290195405483246,0.0
3258,RidgeCov,0.32372522354125977,TargetRidge,0.5236164927482605,0.19989126920700073,RidgeCov,0.32372522354125977,0.0
3259,RidgeCov,0.3892359733581543,TargetRidge,0.5319781303405762,0.14274215698242188,RidgeCov,0.3892359733581543,0.0
3260,RidgeCov,0.40430712699890137,TargetRidge,0.5117992162704468,0.10749208927154541,RidgeCov,0.40430712699890137,0.0
3261,RidgeCov,0.44679537415504456,TargetRidge,0.5039615035057068,0.05716612935066223,RidgeCov,0.44679537415504456,0.0
3262,RidgeCov,0.35426458716392517,TargetRidge,0.5146089196205139,0.16034433245658875,RidgeCov,0.35426458716392517,0.0
3263,RidgeCov,0.40498390793800354,TargetRidge,0.5111159682273865,0.10613206028938293,RidgeCov,0.40498390793800354,0.0
3264,RidgeCov,0.38959792256355286,TargetRidge,0.4868704080581665,0.09727248549461365,RidgeCov,0.38959792256355286,0.0
3265,RidgeCov,0.3815310299396515,TargetRidge,0.47224465012550354,0.09071362018585205,RidgeCov,0.3815310299396515,0.0
3266,RidgeCov,0.3528122901916504,TargetRidge,0.4628455936908722,0.1100333034992218,RidgeCov,0.3528122901916504,0.0
3267,RidgeCov,0.37688004970550537,TargetRidge,0.45531365275382996,0.07843360304832458,RidgeCov,0.37688004970550537,0.0
3268,RidgeCov,0.34391990303993225,TargetRidge,0.45079290866851807,0.10687300562858582,RidgeCov,0.34391990303993225,0.0
3269,RidgeCov,0.40113314986228943,TargetRidge,0.4450612962245941,0.04392814636230469,RidgeCov,0.40113314986228943,0.0
3270,RidgeCov,0.3935505449771881,TargetRidge,0.43930092453956604,0.04575037956237793,RidgeCov,0.3935505449771881,0.0
3271,RidgeCov,0.402705579996109,TargetRidge,0.4313577115535736,0.0286521315574646,RidgeCov,0.402705579996109,0.0
3272,RidgeCov,0.3656419813632965,TargetRidge,0.4312301576137543,0.06558817625045776,RidgeCov,0.3656419813632965,0.0
3273,RidgeCov,0.3594214618206024,TargetRidge,0.42252692580223083,0.06310546398162842,RidgeCov,0.3594214618206024,0.0
3274,RidgeCov,0.3557695150375366,TargetRidge,0.4085371494293213,0.05276763439178467,RidgeCov,0.3557695150375366,0.0
3275,RidgeCov,0.32963356375694275,TargetRidge,0.40148434042930603,0.07185077667236328,RidgeCov,0.32963356375694275,0.0
3276,RidgeCov,0.34040722250938416,TargetRidge,0.4022376537322998,0.06183043122291565,RidgeCov,0.34040722250938416,0.0
3277,RidgeCov,0.33337780833244324,TargetRidge,0.40047577023506165,0.06709796190261841,RidgeCov,0.33337780833244324,0.0
3278,RidgeCov,0.33051538467407227,TargetRidge,0.39660581946372986,0.06609043478965759,RidgeCov,0.33051538467407227,0.0
3279,RidgeCov,0.3646993637084961,TargetRidge,0.3800838887691498,0.015384525060653687,RidgeCov,0.3646993637084961,0.0
3280,RidgeCov,0.3518364429473877,TargetRidge,0.3940516710281372,0.04221522808074951,RidgeCov,0.3518364429473877,0.0
3281,RidgeCov,0.3554764688014984,TargetRidge,0.3706674575805664,0.015190988779067993,RidgeCov,0.3554764688014984,0.0
3282,RidgeCov,0.35174623131752014,TargetRidge,0.39001747965812683,0.03827124834060669,RidgeCov,0.35174623131752014,0.0
3283,RidgeCov,0.34130606055259705,TargetRidge,0.3767150342464447,0.035408973693847656,RidgeCov,0.34130606055259705,0.0
3284,RidgeCov,0.3165765404701233,TargetRidge,0.382284551858902,0.06570801138877869,RidgeCov,0.3165765404701233,0.0
3285,RidgeCov,0.31347787380218506,TargetRidge,0.3906627595424652,0.07718488574028015,RidgeCov,0.31347787380218506,0.0
3286,RidgeCov,0.2961028814315796,TargetRidge,0.3994812071323395,0.10337832570075989,RidgeCov,0.2961028814315796,0.0
3287,RidgeCov,0.2961607575416565,TargetRidge,0.39900508522987366,0.10284432768821716,RidgeCov,0.2961607575416565,0.0
3288,RidgeCov,0.29160022735595703,TargetRidge,0.39529791474342346,0.10369768738746643,RidgeCov,0.29160022735595703,0.0
3289,RidgeCov,0.3075391948223114,TargetRidge,0.40588054060935974,0.09834134578704834,RidgeCov,0.3075391948223114,0.0
3290,RidgeCov,0.3055635988712311,TargetRidge,0.4122579097747803,0.1066943109035492,RidgeCov,0.3055635988712311,0.0
3291,RidgeCov,0.31135591864585876,TargetRidge,0.40077880024909973,0.08942288160324097,RidgeCov,0.31135591864585876,0.0
3292,RidgeCov,0.31407979130744934,TargetRidge,0.430662602186203,0.11658281087875366,RidgeCov,0.31407979130744934,0.0
3293,RidgeCov,0.3302812874317169,TargetRidge,0.42004120349884033,0.08975991606712341,RidgeCov,0.3302812874317169,0.0
3294,RidgeCov,0.33153921365737915,TargetRidge,0.43349090218544006,0.10195168852806091,RidgeCov,0.33153921365737915,0.0
3295,RidgeCov,0.373246431350708,TargetRidge,0.4463302195072174,0.0730837881565094,RidgeCov,0.373246431350708,0.0
3296,RidgeCov,0.3866119384765625,TargetRidge,0.453063040971756,0.06645110249519348,RidgeCov,0.3866119384765625,0.0
3297,RidgeCov,0.3483090400695801,TargetRidge,0.44674524664878845,0.09843620657920837,RidgeCov,0.3483090400695801,0.0
3298,RidgeCov,0.37726926803588867,TargetRidge,0.47718071937561035,0.09991145133972168,RidgeCov,0.37726926803588867,0.0
3299,RidgeCov,0.39118218421936035,TargetRidge,0.488133043050766,0.09695085883140564,RidgeCov,0.39118218421936035,0.0
3300,RidgeCov,0.39358004927635193,TargetRidge,0.5119686126708984,0.11838856339454651,RidgeCov,0.39358004927635193,0.0
3301,RidgeCov,0.4120827615261078,TargetRidge,0.5206380486488342,0.10855528712272644,RidgeCov,0.4120827615261078,0.0
3302,RidgeCov,0.411113977432251,TargetRidge,0.5447186827659607,0.13360470533370972,RidgeCov,0.411113977432251,0.0
3303,RidgeCov,0.4201434552669525,TargetRidge,0.5493190288543701,0.1291755735874176,RidgeCov,0.4201434552669525,0.0
3304,RidgeCov,0.42134642601013184,TargetRidge,0.5631533861160278,0.141806960105896,RidgeCov,0.42134642601013184,0.0
3305,RidgeCov,0.4222088158130646,TargetRidge,0.5673647522926331,0.14515593647956848,RidgeCov,0.4222088158130646,0.0
3306,RidgeCov,0.42742064595222473,TargetRidge,0.5781686305999756,0.15074798464775085,RidgeCov,0.42742064595222473,0.0
3307,RidgeCov,0.4354785978794098,TargetRidge,0.5872635841369629,0.1517849862575531,RidgeCov,0.4354785978794098,0.0
3308,RidgeCov,0.4285676181316376,TargetRidge,0.5848583579063416,0.15629073977470398,RidgeCov,0.4285676181316376,0.0
3309,RidgeCov,0.4297367036342621,TargetRidge,0.5943236351013184,0.16458693146705627,RidgeCov,0.4297367036342621,0.0
3310,RidgeCov,0.4679490625858307,TargetRidge,0.5978114008903503,0.12986233830451965,RidgeCov,0.4679490625858307,0.0
3311,RidgeCov,0.4645024836063385,TargetRidge,0.6018035411834717,0.13730105757713318,RidgeCov,0.4645024836063385,0.0
3312,RidgeCov,0.4895664155483246,TargetRidge,0.6039299368858337,0.11436352133750916,RidgeCov,0.4895664155483246,0.0
3313,RidgeCov,0.4783831536769867,TargetRidge,0.605774462223053,0.12739130854606628,RidgeCov,0.4783831536769867,0.0
3314,RidgeCov,0.47532621026039124,TargetRidge,0.6068044304847717,0.1314782202243805,RidgeCov,0.47532621026039124,0.0
3315,RidgeCov,0.48758912086486816,TargetRidge,0.6056897044181824,0.11810058355331421,RidgeCov,0.48758912086486816,0.0
3316,RidgeCov,0.4775882661342621,TargetRidge,0.602315366268158,0.12472710013389587,RidgeCov,0.4775882661342621,0.0
3317,RidgeCov,0.5087202787399292,TargetRidge,0.5997257232666016,0.09100544452667236,RidgeCov,0.5087202787399292,0.0
3318,RidgeCov,0.520597517490387,TargetRidge,0.5999807119369507,0.07938319444656372,RidgeCov,0.520597517490387,0.0
3319,RidgeCov,0.48499932885169983,TargetRidge,0.5971630215644836,0.11216369271278381,RidgeCov,0.48499932885169983,0.0
3320,RidgeCov,0.48774847388267517,TargetRidge,0.5942106246948242,0.10646215081214905,RidgeCov,0.48774847388267517,0.0
3321,RidgeCov,0.5298447608947754,TargetRidge,0.5903909802436829,0.06054621934890747,RidgeCov,0.5298447608947754,0.0
3322,RidgeCov,0.5303246378898621,TargetRidge,0.5831614136695862,0.05283677577972412,RidgeCov,0.5303246378898621,0.0
3323,RidgeCov,0.5366500020027161,TargetRidge,0.5755732655525208,0.03892326354980469,RidgeCov,0.5366500020027161,0.0
3324,TargetRidge,0.5709291100502014,RidgeCov,0.5868374109268188,0.01590830087661743,RidgeCov,0.5868374109268188,0.01590830087661743
3325,TargetRidge,0.5650035738945007,RidgeCov,0.6477275490760803,0.08272397518157959,RidgeCov,0.6477275490760803,0.08272397518157959
3326,TargetRidge,0.5589389204978943,RidgeCov,0.589855968952179,0.030917048454284668,RidgeCov,0.589855968952179,0.030917048454284668
3327,TargetRidge,0.550793468952179,RidgeCov,0.5810055732727051,0.030212104320526123,RidgeCov,0.5810055732727051,0.030212104320526123
3328,TargetRidge,0.5405645966529846,RidgeCov,0.5871027708053589,0.04653817415237427,RidgeCov,0.5871027708053589,0.04653817415237427
3329,TargetRidge,0.5340343117713928,RidgeCov,0.6160306930541992,0.0819963812828064,RidgeCov,0.6160306930541992,0.0819963812828064
3330,TargetRidge,0.534151554107666,RidgeCov,0.5667931437492371,0.032641589641571045,RidgeCov,0.5667931437492371,0.032641589641571045
3331,TargetRidge,0.5262572169303894,RidgeCov,0.5991527438163757,0.07289552688598633,RidgeCov,0.5991527438163757,0.07289552688598633
3332,TargetRidge,0.5213541388511658,RidgeCov,0.6046083569526672,0.08325421810150146,RidgeCov,0.6046083569526672,0.08325421810150146
3333,TargetRidge,0.5126166343688965,RidgeCov,0.5803920030593872,0.06777536869049072,RidgeCov,0.5803920030593872,0.06777536869049072
3334,TargetRidge,0.4980294406414032,RidgeCov,0.6003063321113586,0.10227689146995544,RidgeCov,0.6003063321113586,0.10227689146995544
3335,TargetRidge,0.481256365776062,RidgeCov,0.5716841816902161,0.09042781591415405,RidgeCov,0.5716841816902161,0.09042781591415405
3336,TargetRidge,0.47517240047454834,RidgeCov,0.6090278625488281,0.13385546207427979,RidgeCov,0.6090278625488281,0.13385546207427979
3337,TargetRidge,0.45897209644317627,RidgeCov,0.5897741913795471,0.13080209493637085,RidgeCov,0.5897741913795471,0.13080209493637085
3338,TargetRidge,0.43086811900138855,RidgeCov,0.5216543078422546,0.09078618884086609,RidgeCov,0.5216543078422546,0.09078618884086609
3339,TargetRidge,0.4199201166629791,RidgeCov,0.526030957698822,0.1061108410358429,RidgeCov,0.526030957698822,0.1061108410358429
3340,TargetRidge,0.4158417880535126,RidgeCov,0.5202872157096863,0.1044454276561737,RidgeCov,0.5202872157096863,0.1044454276561737
3341,TargetRidge,0.3997456133365631,RidgeCov,0.4587049186229706,0.05895930528640747,RidgeCov,0.4587049186229706,0.05895930528640747
3342,TargetRidge,0.3924555778503418,RidgeCov,0.4613317549228668,0.06887617707252502,RidgeCov,0.4613317549228668,0.06887617707252502
3343,TargetRidge,0.38476037979125977,RidgeCov,0.4498516023159027,0.06509122252464294,RidgeCov,0.4498516023159027,0.06509122252464294
3344,TargetRidge,0.37664365768432617,RidgeCov,0.4458443820476532,0.06920072436332703,RidgeCov,0.4458443820476532,0.06920072436332703
3345,TargetRidge,0.3640778064727783,RidgeCov,0.43224892020225525,0.06817111372947693,RidgeCov,0.43224892020225525,0.06817111372947693
3346,TargetRidge,0.3530334532260895,RidgeCov,0.5428997874259949,0.1898663341999054,RidgeCov,0.5428997874259949,0.1898663341999054
3347,TargetRidge,0.34681573510169983,RidgeCov,0.49054887890815735,0.14373314380645752,RidgeCov,0.49054887890815735,0.14373314380645752
3348,TargetRidge,0.3320898413658142,RidgeCov,0.5269175171852112,0.19482767581939697,RidgeCov,0.5269175171852112,0.19482767581939697
3349,TargetRidge,0.32443299889564514,RidgeCov,0.40276774764060974,0.0783347487449646,RidgeCov,0.40276774764060974,0.0783347487449646
3350,TargetRidge,0.3317923843860626,RidgeCov,0.48012685775756836,0.14833447337150574,RidgeCov,0.48012685775756836,0.14833447337150574
3351,TargetRidge,0.3358685076236725,RidgeCov,0.5329997539520264,0.19713124632835388,RidgeCov,0.5329997539520264,0.19713124632835388
3352,TargetRidge,0.36404862999916077,RidgeCov,0.5165343880653381,0.15248575806617737,RidgeCov,0.5165343880653381,0.15248575806617737
3353,TargetRidge,0.35907313227653503,RidgeCov,0.6351654529571533,0.2760923206806183,RidgeCov,0.6351654529571533,0.2760923206806183
3354,TargetRidge,0.36555829644203186,RidgeCov,0.517988920211792,0.15243062376976013,RidgeCov,0.517988920211792,0.15243062376976013
3355,TargetRidge,0.36929550766944885,RidgeCov,0.7250210642814636,0.35572555661201477,RidgeCov,0.7250210642814636,0.35572555661201477
3356,TargetRidge,0.37962689995765686,RidgeCov,0.5451740026473999,0.16554710268974304,RidgeCov,0.5451740026473999,0.16554710268974304
3357,TargetRidge,0.4076719284057617,RidgeCov,0.580699622631073,0.17302769422531128,RidgeCov,0.580699622631073,0.17302769422531128
3358,TargetRidge,0.4235256612300873,RidgeCov,0.5731062293052673,0.14958056807518005,RidgeCov,0.5731062293052673,0.14958056807518005
3359,RidgeCov,0.4188418388366699,TargetRidge,0.4407789707183838,0.021937131881713867,RidgeCov,0.4188418388366699,0.0
3360,TargetRidge,0.4623229503631592,RidgeCov,0.5163615345954895,0.05403858423233032,RidgeCov,0.5163615345954895,0.05403858423233032
3361,RidgeCov,0.4335291385650635,TargetRidge,0.48647603392601013,0.052946895360946655,RidgeCov,0.4335291385650635,0.0
3362,RidgeCov,0.3994189202785492,TargetRidge,0.5263676047325134,0.12694868445396423,RidgeCov,0.3994189202785492,0.0
3363,RidgeCov,0.3505653142929077,Persistence,0.5643338561058044,0.21376854181289673,RidgeCov,0.3505653142929077,0.0
3364,RidgeCov,0.3218882083892822,TargetRidge,0.7118769288063049,0.3899887204170227,RidgeCov,0.3218882083892822,0.0
3365,RidgeCov,0.2711215913295746,TargetRidge,0.7239397168159485,0.4528181254863739,RidgeCov,0.2711215913295746,0.0
3366,RidgeCov,0.26515576243400574,MeanRevertSlow,0.7707987427711487,0.5056430101394653,RidgeCov,0.26515576243400574,0.0
3367,RidgeCov,0.30234599113464355,Persistence,0.6683899760246277,0.36604398488998413,RidgeCov,0.30234599113464355,0.0
3368,RidgeCov,0.387959361076355,EWMFast,0.6555857062339783,0.2676263451576233,RidgeCov,0.387959361076355,0.0
3369,RidgeCov,0.3816281855106354,EWMFast,0.6532897353172302,0.27166154980659485,RidgeCov,0.3816281855106354,0.0
3370,RidgeCov,0.3644287586212158,EWMFast,0.6536913514137268,0.289262592792511,RidgeCov,0.3644287586212158,0.0
3371,RidgeCov,0.3972306251525879,EWMFast,0.6784548759460449,0.28122425079345703,RidgeCov,0.3972306251525879,0.0
3372,RidgeCov,0.37986889481544495,EWMFast,0.729024350643158,0.349155455827713,RidgeCov,0.37986889481544495,0.0
3373,RidgeCov,0.372415155172348,MeanRevertSlow,0.7412359118461609,0.36882075667381287,RidgeCov,0.372415155172348,0.0
3374,RidgeCov,0.3944058418273926,MeanRevertSlow,0.7493310570716858,0.3549252152442932,RidgeCov,0.3944058418273926,0.0
3375,RidgeCov,0.34273719787597656,ZeroPred,0.8604939579963684,0.5177567601203918,RidgeCov,0.34273719787597656,0.0
3376,RidgeCov,0.37281227111816406,ZeroPred,0.8503448367118835,0.4775325655937195,RidgeCov,0.37281227111816406,0.0
3377,RidgeCov,0.3626902997493744,MeanRevertSlow,0.7314578890800476,0.3687675893306732,RidgeCov,0.3626902997493744,0.0
3378,RidgeCov,0.39972949028015137,MeanRevertSlow,0.8049184679985046,0.40518897771835327,RidgeCov,0.39972949028015137,0.0
3379,RidgeCov,0.376480370759964,MeanRevertSlow,0.7563278079032898,0.3798474371433258,RidgeCov,0.376480370759964,0.0
