window_index,DLinear,PatchTST,iTransformer,TimesNet
0,0.3975002468,0.2975694537,0.2709728777,-0.09110176563
1,0.4719442725,0.2579931319,0.4381261468,0.06320462376
2,0.5543045998,0.2694611847,0.01558384392,-0.01047431212
3,0.4079044759,0.340923965,-0.05102722347,0.06552605331
4,0.2217225879,0.2123524398,0.1283382922,-0.1698087305
5,0.2484160066,0.2035179138,0.1489175111,-0.3362282515
6,0.3963482082,-0.1287008077,-0.1163640395,0.1496991366
7,0.4738574922,0.4998475909,0.05771377683,-0.1606464088
8,0.3534419239,0.2024158388,0.101389572,-0.08431943506
9,0.237593472,0.1223875731,0.1115282327,0.2137302905
10,0.3666676581,0.1907347143,-0.1772498339,0.1287687123
11,0.3907107115,-0.05553073809,0.08333984017,0.2936574519
12,0.2702353001,0.1116356328,-0.1098854914,0.6730783582
13,0.242630288,0.350731045,0.1199454293,0.2043058276
14,0.2448483557,0.2380569279,0.006830815692,-0.08409263939
15,0.1857204288,0.1112399325,-0.2016295791,0.03240267932
16,0.2387299836,0.2445936501,-0.03566042334,0.1165315509
17,0.168716073,0.2190365493,0.2913651466,0.1698744148
18,0.1645939946,0.3279916644,0.2120779753,0.04094270244
19,0.2855083644,-0.2692182958,0.1906929761,0.125619337
20,0.3317602575,0.477740556,0.06661015749,0.2680625021
21,0.3935718536,-0.06282366812,0.0879534781,-0.008313634433
22,0.3459772766,0.3490149677,0.2895432711,0.09379281849
23,0.1924672276,0.2257130146,0.3732222915,-0.07571314275
24,0.262334615,0.3003549576,-0.06454341859,-0.08433475345
25,0.2297651917,0.002904466121,0.2949236333,0.1208338886
26,0.1273950189,0.3164228201,0.264408946,-0.3644436598
27,0.04719682783,0.2822109163,0.2154424787,0.01615444198
28,0.09592778981,0.08179354668,0.2040560842,0.05156158656
29,0.1743792593,0.1051959991,-0.03360931203,0.2213886231
30,-0.00356045505,-0.22541821,0.2737328112,0.1067026109
31,0.1369649321,-0.06752433628,0.1376465559,-0.1313876212
32,-0.0508024022,-0.01569021866,-0.07384378463,0.04047819972
33,0.1715105474,0.310934633,0.1768745631,-0.1107246801
34,0.2130099088,-0.1373411864,-0.09075383842,-0.151206255
35,-0.1061268374,0.05802027136,-0.1679747999,-0.1478678137
36,0.1752659082,0.1688683927,-0.008303727023,0.1585164219
37,0.01919940859,0.1266190112,0.1532282233,0.09576723725
38,0.03327474743,0.1372622848,0.2858692408,-0.3579076827
39,0.06607331336,-0.2052476555,0.0556124337,0.2021204829
40,0.2012545913,-0.1812731028,0.4293193519,-0.2644737959
41,0.1191996112,-0.009184452705,-0.1426557004,-0.1209541634
42,0.1144577786,-0.1737724245,-0.06913886964,0.2124100327
43,0.02099122852,0.06803897023,0.01267285831,-0.3463841975
44,0.06376741081,-0.135265857,0.3431255817,0.1255439967
45,-0.0436184369,-0.2037062943,0.09673076868,0.05354108289
46,0.03453238681,0.04469388351,-0.004174342845,0.2352527231
47,-0.1439804733,-0.1468959451,0.2162846625,0.106530264
48,-0.01413271762,0.2474167794,0.1274528205,-0.372492671
49,-0.04317156225,-0.1116493493,0.02245089039,-0.03805151954
50,0.06354427338,0.02847702429,0.07950183749,-0.04514114186
51,0.2235360891,-0.1053921431,0.2591436207,0.2079107612
52,0.1249369979,0.3416157067,0.2556007802,-0.1298216432
53,0.1513180286,0.190010339,0.3217169642,-0.2386622578
54,0.2988153398,0.4022306204,-0.1375681609,-0.254701972
55,0.3436135054,0.009552798234,-0.09356170893,0.1636454165
56,0.2057263702,-0.02549391985,-0.06894550472,-0.170101881
57,0.06901018322,0.09123851359,-0.2931951582,0.06433302909
58,-0.01991108246,0.2876591682,0.2605325282,0.09232373536
59,0.01164343674,0.3696524203,-0.2841645181,-0.1760296077
60,-0.008816457354,-0.2111347318,-0.1094884351,0.08846481144
61,0.02558998391,-0.01784349419,0.2391325235,0.2649164796
62,-0.1218022779,-0.03195042163,-0.2982630432,-0.1576377302
63,-0.1339841485,0.06392140687,-0.2603525519,-0.1051910147
64,-0.1293450743,0.1863749027,0.06863927096,0.06646057218
65,0.06096803024,-0.05349904299,-0.05114973336,-0.06339295208
66,0.1061226204,-0.2226138115,0.2423586398,0.5273584723
67,0.2455714047,0.1062345207,0.0420262292,0.5505837202
68,-0.2314979136,0.2514349222,0.1666751355,-0.3894325197
69,0.0008960286505,-0.138320595,0.009532378986,0.07437685877
70,0.04390433803,0.0005079192342,-0.09077677876,-0.1320054829
71,0.2053562403,0.057260409,-0.1299954802,-0.1372855902
72,0.06746184081,-0.0780762583,0.2492126673,0.3309660554
73,0.2385948449,0.2290328592,0.2846830189,0.2428713441
74,0.04455641285,0.2987015247,0.09126787633,0.2060979903
75,0.1946956664,0.05254239216,0.2262292355,-0.1258157343
76,0.09601823241,0.1498289853,0.1526965052,-0.1443242282
77,0.1223390475,0.20873712,0.02379551902,-0.3012422323
78,0.1384665221,-0.3298145533,0.286334455,-0.2437463552
79,-0.08599505574,0.0102081364,0.1223441511,-0.1229014173
80,0.1187777221,0.2538875937,-0.2169241756,-0.01673200913
81,0.02016041987,-0.02735312469,-0.3536092937,0.2067791075
82,-0.09528823197,0.01145091653,-0.009537925012,-0.05517962202
83,-0.09362628311,-0.172851488,-0.09226924181,0.03588694334
84,0.1822507083,-0.0643703714,-0.003617232665,-0.3077996373
85,0.081662938,-0.247928977,-0.06193765253,0.03546401486
86,0.08939132839,0.3233193755,0.2848288119,0.3080748618
87,0.08231714368,0.04773246124,-0.06052755192,0.1744496077
88,0.05026227236,0.2096441537,-0.02381703071,-0.2274968773
89,0.1974853724,0.2544761598,0.3044633567,0.3773708344
90,0.07798947394,0.1000645384,-0.2504312098,0.0148023935
91,0.1553233266,-0.0669900775,0.3322380185,0.2792660296
92,-0.07444224507,-0.06571412832,0.2519429922,-0.08098857105
93,-0.1180264279,0.09404674917,-0.2863357365,-0.2121290863
94,-0.09959135205,-0.2211205512,-0.2503448725,-0.1562592685
95,0.06668383628,0.1415384412,0.3165341914,0.2662899196
96,-0.00942010805,0.02940233983,0.06427632272,-0.1278900504
97,-0.03587270156,0.08095584065,-0.02974408679,0.3203167617
98,-0.2302961946,-0.215343371,-0.1601336002,0.06161175668
99,-0.4074063599,-0.3307276368,-0.07391814888,-0.06852097064
100,-0.08151174337,-0.2801262736,-0.1545609534,0.1730529815
101,-0.286924839,-0.1017989293,-0.344620198,-0.4004982114
102,-0.1909274161,-0.3145337403,0.3388100266,-0.2786742747
103,-0.3031978905,-0.1372581422,-0.08475656062,-0.2174475044
104,-0.1746020317,-0.2789781988,-0.2725645602,-0.1614592075
105,0.006461399142,-0.4410976171,0.00352705433,0.09791538864
106,-0.08491446078,-0.3694528043,-0.02310277894,-0.07578643411
107,0.009797059931,-0.3726299405,-0.1585324854,0.110255681
108,-0.2096590549,-0.1902136654,-0.33378914,-0.1164473817
109,-0.1203271449,-0.1114942431,-0.08550223708,0.02454544231
110,-0.1786114126,-0.03697020561,-0.1841566265,-0.04745642468
111,-0.1578423828,-0.3185471892,-0.1620670706,0.1322735846
112,-0.177112028,-0.04941703007,-0.1024923027,-0.188688904
113,-0.1032434106,-0.2131996751,0.04681973159,-0.05367707834
114,0.06066952273,-0.0424789153,-0.006035028957,0.00932105165
115,0.0966854915,0.06197815016,0.038711261,0.1104101017
116,0.05863706023,0.1732006967,-0.172819227,0.3677351773
117,0.04349763319,-0.2882044315,0.1538601816,0.3561426997
118,0.05246159062,0.2067876309,-0.05062511936,0.2134990394
119,-0.007804928347,0.06923303753,0.1069371328,-0.2122099996
120,0.07177054882,0.08525296301,0.4463132024,-0.5672383308
121,0.1345509142,0.1086962298,0.3475482464,-0.2784384489
122,0.2543560266,-0.1366834193,0.2107647359,-0.3372599483
123,0.2282980978,-0.07760185003,0.3402848542,-0.1147116274
124,0.2607147396,0.343180269,0.2107667178,-0.1661325246
125,0.2784609795,0.04386802763,-0.0183631368,-0.1311527938
126,0.2862001359,-0.1098642498,0.03514150158,0.04262053221
127,0.04228451476,0.08720725775,0.1147243157,-0.01754769683
128,0.03679757938,0.04239403456,-0.1598001719,-0.08261541277
129,0.1646805704,0.1024349853,-0.0954657793,0.1998675019
130,0.03753305972,0.03106868453,-0.01172894705,-0.5536645055
131,-0.1001653746,0.02766496874,-0.01914932206,0.06701138616
132,0.06038600206,0.2035740167,-0.2033781409,-0.2033925802
133,0.05290548876,-0.0148990117,0.1557435691,-0.1700656861
134,-0.02347435057,-0.06102927402,-0.211451292,0.5137247443
135,0.04246526212,-0.07277829945,-0.2700764835,0.3850698471
136,0.04845652357,-0.07783906162,0.05145998672,-0.3088265061
137,-0.01397074386,-0.08178827912,-0.4808138609,0.1086092964
138,-0.06466527283,-0.1235084832,-0.4612379968,-0.1541940868
139,-0.04897591099,-0.1565010399,-0.3243924975,-0.02058568783
140,-0.2763254344,0.1357233077,0.1547416896,0.09421113878
141,-0.3811807334,-0.4873986244,-0.06008367985,0.4330434501
142,-0.3466733992,-0.0537965931,0.02296165749,0.2658877075
143,-0.2785662115,-0.1108613908,0.05858624727,0.2991111577
144,-0.1972583085,-0.1266688108,-0.2444141805,0.4445763826
145,-0.06232337281,0.1637915075,0.0317218937,-0.01909529604
146,-0.004642375745,0.08092160523,-0.1498067528,-0.1247501001
147,-0.007461765781,-0.1509872377,0.0945083946,0.3973572552
148,0.04900639132,0.05139333382,0.0001552649628,0.2515609264
149,-0.1339593232,-0.1098678932,0.007919356227,0.006931279786
150,0.01845179312,-0.05385211855,0.1426871419,0.1346562654
151,-0.01757692173,0.1034911573,-0.152363956,0.1786738783
152,0.02760555595,0.04350465164,-0.06015978754,-0.3208996654
153,-0.1445025802,0.1090930998,-0.1963049173,0.1580240428
154,-0.1579211205,0.1219784394,0.2386852801,-0.1802086383
155,-0.03109762445,-0.1646153629,-0.009443200193,-0.2425089031
156,0.1432113349,0.1108181775,-0.1470073164,0.1159936339
157,0.06130874902,-0.05166421086,0.036829561,-0.1211423874
158,-0.08059174567,0.2099973559,0.09666439891,-0.01692192443
159,0.0004197791859,-0.3028615415,0.1773747504,0.1638208926
160,-0.003131737001,-0.07644462585,-0.2541891336,-0.2073053569
161,0.03980930522,0.09026113153,-0.1958047301,0.08436501771
162,0.02373469621,0.01236109063,0.2252591401,-0.1431979984
163,0.1306637675,-0.006904351059,0.3238182366,-0.1056331918
164,-0.04696974903,-0.4839102328,0.09863710403,-0.245698005
165,0.06170137227,0.1238559186,-0.06310439855,0.09128705412
166,0.00111292745,0.05050298199,0.3183738887,-0.003357372014
167,-0.09565658867,-0.1560629457,-0.215873614,0.113637656
168,-0.02186952345,0.0380420424,-0.2674949467,0.07714716345
169,-0.02685244754,0.04385076091,-0.09932719171,0.2442514747
170,-0.08056361973,0.1843454391,0.2024035752,0.1696129292
171,-0.04359549284,0.04241704196,-0.2363072038,0.1883404553
172,-0.1479269266,0.1629664153,0.04157470539,0.007542639505
173,0.0193657577,0.1671433896,-0.09637998044,-0.1130255833
174,-0.09803980589,-0.04958950728,-0.3461950719,-0.01730274037
175,0.004871416837,-0.2589540482,0.104601264,0.25262326
176,0.228667587,-0.0562351495,-0.1029872149,-0.07264522463
177,-0.002192032058,-0.1004229933,0.2507404089,0.3397051096
178,-0.03424343839,0.05154547095,-0.2014234513,0.0630621314
179,-0.06618654728,0.06187712774,0.04382729903,0.01040324755
180,-0.0204642918,-0.1375905126,-0.0687764436,-0.08975739032
181,-0.005721209571,0.1951042414,-0.2218120247,0.04077728465
182,0.1397145987,0.09496766329,0.09332897514,-0.03691070154
183,0.06963703036,0.1019789353,0.1127413064,-0.001593121444
184,-0.04226965085,0.1117594689,0.07691982388,0.0613499172
185,0.08057562262,0.4515631497,0.3515965044,0.3236089051
186,0.06423007697,0.3330432475,0.2037147135,-0.1104520187
187,0.2308541238,0.02407829463,-0.1890467554,-0.3425883651
188,0.09145960212,-0.001984581584,-0.1774806976,0.001303331344
189,0.0862955302,0.335996449,0.224727124,0.1379501373
190,-0.1256252825,-0.2857598066,-0.101855129,-0.3382149935
191,0.1033060998,-0.0757638216,-0.1453793347,0.07822460681
192,0.09648623317,0.2929250896,0.05208506063,-0.06017194316
193,-0.06836861372,0.1628529727,0.3498311639,-0.1849447489
194,0.265304625,0.1761507094,-0.003733502934,0.01471294649
195,0.2869556546,0.2184855789,0.06045750901,-0.02617053501
196,0.1848130375,-0.3183377087,0.1189165935,0.418330729
197,0.339025259,0.3250305951,0.08496106416,0.2906813025
198,0.1146891788,0.1512713283,-0.01532049011,-0.04706596211
199,0.2554170787,0.03419552371,-0.06052027643,0.02250476554
200,0.2093248814,0.228800714,-0.2573549449,0.1408905983
201,0.2131332606,-0.08064372838,0.06916495413,0.1596915573
202,0.3326461911,0.2288671434,0.1874289513,-0.08247639984
203,0.3295012414,0.1519825161,0.2610612512,0.163020283
204,-0.03044140898,0.1595340967,0.06426922977,-0.04508893192
205,0.1516239345,-0.07443705201,-0.2378179282,0.2089342624
206,0.08468005806,-0.1277487725,0.1638319492,0.3712947965
207,0.1094544157,0.2328481525,0.2249094546,0.09883959591
208,0.02932666987,-0.1045882255,0.3363113403,-0.6279891729
209,0.09226261079,0.2264264077,-0.06159687415,-0.01393376943
210,0.03011166118,0.06237412989,0.04273777455,-0.03660768643
211,0.07843691856,0.1081048399,0.04582444951,-0.09764832258
212,-0.1992951483,-0.05244359002,-0.1704314947,-0.3916532099
213,-0.07566525042,0.1999559999,-0.020722216,0.121034719
214,-0.07058751583,-0.2101944834,0.133057639,0.4848316908
215,0.0242013,-0.1218703017,-0.3083769679,-0.1050028279
216,-0.06744337082,-0.06605967879,-0.2472188324,0.03739978373
217,-0.09836191684,0.001370563521,0.204165712,-0.1056860015
218,-0.1320678443,0.08990069479,-0.3910365701,0.008867435157
219,-0.09121588618,-0.1851340234,-0.1308688521,-0.1681718379
220,0.089477323,-0.1173789129,-0.07796805352,0.2602276802
221,-0.1335154027,-0.2253441662,0.1395501047,0.2346396893
222,0.02486156113,-0.07232869416,-0.005613028072,0.1254080683
223,-0.1330369264,-0.1318625808,-0.2055132985,-0.02136472054
224,-0.1560770869,-0.07241947949,-0.3125804663,-0.04748845845
225,-0.0806402266,-0.1825546771,-0.450396359,0.08739223331
226,0.002928162692,-0.003647453152,-0.005254780874,0.0004244722659
227,-0.006511006504,-0.394906044,-0.01074467599,0.02025524154
228,0.2112246305,0.209107697,0.01792412251,0.2672846913
229,0.06049666926,0.1837366372,0.4707104564,-0.004611559678
230,-0.05717488378,0.07952024788,0.5374500155,-0.1323066652
231,0.305862546,-0.06752887368,0.1432624161,-0.3507712483
232,0.0651210323,0.05302947387,-0.1568130851,-0.1801537424
233,-0.01259921864,0.1190074459,0.2175897509,-0.03409639373
234,-0.03815986961,0.05607090518,0.1002447978,-0.2429183125
235,-0.03568788245,-0.1827160865,0.0935550034,-0.262046814
236,0.06868293136,-0.3107417524,-0.1474040151,-0.05549685657
237,-0.07549933344,-0.1079484299,-0.05634092167,0.03605819121
238,-0.2722283602,0.1652284712,-0.0877680406,-0.01111283619
239,0.01555362716,0.3259101212,-0.02374655381,0.1600164473
240,-0.005420399364,0.171556443,-0.02959879115,-0.2159522474
241,0.01826454885,-0.04556177929,0.442329973,0.3635555804
242,0.2322072536,0.04674621671,0.1048193946,0.01604946703
243,0.2138313651,-0.07330045849,0.2315240949,0.1571973264
244,0.3431403935,-0.2116175294,0.3107632101,0.326946795
245,0.2676776052,0.2257289141,-0.1864123195,0.1267475188
246,0.3292286992,-0.1420084834,-0.1774777025,-0.2073767036
247,-0.01668019965,-0.004039551131,-0.008555110544,0.1154589131
248,0.05544691533,-0.1575139314,-0.08094603568,-0.04829241708
249,-0.1939721555,0.1704765111,-0.02021711133,0.09895332158
250,0.2274085432,0.190788731,0.068696931,-0.05743486062
251,-0.2816462517,-0.04035129398,-0.08410325646,0.06516964734
252,-0.1921311915,0.2285913825,-0.2092319131,-0.1366410404
253,-0.1750187427,-0.1797380894,-0.1023863405,0.4104316533
254,0.03467508778,-0.09278568625,-0.07270473987,0.05690750852
255,-0.1258647889,0.1930050999,0.0549015142,0.4104903042
256,0.01367592998,0.3326402009,0.09971164912,-0.2111473531
257,-0.02249308117,-0.1098383218,0.2283207476,-0.4333240092
258,-0.02062716149,-0.2259903103,-0.03134759516,-0.2255066335
259,-0.1660937816,-0.04941390827,-0.01710519567,0.2387026101
260,0.01861606166,-0.1213421226,0.3051139116,-0.3187746406
261,-0.050055556,0.1939582378,-0.1845711321,0.1171670258
262,0.0125915911,0.107216008,0.1984692216,0.0631718412
263,-0.05719041824,0.09053423256,-0.1864334196,-0.2899425626
264,-0.1660083085,-0.126254037,-0.1783509254,0.0885611847
265,-0.1892595887,-0.1315730214,-0.0198514238,-0.008361941203
266,-0.3652160764,-0.1037269384,-0.06565707922,-0.1990436912
267,-0.226169765,-0.07940037549,-0.3781927824,0.1827605665
268,-0.1503163129,-0.2891170084,-0.3811120987,-0.03584665433
269,-0.2457357049,-0.1709292978,0.08803283423,0.1760433465
270,-0.153676182,-0.1473467201,-0.01356261224,0.2743729949
271,-0.283559382,-0.2177090645,-0.06855944544,0.3045600951
272,0.1628505141,0.1088793427,0.1787242293,0.004840637092
273,-0.07348685712,0.1023204327,0.1243938357,-0.02318782546
274,0.1316221505,0.03539024293,-0.1324158907,-0.3159644306
275,0.06132115796,0.169646576,0.05431025475,-0.06490522623
276,0.1700393856,-0.1477710903,0.49024719,0.01644010469
277,0.2288031429,-0.05772743374,-0.005292316433,-0.08323337138
278,0.1102200598,-0.2292378247,0.2050545961,0.108678177
279,-0.005726879928,-0.1353088915,0.1334799677,0.09859852493
280,0.1529119015,0.2167420983,0.1551740319,-0.09817888588
281,0.2470395565,0.1066545174,-0.1608601958,0.06357099861
282,0.209481895,0.1031425968,0.08741758764,0.06033475697
283,0.3665216565,0.27953583,0.008526592515,-0.2840655148
284,0.2359611243,0.258808881,-0.001830543508,-0.07715719938
285,0.4757186472,0.3279174268,0.2543197274,-0.2750660777
286,0.3373650014,-0.01096476242,-0.03776742518,-0.216583252
287,0.2869795263,0.1548613161,0.4339226484,0.1410096586
288,0.1451731771,0.233501941,0.2914516926,0.15662314
289,0.3371173143,0.3190128207,0.1294524968,-0.003794697579
290,0.30701828,0.205616191,-0.05078766122,0.08236200362
291,0.4023084641,0.08696780354,0.3630586267,-0.2271553427
292,0.3241043985,0.1198593676,0.3326243758,-0.06239578873
293,0.3629902005,0.2220252156,0.0728892386,0.1309623271
294,0.3935858011,0.3169802129,0.1359973103,0.1363583952
295,0.4947348833,0.3662528694,0.14473553,-0.07540549338
296,0.1748306155,0.06681489199,-0.1565309465,-0.2386255115
297,0.2130048275,0.3559110463,0.3294660747,-0.4743078649
298,0.3113276362,0.2328877449,0.06806765497,-0.008126150817
299,0.2794678211,0.3396271765,-0.01424928475,0.05573667586
300,0.2762488425,0.339625448,0.2427601963,-0.1490029395
301,0.3482151926,0.1619523019,0.03714837879,-0.3465076089
302,0.2205013037,0.1459173709,-0.1314246655,-0.3174609542
303,0.2376857847,0.06748333573,-0.09434082359,-0.002477643779
304,-0.04438316077,-0.06523345411,-0.0774436444,0.1962402612
305,0.2896274924,0.2480612993,-0.01628416218,0.05841506645
306,0.06160605326,0.1273336709,0.0220525302,0.1954979002
307,0.08494388312,0.3314550519,-0.1947461814,-0.2808968425
308,0.08773460239,0.2979368865,-0.4856038392,0.4085410535
309,0.06178120151,-0.08877270669,-0.05229092017,0.1196191609
310,-0.01840387285,0.1752933264,0.1513565034,-0.0836051926
311,0.3037602305,0.05638955906,0.2210593075,0.3610483408
312,0.1993633807,0.4489343464,0.05880368128,0.1045774445
313,0.2411732227,0.2090044171,-0.09077322483,0.4879555404
314,0.4010630548,0.1969439685,0.1298113167,0.2178807259
315,0.4287767112,0.3731369674,0.3557297885,0.5628824234
316,0.2035484016,0.0495649837,0.306385994,0.1800524294
317,0.1437776089,0.278100878,0.3341466784,0.06832184643
318,0.2114058435,0.4755958915,-0.04833094403,0.04727489129
319,0.1150120348,-0.1035399735,-0.06813470274,-0.0422806181
320,-0.192812711,0.355351001,0.1892079115,-0.1551303715
321,0.144044593,0.3108870983,0.1724842042,0.1955506206
322,0.1094560474,-0.02855602093,-0.2649009228,0.08340681344
323,-0.1639004201,-0.07582201809,-0.1248301417,0.1559172422
324,-0.3258795738,-0.4256468713,0.1519371122,0.1795754731
325,-0.1117079854,0.1148644462,0.09882678837,-0.06152227521
326,-0.1192842126,-0.2103566825,-0.1061463654,-0.1667792648
327,-0.3295416832,-0.2801114023,0.02169073746,-0.4047986567
328,-0.3098856509,-0.08645319939,0.2422991097,-0.2550878823
329,-0.08239173144,-0.1570408493,0.08229871094,0.08121085912
330,-0.04071189463,-0.2615474164,-0.2480374575,-0.174991861
331,-0.1542399079,-0.2661092281,-0.06737286597,-0.2148064822
332,-0.3271864057,-0.296718806,-0.1339982003,0.07431483269
333,-0.2331424505,-0.1074745655,0.05397734419,-0.08573288471
334,-0.2486581206,-0.1947545558,-0.4198239148,-0.06911575794
335,-0.2275881916,-0.06231563538,-0.2480952442,-0.1755075008
336,-0.2482491434,0.07417271286,-0.02623554692,-0.07758834213
337,-0.3034283221,-0.2143865228,-0.3058659732,0.0278436821
338,-0.2170422226,-0.1665655971,-0.2576218843,0.04726639763
339,-0.2591246367,-0.1729634255,-0.08068631589,-0.1564818621
340,-0.3708543777,-0.1623268872,0.3348948956,0.01282520313
341,-0.05953559652,-0.2070737183,-0.3639843464,-0.2421679944
342,-0.2817456722,-0.4386745989,-0.277710706,-0.1739248335
343,-0.1790457815,-0.08903578669,-0.2814800143,-0.08195824921
344,-0.1123386398,-0.1452942193,-0.1553607881,-0.199110657
345,-0.08250339329,-0.1864637882,-0.3014698625,0.1771387011
346,-0.03067461215,0.03995621577,0.1958707273,-0.1243220046
347,-0.1421365142,-0.06710442901,0.09869094193,0.02358006313
348,-0.174260512,-0.1934282929,-0.2926086187,0.2453868389
349,-0.1019609645,-0.08674518019,0.005320504308,-0.06028384343
350,-0.06102220714,-0.09363377839,0.2728300691,0.1789444983
351,0.05078137293,-0.182249397,-0.2682695091,0.2113057822
352,-0.0001500591752,0.002545564668,-0.2367086262,0.1107052416
353,0.1551568359,0.04927212745,0.3101389408,0.1132140383
354,-0.003801265731,-0.2935060859,-0.1223816425,0.3167776465
355,0.08519117534,0.2069283873,-0.0588295795,0.0341466032
356,-0.08196701109,0.05620333925,0.03071414679,-0.155901596
357,0.02394288033,-0.1343540549,-0.1176346913,0.4903560281
358,0.01176824607,-0.008451782167,-0.02964276448,0.008215740323
359,-0.04539624602,0.1673250794,0.06966283917,-0.4579303563
360,-0.1105967984,-0.3338615,-0.111522384,0.1181085408
361,0.09981579334,0.05579815805,-0.0172176566,-0.02231745608
362,0.03299386427,0.06589820236,-0.08466216177,0.1929911226
363,-0.0699589923,-0.2104779035,0.1104276106,-0.1582923681
364,0.3519685864,0.001651076251,-0.1434445828,0.04675670713
365,0.06505551934,0.0243659541,0.04210023582,0.2147372961
366,0.1547544152,0.3614335358,0.1876537651,0.0228784997
367,0.1452021152,-0.1976437718,0.1225159168,0.1572795361
368,0.04451942816,0.03050452471,0.2662558556,-0.03088198602
369,-0.1193617731,-0.3103903532,-0.2034128755,0.1487718523
370,-0.2726533413,-0.07631925493,-0.1255054325,-0.1631502956
371,-0.2095429748,0.04911523312,0.02008654363,-0.08332170546
372,-0.2247119993,-0.06110854074,0.1626678258,0.006780609488
373,-0.1787868887,-0.111577943,-0.05674698204,-0.3485847712
374,-0.1185511723,-0.1193851829,-0.1644703597,0.3562925458
375,-0.04844240844,0.02173884213,0.008084911853,-0.03311761469
376,-0.1137600467,-0.2491610348,-0.1021329314,-0.01442266908
377,-0.1080071703,-0.3258981705,0.153910622,0.2433920205
378,-0.2898298502,-0.04993061349,-0.1031148359,-0.08785050362
379,-0.04802544415,-0.06640020013,-0.2636940479,0.07701785862
380,-0.1400596499,-0.07617480308,0.4218375385,0.07758106291
381,0.04848541692,0.1771329194,0.0934015736,-0.3183897734
382,-0.06557009369,0.05009629577,0.07593169808,0.02049194835
383,-0.06614602357,0.0381209217,0.04421362281,0.1751175523
384,-0.07221546024,-0.2145560533,-0.1049489677,0.3587483466
385,-0.2959454656,-0.08513639867,-0.2164019048,-0.283672303
386,-0.1361802369,0.1665967256,-0.05691379681,-0.1236777902
387,-0.06271882355,-0.01217241678,0.3589835465,0.1469799131
388,-0.1036870033,-0.09323839098,0.04101901501,0.09113486856
389,-0.1723456979,0.02189755626,-0.3334236443,0.05534290522
390,-0.418033272,-0.04893512279,-0.15491952,-0.3306705058
391,-0.4021889865,-0.003267927095,-0.435126096,-0.02293471992
392,-0.2620230615,0.1632404476,-0.2565016448,0.4369910955
393,-0.1816289127,-0.1937891245,0.009481508285,0.3549101651
394,-0.2183774859,-0.05064798146,-0.03344710916,0.04281088337
395,-0.1226244494,0.006827900652,0.3335509598,-0.1875163019
396,-0.06847306341,0.07668017596,0.4123612344,-0.2558521926
397,-0.01379089616,-0.1110634729,-0.3381588161,0.1169570908
398,-0.08822121471,-0.04388657212,0.05174231529,-0.02521777712
399,-0.1804643869,0.1296281219,0.2369327992,-0.1612997949
400,-0.1422281712,0.02319977805,0.3272941709,-0.1183747426
401,-0.1276546717,-0.05242835358,-0.1485637277,-0.08182638884
402,-0.05443140492,-0.1545031816,-0.1785829514,0.08967296034
403,-0.01095573697,-0.05326105654,-0.0721103102,0.06646171212
404,-0.08821905404,0.1534148902,-0.2748144269,0.2982340455
405,-0.06094982103,0.3497127295,-0.2080198824,0.03312236816
406,-0.02507247031,0.0595334284,-0.2896705866,-0.06679537892
407,0.3152465224,-0.02404647693,-0.145025447,0.4016937613
408,-0.05757796392,0.2233274877,0.05116423965,0.2578877211
409,-0.1877358407,0.4454179406,0.2621772587,0.2674123943
410,0.07161033899,0.04077905789,-0.2839768827,-0.01867415011
411,0.03179208562,-0.3606210947,0.1586699635,-0.1506863981
412,-0.01156552229,-0.175750792,0.1003684476,0.05162605271
413,0.04802407697,0.1234546602,-0.09204228222,-0.2722257376
414,0.1946127862,-0.04185937718,0.1266517788,0.1497225463
415,0.4948539734,0.5277079344,0.3395783901,0.1174706668
416,0.02830247208,0.2232360542,0.2535016835,-0.01523825154
417,0.2151530981,-0.007064227946,-0.008213425055,-0.1453842074
418,0.1225060374,0.1154887155,0.05546407029,-0.2772363722
419,-0.1394648105,0.2219536901,0.239401713,-0.3073130548
420,0.2560841739,-0.119589217,0.1457954645,-0.04479611292
421,0.1779712886,-0.02403246984,-0.1824589074,-0.110421136
422,0.2350400239,0.2202675343,-0.1849941462,0.02397744544
423,0.1634209305,-0.1847815961,0.4090463221,0.1694496423
424,0.09955457598,-0.06325095892,0.1789535582,-0.3930057585
425,0.1299268603,-0.256357789,0.01588770375,0.2085034698
426,0.1051696539,-0.3387890756,-0.2206843197,-0.03306712583
427,0.08046071976,0.0991569683,-0.09435550123,0.1158346981
428,0.1805731803,-0.03018374741,0.1553209126,0.1412447095
429,-0.04799833521,0.3108353913,0.02006128244,-0.05423464626
430,0.0989946425,-0.197624445,0.1868500859,0.1278550923
431,0.1917755604,-0.1739154905,-0.09732022882,0.4799583256
432,-0.1954416186,-0.2277501076,0.1996240169,0.02003791742
433,-0.06987825781,0.007832528092,0.1704646498,-0.2828350663
434,-0.06030713394,0.05587041378,-0.2585725188,0.02904343791
435,-0.1045744941,-0.3073492348,-0.1120806783,-0.3608770072
436,-0.04611167684,-0.2089727372,0.06674768031,0.3662443161
437,-0.192801103,-0.1969440728,0.1578942686,-0.3556234837
438,-0.01846943237,-0.08786948025,0.1304474622,0.09487035871
439,-0.1992140263,-0.1311527342,0.3016129434,0.07422082126
440,-0.0741853714,-0.2374476492,-0.4222000241,-0.2803658247
441,-0.03054641746,0.232499972,-0.02732959017,0.08219303936
442,-0.1399374604,-0.04684147611,0.09797596931,-0.02002049796
443,-0.2258230001,-0.1774669588,-0.01854504459,-0.3526542783
444,-0.1016212851,-0.1484983116,-0.5011301041,0.2177367806
445,-0.3155891299,0.0511168614,-0.0953117907,0.1101584882
446,-0.2589388788,-0.2356015295,0.1477588117,-0.0423399806
447,-0.1784568876,-0.1541328281,-0.2534114718,0.03404438868
448,-0.1218039691,0.07100053877,-0.2837891579,-0.01605606824
449,-0.2626625299,-0.3986602426,-0.3615932167,-0.1587039828
450,-0.1046089977,-0.05438280106,-0.08480492979,0.4117209315
451,-0.2242210656,-0.2422806919,-0.2147188783,0.05777228251
452,-0.1843409985,-0.333098501,0.08967860043,0.04520788789
453,-0.2218750268,-0.1745203435,-0.06072473526,0.221103251
454,-0.1746553779,0.06218874082,-0.2435158342,-0.09894884378
455,-0.2089144737,-0.3305518329,0.1033847108,0.04555818066
456,-0.2579931915,0.1655389369,0.1574928612,-0.09771980345
457,-0.2497953176,-0.1061793491,0.1610580534,-0.381360054
458,-0.2142063677,0.1565176398,0.02901962027,-0.2707238197
459,-0.1466232985,0.05486490205,-0.07877855003,-0.1407350004
460,-0.09960092604,-0.0103599187,-0.1676563025,-0.19834961
461,-0.01942978986,-0.1278636307,0.09420917183,0.1671216488
462,0.04993275926,-0.07189537585,-0.2350052297,-0.275701791
463,-0.2033611685,-0.2095341682,-0.1551642865,0.01944046281
464,-0.225006327,-0.1182531118,-0.1204965487,0.1300493628
465,-0.2522117496,-0.1958386451,-0.4507693946,0.1543419361
466,-0.2535283566,-0.1899396926,-0.1033353359,-0.06867346168
467,-0.2398691326,-0.01777214929,-0.1972098202,-0.2072645128
468,-0.1297156066,0.09973436594,-0.268131882,-0.06485132128
469,-0.1159485951,-0.1471287608,-0.2467393279,-0.2431731224
470,-0.02135925367,0.004959273618,-0.2452752441,0.4896137416
471,-0.004637154751,-0.3560133874,-0.006935759448,-0.0008821337251
472,-0.2055426836,-0.0304144267,-0.05539184064,-0.02010544203
473,-0.1249371246,-0.03902933002,-0.1875736564,0.2808542848
474,-0.1863711327,-0.4019752443,-0.1130736917,0.0334421061
475,-0.286536932,0.1467402279,-0.3194792569,-0.05032265931
476,-0.3141158223,-0.105367139,0.2481740117,-0.1844048798
477,-0.2889171839,-0.03926762938,0.02018171549,-0.06215953454
478,-0.2582828701,-0.2188477963,-0.05595704168,-0.05419077724
479,-0.2889291048,-0.4439762533,-0.2577480078,0.3708833158
480,-0.3004839122,-0.1462578028,-0.1501090527,0.1057482362
481,-0.3817885816,-0.2084183395,-0.270576328,0.1259771138
482,-0.3259091079,-0.1509019285,-0.1998610795,-0.04811831564
483,-0.2585294843,-0.07559739053,-0.4003721774,0.1122066975
484,-0.2681732476,-0.143559888,-0.403421998,0.464507252
485,-0.3357702196,-0.1206000894,-0.08780843765,-0.3866878748
486,-0.2799206674,0.1709908694,0.3724468946,-0.2474871427
487,-0.08727126569,0.004692889284,-0.07087633759,-0.1597334146
488,-0.1299852282,-0.4079914093,-0.4745767415,-0.00722238794
489,-0.1040080115,-0.1689382195,0.03955356404,-0.02928506956
490,-0.3338839114,-0.1976070106,0.02345169894,0.2078816593
491,-0.3338211477,0.02729703672,-0.02709983848,-0.326369971
492,-0.3044756949,0.1569932103,-0.01565637253,0.007885141298
493,-0.1685988605,-0.09962715209,-0.1376574785,-0.07209511101
494,-0.256727457,-0.2564732432,0.183174327,0.08750285953
495,-0.2702807188,-0.2901205719,0.4362528622,-0.3297442794
496,-0.2653294206,-0.1612284333,-0.02452669665,-0.2419319898
497,-0.1575485617,-0.1410336047,-0.08013363183,0.2746553719
498,-0.1890303046,-0.176631391,-0.3330587447,0.1646784395
499,-0.0190298371,-0.2579653263,0.3565661907,-0.09480303526
500,0.09649948776,-0.1501049101,0.1092071012,-0.1125134677
501,-0.05630150437,-0.1399363875,0.2020899206,-0.01329546794
502,0.1145479605,-0.09850490838,0.2253649533,-0.07457825541
503,0.09685548395,-0.3874465823,-0.2516492307,0.1107442901
504,-0.0286014732,0.1115842164,0.03004921228,-0.206935212
505,-0.1434077173,-0.3731147945,-0.3112225831,-0.08347185701
506,-0.1973107606,-0.05596505105,0.0009810900083,0.3610157669
507,-0.2756725848,-0.1814217269,-0.410415113,0.04069769382
508,-0.1627126038,0.05694917217,-0.2853841782,0.1062182188
509,-0.2435280532,0.2287132889,-0.3688550591,-0.01155513432
510,-0.1891586185,-0.1581594348,-0.135294497,0.2041585892
511,-0.1098365933,-0.4386038184,0.1014505252,-0.1068525761
512,-0.03727039322,-0.273948878,-0.03082767874,-0.1932632923
513,-0.07924703509,0.09134553373,0.2849240005,0.1464194059
514,-0.3241212964,0.3041989803,0.2798810005,0.25503093
515,-0.2276147157,-0.3884142637,0.02123603038,0.1615038663
516,-0.322171241,-0.2527189553,-0.006090207025,0.2184065729
517,-0.1645647287,-0.1724607646,0.01823604293,-0.5914373994
518,-0.3338292539,-0.3942820728,0.05100802705,0.01981458999
519,-0.2778127491,-0.4006315172,-0.05845911801,-0.2911619544
520,-0.3922452033,-0.20882456,-0.3789685369,-0.2354860753
521,-0.09310854971,-0.1040957272,-0.1172102317,0.005667316262
522,-0.1688044071,-0.1533474326,-0.0699524954,0.1262029111
523,-0.2264712006,-0.3628608584,0.19139494,-0.137815088
524,-0.2327797264,-0.4662503004,-0.1533043683,0.2508147359
525,-0.2144175023,-0.217077747,-0.3628717065,0.09272648394
526,-0.1612316966,0.04531348124,-0.2297347188,0.1654074788
527,0.04177985713,0.02414517105,-0.05656836554,-0.02915781178
528,-0.3128909171,-0.2851855159,-0.291308552,-0.3280594945
529,-0.09898424894,-0.5362076163,-0.03103277646,0.1983902603
530,0.04114608839,0.1179171503,0.211758852,0.1795428842
531,0.09476368874,-0.08802449703,-0.1268326938,-0.08175221086
532,0.1655600369,0.2586969435,-0.08640534431,0.003516226774
533,-0.05700818822,0.01416109409,0.2075546533,0.09039539844
534,0.1229127273,0.08574436605,0.08524810523,-0.35516572
535,0.01603834704,-0.1797248423,-0.3316116631,0.2550028861
536,0.005976853427,0.1186967194,0.1437633783,0.03748570383
537,0.02085572481,0.07744359225,-0.04221807793,-0.06156080216
538,0.1767580658,0.1386461258,0.3801497221,-0.1041986123
539,0.06135605276,-0.02889717184,0.03412839025,0.1572886854
540,0.1717542112,0.03450784832,0.1852935106,0.1493071914
541,0.1100675985,0.1792693287,0.4111011326,0.4812477529
542,0.1431630999,-0.09927561879,0.2045750916,0.02115788311
543,0.202085495,0.1161739603,0.07648313046,-0.178664133
544,0.08406212181,0.05466285348,-0.1412910968,0.2219070047
545,0.1274764687,-0.105902873,-0.04290634394,0.276823163
546,0.0732171908,0.06204713136,0.2231791914,-0.1217808127
547,0.190940246,0.146619916,0.3358339965,0.03435363248
548,0.2042555958,0.1595055312,0.03184098378,0.08216005564
549,0.3283547461,0.3390214443,0.1625010967,-0.02514819056
550,0.3363031447,0.1390395612,0.05287617818,-0.03835263103
551,0.02851640992,0.1264484674,-0.1134686694,-0.1307937503
552,0.3620051146,-0.2242313623,0.5699339509,0.1537195444
553,0.1819513291,0.4940803647,0.1500659734,0.1018523052
554,0.2789433599,-0.06914199889,-0.251758188,0.1792702824
555,0.06615971029,-0.03332627565,0.1283102334,0.2156838924
556,0.1664579213,-0.0261141099,0.2578972876,0.2023376971
557,0.1701078564,-0.09245328605,-0.08879868686,-0.2513991594
558,0.2365069985,0.1164138764,0.4717717171,-0.1475885361
559,0.0980488658,0.09140440822,0.4743288159,-0.2280883342
560,0.2612996995,-0.2543849945,0.111443162,-0.3413656354
561,0.09503030032,0.228829205,-0.004119229037,0.01359809283
562,-0.003842154983,0.235113427,0.4374414682,-0.1319764256
563,0.0812369585,0.01925650612,0.2749207914,-0.02709650621
564,0.05515990406,-0.09301079065,0.09651461244,0.06230835244
565,-0.1790899485,0.2289561182,-0.02812265418,-0.009985426441
566,-0.3101453781,-0.09824229777,0.3065947592,-0.104211621
567,-0.03606259078,-0.03315895796,-0.1775044501,-0.04234853759
568,-0.04244120046,0.06779430062,0.01549889054,-0.1121750325
569,0.04295573756,0.1753628403,-0.05233290792,0.06362112612
570,-0.05190714449,-0.02232665569,-0.007320966106,0.1602158695
571,-0.009273723699,-0.07036940008,0.0618571192,-0.307220757
572,-0.1284614801,-0.137428239,0.0436151512,-0.09046516567
573,0.06026943401,-0.3356024027,0.2263065875,0.2521914244
574,-0.2331967056,-0.004424472805,-0.09044341743,-0.1455970109
575,0.1517632902,-0.4951144159,0.01419808716,0.001763599925
576,-0.0720904842,-0.03001606278,-0.3887095451,-0.1854092926
577,-0.1647681743,-0.1928750873,-0.03229641542,0.05700911954
578,-0.2127157897,-0.3213530183,0.2054128647,0.304815352
579,-0.1011673734,0.2308326066,0.1779064089,-0.2697523832
580,-0.09813896567,-0.1746099144,-0.101284273,0.2470506281
581,-0.0987059325,-0.1761128753,-0.1999711692,0.2116663158
582,-0.1094938964,-0.2116398364,-0.2644822896,0.01889685728
583,-0.2039189637,-0.0956324935,-0.3498613834,0.0005683352938
584,-0.1412882656,-0.2711196542,0.02536618896,0.2813394368
585,-0.1855197549,-0.2240925282,-0.09551695734,0.4371130168
586,-0.07307716459,-0.2577567101,0.09344148636,0.01871203817
587,-0.1365457028,-0.2521905601,-0.01863038912,0.06566578895
588,0.2638478875,0.005778017454,-0.3284799755,0.00643979758
589,0.112625055,0.06298884749,-0.1903767139,-0.01333520468
590,-0.06676628441,-0.04714952782,0.2275373787,0.102476202
591,0.01574186608,-0.2358482629,0.173861891,0.3402583599
592,-0.04831841961,-0.193950206,-0.003057427704,0.210767895
593,0.1318910718,-0.0126803536,-0.04892176762,0.3277925849
594,0.01073901821,-0.1771756113,-0.232153073,-0.1755535305
595,-0.2268640101,0.1287830472,-0.1104570925,-0.1318304539
596,-0.1672418863,-0.02749834768,-0.07829079777,-0.04254571348
597,-0.1303138584,0.2497589439,0.03417755663,-0.3873707056
598,-0.232284531,-0.1860369593,0.2990145087,-0.3293063343
599,0.0601958409,-0.1205935925,-0.09199692309,-0.01627823152
600,-0.2505662441,-0.3654832542,0.06256570667,0.1584418267
601,-0.03745812178,-0.1444423497,-0.1318609416,0.324893862
602,-0.2628787458,-0.002922143089,-0.3265746534,0.04322233051
603,-0.2684148848,0.09689745307,-0.4149233103,-0.06329017133
604,-0.2316042781,0.006013005506,-0.2603696287,-0.03797585517
605,-0.2019590884,0.03185860068,0.3459415138,-0.3490664959
606,-0.03414214775,-0.2801708877,-0.08641962707,-0.1483544111
607,-0.03570856154,-0.04826295748,-0.06278112531,0.07246029377
608,-0.005137116648,-0.1753907204,0.03886559233,-0.5639419556
609,0.04058295116,-0.0009475230472,-0.4195694029,0.5218735337
610,-0.01227729209,-0.1583454758,0.1739839911,0.2659991086
611,0.03022668883,0.3093203008,0.08376665413,0.331112504
612,-0.09342116117,-0.2520960867,-0.009371702559,0.06369405985
613,-0.06090386957,-0.2206584513,-0.09878063202,0.07197219133
614,0.09947612882,0.1344168931,0.3841235936,0.1379276067
615,0.1315760612,0.04220272601,0.2691434324,-0.03443324938
616,0.103902936,0.0276063662,0.1018150598,0.1094414666
617,0.08255346864,0.03474733606,0.1664976925,-0.02485256642
618,0.1987346858,0.0006508940714,0.2971342504,0.1243345961
619,0.2227343619,-0.1554561704,-0.1068131253,0.2873868644
620,0.07855933905,-0.06382548064,-0.2536637783,0.4844473004
621,0.07895931602,0.3021832705,0.1573983729,-0.02674337104
622,0.2428551018,0.1828510314,-0.02689172886,0.3475384712
623,0.3274198472,0.3183158636,0.03719091415,-0.2100609839
624,0.3561759293,0.4897973537,-0.03081963211,0.1972854137
625,0.2607693076,0.1798637956,0.2625221908,0.07301497459
626,0.2771626711,0.1256314814,0.4755718112,0.2083771229
627,0.3081493676,0.2716206014,0.2262615114,-0.01438922063
628,0.5958904624,-0.03307659924,0.0581712462,0.3451628089
629,0.4832087457,-0.01253089961,0.01964095049,0.1850040406
630,0.2167633325,0.4624474049,0.1736393869,0.1119693965
631,0.3209403455,0.2622170448,0.4844413698,-0.04092017189
632,0.5151565075,-0.06593925506,-0.05017354339,-0.01830867678
633,0.5328415036,0.3783959448,-0.005335161928,-0.03182811663
634,0.4687096477,0.2821635902,0.2686870396,0.01966777816
635,0.4631850719,0.1470169574,0.1364345998,-0.1154418141
636,0.4491513669,0.3215105534,0.3033846021,-0.07837951183
637,0.5152737498,0.3692510724,0.4953412414,-0.1198346764
638,0.4364540279,0.359629184,0.1091143191,-0.07081460208
639,0.5012623072,0.5023326278,0.05190401897,-0.07509429753
640,0.3616036177,0.2586356997,0.2323855162,-0.1968467832
641,0.3320164084,-0.05291752145,0.04405662045,-0.3960170746
642,0.04062917829,0.0995696336,-0.2612304688,0.06144435331
643,0.009980268776,-0.0003351714695,0.03811867163,-0.4263424277
644,0.2390668392,0.3779854476,0.4442648292,-0.1894359142
645,0.1749434322,0.18031618,0.05093542859,0.007259094622
646,0.2313128114,-0.03335725889,0.2622371614,-0.3220330775
647,0.1155339032,-0.2318093926,0.2112535387,-0.1449605525
648,0.1499479115,0.009162930772,0.1170507669,-0.1502906531
649,0.03947150707,-0.1491147727,-0.09628626704,-0.1203623638
650,0.1554774791,-0.1835175902,0.2453318834,-0.1016193032
651,0.07347637415,-0.04944579303,0.2063775957,0.01588066854
652,0.1538783759,-0.2983226776,0.02087779902,0.4180432558
653,0.208680898,0.1537070721,-0.03377548978,-0.1745966375
654,0.09366562217,0.1252153814,-0.2860955894,-0.1805907339
655,0.06863053888,0.1588080674,0.2199608386,0.09700084478
656,0.02199054882,0.1586759835,-0.2603214979,-0.02059768885
657,0.0578080453,-0.09569320083,-0.03046263754,-0.1163454801
658,0.06017998606,-0.176900506,0.3121869862,0.4811099172
659,0.08711969107,0.08693819493,-0.120572187,-0.1351061612
660,0.1743261516,-0.1186204776,-0.111523658,-0.2060908675
661,-0.1638811976,-0.1775479764,-0.2163251787,0.04232531041
662,0.1316362023,0.221581012,0.2273948193,-0.2433928847
663,0.1039300114,-0.3555211425,-0.003537859535,0.1827111393
664,0.07231215388,-0.1921341717,0.0109275952,0.3169437051
665,0.1187235638,0.007985949516,0.228362143,0.2564676106
666,0.2474032789,0.332146287,-0.09718732536,0.01743024215
667,0.03191865981,0.01851033606,-0.4356556833,-0.2870515883
668,-0.02148481831,0.2127102166,0.2162752301,0.1369167268
669,0.09727227688,0.1197930425,0.3571204841,0.2378103584
670,0.02924118377,0.1494880915,0.01723745465,-0.260902524
671,0.1016335785,-0.07140164077,0.1397747695,-0.04039952904
672,0.003796659643,0.004943707492,0.03797395155,-0.09692659974
673,0.1885377169,0.1542274803,0.03759694099,-0.2417055815
674,0.1060533375,0.08413196355,0.2168850452,0.06319825351
675,0.175935477,-0.04042287543,0.460983485,-0.2476498187
676,0.1812283993,0.1859352291,0.008912549354,0.0503529571
677,-0.000474034372,0.2882877886,-0.136352092,0.2099208534
678,0.07996807992,0.1376716644,-0.002587805968,-0.193723768
679,0.06964253634,-0.1717220396,0.09410534054,-0.04078195989
680,-0.08961960673,-0.02025397867,-0.104418315,-0.1496203095
681,0.1180799082,0.1187281832,0.1376409978,0.238713026
682,-0.1052536145,-0.07014349848,0.2597872317,0.1091335788
683,0.056126941,0.3043968379,-0.3370330036,0.1335310787
684,0.09291478992,0.4048663974,-0.06296660006,-0.1142560244
685,0.069119066,0.2702996731,-0.03088879958,-0.03671105951
686,0.07189375162,-0.5052611232,-0.08417411894,0.2210751921
687,-0.1514041424,-0.02670533396,-0.4710786045,0.2553397417
688,0.007994994521,0.1488526016,0.3559895158,-0.2945852876
689,-0.2406890094,-0.2701719105,-0.237353906,0.2933729291
690,-0.0974715054,0.13861534,0.07214869559,0.1051175371
691,-0.07631588727,0.2669588029,-0.1379997134,0.0308385361
692,0.005113434512,-0.05322154611,0.03226404265,0.0636215508
693,0.1046041399,0.1711823344,-0.05914928019,0.2199240625
694,-0.03662603348,0.0979944095,0.169442609,-0.01817393489
695,0.005793683697,0.2359110415,0.2244209796,0.2607091963
696,0.1196426526,0.06426211447,-0.01163483132,0.2912787795
697,0.1889077127,0.07261357456,-0.01933159865,-0.02057644166
698,-0.01485076081,0.02057562955,-0.1036893949,-0.07451090962
699,0.02333716489,0.09387298673,0.1489287913,-0.03984259814
700,0.0344145298,-0.09702169895,-0.001063915435,-0.2981476784
701,-0.07988727093,-0.104445152,-0.03222396225,0.04988013208
702,0.1878909469,0.1984960586,-0.08595091105,0.03583623841
703,0.03664178774,0.1085458919,-0.07480961084,-0.2996880412
704,0.1255915612,-0.02722639032,0.2908023298,-0.007975533605
705,0.1473053396,0.1618791521,0.07850605249,0.007491725497
706,0.1363835037,0.09881711006,0.1462786049,-0.3253369927
707,0.06496224552,0.1785096973,0.08143052459,-0.1825240701
708,0.3177498877,0.08573330939,0.4251419306,-0.2468558103
709,0.0305769518,0.05099437386,0.1055700034,-0.08066596091
710,0.3554664552,-0.04636798054,-0.15928635,0.08040165901
711,0.2646591663,0.2479097843,-0.2578830719,0.3119419813
712,0.1603484899,0.3220440745,-0.2665643096,0.01483082678
713,0.1457204819,-0.002069866983,0.1024683714,0.2897815704
714,0.1615209877,0.2102933824,0.1568461508,0.1203278229
715,0.09507840872,-0.114802435,-0.02166997641,0.1544944644
716,0.163312763,0.08749273419,-0.2470574677,0.1299971044
717,0.001893960754,0.005461593159,0.01756869443,0.09485065937
718,0.1235064864,0.14795807,-0.1085157618,-0.09482996911
719,-0.1044090241,0.03607146442,-0.3782721162,-0.07927067578
720,0.0702945888,0.1022021249,0.210095346,0.1682808846
721,0.03598687798,-0.2586479783,0.3931693733,0.4554273188
722,0.07407523692,-0.1230997369,0.1606196612,0.3550442159
723,-0.08224771172,0.1573022455,0.0986667648,0.1677831709
724,0.2692600489,-0.1032654792,0.05732712895,-0.3044998944
725,0.162690863,0.04066539183,-0.1225349158,-0.2167810202
726,-0.03670670837,0.09135808051,0.1834732145,-0.188330844
727,0.1037909538,-0.1009292006,0.4575973451,-0.2626233101
728,0.3585127592,0.2453103513,0.4713962078,-0.1571772993
729,0.1096379384,0.05991848931,0.4224363267,0.2821296751
730,0.01082849596,0.1403517276,0.07598967105,-0.2422618568
731,0.1479787529,0.1616886407,0.1790318191,0.01062647253
732,0.2318611592,0.1592170298,0.2354982942,-0.08701573312
733,-0.05898510665,0.1344764233,-0.03317916021,0.05843420327
734,-0.2237840891,-0.3865119219,-0.2073765099,0.5301707983
735,-0.2259971797,-0.03639936447,-0.2400656641,0.2559566796
736,-0.2415851355,-0.1239000335,-0.1114876196,0.08681347966
737,-0.3860477507,0.07122930884,-0.3351509273,-0.008481992409
738,-0.2575382292,-0.001720950939,0.1479610801,-0.03508384153
739,-0.1666844785,-0.32049945,0.1103730276,0.1007306874
740,-0.2675437033,-0.3743270934,-0.4041194618,0.05062389001
741,-0.1675884277,-0.05807448924,0.2645204961,-0.1257662624
742,-0.2329184264,0.07794163376,0.141550675,0.0952058807
743,-0.1512953341,0.01240973175,-0.1068571955,0.08585371822
744,-0.1959694475,-0.05024996027,-0.3020344079,0.07862351835
745,-0.4366939664,-0.4481995106,-0.1423220932,0.08922190964
746,-0.3434195817,-0.5203188658,-0.3065918386,-0.1963611245
747,-0.3034471273,-0.2365033031,-0.2935810387,0.0438570939
748,-0.240501523,0.1297578514,-0.2090097815,0.004321637098
749,-0.2052849233,0.138292551,-0.1301539093,-0.0244790446
750,-0.2133302391,-0.1294154376,-0.2555754483,0.5402277112
751,-0.1577252299,0.06448424608,0.2968811989,-0.04215953872
752,-0.1384479553,0.05629716441,-0.06520610303,0.06020420045
753,-0.2130396962,-0.3142291605,-0.1257763356,0.3942403197
754,-0.1540328711,-0.2047574669,0.0351864323,-0.3086761832
755,-0.1753882766,-0.1721850783,-0.1487795413,0.2122049332
756,-0.3497354388,0.06828417629,-0.08805753291,-0.1872157305
757,-0.03238710016,0.06270281971,0.09615366161,-0.02976319008
758,0.4159703851,-0.07311775535,0.1499206275,0.01795816049
759,0.1283989102,0.05473579839,0.1466055959,0.1133273169
760,0.08199504018,0.1764646471,0.1815911084,-0.2266985327
761,0.04614916071,-0.01114458404,0.1664367765,-0.05503984913
762,0.1814351678,0.2587492168,-0.1596991867,0.05742980912
763,-0.0525669381,0.1887537688,0.319322288,-0.2038593292
764,0.1355786473,-0.006438205019,0.2375481129,0.02983445674
765,0.1954359859,0.1755865812,0.03779625893,-0.1057613939
766,-0.03671429306,-0.04571671784,0.06113709509,-0.5014317632
767,-0.02945746109,-0.03668660671,-0.08159720153,-0.02379724197
768,0.1857779324,-0.3915272653,-0.04841605574,0.1994381845
769,-0.09212831408,-0.1424256414,-0.2585269809,-0.3996136487
770,-0.01925639622,-0.1215279773,0.1695202738,-0.1634535342
771,-0.1962770522,0.09476632625,0.03557458147,-0.08958332241
772,0.07312376797,-0.01133161783,-0.2745281756,-0.008961088955
773,0.0194844678,-0.1381737888,-0.2492935658,0.3883886337
774,-0.2365955263,-0.2602716982,-0.1375609636,0.05638386682
775,-0.08433126658,-0.05013165995,-0.08053378761,0.01861293241
776,-0.1295888722,-0.03955953941,-0.3284879625,-0.1397515386
777,-0.1266383529,-0.105110541,-0.2722832859,0.2016127855
778,-0.1243638173,0.1908185184,0.2407702506,0.01984738559
779,-0.2606413066,-0.2109186649,-0.05505108461,0.2269601524
780,-0.1079416275,0.2490513772,0.106057547,-0.2917265296
781,-0.1874540001,0.02429860272,-0.1821862459,-0.06212157384
782,-0.09099901468,-0.3993127942,-0.2105015665,0.2157496065
783,-0.1041819528,-0.1678044945,-0.3252312541,-0.05236139894
784,-0.1304744035,0.1347724348,0.06358649582,0.0001110341327
785,-0.02726728283,-0.05351947621,0.2245529592,0.07295292616
786,-0.09690298885,0.1914060712,-0.1663239151,0.1150279716
787,-0.1237830222,0.03611752391,-0.04221514612,-0.1628298759
788,-0.2368430197,-0.003860553494,-0.1802515686,0.07434503734
789,-0.2040579319,-0.1460241228,0.282399714,-0.005878713913
790,-0.05472953618,-0.1791816354,-0.03454875201,-0.1681386083
791,-0.1587927192,-0.3631304204,-0.01033370662,0.01501424052
792,-0.02786634304,-0.285761863,-0.2395961136,-0.1809832007
793,-0.1669057161,0.1384758949,-0.2994050682,0.3860179186
794,-0.004022089299,0.08788663894,0.1706758887,0.1502644271
795,-0.08048498631,-0.4042203128,-0.3586729467,0.08664789051
796,0.1825150549,0.05286004022,0.09972712398,0.07621027529
797,-0.1723313779,-0.1678779274,0.3019038439,-0.2095464319
798,0.1035925522,0.09854580462,0.02928976156,-0.08802689612
799,-0.04013612494,0.1323955059,-0.01869023778,-0.2569449246
800,0.109595716,-0.1559149027,0.2140900195,0.1146402359
801,0.1999884844,-0.09597904235,0.3423701823,-0.01678831689
802,0.1188187152,-0.007945851423,-0.1478477269,0.2272899151
803,0.02465035021,-0.003408723045,0.06066005677,0.1067018881
804,0.1367159635,-0.09182781726,0.234785229,0.1372000128
805,0.05070704594,0.01880748756,-0.1821855158,0.06507279724
806,0.02166592889,-0.04171886295,0.08012091368,-0.05826139078
807,0.05387288332,0.1438040882,-0.18598333,0.03090008348
808,-0.1589922458,-0.2209526151,0.07854764163,-0.3616811335
809,0.2131003737,0.4258528948,0.2053872049,0.4510976076
810,0.03583392873,-0.02297080122,0.2445311397,-0.411583215
811,0.07191499323,0.04424777254,-0.2138217688,0.3212170899
812,0.2140511572,-0.2222520113,-0.1034530848,0.4133824706
813,0.1259250194,0.1873190999,0.1783989519,-0.4856028259
814,-0.05985031277,0.2164120376,-0.367836833,-0.207694456
815,-0.03813790902,-0.2341939807,0.1046929806,0.3167657852
816,0.1945820302,0.1470701694,0.1060079858,0.1799091548
817,0.1083208844,-0.04708934948,0.03839235753,-0.141677767
818,0.04916806519,-0.07588663697,-0.1278407574,0.05219505727
819,0.2252886146,0.1462719142,0.272136867,0.1675796807
820,0.1773233414,0.3411433697,0.1055068448,0.1552613974
821,0.2286826819,0.2219542414,-0.2620531917,0.1249498203
822,0.238410756,0.4970199466,0.1085636392,0.3638145626
823,0.3813093603,0.1219275445,0.2575931549,-0.3277712166
824,0.2205204666,-0.10713467,0.05909817666,0.03872720525
825,0.4253070652,-0.1782797873,0.276573211,-0.3459649384
826,0.1933388114,0.1108255684,0.02049924433,-0.05606384575
827,0.3684580624,-0.2009967864,0.3170945048,0.08444063365
828,0.3295789659,0.2139862627,-0.008841436356,0.2605668008
829,0.4372467101,0.3448397219,0.4426746368,-0.1039808914
830,0.3070300817,-0.1128274649,0.2453917563,-0.02726446837
831,0.3312950134,0.1508830935,0.1393143982,0.06397622079
832,0.438500911,0.4711604714,0.3157677948,-0.1349351853
833,0.2636426389,0.3664402664,-0.005296243355,-0.2248341292
834,0.4667730629,0.3873483241,-0.06223048642,0.158858031
835,0.364128381,0.1928545684,0.09203676134,0.1655008942
836,0.5742356181,0.2301470786,0.4647627473,-0.005808611866
837,0.5709663033,0.3322808743,-0.0537392199,0.2366434038
838,0.5626618862,0.4543558061,0.2095914185,-0.1214496568
839,0.3844879866,0.2331638932,0.02819813974,-0.07507218421
840,0.4371631145,0.5035120249,0.1792386472,-0.1415232867
841,0.3800015748,0.1411484927,-0.004898712039,0.1488955915
842,0.3645335734,0.3628490269,0.007092886604,-0.3278615177
843,0.2892031074,-0.06619180739,0.1832438856,0.4761432707
844,0.3083965778,-0.0148944743,0.08029222488,0.2800419331
845,0.2989516258,0.05514645204,0.1449852884,-0.01633542776
846,0.249794066,0.4753110111,0.2463469058,0.05561466515
847,0.324845016,0.2841247916,0.1503476799,0.1709339917
848,0.1658561826,0.2579319775,-0.02816804498,0.01062402967
849,0.2672403157,0.2849611938,0.1003087014,-0.02758877166
850,0.2067053169,0.3554547727,0.07929357886,0.1017185748
851,0.3247455955,0.1492242068,0.3701723516,-0.3258081973
852,-0.08761526644,-0.126885891,0.01260640658,-0.007972792722
853,-0.1845396906,0.09574906528,-0.07758302242,-0.4544891417
854,-0.2341756076,0.4116926491,0.007554377895,0.3784244061
855,-0.08539523929,0.08262626827,0.09417185187,-0.1088690609
856,-0.08270356059,-0.1260746866,0.07326068729,-0.2615132928
857,0.0563705191,-0.02216631174,-0.2324919403,-0.1551948488
858,-0.1593913585,-0.1988785267,0.03968513384,-0.008890587837
859,-0.06183037162,-0.2411325574,0.2511250377,0.06451866776
860,-0.1005061418,0.04871441424,0.02586521208,0.1155466363
861,-0.2373653799,0.03323462978,-0.4214927554,-0.2776783407
862,-0.1595646143,0.07394753397,-0.3561018109,0.08583246917
863,-0.001656803535,-0.09979945421,-0.01842529885,0.0811355859
864,0.003336302936,-0.2838267684,-0.08807526529,-0.02472771332
865,0.03453444317,0.05515779182,0.0162059404,-0.02138819173
866,0.03109616227,-0.000750243722,0.07916042209,0.1193335801
867,0.130939275,-0.0153240459,0.3160127699,-0.2182505578
868,0.4036318362,0.03067362495,0.1439596564,0.1216073334
869,0.4569075406,0.3220206201,-0.02543082833,0.4218564332
870,0.09125322849,0.2294908166,0.2253485173,-0.5392229557
871,-0.09252211452,-0.006967768539,0.3005403578,-0.002392864786
872,-0.1753629744,-0.4804107249,0.09102423489,-0.4518323243
873,0.0205489751,0.009674128145,0.01885851286,-0.08014672995
874,0.01874154061,-0.01700302772,-0.008368419483,0.1554471254
875,-0.2249715328,-0.1963200718,0.1047145277,-0.2549695075
876,-0.0477254577,0.3252325952,0.2759644985,-0.07228767872
877,-0.2213365585,-0.2029665709,-0.2295494825,-0.1453920156
878,-0.07457147539,-0.1632939875,0.1384853721,-0.08740885556
879,-0.05724459514,-0.01778298058,-0.07317491621,-0.1308297217
880,-0.01815756969,-0.1689785421,0.05695188046,-0.3375650644
881,-0.1383042336,-0.1949078441,-0.3269182146,0.07156024128
882,-0.03630972281,0.3484053612,-0.1935447752,0.1234621108
883,0.1206609011,-0.04355421662,-0.2790642083,-0.2454450428
884,0.00386008597,0.01164831128,-0.1672012955,0.1921045631
885,0.050606668,0.0304216519,0.4310836196,-0.08072208613
886,0.03081023321,0.07241241634,-0.386485219,-0.07911106199
887,0.14601551,0.1303993016,0.1058629155,0.262747705
888,0.07037509978,0.1041110158,-0.07781135291,0.03361057118
889,0.1432911456,-0.009835518897,0.1590297967,-0.3260220289
890,0.08939484507,0.266766578,-0.07890257984,0.1282463074
891,0.1086557582,0.1981857717,0.3386756778,0.05941190571
892,0.01943067089,-0.01999691315,0.237917304,0.1872607917
893,0.1540253311,0.2571481168,-0.01763879694,0.002903915709
894,0.03155507892,-0.0203630887,-0.02125880122,-0.1540975124
895,0.0212172512,0.02069506794,0.2668071389,-0.2505413294
896,0.1408156306,-0.1219347194,0.2200394273,-0.2066302001
897,0.06770054251,0.2820474505,-0.2811499238,-0.04220701009
898,0.02181864344,0.2802913189,0.288417697,-0.4334172308
899,-0.1497906893,0.1394117475,0.3332596719,-0.3826723993
900,-0.003249456175,-0.1241650209,0.1205897778,-0.08772552758
901,-0.3436091542,-0.1978948861,-0.2844973207,-0.3538331687
902,-0.1604624838,-0.1663937569,0.1712958664,-0.3005428016
903,-0.1383519024,-0.0862384811,0.2005989254,-0.1675694436
904,-0.2476281375,-0.2058112323,-0.3232003152,-0.07365451008
905,-0.09872876853,-0.4689509273,-0.1358059347,0.1525730044
906,-0.3106188178,-0.3014912605,-0.05107328668,-0.2188575417
907,-0.2984538972,-0.3916780949,-0.215741232,-0.216808781
908,-0.2060309947,-0.1080796272,-0.2904280722,0.1735655218
909,-0.08417432755,-0.1518874019,-0.1035344452,-0.1495401561
910,-0.117497094,-0.1071819738,-0.1069712713,-0.05158349872
911,-0.01155774295,-0.05991261825,-0.01739905402,-0.1739405096
912,-0.1697501987,-0.1858874261,-0.2175639868,-0.02997884341
913,-0.1585021019,-0.1616689563,-0.1643598527,0.4073062539
914,-0.06897908449,-0.06759655476,0.1250828505,0.4386124909
915,0.002375548938,0.1760068089,0.0229448732,-0.1633200198
916,-0.09649243951,-0.001080478076,-0.1198617592,-0.1337067336
917,-0.08124782145,-0.2015397549,-0.0393718183,0.1620239317
918,0.01298081595,0.1292480081,-0.3511449695,0.02539111488
919,-0.09227193892,-0.3426742852,-0.0332063958,0.1365951896
920,-0.04383326322,-0.2977181673,0.3425323367,0.1245092526
921,-0.03769246489,-0.04544132575,0.06445474923,0.1974357814
922,0.07542140782,0.3120686114,0.1569981426,0.4197506607
923,0.2114459723,0.1865846962,0.09647000581,0.1873519868
924,0.1495200396,0.5775017738,0.2882694006,-0.2014341056
925,0.1193550751,-0.09518742561,0.1915570199,-0.1895657629
926,0.2592980266,0.3503389657,0.201855883,-0.2096903473
927,0.1226983443,0.3765499592,0.2245047688,-0.2119306177
928,0.1328080148,-0.06391023844,-0.1181577295,0.1757965833
929,0.03595239669,0.0203430634,0.1466207802,0.3288979232
930,0.2223674804,0.03934344277,0.02539052442,-0.1933232248
931,-0.06280748546,-0.1627172977,-0.3303595185,0.3242807984
932,-0.05295880884,0.3400097191,-0.1578692049,-0.07219506055
933,-0.2228847593,-0.268856287,-0.03975185379,-0.1710958034
934,-0.1624895781,-0.1198861748,0.1217414737,-0.2194258422
935,-0.1041554809,-0.06109934673,-0.1477167755,0.1868349314
936,0.09099282324,0.03602391109,0.03386673331,0.1144318283
937,-0.2146566808,-0.195870921,-0.1542085558,0.3081459701
938,0.1555905491,0.07979415357,-0.3837002218,0.3546271026
939,-0.1293866783,-0.110474892,-0.06061690301,-0.09253825247
940,-0.005687055644,-0.3129281998,-0.2858986259,0.5902988911
941,-0.1273175627,-0.3057647347,-0.1336761117,0.124617815
942,-0.1224588305,-0.2063294202,0.1540256888,0.0173022151
943,-0.2164717168,-0.1420759261,0.1827412993,0.2773175836
944,0.0121426601,-0.1142442897,-0.0067279879,0.01450470835
945,0.04035560414,-0.01928164065,-0.0777798444,0.282147944
946,-0.06067100912,0.06686453521,0.3449490666,0.1602209657
947,-0.1268324405,-0.05527247488,0.2831690013,-0.142219156
948,-0.04784414917,-0.05824381858,-0.1586882472,0.0968522802
949,0.07306890935,-0.005226752255,-0.2594879568,-0.02402813174
950,-0.08102592081,0.09294616431,0.2342496365,0.2784010768
951,0.004861959256,-0.1891747713,0.02173934877,-0.06421201676
952,-0.06531948596,0.1325624287,0.1416668743,0.2805784643
953,0.01170317642,0.07657173276,-0.4264720678,-0.006144157611
954,-0.1136892438,-0.08013294637,0.07854042202,-0.17599608
955,0.2405617833,0.08261682093,0.05693331733,-0.23794052
956,0.06830172986,-0.1614793837,0.3129994571,-0.0682990253
957,0.2179551721,0.04916592315,-0.06216862798,0.1167158186
958,0.2328132242,0.05639180541,0.05311372131,0.2813292742
959,0.3897500038,0.2310613245,0.2265430987,0.1188501865
960,0.1502233893,0.1880203336,0.1710232347,0.1652339995
961,0.2310698181,0.3338396847,0.1938519925,-0.1542952955
962,0.2584015131,0.03973850608,-0.06369018555,-0.1991647333
963,0.3657178283,0.2727642655,0.4262571931,-0.1838607788
964,0.2763483226,-0.1517897993,0.3920701444,-0.1564844251
965,0.1065736338,0.1523004025,-0.2514930069,-0.1002579033
966,0.1590381116,0.01830492169,-0.2069113404,-0.1583494991
967,0.07794734836,0.2409330308,-0.1532932669,0.1881939918
968,0.1903711408,-0.05970173702,-0.0603637211,-0.235765174
969,0.0973886773,0.1831815392,-0.368260026,0.4687058032
970,0.08102908731,0.3334515691,0.1244068369,-0.2253613621
971,0.0511139296,0.09142281115,-0.2057902664,-0.1640446633
972,0.12234357,-0.01873436943,-0.05724874139,0.04900247976
973,0.2108405679,0.3137356043,-0.02419916354,-0.1400239915
974,0.004077206366,-0.06772655994,-0.2127753794,-0.06381076574
975,0.2614234388,0.03294189274,0.1920677274,-0.002979298355
976,-0.0731722787,-0.1392391622,0.1708599627,-0.0002516778768
977,0.1412144005,-0.02698224969,0.223595351,-0.3358427882
978,0.1321347058,-0.1381731927,-0.1973932832,0.394529283
979,0.05092232674,0.2130854577,0.1251062602,0.1490904689
980,0.01831069961,0.2204136848,0.1497952044,0.1880163252
981,0.05977363512,0.113226451,0.1645228863,0.05875057727
982,0.1186968386,0.1231612936,0.1414394975,-0.1232429966
983,0.1095918864,0.1839811355,0.2863929868,-0.03296849877
984,0.009346639737,-0.05895134434,0.2103035301,0.2327891737
985,-0.1212124377,-0.07913600653,0.1004150584,-0.158289358
986,-0.02448569797,0.1610284299,0.1696838886,-0.1551780552
987,-0.0386816375,-0.08982173353,-0.2911754847,0.04583885893
988,0.04449599236,0.1873070896,-0.2261052877,0.0267889332
989,-0.03372565657,-0.2802253962,0.028316902,-0.1131807268
990,-0.003966325428,-0.1713947058,-0.03660935909,-0.1322375983
991,-0.137063995,0.002867192961,-0.0207445696,0.2186284661
992,0.01689835265,0.1469969749,-0.1743078083,0.1400860548
993,0.1381480992,-0.1782679558,0.2601225674,0.1426268816
994,0.01890076138,-0.02255999483,0.001079959329,0.01530210953
995,0.02281517908,-0.193663016,-0.145707652,-0.07744749635
996,0.04687720537,0.1184036955,-0.007723412942,-0.0007533883327
997,0.05003476888,0.1153577268,0.01395818032,-0.1210020855
998,0.08127062023,0.04176807404,-0.101192385,-0.5206514001
999,0.1366806924,0.1228225604,0.002503946656,0.5058159828
1000,0.055112876,-0.06868073344,0.2700333297,0.07862533629
1001,0.1616782099,0.1888392121,-0.3146863878,0.1998791099
1002,0.0696824491,0.1422336847,-0.08312163502,0.3591264784
1003,0.03051557764,0.166965723,0.1697636247,-0.426815629
1004,-0.01426999643,0.06154913828,0.001118617598,-0.3022159338
1005,-0.08627425879,-0.04672807083,-0.3997106254,-0.1657964289
1006,-0.01062879805,-0.04523716122,0.1443413496,-0.1212413162
1007,0.02407647483,-0.09851942956,0.0469629541,0.1641651243
1008,-0.09918488562,0.1742915809,-0.2005803734,-0.09209915251
1009,-0.01042035408,0.1683462858,0.1750406474,-0.07394979149
1010,-0.03578679636,0.136112988,0.05602715537,0.08128117025
1011,0.2264156193,-0.01633184403,-0.01979285665,0.1603372097
1012,0.04851386696,0.1861885935,0.06282456964,-0.1300496161
1013,0.1596478224,0.3711939156,0.3341047466,0.1621511728
1014,0.02368633077,0.02856055647,-0.1743646711,-0.07086126506
1015,0.06556899846,0.1068050712,0.09916105121,0.02233848348
1016,-0.1018526927,-0.2002347708,0.3021763563,-0.2602271736
1017,0.1631783098,0.2276786417,-0.1226554736,0.3344815671
1018,0.02267412841,0.2336404622,0.01992080174,-0.1859544814
1019,-0.03039412573,-0.110586293,0.04836960137,-0.3018857241
1020,-0.1236665696,-0.1459653825,-0.1720122099,-0.04661267996
1021,-0.1562440097,0.1598248184,-0.3619194925,0.1010006517
1022,0.08022280782,-0.08467455953,0.3409002423,0.108325623
1023,-0.06439432502,-0.2809023559,0.1596766561,-0.03933479264
1024,0.01927914657,-0.1082088277,-0.5259827971,-0.1536945403
1025,-0.1381631196,-0.0714295879,-0.2860178053,-0.303355813
1026,-0.1728354245,0.1190242022,0.1011910215,-0.143191278
1027,0.05573977157,-0.1106019765,-0.1450555623,-0.1135310158
1028,0.01978624612,0.0991859436,0.03714637831,-0.08217163384
1029,0.273304224,0.2915183902,-0.01708822139,0.05025396124
1030,0.2401807606,0.2202306241,-0.09661325067,0.2794519067
1031,0.07983855158,0.2715708315,-0.4415441453,-0.07109963149
1032,0.01110566407,0.1343366504,0.3161105812,-0.3174371719
1033,-0.08845439553,0.3671991229,0.3625452816,0.1100772768
1034,0.02944147401,-0.16827631,0.146815896,-0.05326774344
1035,0.1321644485,0.2035314441,0.01101108082,-0.1357560307
1036,-0.04315097257,-0.2026378214,0.2712855339,-0.2080153525
1037,0.3932685852,-0.1174619794,0.1775780618,0.1355343908
1038,0.098629646,-0.2309490144,-0.1860630363,0.2234030366
1039,0.04555768892,0.09257666767,0.09118532389,-0.1954462826
1040,0.02140017785,0.2449633181,0.2375955582,0.1106060073
1041,-0.05853450298,-0.1128744185,-0.15099971,-0.3187597394
1042,-0.1118299365,-0.3118079603,-0.02662252076,0.007516448386
1043,0.05031367019,0.1070089564,0.2442469895,-0.3656827509
1044,-0.08365077525,-0.1047405601,0.1844773293,-0.109009333
1045,0.1233657524,0.1943792701,-0.22742185,0.04636643827
1046,-0.1301178187,0.03141128272,0.1690994054,-0.02577161416
1047,0.1233141571,0.1684982777,0.01133142691,0.2633535862
1048,-0.1012392044,-0.09709264338,-0.08679610491,0.3417360187
1049,-0.08853729814,-0.003501740517,0.08724357188,-0.1691113412
1050,-0.193293944,0.05059242249,-0.08232609928,-0.1206171513
1051,0.03359795734,-0.1861554682,-0.3006704748,-0.03566716984
1052,-0.05286536366,0.09193121642,-0.4264983833,0.06230481341
1053,-0.1432312131,0.4295313358,0.03202150762,0.1212670952
1054,-0.0646751374,0.1753451526,0.1553353518,0.02965534665
1055,-0.05177312344,-0.01593995839,-0.06911967695,0.3789744973
1056,-0.02308591828,0.01465140097,0.1495883465,0.08735483885
1057,0.206926927,-0.3321477473,-0.1728151441,0.191856876
1058,0.05574788526,-0.02709574811,-0.1979363263,0.1269928217
1059,0.2061348706,-0.442484796,-0.0770778358,0.0566758886
1060,0.2221338004,0.07417119294,-0.08424180746,0.01167073194
1061,-0.007151460275,0.04589836299,0.09599730372,0.07769306749
1062,0.00331560988,-0.1342978776,-0.04901822284,0.2790822387
1063,-0.05569211021,0.1716603339,0.725059092,0.01041132957
1064,0.3712030053,0.2405993938,0.3115701973,-0.1905406713
1065,0.2369124889,0.382540226,-0.1081551164,0.1804295927
1066,0.08363529295,0.4647395313,0.327640444,-0.1513404995
1067,0.08583349735,-0.02480570786,0.251404494,-0.05019028857
1068,-0.007314962801,0.164763689,0.3451786637,-0.252166599
1069,0.03745972365,-0.09125807136,0.1467656642,0.2167073786
1070,0.2670725882,0.1896134168,0.3492233753,-0.01399054006
1071,0.03667572513,-0.2052245736,-0.2669647336,-0.2623847425
1072,0.1892798096,0.4445095062,-0.2854856253,-0.1177768707
1073,-0.1818969846,0.08375574648,-0.08635541797,-0.2728615701
1074,0.007011286914,0.01113476045,-0.08427401632,-0.2354074568
1075,0.008048585616,-0.2567808926,-0.06866616756,0.1366654187
1076,0.2451490015,0.1312769204,0.13550511,-0.2225170881
1077,0.1564292759,0.002760105068,-0.01394113246,-0.09990532696
1078,0.1799692661,0.0843718648,0.06485699862,-0.0612863563
1079,0.2883962989,0.257850498,-0.0302924756,-0.3660128415
1080,0.03985736519,-0.2695713937,0.04266135767,0.2223376185
1081,-0.2393347025,-0.1756551415,-0.04589629918,0.04886176437
1082,-0.2229097039,-0.3550426066,-0.2990430892,-0.118254818
1083,-0.3004841506,0.3203268349,-0.1561961919,0.1774163395
1084,-0.3363049328,0.07806397974,-0.3483651876,0.08904146403
1085,-0.3401276767,-0.3549636602,-0.3563557565,-0.04684108868
1086,-0.2412290275,-0.005928198807,-0.02692494169,0.08475892991
1087,-0.05405828729,-0.002212636406,0.2157603949,0.1549881548
1088,-0.2465077043,-0.092317231,-0.1408923566,0.1325716376
1089,-0.2608323097,-0.2245974541,0.0006268156576,0.1017988697
1090,0.03605724126,0.07106850296,0.03949148953,0.3547078371
1091,0.03666773066,-0.1295871735,0.1303086877,-0.04172417521
1092,0.005547513254,-0.05165554211,-0.2733888328,0.1477507055
1093,0.02523913234,0.03055867739,0.03855337575,0.1031233966
1094,0.07466906309,-0.08475909382,-0.0584461838,0.3501614332
1095,-0.1147795096,-0.1669322997,-0.3362266719,0.106115751
1096,-0.01155250892,0.3965967,0.2092548013,-0.1041613892
1097,0.005908878986,0.2449208945,-0.0817688778,0.08507443964
1098,0.1862359643,-0.04617073759,0.1285368949,0.2523608804
1099,0.1041233167,0.2472211719,0.5094961524,0.08365570009
1100,0.1993522048,-0.09815133363,0.2196631879,-0.09710795432
1101,0.2259883136,0.02442934178,-0.03583962098,0.4363359511
1102,0.1022779867,0.02088751085,0.3003066182,0.03336233273
1103,0.05340902507,-0.1233949289,0.1204535142,0.07049808651
1104,-0.03840633109,-0.1325137913,-0.01385767385,0.1083023921
1105,0.3159217834,0.1961772889,0.4870050848,-0.2449585795
1106,0.2664517462,0.3157663345,0.05554599687,-0.4039949179
1107,0.3185828626,0.2348128706,0.1449379325,-0.03339006752
1108,0.3097684085,0.2024781108,0.4541991651,-0.1737261862
1109,0.4344815016,0.3108975291,0.1271083802,-0.1471367031
1110,0.3746678829,-0.04440641403,0.1318938136,0.003271352965
1111,0.3381712735,0.2619915307,0.2598979771,0.09279643744
1112,0.4887065291,0.3318526447,0.03722255304,-0.09492614865
1113,0.3963901103,0.3197276294,0.2086602896,-0.03851675242
1114,0.2892994583,0.08018637449,0.3585525751,-0.08164352179
1115,0.2412719131,0.09377425909,0.1111004427,-0.1065808982
1116,0.2330056578,0.02180685848,0.1384209841,0.1621563882
1117,0.01113348734,0.06250252575,-0.3794387877,0.05259147659
1118,0.07592383027,0.295158565,0.1726575196,-0.1949954331
1119,-0.1532057673,0.0133212069,-0.07062388957,0.1277498752
1120,0.01147935819,-0.04444762692,0.1151428148,-0.006088391412
1121,-0.1781605184,-0.3841814697,-0.2123948783,0.1201028153
1122,-0.0208427906,0.04739882797,-0.1537472606,0.01433614921
1123,0.06796497107,-0.2512249351,-0.077542983,-0.3843699694
1124,-0.04301704839,-0.2122217268,-0.07787415385,0.00739204511
1125,-0.197551325,-0.07057551295,0.07732597739,0.1363784075
1126,-0.1193459183,0.1361495703,0.3584397137,0.05807674676
1127,-0.0794698596,0.006374733057,0.1213656291,0.1816292256
1128,-0.07354812324,-0.2603348494,-0.1407334805,0.1256857812
1129,0.0115775438,-0.1472648233,0.1227312163,0.09182808548
1130,-0.02330799773,-0.03876404464,-0.4266343415,-0.1181703806
1131,0.01006348338,-0.08810738474,0.01430277061,-0.1693565547
1132,-0.1339034438,-0.05301228911,-0.06570803374,-0.06286074221
1133,0.1226072311,-0.01471154951,0.2035486698,-0.3641047478
1134,-0.08350310475,0.070187442,-0.09134844691,0.179905951
1135,-0.02947251499,0.2149985731,0.07447062433,0.08944328874
1136,-0.001536927186,-0.112152867,0.2016215473,-0.09556844831
1137,0.2308856398,-0.3048642576,-0.1193021387,-0.1334096491
1138,-0.2035359591,-0.0176824946,-0.1026226953,-0.1973949373
1139,0.08355234563,-0.04562465847,0.229508996,-0.3287718296
1140,-0.002878075931,0.08721660078,-0.04340105876,0.6337460876
1141,-0.03591775894,0.04927469045,0.1807134897,-0.2959147394
1142,0.2424680442,0.279237628,0.2716653049,0.1121836379
1143,0.3031355739,0.1689110696,-0.3090929091,-0.06849513203
1144,0.1515749544,0.05073246732,-0.02938962914,0.074589625
1145,0.1612347811,0.08050660044,0.334038347,0.3597572446
1146,0.1891992837,0.1668577641,0.2360254228,0.02374772355
1147,0.2601569295,0.05324533582,-0.06818574667,0.01576958038
1148,0.412558049,0.3525440991,0.1316124201,0.2638322115
1149,0.2789966464,0.06974847615,-0.102752924,-0.3569820821
1150,0.3853903711,0.494553864,0.1480729878,0.2525438666
1151,0.2986740172,0.3553363383,0.1299146116,-0.2890270054
1152,0.2382710427,0.2378336489,0.1667621583,0.1495783925
1153,0.2416629046,-0.005743801128,0.145768553,0.3516359329
1154,-0.002333892277,0.2197066694,-0.07615416497,-0.121412687
1155,-0.03107284009,0.03100253083,-0.04179941863,0.2474275231
1156,0.05199401081,0.1732944101,-0.03653737903,0.07023236156
1157,0.18062374,0.1184158474,0.02796345949,-0.1048822179
1158,-0.09999467432,0.1268359125,-0.0383268781,0.09424749762
1159,-0.08058479428,-0.01042428147,0.06743905693,-0.1592344791
1160,0.05553879961,0.01409443188,0.3024596572,0.001255337731
1161,0.1457268447,-0.1444803625,-0.3173269928,0.20765239
1162,0.0132503286,-0.2037955225,-0.4464046061,0.3659224212
1163,-0.02592904866,-0.01885304041,-0.1120612919,0.1413356066
1164,-0.3384045959,-0.1080013365,0.0560467653,-0.2940146327
1165,-0.2042048723,-0.2696710527,-0.3259800076,-0.3348175287
1166,-0.09729898721,-0.1114031002,0.03809700906,0.3176515996
1167,-0.02871211618,-0.2103723437,-0.2406954169,0.03327905759
1168,-0.07392720878,0.3970515132,-0.2679451406,-0.3045456111
1169,-0.1667927653,-0.1037779227,0.01254917774,-0.05695096403
1170,-0.2503513396,0.1410323679,0.03293457627,-0.1694341302
1171,-0.131182,-0.2433486879,-0.01449240278,0.4525523484
1172,-0.06170443073,-0.1261137128,0.1511142105,-0.1331806034
1173,-0.05921248719,0.0790823102,0.1369164735,-0.4590922892
1174,-0.1465048492,0.03104875982,-0.08010444045,-0.216669634
1175,-0.2356032729,0.1889006793,-0.4062177539,0.1535199881
1176,-0.1413929909,0.07602346689,-0.1547662914,-0.2775608897
1177,-0.1621402502,-0.1167196035,0.1515558958,0.07771336287
1178,0.08602558821,-0.2557563782,0.2691071332,-0.0844674781
1179,0.2345058322,0.1549210101,0.3309232593,-0.1791062206
1180,0.1061197147,0.002147859894,-0.09413007647,0.07554738969
1181,0.06099725142,0.08885845542,-0.1061216816,-0.2118277401
1182,-0.1867387742,-0.1718587577,-0.00136448699,-0.1635898203
1183,-0.1061025783,0.1316878647,0.2432774752,0.0224388428
1184,-0.01318223123,-0.02524337918,-0.1452277452,-0.2547808588
1185,-0.04559709504,0.02235730924,-0.2265707105,-0.0196504537
1186,-0.08628398925,0.02436221763,-0.05460228026,0.02656187117
1187,0.07004437596,-0.007381175179,0.1305683255,-0.2900442481
1188,-0.06319707632,0.07247166336,0.1782701612,0.0989709273
1189,-0.153785184,-0.1353799403,-0.1160804629,-0.4006548822
1190,-0.2562391162,-0.3478737473,-0.1152208447,-0.1349548995
1191,-0.1915943027,0.002236213535,-0.0417660065,0.05430918559
1192,-0.09822753072,-0.07341357321,0.09338127077,0.05639835075
1193,-0.1420719177,-0.3346441388,-0.2164814919,0.2694983184
1194,0.07214231789,-0.4351059496,-0.03122376278,0.1762426347
1195,-0.1408634931,-0.3058792353,-0.2085413486,-0.1694171578
1196,-0.02762616985,-0.344391048,0.1783744395,0.08707967401
1197,-0.1220402345,-0.04746194184,-0.2559888661,-0.01639598608
1198,-0.2013253868,-0.1730733216,-0.1465861499,0.03664636984
1199,0.04656620324,-0.1063644364,0.1587400585,0.1158520505
1200,0.1908577085,-0.513661921,-0.2552084625,0.1659983397
1201,-0.08398059756,-0.1025390401,-0.1674687713,-0.1219336763
1202,-0.1297815591,-0.1794310063,-0.2034104615,0.4642749429
1203,-0.1714135557,-0.02182593197,-0.1981864423,0.3218825459
1204,-0.2477867156,-0.0974695757,-0.2364284545,-0.06512895226
1205,-0.2056643218,0.2611023784,-0.3090625405,-0.1817020327
1206,-0.2344973385,0.1102258042,0.02718063816,-0.4249007702
1207,-0.1401838958,-0.260122925,0.1420236826,-0.3076145947
1208,-0.3739018738,-0.09337992966,0.3008635044,-0.04131181538
1209,0.01226765662,-0.2122832239,0.07471451163,-0.1597069949
1210,-0.1898635179,-0.1860717982,-0.1603404582,0.1302556247
1211,-0.2030782998,-0.4095676839,0.165532738,-0.4401046038
1212,-0.2565862834,-0.05367491767,-0.0984043926,0.06968018413
1213,-0.009080420248,-0.2174673676,0.08151701093,-0.1542833745
1214,-0.105449304,-0.1385513693,-0.2430152297,0.2694422901
1215,-0.01717065834,-0.1179975495,-0.2394089103,-0.1383097917
1216,-0.09888063371,0.1837535948,-0.001299828175,-0.1395025551
1217,0.01108784787,0.1071561053,0.007853914984,0.1686552614
1218,-0.1586546004,-0.0765144676,-0.03835766017,0.01611177064
1219,0.003839872545,-0.1312957257,0.1201408133,-0.007495488971
1220,-0.02218898199,-0.2051284164,-0.02402253821,0.3520844281
1221,0.07250923663,-0.2003787309,-0.183769092,0.1007524803
1222,-0.1466262788,0.007676954847,-0.1530590951,0.03367094323
1223,-0.1931498498,-0.02583004534,-0.1319102049,0.004511907697
1224,-0.07209813595,-0.1408890337,-0.07627923787,0.05734964833
1225,-0.1208296642,-0.2423010021,-0.1395706236,-0.05998879299
1226,0.2735415697,0.1913973093,0.2183191627,0.08792358637
1227,0.07756282389,0.04087036476,0.1295757145,0.1261121482
1228,-0.02322868071,0.1375558078,-0.01383356005,0.1581416726
1229,0.2426021397,-0.0009378868272,0.08654379845,-0.06095084175
1230,0.2654123604,0.2951713204,0.4980192482,0.3311680555
1231,0.2971172035,0.05316599458,0.291567564,0.3268060684
1232,0.4096472263,0.3799589276,0.1585969329,0.2078292072
1233,0.4592679441,0.3042428493,1.096489359e-05,-0.2902031839
1234,0.4908316135,0.001932791667,-0.02869307064,0.01744357683
1235,0.3911266923,-0.1064156666,-0.1068820581,0.2679961324
1236,0.3525741994,0.2868167162,0.09267368913,0.271869272
1237,0.3930915892,0.4066057801,0.3565988541,0.1003522053
1238,0.2944376767,0.1104569286,-0.2358201295,0.3786324859
1239,0.3995555043,0.3192000985,0.03467742726,0.2772884071
1240,0.2214870751,0.3607967496,0.01646157913,0.2999080122
1241,0.3367340267,0.2901163697,0.1135597676,0.3206600547
1242,0.2817242146,-0.01311609335,0.2175945342,-0.03470630571
1243,0.3198098242,0.2472296953,0.2990888953,-0.09218405187
1244,0.4687651396,0.09788513929,0.1739085764,0.1775894016
1245,0.2660937607,0.2038463354,-0.2034039497,0.1816359609
1246,0.3070108593,0.205604732,0.4668709338,0.2957248986
1247,0.2866486609,0.02532483824,0.5354385376,-0.1267105341
1248,0.06550085545,0.05076700822,0.3171985745,0.01071533654
1249,0.1679201126,0.04663389549,0.3614955842,-0.001557344571
1250,0.09626272321,0.2095929086,-0.07455378771,-0.1920658797
1251,-0.08921264857,-0.1661028415,0.1259715855,-0.0475342162
1252,0.3146299124,-0.1984762847,0.1544865966,-0.1618942916
1253,0.1033125669,-0.1684462726,-0.3331905305,-0.02828256413
1254,0.1860857904,-0.1955762058,-0.1389348805,0.1802629828
1255,0.1876127124,0.2877410054,-0.02057592385,0.08972588927
1256,0.2815020978,0.2848518789,0.01058652624,-0.2929556072
1257,0.02487013675,0.06607879698,-0.2997373939,0.2399137765
1258,0.1277550161,0.06238303334,0.03365553543,-0.1841267198
1259,-0.1073803231,-0.03393109888,-0.2434172481,-0.1266599894
1260,0.2191438228,0.3529559374,0.4342530966,-0.1233387515
1261,-0.20921731,0.005194425117,0.02104013786,-0.009772871621
1262,0.1523908675,0.05589785054,0.2252432257,0.02019430697
1263,0.1482434124,0.03791701049,0.3302029967,0.0175029356
1264,0.168357119,0.2157809883,0.08024496585,-0.4002239108
1265,0.1122765169,-0.2103351951,-0.2309330255,-0.1403720528
1266,0.1382337958,0.05587570369,-0.2159918398,0.1210355163
1267,0.0968150571,0.05068226159,-0.009484812617,-0.3241203725
1268,0.1657674164,0.1084145084,-0.05261513963,-0.1103977785
1269,0.1366063356,0.2465258837,0.03974039108,0.1302781403
1270,0.3124598861,-0.08303218335,0.04971561581,0.01193671022
1271,0.4341385663,0.1095810756,0.3642340004,0.03938413039
1272,0.3537585437,0.1391919851,0.1370307356,0.1052985564
1273,-0.2428480089,0.1270998269,-0.09506746382,0.14858374
1274,-0.2438684851,0.1580528021,-0.1022671908,0.1303206831
1275,-0.250970155,-0.15043962,-0.06385674328,-0.1649836898
1276,-0.08631569147,-0.2129509747,0.4908653498,0.02536971495
1277,-0.1456599832,-0.006491131615,-0.04680189118,0.2852140963
1278,-0.1129655316,-0.2921535373,0.01179238223,-0.1828091741
1279,0.08394507319,0.1696709841,0.2782665789,-0.1621786803
1280,0.01995732076,-0.06542626768,-0.2256597281,0.08864023536
1281,0.07660025358,0.2440933436,-0.01694467664,0.06110644713
1282,0.04113806039,-0.08456282318,0.1579800844,0.5194610953
1283,0.1329940557,0.3949427605,0.3093548417,-0.07128310204
1284,0.08172053844,0.166047588,-0.1744483411,0.05299949273
1285,0.06739320606,0.2952437401,-0.1468862295,-0.02737658657
1286,0.1054194421,0.03380987793,-0.219565019,0.03981293738
1287,0.1833728999,-0.04716543853,0.1546820253,-0.006832751445
1288,0.001560664037,0.1885652989,0.2419190705,0.3239697516
1289,0.1341552734,0.0277289208,-0.08936053514,-0.2143100351
1290,-0.003344591474,-0.04463494569,-0.04366603494,0.4065297842
1291,0.06383412331,0.06525349617,-0.08128408343,0.02290029265
1292,0.06308894604,0.1666629314,0.165204376,0.05026013032
1293,0.1662649363,0.1936894208,0.2724047899,0.0635406822
1294,0.2896673977,0.1984217316,0.1993781775,-0.02325123176
1295,0.1165388003,-0.04617305472,0.08664662391,0.1298001111
1296,0.3141356409,0.05592782795,-0.05134966969,-0.09652878344
1297,0.06216499954,0.2800873518,0.1056056395,-0.07427558303
1298,0.5415061712,0.5202409625,0.4564748406,-0.1369353831
1299,0.2500218451,0.2294133753,0.291003406,-0.2654431164
1300,0.4146173298,0.2641918957,0.1177723482,-0.1737875342
1301,0.3650528193,0.2289050519,0.4434535205,0.03400108218
1302,0.4668678343,0.1605427712,0.3820145726,-0.1631090343
1303,0.2542512715,0.02319333144,0.06437798589,-0.2269723713
1304,0.1439163834,0.1957019269,0.2300472856,-0.239321813
1305,0.06280738115,0.1548120826,0.09105826914,0.03582485765
1306,0.1045633927,-0.2066364586,-0.01919402368,0.2229608297
1307,0.3251533806,0.07858856767,0.2453233302,-0.1438906491
1308,0.2497843802,0.160581097,0.05492573977,-0.2801144123
1309,0.128412351,0.06279217452,0.07587493211,0.06487860531
1310,0.1329995245,0.1433102638,0.2278463989,-0.1149404198
1311,0.2492052168,-0.0767108649,0.09015589952,-0.2434565425
1312,0.1669926792,-0.1633455604,-0.2798518836,0.3222508729
1313,0.1938771904,0.2056746185,0.238017112,0.2578133047
1314,0.1625137329,0.5007695556,0.3339510858,-0.3658306003
1315,0.1928424984,0.1953764558,0.1261416227,-0.04034288973
1316,0.09120909125,-0.1175345629,-0.2352452874,0.0589982383
1317,0.1349626333,-0.02618543245,0.3973694146,-0.225449726
1318,0.2264748514,0.2185766995,0.1362921894,0.04861258343
1319,0.1104239449,0.3034745157,0.07194979489,-0.02579974197
1320,-0.03947515413,0.1354116946,0.2969490588,-0.2516528368
1321,0.0935203135,-0.1923717409,0.03221357986,0.2967927456
1322,0.05012872815,0.01086697448,0.01547529921,0.03352991864
1323,0.1979960054,0.1658974737,0.4852666855,-0.1973197311
1324,0.1495300382,0.07503900677,-0.1183888987,-0.1156794727
1325,0.2064209431,0.1220945492,-0.1722255498,-0.05075490102
1326,0.1326730251,-0.09377928823,0.09353298694,-0.01193102635
1327,0.06650138646,-0.02852392755,0.2171683311,-0.2254433036
1328,0.3010056913,0.01309056301,0.07390078902,0.2517519593
1329,0.2942667007,0.2752263844,0.4108484983,0.1609983146
1330,0.2505902946,0.2188292146,0.1702777892,-0.0842166245
1331,0.2995488942,-0.101109162,-0.1951417327,0.1705273092
1332,-0.1437719166,0.1283678114,-0.3484119773,0.1185404733
1333,-0.1062879786,-0.1096281707,-0.2151810527,0.06785619259
1334,0.08497533202,-0.1383669525,-0.1253448576,0.3790946007
1335,0.04009833932,0.2091927081,-0.1086285561,-0.009230718948
1336,0.02362499386,-0.2278820425,-0.08685447276,0.3592085242
1337,-0.04634035006,0.08845543116,-0.09955246001,0.1541511416
1338,-0.2590206265,-0.07334241271,-0.1433569342,-0.09163510799
1339,0.08558512479,-0.1702461839,-0.3083886206,0.1358357221
1340,0.1198601946,-0.04510547221,-0.3468394876,0.2885589898
1341,-0.0930712074,0.125754714,0.0314415507,0.3179044127
1342,0.06628875434,0.02973726951,-0.2297701389,0.1773957908
1343,-0.4081250131,-0.07544175535,-0.06728533655,0.3597331643
1344,-0.241571784,0.004895278718,0.1212706491,0.2696651816
1345,-0.2248364687,-0.05524206161,0.02529961802,-0.07389385998
1346,-0.06935656071,0.2502472401,-0.09614274651,0.09490150958
1347,-0.1309464425,0.1708294153,-0.1371013671,-0.1143158525
1348,0.0294230748,-0.003956492059,0.2041904479,-0.3001955748
1349,-0.1217137575,-0.1877139807,-0.3628419638,0.2294238359
1350,0.03048369102,-0.354794234,0.109443821,0.07012157142
1351,-0.03224566206,-0.02537057735,0.5048917532,-0.335041523
1352,0.08262166381,0.1589891315,-0.08568204939,0.02669654973
1353,-0.1813993007,0.2607656121,-0.2601976395,-0.05137472227
1354,-0.1143696755,0.3041644692,0.1017228663,-0.3880139887
1355,-0.136242941,0.0355575569,-0.009608532302,-0.01524537057
1356,-0.2796236873,0.08839891106,0.2394208759,0.003809744492
1357,0.06551086903,0.1194510609,-0.01425609179,-0.1886948347
1358,0.04769182578,-0.06055233628,0.1009547636,-0.06515297294
1359,0.1099651605,-0.03978911042,-0.3154882491,-0.004136756063
1360,-0.08850128204,-0.09889629483,0.01225736365,-0.08834829181
1361,-0.07020602375,0.03263153881,-0.1783359945,-0.1954203099
1362,-0.2291617692,0.05889602378,-0.1018668562,0.152951479
1363,-0.1032447964,0.05142522231,0.1075033098,-0.2557629347
1364,-0.1719635874,-0.06556475908,-0.08357749134,-0.2036178708
1365,0.06013870612,-0.1915337145,0.07940878719,0.03484055027
1366,0.03999713808,0.01766552404,0.07984202355,0.02048327215
1367,0.03122886084,-0.02535655908,-0.253926307,-0.03183029965
1368,-0.001595504466,0.2635756135,-0.1617006958,-0.05798309296
1369,0.2312026024,0.3829133213,0.1108408049,-0.3984661698
1370,0.2965700924,0.06202029064,0.07330058515,0.3683557212
1371,0.250439167,-0.08020147681,0.4030213058,0.04100045189
1372,0.03190830722,-0.1276531667,-0.242127344,0.2816591859
1373,0.254650712,-0.02946646139,-0.01723300293,-0.3169591129
1374,0.0980424881,0.0560932979,-0.1010531783,0.01263283379
1375,0.2206236273,0.2497727126,0.0522621572,0.02620085515
1376,0.09784751385,-0.3223020732,-0.1926909536,0.1636310369
1377,0.1066859514,0.2055873722,0.2610411942,0.1154990569
1378,0.08471816033,-0.05766676366,-0.04039393738,0.2294251323
1379,0.02346296422,-0.2300138175,0.01342338137,-0.1902763098
1380,0.2568160594,0.08171885461,0.1025713161,0.3197069466
1381,0.06752502918,-0.07765430212,-0.2102813721,-0.0585719347
1382,0.2712622285,0.2364182472,0.1733128875,0.04190039262
1383,0.1027509496,0.09492302686,-0.07185901701,0.1243603006
1384,0.07869652659,0.05903367326,0.2275317907,0.004863938317
1385,0.1641034335,0.1378028691,0.2101183981,0.334920615
1386,0.1039679646,0.159273386,-0.008000879548,-0.0665544197
1387,-0.2594644129,0.04229662195,0.1621403545,-0.3154771328
1388,0.15961124,-0.1104435548,0.1011571959,0.01772531122
1389,-0.06356643885,0.2051208913,0.07482555509,0.05933815613
1390,0.1052167714,0.2773066759,-0.1534282565,-0.169496417
1391,0.02995658852,0.1372249424,-0.02231534757,0.3731872737
1392,-0.2520421147,0.03385006636,0.1157567874,0.05584713072
1393,0.1730690449,0.1107901931,-0.09944904596,0.1565202326
1394,0.05737378448,0.2944049239,-0.09591130912,-0.1722540706
1395,0.02775838412,0.1811309159,-0.06204713881,-0.2643483281
1396,-0.01279842947,0.01300055627,-0.1761927605,0.1443838179
1397,-0.007900903933,0.2848117054,0.01171840169,-0.388207674
1398,0.06582483649,0.03066312335,0.07313537598,0.42398265
1399,0.1105312929,0.2497442514,0.3251283467,0.02823571302
1400,0.2444091737,0.2017964572,0.2896453738,-0.02646362409
1401,0.2866137028,0.0717080459,0.4091435075,0.09143188596
1402,0.1634559184,-0.02106120065,0.06488084048,-0.07223864645
1403,0.405238539,0.1478360891,0.442096144,-0.2755276263
1404,0.249873668,0.3441004157,0.1500655562,-0.1678333133
1405,0.1587789059,-0.03104775213,0.2631391287,-0.438822031
1406,0.4491399229,0.08908923715,0.1564263552,-0.09516845644
1407,0.1279495507,-0.1575872451,-0.01210361253,0.2812147141
1408,0.1994841546,-0.09590215981,0.07044037431,-0.173662439
1409,0.1280104667,-0.02361891977,0.05722196028,-0.0515707396
1410,0.2815940976,0.1987801641,0.1945685148,-0.09876831621
1411,0.171477735,-0.07636266202,-0.03655863553,0.08324547857
1412,0.08640230447,0.08588476479,-0.05997744948,0.1162939966
1413,0.2206125855,0.09995441884,0.1386531293,0.08071541041
1414,0.2374252528,0.1909639239,0.2330053747,0.2196755111
1415,-0.2077999264,-0.08885602653,-0.1017734483,0.3029024303
1416,0.2454189807,-0.1430072188,-0.06792765111,-0.1620052904
1417,-0.1689340323,-0.1091500297,0.06167148054,0.3944787383
1418,0.09242960066,-0.1799873114,-0.1850197464,0.0566175878
1419,0.1354555488,-0.09918946028,0.284322679,0.03741298616
1420,0.2131967992,0.1256456673,0.1234172434,0.07391703129
1421,0.1419749707,-0.1135375276,0.1693791449,-0.1504923552
1422,0.07947096974,0.1702089459,-0.03462171182,0.06991735846
1423,0.04144570231,0.2182959616,0.4365969896,-0.03553418815
1424,-0.01730679162,-0.2811128497,0.06450454146,0.0169826299
1425,0.0009490682278,0.002631964628,-0.09578666836,0.04942609742
1426,-0.03837772086,-0.3824302256,-0.266320318,-0.1967490911
1427,-0.08075875044,0.02661478147,0.1998953819,-0.08936666697
1428,0.04236344621,-0.1193607226,-0.06514001638,0.1205411851
1429,-0.06226142123,0.1565225124,-0.3213447332,-0.1050820276
1430,-0.02676936984,0.08549816161,0.2716349661,-0.1546248943
1431,-0.01404365804,-0.103647463,0.103400521,0.01018624473
1432,0.1233812347,-0.1960676461,-0.3624444604,0.05539976805
1433,0.04123560339,-0.02290466055,-0.1503572762,0.3605380356
1434,-0.02453542314,0.01065990515,0.1310994178,0.001267896034
1435,0.0456308201,0.08336080611,-0.0815083757,0.2754584849
1436,0.09172070771,0.4253907502,-0.03240941837,-0.09538739175
1437,0.06863873452,0.2468721271,-0.1040049568,-0.5386530757
1438,-0.01054692641,-0.0671068877,0.08599682152,0.2269431353
1439,0.125147,0.168221876,0.1543435007,-0.4123167992
1440,-0.1838482767,0.08003721386,0.4062345922,-0.01152883284
1441,0.1719258875,0.3364010155,0.3242586553,-0.1858640164
1442,-0.03660910949,-0.06820201129,-0.2169576138,0.07573395222
1443,-0.1014879122,0.001496127457,-0.1292181462,0.01579863578
1444,-0.1838093102,0.03444432095,-0.01566962712,0.01919210143
1445,-0.004280953668,0.2190956324,-0.08389875293,-0.2561839223
1446,-0.2883883119,-0.000608261209,-0.06930182874,-0.09868317097
1447,-0.2256164551,0.08748587966,-0.3262729049,0.00880767405
1448,-0.164160639,0.02060176246,-0.01863030344,-0.02087330446
1449,-0.1599106193,-0.2802518606,-0.1857774109,0.05998837203
1450,-0.5669057369,-0.1295093596,-0.2171385586,0.008327477612
1451,-0.2003593743,-0.05543725938,0.0712615326,-0.134564206
1452,-0.1029570624,-0.02535208873,-0.1637597531,0.1090894938
1453,-0.0842827186,-0.02803584747,-0.22425583,-0.07909992337
1454,-0.2301775515,-0.08430880308,0.04441347346,0.2731823027
1455,-0.3526027799,-0.237537995,-0.1789509505,-0.05949139968
1456,-0.3107632995,0.01477084961,-0.2755352557,-0.006166812498
1457,-0.310870409,0.1566598415,-0.1031344533,-0.1146285534
1458,-0.2462809682,-0.07671557367,-0.1713702381,-0.007727268618
1459,-0.2482231557,0.04232461005,0.05439812317,0.3146700859
1460,-0.2616888881,-0.2613136768,0.2110654265,0.2687194049
1461,-0.2856951654,-0.07138737291,0.1760482788,-0.1493252367
1462,-0.2219213992,-0.3558579385,-0.5462898016,-0.1871544272
1463,-0.1427994072,-0.3990260065,-0.2253560424,0.1316831559
1464,-0.120587714,0.04483200982,0.1935382485,-0.2771113217
1465,-0.1678352356,-0.1801588833,0.3378154635,-0.1811865717
1466,-0.3375695348,-0.4342502058,0.09495452791,-0.3119916916
1467,-0.3428423405,-0.1856819838,-0.3369391263,-0.207790494
1468,-0.3269380629,-0.1174200475,-0.01470032986,0.02960331738
1469,0.001953749917,0.06427334994,-0.2314845473,0.01373720262
1470,-0.1257921606,0.001263516722,-0.1869526953,-0.1914361566
1471,-0.2270646691,0.06374179572,-0.09380581975,-0.01425673626
1472,-0.06013520434,-0.1933322102,-0.04935926944,0.3478904963
1473,-0.1567477137,-0.2912275195,-0.07597254217,0.2085345089
1474,0.05587146059,0.1302295476,-0.06796406955,0.0454386659
1475,-0.262885958,0.1605985612,0.1340188384,0.02095634677
1476,-0.1004467085,0.2601256073,0.09811029583,-0.1907568574
1477,0.04720911384,-0.3694543839,-0.1744037122,0.01863438264
1478,0.2546170652,0.1293245703,-0.09756913781,-0.216182664
1479,0.003365859156,0.002935753437,0.0241397284,0.588563621
1480,0.1704523414,0.06668295711,0.3800680637,0.07361714542
1481,0.07428431511,0.1984653622,0.2091667652,-0.09648409486
1482,0.1213829517,0.2439680547,-0.2790476084,0.1564426273
1483,0.1471704543,0.2865358889,0.04904747382,-0.1940596402
1484,0.2418656945,0.3189995289,0.1196740717,-0.2449834198
1485,0.1419923306,-0.137376368,-0.03663237765,0.2140732855
1486,0.1446242183,-0.0121594565,0.366596967,0.05828227475
1487,0.2412084341,0.1883237064,0.3950917721,0.1907022148
1488,0.3801197112,0.02327828854,0.2355256826,-0.01381127164
1489,0.4414221048,0.436529994,0.2198361456,0.08737044781
1490,0.3705590069,0.2356882542,0.4160372317,-0.2762334943
1491,0.3557759821,0.2689723372,-0.1163759232,0.1903248429
1492,0.347976625,0.1939476877,0.0884963721,0.1372001767
1493,0.3587880731,0.3082963824,0.2687681913,-0.2131170183
1494,0.2131785899,-0.06792324036,0.09981606901,0.04944254458
1495,0.463871032,0.06729348004,0.2411550432,-0.1613399237
1496,0.2812917531,-0.1289426088,0.5708040595,-0.06107499823
1497,0.3962202668,-0.01327480469,-0.1605886668,0.01863593608
1498,0.407651335,0.2655714452,-0.1840319037,0.5600256324
1499,0.3031722605,0.4285732508,0.1982935965,-0.2859133184
1500,0.5846688151,0.2148592025,0.03153784946,-0.1469194293
1501,0.3451242745,0.285243541,-0.007678821683,0.01267963741
1502,0.4895642102,0.1885647774,0.174369216,0.2648998201
1503,0.5037705302,0.1328983158,0.5920174122,-0.03506226838
1504,0.413529247,0.2500113249,0.1916085631,0.233611241
1505,0.5428693891,0.386814177,0.05984950066,-0.395580709
1506,0.4481535554,0.2291959077,0.1477399617,-0.1555438787
1507,0.5190002918,0.442040801,0.1063931063,0.1446350813
1508,0.582965076,0.3839724958,0.1469009221,-0.03184371069
1509,0.5983626246,0.2812910974,0.3946414888,0.1276955009
1510,0.3304795027,0.3720839918,0.2767300308,0.02273474447
1511,0.4815469682,0.1018244624,0.04462777823,0.02480740845
1512,0.4242988229,0.03710051998,0.206612438,0.03616039827
1513,0.6091127992,0.4919370413,0.1100607738,-0.5083275437
1514,0.6422347426,0.4024908543,-0.07220202684,0.3321470618
1515,0.5511857867,0.4919182062,0.05057407543,0.08733512461
1516,0.4852450192,0.1426294744,0.1545723379,0.01179384626
1517,0.4567204118,0.3931636214,0.09530298412,0.3898169696
1518,0.3403792977,0.1993858963,-0.03605066985,0.2077197134
1519,0.07551456243,0.1700140238,0.05219866708,0.208860755
1520,0.2256176323,-0.09924320132,0.2052136362,0.2649094462
1521,0.306443423,0.2473884821,-0.1784560978,-0.05653987452
1522,0.3179352283,0.1294201761,0.1260182261,0.03035352007
1523,0.1711820364,0.2340347916,0.3026516736,-0.03095152415
1524,0.3730962276,0.06843462586,0.1854626238,0.05976561829
1525,0.2185735404,-0.0371735841,0.1796056777,0.0597150363
1526,0.3202283382,-0.05093174055,-0.03122135438,0.153377071
1527,0.08265703917,0.02424186282,-0.1942337304,0.2622888982
1528,0.197717905,-0.2260635197,-0.1912181973,0.4954547286
1529,0.06179458648,-0.02648212388,-0.2608642876,0.4880834222
1530,0.2094338089,0.1321857274,0.1276542842,0.2650754154
1531,0.1300287992,0.3213593662,0.04417937621,0.1798844784
1532,0.06478846818,0.04214198887,0.207324028,-0.2224406898
1533,0.1135800406,0.1401114017,0.4864127338,0.05598964542
1534,0.02111642063,-0.3441886902,-0.1134363189,0.150829792
1535,0.1808858216,-0.002184123266,-0.09884455055,0.1149522066
1536,0.1066952944,0.1833352298,0.2986207902,0.1586256623
1537,-0.04632962495,0.3046278954,0.3756537139,-0.1913781315
1538,0.01597006619,0.008589855395,0.08760529757,0.1274040639
1539,0.2064201832,0.04746466875,0.3148527145,0.1136644855
1540,0.01454800181,-0.03742410243,0.09565726668,-0.3196485043
1541,0.28357777,0.2857101858,0.288084656,-0.421286881
1542,0.3469352126,0.3885710537,0.005862688646,-0.2871459424
1543,0.3779604137,0.3983196318,0.1262483597,-0.3944536746
1544,0.2985885143,0.2949740887,0.3471966684,0.1043953747
1545,0.5463466048,0.2064079195,0.5132687688,-0.03034857661
1546,0.4003685415,0.4260167778,0.3695006371,-0.1029957086
1547,0.396476388,0.4105925262,0.04703144357,-0.09056669474
1548,0.3312392533,0.2383832484,-0.01149575599,0.01100592222
1549,0.267518878,0.4339591265,-0.06303428859,-0.2424909621
1550,-0.1122415662,-0.3213901818,-0.3929690421,-0.1950825155
1551,-0.2069619298,-0.3374901116,-0.1629097462,-0.1210213825
1552,0.05942289159,0.07024011761,-0.005820563063,0.1528645605
1553,-0.06943034381,0.1273172945,0.09385257214,0.05325444043
1554,-0.06258555502,0.05999602005,0.02900217474,0.1048523039
1555,-0.1877930015,-0.04096214473,-0.02047158219,-0.0639738813
1556,-0.01691905968,-0.05249962583,0.1896883249,0.008344886824
1557,-0.05411409214,-0.2706994414,-0.1095765829,0.1558645666
1558,0.04196399823,0.07619372755,-0.1277171373,-0.1562384367
1559,-0.210439831,-0.1229028627,-0.1437062174,-0.1652191877
1560,-0.07608566433,0.1900343448,-0.06524409354,0.01208847389
1561,-0.01909252256,0.3990135491,0.3370914757,-0.1350188106
1562,0.3749732673,0.09674279392,0.3558717966,0.3213628829
1563,0.2313534617,0.2833833694,-0.1211281121,0.02715160884
1564,0.1869487017,0.3775704205,0.3865393996,0.3536111116
1565,0.3111630976,0.3042646945,0.2211861014,0.06114361435
1566,0.3216378987,0.1131042168,0.2947558463,0.02328862436
1567,0.3545907736,0.2237406671,0.34752056,0.3711003959
1568,0.3154625297,0.1080881059,0.260359019,-0.1206935421
1569,0.4452028871,0.07203933597,0.3334617317,-0.1997692287
1570,0.2795474231,0.05912813544,0.1089149714,-0.2501394749
1571,0.4917572141,0.2427350581,0.2844488025,-0.4786536694
1572,0.3021377325,0.4336614907,0.0731510222,0.06942553818
1573,0.3391708434,0.3204172254,0.2278207242,-0.02665749192
1574,0.3102117181,0.2888074517,0.3209609985,0.1037322506
1575,0.5110678077,0.2275983244,0.3456320465,-0.0337584801
1576,0.3484368622,0.2667576671,0.1010342762,0.03303546831
1577,0.2658167779,0.1261069626,-0.08869042993,0.1095193326
1578,0.3428482115,-0.05944468081,0.3463317454,0.4938880801
1579,0.4906222522,0.03985103592,0.288204968,0.1201581061
1580,0.248081997,0.02572319098,0.01368096005,0.06980984658
1581,0.2314203084,-0.02260523103,-0.1846921146,0.2914063334
1582,0.1097712442,0.2132084668,0.09635985643,0.3776301444
1583,0.07931876928,0.2189935297,0.337659955,-0.1914267689
1584,0.1503923088,0.2355778664,0.1623575687,-0.07420922816
1585,0.08770146966,0.202731356,-0.03671296686,0.0255196169
1586,0.2397002876,0.3427098095,0.2957907021,0.1839459836
1587,0.05101909861,0.1960796863,-0.01285745203,0.4657905698
1588,-0.3138197958,-0.1959972829,0.05040358752,0.05251436308
1589,-0.02513756603,-0.07049541175,0.4182680845,-0.05337841064
1590,0.1642293483,0.1210044399,0.02435493097,0.1022145301
1591,-0.03256729618,-0.1236520782,-0.3196223676,0.01763878576
1592,-0.1655646414,-0.003609027946,-0.1193734333,-0.6721482873
1593,-0.2866886854,0.2229690254,0.1837565154,-0.2620944977
1594,-0.2390320301,0.1533106267,-0.0778298974,-0.3005067408
1595,-0.1942422241,-0.1412335783,-0.3252895772,-0.1088656709
1596,-0.1287468672,-0.3313433826,0.01458015107,0.01284218673
1597,-0.1601948887,-0.2029126287,-0.1481135488,-0.09211958945
1598,-0.02672750875,-0.262482971,0.05282819271,0.05352856964
1599,-0.1054643393,0.06415810436,-0.02945371717,-0.1482575387
1600,-0.1655361205,-0.2512025833,-0.2379924059,-0.1394058168
1601,-0.3511853218,-0.1179783791,-0.2072047889,0.137375772
1602,-0.2551161945,0.1364446431,0.06889013201,-0.03625715896
1603,-0.1161020398,0.06778308749,-0.02431477979,-0.3792322278
1604,-0.138999477,-0.2656840682,-0.2602286935,0.2913998067
1605,-0.159931317,0.3107939363,-0.4125542939,-0.1553174257
1606,-0.2612692416,0.3860388696,0.138466835,-0.1325376332
1607,-0.05449852347,-0.137828365,-0.08568612486,0.4616921842
1608,-0.01007585879,-0.0111841904,-0.03855582327,0.1112933978
1609,-0.03901163489,-0.09242957085,0.08079484105,0.1707174629
1610,0.02199519612,-0.2364419401,-0.2977888882,0.178282544
1611,0.05599063262,-0.02270971239,-0.1262671053,-0.1948575824
1612,-0.1270956844,-0.4549736977,0.0366977416,0.08894404769
1613,0.002994606271,0.2298088819,0.3329180479,-0.02157346904
1614,0.05710358545,-0.0396618098,-0.06547607481,0.09307353199
1615,0.1402763128,0.2904856801,-0.2738328874,0.4210923016
1616,0.1928605288,0.2945501506,0.11208722,0.09485405684
1617,0.4022213519,0.03515714407,0.1553910524,0.1513257027
1618,0.2432343066,0.2454746366,-0.05791974068,0.2311521322
1619,0.08364544809,0.2277448922,0.3011174798,-0.2789221108
1620,0.2148054242,0.2354640663,0.2043817192,0.08482753485
1621,0.2046485096,0.009496774524,-0.1459193528,-0.03651653975
1622,0.1828506887,0.08835644275,0.1045477912,-0.0759306252
1623,0.1447597295,0.03702419251,-0.1503364295,0.07858543843
1624,0.1662726402,0.2553305328,0.1789176464,-0.1721538007
1625,0.1222071648,0.2815303504,0.08502484858,0.3807058632
1626,0.1667059213,0.06973964721,0.3067006469,-0.2274934649
1627,0.009611916728,-0.002015965292,-0.2912283242,0.1495021582
1628,0.1823944747,-0.03663294017,-0.3384136856,-0.04723066464
1629,-0.04261852056,0.1008012965,0.02172635123,0.136173293
1630,-0.04573210701,-0.1922902912,-0.01089821756,0.2618913054
1631,0.1121589839,0.03394373879,-0.05242862552,0.1621984839
1632,0.134088099,0.295379132,-0.2273397744,-0.05289373547
1633,0.03306116909,0.316629827,0.3702945411,-0.1832760423
1634,0.1387547702,0.1732899845,0.3394760787,-0.3676519096
1635,0.1509339064,0.1259020567,-0.2208141834,-0.2571651638
1636,-0.05350572988,-0.02084098384,0.07994569838,0.04954600334
1637,0.1005645022,0.08326895535,0.06421749294,-0.2148046494
1638,0.01406982541,0.06285005063,0.06083099172,-0.1877476722
1639,-0.09735408425,-0.06331646442,0.09156280011,0.1034865603
1640,0.05752569437,0.4336272776,0.2486504465,-0.07580518723
1641,-0.01106476411,0.3513762355,-0.1131350324,-0.3423078656
1642,-0.01075256895,0.06441513449,-0.2750395238,0.3241763413
1643,0.1662234068,0.2834046781,0.3152073026,-0.1854247898
1644,0.1160663366,0.1679054052,-0.1822817326,-0.511649251
1645,0.1772156209,-0.05550592765,-0.08371148258,-0.02716174908
1646,0.03371459618,0.03902811557,0.1267307103,0.2056444883
1647,0.3160123527,0.2517948449,0.1413376033,-0.3551790416
1648,0.05095381662,0.1451861113,0.104980357,0.0111008063
1649,0.08628587425,0.03995532915,-0.006119329948,-0.1921571344
1650,0.05999317765,-0.1689252257,-0.0145719815,-0.140236184
1651,-0.002851607976,-0.133115977,-0.03072592802,-0.1903275251
1652,-0.04395511001,-0.2585659921,-0.2178978622,0.01057864726
1653,0.2129613012,0.02462093532,0.4128273129,-0.02892472409
1654,-0.07291603088,0.249589622,0.1034398973,0.168031171
1655,-0.00143590814,-0.08863711357,-0.1535109878,-0.06370647252
1656,0.1737082899,-0.1902420372,-0.06518672407,0.1374913752
1657,-0.01265611872,0.06976803392,-0.02018886432,-0.1361825615
1658,0.08367931843,-0.07575256377,-0.02118190192,0.07909946889
1659,-0.0146899838,0.04983754084,0.01230238564,0.1731161177
1660,0.279646337,0.4954868853,-0.05011813715,-0.1026626751
1661,-0.05526522547,0.344047755,-0.1760391146,-0.1024284065
1662,0.08306203783,-0.09780979156,0.1814222932,0.4680831432
1663,-0.07875033468,0.01360450312,0.2221427411,0.2175385207
1664,-0.0004736441188,-0.2853808105,0.05058565736,0.4541322887
1665,-0.05366640165,0.1065703481,0.0569254607,0.03873804212
1666,0.1169919372,0.2477270812,-0.0007974478067,-0.3122048676
1667,-0.0154140573,-0.1869624704,-0.1279501021,0.06867691875
1668,0.09970726073,0.1283542365,0.251165241,0.1200266182
1669,0.06103449687,0.3801477551,0.2136715949,-0.2186240554
1670,0.2687280178,-0.2270549536,0.4415630996,0.2291610092
1671,0.163144812,0.192348361,0.1414869279,-0.02383405715
1672,0.1610390097,0.09542706609,-0.1667147726,-0.07069469988
1673,0.2803215683,0.1187484786,0.04057434946,0.2253769934
1674,0.1156770587,0.1966249645,0.07817336172,-0.1004915833
1675,0.434325695,0.4574287832,0.3012892008,-0.07623194158
1676,0.26260975,0.1169891134,0.2502499223,0.08611627668
1677,0.3180817366,0.2631749213,-0.1859876961,0.07639021426
1678,0.3556909859,0.2033035159,0.3622117043,-0.2159189284
1679,0.2665781975,0.2385568768,0.5219075084,0.006445548031
1680,0.1699057519,0.5236922503,0.1523214728,-0.2389644533
1681,-0.3106757402,-0.2557979822,-0.1610836536,-0.4282664955
1682,-0.07185187191,-0.2065062076,-0.2084926218,0.0838168785
1683,-0.234630689,-0.4454470277,0.1753048599,0.1199480742
1684,-0.1154752523,-0.1787990481,-0.1797717512,-0.06223510951
1685,-0.1096944511,-0.03531887382,-0.4302648008,0.04504944012
1686,-0.1110690311,0.04990952834,-0.2588217258,-0.1616631448
1687,-0.2190845162,-0.04159914702,-0.004563333467,0.1042008772
1688,0.00322366273,0.1327166259,0.00519521907,-0.3708551824
1689,-0.04242617637,-0.03305028006,-0.2543388307,0.04929469526
1690,0.06736385077,0.1469684988,0.1569492817,0.2364581376
1691,-0.07131960243,-0.03990057111,-0.02880882286,0.1772304177
1692,-0.1023831367,-0.1103499606,-0.3264039755,-0.1794822663
1693,-0.2024915516,0.01250119507,-0.4230567813,-0.1854340583
1694,-0.3320198059,-0.3384474516,0.3406061232,0.2502833903
1695,-0.2368453145,-0.4175139666,-0.1386924982,-0.1956886202
1696,-0.1203741729,0.06050555035,-0.0532396026,-0.423833847
1697,-0.2597652078,-0.0704530701,-0.2825095057,-0.2431494445
1698,-0.2810235023,-0.2484600693,-0.1660156995,0.1633701175
1699,-0.1970852911,-0.3986171186,0.138695538,0.1554777473
1700,-0.3502708375,-0.3488422036,0.03082311526,0.219592154
1701,-0.2414459735,-0.2500110865,0.08172434568,0.09589588642
1702,-0.4395397305,-0.3496930897,-0.2763180137,0.02064689435
1703,-0.2131343037,-0.1603310257,-0.3250516951,-0.3472832143
1704,-0.2242335677,-0.02842381038,-0.2248230875,-0.1527785957
1705,-0.297205627,-0.1394287646,-0.2189164311,-0.06217047572
1706,-0.3078098595,-0.1518080235,0.2114481628,0.1986139268
1707,-0.06222057343,-0.2850403786,0.190250501,-0.4324546456
1708,-0.06639542431,0.1469434351,-0.06057823077,0.2775993645
1709,-0.07661227882,-0.3215686381,-0.08187552541,-0.0450414978
1710,-0.2204538286,-0.3246284723,-0.2109287083,0.03718724847
1711,-0.1084909961,-0.1297788769,-0.3406657577,-0.2977904081
1712,-0.1620230973,0.09872441739,-0.2905242741,-0.1798077971
1713,0.03835273162,-0.01002021506,0.07511562109,-0.3033234775
1714,0.331672132,0.3348961473,0.3237452805,0.389688462
1715,0.4080621898,0.1968021095,0.4465332627,0.2111296058
1716,0.3741371036,0.3459384739,0.07084391266,0.03086876124
1717,0.5706802011,0.4231904149,0.1500556469,-0.1156673506
1718,0.4006157815,0.3462763727,0.04419007152,0.2490003705
1719,0.4689557254,0.393652916,0.3169882298,-0.264229387
1720,0.3311836123,-0.01914219558,0.3451706469,0.299633503
1721,0.628636539,0.3223607242,0.2508231997,0.2356412411
1722,0.6761482954,0.4001188576,0.4034599662,-0.1937371641
1723,0.4180699587,0.3666545451,0.1711674482,-0.0224231407
1724,0.5560583472,0.5160804987,0.06704516709,-0.1647555679
1725,0.5459654927,0.5746939182,0.2856886387,-0.1732849032
1726,0.4994122982,0.2317469865,0.2769445181,0.07590395212
1727,0.4780714214,0.4716962576,0.2311269045,0.08333615214
1728,0.613402307,0.5018563271,0.5527597666,-0.2121617645
1729,0.477072686,0.2881210148,0.1379211545,0.2069020122
1730,0.6038033962,0.3906508982,0.2196702808,0.1228382215
1731,0.4615445435,0.4890889823,0.2749555409,-0.2355535626
1732,0.56509763,0.4656341672,0.4176827967,-0.1638598144
1733,0.3442501724,0.1519532949,0.2290752679,-0.07879156619
1734,0.2562818229,0.1957796514,0.1533730626,0.02525025234
1735,0.1603924483,-0.05242834985,0.2907691598,-0.1232407913
1736,0.3233385682,0.1288908869,-0.04406980798,0.1836866736
1737,0.4285447598,0.1233804747,0.03656342253,0.204280287
1738,0.06234025955,0.1501409858,0.005110082217,-0.3168744445
1739,0.1918506324,-0.02158711851,-0.2883381546,-0.1304960996
1740,0.07175323367,0.03563778102,-0.260409832,0.04853889719
1741,0.1800449044,0.1295638978,-0.1224484593,0.1352856904
1742,0.1749016941,-0.08777862042,0.0595802404,0.3800244927
1743,0.2044834495,0.07772810012,0.05451155454,0.02973053232
1744,0.1338768005,0.1680151224,-0.07822734118,0.09505939484
1745,0.2156261653,0.1979724169,0.2186846882,-0.1113037169
1746,0.128557846,0.007175527979,-0.3254885972,0.2732816041
1747,0.1237973645,0.01744801924,0.2499366254,0.1320365816
1748,0.1262583435,0.04464412108,0.2587409317,0.1373042911
1749,0.1611614376,0.1180244982,0.07599203289,-0.1722690463
1750,-0.03198607266,-0.1102638617,-0.04490052909,0.1374008209
1751,0.05561634526,0.1212226003,0.04855844378,-0.01849729382
1752,-0.09614308178,-0.0007547925925,-0.1524258256,-0.01891948096
1753,0.1447020024,0.1225218922,0.1332667619,0.2024379373
1754,0.2775866985,0.2593969703,-0.07682929188,0.002273222199
1755,0.2050881684,-0.2385592461,-0.136465326,-0.3090062737
1756,0.436240226,0.4751155674,0.1802595109,0.2625708878
1757,0.3659515083,0.4124504328,0.2806771994,0.05798679963
1758,0.4083758593,0.3680669963,0.3174378574,-0.07525484264
1759,0.406999886,-0.1343768686,-0.1978458762,0.4489060342
1760,0.3877445161,0.2391595542,0.1663737744,0.175385654
1761,0.3572156429,0.3293505013,-0.1363302767,0.02735128067
1762,0.16636841,-0.1781975329,-0.03594765067,0.005898691248
1763,0.217441529,-0.1039465144,0.4985199571,-0.1515138596
1764,0.4314508736,-0.01203355566,0.1994951367,0.2651985288
1765,0.3263071477,0.1501677185,-0.0396781005,0.1602832079
1766,0.2463741452,0.1462858021,0.2994010448,-0.2309171557
1767,0.215406239,0.1850550622,0.3616703749,-0.1216019318
1768,0.328900069,0.1831184775,-0.06673761457,-0.3600462377
1769,0.2860484719,0.1630174965,0.1308106333,-0.1121761724
1770,0.3760974407,-0.06666575372,0.2377062589,0.1206527874
1771,0.4639853537,0.2623894513,0.509909153,0.1166441217
1772,0.2123388201,0.412643373,0.1667940617,0.2684804797
1773,0.3217164278,0.3146352172,-0.01415710896,-0.3657026291
1774,0.09673412144,-0.08410479128,-0.1959823519,0.1337490678
1775,0.170001328,-0.3255273104,-0.04441383481,-0.08674763143
1776,-0.1414055973,-0.2343880087,0.08330397308,-0.2199056
1777,0.05138362944,0.05316730961,0.2987750471,0.07419735938
1778,-0.2266544402,-0.1282336563,-0.2668887675,0.08038331568
1779,-0.1406363547,-0.08442033082,-0.2695963681,0.1336038858
1780,-0.3484832346,0.1350185871,-0.1927352548,0.1217849404
1781,-0.231101051,-0.1949643791,-0.0805766359,-0.2202943712
1782,-0.2434937507,-0.1304640323,-0.3387313187,0.3548847139
1783,-0.1537578255,-0.04546765238,-0.01096461248,0.01202693302
1784,-0.1504041702,0.1637720168,0.05584287643,0.01170559507
1785,-0.00132177351,0.5033912659,0.06127452478,-0.1182537824
1786,-0.1092830822,-0.04385491461,0.2349974811,0.1030405983
1787,-0.1804109365,-0.3829888999,-0.00479389634,-0.07656531036
1788,-0.1714187711,-0.3353227973,-0.386834383,0.3466932476
1789,-0.05449529737,-0.2864958942,-0.2460296601,0.1446365565
1790,-0.2663494647,-0.155152306,0.02921076119,0.007398604881
1791,-0.07226956636,0.1455242336,-0.1368030757,-0.2196984589
1792,-0.256100744,-0.2929596603,-0.3152861297,0.0265961159
1793,-0.1930389404,-0.01521137636,-0.1764342636,-0.2851967216
1794,-0.338457644,-0.2355190217,-0.07686955482,-0.1654754579
1795,-0.1997164637,-0.2499754131,-0.3102149665,0.06540706009
1796,-0.2608140111,0.04746348783,-0.09880289435,-0.03948648646
1797,-0.1498235613,-0.3020778298,0.06991945952,-0.1167226732
1798,-0.02000147663,0.1305557638,-0.1426983327,0.3883592784
1799,-0.1256835014,-0.2798596323,-0.2414225489,0.3823173642
1800,-0.1984671205,-0.008497063071,-0.3141110837,-0.04980011284
1801,-0.1971333772,-0.09925780445,-0.2061006725,0.07856711745
1802,-0.1090802252,-0.1640001237,0.03427499905,0.2958474457
1803,-0.05908196047,0.1739201099,0.1958514005,0.03508393094
1804,0.1136032715,0.02248755284,0.3126149476,0.2066794485
1805,0.02799027599,-0.05311560631,0.106038101,0.394064188
1806,0.1069242656,-0.01774578355,0.1918539703,0.006020143628
1807,0.03815716133,-0.1879637092,0.4703618586,-0.01277029607
1808,0.08875475824,0.1224251986,0.277441442,-0.2623259127
1809,0.1522686779,0.05699929222,0.0879400894,0.1094442979
1810,0.1761282235,0.07859355956,0.128242448,0.1539101154
1811,0.2750596404,0.1005906016,0.2279587984,0.002103449777
1812,0.1070670485,-0.2765541673,-0.1767552793,0.2436314076
1813,-0.0844842568,-0.0378523618,-0.01805923879,-0.1450253129
1814,-0.1149764284,-0.2738320529,-0.03499433026,-0.0822987482
1815,0.1175262332,-0.02088519558,0.4195707738,0.04216639325
1816,0.08789591491,0.2102909237,-0.1063273549,-0.1624122113
1817,0.1522104442,0.06427899748,-0.04748865217,0.1836903989
1818,0.0008813376771,0.1663812399,0.127843082,0.02354922518
1819,0.1902761012,0.1785654128,-0.03180747479,0.1511998475
1820,0.03766997159,-0.1835707575,0.2660631239,0.0811336115
1821,0.04171831533,-0.154699564,0.1971798837,0.04435120523
1822,0.03607196361,-0.1038455293,-0.1466639936,0.2408458441
1823,-0.2134279013,0.07652980089,0.07255524397,-0.2807821333
1824,-0.07727416605,0.1306063682,-0.2678075135,-0.2095030993
1825,-0.1415706873,-0.1345295757,-0.03190812469,0.1987845898
1826,0.001751807984,-0.1179210916,0.2466429323,0.1796577424
1827,-0.1539266557,-0.04396433011,0.3907251954,0.07330553234
1828,-0.02757055685,0.04554115981,-0.1832829118,-0.03089971095
1829,-0.2103447467,-0.1636623442,-0.3499332666,0.345790565
1830,-0.1527717113,-0.2584035397,-0.1944500208,0.2010700554
1831,-0.08749592304,-0.1042631119,-0.01847153157,-0.02940628678
1832,-0.003055207664,-0.008315915242,0.1199915409,0.03946451098
1833,-0.291213572,-0.2294653058,-0.1038863957,0.1257411987
1834,-0.06854800135,-0.1392599642,-0.1642860472,-0.01948285848
1835,-0.130327493,-0.1695502102,-0.2120178789,0.1087535247
1836,-0.01554778777,-0.07060551643,-0.01623293757,0.1983104348
1837,-0.1194693521,0.02167920209,0.06009597331,-0.3456254303
1838,-0.03467071056,-0.1776676327,-0.1255154461,-0.5045202971
1839,-0.09860802442,-0.2571085393,0.1074549109,0.1665483713
1840,0.04116659984,0.1518888175,0.1568304747,-0.3118574023
1841,-0.2310753316,-0.2138164639,-0.09224916995,0.1205465049
1842,-0.01384612545,-0.1608966887,-0.02896446176,-0.2001816183
1843,-0.2143890113,-0.3243510723,-0.223415494,0.1136520356
1844,-0.3103394508,-0.194171384,-0.1127371192,0.3567264378
1845,-0.1781824678,-0.1910129637,-0.3798646033,-0.1300430596
1846,-0.434241116,-0.211963743,-0.01023046765,-0.03145807981
1847,-0.3962609172,-0.2076044232,0.130553484,0.05360596254
1848,-0.2765295208,-0.182319954,-0.3384707272,-0.197894901
1849,-0.3350664079,-0.282776773,-0.1903374493,-0.2313657403
1850,-0.2198808789,-0.2927627861,-0.1974016428,0.4248506427
1851,-0.2119987011,-0.1862188131,0.1639577597,-0.1842525899
1852,-0.202887401,0.1254722625,-0.2187921107,0.03890553862
1853,-0.2495240718,0.04159192368,-0.2106762379,-0.02779614367
1854,-0.1321815699,-0.1624242961,0.2600099742,-0.0785395503
1855,-0.1458459049,-0.2153628916,-0.3492622375,0.1140842959
1856,-0.2939519286,-0.1989929378,-0.1387699842,-0.1027805582
1857,-0.2330158651,-0.09490499645,0.03428841382,0.01117627136
1858,0.06823452562,-0.1416778713,0.1142981276,0.01271769591
1859,-0.2104833871,-0.200563252,-0.02784683555,0.1775210202
1860,0.02312181517,-0.3323373497,-0.07254152,0.3588876724
1861,-0.1510916054,-0.04732231423,-0.07781845331,-0.1706941128
1862,-0.111064367,0.06881469488,-0.05340321362,-0.04198172688
1863,-0.001445604255,-0.06867615134,0.3672336638,0.158755511
1864,0.009755613282,-0.02716064826,-0.1117784604,-0.6523119807
1865,0.09707362205,-0.2127387375,0.2083603889,0.640008688
1866,0.01223243494,-0.07055655867,0.1586898416,-0.2216717899
1867,0.05250815675,-0.3451776505,0.1358431876,-0.2078888416
1868,-0.09815688431,-0.142848894,-0.01285217237,0.3827480972
1869,-0.2414676845,0.3196337223,0.209876135,-0.4085666239
1870,0.1005303636,-0.08681805432,0.1123394221,-0.3410018384
1871,0.05903240293,-0.07445008308,-0.009359242395,-0.07038834691
1872,-0.01798058674,0.0146116754,0.1278035343,-0.07107456028
1873,0.5116919279,0.2822630405,0.2743635178,-0.0441740863
1874,0.3035892248,0.314702481,-0.04652876407,-0.1894698888
1875,0.1696787477,0.1180790439,-0.2309062183,-0.1593453139
1876,0.2578142881,0.3365778923,0.3342931569,0.08188986033
1877,0.2547823787,0.01663864404,0.05632816628,0.1961582154
1878,0.3135468364,0.2446497083,0.09772522748,0.1262642741
1879,0.4014393389,0.2704509199,0.1777685434,-0.09028533101
1880,0.3899233639,0.06719007343,0.0909159109,-0.03609082848
1881,0.1858279407,0.1335975379,-0.03518366814,-0.09159764647
1882,0.1129056811,0.01418556459,0.1004336253,0.1454290897
1883,0.3305901587,0.2510558367,0.3373479247,-0.0132725779
1884,0.2115429938,-0.1012119576,0.2023740113,0.4547533989
1885,0.3024212718,0.2712022662,0.1536927819,0.07275237888
1886,0.04738416895,0.1015230641,0.1733579189,-0.2010559887
1887,0.02670070529,-0.02753788419,-0.008301075548,-0.5507995486
1888,-0.01099584997,-0.091880925,0.2310175002,0.06191363186
1889,0.04647830501,0.2594156265,0.3449055552,-0.2208033204
1890,0.1743827611,-0.06974103302,-0.004684838932,-0.1048105583
1891,0.1106953025,-0.0718178153,-0.1369139254,0.02155906893
1892,0.2805859149,0.06286482513,0.1840377003,0.02337750979
1893,-0.03635070473,0.1906065047,0.183416307,-0.1794197708
1894,0.1382251382,-0.1207437068,0.02893322147,0.2541874051
1895,0.1546801329,0.05175351351,-0.09621709585,-0.06849520653
1896,0.2784108818,0.3957824707,0.3378189504,0.1324192286
1897,0.171099484,0.3621924818,0.3154348433,-0.1091732532
1898,0.2079156339,0.1370879561,0.0940059498,0.04142306
1899,0.2973596752,-0.01371993963,0.3309994638,0.08049217612
1900,0.2061609179,0.05151236057,0.3927740753,0.4885545671
1901,0.2876390219,0.354601264,0.2268649042,0.4376336634
1902,0.287579298,-0.05076535419,0.04797895998,0.1072016135
1903,0.124596782,0.1854057014,-0.2526268959,-0.01273537148
1904,0.2334031016,0.1724309474,-0.1511714607,0.09725792706
1905,0.04784763232,0.3117927313,0.04072768614,0.02288913354
1906,0.117555365,0.181674391,0.2998761535,-0.3402412832
1907,0.2003143877,0.04371974245,0.1006966457,0.1341984272
1908,0.1163951904,0.09873314202,0.2695172131,0.2627960443
1909,0.1911930144,-0.1073173583,-0.1656064391,0.1412229538
1910,0.0146907391,-0.2097813487,0.1798643917,0.3079868555
1911,0.2368757725,0.01819863543,0.167173326,-0.2586274743
1912,-0.03892857581,0.07840302587,-0.05045557022,-0.2395679802
1913,0.07943298668,0.236486733,-0.1586161703,-0.0006148034008
1914,-0.04469969869,0.08009909093,0.05338057503,-0.0614522174
1915,0.2789413333,-0.02837365493,0.144596532,-0.1885684729
1916,-0.1021003574,0.3726575971,-0.08382353187,0.1652480513
1917,0.1601262838,0.2109949738,-0.05052921176,0.2206318527
1918,-0.1335345805,-0.005294024479,-0.1299180388,0.1742025763
1919,0.03772170842,-0.1286941916,0.06695352495,0.202836439
1920,-0.3131673634,-0.2263142467,-0.266851604,0.3450909257
1921,0.3082780838,0.3253975511,0.1885539293,-0.3791772127
1922,-0.09163339436,0.2248331755,-0.1526912004,-0.03996315971
1923,0.01967776194,0.03874888644,-0.1171584502,-0.1357884556
1924,-0.1064287722,-0.2031143457,0.1043726727,-0.03819233552
1925,-0.2546148598,-0.04652815312,0.006676692981,-0.1607779115
1926,-0.2145443112,-0.07942254096,-0.09207685292,0.00563487038
1927,0.02007487044,0.3416815698,-0.03756838292,0.08602020144
1928,-0.2104465663,-0.1202340126,0.00345778116,-0.2875182331
1929,-0.03651312366,-0.05071423575,-0.04206155986,-0.2896586657
1930,0.06608247757,0.1545444876,-0.007830344141,0.2011577338
1931,0.1130608618,-0.1164743528,0.004008537624,-0.3327348232
1932,-0.08148501068,0.145409897,-0.3801656663,0.2021679729
1933,0.1839782894,0.275421828,0.01851516403,-0.138038367
1934,-0.1959841847,0.04578150436,0.1608326137,-0.154119879
1935,0.02349120565,0.2653607428,0.1557783335,0.03186791763
1936,-0.3026184142,-0.04741005972,-0.04219399393,-0.2706896961
1937,0.05774752796,-0.1014601812,-0.07455127686,-0.3626194
1938,-0.0759716928,-0.07088480145,0.2040105313,0.09176582843
1939,-0.05224728957,0.03140356764,-0.3964990675,-0.1421695203
1940,-0.05859583989,-0.3920308053,-0.236800164,0.05591132119
1941,-0.1798640937,-0.04512676224,0.05968493596,-0.2193245292
1942,0.06159252301,0.1186116412,0.09057552367,0.05834154412
1943,-0.1317888796,-0.2434514016,-0.1215015724,-0.1852713674
1944,-0.01135435607,-0.09590736777,-0.4004567266,-0.1265092492
1945,-0.2321407497,0.05076114833,-0.02710132487,-0.3576524854
1946,0.04955537245,0.1892867833,-0.04421633109,-0.2238938063
1947,-0.1696118414,-0.2460539341,-0.03015621565,0.05652078614
1948,-0.08295799047,0.09090718627,0.06039503217,-0.2883117199
1949,0.04661572725,0.04517813027,0.1218043119,0.1452435255
1950,0.1075174585,0.06402672082,0.02336256392,0.02453753725
1951,0.02499479242,0.1054742932,0.0640996173,0.112921685
1952,0.2536875904,0.153459534,-0.2442452312,0.09220811725
1953,0.07468815893,0.1142306104,0.09443788975,-0.1172690541
1954,0.2292602211,0.05388473719,0.2981393635,-0.1517227739
1955,0.2486344278,0.2043303847,0.1726281196,0.05733068287
1956,0.2367295921,-0.1291698813,0.1516877413,0.4923672676
1957,0.2729620337,0.02448956668,0.01849969104,0.3239895105
1958,0.128534466,0.09282374382,0.1553626657,-0.1159340069
1959,0.072893776,0.01784834825,0.01540420577,0.06134380028
1960,0.334073931,0.3354439437,0.1784450859,-0.07006480545
1961,0.3174025714,-0.007892683148,-0.2555067837,0.01656044275
1962,0.3080401421,0.01833838411,-0.2069093585,0.3360794485
1963,0.2453349531,0.3515691459,0.146168232,-0.4537219405
1964,0.1230255663,0.156571418,-0.04107474163,-0.0677568987
1965,0.3485501409,-0.1322415769,-0.1777932495,0.151561752
1966,0.1637131274,0.5972939134,-0.1190537438,0.005509363487
1967,0.3045619428,-0.2476908863,0.1373395473,0.02129698172
1968,0.1108729243,0.09479223192,-0.2187607735,0.1181300879
1969,0.3360490501,0.5405630469,0.2423787266,-0.1900328547
1970,0.386862725,0.1868740022,-0.1665579081,0.05825512856
1971,0.3473830521,0.2026173472,0.02232351899,-0.07454663515
1972,0.2517689764,-0.05077850074,0.2723402679,0.1548817754
1973,0.3430103064,0.4294393361,0.3808400035,-0.04631179944
1974,0.3644039929,0.4340001047,-0.1724963188,0.1597061455
1975,0.4669443071,-0.1426712424,0.02653855458,-0.1337691247
1976,0.2173859775,0.2298951745,0.1932896525,-0.3925493956
1977,0.2709428668,-0.09725040942,0.3084800243,0.04613368958
1978,0.08052177727,0.03096057475,0.09741435945,0.4404560626
1979,0.1422101408,0.1445542425,-0.09602146596,-0.003261580365
1980,-0.02071110718,-0.2260570824,-0.09471936524,0.5196687579
1981,-0.07824867964,0.3627251983,-0.1336276829,-0.226681456
1982,-0.0006567201926,0.006687727757,0.0007411964471,-0.2055303007
1983,0.03796146438,-0.1191273853,0.3326912224,0.1850227267
1984,0.2078395486,0.1820428222,0.001323916251,0.1230185926
1985,0.1972432584,0.2131415904,0.140363574,-0.03682056442
1986,0.1477894485,0.009557100013,-0.05437717214,0.2249928862
1987,0.07842398435,0.3026576638,-0.1113003045,-0.02526894212
1988,0.02778066136,0.07529637218,-0.1564183235,-0.1658256054
1989,0.0631935671,-0.04266990721,-0.07475606352,0.1616085172
1990,-0.03617656603,-0.07485949993,0.2212217897,-0.02885472402
1991,0.1167562157,0.07044909149,0.3014050424,0.06747248769
1992,-0.03224343807,0.1576580703,-0.2377774864,0.2011175007
1993,-0.1331690997,-0.04363887385,-0.4519408345,-0.2769851387
1994,-0.1708630621,0.2208766788,0.002823456191,-0.004562981427
1995,-0.1833138019,-0.01635866798,0.3157116175,-0.03346884623
1996,-0.1128920689,0.2884652317,0.2751921713,0.03058411554
1997,-0.01627429202,0.1725667864,0.516608119,-0.3619304895
1998,-0.01846736483,0.1250861585,0.2190428078,-0.2961008251
1999,0.08353248984,-0.05857826024,0.1575368047,-0.3234692514
2000,-0.03126544878,-0.01703253575,-0.05838607997,-0.1175271869
2001,-0.002970138798,-0.01343423873,-0.2059892118,0.1080631837
2002,-0.006768786348,0.07761224359,0.08286746591,-0.1369255185
2003,0.1686951071,0.4895834327,-0.3807066381,-0.06844252348
2004,0.02328904718,0.4582236409,0.1052026227,-0.03323907778
2005,0.1004071161,0.3208738863,-0.03920245543,0.02239174023
2006,0.1719271392,0.1218748242,-0.3248367012,-0.02223365381
2007,0.1083895192,0.1880207062,0.01156915165,0.01033036597
2008,0.2196808159,0.09859906882,-0.3367741704,0.05666609108
2009,0.1967612803,-0.08819601685,-0.3427511454,-0.02686784416
2010,0.07469300181,0.3722857535,0.3546808064,-0.0294879619
2011,0.1769457161,-0.004395873751,0.3180861175,-0.3770366311
2012,0.2294746935,0.1193298772,0.110716559,-0.05917339772
2013,0.08760229498,-0.1618026495,-0.06621451676,0.2732717395
2014,0.03416960686,0.2210843712,-0.1322453916,-0.3694552779
2015,0.02306913026,0.1716168076,-0.2998887599,-0.009810810909
2016,0.2640179098,0.1981819719,0.07519934326,0.2042252421
2017,-0.13737005,-0.06734634191,0.1787460595,0.007231095806
2018,-0.02071563154,0.1470506638,0.2045096159,0.2460416853
2019,0.05150578544,0.03646554053,0.08072079718,0.2012141198
2020,-0.2726891339,-0.1236786246,-0.2180315107,-0.06251331419
2021,-0.4406964183,-0.2198653221,-0.03841215,0.1565094292
2022,0.1840148568,0.1035858169,-0.04132280126,-0.1297064573
2023,-0.0406591706,-0.3153171241,-0.05369736627,-0.2007982135
2024,0.05300902575,0.03549075872,0.1339534968,0.20809412
2025,0.0181595888,0.1027441993,-0.1985827237,0.205937624
2026,0.02500276826,0.009211170487,-0.1384623647,0.03045640327
2027,0.1159166023,0.2197267711,-0.04873738065,0.153190732
2028,-0.2194482833,0.06134618446,-0.0125723891,-0.08188489079
2029,0.08777078241,-0.1208772436,-0.1387309432,-0.002373876516
2030,0.004040377215,-0.1734818816,0.01648453251,0.5307903886
2031,0.0682843402,0.1785098612,0.2821274102,-0.5128660798
2032,0.0441451706,0.216706425,-0.1905951947,0.06004570797
2033,0.001258170232,0.09527878463,0.0399498418,0.02879750729
2034,0.14290604,0.06022654474,0.01518525556,-0.221969232
2035,0.2628621757,-0.2725475729,0.216407463,0.3400640786
2036,0.08879264444,-0.01097995229,-0.06667895615,0.1001924723
2037,0.09136699885,0.1790388376,-0.3718157709,0.2118904442
2038,-0.05770893022,0.1018230468,-0.2216839343,-0.02742258646
2039,0.1144546941,0.04195289314,0.005613923073,-0.04502481595
2040,0.1691880673,-0.1635353565,0.1464975774,-0.0691972971
2041,0.1038707569,-0.1226420254,0.411003381,-0.1588492841
2042,-0.04970752075,0.01319466624,0.1483680457,0.2658271194
2043,-0.0152324345,-0.268433094,-0.03906253353,0.1712546647
2044,0.1416057199,0.02391548455,-0.04863324389,-0.09298209846
2045,0.2788196206,0.4293983877,-0.03755563125,-0.03042368405
2046,-0.2093867511,-0.4450291097,-0.1035762727,-0.3042842746
2047,-0.211841017,-0.5395009518,0.02880736068,-0.4115562737
2048,-0.02990968712,-0.3608865142,-0.05232058465,0.1168216988
2049,-0.0366274938,-0.006541220937,-0.05015642941,0.05133593827
2050,-0.1383984089,-0.1849146634,-0.2675355077,0.128275007
2051,-0.1128334478,-0.05034372956,-0.2970348597,-0.02096526325
2052,-0.135743171,0.1006528959,-0.2801936865,-0.2825977802
2053,-0.1808903068,-0.1450109333,-0.2604658008,0.1595971435
2054,-0.2365088612,-0.3620616198,-0.22103329,0.4251914918
2055,-0.3131732047,-0.2291447222,-0.08275111765,0.2240968794
2056,-0.270347923,-0.3321266174,-0.1753322482,0.03027504124
2057,-0.2511701286,0.04915237799,-0.5819506645,-0.1227088571
2058,-0.327080965,-0.0003024789039,-0.2484380603,-0.284504652
2059,-0.2834697664,-0.1578602642,0.03382034227,-0.1297267079
2060,-0.2287176251,-0.2840193212,-0.01743903197,0.1670797318
2061,-0.3032478392,-0.01711576805,0.08325732499,-0.08559898287
2062,-0.3610295951,-0.1827654839,-0.1264095604,-0.3661896288
2063,-0.3315823078,-0.2676557004,-0.1496161968,0.06291664392
2064,-0.3453708887,-0.1824378967,-0.05735139921,-0.2182849944
2065,-0.3405537605,-0.1698392332,-0.07904020697,-0.2691613436
2066,-0.3903734684,-0.2201430351,0.1187204272,0.1694411337
2067,-0.3379668593,-0.2174446732,-0.1317879111,-0.01008227281
2068,-0.3631185293,-0.1823449284,-0.1203240007,-0.1838786155
2069,-0.207985267,-0.1235914305,-0.227666229,-0.2199144214
2070,-0.2042039484,0.1405656785,-0.307529211,0.3127196431
2071,-0.2401235104,0.1030919105,0.1455859244,-0.3573055565
2072,-0.4787595868,-0.3907707632,-0.2590182424,0.01664895751
2073,-0.3631977141,0.1382404566,0.01228243858,-0.2645035684
2074,-0.3595457673,-0.4011973143,-0.4304609597,-0.3885637522
2075,-0.3204626143,-0.2411771119,-0.2447894663,-0.1815866232
2076,-0.5027785301,-0.2989864647,-0.1989865452,-0.06418081373
2077,-0.3142990172,-0.0262863338,-0.2437659651,-0.3390692174
2078,-0.106208466,0.1179441437,-0.248449102,0.132119447
2079,-0.2531831264,0.0941285342,0.2385543883,-0.1856374741
2080,-0.1861283928,-0.01552756876,0.1325037032,-0.1472899765
2081,-0.1041680351,-0.1039321423,-0.2143898159,0.2258651704
2082,-0.2666698694,-0.08568850905,-0.185279265,-0.1261089146
2083,-0.3395536244,-0.00487416191,-0.2367918044,-0.03285433725
2084,-0.4552322328,-0.5370628834,-0.1309880167,-0.11408896
2085,-0.5335860252,-0.1064773723,-0.2090228945,-0.05375538394
2086,-0.4554269016,-0.2950049937,-0.2622083426,0.05872228742
2087,-0.2997906506,-0.08797498792,-0.1175576299,0.04648649693
2088,-0.3435198665,0.001055474859,0.2868917584,-0.1277599335
2089,-0.1778584421,-0.4429459572,0.05281895027,-0.4164958
2090,-0.1256657839,-0.2814641893,-0.05057617649,-0.09921400994
2091,-0.1673626155,-0.05352761224,0.1248974502,0.1134075969
2092,-0.1014269739,-0.4923779666,0.3172677755,-0.1615616977
2093,-0.03172693029,-0.2879315913,0.161030516,0.2338025123
2094,-0.2663706243,-0.08194362372,-0.3009967506,0.114778012
2095,-0.05243687332,0.3421736062,-0.1082113907,-0.03249620274
2096,0.1572722644,0.2128064483,-0.1421062499,0.4359941483
2097,-0.09820430726,0.05657559633,-0.2799758017,-0.2337678969
2098,0.1212667525,0.0245915819,0.1227221414,-0.07769376785
2099,-0.09128052741,-0.1464209408,-0.02789134718,-0.01814989559
2100,0.02336177602,-0.05689844862,-0.07977086306,0.2994124293
2101,0.2377757579,0.03219290823,0.1584063619,0.3120129704
2102,0.09926958382,-0.02677880786,-0.1452011317,0.4816306531
2103,0.1022312045,0.1335290223,-0.1636824161,0.06618631631
2104,-0.03258312494,-0.2717217505,-0.1951037794,0.06934285164
2105,0.2902503014,0.04722087085,0.04593380913,0.1414536983
2106,0.1969075203,-0.01565784216,0.05759810656,0.1310963184
2107,0.2106791884,0.01313962601,0.3432172537,0.1779384464
2108,0.1786583364,-0.02380956896,0.4546033144,-0.3912802339
2109,0.2921305597,0.08102414012,0.1455809027,-0.1725288481
2110,0.4931917191,0.1540323347,0.2662921548,0.1475983709
2111,0.07911611348,0.2401700765,0.1653533727,-0.1507182121
2112,-0.09781309962,0.004985359497,0.4083991945,0.04681581631
2113,-0.112139374,-0.1741813421,0.02809275687,0.05716138333
2114,0.08231621236,-0.02934198081,0.04946004227,0.06571608037
2115,0.03115184791,0.1058625951,0.03450670838,-0.1284618676
2116,0.04029725492,0.1930735707,-0.1835387945,-0.1424838156
2117,-0.06819587201,0.1866009086,-0.1151172519,-0.1493696719
2118,0.2590894997,0.2290674448,0.05575931445,0.3011292219
2119,0.004207864869,-0.3076675236,-0.2149852216,0.3598213196
2120,-0.1337758005,0.2559245229,-0.1854348928,-0.2260319293
2121,0.02914141305,0.1863261312,0.1519569606,0.02180973068
2122,-0.04897142574,0.1384716034,0.2064506561,-0.1400665641
2123,0.1150198877,0.03692895547,-0.1967429817,-0.2237356156
2124,0.02094222978,0.2772698402,0.01970711537,0.2596985698
2125,0.2427427769,0.0651275143,0.3262879252,-0.08326347172
2126,0.2199608684,0.2555680573,0.1562454253,-0.05022088066
2127,0.1894880682,0.1095377505,0.2063637227,-0.1795354337
2128,0.06245490536,0.1441214383,0.0643517077,-0.3338871896
2129,0.2595975101,0.0826530084,0.4792349041,-0.1399025172
2130,-0.007979457267,0.02387139015,-0.1492997855,0.04002548009
2131,0.1179769114,0.0009357630042,0.05284095928,-0.2632468045
2132,0.1284534484,0.1956359148,-0.05148944631,0.1301684529
2133,0.2202572525,-0.05467266589,0.05433565006,-0.2941160798
2134,-0.134137556,-0.0496558249,0.01307796407,0.1154975444
2135,0.2840566635,0.2773859203,0.07741662115,-0.1400189847
2136,0.3808884621,0.2778473794,-0.2529117763,0.1561681628
2137,0.2228435129,0.2151629925,0.1505318582,0.2252112776
2138,0.01876808889,0.1684821099,0.09451812506,0.05318658054
2139,0.06626984477,0.1114409193,0.05540789664,-0.161872074
2140,-0.05010437593,-0.2815793157,0.01612107642,0.2100745887
2141,0.08467268199,-0.1758080423,-0.3340687752,-0.01711158827
2142,0.1089481115,0.04833978042,-0.02339396998,-0.1089317501
2143,-0.2484569699,0.1413701326,-0.1514803022,0.1471222043
2144,0.07612053305,0.3657260835,0.1000885293,-0.1559774578
2145,-0.1302538216,-0.004821390845,-0.2763011158,0.176513359
2146,0.2480740994,-0.09633798152,-0.0124428384,0.1133627966
2147,-0.270037204,-0.02772373892,-0.2675753534,-0.07060027122
2148,0.09761504084,0.02665281668,0.1169846132,0.06047815457
2149,0.04945461452,-0.1205475554,-0.1455578655,-0.01005851198
2150,-0.1854929179,0.1813297272,0.07184079289,-0.337220341
2151,0.02699905075,-0.1285595745,0.190102011,0.07084763795
2152,0.05376076698,0.007457219064,0.07524528354,-0.0433732979
2153,0.0341071412,-0.01004622504,0.1922916472,-0.01009672973
2154,0.0109438505,0.0523417294,0.0595523417,0.09849076718
2155,0.1960822791,0.08794244379,0.04369841516,-0.139147073
2156,-0.1149769798,0.1939353347,-0.05282563716,0.1038819999
2157,0.08137322962,0.07401032001,0.2691359818,-0.2197657973
2158,-0.1226137057,0.1594535112,0.2074057907,-0.2481831759
2159,0.4949319959,0.3967240751,0.3325863183,-0.1902832091
2160,-0.1108073592,0.2163783312,-0.167350024,0.009682601318
2161,-0.1259768307,-0.0252404213,-0.003043349134,-0.2906671464
2162,0.07896418124,0.05260322616,0.1541455686,-0.0757349357
2163,0.111000374,-0.1933754534,-0.07709190995,0.06108192727
2164,0.1342592686,-0.08242981881,0.2701300979,-0.06111184508
2165,0.1486345381,0.1766898036,0.003061778843,0.004559009336
2166,-0.03840968758,-0.07534789294,0.2771827281,0.1282778233
2167,0.2321855575,-0.2488308251,-0.1760068089,-0.02655599453
2168,0.07793522626,-0.07447367907,0.2395226955,0.06158854812
2169,0.2984865904,0.3222182095,0.03242535144,-0.08982100338
2170,-0.0785234347,0.2834478319,-0.2830436826,0.02737869881
2171,0.09191551805,0.0614008382,0.178133592,0.09476932883
2172,0.09684441984,0.306286484,-0.0965930149,0.4626576006
2173,0.2551401556,0.1624846905,-0.04345714673,0.3487889469
2174,0.1909430176,0.0327459462,0.1695818305,0.06452599168
2175,0.1341111511,0.3507321775,0.08350196481,0.178516224
2176,-0.03313304484,0.02745262533,-0.1312154382,-0.2849384844
2177,0.02208117209,0.2814640403,0.02270920202,0.2157605737
2178,-0.006056092214,-0.01866994053,0.4368986785,0.134266749
2179,0.1603523046,0.07814738154,0.06061829254,-0.09121937305
2180,0.2687813938,0.3517778814,0.3166000843,0.1962552667
2181,-0.04705937207,0.2305258363,-0.2432673424,-0.3365576267
2182,-0.04540048167,0.137364611,0.317963779,0.03242859617
2183,0.1844545454,0.1432128102,-0.0183401946,0.1643766165
2184,0.3450478017,0.2055183947,0.1359417289,-0.1947064549
2185,0.3058414459,0.0438677296,0.1425301582,-0.02965218388
2186,0.1707839221,0.3703493774,0.03891569376,-0.08863297105
2187,0.264962256,0.1152337566,0.02348561026,-0.3748212755
2188,0.1804218292,0.04358658195,-0.3917230368,0.254170984
2189,0.2734718025,0.1252052039,-0.0227899868,-0.05749766901
2190,0.3498154879,-0.2086642832,0.2446880192,-0.1158362329
2191,0.4083601534,0.358558774,-0.2043419331,0.2711209059
2192,0.243268013,0.3807344139,0.3113236427,0.1576798707
2193,0.3288197815,0.1732600033,0.01695109904,-0.01797428355
2194,0.2117091566,0.1366988868,0.09672617912,0.1927616149
2195,0.5078818202,0.6235048175,0.3095495105,-0.2860280573
