window_index,best_model,best_loss,second_model,second_loss,margin_vs_second,best_single_model,best_single_loss,oracle_gain_vs_best_single
0,PatchTST,0.19433289766311646,iTransformer,0.12696470320224762,0.06736819446086884,iTransformer,0.12696470320224762,0.06736819446086884
1,DLinear,0.11314573884010315,PatchTST,0.055464714765548706,0.05768102407455444,iTransformer,-0.16218078136444092,0.27532652020454407
2,TimesNet,0.1822674721479416,DLinear,0.16472873091697693,0.01753874123096466,iTransformer,-0.046618860214948654,0.22888633236289024
3,DLinear,0.23118513822555542,TimesNet,0.16318191587924957,0.06800322234630585,iTransformer,0.09416338801383972,0.1370217502117157
4,PatchTST,0.18345524370670319,DLinear,0.15370067954063416,0.02975456416606903,iTransformer,0.06673282384872437,0.11672241985797882
5,PatchTST,0.26059821248054504,DLinear,0.2177845984697342,0.04281361401081085,iTransformer,-0.013660171069204807,0.27425838354974985
6,iTransformer,0.21025580167770386,PatchTST,0.16516001522541046,0.045095786452293396,iTransformer,0.21025580167770386,0.0
7,PatchTST,0.27821528911590576,DLinear,0.19587843120098114,0.08233685791492462,iTransformer,0.12727217376232147,0.1509431153535843
8,DLinear,0.3037092685699463,iTransformer,0.10660696774721146,0.19710230082273483,iTransformer,0.10660696774721146,0.19710230082273483
9,iTransformer,0.32264068722724915,DLinear,0.2189529985189438,0.10368768870830536,iTransformer,0.32264068722724915,0.0
10,DLinear,0.2663646340370178,PatchTST,0.2533513307571411,0.013013303279876709,iTransformer,0.09548722207546234,0.17087741196155548
11,iTransformer,0.27120864391326904,DLinear,0.17082905769348145,0.1003795862197876,iTransformer,0.27120864391326904,0.0
12,DLinear,0.22529709339141846,PatchTST,0.194401815533638,0.030895277857780457,iTransformer,-0.1204759031534195,0.34577299654483795
13,iTransformer,0.2993523180484772,DLinear,0.2050040364265442,0.09434828162193298,iTransformer,0.2993523180484772,0.0
14,iTransformer,0.20550811290740967,PatchTST,0.15242809057235718,0.05308002233505249,iTransformer,0.20550811290740967,0.0
15,PatchTST,0.33612748980522156,DLinear,0.21572530269622803,0.12040218710899353,iTransformer,0.16776195168495178,0.16836553812026978
16,DLinear,0.1510481983423233,iTransformer,0.10104118287563324,0.050007015466690063,iTransformer,0.10104118287563324,0.050007015466690063
17,iTransformer,0.23428519070148468,DLinear,0.2114526778459549,0.022832512855529785,iTransformer,0.23428519070148468,0.0
18,DLinear,0.19272223114967346,PatchTST,0.0941900983452797,0.09853213280439377,iTransformer,0.0058042448945343494,0.1869179862551391
19,PatchTST,0.22057323157787323,DLinear,0.19236139953136444,0.02821183204650879,iTransformer,0.0344780795276165,0.18609515205025673
20,iTransformer,0.20965363085269928,DLinear,0.2051192969083786,0.004534333944320679,iTransformer,0.20965363085269928,0.0
21,iTransformer,0.20033995807170868,DLinear,0.16575965285301208,0.034580305218696594,iTransformer,0.20033995807170868,0.0
22,PatchTST,0.25552284717559814,DLinear,0.17443084716796875,0.0810920000076294,iTransformer,0.11874598264694214,0.136776864528656
23,DLinear,0.14877384901046753,iTransformer,0.13909350335597992,0.00968034565448761,iTransformer,0.13909350335597992,0.00968034565448761
24,PatchTST,0.12894488871097565,DLinear,0.12099061161279678,0.007954277098178864,iTransformer,0.021328579634428024,0.10761630907654762
25,DLinear,0.15944796800613403,TimesNet,0.11221735179424286,0.047230616211891174,iTransformer,0.07190980762243271,0.08753816038370132
26,iTransformer,0.07091031968593597,DLinear,0.058237940073013306,0.012672379612922668,iTransformer,0.07091031968593597,0.0
27,DLinear,0.07626946270465851,PatchTST,-0.03471206873655319,0.1109815314412117,iTransformer,-0.038353126496076584,0.11462258920073509
28,DLinear,0.14322194457054138,TimesNet,0.12700490653514862,0.01621703803539276,iTransformer,0.09340767562389374,0.049814268946647644
29,iTransformer,0.18414489924907684,PatchTST,0.15779918432235718,0.026345714926719666,iTransformer,0.18414489924907684,0.0
30,PatchTST,0.1560886651277542,iTransformer,0.08515951037406921,0.070929154753685,iTransformer,0.08515951037406921,0.070929154753685
31,iTransformer,0.16075977683067322,PatchTST,0.1278032660484314,0.03295651078224182,iTransformer,0.16075977683067322,0.0
32,PatchTST,0.12315752357244492,iTransformer,0.034502509981393814,0.0886550135910511,iTransformer,0.034502509981393814,0.0886550135910511
33,DLinear,0.1763932704925537,PatchTST,0.12591879069805145,0.05047447979450226,iTransformer,0.04503911733627319,0.13135415315628052
34,iTransformer,0.18044449388980865,PatchTST,0.1259506344795227,0.05449385941028595,iTransformer,0.18044449388980865,0.0
35,iTransformer,0.13604310154914856,PatchTST,0.06241723150014877,0.07362587004899979,iTransformer,0.13604310154914856,0.0
36,DLinear,0.11231224238872528,iTransformer,0.10845035314559937,0.0038618892431259155,iTransformer,0.10845035314559937,0.0038618892431259155
37,iTransformer,0.13928104937076569,DLinear,0.024481195956468582,0.1147998534142971,iTransformer,0.13928104937076569,0.0
38,PatchTST,0.15986743569374084,DLinear,0.07097408175468445,0.0888933539390564,iTransformer,0.0691172182559967,0.09075021743774414
39,DLinear,0.13293278217315674,PatchTST,0.05248181149363518,0.08045097067952156,iTransformer,-0.045783236622810364,0.1787160187959671
40,PatchTST,0.17070327699184418,iTransformer,0.1276465803384781,0.04305669665336609,iTransformer,0.1276465803384781,0.04305669665336609
41,iTransformer,0.1112445741891861,DLinear,0.08866992592811584,0.02257464826107025,iTransformer,0.1112445741891861,0.0
42,iTransformer,0.1124296709895134,PatchTST,0.0771770179271698,0.0352526530623436,iTransformer,0.1124296709895134,0.0
43,TimesNet,0.25349676609039307,iTransformer,0.13827680051326752,0.11521996557712555,iTransformer,0.13827680051326752,0.11521996557712555
44,iTransformer,0.0644635483622551,PatchTST,0.005030750297009945,0.05943279806524515,iTransformer,0.0644635483622551,0.0
45,TimesNet,0.12886042892932892,DLinear,0.07916259765625,0.04969783127307892,iTransformer,-0.014532656408846378,0.1433930853381753
46,PatchTST,0.12695792317390442,iTransformer,0.06762779504060745,0.05933012813329697,iTransformer,0.06762779504060745,0.05933012813329697
47,TimesNet,-0.03879943862557411,DLinear,-0.061257053166627884,0.022457614541053772,iTransformer,-0.11499873548746109,0.07619929686188698
48,TimesNet,0.036764826625585556,iTransformer,-0.016860567033290863,0.05362539365887642,iTransformer,-0.016860567033290863,0.05362539365887642
49,iTransformer,0.031116995960474014,TimesNet,-0.0700884535908699,0.10120544955134392,iTransformer,0.031116995960474014,0.0
50,iTransformer,0.09274617582559586,DLinear,-0.011188018135726452,0.10393419396132231,iTransformer,0.09274617582559586,0.0
51,iTransformer,0.019045669585466385,DLinear,-0.12687605619430542,0.1459217257797718,iTransformer,0.019045669585466385,0.0
52,iTransformer,0.16540905833244324,TimesNet,0.0017202404560521245,0.1636888178763911,iTransformer,0.16540905833244324,0.0
53,iTransformer,0.0395718552172184,DLinear,0.01440921239554882,0.02516264282166958,iTransformer,0.0395718552172184,0.0
54,TimesNet,0.05105295404791832,iTransformer,0.045497145503759384,0.0055558085441589355,iTransformer,0.045497145503759384,0.0055558085441589355
55,TimesNet,0.1777554303407669,iTransformer,0.024016082286834717,0.1537393480539322,iTransformer,0.024016082286834717,0.1537393480539322
56,TimesNet,0.07983285933732986,PatchTST,0.032991815358400345,0.04684104397892952,iTransformer,-0.04141456261277199,0.12124742195010185
57,iTransformer,0.02775164321064949,DLinear,-0.014095587655901909,0.0418472308665514,iTransformer,0.02775164321064949,0.0
58,iTransformer,-0.004101814702153206,PatchTST,-0.04667520895600319,0.04257339425384998,iTransformer,-0.004101814702153206,0.0
59,iTransformer,0.11623895168304443,PatchTST,0.047765154391527176,0.06847379729151726,iTransformer,0.11623895168304443,0.0
60,iTransformer,-0.009713721461594105,TimesNet,-0.10401230305433273,0.09429858159273863,iTransformer,-0.009713721461594105,0.0
61,PatchTST,0.08171280473470688,iTransformer,0.021243618801236153,0.060469185933470726,iTransformer,0.021243618801236153,0.060469185933470726
62,PatchTST,0.0699586495757103,iTransformer,-0.06940674036741257,0.13936538994312286,iTransformer,-0.06940674036741257,0.13936538994312286
63,TimesNet,0.11362098902463913,PatchTST,-0.09442739188671112,0.20804838091135025,iTransformer,-0.15866771340370178,0.2722887024283409
64,PatchTST,0.1305333524942398,TimesNet,0.015046595595777035,0.11548675689846277,iTransformer,0.012450008653104305,0.1180833438411355
65,DLinear,-0.07425642758607864,TimesNet,-0.07930918037891388,0.005052752792835236,iTransformer,-0.11069263517856598,0.036436207592487335
66,TimesNet,0.21707044541835785,iTransformer,-0.022813256829977036,0.23988370224833488,iTransformer,-0.022813256829977036,0.23988370224833488
67,iTransformer,0.0038163845892995596,TimesNet,-0.03776911646127701,0.04158550105057657,iTransformer,0.0038163845892995596,0.0
68,iTransformer,0.024655673652887344,PatchTST,-0.02028714492917061,0.04494281858205795,iTransformer,0.024655673652887344,0.0
69,PatchTST,0.11719899624586105,TimesNet,0.04996674507856369,0.06723225116729736,iTransformer,-0.1120900809764862,0.22928907722234726
70,iTransformer,0.03974008560180664,TimesNet,0.02413833513855934,0.0156017504632473,iTransformer,0.03974008560180664,0.0
71,TimesNet,0.038563840091228485,DLinear,-0.027104180306196213,0.0656680203974247,iTransformer,-0.0400535874068737,0.07861742749810219
72,TimesNet,-0.018928643316030502,PatchTST,-0.06105159968137741,0.04212295636534691,iTransformer,-0.132648304104805,0.11371966078877449
73,TimesNet,0.08942233771085739,iTransformer,0.07273384928703308,0.01668848842382431,iTransformer,0.07273384928703308,0.01668848842382431
74,iTransformer,0.04649769514799118,TimesNet,0.028278540819883347,0.018219154328107834,iTransformer,0.04649769514799118,0.0
75,TimesNet,0.021684182807803154,iTransformer,0.0196360033005476,0.002048179507255554,iTransformer,0.0196360033005476,0.002048179507255554
76,TimesNet,0.022650904953479767,iTransformer,-0.055995579808950424,0.07864648476243019,iTransformer,-0.055995579808950424,0.07864648476243019
77,iTransformer,0.0269722081720829,PatchTST,0.021452544257044792,0.005519663915038109,iTransformer,0.0269722081720829,0.0
78,PatchTST,-0.08971688151359558,iTransformer,-0.09355676174163818,0.0038398802280426025,iTransformer,-0.09355676174163818,0.0038398802280426025
79,TimesNet,-0.001569120679050684,iTransformer,-0.06419186294078827,0.06262274226173759,iTransformer,-0.06419186294078827,0.06262274226173759
80,TimesNet,0.017426008358597755,PatchTST,-0.06797738373279572,0.08540339209139347,iTransformer,-0.10794538259506226,0.12537139095366
81,TimesNet,0.0703510120511055,iTransformer,-0.04050939157605171,0.11086040362715721,iTransformer,-0.04050939157605171,0.11086040362715721
82,TimesNet,0.08446623384952545,iTransformer,-0.046469081193208694,0.13093531504273415,iTransformer,-0.046469081193208694,0.13093531504273415
83,TimesNet,0.09471989423036575,PatchTST,-0.07427088171243668,0.16899077594280243,iTransformer,-0.10480298101902008,0.19952287524938583
84,TimesNet,0.007880632765591145,PatchTST,-0.10580988228321075,0.1136905150488019,iTransformer,-0.12820236384868622,0.13608299661427736
85,TimesNet,0.06236603111028671,PatchTST,0.05464354157447815,0.007722489535808563,iTransformer,-0.05704271048307419,0.1194087415933609
86,iTransformer,0.04421314224600792,PatchTST,-0.004584533628076315,0.048797675874084234,iTransformer,0.04421314224600792,0.0
87,TimesNet,0.005292968358844519,iTransformer,-0.03140906244516373,0.036702030804008245,iTransformer,-0.03140906244516373,0.036702030804008245
88,iTransformer,0.07622158527374268,PatchTST,0.06789081543684006,0.008330769836902618,iTransformer,0.07622158527374268,0.0
89,iTransformer,0.10433189570903778,PatchTST,0.05998104810714722,0.044350847601890564,iTransformer,0.10433189570903778,0.0
90,TimesNet,0.016382524743676186,DLinear,-0.09119337052106857,0.10757589526474476,iTransformer,-0.19311931729316711,0.2095018420368433
91,TimesNet,0.03715056553483009,iTransformer,-0.12566345930099487,0.16281402483582497,iTransformer,-0.12566345930099487,0.16281402483582497
92,TimesNet,0.05751756951212883,iTransformer,-0.04979860410094261,0.10731617361307144,iTransformer,-0.04979860410094261,0.10731617361307144
93,TimesNet,0.08164875954389572,iTransformer,0.02354944497346878,0.05809931457042694,iTransformer,0.02354944497346878,0.05809931457042694
94,TimesNet,0.03815058246254921,PatchTST,-0.008500517345964909,0.04665109980851412,iTransformer,-0.1057353988289833,0.14388598129153252
95,TimesNet,0.0403941385447979,PatchTST,-0.026656499132514,0.0670506376773119,iTransformer,-0.09167701005935669,0.1320711486041546
96,TimesNet,0.007905082777142525,PatchTST,0.0048181358724832535,0.0030869469046592712,iTransformer,-0.05681531876325607,0.0647204015403986
97,TimesNet,0.09999433904886246,PatchTST,-0.04136350378394127,0.14135784283280373,iTransformer,-0.11489305645227432,0.21488739550113678
98,TimesNet,0.2178790271282196,iTransformer,0.018290553241968155,0.19958847388625145,iTransformer,0.018290553241968155,0.19958847388625145
99,TimesNet,0.028544731438159943,DLinear,-0.0696180909872055,0.09816282242536545,iTransformer,-0.16737985610961914,0.19592458754777908
100,TimesNet,0.22617311775684357,iTransformer,-0.051258765161037445,0.277431882917881,iTransformer,-0.051258765161037445,0.277431882917881
101,TimesNet,0.02684716135263443,iTransformer,-0.005198691505938768,0.0320458528585732,iTransformer,-0.005198691505938768,0.0320458528585732
102,iTransformer,0.08744160830974579,PatchTST,-0.028909211978316307,0.1163508202880621,iTransformer,0.08744160830974579,0.0
103,iTransformer,-0.009185909293591976,TimesNet,-0.07596879452466965,0.06678288523107767,iTransformer,-0.009185909293591976,0.0
104,TimesNet,0.23815788328647614,iTransformer,-0.0021015871316194534,0.2402594704180956,iTransformer,-0.0021015871316194534,0.2402594704180956
105,TimesNet,0.08165745437145233,DLinear,-0.0578690730035305,0.13952652737498283,iTransformer,-0.08056052774190903,0.16221798211336136
106,PatchTST,-0.04835886135697365,TimesNet,-0.08495640754699707,0.03659754619002342,iTransformer,-0.15937449038028717,0.11101562902331352
107,TimesNet,0.0740184336900711,PatchTST,-0.026057468727231026,0.10007590241730213,iTransformer,-0.07964791357517242,0.15366634726524353
108,TimesNet,0.0927206352353096,iTransformer,-0.0914047509431839,0.1841253861784935,iTransformer,-0.0914047509431839,0.1841253861784935
109,TimesNet,0.18184144794940948,PatchTST,-0.013875395990908146,0.19571684394031763,iTransformer,-0.01818719692528248,0.20002864487469196
110,TimesNet,0.04591333121061325,iTransformer,-0.09274181723594666,0.1386551484465599,iTransformer,-0.09274181723594666,0.1386551484465599
111,TimesNet,0.17406314611434937,iTransformer,0.025078337639570236,0.14898480847477913,iTransformer,0.025078337639570236,0.14898480847477913
112,TimesNet,0.036085743457078934,iTransformer,-0.10900741070508957,0.1450931541621685,iTransformer,-0.10900741070508957,0.1450931541621685
113,TimesNet,0.024274654686450958,PatchTST,-0.06056906655430794,0.0848437212407589,iTransformer,-0.17518918216228485,0.1994638368487358
114,PatchTST,-0.02911646105349064,DLinear,-0.02941305562853813,0.000296594575047493,iTransformer,-0.04284648597240448,0.013730024918913841
115,DLinear,0.018375255167484283,PatchTST,-0.0512327179312706,0.06960797309875488,iTransformer,-0.08695065230131149,0.10532590746879578
116,TimesNet,0.02821970544755459,DLinear,-0.06570499390363693,0.09392469935119152,iTransformer,-0.147698312997818,0.17591801844537258
117,iTransformer,0.1272694617509842,DLinear,0.06465594470500946,0.06261351704597473,iTransformer,0.1272694617509842,0.0
118,TimesNet,0.10966198891401291,iTransformer,0.10417768359184265,0.005484305322170258,iTransformer,0.10417768359184265,0.005484305322170258
119,iTransformer,0.08468347787857056,DLinear,-0.0013809535885229707,0.08606443146709353,iTransformer,0.08468347787857056,0.0
120,iTransformer,0.07856950163841248,TimesNet,0.07811138778924942,0.0004581138491630554,iTransformer,0.07856950163841248,0.0
121,iTransformer,0.19365178048610687,DLinear,0.11575841158628464,0.07789336889982224,iTransformer,0.19365178048610687,0.0
122,PatchTST,0.028731731697916985,DLinear,0.004295902792364359,0.024435828905552626,iTransformer,-0.03856519237160683,0.06729692406952381
123,TimesNet,0.0664479061961174,DLinear,0.0023622685112059116,0.06408563768491149,iTransformer,-0.07919619977474213,0.14564410597085953
124,iTransformer,0.040005240589380264,DLinear,0.03968559205532074,0.00031964853405952454,iTransformer,0.040005240589380264,0.0
125,TimesNet,0.1777208000421524,PatchTST,-0.004951133858412504,0.1826719339005649,iTransformer,-0.039157040417194366,0.21687784045934677
126,PatchTST,-0.054121486842632294,TimesNet,-0.06689829379320145,0.012776806950569153,iTransformer,-0.07370907813310623,0.019587591290473938
127,TimesNet,0.0805235430598259,iTransformer,-0.021807827055454254,0.10233137011528015,iTransformer,-0.021807827055454254,0.10233137011528015
128,TimesNet,0.12279178947210312,iTransformer,0.00017589125491213053,0.12261589821719099,iTransformer,0.00017589125491213053,0.12261589821719099
129,DLinear,-0.009129254147410393,iTransformer,-0.07480593770742416,0.06567668356001377,iTransformer,-0.07480593770742416,0.06567668356001377
130,PatchTST,0.06611411273479462,DLinear,-0.056249577552080154,0.12236369028687477,iTransformer,-0.13959869742393494,0.20571281015872955
131,iTransformer,0.14176173508167267,TimesNet,-0.05311388894915581,0.19487562403082848,iTransformer,0.14176173508167267,0.0
132,DLinear,-0.04719160869717598,TimesNet,-0.08384312689304352,0.03665151819586754,iTransformer,-0.1942385584115982,0.14704694971442223
133,TimesNet,0.05128467455506325,PatchTST,-0.01260825153440237,0.06389292608946562,iTransformer,-0.03245387598872185,0.0837385505437851
134,TimesNet,0.032319676131010056,PatchTST,-0.05490855500102043,0.08722823113203049,iTransformer,-0.23395536839962006,0.2662750445306301
135,TimesNet,0.04620533436536789,PatchTST,-0.11208264529705048,0.15828797966241837,iTransformer,-0.14079463481903076,0.18699996918439865
136,PatchTST,0.052140191197395325,DLinear,-0.0861060619354248,0.13824625313282013,iTransformer,-0.10190669447183609,0.15404688566923141
137,iTransformer,-0.09597910195589066,PatchTST,-0.10892071574926376,0.012941613793373108,iTransformer,-0.09597910195589066,0.0
138,TimesNet,0.059080179780721664,iTransformer,0.048994280397892,0.010085899382829666,iTransformer,0.048994280397892,0.010085899382829666
139,DLinear,-0.039458099752664566,iTransformer,-0.04647567868232727,0.0070175789296627045,iTransformer,-0.04647567868232727,0.0070175789296627045
140,iTransformer,0.042281243950128555,TimesNet,-0.021972788497805595,0.06425403244793415,iTransformer,0.042281243950128555,0.0
141,TimesNet,0.06436154246330261,PatchTST,-0.03327157720923424,0.09763311967253685,iTransformer,-0.09478452056646347,0.15914606302976608
142,iTransformer,0.0565623976290226,TimesNet,-0.03580165654420853,0.09236405417323112,iTransformer,0.0565623976290226,0.0
143,TimesNet,-0.0651712641119957,PatchTST,-0.09975197911262512,0.034580715000629425,iTransformer,-0.20716875791549683,0.14199749380350113
144,DLinear,-0.007780204527080059,TimesNet,-0.08208485692739487,0.07430465240031481,iTransformer,-0.19447191059589386,0.1866917060688138
145,iTransformer,0.09566833823919296,PatchTST,-0.05658276379108429,0.15225110203027725,iTransformer,0.09566833823919296,0.0
146,TimesNet,0.10550395399332047,iTransformer,-0.028077220544219017,0.13358117453753948,iTransformer,-0.028077220544219017,0.13358117453753948
147,iTransformer,0.06426192075014114,TimesNet,0.00858707632869482,0.05567484442144632,iTransformer,0.06426192075014114,0.0
148,TimesNet,-0.018483635038137436,DLinear,-0.029192037880420685,0.010708402842283249,iTransformer,-0.08993710577487946,0.07145347073674202
149,TimesNet,0.14136356115341187,iTransformer,-0.037182167172431946,0.1785457283258438,iTransformer,-0.037182167172431946,0.1785457283258438
150,TimesNet,0.04330376163125038,PatchTST,-0.024724850431084633,0.06802861206233501,iTransformer,-0.11527302861213684,0.15857679024338722
151,TimesNet,0.10529692471027374,DLinear,-0.04011945798993111,0.14541638270020485,iTransformer,-0.10122957825660706,0.2065265029668808
152,TimesNet,0.20756228268146515,PatchTST,-0.028044726699590683,0.23560700938105583,iTransformer,-0.10237646102905273,0.3099387437105179
153,iTransformer,0.07651607692241669,PatchTST,0.04922494664788246,0.027291130274534225,iTransformer,0.07651607692241669,0.0
154,TimesNet,0.16731101274490356,iTransformer,0.009537608362734318,0.15777340438216925,iTransformer,0.009537608362734318,0.15777340438216925
155,TimesNet,0.012649201788008213,DLinear,-0.014908645302057266,0.02755784709006548,iTransformer,-0.12020877003669739,0.1328579718247056
156,TimesNet,-0.026047132909297943,DLinear,-0.1411624252796173,0.11511529237031937,iTransformer,-0.1454738825559616,0.11942674964666367
157,PatchTST,0.009036022238433361,iTransformer,-0.05332062765955925,0.06235664989799261,iTransformer,-0.05332062765955925,0.06235664989799261
158,iTransformer,-0.04574328660964966,TimesNet,-0.06416665762662888,0.018423371016979218,iTransformer,-0.04574328660964966,0.0
159,iTransformer,-0.06494089215993881,TimesNet,-0.10653257369995117,0.04159168154001236,iTransformer,-0.06494089215993881,0.0
160,TimesNet,-0.04905590042471886,iTransformer,-0.1078781858086586,0.05882228538393974,iTransformer,-0.1078781858086586,0.05882228538393974
161,iTransformer,0.13111723959445953,TimesNet,0.036137212067842484,0.09498002752661705,iTransformer,0.13111723959445953,0.0
162,iTransformer,0.01789689250290394,TimesNet,0.007775576785206795,0.010121315717697144,iTransformer,0.01789689250290394,0.0
163,TimesNet,0.03837030380964279,iTransformer,0.03326990082859993,0.005100402981042862,iTransformer,0.03326990082859993,0.005100402981042862
164,TimesNet,-0.020764268934726715,iTransformer,-0.06716946512460709,0.04640519618988037,iTransformer,-0.06716946512460709,0.04640519618988037
165,iTransformer,0.07507570832967758,PatchTST,-0.061248693615198135,0.13632440194487572,iTransformer,0.07507570832967758,0.0
166,TimesNet,-0.07833113521337509,DLinear,-0.12890386581420898,0.05057273060083389,iTransformer,-0.1894531399011612,0.1111220046877861
167,TimesNet,0.06977055221796036,iTransformer,0.03762294352054596,0.0321476086974144,iTransformer,0.03762294352054596,0.0321476086974144
168,iTransformer,0.16753777861595154,TimesNet,0.16003228724002838,0.007505491375923157,iTransformer,0.16753777861595154,0.0
169,PatchTST,0.04856647923588753,TimesNet,-0.02384205162525177,0.0724085308611393,iTransformer,-0.0263832900673151,0.07494976930320263
170,iTransformer,0.05480407178401947,TimesNet,0.021949004381895065,0.032855067402124405,iTransformer,0.05480407178401947,0.0
171,TimesNet,0.04256509244441986,iTransformer,-0.0039095403626561165,0.04647463280707598,iTransformer,-0.0039095403626561165,0.04647463280707598
172,iTransformer,0.11862143874168396,TimesNet,0.036744337528944016,0.08187710121273994,iTransformer,0.11862143874168396,0.0
173,TimesNet,0.025951243937015533,PatchTST,-0.02298101969063282,0.048932263627648354,iTransformer,-0.04930214211344719,0.07525338605046272
174,iTransformer,0.055451784282922745,TimesNet,-0.04058585688471794,0.09603764116764069,iTransformer,0.055451784282922745,0.0
175,iTransformer,0.23797641694545746,TimesNet,-0.008861156180500984,0.24683757312595844,iTransformer,0.23797641694545746,0.0
176,TimesNet,0.07376991212368011,PatchTST,0.07370766252279282,6.224960088729858e-05,iTransformer,-0.056944482028484344,0.13071439415216446
177,TimesNet,0.039239998906850815,DLinear,-0.026343559846282005,0.06558355875313282,iTransformer,-0.09915824979543686,0.13839824870228767
178,TimesNet,0.02692883275449276,DLinear,0.026723382994532585,0.00020544975996017456,iTransformer,-0.14677740633487701,0.17370623908936977
179,iTransformer,0.15971727669239044,TimesNet,0.14158859848976135,0.01812867820262909,iTransformer,0.15971727669239044,0.0
180,PatchTST,0.10322215408086777,iTransformer,-0.07115375995635986,0.17437591403722763,iTransformer,-0.07115375995635986,0.17437591403722763
181,TimesNet,0.22469107806682587,iTransformer,0.15041951835155487,0.074271559715271,iTransformer,0.15041951835155487,0.074271559715271
182,iTransformer,0.007718751672655344,DLinear,0.004272728227078915,0.0034460234455764294,iTransformer,0.007718751672655344,0.0
183,TimesNet,0.06940273195505142,iTransformer,-0.026550201699137688,0.09595293365418911,iTransformer,-0.026550201699137688,0.09595293365418911
184,PatchTST,0.03477358818054199,TimesNet,0.028784552589058876,0.005989035591483116,iTransformer,-0.0021296634804457426,0.036903251660987735
185,iTransformer,0.05379863828420639,DLinear,0.025121521204710007,0.028677117079496384,iTransformer,0.05379863828420639,0.0
186,PatchTST,0.06867387145757675,iTransformer,-0.008790884166955948,0.0774647556245327,iTransformer,-0.008790884166955948,0.0774647556245327
187,TimesNet,0.11404195427894592,DLinear,-0.03463615104556084,0.14867810532450676,iTransformer,-0.08201046288013458,0.1960524171590805
188,PatchTST,0.05794251710176468,DLinear,0.0392364077270031,0.01870610937476158,iTransformer,-0.031314752995967865,0.08925727009773254
189,PatchTST,0.15783162415027618,DLinear,0.011461892165243626,0.14636973198503256,iTransformer,-0.1134306788444519,0.2712623029947281
190,iTransformer,0.1504586935043335,PatchTST,0.06218712776899338,0.08827156573534012,iTransformer,0.1504586935043335,0.0
191,TimesNet,0.17291952669620514,iTransformer,0.06866740435361862,0.10425212234258652,iTransformer,0.06866740435361862,0.10425212234258652
192,PatchTST,0.09565719962120056,DLinear,0.06540527194738388,0.03025192767381668,iTransformer,-0.03704023361206055,0.1326974332332611
193,DLinear,0.047298021614551544,PatchTST,0.01218503899872303,0.035112982615828514,iTransformer,-0.12574930489063263,0.17304732650518417
194,iTransformer,0.10595089942216873,DLinear,0.0691596046090126,0.03679129481315613,iTransformer,0.10595089942216873,0.0
195,TimesNet,0.25787973403930664,iTransformer,0.14395755529403687,0.11392217874526978,iTransformer,0.14395755529403687,0.11392217874526978
196,DLinear,-0.04549694061279297,iTransformer,-0.05651189014315605,0.011014949530363083,iTransformer,-0.05651189014315605,0.011014949530363083
197,iTransformer,0.1254374235868454,PatchTST,0.11465204507112503,0.010785378515720367,iTransformer,0.1254374235868454,0.0
198,iTransformer,0.20114848017692566,TimesNet,0.056659623980522156,0.1444888561964035,iTransformer,0.20114848017692566,0.0
199,PatchTST,0.058444954454898834,DLinear,-0.05106991529464722,0.10951486974954605,iTransformer,-0.13833491504192352,0.19677986949682236
200,PatchTST,0.05805845558643341,TimesNet,0.032282426953315735,0.025776028633117676,iTransformer,-0.17056158185005188,0.2286200374364853
201,iTransformer,0.030182380229234695,DLinear,-0.022424720227718353,0.05260710045695305,iTransformer,0.030182380229234695,0.0
202,PatchTST,0.01881808415055275,DLinear,-0.020732352510094643,0.03955043666064739,iTransformer,-0.04897741973400116,0.06779550388455391
203,DLinear,-0.022979749366641045,iTransformer,-0.036551009863615036,0.013571260496973991,iTransformer,-0.036551009863615036,0.013571260496973991
204,iTransformer,0.12571628391742706,DLinear,0.05181058496236801,0.07390569895505905,iTransformer,0.12571628391742706,0.0
205,TimesNet,0.1956455111503601,PatchTST,0.06756457686424255,0.12808093428611755,iTransformer,-0.08237757533788681,0.2780230864882469
206,TimesNet,0.22324460744857788,iTransformer,0.06558201462030411,0.15766259282827377,iTransformer,0.06558201462030411,0.15766259282827377
207,PatchTST,0.10042451322078705,DLinear,0.020148441195487976,0.08027607202529907,iTransformer,-0.20380212366580963,0.3042266368865967
208,TimesNet,0.23801282048225403,PatchTST,0.06460384279489517,0.17340897768735886,iTransformer,-0.0783374086022377,0.31635022908449173
209,DLinear,0.011582495644688606,iTransformer,-0.006996115669608116,0.018578611314296722,iTransformer,-0.006996115669608116,0.018578611314296722
210,TimesNet,0.23256662487983704,PatchTST,-0.03172909840941429,0.2642957232892513,iTransformer,-0.03675267845392227,0.2693193033337593
211,TimesNet,0.08831823617219925,DLinear,-0.06374973803758621,0.15206797420978546,iTransformer,-0.16838417947292328,0.25670241564512253
212,iTransformer,-0.00607020128518343,TimesNet,-0.0070136552676558495,0.0009434539824724197,iTransformer,-0.00607020128518343,0.0
213,DLinear,0.02717013657093048,PatchTST,-0.019992541521787643,0.047162678092718124,iTransformer,-0.11679240316152573,0.1439625397324562
214,iTransformer,0.07777994871139526,TimesNet,0.0576879046857357,0.02009204402565956,iTransformer,0.07777994871139526,0.0
215,PatchTST,0.014625433832406998,iTransformer,-0.0373576320707798,0.0519830659031868,iTransformer,-0.0373576320707798,0.0519830659031868
216,DLinear,0.01329416036605835,PatchTST,0.005157377105206251,0.008136783260852098,iTransformer,-0.09161059558391571,0.10490475594997406
217,TimesNet,0.15992987155914307,iTransformer,0.07691701501607895,0.08301285654306412,iTransformer,0.07691701501607895,0.08301285654306412
218,iTransformer,-0.06592757254838943,TimesNet,-0.06748179346323013,0.0015542209148406982,iTransformer,-0.06592757254838943,0.0
219,TimesNet,0.16833506524562836,iTransformer,0.0077417646534740925,0.16059330059215426,iTransformer,0.0077417646534740925,0.16059330059215426
220,TimesNet,-0.03553270921111107,PatchTST,-0.0944967269897461,0.058964017778635025,iTransformer,-0.11561967432498932,0.08008696511387825
221,TimesNet,-0.02929944358766079,PatchTST,-0.09737996011972427,0.06808051653206348,iTransformer,-0.1100463941693306,0.08074695058166981
222,TimesNet,-0.015624899417161942,PatchTST,-0.04394010454416275,0.02831520512700081,iTransformer,-0.2232275903224945,0.20760269090533257
223,iTransformer,0.13425086438655853,TimesNet,0.05820824205875397,0.07604262232780457,iTransformer,0.13425086438655853,0.0
224,iTransformer,0.11806859076023102,PatchTST,0.010868479497730732,0.10720011126250029,iTransformer,0.11806859076023102,0.0
225,TimesNet,0.0728178322315216,PatchTST,-0.0013583059189841151,0.07417613815050572,iTransformer,-0.10751254111528397,0.18033037334680557
226,iTransformer,0.15257203578948975,PatchTST,-0.02234596572816372,0.17491800151765347,iTransformer,0.15257203578948975,0.0
227,TimesNet,0.055004723370075226,iTransformer,-0.03477242588996887,0.0897771492600441,iTransformer,-0.03477242588996887,0.0897771492600441
228,TimesNet,0.1118633970618248,DLinear,-0.02371174842119217,0.13557514548301697,iTransformer,-0.052717458456754684,0.16458085551857948
229,iTransformer,0.18478120863437653,DLinear,-0.023437384516000748,0.20821859315037727,iTransformer,0.18478120863437653,0.0
230,iTransformer,0.027889030054211617,TimesNet,-0.08404126018285751,0.11193029023706913,iTransformer,0.027889030054211617,0.0
231,iTransformer,0.1077638491988182,PatchTST,0.04095214605331421,0.066811703145504,iTransformer,0.1077638491988182,0.0
232,iTransformer,0.14814379811286926,TimesNet,0.10530596226453781,0.04283783584833145,iTransformer,0.14814379811286926,0.0
233,iTransformer,0.11975210905075073,PatchTST,-0.018909547477960587,0.13866165652871132,iTransformer,0.11975210905075073,0.0
234,PatchTST,0.04514354467391968,iTransformer,0.02757214941084385,0.01757139526307583,iTransformer,0.02757214941084385,0.01757139526307583
235,iTransformer,0.084900863468647,TimesNet,-0.003180470783263445,0.08808133425191045,iTransformer,0.084900863468647,0.0
236,DLinear,0.03727853670716286,PatchTST,0.012145058251917362,0.025133478455245495,iTransformer,-0.16286835074424744,0.2001468874514103
237,iTransformer,0.1394166201353073,PatchTST,0.10364700108766556,0.035769619047641754,iTransformer,0.1394166201353073,0.0
238,iTransformer,0.06214543804526329,PatchTST,0.026997186243534088,0.0351482518017292,iTransformer,0.06214543804526329,0.0
239,iTransformer,0.12393553555011749,PatchTST,0.060624752193689346,0.06331078335642815,iTransformer,0.12393553555011749,0.0
240,iTransformer,0.15629294514656067,TimesNet,0.14606498181819916,0.010227963328361511,iTransformer,0.15629294514656067,0.0
241,iTransformer,0.0932762548327446,DLinear,0.03759578615427017,0.055680468678474426,iTransformer,0.0932762548327446,0.0
242,DLinear,0.09540487080812454,PatchTST,0.05855664983391762,0.036848220974206924,iTransformer,-0.008654354140162468,0.10405922494828701
243,DLinear,0.08687367290258408,PatchTST,0.047929178923368454,0.03894449397921562,iTransformer,-0.009373943321406841,0.09624761622399092
244,iTransformer,0.18444454669952393,PatchTST,0.11020733416080475,0.07423721253871918,iTransformer,0.18444454669952393,0.0
245,PatchTST,0.06566031277179718,iTransformer,-0.018367625772953033,0.08402793854475021,iTransformer,-0.018367625772953033,0.08402793854475021
246,iTransformer,0.07411415129899979,DLinear,-0.012010179460048676,0.08612433075904846,iTransformer,0.07411415129899979,0.0
247,iTransformer,-0.012493303045630455,PatchTST,-0.029723573476076126,0.01723027043044567,iTransformer,-0.012493303045630455,0.0
248,PatchTST,0.010336131788790226,DLinear,-0.05372630059719086,0.06406243238598108,iTransformer,-0.09060201793909073,0.10093814972788095
249,iTransformer,0.039576273411512375,TimesNet,-0.05657702311873436,0.09615329653024673,iTransformer,0.039576273411512375,0.0
250,iTransformer,0.12235841900110245,TimesNet,0.017822062596678734,0.10453635640442371,iTransformer,0.12235841900110245,0.0
251,PatchTST,0.07689282298088074,TimesNet,-0.05202686786651611,0.12891969084739685,iTransformer,-0.10659079253673553,0.18348361551761627
252,iTransformer,0.040079515427351,TimesNet,-0.1185651496052742,0.1586446650326252,iTransformer,0.040079515427351,0.0
253,DLinear,-7.852799899410456e-05,PatchTST,-0.0016771842492744327,0.001598656250280328,iTransformer,-0.12236674875020981,0.1222882207512157
254,DLinear,0.05052861571311951,PatchTST,-0.02736394666135311,0.07789256237447262,iTransformer,-0.034465763717889786,0.08499437943100929
255,DLinear,0.05813757702708244,PatchTST,0.025049779564142227,0.033087797462940216,iTransformer,0.01654270477592945,0.04159487225115299
256,PatchTST,0.06796170771121979,DLinear,0.06434021890163422,0.0036214888095855713,iTransformer,-0.014160477556288242,0.08212218526750803
257,iTransformer,0.10123149305582047,DLinear,0.021531350910663605,0.07970014214515686,iTransformer,0.10123149305582047,0.0
258,TimesNet,0.1062815859913826,iTransformer,0.023436935618519783,0.08284465037286282,iTransformer,0.023436935618519783,0.08284465037286282
259,PatchTST,0.16933771967887878,iTransformer,0.050899092108011246,0.11843862757086754,iTransformer,0.050899092108011246,0.11843862757086754
260,TimesNet,0.0841391310095787,iTransformer,0.06378354132175446,0.02035558968782425,iTransformer,0.06378354132175446,0.02035558968782425
261,TimesNet,0.17943355441093445,DLinear,0.05434805899858475,0.1250854954123497,iTransformer,0.0035672029480338097,0.17586635146290064
262,iTransformer,-0.01103905402123928,PatchTST,-0.060426708310842514,0.04938765428960323,iTransformer,-0.01103905402123928,0.0
263,PatchTST,0.0962815135717392,iTransformer,0.03981061652302742,0.05647089704871178,iTransformer,0.03981061652302742,0.05647089704871178
264,DLinear,0.07050837576389313,PatchTST,0.06254570931196213,0.007962666451931,iTransformer,-0.08511680364608765,0.15562517940998077
265,TimesNet,0.08471265435218811,iTransformer,0.013408060185611248,0.07130459416657686,iTransformer,0.013408060185611248,0.07130459416657686
266,iTransformer,0.17646662890911102,PatchTST,0.012003021314740181,0.16446360759437084,iTransformer,0.17646662890911102,0.0
267,PatchTST,0.16244705021381378,iTransformer,0.10504327714443207,0.057403773069381714,iTransformer,0.10504327714443207,0.057403773069381714
268,iTransformer,0.049713362008333206,DLinear,0.04519994184374809,0.0045134201645851135,iTransformer,0.049713362008333206,0.0
269,DLinear,0.028595201671123505,PatchTST,-0.023536793887615204,0.05213199555873871,iTransformer,-0.047912273555994034,0.07650747522711754
270,iTransformer,0.16377496719360352,PatchTST,0.12224038690328598,0.041534580290317535,iTransformer,0.16377496719360352,0.0
271,DLinear,0.08689995110034943,iTransformer,0.023309174925088882,0.06359077617526054,iTransformer,0.023309174925088882,0.06359077617526054
272,iTransformer,0.1498364359140396,PatchTST,0.07903242111206055,0.07080401480197906,iTransformer,0.1498364359140396,0.0
273,DLinear,0.1394631564617157,iTransformer,0.09716054052114487,0.04230261594057083,iTransformer,0.09716054052114487,0.04230261594057083
274,DLinear,0.07631922513246536,iTransformer,0.0009375729132443666,0.075381652219221,iTransformer,0.0009375729132443666,0.075381652219221
275,DLinear,0.21870970726013184,iTransformer,0.05591475963592529,0.16279494762420654,iTransformer,0.05591475963592529,0.16279494762420654
276,DLinear,0.06549663096666336,iTransformer,0.03584877401590347,0.029647856950759888,iTransformer,0.03584877401590347,0.029647856950759888
277,iTransformer,0.0732363611459732,DLinear,0.06118357554078102,0.012052785605192184,iTransformer,0.0732363611459732,0.0
278,iTransformer,0.12366462498903275,DLinear,0.0798434168100357,0.04382120817899704,iTransformer,0.12366462498903275,0.0
279,DLinear,0.12453839927911758,iTransformer,0.08494195342063904,0.039596445858478546,iTransformer,0.08494195342063904,0.039596445858478546
280,iTransformer,0.1447155773639679,DLinear,0.12558475136756897,0.019130825996398926,iTransformer,0.1447155773639679,0.0
281,DLinear,0.15266963839530945,iTransformer,0.08245082199573517,0.07021881639957428,iTransformer,0.08245082199573517,0.07021881639957428
282,iTransformer,0.16409091651439667,DLinear,0.12479222565889359,0.03929869085550308,iTransformer,0.16409091651439667,0.0
283,DLinear,0.11097963154315948,PatchTST,-0.034542981535196304,0.1455226130783558,iTransformer,-0.11139406263828278,0.22237369418144226
284,DLinear,0.0953441858291626,PatchTST,0.06873165816068649,0.026612527668476105,iTransformer,-0.04945504665374756,0.14479923248291016
285,DLinear,0.11449170857667923,iTransformer,0.11192803829908371,0.00256367027759552,iTransformer,0.11192803829908371,0.00256367027759552
286,iTransformer,0.07654120773077011,DLinear,0.05222972854971886,0.024311479181051254,iTransformer,0.07654120773077011,0.0
287,TimesNet,0.19243240356445312,iTransformer,0.12532363831996918,0.06710876524448395,iTransformer,0.12532363831996918,0.06710876524448395
288,DLinear,0.17663884162902832,iTransformer,0.12478438764810562,0.0518544539809227,iTransformer,0.12478438764810562,0.0518544539809227
289,TimesNet,0.18244896829128265,DLinear,0.11210692673921585,0.0703420415520668,iTransformer,0.04089101403951645,0.1415579542517662
290,DLinear,0.08087755739688873,TimesNet,0.06398192793130875,0.016895629465579987,iTransformer,0.0016742757288739085,0.07920328166801482
291,TimesNet,0.18860509991645813,iTransformer,0.1227627694606781,0.06584233045578003,iTransformer,0.1227627694606781,0.06584233045578003
292,DLinear,0.0947720929980278,PatchTST,0.03763804957270622,0.05713404342532158,iTransformer,-0.016113609075546265,0.11088570207357407
293,DLinear,0.0977754294872284,iTransformer,-0.059472642838954926,0.15724807232618332,iTransformer,-0.059472642838954926,0.15724807232618332
294,iTransformer,0.1259506642818451,DLinear,0.08931727707386017,0.036633387207984924,iTransformer,0.1259506642818451,0.0
295,PatchTST,0.12387612462043762,DLinear,0.11213790625333786,0.011738218367099762,iTransformer,-0.016361208632588387,0.140237333253026
296,TimesNet,0.10233066231012344,DLinear,0.08871739357709885,0.013613268733024597,iTransformer,-0.08688287436962128,0.18921353667974472
297,TimesNet,0.1324700117111206,DLinear,0.09730123728513718,0.03516877442598343,iTransformer,0.01864943653345108,0.11382057517766953
298,DLinear,0.1754406988620758,PatchTST,0.0950402244925499,0.08040047436952591,iTransformer,-0.09018614143133163,0.26562684029340744
299,TimesNet,0.14192797243595123,DLinear,0.08569300174713135,0.056234970688819885,iTransformer,-0.16445758938789368,0.3063855618238449
300,iTransformer,0.06777142733335495,TimesNet,0.06730093061923981,0.0004704967141151428,iTransformer,0.06777142733335495,0.0
301,TimesNet,0.22446896135807037,DLinear,0.08592400699853897,0.1385449543595314,iTransformer,-0.005471902433782816,0.2299408637918532
302,PatchTST,0.1628822535276413,TimesNet,0.06644007563591003,0.09644217789173126,iTransformer,0.06608627736568451,0.09679597616195679
303,TimesNet,0.2344793826341629,DLinear,0.059007428586483,0.1754719540476799,iTransformer,0.01403278112411499,0.2204466015100479
304,TimesNet,0.016370922327041626,DLinear,0.007027306128293276,0.00934361619874835,iTransformer,-0.14983685314655304,0.16620777547359467
305,PatchTST,0.12011147290468216,DLinear,0.023640917614102364,0.0964705552905798,iTransformer,0.00994174089282751,0.11016973201185465
306,DLinear,0.12032650411128998,TimesNet,-0.06714275479316711,0.1874692589044571,iTransformer,-0.07825221866369247,0.19857872277498245
307,PatchTST,0.09023544192314148,DLinear,0.02762909047305584,0.06260635145008564,iTransformer,-0.042349789291620255,0.13258523121476173
308,iTransformer,0.09498701244592667,DLinear,-0.01445916760712862,0.10944618005305529,iTransformer,0.09498701244592667,0.0
309,iTransformer,-0.03862673416733742,DLinear,-0.041094765067100525,0.0024680308997631073,iTransformer,-0.03862673416733742,0.0
310,DLinear,0.02154628373682499,PatchTST,0.01706956885755062,0.004476714879274368,iTransformer,-0.20619149506092072,0.2277377787977457
311,DLinear,0.053343869745731354,TimesNet,0.008521211333572865,0.04482265841215849,iTransformer,0.002206685720011592,0.05113718402571976
312,DLinear,0.020981596782803535,PatchTST,0.017800534144043922,0.003181062638759613,iTransformer,-0.01743134669959545,0.03841294348239899
313,PatchTST,0.01097628753632307,TimesNet,-0.06934759765863419,0.08032388519495726,iTransformer,-0.09155169129371643,0.1025279788300395
314,TimesNet,0.059783246368169785,DLinear,-0.03017585165798664,0.08995909802615643,iTransformer,-0.15523244440555573,0.2150156907737255
315,PatchTST,0.11589369177818298,DLinear,0.06877171248197556,0.04712197929620743,iTransformer,0.027892207726836205,0.08800148405134678
316,iTransformer,0.1527368426322937,TimesNet,0.025648925453424454,0.12708791717886925,iTransformer,0.1527368426322937,0.0
317,TimesNet,0.09983750432729721,DLinear,-0.053406115621328354,0.15324361994862556,iTransformer,-0.1255740076303482,0.22541151195764542
318,TimesNet,0.021060049533843994,DLinear,0.004046767484396696,0.017013282049447298,iTransformer,-0.028351571410894394,0.04941162094473839
319,TimesNet,-0.017365243285894394,DLinear,-0.017486069351434708,0.00012082606554031372,iTransformer,-0.08464646339416504,0.06728122010827065
320,PatchTST,0.09226875007152557,DLinear,-0.0204217080026865,0.11269045807421207,iTransformer,-0.043505650013685226,0.1357744000852108
321,PatchTST,0.006613648496568203,DLinear,-0.004779770504683256,0.011393419001251459,iTransformer,-0.01700770854949951,0.023621357046067715
322,PatchTST,0.0598115399479866,DLinear,0.055181361734867096,0.004630178213119507,iTransformer,-0.07183559983968735,0.13164713978767395
323,iTransformer,0.05565119907259941,TimesNet,0.013156949542462826,0.042494249530136585,iTransformer,0.05565119907259941,0.0
324,DLinear,-0.00905776210129261,TimesNet,-0.020992660894989967,0.011934898793697357,iTransformer,-0.07319947332143784,0.06414171122014523
325,TimesNet,0.030765550211071968,iTransformer,-0.012029096484184265,0.04279464669525623,iTransformer,-0.012029096484184265,0.04279464669525623
326,TimesNet,0.1280955672264099,PatchTST,0.04612671956419945,0.08196884766221046,iTransformer,-0.0356290377676487,0.1637246049940586
327,iTransformer,0.04024885967373848,DLinear,-0.009588047862052917,0.0498369075357914,iTransformer,0.04024885967373848,0.0
328,TimesNet,0.045109160244464874,iTransformer,0.04120717570185661,0.003901984542608261,iTransformer,0.04120717570185661,0.003901984542608261
329,TimesNet,0.07066120952367783,PatchTST,0.04325288534164429,0.02740832418203354,iTransformer,-0.2523380219936371,0.3229992315173149
330,iTransformer,0.06939636915922165,PatchTST,-0.011187061667442322,0.08058343082666397,iTransformer,0.06939636915922165,0.0
331,DLinear,-0.05949471890926361,iTransformer,-0.1239849403500557,0.06449022144079208,iTransformer,-0.1239849403500557,0.06449022144079208
332,TimesNet,0.19252638518810272,DLinear,-0.08285078406333923,0.27537716925144196,iTransformer,-0.20566651225090027,0.398192897439003
333,TimesNet,-0.04016638547182083,iTransformer,-0.08390932530164719,0.043742939829826355,iTransformer,-0.08390932530164719,0.043742939829826355
334,iTransformer,0.10662800818681717,TimesNet,0.06669793277978897,0.0399300754070282,iTransformer,0.10662800818681717,0.0
335,TimesNet,-0.03101092390716076,DLinear,-0.06347618997097015,0.032465266063809395,iTransformer,-0.06451688706874847,0.033505963161587715
336,PatchTST,-0.015821916982531548,TimesNet,-0.03567200154066086,0.01985008455812931,iTransformer,-0.1711280792951584,0.15530616231262684
337,iTransformer,0.009082507342100143,DLinear,-0.004028067458420992,0.013110574800521135,iTransformer,0.009082507342100143,0.0
338,TimesNet,0.03572718799114227,iTransformer,-0.008876274339854717,0.04460346233099699,iTransformer,-0.008876274339854717,0.04460346233099699
339,TimesNet,-0.0950809195637703,DLinear,-0.10137305408716202,0.006292134523391724,iTransformer,-0.18189522624015808,0.08681430667638779
340,TimesNet,-0.08369434624910355,iTransformer,-0.08920151740312576,0.005507171154022217,iTransformer,-0.08920151740312576,0.005507171154022217
341,TimesNet,0.11604159325361252,iTransformer,0.11247974634170532,0.003561846911907196,iTransformer,0.11247974634170532,0.003561846911907196
342,TimesNet,0.18076302111148834,DLinear,-0.01593596488237381,0.19669898599386215,iTransformer,-0.10987538844347,0.29063840955495834
343,DLinear,0.015744073316454887,PatchTST,-0.007675169501453638,0.023419242817908525,iTransformer,-0.05126349255442619,0.06700756587088108
344,PatchTST,0.14476121962070465,iTransformer,0.09547160565853119,0.04928961396217346,iTransformer,0.09547160565853119,0.04928961396217346
345,PatchTST,0.07029315829277039,DLinear,-0.01725863479077816,0.08755179308354855,iTransformer,-0.2243630439043045,0.2946562021970749
346,iTransformer,0.03295482322573662,TimesNet,0.0011735940352082253,0.03178122919052839,iTransformer,0.03295482322573662,0.0
347,TimesNet,0.0559542253613472,PatchTST,-0.009322104975581169,0.06527633033692837,iTransformer,-0.14035722613334656,0.19631145149469376
348,iTransformer,0.1276392638683319,DLinear,-9.966949437512085e-05,0.12773893336270703,iTransformer,0.1276392638683319,0.0
349,iTransformer,0.054824791848659515,TimesNet,0.025730235502123833,0.029094556346535683,iTransformer,0.054824791848659515,0.0
350,TimesNet,0.14307686686515808,iTransformer,0.0624556839466095,0.08062118291854858,iTransformer,0.0624556839466095,0.08062118291854858
351,TimesNet,-0.02967851795256138,DLinear,-0.06383483111858368,0.0341563131660223,iTransformer,-0.09181344509124756,0.06213492713868618
352,PatchTST,0.037612657994031906,TimesNet,-0.06473302841186523,0.10234568640589714,iTransformer,-0.12186096608638763,0.15947362408041954
353,iTransformer,0.030954528599977493,PatchTST,0.01957215555012226,0.011382373049855232,iTransformer,0.030954528599977493,0.0
354,TimesNet,0.0036345473490655422,iTransformer,-0.04487616941332817,0.04851071676239371,iTransformer,-0.04487616941332817,0.04851071676239371
355,iTransformer,0.18441258370876312,TimesNet,-0.10220477730035782,0.28661736100912094,iTransformer,0.18441258370876312,0.0
356,iTransformer,0.08843935281038284,TimesNet,-0.0428861640393734,0.13132551684975624,iTransformer,0.08843935281038284,0.0
357,TimesNet,0.15109656751155853,iTransformer,-0.007370618171989918,0.15846718568354845,iTransformer,-0.007370618171989918,0.15846718568354845
358,TimesNet,0.005798411555588245,DLinear,-0.07946904748678207,0.08526745904237032,iTransformer,-0.1015152782201767,0.10731368977576494
359,iTransformer,0.055160488933324814,TimesNet,-0.0847904160618782,0.13995090499520302,iTransformer,0.055160488933324814,0.0
360,PatchTST,0.11506400257349014,TimesNet,-0.09473919123411179,0.20980319380760193,iTransformer,-0.19253107905387878,0.3075950816273689
361,TimesNet,0.16632404923439026,PatchTST,0.02367786318063736,0.1426461860537529,iTransformer,-0.1641579568386078,0.33048200607299805
362,DLinear,-0.07641269266605377,iTransformer,-0.08374664932489395,0.0073339566588401794,iTransformer,-0.08374664932489395,0.0073339566588401794
363,TimesNet,0.09894223511219025,PatchTST,0.06733334809541702,0.031608887016773224,iTransformer,-0.027769671753048897,0.12671190686523914
364,TimesNet,0.10307371616363525,iTransformer,-0.013452751561999321,0.11652646772563457,iTransformer,-0.013452751561999321,0.11652646772563457
365,PatchTST,-0.03310928866267204,TimesNet,-0.03695564344525337,0.0038463547825813293,iTransformer,-0.09322915971279144,0.0601198710501194
366,PatchTST,0.003506004810333252,DLinear,-0.07495374977588654,0.07845975458621979,iTransformer,-0.10413646697998047,0.10764247179031372
367,DLinear,0.002148710424080491,PatchTST,-0.08100085705518723,0.08314956747926772,iTransformer,-0.13497231900691986,0.13712102943100035
368,PatchTST,-0.003688697936013341,TimesNet,-0.03158944845199585,0.02790075051598251,iTransformer,-0.05872086063027382,0.05503216269426048
369,iTransformer,0.023692602291703224,TimesNet,-0.002272214973345399,0.025964817265048623,iTransformer,0.023692602291703224,0.0
370,TimesNet,0.06465602666139603,iTransformer,0.015473978593945503,0.04918204806745052,iTransformer,0.015473978593945503,0.04918204806745052
371,TimesNet,0.09544313699007034,PatchTST,-0.05982314050197601,0.15526627749204636,iTransformer,-0.06534356623888016,0.1607867032289505
372,TimesNet,-0.018695130944252014,PatchTST,-0.09338018298149109,0.07468505203723907,iTransformer,-0.18302012979984283,0.16432499885559082
373,TimesNet,0.04802688956260681,PatchTST,-0.05904902145266533,0.10707591101527214,iTransformer,-0.20743826031684875,0.25546514987945557
374,TimesNet,0.057831812649965286,iTransformer,-0.0793285220861435,0.13716033473610878,iTransformer,-0.0793285220861435,0.13716033473610878
375,TimesNet,-0.06924871355295181,PatchTST,-0.07659339159727097,0.007344678044319153,iTransformer,-0.13745637238025665,0.06820765882730484
376,iTransformer,0.053579241037368774,TimesNet,0.009929128922522068,0.043650112114846706,iTransformer,0.053579241037368774,0.0
377,iTransformer,0.19612331688404083,DLinear,-0.033433087170124054,0.2295564040541649,iTransformer,0.19612331688404083,0.0
378,TimesNet,0.02428748831152916,iTransformer,-0.0344039723277092,0.05869146063923836,iTransformer,-0.0344039723277092,0.05869146063923836
379,PatchTST,0.05625028535723686,TimesNet,-0.08988764882087708,0.14613793417811394,iTransformer,-0.2558107376098633,0.31206102296710014
380,TimesNet,0.05332629755139351,iTransformer,0.023943409323692322,0.029382888227701187,iTransformer,0.023943409323692322,0.029382888227701187
381,DLinear,-0.006828236859291792,PatchTST,-0.02702970616519451,0.02020146930590272,iTransformer,-0.1853867620229721,0.17855852516368032
382,TimesNet,0.18526539206504822,iTransformer,-0.014928623102605343,0.20019401516765356,iTransformer,-0.014928623102605343,0.20019401516765356
383,PatchTST,0.044044941663742065,iTransformer,-0.0154281510040164,0.059473092667758465,iTransformer,-0.0154281510040164,0.059473092667758465
384,PatchTST,0.030600182712078094,TimesNet,-0.034912124276161194,0.06551230698823929,iTransformer,-0.05060991644859314,0.08121009916067123
385,PatchTST,-0.04601345211267471,TimesNet,-0.0635128766298294,0.017499424517154694,iTransformer,-0.17255358397960663,0.12654013186693192
386,DLinear,-0.021203136071562767,iTransformer,-0.03909851238131523,0.017895376309752464,iTransformer,-0.03909851238131523,0.017895376309752464
387,TimesNet,0.03512830287218094,PatchTST,0.026812709867954254,0.008315593004226685,iTransformer,-0.05486723780632019,0.08999554067850113
388,TimesNet,-0.005767174996435642,iTransformer,-0.1336934119462967,0.12792623694986105,iTransformer,-0.1336934119462967,0.12792623694986105
389,TimesNet,0.04460226744413376,PatchTST,-0.029497478157281876,0.07409974560141563,iTransformer,-0.2062053233385086,0.25080759078264236
390,iTransformer,0.13696415722370148,TimesNet,0.07424192875623703,0.06272222846746445,iTransformer,0.13696415722370148,0.0
391,TimesNet,0.05176709219813347,DLinear,0.022811468690633774,0.028955623507499695,iTransformer,-0.21872225403785706,0.2704893462359905
392,PatchTST,0.034823786467313766,iTransformer,0.03279081732034683,0.002032969146966934,iTransformer,0.03279081732034683,0.002032969146966934
393,PatchTST,-0.01731225475668907,iTransformer,-0.034873247146606445,0.017560992389917374,iTransformer,-0.034873247146606445,0.017560992389917374
394,DLinear,0.07908787578344345,TimesNet,-0.0362723171710968,0.11536019295454025,iTransformer,-0.05501812323927879,0.13410599902272224
395,PatchTST,0.09724130481481552,TimesNet,0.06666357815265656,0.030577726662158966,iTransformer,-0.10807901620864868,0.2053203210234642
396,iTransformer,0.1003284901380539,PatchTST,0.05976862460374832,0.04055986553430557,iTransformer,0.1003284901380539,0.0
397,iTransformer,0.07330034673213959,PatchTST,0.0302535742521286,0.043046772480010986,iTransformer,0.07330034673213959,0.0
398,TimesNet,0.13620948791503906,iTransformer,0.11339113861322403,0.022818349301815033,iTransformer,0.11339113861322403,0.022818349301815033
399,TimesNet,0.2156248539686203,iTransformer,0.10028708726167679,0.11533776670694351,iTransformer,0.10028708726167679,0.11533776670694351
400,PatchTST,0.08205103874206543,TimesNet,0.053715866059064865,0.028335172683000565,iTransformer,-0.03554150462150574,0.11759254336357117
401,TimesNet,0.09829161316156387,DLinear,0.01857941225171089,0.07971220090985298,iTransformer,-0.07902982831001282,0.1773214414715767
402,PatchTST,0.20461630821228027,TimesNet,0.06599295139312744,0.13862335681915283,iTransformer,-0.09242188930511475,0.297038197517395
403,PatchTST,0.1601860374212265,TimesNet,0.08114305138587952,0.07904298603534698,iTransformer,-0.16074466705322266,0.32093070447444916
404,iTransformer,0.07735469937324524,PatchTST,0.0758277177810669,0.0015269815921783447,iTransformer,0.07735469937324524,0.0
405,PatchTST,0.09349004924297333,DLinear,0.08339402824640274,0.010096020996570587,iTransformer,-0.10049809515476227,0.1939881443977356
406,TimesNet,0.06798821687698364,PatchTST,0.025757642462849617,0.042230574414134026,iTransformer,0.025757579132914543,0.0422306377440691
407,TimesNet,0.12740227580070496,DLinear,-0.01760440319776535,0.1450066789984703,iTransformer,-0.059341248124837875,0.18674352392554283
408,TimesNet,0.006199453491717577,PatchTST,-0.004231433384120464,0.010430886875838041,iTransformer,-0.18710772693157196,0.19330718042328954
409,PatchTST,0.14045262336730957,DLinear,0.03578989580273628,0.10466272756457329,iTransformer,-0.1379942148923874,0.27844683825969696
410,PatchTST,0.12080048769712448,TimesNet,0.1089220717549324,0.011878415942192078,iTransformer,-0.22723355889320374,0.3480340465903282
411,TimesNet,0.2314939796924591,iTransformer,0.15680257976055145,0.07469139993190765,iTransformer,0.15680257976055145,0.07469139993190765
412,iTransformer,0.12039611488580704,TimesNet,0.016905607655644417,0.10349050723016262,iTransformer,0.12039611488580704,0.0
413,PatchTST,-0.00055217050248757,TimesNet,-0.024942800402641296,0.024390629900153726,iTransformer,-0.05505325645208359,0.05450108594959602
414,TimesNet,0.012929788790643215,PatchTST,0.005845480132848024,0.007084308657795191,iTransformer,-0.014988851733505726,0.02791864052414894
415,DLinear,0.09616377204656601,iTransformer,0.09475687146186829,0.0014069005846977234,iTransformer,0.09475687146186829,0.0014069005846977234
416,PatchTST,0.11715390533208847,DLinear,0.08358856290578842,0.03356534242630005,iTransformer,-0.03048085607588291,0.14763476140797138
417,iTransformer,0.10699095577001572,TimesNet,0.03595002368092537,0.07104093208909035,iTransformer,0.10699095577001572,0.0
418,PatchTST,0.1200644001364708,TimesNet,0.05503033474087715,0.06503406539559364,iTransformer,-0.016611279919743538,0.13667568005621433
419,PatchTST,0.13296276330947876,TimesNet,-0.030675359070301056,0.16363812237977982,iTransformer,-0.21865268051624298,0.35161544382572174
420,TimesNet,0.1619492471218109,iTransformer,0.0006417309632524848,0.16130751615855843,iTransformer,0.0006417309632524848,0.16130751615855843
421,TimesNet,0.14399677515029907,iTransformer,-0.03194454312324524,0.1759413182735443,iTransformer,-0.03194454312324524,0.1759413182735443
422,TimesNet,0.11805468052625656,PatchTST,0.030524415895342827,0.08753026463091373,iTransformer,-0.07928093522787094,0.1973356157541275
423,TimesNet,0.013503738678991795,PatchTST,-0.07015199959278107,0.08365573827177286,iTransformer,-0.13819745182991028,0.15170119050890207
424,TimesNet,0.010109810158610344,iTransformer,-0.01994296722114086,0.030052777379751205,iTransformer,-0.01994296722114086,0.030052777379751205
425,iTransformer,0.15738746523857117,PatchTST,0.11981584131717682,0.03757162392139435,iTransformer,0.15738746523857117,0.0
426,TimesNet,0.21549935638904572,PatchTST,0.08956655859947205,0.12593279778957367,iTransformer,-0.0282116886228323,0.243711045011878
427,TimesNet,0.1435161530971527,iTransformer,0.0641680583357811,0.07934809476137161,iTransformer,0.0641680583357811,0.07934809476137161
428,PatchTST,0.0327288992702961,iTransformer,0.022973688319325447,0.00975521095097065,iTransformer,0.022973688319325447,0.00975521095097065
429,TimesNet,0.04177197068929672,DLinear,0.0383274219930172,0.0034445486962795258,iTransformer,-0.05716118961572647,0.0989331603050232
430,TimesNet,0.08808249235153198,iTransformer,-0.055747125297784805,0.1438296176493168,iTransformer,-0.055747125297784805,0.1438296176493168
431,TimesNet,0.10829043388366699,iTransformer,-0.011285897344350815,0.11957633122801781,iTransformer,-0.011285897344350815,0.11957633122801781
432,DLinear,-0.03791061416268349,TimesNet,-0.07510536909103394,0.03719475492835045,iTransformer,-0.1622088998556137,0.12429828569293022
433,iTransformer,0.09202131628990173,PatchTST,-0.07030892372131348,0.1623302400112152,iTransformer,0.09202131628990173,0.0
434,TimesNet,0.2820720672607422,iTransformer,0.037802860140800476,0.2442692071199417,iTransformer,0.037802860140800476,0.2442692071199417
435,TimesNet,0.19266630709171295,DLinear,-0.0733012929558754,0.26596760004758835,iTransformer,-0.11745796352624893,0.3101242706179619
436,TimesNet,0.14794376492500305,PatchTST,-0.08957476913928986,0.2375185340642929,iTransformer,-0.1118314117193222,0.25977517664432526
437,TimesNet,0.02804255671799183,DLinear,-0.1010572761297226,0.12909983284771442,iTransformer,-0.20471172034740448,0.2327542770653963
438,TimesNet,0.054409295320510864,PatchTST,0.03956387937068939,0.014845415949821472,iTransformer,-0.03822839632630348,0.09263769164681435
439,TimesNet,0.0032004027161747217,PatchTST,-0.00013954266614746302,0.0033399453823221847,iTransformer,-0.008567402139306068,0.01176780485548079
440,TimesNet,0.06035628169775009,iTransformer,0.012856426648795605,0.04749985504895449,iTransformer,0.012856426648795605,0.04749985504895449
441,iTransformer,0.0474468469619751,PatchTST,-0.05425943806767464,0.10170628502964973,iTransformer,0.0474468469619751,0.0
442,PatchTST,0.05808502808213234,TimesNet,-0.07231484353542328,0.13039987161755562,iTransformer,-0.07512269169092178,0.13320771977305412
443,PatchTST,-0.05515504255890846,TimesNet,-0.05632839724421501,0.001173354685306549,iTransformer,-0.1328205019235611,0.07766545936465263
444,TimesNet,0.0769972875714302,PatchTST,-0.060637567192316055,0.13763485476374626,iTransformer,-0.18782345950603485,0.26482074707746506
445,iTransformer,0.10076209157705307,TimesNet,0.03117986209690571,0.06958222948014736,iTransformer,0.10076209157705307,0.0
446,PatchTST,0.004733213689178228,TimesNet,0.0025423336774110794,0.002190880011767149,iTransformer,-0.06714960932731628,0.07188282301649451
447,PatchTST,0.03567250072956085,TimesNet,-0.031777482479810715,0.06744998320937157,iTransformer,-0.051223963499069214,0.08689646422863007
448,iTransformer,0.13325892388820648,TimesNet,-0.05739155039191246,0.19065047428011894,iTransformer,0.13325892388820648,0.0
449,PatchTST,0.05862555652856827,iTransformer,0.0036687927786260843,0.054956763749942183,iTransformer,0.0036687927786260843,0.054956763749942183
450,TimesNet,0.0593644455075264,PatchTST,0.044270310550928116,0.015094134956598282,iTransformer,-0.0815623551607132,0.1409268006682396
451,PatchTST,-0.1074787974357605,iTransformer,-0.11497943103313446,0.007500633597373962,iTransformer,-0.11497943103313446,0.007500633597373962
452,PatchTST,0.09722837060689926,iTransformer,0.0030947020277380943,0.09413366857916117,iTransformer,0.0030947020277380943,0.09413366857916117
453,iTransformer,0.1260984092950821,TimesNet,0.1036163941025734,0.022482015192508698,iTransformer,0.1260984092950821,0.0
454,iTransformer,0.04123231768608093,TimesNet,-0.02799198590219021,0.06922430358827114,iTransformer,0.04123231768608093,0.0
455,iTransformer,0.010142459534108639,TimesNet,-0.06929504126310349,0.07943750079721212,iTransformer,0.010142459534108639,0.0
456,TimesNet,-0.04728921130299568,DLinear,-0.05601770430803299,0.008728493005037308,iTransformer,-0.05602928623557091,0.008740074932575226
457,PatchTST,0.056988585740327835,DLinear,-0.02627606876194477,0.0832646545022726,iTransformer,-0.0483776293694973,0.10536621510982513
458,iTransformer,0.00372470379807055,TimesNet,-0.04204954579472542,0.04577424959279597,iTransformer,0.00372470379807055,0.0
459,TimesNet,0.17295904457569122,iTransformer,-0.06535547226667404,0.23831451684236526,iTransformer,-0.06535547226667404,0.23831451684236526
460,PatchTST,0.018101198598742485,TimesNet,-0.00448302598670125,0.022584224585443735,iTransformer,-0.04361582174897194,0.061717020347714424
461,TimesNet,0.1479341685771942,iTransformer,0.0637068822979927,0.08422728627920151,iTransformer,0.0637068822979927,0.08422728627920151
462,TimesNet,0.1779654324054718,PatchTST,-0.03546278551220894,0.21342821791768074,iTransformer,-0.1697455644607544,0.3477109968662262
463,iTransformer,0.07611898332834244,TimesNet,0.06250354647636414,0.013615436851978302,iTransformer,0.07611898332834244,0.0
464,TimesNet,0.05504334717988968,iTransformer,-0.031896211206912994,0.08693955838680267,iTransformer,-0.031896211206912994,0.08693955838680267
465,TimesNet,0.03351299837231636,iTransformer,-0.036247819662094116,0.06976081803441048,iTransformer,-0.036247819662094116,0.06976081803441048
466,PatchTST,0.06657332926988602,TimesNet,-0.05764593929052353,0.12421926856040955,iTransformer,-0.13657525181770325,0.20314858108758926
467,PatchTST,0.0024494437966495752,TimesNet,-0.01538282074034214,0.017832264536991715,iTransformer,-0.07333364337682724,0.07578308717347682
468,iTransformer,0.11792273819446564,PatchTST,-0.03655955567955971,0.15448229387402534,iTransformer,0.11792273819446564,0.0
469,TimesNet,-0.0597008615732193,iTransformer,-0.08322371542453766,0.02352285385131836,iTransformer,-0.08322371542453766,0.02352285385131836
470,iTransformer,-0.05627908557653427,PatchTST,-0.12541040778160095,0.06913132220506668,iTransformer,-0.05627908557653427,0.0
471,DLinear,-0.03215029463171959,iTransformer,-0.08729707449674606,0.055146779865026474,iTransformer,-0.08729707449674606,0.055146779865026474
472,PatchTST,0.02199845388531685,TimesNet,-0.024110574275255203,0.04610902816057205,iTransformer,-0.058343563228845596,0.08034201711416245
473,TimesNet,0.08135935664176941,iTransformer,-0.037765685468912125,0.11912504211068153,iTransformer,-0.037765685468912125,0.11912504211068153
474,iTransformer,0.18245813250541687,TimesNet,0.1335938423871994,0.04886429011821747,iTransformer,0.18245813250541687,0.0
475,iTransformer,0.07168271392583847,PatchTST,-0.09747934341430664,0.1691620573401451,iTransformer,0.07168271392583847,0.0
476,iTransformer,-0.03947864845395088,PatchTST,-0.05098039656877518,0.011501748114824295,iTransformer,-0.03947864845395088,0.0
477,TimesNet,0.035821620374917984,PatchTST,-0.07346884906291962,0.1092904694378376,iTransformer,-0.09760691225528717,0.13342853263020515
478,iTransformer,0.05928875505924225,TimesNet,0.027396390214562416,0.03189236484467983,iTransformer,0.05928875505924225,0.0
479,TimesNet,0.029368115589022636,PatchTST,-0.022288653999567032,0.05165676958858967,iTransformer,-0.14784900844097137,0.177217124029994
480,TimesNet,0.03153908625245094,DLinear,0.0065424139611423016,0.02499667229130864,iTransformer,-0.04802091419696808,0.07956000044941902
481,PatchTST,0.04778187349438667,DLinear,0.03362294286489487,0.014158930629491806,iTransformer,0.018721450120210648,0.029060423374176025
482,PatchTST,0.11297459155321121,iTransformer,0.08859344571828842,0.02438114583492279,iTransformer,0.08859344571828842,0.02438114583492279
483,PatchTST,0.04658903554081917,DLinear,-0.056425705552101135,0.1030147410929203,iTransformer,-0.07916941493749619,0.12575845047831535
484,PatchTST,0.014913471415638924,DLinear,0.0017834750469774008,0.013129996368661523,iTransformer,-0.01635425165295601,0.03126772306859493
485,TimesNet,0.13648806512355804,DLinear,0.03197522088885307,0.10451284423470497,iTransformer,-0.23241223394870758,0.3689002990722656
486,TimesNet,0.013195046223700047,DLinear,0.009813392534852028,0.0033816536888480186,iTransformer,-0.0194945577532053,0.032689603976905346
487,TimesNet,0.07043491303920746,iTransformer,0.01853938028216362,0.05189553275704384,iTransformer,0.01853938028216362,0.05189553275704384
488,TimesNet,0.10608016699552536,DLinear,-0.03942125290632248,0.14550141990184784,iTransformer,-0.19598296284675598,0.30206312984228134
489,DLinear,-0.04910342022776604,PatchTST,-0.04986342415213585,0.000760003924369812,iTransformer,-0.06705374270677567,0.01795032247900963
490,PatchTST,0.018627814948558807,DLinear,-0.028756357729434967,0.047384172677993774,iTransformer,-0.1596250981092453,0.1782529130578041
491,PatchTST,0.11465246230363846,TimesNet,0.07882115244865417,0.03583130985498428,iTransformer,-0.05276672914624214,0.1674191914498806
492,iTransformer,0.1515110284090042,TimesNet,0.05775871500372887,0.09375231340527534,iTransformer,0.1515110284090042,0.0
493,TimesNet,0.1769818365573883,iTransformer,-0.07300467789173126,0.24998651444911957,iTransformer,-0.07300467789173126,0.24998651444911957
494,TimesNet,0.062281813472509384,iTransformer,0.025044754147529602,0.03723705932497978,iTransformer,0.025044754147529602,0.03723705932497978
495,DLinear,-0.045194029808044434,PatchTST,-0.1340363323688507,0.08884230256080627,iTransformer,-0.14118081331253052,0.09598678350448608
496,iTransformer,-0.04585575684905052,PatchTST,-0.06299255043268204,0.017136793583631516,iTransformer,-0.04585575684905052,0.0
497,PatchTST,0.07470692694187164,iTransformer,-0.05877881869673729,0.13348574563860893,iTransformer,-0.05877881869673729,0.13348574563860893
498,PatchTST,-0.029487336054444313,TimesNet,-0.06506481766700745,0.03557748161256313,iTransformer,-0.08559612184762955,0.056108785793185234
499,PatchTST,0.13062933087348938,DLinear,0.05590364336967468,0.0747256875038147,iTransformer,-0.03148983418941498,0.16211916506290436
500,TimesNet,0.08471482247114182,DLinear,0.020810043439269066,0.06390477903187275,iTransformer,-0.053063105791807175,0.137777928262949
501,DLinear,0.03379397839307785,iTransformer,0.02927703969180584,0.004516938701272011,iTransformer,0.02927703969180584,0.004516938701272011
502,iTransformer,0.13224568963050842,DLinear,0.006966443732380867,0.12527924589812756,iTransformer,0.13224568963050842,0.0
503,iTransformer,0.23715774714946747,PatchTST,0.04520193114876747,0.1919558160007,iTransformer,0.23715774714946747,0.0
504,TimesNet,0.23686058819293976,PatchTST,0.07608574628829956,0.1607748419046402,iTransformer,0.03583861514925957,0.2010219730436802
505,TimesNet,0.24927853047847748,PatchTST,-0.05917322263121605,0.3084517531096935,iTransformer,-0.12628062069416046,0.37555915117263794
506,PatchTST,-0.013339316472411156,iTransformer,-0.03074982389807701,0.017410507425665855,iTransformer,-0.03074982389807701,0.017410507425665855
507,PatchTST,-0.05641506239771843,DLinear,-0.08485981822013855,0.02844475582242012,iTransformer,-0.1628047227859497,0.10638966038823128
508,TimesNet,0.021922677755355835,iTransformer,-0.01600654050707817,0.037929218262434006,iTransformer,-0.01600654050707817,0.037929218262434006
509,PatchTST,0.05334431305527687,iTransformer,-0.06532388180494308,0.11866819486021996,iTransformer,-0.06532388180494308,0.11866819486021996
510,iTransformer,0.0647878646850586,TimesNet,0.05778208002448082,0.007005784660577774,iTransformer,0.0647878646850586,0.0
511,iTransformer,0.16845549643039703,DLinear,0.062256306409835815,0.10619919002056122,iTransformer,0.16845549643039703,0.0
512,TimesNet,0.1464935839176178,iTransformer,0.008537685498595238,0.13795589841902256,iTransformer,0.008537685498595238,0.13795589841902256
513,PatchTST,0.07005506753921509,DLinear,-0.02501445822417736,0.09506952576339245,iTransformer,-0.20302268862724304,0.27307775616645813
514,iTransformer,0.052400633692741394,DLinear,-0.019250070676207542,0.07165070436894894,iTransformer,0.052400633692741394,0.0
515,iTransformer,0.10490746051073074,TimesNet,0.08186909556388855,0.023038364946842194,iTransformer,0.10490746051073074,0.0
516,TimesNet,0.06871355324983597,PatchTST,-0.05600331351161003,0.124716866761446,iTransformer,-0.16814306378364563,0.2368566170334816
517,iTransformer,0.15635129809379578,PatchTST,0.04168674349784851,0.11466455459594727,iTransformer,0.15635129809379578,0.0
518,PatchTST,-0.014996262267231941,TimesNet,-0.06284221261739731,0.04784595035016537,iTransformer,-0.07604927569627762,0.06105301342904568
519,iTransformer,-0.005543711129575968,TimesNet,-0.05357607454061508,0.048032363411039114,iTransformer,-0.005543711129575968,0.0
520,TimesNet,-0.019556354731321335,iTransformer,-0.07050437480211258,0.050948020070791245,iTransformer,-0.07050437480211258,0.050948020070791245
521,PatchTST,0.04010875150561333,TimesNet,-0.014205378480255604,0.05431412998586893,iTransformer,-0.11268197745084763,0.15279072895646095
522,TimesNet,0.07130273431539536,DLinear,-0.13337507843971252,0.20467781275510788,iTransformer,-0.2413930743932724,0.31269580870866776
523,TimesNet,0.055459704250097275,DLinear,-0.0017695126589387655,0.05722921690903604,iTransformer,-0.16897353529930115,0.22443323954939842
524,iTransformer,0.03405521810054779,TimesNet,0.025535784661769867,0.008519433438777924,iTransformer,0.03405521810054779,0.0
525,iTransformer,-0.028889859095215797,PatchTST,-0.07472418993711472,0.04583433084189892,iTransformer,-0.028889859095215797,0.0
526,iTransformer,-0.002503729658201337,TimesNet,-0.022656140848994255,0.020152411190792918,iTransformer,-0.002503729658201337,0.0
527,iTransformer,0.013100731186568737,DLinear,-0.03113725781440735,0.044237989000976086,iTransformer,0.013100731186568737,0.0
528,TimesNet,0.12360372394323349,PatchTST,-0.07892797142267227,0.20253169536590576,iTransformer,-0.21656523644924164,0.34016896039247513
529,TimesNet,-0.007401914801448584,PatchTST,-0.058049432933330536,0.05064751813188195,iTransformer,-0.07097773253917694,0.06357581773772836
530,DLinear,0.02303813397884369,PatchTST,-0.09700611978769302,0.12004425376653671,iTransformer,-0.11939392238855362,0.1424320563673973
531,TimesNet,0.24531742930412292,PatchTST,0.07657776772975922,0.1687396615743637,iTransformer,0.05095371976494789,0.19436370953917503
532,iTransformer,0.19885699450969696,TimesNet,-0.04318881034851074,0.2420458048582077,iTransformer,0.19885699450969696,0.0
533,TimesNet,0.030614325776696205,PatchTST,-0.014580583199858665,0.04519490897655487,iTransformer,-0.025039343163371086,0.05565366894006729
534,PatchTST,0.07039818912744522,DLinear,-0.01417567115277052,0.08457386028021574,iTransformer,-0.15375733375549316,0.22415552288293839
535,iTransformer,0.07386123389005661,TimesNet,0.01502729021012783,0.05883394367992878,iTransformer,0.07386123389005661,0.0
536,PatchTST,0.024079762399196625,DLinear,-0.012472212314605713,0.03655197471380234,iTransformer,-0.020963246002793312,0.04504300840198994
537,PatchTST,0.05875168740749359,TimesNet,-0.07195349037647247,0.13070517778396606,iTransformer,-0.10495840758085251,0.1637100949883461
538,TimesNet,0.08876741677522659,iTransformer,-0.08114200830459595,0.16990942507982254,iTransformer,-0.08114200830459595,0.16990942507982254
539,TimesNet,0.2881907820701599,DLinear,-0.06710503995418549,0.3552958220243454,iTransformer,-0.0798230990767479,0.3680138811469078
540,TimesNet,0.08290442079305649,iTransformer,0.0010429969988763332,0.08186142379418015,iTransformer,0.0010429969988763332,0.08186142379418015
541,TimesNet,0.07621722668409348,PatchTST,-0.09906326979398727,0.17528049647808075,iTransformer,-0.21417196094989777,0.29038918763399124
542,TimesNet,0.09127779304981232,iTransformer,0.06284282356500626,0.02843496948480606,iTransformer,0.06284282356500626,0.02843496948480606
543,iTransformer,0.06362860649824142,PatchTST,-0.02413015067577362,0.08775875717401505,iTransformer,0.06362860649824142,0.0
544,TimesNet,0.1356351673603058,DLinear,-0.08081434667110443,0.21644951403141022,iTransformer,-0.12904097139835358,0.26467613875865936
545,TimesNet,0.036152228713035583,PatchTST,-0.008405832573771477,0.04455806128680706,iTransformer,-0.026235561817884445,0.06238779053092003
546,TimesNet,0.1305704116821289,iTransformer,-0.014961124397814274,0.14553153607994318,iTransformer,-0.014961124397814274,0.14553153607994318
547,iTransformer,0.002391315996646881,PatchTST,-0.05881533399224281,0.061206649988889694,iTransformer,0.002391315996646881,0.0
548,TimesNet,0.2604062557220459,PatchTST,-0.005770169664174318,0.2661764253862202,iTransformer,-0.13435152173042297,0.39475777745246887
549,TimesNet,0.025094537064433098,iTransformer,-0.030921025201678276,0.056015562266111374,iTransformer,-0.030921025201678276,0.056015562266111374
550,PatchTST,0.06701250374317169,TimesNet,-0.025329099968075752,0.09234160371124744,iTransformer,-0.03787800669670105,0.10489051043987274
551,PatchTST,-0.06742639094591141,TimesNet,-0.0768219605088234,0.009395569562911987,iTransformer,-0.18436093628406525,0.11693454533815384
552,TimesNet,0.1650889664888382,DLinear,-0.005894732195883989,0.17098369868472219,iTransformer,-0.021203037351369858,0.18629200384020805
553,PatchTST,0.1386183202266693,iTransformer,0.07126700133085251,0.0673513188958168,iTransformer,0.07126700133085251,0.0673513188958168
554,TimesNet,0.07908540964126587,iTransformer,0.015272630378603935,0.06381277926266193,iTransformer,0.015272630378603935,0.06381277926266193
555,TimesNet,0.030489355325698853,iTransformer,-0.03121388517320156,0.061703240498900414,iTransformer,-0.03121388517320156,0.061703240498900414
556,TimesNet,0.10530735552310944,iTransformer,-0.09515056759119034,0.20045792311429977,iTransformer,-0.09515056759119034,0.20045792311429977
557,DLinear,0.020078685134649277,PatchTST,0.005447721108794212,0.014630964025855064,iTransformer,-0.007487162481993437,0.027565847616642714
558,TimesNet,0.011300632730126381,iTransformer,-0.05480198189616203,0.06610261462628841,iTransformer,-0.05480198189616203,0.06610261462628841
559,TimesNet,0.08804784715175629,PatchTST,0.046927157789468765,0.04112068936228752,iTransformer,-0.1622476726770401,0.2502955198287964
560,TimesNet,0.05321658030152321,iTransformer,-0.021769007667899132,0.07498558796942234,iTransformer,-0.021769007667899132,0.07498558796942234
561,iTransformer,0.1176147311925888,PatchTST,0.07304328680038452,0.044571444392204285,iTransformer,0.1176147311925888,0.0
562,TimesNet,0.13035255670547485,iTransformer,0.04527878016233444,0.08507377654314041,iTransformer,0.04527878016233444,0.08507377654314041
563,TimesNet,0.1590328812599182,iTransformer,0.06219378858804703,0.09683909267187119,iTransformer,0.06219378858804703,0.09683909267187119
564,iTransformer,-0.03134138137102127,TimesNet,-0.03646073490381241,0.005119353532791138,iTransformer,-0.03134138137102127,0.0
565,TimesNet,0.16235269606113434,iTransformer,0.0439596064388752,0.11839308962225914,iTransformer,0.0439596064388752,0.11839308962225914
566,iTransformer,0.11400435119867325,TimesNet,0.07711674273014069,0.03688760846853256,iTransformer,0.11400435119867325,0.0
567,TimesNet,0.21766594052314758,PatchTST,0.013754540123045444,0.20391140040010214,iTransformer,-0.14085009694099426,0.35851603746414185
568,iTransformer,0.07136372476816177,PatchTST,-0.09605798125267029,0.16742170602083206,iTransformer,0.07136372476816177,0.0
569,PatchTST,0.029133357107639313,iTransformer,0.015047709457576275,0.014085647650063038,iTransformer,0.015047709457576275,0.014085647650063038
570,TimesNet,0.06867898255586624,iTransformer,-0.05888381972908974,0.12756280228495598,iTransformer,-0.05888381972908974,0.12756280228495598
571,iTransformer,0.16164585947990417,TimesNet,0.1303548365831375,0.03129102289676666,iTransformer,0.16164585947990417,0.0
572,TimesNet,0.08962684124708176,iTransformer,0.04489356651902199,0.04473327472805977,iTransformer,0.04489356651902199,0.04473327472805977
573,iTransformer,0.07143037021160126,DLinear,-0.11574117094278336,0.1871715411543846,iTransformer,0.07143037021160126,0.0
574,TimesNet,0.06481876969337463,PatchTST,0.0173265989869833,0.047492170706391335,iTransformer,-0.13893596827983856,0.2037547379732132
575,iTransformer,0.20959728956222534,PatchTST,0.060124848037958145,0.1494724415242672,iTransformer,0.20959728956222534,0.0
576,iTransformer,-0.007899818941950798,DLinear,-0.057070981711149216,0.04917116276919842,iTransformer,-0.007899818941950798,0.0
577,iTransformer,0.05099136754870415,TimesNet,0.03999629616737366,0.01099507138133049,iTransformer,0.05099136754870415,0.0
578,iTransformer,0.10522089898586273,TimesNet,0.08114749938249588,0.024073399603366852,iTransformer,0.10522089898586273,0.0
579,iTransformer,0.11539197713136673,TimesNet,-0.020566144958138466,0.1359581220895052,iTransformer,0.11539197713136673,0.0
580,PatchTST,0.004626978188753128,iTransformer,-0.02657819353044033,0.03120517171919346,iTransformer,-0.02657819353044033,0.03120517171919346
581,iTransformer,0.21054396033287048,TimesNet,0.014118462800979614,0.19642549753189087,iTransformer,0.21054396033287048,0.0
582,iTransformer,0.08455587923526764,PatchTST,0.0006449401844292879,0.08391093905083835,iTransformer,0.08455587923526764,0.0
583,iTransformer,0.0830378532409668,TimesNet,0.06051931902766228,0.02251853421330452,iTransformer,0.0830378532409668,0.0
584,iTransformer,0.005649872124195099,DLinear,-0.021061625331640244,0.026711497455835342,iTransformer,0.005649872124195099,0.0
585,DLinear,0.012528778053820133,iTransformer,-0.05764003098011017,0.0701688090339303,iTransformer,-0.05764003098011017,0.0701688090339303
586,iTransformer,0.12793901562690735,DLinear,0.023390235379338264,0.10454878024756908,iTransformer,0.12793901562690735,0.0
587,DLinear,0.060851696878671646,iTransformer,-0.028671976178884506,0.08952367305755615,iTransformer,-0.028671976178884506,0.08952367305755615
588,DLinear,0.05946377292275429,iTransformer,0.006491605658084154,0.052972167264670134,iTransformer,0.006491605658084154,0.052972167264670134
589,iTransformer,0.1465512216091156,DLinear,-0.020735684782266617,0.16728690639138222,iTransformer,0.1465512216091156,0.0
590,DLinear,0.07921316474676132,PatchTST,0.06596056371927261,0.013252601027488708,iTransformer,0.0383879728615284,0.040825191885232925
591,iTransformer,0.0629972442984581,PatchTST,-0.06606589257717133,0.12906313687562943,iTransformer,0.0629972442984581,0.0
592,TimesNet,-0.03053591027855873,DLinear,-0.035624466836452484,0.005088556557893753,iTransformer,-0.048908572643995285,0.018372662365436554
593,DLinear,0.09682182967662811,iTransformer,0.015429971739649773,0.08139185793697834,iTransformer,0.015429971739649773,0.08139185793697834
594,iTransformer,0.05551857873797417,TimesNet,0.010090485215187073,0.045428093522787094,iTransformer,0.05551857873797417,0.0
595,iTransformer,0.06553543359041214,DLinear,0.05337662249803543,0.012158811092376709,iTransformer,0.06553543359041214,0.0
596,DLinear,0.08427058905363083,PatchTST,0.05697870999574661,0.027291879057884216,iTransformer,0.01619401015341282,0.06807657890021801
597,DLinear,0.0682854875922203,iTransformer,-0.04316090792417526,0.11144639551639557,iTransformer,-0.04316090792417526,0.11144639551639557
598,DLinear,0.06981290131807327,TimesNet,0.04446463659405708,0.02534826472401619,iTransformer,0.031106162816286087,0.038706738501787186
599,DLinear,0.07290655374526978,PatchTST,0.008766630664467812,0.06413992308080196,iTransformer,-0.02889166958630085,0.10179822333157063
600,iTransformer,0.1542636603116989,DLinear,0.14212702214717865,0.012136638164520264,iTransformer,0.1542636603116989,0.0
601,TimesNet,0.08059301972389221,DLinear,0.07149582356214523,0.009097196161746979,iTransformer,-0.010986996814608574,0.09158001653850079
602,PatchTST,0.11946869641542435,iTransformer,0.060119856148958206,0.05934884026646614,iTransformer,0.060119856148958206,0.05934884026646614
603,PatchTST,0.12384442239999771,DLinear,0.11505359411239624,0.008790828287601471,iTransformer,-0.10842660069465637,0.23227102309465408
604,iTransformer,0.06876250356435776,TimesNet,0.03983569145202637,0.02892681211233139,iTransformer,0.06876250356435776,0.0
605,iTransformer,0.14254993200302124,DLinear,0.035467445850372314,0.10708248615264893,iTransformer,0.14254993200302124,0.0
606,PatchTST,0.18737752735614777,DLinear,0.10832188278436661,0.07905564457178116,iTransformer,-0.09434673190116882,0.2817242592573166
607,DLinear,0.0907207503914833,PatchTST,0.07115153223276138,0.019569218158721924,iTransformer,-0.09871475398540497,0.18943550437688828
608,DLinear,0.1636202037334442,PatchTST,0.05712834373116493,0.10649186000227928,iTransformer,-0.005479967687278986,0.1691001714207232
609,iTransformer,0.08082397282123566,DLinear,0.03760431706905365,0.04321965575218201,iTransformer,0.08082397282123566,0.0
610,DLinear,0.1167394295334816,iTransformer,-0.01912933960556984,0.13586876913905144,iTransformer,-0.01912933960556984,0.13586876913905144
611,PatchTST,0.08083149045705795,DLinear,0.044044286012649536,0.03678720444440842,iTransformer,-0.023763537406921387,0.10459502786397934
612,PatchTST,0.0502789244055748,iTransformer,0.04878760129213333,0.0014913231134414673,iTransformer,0.04878760129213333,0.0014913231134414673
613,iTransformer,0.2122172862291336,DLinear,0.09223845601081848,0.11997883021831512,iTransformer,0.2122172862291336,0.0
614,DLinear,0.11319613456726074,iTransformer,0.09474629163742065,0.018449842929840088,iTransformer,0.09474629163742065,0.018449842929840088
615,DLinear,0.08974793553352356,TimesNet,0.07123994082212448,0.01850799471139908,iTransformer,0.043351203203201294,0.046396732330322266
616,DLinear,0.08006888628005981,iTransformer,0.06809428334236145,0.011974602937698364,iTransformer,0.06809428334236145,0.011974602937698364
617,DLinear,0.1411105841398239,iTransformer,-0.01471369992941618,0.1558242840692401,iTransformer,-0.01471369992941618,0.1558242840692401
618,PatchTST,0.13074150681495667,DLinear,0.12973925471305847,0.0010022521018981934,iTransformer,-0.10473823547363281,0.23547974228858948
619,PatchTST,0.16428528726100922,DLinear,0.1262408047914505,0.038044482469558716,iTransformer,-0.0856567919254303,0.24994207918643951
620,iTransformer,0.15556803345680237,TimesNet,0.13113798201084137,0.024430051445961,iTransformer,0.15556803345680237,0.0
621,TimesNet,0.06431065499782562,DLinear,0.021615726873278618,0.042694928124547005,iTransformer,-0.10618487745523453,0.17049553245306015
622,DLinear,0.11235704272985458,PatchTST,0.052466653287410736,0.05989038944244385,iTransformer,-0.03876630589365959,0.15112334862351418
623,iTransformer,0.10014864802360535,DLinear,0.05295573174953461,0.04719291627407074,iTransformer,0.10014864802360535,0.0
624,DLinear,0.2173982858657837,PatchTST,0.09506555646657944,0.12233272939920425,iTransformer,-0.08580390363931656,0.30320218950510025
625,DLinear,0.10318788886070251,iTransformer,0.03833519667387009,0.06485269218683243,iTransformer,0.03833519667387009,0.06485269218683243
626,DLinear,0.25787821412086487,TimesNet,0.12446532398462296,0.1334128901362419,iTransformer,0.08252866566181183,0.17534954845905304
627,DLinear,0.14888200163841248,PatchTST,0.05998079478740692,0.08890120685100555,iTransformer,0.03865130990743637,0.1102306917309761
628,iTransformer,0.12724599242210388,DLinear,0.12622077763080597,0.0010252147912979126,iTransformer,0.12724599242210388,0.0
629,DLinear,0.15093180537223816,PatchTST,0.10528828203678131,0.04564352333545685,iTransformer,-0.11627257615327835,0.2672043815255165
630,DLinear,0.1372797191143036,PatchTST,0.040110960602760315,0.09716875851154327,iTransformer,0.036119237542152405,0.10116048157215118
631,iTransformer,0.1474161297082901,PatchTST,0.1327304095029831,0.014685720205307007,iTransformer,0.1474161297082901,0.0
632,DLinear,0.0627889484167099,PatchTST,0.03402481600642204,0.028764132410287857,iTransformer,-0.0009339097305200994,0.06372285814723
633,DLinear,0.10421141237020493,TimesNet,0.041098546236753464,0.06311286613345146,iTransformer,0.03511301428079605,0.06909839808940887
634,iTransformer,0.1597239077091217,PatchTST,0.1263871043920517,0.03333680331707001,iTransformer,0.1597239077091217,0.0
635,PatchTST,0.13917367160320282,DLinear,0.009886805899441242,0.12928686570376158,iTransformer,-0.03345511108636856,0.17262878268957138
636,DLinear,0.05264641344547272,TimesNet,-0.011200198903679848,0.06384661234915257,iTransformer,-0.028382789343595505,0.08102920278906822
637,DLinear,0.10239166021347046,TimesNet,-0.04248233139514923,0.1448739916086197,iTransformer,-0.15425926446914673,0.2566509246826172
638,DLinear,0.08981992304325104,iTransformer,0.008600202389061451,0.08121972065418959,iTransformer,0.008600202389061451,0.08121972065418959
639,TimesNet,0.14328116178512573,DLinear,0.1345866173505783,0.008694544434547424,iTransformer,0.11324210464954376,0.03003905713558197
640,PatchTST,0.057137034833431244,TimesNet,0.05710137262940407,3.56622040271759e-05,iTransformer,0.04100223630666733,0.016134798526763916
641,TimesNet,0.13270291686058044,iTransformer,0.1318560540676117,0.00084686279296875,iTransformer,0.1318560540676117,0.00084686279296875
642,iTransformer,0.18445834517478943,PatchTST,0.16186022758483887,0.02259811758995056,iTransformer,0.18445834517478943,0.0
643,PatchTST,0.137673020362854,DLinear,0.13543574512004852,0.002237275242805481,iTransformer,0.12193044275045395,0.015742577612400055
644,DLinear,0.07271995395421982,iTransformer,0.03234340623021126,0.04037654772400856,iTransformer,0.03234340623021126,0.04037654772400856
645,TimesNet,0.11163008958101273,iTransformer,0.1025482565164566,0.009081833064556122,iTransformer,0.1025482565164566,0.009081833064556122
646,DLinear,0.1902083158493042,iTransformer,0.0686432346701622,0.121565081179142,iTransformer,0.0686432346701622,0.121565081179142
647,DLinear,0.15821275115013123,iTransformer,0.14491410553455353,0.013298645615577698,iTransformer,0.14491410553455353,0.013298645615577698
648,DLinear,0.1543419063091278,TimesNet,0.14022231101989746,0.014119595289230347,iTransformer,0.07971368730068207,0.07462821900844574
649,TimesNet,0.2374740093946457,DLinear,0.10147606581449509,0.1359979435801506,iTransformer,0.013665798120200634,0.22380821127444506
650,iTransformer,0.12976303696632385,DLinear,0.12892545759677887,0.0008375793695449829,iTransformer,0.12976303696632385,0.0
651,PatchTST,0.06348089873790741,DLinear,0.03836214169859886,0.025118757039308548,iTransformer,-0.09224804490804672,0.15572894364595413
652,iTransformer,0.18327423930168152,DLinear,0.1684720516204834,0.01480218768119812,iTransformer,0.18327423930168152,0.0
653,DLinear,0.1522025167942047,iTransformer,0.12787100672721863,0.024331510066986084,iTransformer,0.12787100672721863,0.024331510066986084
654,DLinear,0.1725742667913437,TimesNet,0.12492464482784271,0.04764962196350098,iTransformer,-0.04524484649300575,0.21781911328434944
655,iTransformer,0.21007947623729706,DLinear,0.12204300612211227,0.08803647011518478,iTransformer,0.21007947623729706,0.0
656,DLinear,0.2154582142829895,PatchTST,0.21513362228870392,0.0003245919942855835,iTransformer,-0.028355665504932404,0.2438138797879219
657,PatchTST,0.1435244232416153,DLinear,0.08468174189329147,0.05884268134832382,iTransformer,0.009732631035149097,0.1337917922064662
658,PatchTST,0.14717839658260345,iTransformer,0.1218748539686203,0.025303542613983154,iTransformer,0.1218748539686203,0.025303542613983154
659,PatchTST,0.12913675606250763,iTransformer,0.12437334656715393,0.004763409495353699,iTransformer,0.12437334656715393,0.004763409495353699
660,iTransformer,0.19831706583499908,DLinear,0.15602636337280273,0.04229070246219635,iTransformer,0.19831706583499908,0.0
661,iTransformer,0.16323401033878326,TimesNet,0.1427343785762787,0.020499631762504578,iTransformer,0.16323401033878326,0.0
662,iTransformer,0.08748821169137955,DLinear,0.06630569696426392,0.02118251472711563,iTransformer,0.08748821169137955,0.0
663,iTransformer,0.0936775952577591,DLinear,0.03736766427755356,0.056309930980205536,iTransformer,0.0936775952577591,0.0
664,PatchTST,0.08419431000947952,iTransformer,0.04236816614866257,0.041826143860816956,iTransformer,0.04236816614866257,0.041826143860816956
665,PatchTST,0.14329765737056732,iTransformer,0.12025649845600128,0.02304115891456604,iTransformer,0.12025649845600128,0.02304115891456604
666,PatchTST,0.15491263568401337,iTransformer,0.08073151111602783,0.07418112456798553,iTransformer,0.08073151111602783,0.07418112456798553
667,TimesNet,0.08843836188316345,DLinear,0.063250832259655,0.025187529623508453,iTransformer,-0.01576322503387928,0.10420158691704273
668,iTransformer,0.09569017589092255,PatchTST,0.03815864399075508,0.057531531900167465,iTransformer,0.09569017589092255,0.0
669,PatchTST,0.0623151920735836,DLinear,0.028677409514784813,0.03363778255879879,iTransformer,-0.0361628383398056,0.0984780304133892
670,iTransformer,0.13410429656505585,TimesNet,0.06599567830562592,0.06810861825942993,iTransformer,0.13410429656505585,0.0
671,iTransformer,0.13698652386665344,TimesNet,0.019440867006778717,0.11754565685987473,iTransformer,0.13698652386665344,0.0
672,iTransformer,0.07852025330066681,TimesNet,0.021304262802004814,0.057215990498661995,iTransformer,0.07852025330066681,0.0
673,iTransformer,0.046627335250377655,TimesNet,0.0385754331946373,0.008051902055740356,iTransformer,0.046627335250377655,0.0
674,TimesNet,0.11172760277986526,PatchTST,0.1037171483039856,0.00801045447587967,iTransformer,-0.06528981029987335,0.17701741307973862
675,PatchTST,0.06872870773077011,iTransformer,-0.006929664872586727,0.07565837260335684,iTransformer,-0.006929664872586727,0.07565837260335684
676,TimesNet,0.18724766373634338,DLinear,0.0754864290356636,0.11176123470067978,iTransformer,0.07531017810106277,0.11193748563528061
677,iTransformer,0.20146708190441132,DLinear,0.043243709951639175,0.15822337195277214,iTransformer,0.20146708190441132,0.0
678,iTransformer,0.08181659132242203,DLinear,0.057237133383750916,0.024579457938671112,iTransformer,0.08181659132242203,0.0
679,iTransformer,0.13496150076389313,TimesNet,0.11260539293289185,0.022356107831001282,iTransformer,0.13496150076389313,0.0
680,PatchTST,0.10838348418474197,DLinear,0.08605671674013138,0.022326767444610596,iTransformer,-0.13235189020633698,0.24073537439107895
681,TimesNet,0.14994049072265625,PatchTST,0.024264462292194366,0.12567602843046188,iTransformer,-0.05615866556763649,0.20609915629029274
682,PatchTST,0.1575012356042862,DLinear,0.01511822547763586,0.14238301012665033,iTransformer,0.012976109981536865,0.14452512562274933
683,DLinear,0.13971303403377533,iTransformer,0.12389163672924042,0.015821397304534912,iTransformer,0.12389163672924042,0.015821397304534912
684,DLinear,0.14556549489498138,PatchTST,0.04316391050815582,0.10240158438682556,iTransformer,0.030538391321897507,0.11502710357308388
685,TimesNet,0.07227057218551636,PatchTST,0.06430453807115555,0.00796603411436081,iTransformer,-0.07475438714027405,0.1470249593257904
686,iTransformer,0.1865263730287552,DLinear,0.048434991389513016,0.13809138163924217,iTransformer,0.1865263730287552,0.0
687,PatchTST,0.15086627006530762,DLinear,0.12800030410289764,0.022865965962409973,iTransformer,-0.12410354614257812,0.27496981620788574
688,TimesNet,0.025744328275322914,PatchTST,0.01794143207371235,0.007802896201610565,iTransformer,-0.05687977373600006,0.08262410201132298
689,PatchTST,0.024337342008948326,iTransformer,0.01961437799036503,0.004722964018583298,iTransformer,0.01961437799036503,0.004722964018583298
690,PatchTST,0.321389764547348,iTransformer,0.22710005939006805,0.09428970515727997,iTransformer,0.22710005939006805,0.09428970515727997
691,iTransformer,0.2017909288406372,TimesNet,0.09238727390766144,0.10940365493297577,iTransformer,0.2017909288406372,0.0
692,TimesNet,0.11876850575208664,iTransformer,0.038459647446870804,0.08030885830521584,iTransformer,0.038459647446870804,0.08030885830521584
693,PatchTST,0.0431935116648674,DLinear,0.04273995757102966,0.00045355409383773804,iTransformer,-0.10801523923873901,0.15120875090360641
694,DLinear,0.03322400897741318,iTransformer,0.0068214284256100655,0.026402580551803112,iTransformer,0.0068214284256100655,0.026402580551803112
695,DLinear,0.01674814522266388,TimesNet,-0.008111007511615753,0.024859152734279633,iTransformer,-0.012086478061974049,0.028834623284637928
696,DLinear,0.06427782028913498,iTransformer,0.03501741588115692,0.029260404407978058,iTransformer,0.03501741588115692,0.029260404407978058
697,PatchTST,0.04081672802567482,iTransformer,0.02987581677734852,0.010940911248326302,iTransformer,0.02987581677734852,0.010940911248326302
698,TimesNet,0.07561474293470383,iTransformer,0.06679760664701462,0.008817136287689209,iTransformer,0.06679760664701462,0.008817136287689209
699,TimesNet,0.054514508694410324,iTransformer,0.048345670104026794,0.00616883859038353,iTransformer,0.048345670104026794,0.00616883859038353
700,DLinear,-0.0071325888857245445,TimesNet,-0.02394687756896019,0.016814288683235645,iTransformer,-0.04685238376259804,0.03971979487687349
701,PatchTST,0.0555923692882061,iTransformer,0.0503665916621685,0.005225777626037598,iTransformer,0.0503665916621685,0.005225777626037598
702,TimesNet,0.12188901007175446,DLinear,0.052586957812309265,0.06930205225944519,iTransformer,-0.08733109384775162,0.20922010391950607
703,TimesNet,0.07422732561826706,DLinear,-0.056080009788274765,0.13030733540654182,iTransformer,-0.05862218514084816,0.13284951075911522
704,iTransformer,0.14323072135448456,TimesNet,0.09825532138347626,0.0449753999710083,iTransformer,0.14323072135448456,0.0
705,iTransformer,0.09415428340435028,DLinear,0.021395672112703323,0.07275861129164696,iTransformer,0.09415428340435028,0.0
706,PatchTST,0.14805325865745544,iTransformer,0.08991013467311859,0.05814312398433685,iTransformer,0.08991013467311859,0.05814312398433685
707,TimesNet,0.19502094388008118,iTransformer,0.12132131308317184,0.07369963079690933,iTransformer,0.12132131308317184,0.07369963079690933
708,PatchTST,0.05647659674286842,DLinear,0.040807973593473434,0.01566862314939499,iTransformer,-0.0003600377240218222,0.056836634466890246
709,TimesNet,0.1844366043806076,iTransformer,0.04951642081141472,0.1349201835691929,iTransformer,0.04951642081141472,0.1349201835691929
710,DLinear,0.07492039352655411,TimesNet,0.020755311474204063,0.054165082052350044,iTransformer,0.004721021745353937,0.07019937178120017
711,TimesNet,0.05140462890267372,DLinear,-0.02928847074508667,0.08069309964776039,iTransformer,-0.06164322793483734,0.11304785683751106
712,iTransformer,0.13641716539859772,PatchTST,0.04905529320240021,0.08736187219619751,iTransformer,0.13641716539859772,0.0
713,DLinear,0.041173845529556274,TimesNet,0.016685036942362785,0.02448880858719349,iTransformer,-0.1041218712925911,0.14529571682214737
714,PatchTST,0.06892307102680206,TimesNet,0.05491296201944351,0.014010109007358551,iTransformer,-0.15022742748260498,0.21915049850940704
715,TimesNet,0.23053254187107086,iTransformer,0.1303296834230423,0.10020285844802856,iTransformer,0.1303296834230423,0.10020285844802856
716,TimesNet,0.017845096066594124,iTransformer,-0.05711366608738899,0.07495876215398312,iTransformer,-0.05711366608738899,0.07495876215398312
717,TimesNet,0.12287107855081558,PatchTST,0.07674328982830048,0.046127788722515106,iTransformer,-0.13459432125091553,0.2574653998017311
718,iTransformer,0.01988096535205841,TimesNet,-0.08552850782871246,0.10540947318077087,iTransformer,0.01988096535205841,0.0
719,iTransformer,0.18576717376708984,TimesNet,-0.05231598764657974,0.2380831614136696,iTransformer,0.18576717376708984,0.0
720,TimesNet,0.12509861588478088,iTransformer,0.014592370949685574,0.11050624493509531,iTransformer,0.014592370949685574,0.11050624493509531
721,PatchTST,0.05409780889749527,TimesNet,-0.0002247638622066006,0.05432257275970187,iTransformer,-0.028671380132436752,0.08276918902993202
722,PatchTST,0.07005318254232407,DLinear,-0.08136460185050964,0.1514177843928337,iTransformer,-0.13478586077690125,0.2048390433192253
723,TimesNet,0.020952017977833748,DLinear,-0.004618368577212095,0.025570386555045843,iTransformer,-0.09450371563434601,0.11545573361217976
724,iTransformer,0.011359242722392082,PatchTST,-0.06166934221982956,0.07302858494222164,iTransformer,0.011359242722392082,0.0
725,TimesNet,0.08810193091630936,iTransformer,0.02883199043571949,0.05926994048058987,iTransformer,0.02883199043571949,0.05926994048058987
726,iTransformer,0.11830621212720871,PatchTST,0.011326026171445847,0.10698018595576286,iTransformer,0.11830621212720871,0.0
727,TimesNet,-0.010982183739542961,iTransformer,-0.019764650613069534,0.008782466873526573,iTransformer,-0.019764650613069534,0.008782466873526573
728,TimesNet,0.09574491530656815,DLinear,-0.039155274629592896,0.13490018993616104,iTransformer,-0.13047778606414795,0.2262227013707161
729,iTransformer,0.08246682584285736,TimesNet,0.03175884857773781,0.05070797726511955,iTransformer,0.08246682584285736,0.0
730,iTransformer,0.05587702989578247,PatchTST,0.05562376230955124,0.0002532675862312317,iTransformer,0.05587702989578247,0.0
731,TimesNet,0.02909010462462902,PatchTST,-0.0683349221944809,0.09742502681910992,iTransformer,-0.16132785379886627,0.1904179584234953
732,TimesNet,0.1038350909948349,PatchTST,0.016242239624261856,0.08759285137057304,iTransformer,-0.08145731687545776,0.18529240787029266
733,PatchTST,0.2011730819940567,TimesNet,0.15993082523345947,0.04124225676059723,iTransformer,0.005570600274950266,0.19560248171910644
734,TimesNet,0.003003072226420045,DLinear,-0.05623530223965645,0.05923837446607649,iTransformer,-0.17003193497657776,0.1730350072029978
735,iTransformer,-0.04243850335478783,TimesNet,-0.06625308841466904,0.02381458505988121,iTransformer,-0.04243850335478783,0.0
736,TimesNet,0.05189622938632965,iTransformer,-0.03297455981373787,0.08487078920006752,iTransformer,-0.03297455981373787,0.08487078920006752
737,PatchTST,0.024864567443728447,iTransformer,0.003981860354542732,0.020882707089185715,iTransformer,0.003981860354542732,0.020882707089185715
738,PatchTST,0.03598310053348541,iTransformer,-0.004788526799529791,0.040771627333015203,iTransformer,-0.004788526799529791,0.040771627333015203
739,TimesNet,0.10929951816797256,iTransformer,-0.02274227887392044,0.132041797041893,iTransformer,-0.02274227887392044,0.132041797041893
740,TimesNet,0.18371592462062836,iTransformer,-0.021151810884475708,0.20486773550510406,iTransformer,-0.021151810884475708,0.20486773550510406
741,PatchTST,0.13334375619888306,iTransformer,0.13102014362812042,0.0023236125707626343,iTransformer,0.13102014362812042,0.0023236125707626343
742,iTransformer,0.027142809703946114,PatchTST,-0.0008679362945258617,0.028010745998471975,iTransformer,0.027142809703946114,0.0
743,TimesNet,-0.01919868029654026,PatchTST,-0.10813957452774048,0.08894089423120022,iTransformer,-0.16203643381595612,0.14283775351941586
744,iTransformer,0.05581970140337944,TimesNet,-0.0069471923634409904,0.06276689376682043,iTransformer,0.05581970140337944,0.0
745,TimesNet,-0.018886404111981392,iTransformer,-0.04347517713904381,0.024588773027062416,iTransformer,-0.04347517713904381,0.024588773027062416
746,TimesNet,0.13307836651802063,PatchTST,0.08122227340936661,0.05185609310865402,iTransformer,-0.16102488338947296,0.2941032499074936
747,iTransformer,0.04026401415467262,PatchTST,0.003098420100286603,0.03716559405438602,iTransformer,0.04026401415467262,0.0
748,TimesNet,0.17115285992622375,iTransformer,0.07638050615787506,0.0947723537683487,iTransformer,0.07638050615787506,0.0947723537683487
749,TimesNet,0.1866237372159958,iTransformer,-0.02448044903576374,0.21110418625175953,iTransformer,-0.02448044903576374,0.21110418625175953
750,TimesNet,0.05612565949559212,PatchTST,-0.0815851017832756,0.13771076127886772,iTransformer,-0.11074575036764145,0.16687140986323357
751,iTransformer,0.02973078191280365,DLinear,-0.020496228709816933,0.05022701062262058,iTransformer,0.02973078191280365,0.0
752,DLinear,-0.11306387186050415,PatchTST,-0.15123414993286133,0.03817027807235718,iTransformer,-0.15488459169864655,0.041820719838142395
753,TimesNet,0.015556048601865768,iTransformer,-0.09243563562631607,0.10799168422818184,iTransformer,-0.09243563562631607,0.10799168422818184
754,iTransformer,0.07052667438983917,PatchTST,0.04523292928934097,0.0252937451004982,iTransformer,0.07052667438983917,0.0
755,iTransformer,0.10140868276357651,TimesNet,0.015573070384562016,0.08583561237901449,iTransformer,0.10140868276357651,0.0
756,PatchTST,0.04787193983793259,TimesNet,0.015904055908322334,0.03196788392961025,iTransformer,-0.1481543481349945,0.1960262879729271
757,iTransformer,0.24438335001468658,PatchTST,0.148745596408844,0.09563775360584259,iTransformer,0.24438335001468658,0.0
758,TimesNet,0.15333761274814606,DLinear,0.13149778544902802,0.021839827299118042,iTransformer,0.010322166606783867,0.1430154461413622
759,DLinear,0.04732963815331459,iTransformer,-0.023916395381093025,0.07124603353440762,iTransformer,-0.023916395381093025,0.07124603353440762
760,iTransformer,0.07602973282337189,DLinear,0.06052759662270546,0.015502136200666428,iTransformer,0.07602973282337189,0.0
761,iTransformer,0.19926220178604126,PatchTST,0.198838472366333,0.00042372941970825195,iTransformer,0.19926220178604126,0.0
762,DLinear,0.11177123337984085,iTransformer,0.09873278439044952,0.013038448989391327,iTransformer,0.09873278439044952,0.013038448989391327
763,iTransformer,0.1969858705997467,DLinear,-0.02703109011054039,0.2240169607102871,iTransformer,0.1969858705997467,0.0
764,PatchTST,0.12399301677942276,DLinear,0.05995712801814079,0.06403588876128197,iTransformer,-0.026232685893774033,0.1502257026731968
765,PatchTST,0.11679666489362717,iTransformer,0.04821058735251427,0.0685860775411129,iTransformer,0.04821058735251427,0.0685860775411129
766,DLinear,0.05123460292816162,iTransformer,0.04143504425883293,0.00979955866932869,iTransformer,0.04143504425883293,0.00979955866932869
767,iTransformer,0.06387341022491455,DLinear,0.04604411870241165,0.0178292915225029,iTransformer,0.06387341022491455,0.0
768,TimesNet,0.07619857788085938,DLinear,0.0630268082022667,0.013171769678592682,iTransformer,-0.024609705433249474,0.10080828331410885
769,TimesNet,0.12089364230632782,iTransformer,0.0855167955160141,0.03537684679031372,iTransformer,0.0855167955160141,0.03537684679031372
770,iTransformer,0.15891849994659424,PatchTST,0.07717516273260117,0.08174333721399307,iTransformer,0.15891849994659424,0.0
771,TimesNet,0.017935974523425102,PatchTST,0.0019706757739186287,0.015965298749506474,iTransformer,-0.0006452007219195366,0.01858117524534464
772,TimesNet,0.058405954390764236,DLinear,0.02281114272773266,0.03559481166303158,iTransformer,-0.03396086394786835,0.09236681833863258
773,iTransformer,0.11056707799434662,DLinear,-0.03820059075951576,0.14876766875386238,iTransformer,0.11056707799434662,0.0
774,TimesNet,0.05487191304564476,DLinear,0.010745388455688953,0.04412652458995581,iTransformer,-0.08272487670183182,0.13759678974747658
775,TimesNet,0.12175852060317993,PatchTST,-0.0821194052696228,0.20387792587280273,iTransformer,-0.10755161195993423,0.22931013256311417
776,iTransformer,0.07684103399515152,DLinear,0.00047890079440549016,0.07636213320074603,iTransformer,0.07684103399515152,0.0
777,TimesNet,0.009720906615257263,iTransformer,0.006595431361347437,0.0031254752539098263,iTransformer,0.006595431361347437,0.0031254752539098263
778,iTransformer,0.10438133776187897,DLinear,0.020947931334376335,0.08343340642750263,iTransformer,0.10438133776187897,0.0
779,TimesNet,0.13192221522331238,iTransformer,-0.07249601185321808,0.20441822707653046,iTransformer,-0.07249601185321808,0.20441822707653046
780,DLinear,-0.03243434429168701,iTransformer,-0.06085601821541786,0.02842167392373085,iTransformer,-0.06085601821541786,0.02842167392373085
781,TimesNet,0.08723581582307816,PatchTST,0.06985116004943848,0.01738465577363968,iTransformer,0.022014467045664787,0.06522134877741337
782,iTransformer,0.1159965842962265,PatchTST,0.03695445507764816,0.07904212921857834,iTransformer,0.1159965842962265,0.0
783,PatchTST,-0.022384783253073692,iTransformer,-0.07911603152751923,0.056731248274445534,iTransformer,-0.07911603152751923,0.056731248274445534
784,iTransformer,0.04801148548722267,DLinear,-0.05948338285088539,0.10749486833810806,iTransformer,0.04801148548722267,0.0
785,iTransformer,0.04962882399559021,TimesNet,0.03570384159684181,0.013924982398748398,iTransformer,0.04962882399559021,0.0
786,PatchTST,0.11187566816806793,TimesNet,-0.010873471386730671,0.1227491395547986,iTransformer,-0.027644628658890724,0.13952029682695866
787,iTransformer,0.057508986443281174,PatchTST,0.035576220601797104,0.02193276584148407,iTransformer,0.057508986443281174,0.0
788,PatchTST,0.016206184402108192,TimesNet,0.010806658305227757,0.005399526096880436,iTransformer,-0.013133665546774864,0.029339849948883057
789,iTransformer,0.06877411156892776,PatchTST,-0.07301101833581924,0.141785129904747,iTransformer,0.06877411156892776,0.0
790,TimesNet,0.05558513104915619,PatchTST,0.031658872961997986,0.023926258087158203,iTransformer,-0.10238825529813766,0.15797338634729385
791,iTransformer,0.20129451155662537,TimesNet,0.013361289165914059,0.1879332223907113,iTransformer,0.20129451155662537,0.0
792,TimesNet,0.060272734612226486,PatchTST,-0.07224760949611664,0.13252034410834312,iTransformer,-0.1578792780637741,0.2181520126760006
793,TimesNet,0.08421351760625839,DLinear,-0.0029839021153748035,0.0871974197216332,iTransformer,-0.06850959360599518,0.15272311121225357
794,iTransformer,0.06263318657875061,PatchTST,0.06181628257036209,0.0008169040083885193,iTransformer,0.06263318657875061,0.0
795,DLinear,0.04981165751814842,TimesNet,-0.03383233770728111,0.08364399522542953,iTransformer,-0.07723439484834671,0.12704605236649513
796,iTransformer,0.08751866966485977,DLinear,-0.029115203768014908,0.11663387343287468,iTransformer,0.08751866966485977,0.0
797,DLinear,0.04179603233933449,PatchTST,0.00724570220336318,0.03455033013597131,iTransformer,-0.06053517013788223,0.10233120247721672
798,iTransformer,0.12876427173614502,DLinear,0.11098112165927887,0.01778315007686615,iTransformer,0.12876427173614502,0.0
799,PatchTST,0.12890270352363586,DLinear,0.04983540624380112,0.07906729727983475,iTransformer,0.011255430057644844,0.11764727346599102
800,DLinear,0.17836251854896545,iTransformer,0.036029551178216934,0.14233296737074852,iTransformer,0.036029551178216934,0.14233296737074852
801,iTransformer,0.11385202407836914,DLinear,0.1103932186961174,0.0034588053822517395,iTransformer,0.11385202407836914,0.0
802,PatchTST,0.20057903230190277,DLinear,0.07935231178998947,0.1212267205119133,iTransformer,-0.08796950429677963,0.2885485365986824
803,DLinear,0.04450976476073265,PatchTST,-0.02526455745100975,0.0697743222117424,iTransformer,-0.03608168289065361,0.08059144765138626
804,PatchTST,0.13101625442504883,TimesNet,0.1120879128575325,0.018928341567516327,iTransformer,-0.03315632790327072,0.16417258232831955
805,iTransformer,0.18906205892562866,PatchTST,0.0479135736823082,0.14114848524332047,iTransformer,0.18906205892562866,0.0
806,iTransformer,0.12904320657253265,TimesNet,0.09042195230722427,0.03862125426530838,iTransformer,0.12904320657253265,0.0
807,DLinear,0.11822619289159775,PatchTST,0.11294253170490265,0.005283661186695099,iTransformer,0.06312697380781174,0.05509921908378601
808,PatchTST,0.05794334411621094,DLinear,0.02485448680818081,0.03308885730803013,iTransformer,-0.12384398281574249,0.18178732693195343
809,DLinear,0.15837542712688446,PatchTST,0.05531512573361397,0.10306030139327049,iTransformer,0.033497992902994156,0.1248774342238903
810,DLinear,0.23131206631660461,PatchTST,0.13801154494285583,0.09330052137374878,iTransformer,0.10499183088541031,0.1263202354311943
811,TimesNet,0.14385034143924713,PatchTST,0.10251622647047043,0.0413341149687767,iTransformer,0.07570579648017883,0.0681445449590683
812,iTransformer,0.15188713371753693,TimesNet,0.12327470630407333,0.028612427413463593,iTransformer,0.15188713371753693,0.0
813,iTransformer,0.18730467557907104,PatchTST,0.11985435336828232,0.06745032221078873,iTransformer,0.18730467557907104,0.0
814,TimesNet,0.14713376760482788,DLinear,0.1103147342801094,0.036819033324718475,iTransformer,0.06798817217350006,0.07914559543132782
815,iTransformer,0.2252957820892334,DLinear,0.13838274776935577,0.08691303431987762,iTransformer,0.2252957820892334,0.0
816,iTransformer,0.17573314905166626,DLinear,0.16588181257247925,0.009851336479187012,iTransformer,0.17573314905166626,0.0
817,DLinear,0.21374164521694183,PatchTST,0.11945444345474243,0.0942872017621994,iTransformer,0.027615124359726906,0.18612652085721493
818,DLinear,0.2106143981218338,PatchTST,0.1893187314271927,0.021295666694641113,iTransformer,0.029613422229886055,0.18100097589194775
819,DLinear,0.1850229650735855,iTransformer,0.15500621497631073,0.03001675009727478,iTransformer,0.15500621497631073,0.03001675009727478
820,DLinear,0.16300538182258606,TimesNet,0.1565479040145874,0.006457477807998657,iTransformer,0.021248523145914078,0.14175685867667198
821,DLinear,0.17015370726585388,TimesNet,0.07140190899372101,0.09875179827213287,iTransformer,0.010903441347181797,0.15925026591867208
822,PatchTST,0.25152167677879333,DLinear,0.23126262426376343,0.020259052515029907,iTransformer,0.005343395285308361,0.24617828149348497
823,DLinear,0.19748109579086304,PatchTST,0.09244023263454437,0.10504086315631866,iTransformer,-0.11751173436641693,0.31499283015727997
824,DLinear,0.20816431939601898,iTransformer,0.18219345808029175,0.025970861315727234,iTransformer,0.18219345808029175,0.025970861315727234
825,DLinear,0.17425234615802765,iTransformer,0.12269052118062973,0.05156182497739792,iTransformer,0.12269052118062973,0.05156182497739792
826,DLinear,0.20358388125896454,PatchTST,0.197425976395607,0.006157904863357544,iTransformer,-0.044383592903614044,0.24796747416257858
827,DLinear,0.151271253824234,PatchTST,0.07766417413949966,0.07360707968473434,iTransformer,0.010901926085352898,0.1403693277388811
828,DLinear,0.1430160254240036,PatchTST,0.1207587942481041,0.022257231175899506,iTransformer,0.010397789999842644,0.13261823542416096
829,iTransformer,0.1532686948776245,DLinear,0.12662054598331451,0.026648148894309998,iTransformer,0.1532686948776245,0.0
830,DLinear,0.14246748387813568,PatchTST,0.06326513737440109,0.07920234650373459,iTransformer,0.04780964553356171,0.09465783834457397
831,iTransformer,0.1300688087940216,PatchTST,0.11077035218477249,0.019298456609249115,iTransformer,0.1300688087940216,0.0
832,iTransformer,0.1899259388446808,DLinear,0.11474660784006119,0.0751793310046196,iTransformer,0.1899259388446808,0.0
833,iTransformer,0.2033424973487854,DLinear,0.1272667646408081,0.0760757327079773,iTransformer,0.2033424973487854,0.0
834,TimesNet,0.1387721598148346,DLinear,0.07263532280921936,0.06613683700561523,iTransformer,-0.16574975848197937,0.30452191829681396
835,PatchTST,0.1118953600525856,DLinear,0.09372936189174652,0.01816599816083908,iTransformer,0.04845580831170082,0.06343955174088478
836,DLinear,0.08955776691436768,iTransformer,0.07719478011131287,0.01236298680305481,iTransformer,0.07719478011131287,0.01236298680305481
837,DLinear,0.19814813137054443,PatchTST,0.08837243914604187,0.10977569222450256,iTransformer,-0.09890899807214737,0.2970571294426918
838,DLinear,0.1825360506772995,PatchTST,0.13548387587070465,0.04705217480659485,iTransformer,0.12238682061433792,0.06014923006296158
839,DLinear,0.11731073260307312,iTransformer,0.08003371208906174,0.03727702051401138,iTransformer,0.08003371208906174,0.03727702051401138
840,iTransformer,0.16685231029987335,PatchTST,0.0463712252676487,0.12048108503222466,iTransformer,0.16685231029987335,0.0
841,iTransformer,0.15241725742816925,DLinear,0.11447980254888535,0.037937454879283905,iTransformer,0.15241725742816925,0.0
842,DLinear,0.10076577216386795,TimesNet,0.08766114711761475,0.013104625046253204,iTransformer,0.014872487634420395,0.08589328452944756
843,PatchTST,0.12228263914585114,DLinear,0.0758776143193245,0.04640502482652664,iTransformer,-0.099980428814888,0.22226306796073914
844,PatchTST,0.11724959313869476,iTransformer,-0.021001748740673065,0.13825134187936783,iTransformer,-0.021001748740673065,0.13825134187936783
845,PatchTST,0.18161486089229584,TimesNet,0.1281748116016388,0.05344004929065704,iTransformer,-0.03071015141904354,0.21232501231133938
846,PatchTST,0.06571631133556366,iTransformer,0.06143755093216896,0.004278760403394699,iTransformer,0.06143755093216896,0.004278760403394699
847,iTransformer,0.2247060239315033,TimesNet,0.08189384639263153,0.14281217753887177,iTransformer,0.2247060239315033,0.0
848,TimesNet,0.14768192172050476,DLinear,0.019999703392386436,0.12768221832811832,iTransformer,-0.1864139288663864,0.3340958505868912
849,DLinear,-0.027559073641896248,PatchTST,-0.04981129243969917,0.022252218797802925,iTransformer,-0.06863493472337723,0.04107586108148098
850,DLinear,-0.005878608673810959,TimesNet,-0.020403699949383736,0.014525091275572777,iTransformer,-0.2071496695280075,0.20127106085419655
851,PatchTST,0.11069700866937637,DLinear,0.025285856798291206,0.08541115187108517,iTransformer,-0.035034310072660446,0.14573131874203682
852,iTransformer,-0.06062837690114975,PatchTST,-0.07077673077583313,0.01014835387468338,iTransformer,-0.06062837690114975,0.0
853,iTransformer,0.10505117475986481,TimesNet,-0.03321338817477226,0.13826456293463707,iTransformer,0.10505117475986481,0.0
854,DLinear,-0.04310934618115425,TimesNet,-0.04826955869793892,0.005160212516784668,iTransformer,-0.0656762570142746,0.022566910833120346
855,TimesNet,-0.059336695820093155,iTransformer,-0.095283642411232,0.03594694659113884,iTransformer,-0.095283642411232,0.03594694659113884
856,iTransformer,0.08485212922096252,TimesNet,-0.021132763475179672,0.1059848926961422,iTransformer,0.08485212922096252,0.0
857,DLinear,-0.024246716871857643,iTransformer,-0.043230995535850525,0.018984278663992882,iTransformer,-0.043230995535850525,0.018984278663992882
858,TimesNet,0.016314910724759102,PatchTST,-0.03288186341524124,0.04919677414000034,iTransformer,-0.1577690839767456,0.1740839947015047
859,TimesNet,0.017146700993180275,iTransformer,0.016337936744093895,0.00080876424908638,iTransformer,0.016337936744093895,0.00080876424908638
860,iTransformer,0.09686989337205887,PatchTST,-0.021214066073298454,0.11808395944535732,iTransformer,0.09686989337205887,0.0
861,iTransformer,-0.0007551929447799921,TimesNet,-0.03564830496907234,0.03489311202429235,iTransformer,-0.0007551929447799921,0.0
862,iTransformer,0.07124931365251541,DLinear,-0.02152736485004425,0.09277667850255966,iTransformer,0.07124931365251541,0.0
863,TimesNet,-0.06390215456485748,iTransformer,-0.0890999287366867,0.025197774171829224,iTransformer,-0.0890999287366867,0.025197774171829224
864,TimesNet,-0.0007955000619404018,PatchTST,-0.01501630712300539,0.014220807061064988,iTransformer,-0.07464434951543808,0.07384884945349768
865,TimesNet,-0.15238183736801147,iTransformer,-0.15713854134082794,0.004756703972816467,iTransformer,-0.15713854134082794,0.004756703972816467
866,TimesNet,0.12272600829601288,DLinear,-0.08180221915245056,0.20452822744846344,iTransformer,-0.16009244322776794,0.2828184515237808
867,TimesNet,0.17536833882331848,PatchTST,0.1336790770292282,0.04168926179409027,iTransformer,-0.054379355162382126,0.2297476939857006
868,iTransformer,0.09128589928150177,TimesNet,0.016383985057473183,0.07490191422402859,iTransformer,0.09128589928150177,0.0
869,TimesNet,0.07092781364917755,PatchTST,0.004158539231866598,0.06676927441731095,iTransformer,-0.24597832560539246,0.31690613925457
870,TimesNet,0.1481994390487671,PatchTST,-0.03133884817361832,0.1795382872223854,iTransformer,-0.20301800966262817,0.35121744871139526
871,TimesNet,0.019773613661527634,DLinear,-0.08925312012434006,0.10902673378586769,iTransformer,-0.1425502598285675,0.16232387349009514
872,TimesNet,0.08197399228811264,DLinear,-0.044268544763326645,0.12624253705143929,iTransformer,-0.22008395195007324,0.3020579442381859
873,TimesNet,0.021074717864394188,PatchTST,-0.09794598072767258,0.11902069859206676,iTransformer,-0.1685163974761963,0.18959111534059048
874,PatchTST,0.13311508297920227,TimesNet,0.11750121414661407,0.015613868832588196,iTransformer,-0.18440499901771545,0.3175200819969177
875,TimesNet,0.02347404696047306,PatchTST,-0.027512483298778534,0.050986530259251595,iTransformer,-0.19601872563362122,0.21949277259409428
876,TimesNet,0.2162889540195465,iTransformer,-0.0729152038693428,0.2892041578888893,iTransformer,-0.0729152038693428,0.2892041578888893
877,TimesNet,0.15503154695034027,DLinear,-0.0795108899474144,0.23454243689775467,iTransformer,-0.11280376464128494,0.2678353115916252
878,TimesNet,0.13066788017749786,PatchTST,-0.053859811276197433,0.1845276914536953,iTransformer,-0.1534016877412796,0.28406956791877747
879,TimesNet,0.004309474490582943,DLinear,-0.1343427449464798,0.13865221943706274,iTransformer,-0.24466238915920258,0.24897186364978552
880,TimesNet,-0.031722113490104675,PatchTST,-0.06388800591230392,0.03216589242219925,iTransformer,-0.2279762327671051,0.19625411927700043
881,TimesNet,0.049823690205812454,DLinear,-0.048540402203798294,0.09836409240961075,iTransformer,-0.17752638459205627,0.22735007479786873
882,iTransformer,0.17617398500442505,TimesNet,0.06051447242498398,0.11565951257944107,iTransformer,0.17617398500442505,0.0
883,TimesNet,0.013198637403547764,iTransformer,-0.0579390823841095,0.07113771978765726,iTransformer,-0.0579390823841095,0.07113771978765726
884,iTransformer,-0.031980112195014954,TimesNet,-0.06253170967102051,0.030551597476005554,iTransformer,-0.031980112195014954,0.0
885,TimesNet,0.03998158872127533,PatchTST,-0.07413151860237122,0.11411310732364655,iTransformer,-0.22234073281288147,0.2623223215341568
886,TimesNet,0.005660422146320343,DLinear,-0.046568531543016434,0.05222895368933678,iTransformer,-0.11292503774166107,0.11858545988798141
887,TimesNet,0.06679820269346237,iTransformer,0.010805760510265827,0.055992442183196545,iTransformer,0.010805760510265827,0.055992442183196545
888,iTransformer,0.01292368769645691,TimesNet,0.007880641147494316,0.005043046548962593,iTransformer,0.01292368769645691,0.0
889,iTransformer,-0.06529038399457932,TimesNet,-0.0664418563246727,0.0011514723300933838,iTransformer,-0.06529038399457932,0.0
890,TimesNet,0.12282456457614899,iTransformer,0.10437336564064026,0.018451198935508728,iTransformer,0.10437336564064026,0.018451198935508728
891,PatchTST,0.05486027151346207,iTransformer,0.053128715604543686,0.0017315559089183807,iTransformer,0.053128715604543686,0.0017315559089183807
892,TimesNet,-0.08280029147863388,DLinear,-0.10361692309379578,0.020816631615161896,iTransformer,-0.13713771104812622,0.05433741956949234
893,TimesNet,-0.016215220093727112,PatchTST,-0.11021832376718521,0.0940031036734581,iTransformer,-0.20559410750865936,0.18937888741493225
894,iTransformer,0.10168997943401337,TimesNet,0.036004260182380676,0.06568571925163269,iTransformer,0.10168997943401337,0.0
895,iTransformer,0.12973879277706146,PatchTST,0.06804513931274414,0.06169365346431732,iTransformer,0.12973879277706146,0.0
896,TimesNet,0.17089976370334625,PatchTST,0.057228028774261475,0.11367173492908478,iTransformer,-0.05637369304895401,0.22727345675230026
897,TimesNet,0.09987200051546097,DLinear,0.06782729923725128,0.032044701278209686,iTransformer,-0.052724067121744156,0.15259606763720512
898,DLinear,0.016712764278054237,TimesNet,0.013479110784828663,0.0032336534932255745,iTransformer,-0.034725289791822433,0.05143805406987667
899,iTransformer,-0.025451794266700745,DLinear,-0.043396785855293274,0.01794499158859253,iTransformer,-0.025451794266700745,0.0
900,TimesNet,0.11830917000770569,PatchTST,0.006549385841935873,0.11175978416576982,iTransformer,-0.11963377892971039,0.23794294893741608
901,TimesNet,0.12753944098949432,DLinear,-0.05183785408735275,0.17937729507684708,iTransformer,-0.06599495559930801,0.19353439658880234
902,iTransformer,0.19235217571258545,TimesNet,0.06462042033672333,0.12773175537586212,iTransformer,0.19235217571258545,0.0
903,iTransformer,0.052755337208509445,TimesNet,0.022057222202420235,0.03069811500608921,iTransformer,0.052755337208509445,0.0
904,TimesNet,0.1205839216709137,DLinear,-0.07586920261383057,0.19645312428474426,iTransformer,-0.09092835336923599,0.2115122750401497
905,TimesNet,0.15609480440616608,DLinear,0.06310533732175827,0.0929894670844078,iTransformer,-0.026961645111441612,0.1830564495176077
906,TimesNet,0.07993020117282867,DLinear,0.0026983392890542746,0.0772318618837744,iTransformer,-0.12654808163642883,0.2064782828092575
907,TimesNet,0.09187109023332596,DLinear,0.01905493624508381,0.07281615398824215,iTransformer,-0.17568610608577728,0.26755719631910324
908,TimesNet,0.05659877881407738,PatchTST,0.03788815438747406,0.018710624426603317,iTransformer,-0.004447720013558865,0.06104649882763624
909,iTransformer,0.003133593825623393,TimesNet,-0.010193237103521824,0.013326830929145217,iTransformer,0.003133593825623393,0.0
910,iTransformer,0.03430228307843208,DLinear,0.030052930116653442,0.004249352961778641,iTransformer,0.03430228307843208,0.0
911,iTransformer,0.19886034727096558,TimesNet,-0.003597193630412221,0.2024575409013778,iTransformer,0.19886034727096558,0.0
912,iTransformer,0.17658467590808868,TimesNet,0.1028943806886673,0.07369029521942139,iTransformer,0.17658467590808868,0.0
913,TimesNet,0.05654660239815712,DLinear,-0.007532874122262001,0.06407947652041912,iTransformer,-0.03478699177503586,0.09133359417319298
914,DLinear,0.1201908215880394,TimesNet,-0.019807210192084312,0.1399980317801237,iTransformer,-0.11820424348115921,0.2383950650691986
915,iTransformer,0.19074738025665283,DLinear,0.017805567011237144,0.1729418132454157,iTransformer,0.19074738025665283,0.0
916,iTransformer,0.09675527364015579,PatchTST,0.07527874410152435,0.02147652953863144,iTransformer,0.09675527364015579,0.0
917,iTransformer,0.17680780589580536,DLinear,0.06911366432905197,0.10769414156675339,iTransformer,0.17680780589580536,0.0
918,PatchTST,0.07436078786849976,DLinear,0.02407900057733059,0.05028178729116917,iTransformer,0.017152322456240654,0.0572084654122591
919,TimesNet,0.03292784094810486,DLinear,-0.007742762099951506,0.040670603048056364,iTransformer,-0.06767824292182922,0.10060608386993408
920,PatchTST,0.06684521585702896,iTransformer,0.05673367157578468,0.010111544281244278,iTransformer,0.05673367157578468,0.010111544281244278
921,TimesNet,0.018575496971607208,DLinear,-0.01592426374554634,0.03449976071715355,iTransformer,-0.05496060103178024,0.07353609800338745
922,TimesNet,0.0763673484325409,PatchTST,-0.008098439313471317,0.08446578774601221,iTransformer,-0.10569754242897034,0.18206489086151123
923,iTransformer,-0.0041748653165996075,DLinear,-0.04849834740161896,0.04432348208501935,iTransformer,-0.0041748653165996075,0.0
924,TimesNet,0.21512722969055176,iTransformer,0.04549502581357956,0.1696322038769722,iTransformer,0.04549502581357956,0.1696322038769722
925,iTransformer,0.1277865171432495,PatchTST,0.05141592398285866,0.07637059316039085,iTransformer,0.1277865171432495,0.0
926,TimesNet,0.09807930141687393,PatchTST,0.010003866627812386,0.08807543478906155,iTransformer,0.0032240531872957945,0.09485524822957814
927,TimesNet,0.10790930688381195,PatchTST,0.07829265296459198,0.02961665391921997,iTransformer,0.05312846601009369,0.05478084087371826
928,PatchTST,0.1385350525379181,TimesNet,0.022679219022393227,0.11585583351552486,iTransformer,-0.0039045570883899927,0.14243960962630808
929,PatchTST,0.04617004096508026,TimesNet,0.007606152910739183,0.03856388805434108,iTransformer,-0.10543729364871979,0.15160733461380005
930,iTransformer,0.0922657921910286,PatchTST,0.01629353128373623,0.07597226090729237,iTransformer,0.0922657921910286,0.0
931,DLinear,0.00030627017258666456,TimesNet,-0.043881870806217194,0.04418814097880386,iTransformer,-0.08049030601978302,0.08079657619236968
932,iTransformer,0.03205898404121399,DLinear,-0.01129887904971838,0.04335786309093237,iTransformer,0.03205898404121399,0.0
933,DLinear,0.01260968018323183,iTransformer,0.0023730541579425335,0.010236626025289297,iTransformer,0.0023730541579425335,0.010236626025289297
934,PatchTST,0.02601650170981884,DLinear,0.025677550584077835,0.00033895112574100494,iTransformer,-0.044367484748363495,0.07038398645818233
935,TimesNet,0.0819832906126976,DLinear,0.026943741366267204,0.0550395492464304,iTransformer,-0.03579409047961235,0.11777738109230995
936,PatchTST,0.08225386589765549,DLinear,0.06887675076723099,0.0133771151304245,iTransformer,-0.05557147413492203,0.13782534003257751
937,PatchTST,0.058835987001657486,iTransformer,0.032401055097579956,0.02643493190407753,iTransformer,0.032401055097579956,0.02643493190407753
938,iTransformer,0.2413332760334015,DLinear,0.10584165900945663,0.13549161702394485,iTransformer,0.2413332760334015,0.0
939,PatchTST,0.07734230160713196,iTransformer,0.02643880993127823,0.05090349167585373,iTransformer,0.02643880993127823,0.05090349167585373
940,DLinear,0.007522277534008026,iTransformer,0.006061370484530926,0.0014609070494771004,iTransformer,0.006061370484530926,0.0014609070494771004
941,iTransformer,0.12588025629520416,DLinear,0.06741543114185333,0.05846482515335083,iTransformer,0.12588025629520416,0.0
942,DLinear,0.11289534717798233,iTransformer,0.0615321546792984,0.05136319249868393,iTransformer,0.0615321546792984,0.05136319249868393
943,PatchTST,0.08850733190774918,DLinear,0.05945007875561714,0.029057253152132034,iTransformer,-0.12666398286819458,0.21517131477594376
944,TimesNet,0.1478976607322693,iTransformer,0.05000750347971916,0.09789015725255013,iTransformer,0.05000750347971916,0.09789015725255013
945,DLinear,0.09822522848844528,iTransformer,0.08822818100452423,0.009997047483921051,iTransformer,0.08822818100452423,0.009997047483921051
946,iTransformer,0.05133428797125816,DLinear,0.013256623409688473,0.03807766456156969,iTransformer,0.05133428797125816,0.0
947,PatchTST,0.03773876652121544,DLinear,0.014834045432507992,0.022904721088707447,iTransformer,0.002276941668242216,0.03546182485297322
948,iTransformer,0.23311033844947815,TimesNet,0.17634080350399017,0.056769534945487976,iTransformer,0.23311033844947815,0.0
949,TimesNet,0.1479153037071228,iTransformer,0.05124274268746376,0.09667256101965904,iTransformer,0.05124274268746376,0.09667256101965904
950,TimesNet,0.1571277678012848,PatchTST,0.06792740523815155,0.08920036256313324,iTransformer,-0.02823306992650032,0.1853608377277851
951,iTransformer,0.18169532716274261,DLinear,0.11504865437746048,0.06664667278528214,iTransformer,0.18169532716274261,0.0
952,PatchTST,0.11483247578144073,iTransformer,0.0798289030790329,0.03500357270240784,iTransformer,0.0798289030790329,0.03500357270240784
953,iTransformer,0.09131302684545517,DLinear,0.009577203541994095,0.08173582330346107,iTransformer,0.09131302684545517,0.0
954,iTransformer,0.196040540933609,PatchTST,0.10767865180969238,0.08836188912391663,iTransformer,0.196040540933609,0.0
955,DLinear,0.07158935070037842,PatchTST,0.02614240162074566,0.04544694907963276,iTransformer,0.004105224274098873,0.06748412642627954
956,DLinear,0.15194512903690338,PatchTST,0.018154291436076164,0.13379083760082722,iTransformer,0.0108592938631773,0.14108583517372608
957,PatchTST,0.19348956644535065,DLinear,0.11055067181587219,0.08293889462947845,iTransformer,-0.04851274937391281,0.24200231581926346
958,DLinear,0.19736503064632416,iTransformer,0.0810316950082779,0.11633333563804626,iTransformer,0.0810316950082779,0.11633333563804626
959,DLinear,0.10658133774995804,iTransformer,0.10093340277671814,0.005647934973239899,iTransformer,0.10093340277671814,0.005647934973239899
960,TimesNet,0.17152412235736847,PatchTST,0.09140419214963913,0.08011993020772934,iTransformer,0.08378349989652634,0.08774062246084213
961,DLinear,0.10028128325939178,iTransformer,0.05827730894088745,0.042003974318504333,iTransformer,0.05827730894088745,0.042003974318504333
962,DLinear,0.23190084099769592,iTransformer,0.12756164371967316,0.10433919727802277,iTransformer,0.12756164371967316,0.10433919727802277
963,DLinear,0.1600811630487442,PatchTST,0.11020059883594513,0.04988056421279907,iTransformer,0.10836195945739746,0.05171920359134674
964,iTransformer,0.09810388833284378,DLinear,0.08823216706514359,0.009871721267700195,iTransformer,0.09810388833284378,0.0
965,DLinear,0.10413281619548798,PatchTST,0.0721840038895607,0.03194881230592728,iTransformer,0.060463741421699524,0.04366907477378845
966,DLinear,0.1273890733718872,PatchTST,0.047028329223394394,0.08036074414849281,iTransformer,0.026039699092507362,0.10134937427937984
967,PatchTST,0.24952475726604462,DLinear,0.1349717527627945,0.11455300450325012,iTransformer,0.09552987664937973,0.1539948806166649
968,TimesNet,0.08165322244167328,iTransformer,0.06944609433412552,0.01220712810754776,iTransformer,0.06944609433412552,0.01220712810754776
969,DLinear,0.06238801032304764,PatchTST,-0.037721116095781326,0.10010912641882896,iTransformer,-0.0768895372748375,0.13927754759788513
970,DLinear,0.11871019750833511,PatchTST,0.018675031140446663,0.10003516636788845,iTransformer,-0.036586277186870575,0.1552964746952057
971,PatchTST,0.17393040657043457,DLinear,0.17391923069953918,1.1175870895385742e-05,iTransformer,-0.19293032586574554,0.3668607324361801
972,iTransformer,0.1657250076532364,PatchTST,0.10184001177549362,0.06388499587774277,iTransformer,0.1657250076532364,0.0
973,DLinear,0.11039634048938751,PatchTST,0.09667743742465973,0.013718903064727783,iTransformer,0.07459007203578949,0.03580626845359802
974,DLinear,0.09857339411973953,PatchTST,0.08982638269662857,0.008747011423110962,iTransformer,0.05046110972762108,0.048112284392118454
975,PatchTST,0.09020581841468811,DLinear,0.0625792145729065,0.027626603841781616,iTransformer,0.0014022324467077851,0.08880358596798033
976,DLinear,0.12694795429706573,iTransformer,0.10110708326101303,0.025840871036052704,iTransformer,0.10110708326101303,0.025840871036052704
977,DLinear,0.13124442100524902,iTransformer,0.09294992685317993,0.03829449415206909,iTransformer,0.09294992685317993,0.03829449415206909
978,PatchTST,0.05043308436870575,TimesNet,0.030004587024450302,0.020428497344255447,iTransformer,0.018170369789004326,0.032262714579701424
979,TimesNet,0.2503025531768799,iTransformer,0.10516247898340225,0.14514007419347763,iTransformer,0.10516247898340225,0.14514007419347763
980,PatchTST,0.16232144832611084,iTransformer,0.13635148108005524,0.025969967246055603,iTransformer,0.13635148108005524,0.025969967246055603
981,iTransformer,0.07283707708120346,DLinear,0.06955470889806747,0.0032823681831359863,iTransformer,0.07283707708120346,0.0
982,DLinear,0.10729153454303741,PatchTST,0.09022580832242966,0.017065726220607758,iTransformer,-0.07163049280643463,0.17892202734947205
983,PatchTST,0.183625265955925,iTransformer,0.12311987578868866,0.06050539016723633,iTransformer,0.12311987578868866,0.06050539016723633
984,PatchTST,0.05923699587583542,TimesNet,0.046859800815582275,0.012377195060253143,iTransformer,-0.15371860563755035,0.21295560151338577
985,DLinear,0.029457874596118927,TimesNet,0.011386030353605747,0.01807184424251318,iTransformer,-0.2303813099861145,0.25983918458223343
986,DLinear,0.03658038750290871,PatchTST,0.004156114067882299,0.03242427343502641,iTransformer,-0.007255416829138994,0.0438358043320477
987,iTransformer,0.045992933213710785,DLinear,0.027935484424233437,0.01805744878947735,iTransformer,0.045992933213710785,0.0
988,DLinear,0.03510717302560806,PatchTST,0.024309540167450905,0.010797632858157158,iTransformer,-0.00555004458874464,0.0406572176143527
989,PatchTST,0.09158221632242203,TimesNet,0.03273751214146614,0.05884470418095589,iTransformer,-0.12977153062820435,0.22135374695062637
990,PatchTST,0.06689224392175674,DLinear,0.05380992591381073,0.013082318007946014,iTransformer,-0.034847211092710495,0.10173945501446724
991,iTransformer,0.07971075922250748,DLinear,0.01650223694741726,0.06320852227509022,iTransformer,0.07971075922250748,0.0
992,DLinear,0.06694403290748596,PatchTST,0.035756129771471024,0.03118790313601494,iTransformer,0.020951922982931137,0.045992109924554825
993,PatchTST,0.023698048666119576,TimesNet,0.022628748789429665,0.0010692998766899109,iTransformer,-0.040360718965530396,0.06405876763164997
994,DLinear,0.10891903191804886,iTransformer,0.09007897973060608,0.01884005218744278,iTransformer,0.09007897973060608,0.01884005218744278
995,PatchTST,0.2796330153942108,iTransformer,0.05223618075251579,0.22739683464169502,iTransformer,0.05223618075251579,0.22739683464169502
996,PatchTST,0.16070599853992462,DLinear,0.10051699727773666,0.06018900126218796,iTransformer,0.02915162965655327,0.13155436888337135
997,PatchTST,0.20915289223194122,DLinear,0.16207565367221832,0.0470772385597229,iTransformer,0.09250744432210922,0.116645447909832
998,PatchTST,0.1943788230419159,DLinear,0.11377833038568497,0.08060049265623093,iTransformer,-0.025238439440727234,0.21961726248264313
999,PatchTST,0.14290250837802887,iTransformer,0.07508102804422379,0.06782148033380508,iTransformer,0.07508102804422379,0.06782148033380508
1000,PatchTST,0.09495271742343903,DLinear,0.0934692919254303,0.001483425498008728,iTransformer,-0.07866480201482773,0.17361751943826675
1001,iTransformer,0.12063609808683395,DLinear,0.08823149651288986,0.03240460157394409,iTransformer,0.12063609808683395,0.0
1002,DLinear,0.12178677320480347,TimesNet,0.11226129531860352,0.009525477886199951,iTransformer,0.08029326796531677,0.041493505239486694
1003,PatchTST,0.08798663318157196,DLinear,0.03626924380660057,0.05171738937497139,iTransformer,-0.10495954006910324,0.1929461732506752
1004,iTransformer,0.18312615156173706,DLinear,0.1668282151222229,0.01629793643951416,iTransformer,0.18312615156173706,0.0
1005,PatchTST,0.21541057527065277,DLinear,0.06530243158340454,0.15010814368724823,iTransformer,-0.0682758316397667,0.28368640691041946
1006,PatchTST,0.16309934854507446,iTransformer,0.11012345552444458,0.05297589302062988,iTransformer,0.11012345552444458,0.05297589302062988
1007,DLinear,0.1375468671321869,PatchTST,0.018848920240998268,0.11869794689118862,iTransformer,0.008026642724871635,0.12952022440731525
1008,iTransformer,0.12838709354400635,PatchTST,0.07707303762435913,0.05131405591964722,iTransformer,0.12838709354400635,0.0
1009,TimesNet,0.14394566416740417,DLinear,0.057714127004146576,0.0862315371632576,iTransformer,0.039758335798978806,0.10418732836842537
1010,PatchTST,0.23266054689884186,DLinear,0.14266839623451233,0.08999215066432953,iTransformer,0.021226821467280388,0.21143372543156147
1011,DLinear,0.20053879916667938,PatchTST,0.1845371276140213,0.01600167155265808,iTransformer,-0.020120156928896904,0.2206589560955763
1012,DLinear,0.1651650071144104,PatchTST,0.15270763635635376,0.01245737075805664,iTransformer,0.14784939587116241,0.017315611243247986
1013,PatchTST,0.2812080979347229,DLinear,0.18079672753810883,0.10041137039661407,iTransformer,-0.13493990898132324,0.41614800691604614
1014,PatchTST,0.1663467288017273,TimesNet,0.15129578113555908,0.015050947666168213,iTransformer,-0.18800674378871918,0.35435347259044647
1015,DLinear,0.19949056208133698,TimesNet,0.1992061287164688,0.00028443336486816406,iTransformer,0.10410940647125244,0.09538115561008453
1016,PatchTST,0.11636564880609512,DLinear,0.051638394594192505,0.06472725421190262,iTransformer,-0.0571761280298233,0.17354177683591843
1017,iTransformer,0.0508696474134922,PatchTST,0.03610686585307121,0.01476278156042099,iTransformer,0.0508696474134922,0.0
1018,DLinear,0.054249946027994156,TimesNet,0.00856411550194025,0.045685830526053905,iTransformer,-0.019696073606610298,0.07394601963460445
1019,PatchTST,0.13255268335342407,DLinear,0.040317948907613754,0.09223473444581032,iTransformer,-0.08648934960365295,0.21904203295707703
1020,TimesNet,0.2590552270412445,PatchTST,0.15157023072242737,0.10748499631881714,iTransformer,0.10514825582504272,0.15390697121620178
1021,PatchTST,0.21295394003391266,TimesNet,0.13078832626342773,0.08216561377048492,iTransformer,-0.025914452970027924,0.23886839300394058
1022,DLinear,0.12639912962913513,PatchTST,0.11597832292318344,0.01042080670595169,iTransformer,-0.0005567410844378173,0.12695587071357295
1023,TimesNet,0.1348550170660019,DLinear,0.07703154534101486,0.05782347172498703,iTransformer,-0.16266511380672455,0.29752013087272644
1024,DLinear,0.1412712037563324,iTransformer,0.10346625745296478,0.037804946303367615,iTransformer,0.10346625745296478,0.037804946303367615
1025,DLinear,0.17811019718647003,TimesNet,0.05553114414215088,0.12257905304431915,iTransformer,0.024314681068062782,0.15379551611840725
1026,DLinear,0.09052615612745285,TimesNet,0.06050170212984085,0.030024453997612,iTransformer,-0.07390954345464706,0.16443569958209991
1027,DLinear,0.21354703605175018,PatchTST,0.09059665352106094,0.12295038253068924,iTransformer,-0.08268769085407257,0.29623472690582275
1028,TimesNet,0.1091080829501152,DLinear,0.02048015035688877,0.08862793259322643,iTransformer,-0.017264744266867638,0.12637282721698284
1029,DLinear,0.24887144565582275,PatchTST,0.22556225955486298,0.023309186100959778,iTransformer,-0.06286104023456573,0.3117324858903885
1030,TimesNet,0.21251371502876282,DLinear,0.1710086613893509,0.041505053639411926,iTransformer,-0.01472126878798008,0.2272349838167429
1031,iTransformer,0.19799819588661194,TimesNet,0.14623089134693146,0.05176730453968048,iTransformer,0.19799819588661194,0.0
1032,iTransformer,0.111420176923275,DLinear,0.023719199001789093,0.0877009779214859,iTransformer,0.111420176923275,0.0
1033,DLinear,0.22916336357593536,TimesNet,0.14784426987171173,0.08131909370422363,iTransformer,-0.18475496768951416,0.4139183312654495
1034,iTransformer,0.09238745272159576,DLinear,0.08580984175205231,0.006577610969543457,iTransformer,0.09238745272159576,0.0
1035,DLinear,0.10397184640169144,PatchTST,0.06576457619667053,0.038207270205020905,iTransformer,-0.0726199820637703,0.17659182846546173
1036,TimesNet,0.10227126628160477,DLinear,0.1004750058054924,0.0017962604761123657,iTransformer,-0.1873665153980255,0.2896377816796303
1037,PatchTST,0.15232689678668976,iTransformer,0.11386094242334366,0.0384659543633461,iTransformer,0.11386094242334366,0.0384659543633461
1038,TimesNet,0.13256452977657318,PatchTST,0.08957313001155853,0.04299139976501465,iTransformer,-0.023583102971315384,0.15614763274788857
1039,PatchTST,0.05629867687821388,TimesNet,0.022730683907866478,0.033567992970347404,iTransformer,-0.05154753476381302,0.1078462116420269
1040,TimesNet,0.15313155949115753,DLinear,0.09151292592287064,0.061618633568286896,iTransformer,-0.0980181097984314,0.25114966928958893
1041,iTransformer,-0.0014914441853761673,DLinear,-0.02975996769964695,0.028268523514270782,iTransformer,-0.0014914441853761673,0.0
1042,iTransformer,0.08202671259641647,PatchTST,0.04445864260196686,0.037568069994449615,iTransformer,0.08202671259641647,0.0
1043,iTransformer,0.1948997527360916,TimesNet,0.09694599360227585,0.09795375913381577,iTransformer,0.1948997527360916,0.0
1044,iTransformer,0.19084064662456512,TimesNet,0.17238742113113403,0.01845322549343109,iTransformer,0.19084064662456512,0.0
1045,PatchTST,0.20616893470287323,iTransformer,0.04181002080440521,0.16435891389846802,iTransformer,0.04181002080440521,0.16435891389846802
1046,TimesNet,0.16499333083629608,PatchTST,0.032111696898937225,0.13288163393735886,iTransformer,-0.04082418605685234,0.20581751689314842
1047,PatchTST,0.11939994245767593,DLinear,0.017068827524781227,0.1023311149328947,iTransformer,0.015331928618252277,0.10406801383942366
1048,DLinear,0.1053616926074028,PatchTST,0.08253674954175949,0.02282494306564331,iTransformer,-0.04695047065615654,0.15231216326355934
1049,DLinear,-0.025848163291811943,TimesNet,-0.03132367134094238,0.00547550804913044,iTransformer,-0.09418798238039017,0.06833981908857822
1050,PatchTST,0.05013381689786911,DLinear,0.029673051089048386,0.020460765808820724,iTransformer,-0.0228897538036108,0.07302357070147991
1051,TimesNet,0.1951395869255066,iTransformer,0.11396072804927826,0.08117885887622833,iTransformer,0.11396072804927826,0.08117885887622833
1052,iTransformer,0.15023739635944366,TimesNet,0.08488493412733078,0.06535246223211288,iTransformer,0.15023739635944366,0.0
1053,iTransformer,0.05727202445268631,PatchTST,0.01795302890241146,0.03931899555027485,iTransformer,0.05727202445268631,0.0
1054,TimesNet,0.11016824841499329,DLinear,0.10174381732940674,0.008424431085586548,iTransformer,-0.06581897288560867,0.17598722130060196
1055,TimesNet,0.1402641236782074,DLinear,0.008707105182111263,0.13155701849609613,iTransformer,-0.007476121187210083,0.14774024486541748
1056,iTransformer,0.06683029234409332,PatchTST,0.017885468900203705,0.04894482344388962,iTransformer,0.06683029234409332,0.0
1057,DLinear,0.0952092707157135,PatchTST,-0.03241399675607681,0.1276232674717903,iTransformer,-0.11642922461032867,0.21163849532604218
1058,iTransformer,0.1486799269914627,DLinear,0.03348638862371445,0.11519353836774826,iTransformer,0.1486799269914627,0.0
1059,PatchTST,0.19444403052330017,iTransformer,0.07253085821866989,0.12191317230463028,iTransformer,0.07253085821866989,0.12191317230463028
1060,iTransformer,0.0803404375910759,DLinear,0.018319079652428627,0.06202135793864727,iTransformer,0.0803404375910759,0.0
1061,iTransformer,0.07443099468946457,PatchTST,-0.005164288450032473,0.07959528313949704,iTransformer,0.07443099468946457,0.0
1062,DLinear,-0.044449228793382645,iTransformer,-0.055053744465112686,0.010604515671730042,iTransformer,-0.055053744465112686,0.010604515671730042
1063,iTransformer,0.09656698256731033,PatchTST,0.03010379709303379,0.06646318547427654,iTransformer,0.09656698256731033,0.0
1064,iTransformer,0.08121031522750854,PatchTST,0.06999465078115463,0.011215664446353912,iTransformer,0.08121031522750854,0.0
1065,iTransformer,0.22138157486915588,PatchTST,-0.0014464501291513443,0.22282802499830723,iTransformer,0.22138157486915588,0.0
1066,iTransformer,0.162125363945961,PatchTST,0.11228596419095993,0.04983939975500107,iTransformer,0.162125363945961,0.0
1067,iTransformer,0.1481633484363556,PatchTST,0.1300538182258606,0.018109530210494995,iTransformer,0.1481633484363556,0.0
1068,DLinear,0.11203140765428543,iTransformer,0.07514145970344543,0.036889947950839996,iTransformer,0.07514145970344543,0.036889947950839996
1069,PatchTST,0.08274119347333908,DLinear,0.07552967965602875,0.007211513817310333,iTransformer,-0.21538515388965607,0.29812634736299515
1070,PatchTST,-0.02334274910390377,TimesNet,-0.06813018769025803,0.044787438586354256,iTransformer,-0.10151872038841248,0.0781759712845087
1071,iTransformer,0.05439825356006622,PatchTST,-0.004423078615218401,0.058821332175284624,iTransformer,0.05439825356006622,0.0
1072,TimesNet,0.1454223096370697,PatchTST,0.13989634811878204,0.005525961518287659,iTransformer,-0.02042144164443016,0.16584375128149986
1073,iTransformer,0.3031378388404846,TimesNet,0.12250376492738724,0.18063407391309738,iTransformer,0.3031378388404846,0.0
1074,TimesNet,0.2282593995332718,PatchTST,-0.002011966658756137,0.23027136619202793,iTransformer,-0.10234672576189041,0.3306061252951622
1075,TimesNet,0.17077787220478058,PatchTST,-0.013522565364837646,0.18430043756961823,iTransformer,-0.11786574125289917,0.28864361345767975
1076,iTransformer,0.04061976075172424,TimesNet,-0.026825569570064545,0.06744533032178879,iTransformer,0.04061976075172424,0.0
1077,DLinear,0.11004740744829178,PatchTST,0.03242618218064308,0.0776212252676487,iTransformer,0.012489484623074532,0.09755792282521725
1078,TimesNet,0.1162499412894249,PatchTST,0.07774282246828079,0.038507118821144104,iTransformer,0.06858693063259125,0.04766301065683365
1079,iTransformer,0.10788512229919434,PatchTST,0.08926110714673996,0.018624015152454376,iTransformer,0.10788512229919434,0.0
1080,PatchTST,0.015356938354671001,DLinear,0.005558420903980732,0.00979851745069027,iTransformer,0.004430754575878382,0.01092618377879262
1081,DLinear,0.04367302358150482,PatchTST,-0.015317625366151333,0.058990648947656155,iTransformer,-0.04489968344569206,0.08857270702719688
1082,PatchTST,0.08666805177927017,DLinear,-0.09669099748134613,0.1833590492606163,iTransformer,-0.11019212752580643,0.1968601793050766
1083,TimesNet,0.07244787365198135,DLinear,-0.03013068437576294,0.1025785580277443,iTransformer,-0.059184730052948,0.13163260370492935
1084,iTransformer,-0.049736905843019485,PatchTST,-0.05148056522011757,0.0017436593770980835,iTransformer,-0.049736905843019485,0.0
1085,TimesNet,0.04916759580373764,PatchTST,-0.05833834782242775,0.10750594362616539,iTransformer,-0.13182313740253448,0.18099073320627213
1086,iTransformer,0.0690845474600792,DLinear,0.06422929465770721,0.004855252802371979,iTransformer,0.0690845474600792,0.0
1087,iTransformer,0.0903819128870964,TimesNet,0.037152647972106934,0.05322926491498947,iTransformer,0.0903819128870964,0.0
1088,TimesNet,0.03731197491288185,DLinear,0.02688755840063095,0.0104244165122509,iTransformer,-0.10370557010173798,0.14101754501461983
1089,PatchTST,0.08935834467411041,iTransformer,0.004380548372864723,0.08497779630124569,iTransformer,0.004380548372864723,0.08497779630124569
1090,DLinear,0.10963716357946396,PatchTST,0.08542703092098236,0.024210132658481598,iTransformer,-0.06883830577135086,0.17847546935081482
1091,TimesNet,0.15975138545036316,iTransformer,0.08167317509651184,0.07807821035385132,iTransformer,0.08167317509651184,0.07807821035385132
1092,DLinear,0.10358517616987228,TimesNet,0.09337886422872543,0.01020631194114685,iTransformer,0.04109787195920944,0.06248730421066284
1093,PatchTST,0.13718441128730774,DLinear,0.10224910825490952,0.034935303032398224,iTransformer,0.06298168748617172,0.07420272380113602
1094,TimesNet,0.13201101124286652,DLinear,0.08971306681632996,0.04229794442653656,iTransformer,0.0007856911979615688,0.13122532004490495
1095,DLinear,0.12308815121650696,PatchTST,-0.019612599164247513,0.14270075038075447,iTransformer,-0.039017174392938614,0.16210532560944557
1096,DLinear,0.15313170850276947,PatchTST,0.05032096430659294,0.10281074419617653,iTransformer,-0.026148706674575806,0.17928041517734528
1097,iTransformer,0.055307261645793915,DLinear,0.052538447082042694,0.0027688145637512207,iTransformer,0.055307261645793915,0.0
1098,PatchTST,0.1052483469247818,DLinear,0.050547461956739426,0.054700884968042374,iTransformer,0.004774768371134996,0.1004735785536468
1099,DLinear,0.07555555552244186,iTransformer,0.01999829337000847,0.055557262152433395,iTransformer,0.01999829337000847,0.055557262152433395
1100,TimesNet,0.05256006866693497,DLinear,0.05036434903740883,0.0021957196295261383,iTransformer,0.008394379168748856,0.04416568949818611
1101,TimesNet,-0.005489759612828493,DLinear,-0.017419474199414253,0.01192971458658576,iTransformer,-0.08048824965953827,0.07499849004670978
1102,TimesNet,0.07905789464712143,iTransformer,0.06754722446203232,0.011510670185089111,iTransformer,0.06754722446203232,0.011510670185089111
1103,iTransformer,0.0654221847653389,TimesNet,0.022381911054253578,0.04304027371108532,iTransformer,0.0654221847653389,0.0
1104,DLinear,0.10897830128669739,iTransformer,0.09294149279594421,0.016036808490753174,iTransformer,0.09294149279594421,0.016036808490753174
1105,DLinear,0.2088630348443985,iTransformer,0.045010101050138474,0.16385293379426003,iTransformer,0.045010101050138474,0.16385293379426003
1106,PatchTST,0.17232586443424225,DLinear,0.12925752997398376,0.043068334460258484,iTransformer,0.04945145174860954,0.1228744126856327
1107,iTransformer,0.24684256315231323,DLinear,0.14045578241348267,0.10638678073883057,iTransformer,0.24684256315231323,0.0
1108,DLinear,0.20949186384677887,iTransformer,0.11251281201839447,0.0969790518283844,iTransformer,0.11251281201839447,0.0969790518283844
1109,PatchTST,0.15166036784648895,DLinear,0.11283987015485764,0.03882049769163132,iTransformer,-0.00972042791545391,0.16138079576194286
1110,TimesNet,0.1329856961965561,DLinear,0.11096786707639694,0.02201782912015915,iTransformer,0.10092031210660934,0.03206538408994675
1111,TimesNet,0.23415659368038177,iTransformer,0.13656280934810638,0.09759378433227539,iTransformer,0.13656280934810638,0.09759378433227539
1112,DLinear,0.1356605440378189,PatchTST,0.1118047684431076,0.023855775594711304,iTransformer,0.04928166791796684,0.08637887611985207
1113,DLinear,0.18844985961914062,PatchTST,0.13732486963272095,0.05112498998641968,iTransformer,0.11813872307538986,0.07031113654375076
1114,iTransformer,0.1789010614156723,DLinear,0.1570206582546234,0.02188040316104889,iTransformer,0.1789010614156723,0.0
1115,TimesNet,0.05566736310720444,DLinear,-0.03842408210039139,0.09409144520759583,iTransformer,-0.08730186522006989,0.14296922832727432
1116,iTransformer,-0.01574777252972126,DLinear,-0.04312669485807419,0.027378922328352928,iTransformer,-0.01574777252972126,0.0
1117,TimesNet,0.17509342730045319,DLinear,0.046439193189144135,0.12865423411130905,iTransformer,0.03567352890968323,0.13941989839076996
1118,iTransformer,0.08350634574890137,DLinear,-0.028249334543943405,0.11175568029284477,iTransformer,0.08350634574890137,0.0
1119,DLinear,0.02357509359717369,PatchTST,-0.01872297003865242,0.04229806363582611,iTransformer,-0.10571230202913284,0.12928739562630653
1120,TimesNet,0.04500213637948036,iTransformer,-0.021418273448944092,0.06642040982842445,iTransformer,-0.021418273448944092,0.06642040982842445
1121,PatchTST,0.009880609810352325,DLinear,-0.029912909492850304,0.03979351930320263,iTransformer,-0.04805655777454376,0.05793716758489609
1122,iTransformer,0.029098423197865486,PatchTST,-0.019409647211432457,0.04850807040929794,iTransformer,0.029098423197865486,0.0
1123,TimesNet,0.06913849711418152,iTransformer,0.04569574072957039,0.02344275638461113,iTransformer,0.04569574072957039,0.02344275638461113
1124,iTransformer,0.07243512570858002,DLinear,-0.04718467965722084,0.11961980536580086,iTransformer,0.07243512570858002,0.0
1125,iTransformer,0.013140079565346241,DLinear,-0.0072708213701844215,0.020410900935530663,iTransformer,0.013140079565346241,0.0
1126,iTransformer,0.0954856425523758,DLinear,0.018939005210995674,0.07654663734138012,iTransformer,0.0954856425523758,0.0
1127,TimesNet,0.06162091717123985,iTransformer,-0.038963500410318375,0.10058441758155823,iTransformer,-0.038963500410318375,0.10058441758155823
1128,iTransformer,0.13573095202445984,TimesNet,0.08593612909317017,0.04979482293128967,iTransformer,0.13573095202445984,0.0
1129,TimesNet,0.012105059809982777,DLinear,0.0023708539083600044,0.009734205901622772,iTransformer,-0.0160202719271183,0.028125331737101078
1130,DLinear,-0.0483645498752594,TimesNet,-0.07191257178783417,0.023548021912574768,iTransformer,-0.09610189497470856,0.04773734509944916
1131,iTransformer,0.043529484421014786,PatchTST,0.02811884693801403,0.015410637483000755,iTransformer,0.043529484421014786,0.0
1132,DLinear,0.09493141621351242,PatchTST,-0.027203768491744995,0.12213518470525742,iTransformer,-0.21673893928527832,0.31167035549879074
1133,TimesNet,0.11118276417255402,iTransformer,-0.016112469136714935,0.12729523330926895,iTransformer,-0.016112469136714935,0.12729523330926895
1134,DLinear,0.020595138892531395,iTransformer,-0.02243693545460701,0.043032074347138405,iTransformer,-0.02243693545460701,0.043032074347138405
1135,DLinear,0.06062553822994232,PatchTST,0.023892011493444443,0.03673352673649788,iTransformer,-0.020111840218305588,0.08073737844824791
1136,iTransformer,0.1450575441122055,PatchTST,0.08184808492660522,0.06320945918560028,iTransformer,0.1450575441122055,0.0
1137,iTransformer,0.11633312702178955,DLinear,0.07625818997621536,0.04007493704557419,iTransformer,0.11633312702178955,0.0
1138,iTransformer,0.045293401926755905,PatchTST,0.02474212273955345,0.020551279187202454,iTransformer,0.045293401926755905,0.0
1139,iTransformer,0.11816263943910599,DLinear,0.07261022925376892,0.04555241018533707,iTransformer,0.11816263943910599,0.0
1140,PatchTST,0.12130644917488098,DLinear,0.020220819860696793,0.10108562931418419,iTransformer,-0.060287799686193466,0.18159424886107445
1141,DLinear,0.12285726517438889,PatchTST,0.046867094933986664,0.07599017024040222,iTransformer,-0.10887417942285538,0.23173144459724426
1142,iTransformer,0.19245174527168274,DLinear,0.12183286249637604,0.0706188827753067,iTransformer,0.19245174527168274,0.0
1143,DLinear,0.1083749309182167,iTransformer,0.01530068926513195,0.09307424165308475,iTransformer,0.01530068926513195,0.09307424165308475
1144,iTransformer,0.15596574544906616,DLinear,0.13647642731666565,0.019489318132400513,iTransformer,0.15596574544906616,0.0
1145,iTransformer,0.1893446147441864,DLinear,0.11634501814842224,0.07299959659576416,iTransformer,0.1893446147441864,0.0
1146,DLinear,0.09531340003013611,TimesNet,-0.021219950169324875,0.11653335019946098,iTransformer,-0.11101552098989487,0.20632892102003098
1147,DLinear,0.13032740354537964,iTransformer,0.06945851445198059,0.06086888909339905,iTransformer,0.06945851445198059,0.06086888909339905
1148,DLinear,0.1280815303325653,PatchTST,0.032176703214645386,0.09590482711791992,iTransformer,0.005350190680474043,0.12273133965209126
1149,DLinear,0.06503823399543762,PatchTST,0.055877309292554855,0.009160924702882767,iTransformer,-0.14757098257541656,0.2126092165708542
1150,DLinear,0.11790183931589127,PatchTST,0.0377962663769722,0.08010557293891907,iTransformer,0.02733032777905464,0.09057151153683662
1151,DLinear,0.119462750852108,iTransformer,0.047876499593257904,0.0715862512588501,iTransformer,0.047876499593257904,0.0715862512588501
1152,DLinear,0.05539967492222786,TimesNet,0.015101232565939426,0.04029844235628843,iTransformer,-0.14421692490577698,0.19961659982800484
1153,PatchTST,0.07490771263837814,TimesNet,0.04475490748882294,0.030152805149555206,iTransformer,-0.05208395794034004,0.12699167057871819
1154,TimesNet,0.08901310712099075,DLinear,0.048021674156188965,0.04099143296480179,iTransformer,-0.04558136686682701,0.13459447398781776
1155,DLinear,0.009541217237710953,TimesNet,-0.03384764865040779,0.043388865888118744,iTransformer,-0.09698259830474854,0.10652381554245949
1156,iTransformer,0.067843958735466,PatchTST,-0.015272953547537327,0.08311691228300333,iTransformer,0.067843958735466,0.0
1157,DLinear,0.07176148146390915,TimesNet,-0.024636270478367805,0.09639775194227695,iTransformer,-0.03600742667913437,0.10776890814304352
1158,TimesNet,0.08306320756673813,PatchTST,0.030616583302617073,0.052446624264121056,iTransformer,0.021938377991318703,0.061124829575419426
1159,TimesNet,0.11070447415113449,DLinear,-0.06479965895414352,0.17550413310527802,iTransformer,-0.09689933061599731,0.2076038047671318
1160,TimesNet,0.05425972864031792,DLinear,0.04892418906092644,0.0053355395793914795,iTransformer,-0.08317161351442337,0.1374313421547413
1161,iTransformer,0.13026845455169678,TimesNet,0.04397747665643692,0.08629097789525986,iTransformer,0.13026845455169678,0.0
1162,DLinear,0.052626557648181915,PatchTST,0.03307953476905823,0.019547022879123688,iTransformer,-0.0872945636510849,0.13992112129926682
1163,TimesNet,-0.015280553139746189,DLinear,-0.0277382954955101,0.012457742355763912,iTransformer,-0.07862401753664017,0.06334346439689398
1164,iTransformer,0.08729423582553864,TimesNet,-0.034497447311878204,0.12179168313741684,iTransformer,0.08729423582553864,0.0
1165,TimesNet,0.13723653554916382,DLinear,0.09417422115802765,0.04306231439113617,iTransformer,0.05382867902517319,0.08340785652399063
1166,TimesNet,0.08620081841945648,DLinear,0.035369258373975754,0.05083156004548073,iTransformer,0.03164751082658768,0.054553307592868805
1167,TimesNet,0.05426477640867233,PatchTST,0.017415624111890793,0.03684915229678154,iTransformer,-0.25070706009864807,0.3049718365073204
1168,TimesNet,0.059520334005355835,DLinear,0.018803304061293602,0.04071702994406223,iTransformer,-0.16647915542125702,0.22599948942661285
1169,PatchTST,0.05276276916265488,DLinear,0.03987060859799385,0.012892160564661026,iTransformer,-0.020139791071414948,0.07290256023406982
1170,TimesNet,0.07874256372451782,iTransformer,0.0027033465448766947,0.07603921717964113,iTransformer,0.0027033465448766947,0.07603921717964113
1171,TimesNet,0.1560940444469452,DLinear,0.011027518659830093,0.1450665257871151,iTransformer,-0.07678491622209549,0.23287896066904068
1172,TimesNet,0.012819546274840832,DLinear,0.0035031335428357124,0.00931641273200512,iTransformer,-0.08932480216026306,0.1021443484351039
1173,TimesNet,0.021258775144815445,DLinear,-0.0246913842856884,0.045950159430503845,iTransformer,-0.08441361039876938,0.10567238554358482
1174,TimesNet,0.1521066129207611,DLinear,0.04667831212282181,0.1054283007979393,iTransformer,-0.022430410608649254,0.17453702352941036
1175,iTransformer,0.207330122590065,PatchTST,0.08005407452583313,0.12727604806423187,iTransformer,0.207330122590065,0.0
1176,TimesNet,0.06780441850423813,DLinear,0.028722843155264854,0.039081575348973274,iTransformer,-0.0398031584918499,0.10760757699608803
1177,PatchTST,0.034326545894145966,iTransformer,0.011104987934231758,0.023221557959914207,iTransformer,0.011104987934231758,0.023221557959914207
1178,DLinear,0.06032649427652359,iTransformer,-0.011885754764080048,0.07221224904060364,iTransformer,-0.011885754764080048,0.07221224904060364
1179,TimesNet,0.04100153595209122,DLinear,-0.006722626276314259,0.047724162228405476,iTransformer,-0.06915687769651413,0.11015841364860535
1180,TimesNet,0.048433609306812286,DLinear,0.01893884502351284,0.029494764283299446,iTransformer,-0.06651206314563751,0.1149456724524498
1181,TimesNet,0.1729864478111267,DLinear,0.009714815765619278,0.16327163204550743,iTransformer,-0.0001956655760295689,0.17318211338715628
1182,PatchTST,0.09351096302270889,DLinear,0.01985640451312065,0.07365455850958824,iTransformer,-0.019134411588311195,0.11264537461102009
1183,PatchTST,0.13008251786231995,DLinear,0.04185885563492775,0.0882236622273922,iTransformer,0.012133712880313396,0.11794880498200655
1184,TimesNet,0.17127712070941925,DLinear,0.004073362331837416,0.16720375837758183,iTransformer,-0.003923715557903051,0.1752008362673223
1185,iTransformer,0.02383452095091343,PatchTST,-0.009783288463950157,0.033617809414863586,iTransformer,0.02383452095091343,0.0
1186,iTransformer,0.11853895336389542,DLinear,0.09111249446868896,0.02742645889520645,iTransformer,0.11853895336389542,0.0
1187,iTransformer,0.03635047748684883,DLinear,0.003963388502597809,0.03238708898425102,iTransformer,0.03635047748684883,0.0
1188,iTransformer,0.0894618108868599,DLinear,0.021943349391222,0.0675184614956379,iTransformer,0.0894618108868599,0.0
1189,TimesNet,0.15628761053085327,PatchTST,0.0746004730463028,0.08168713748455048,iTransformer,-0.0016337732085958123,0.15792138373944908
1190,TimesNet,0.07987853139638901,DLinear,0.0022872730623930693,0.07759125833399594,iTransformer,-0.04749935120344162,0.12737788259983063
1191,DLinear,0.01558794267475605,PatchTST,-0.026186928153038025,0.041774870827794075,iTransformer,-0.11681780964136124,0.1324057523161173
1192,TimesNet,0.07699990272521973,PatchTST,-0.06292091310024261,0.13992081582546234,iTransformer,-0.09718768298625946,0.1741875857114792
1193,TimesNet,0.03840329125523567,DLinear,-0.03733772411942482,0.07574101537466049,iTransformer,-0.06079395115375519,0.09919724240899086
1194,iTransformer,0.0976572260260582,PatchTST,0.037639424204826355,0.06001780182123184,iTransformer,0.0976572260260582,0.0
1195,TimesNet,0.0708998516201973,iTransformer,-0.0326993465423584,0.1035991981625557,iTransformer,-0.0326993465423584,0.1035991981625557
1196,iTransformer,0.11516907811164856,TimesNet,0.06398936361074448,0.05117971450090408,iTransformer,0.11516907811164856,0.0
1197,PatchTST,0.24440108239650726,TimesNet,0.07082082331180573,0.17358025908470154,iTransformer,-0.11456935107707977,0.35897043347358704
1198,PatchTST,0.05115602910518646,DLinear,-0.029574481770396233,0.0807305108755827,iTransformer,-0.045015037059783936,0.0961710661649704
1199,DLinear,0.05905047431588173,PatchTST,0.02293103188276291,0.03611944243311882,iTransformer,-0.01014640647917986,0.06919688079506159
1200,DLinear,-0.01574108749628067,iTransformer,-0.07813248038291931,0.06239139288663864,iTransformer,-0.07813248038291931,0.06239139288663864
1201,DLinear,0.08239654451608658,TimesNet,0.01404386293143034,0.06835268158465624,iTransformer,-0.012277086265385151,0.09467363078147173
1202,PatchTST,0.060684699565172195,DLinear,0.05028152838349342,0.010403171181678772,iTransformer,0.04989452287554741,0.010790176689624786
1203,DLinear,0.10648765414953232,PatchTST,-0.016551023349165916,0.12303867749869823,iTransformer,-0.029111577197909355,0.13559923134744167
1204,iTransformer,0.04294852539896965,DLinear,0.02768879197537899,0.01525973342359066,iTransformer,0.04294852539896965,0.0
1205,DLinear,0.09273256361484528,PatchTST,0.04793105646967888,0.0448015071451664,iTransformer,-0.07312922179698944,0.16586178541183472
1206,iTransformer,0.11136598140001297,DLinear,0.06563477218151093,0.045731209218502045,iTransformer,0.11136598140001297,0.0
1207,iTransformer,0.054628726094961166,PatchTST,0.015193294733762741,0.039435431361198425,iTransformer,0.054628726094961166,0.0
1208,iTransformer,0.1841905415058136,TimesNet,0.13041307032108307,0.05377747118473053,iTransformer,0.1841905415058136,0.0
1209,TimesNet,0.1353531926870346,DLinear,0.07669154554605484,0.05866164714097977,iTransformer,-0.00926863495260477,0.14462182763963938
1210,iTransformer,0.17099106311798096,TimesNet,0.10415506362915039,0.06683599948883057,iTransformer,0.17099106311798096,0.0
1211,iTransformer,0.16842906177043915,TimesNet,0.03973979502916336,0.1286892667412758,iTransformer,0.16842906177043915,0.0
1212,DLinear,0.04266974329948425,iTransformer,0.039258841425180435,0.0034109018743038177,iTransformer,0.039258841425180435,0.0034109018743038177
1213,DLinear,0.15847715735435486,iTransformer,0.14991532266139984,0.008561834692955017,iTransformer,0.14991532266139984,0.008561834692955017
1214,DLinear,0.17305131256580353,iTransformer,0.09014497697353363,0.0829063355922699,iTransformer,0.09014497697353363,0.0829063355922699
1215,DLinear,0.15175911784172058,TimesNet,0.02812303602695465,0.12363608181476593,iTransformer,0.017975447699427605,0.13378367014229298
1216,iTransformer,0.1872517615556717,DLinear,0.10246655344963074,0.08478520810604095,iTransformer,0.1872517615556717,0.0
1217,DLinear,0.1916639357805252,iTransformer,0.18456362187862396,0.007100313901901245,iTransformer,0.18456362187862396,0.007100313901901245
1218,DLinear,0.19689688086509705,iTransformer,0.09199429303407669,0.10490258783102036,iTransformer,0.09199429303407669,0.10490258783102036
1219,DLinear,0.20538555085659027,TimesNet,0.08091329038143158,0.12447226047515869,iTransformer,-0.03742663562297821,0.24281218647956848
1220,DLinear,0.12107724696397781,PatchTST,0.005327118095010519,0.1157501288689673,iTransformer,-0.1413934975862503,0.2624707445502281
1221,PatchTST,0.11776090413331985,DLinear,0.08170416206121445,0.03605674207210541,iTransformer,0.0292156133800745,0.08854529075324535
1222,TimesNet,0.08326173573732376,iTransformer,0.05076192691922188,0.03249980881810188,iTransformer,0.05076192691922188,0.03249980881810188
1223,TimesNet,0.05516274273395538,iTransformer,0.026123926043510437,0.029038816690444946,iTransformer,0.026123926043510437,0.029038816690444946
1224,DLinear,0.09544627368450165,PatchTST,0.06477310508489609,0.03067316859960556,iTransformer,0.06137790530920029,0.03406836837530136
1225,DLinear,0.058916252106428146,PatchTST,0.03462963178753853,0.024286620318889618,iTransformer,-0.06209069490432739,0.12100694701075554
1226,PatchTST,0.09532608836889267,DLinear,0.07948438823223114,0.01584170013666153,iTransformer,-0.0854114294052124,0.18073751777410507
1227,DLinear,0.08728271722793579,TimesNet,0.034027062356472015,0.053255654871463776,iTransformer,-0.0821358859539032,0.169418603181839
1228,iTransformer,0.13431797921657562,DLinear,0.13283398747444153,0.0014839917421340942,iTransformer,0.13431797921657562,0.0
1229,iTransformer,0.2406696230173111,DLinear,0.20461583137512207,0.036053791642189026,iTransformer,0.2406696230173111,0.0
1230,DLinear,0.2007921189069748,PatchTST,0.18449777364730835,0.016294345259666443,iTransformer,0.060831423848867416,0.13996069505810738
1231,DLinear,0.12534233927726746,PatchTST,0.05834496021270752,0.06699737906455994,iTransformer,0.05149347335100174,0.07384886592626572
1232,DLinear,0.21557138860225677,iTransformer,0.15678533911705017,0.058786049485206604,iTransformer,0.15678533911705017,0.058786049485206604
1233,iTransformer,0.25477784872055054,PatchTST,0.20444355905056,0.05033428966999054,iTransformer,0.25477784872055054,0.0
1234,DLinear,0.1674339771270752,iTransformer,0.09782687574625015,0.06960710138082504,iTransformer,0.09782687574625015,0.06960710138082504
1235,DLinear,0.15958814322948456,PatchTST,0.11623293161392212,0.04335521161556244,iTransformer,0.0648479238152504,0.09474021941423416
1236,DLinear,0.17665758728981018,iTransformer,0.13404758274555206,0.04261000454425812,iTransformer,0.13404758274555206,0.04261000454425812
1237,PatchTST,0.2184339165687561,iTransformer,0.19981160759925842,0.01862230896949768,iTransformer,0.19981160759925842,0.01862230896949768
1238,PatchTST,0.23377680778503418,DLinear,0.19980771839618683,0.03396908938884735,iTransformer,-0.021523574367165565,0.25530038215219975
1239,iTransformer,0.2738471031188965,PatchTST,0.1624843031167984,0.11136280000209808,iTransformer,0.2738471031188965,0.0
1240,PatchTST,0.11865691840648651,DLinear,0.11309779435396194,0.005559124052524567,iTransformer,0.0958961769938469,0.022760741412639618
1241,PatchTST,0.2088683396577835,DLinear,0.2014501839876175,0.007418155670166016,iTransformer,0.05804319307208061,0.1508251465857029
1242,PatchTST,0.20918458700180054,DLinear,0.17495381832122803,0.03423076868057251,iTransformer,-0.06651473045349121,0.27569931745529175
1243,DLinear,0.16660670936107635,iTransformer,0.1638823002576828,0.0027244091033935547,iTransformer,0.1638823002576828,0.0027244091033935547
1244,DLinear,0.13871192932128906,iTransformer,0.08528857678174973,0.05342335253953934,iTransformer,0.08528857678174973,0.05342335253953934
1245,DLinear,0.21287794411182404,iTransformer,0.1371246725320816,0.07575327157974243,iTransformer,0.1371246725320816,0.07575327157974243
1246,PatchTST,0.25780144333839417,iTransformer,0.16128459572792053,0.09651684761047363,iTransformer,0.16128459572792053,0.09651684761047363
1247,PatchTST,0.1504848301410675,DLinear,0.08691758662462234,0.06356724351644516,iTransformer,0.004217114765197039,0.14626771537587047
1248,iTransformer,0.15828821063041687,DLinear,0.07131949812173843,0.08696871250867844,iTransformer,0.15828821063041687,0.0
1249,iTransformer,0.2588844299316406,PatchTST,0.06198649853467941,0.1968979313969612,iTransformer,0.2588844299316406,0.0
1250,DLinear,0.09935830533504486,iTransformer,0.034060101956129074,0.06529820337891579,iTransformer,0.034060101956129074,0.06529820337891579
1251,DLinear,0.07468202710151672,PatchTST,0.06702255457639694,0.0076594725251197815,iTransformer,-0.11982732266187668,0.1945093497633934
1252,DLinear,0.17320486903190613,iTransformer,0.1118263304233551,0.061378538608551025,iTransformer,0.1118263304233551,0.061378538608551025
1253,DLinear,0.09564203768968582,PatchTST,0.037518132477998734,0.05812390521168709,iTransformer,-0.19339138269424438,0.2890334203839302
1254,PatchTST,0.26588883996009827,DLinear,0.07187448441982269,0.19401435554027557,iTransformer,-0.03429199382662773,0.300180833786726
1255,iTransformer,0.24219703674316406,DLinear,0.06265731155872345,0.1795397251844406,iTransformer,0.24219703674316406,0.0
1256,PatchTST,0.16405688226222992,DLinear,0.0130652179941535,0.15099166426807642,iTransformer,-0.04907508194446564,0.21313196420669556
1257,DLinear,0.06420233845710754,PatchTST,0.03916362673044205,0.025038711726665497,iTransformer,-0.04110129550099373,0.10530363395810127
1258,TimesNet,0.06256323307752609,PatchTST,0.037457216531038284,0.025106016546487808,iTransformer,-0.05278312414884567,0.11534635722637177
1259,iTransformer,0.006857766769826412,TimesNet,0.0015686298720538616,0.005289136897772551,iTransformer,0.006857766769826412,0.0
1260,iTransformer,0.12383435666561127,DLinear,0.04837130755186081,0.07546304911375046,iTransformer,0.12383435666561127,0.0
1261,DLinear,0.08512063324451447,iTransformer,-0.05335419252514839,0.13847482576966286,iTransformer,-0.05335419252514839,0.13847482576966286
1262,PatchTST,0.06414458900690079,TimesNet,0.020844347774982452,0.043300241231918335,iTransformer,0.016164768487215042,0.047979820519685745
1263,TimesNet,0.1843463033437729,DLinear,0.07238595187664032,0.11196035146713257,iTransformer,0.027249932289123535,0.15709637105464935
1264,PatchTST,0.0969252958893776,TimesNet,0.022150877863168716,0.07477441802620888,iTransformer,-0.005923242308199406,0.102848538197577
1265,PatchTST,0.17479875683784485,TimesNet,0.05575419217348099,0.11904456466436386,iTransformer,-0.14074431359767914,0.315543070435524
1266,TimesNet,0.2210313081741333,PatchTST,0.12356492131948471,0.09746638685464859,iTransformer,-0.006568712182343006,0.2276000203564763
1267,TimesNet,0.05925065651535988,PatchTST,-0.021319294348359108,0.08056995086371899,iTransformer,-0.11536403745412827,0.17461469396948814
1268,PatchTST,0.046549491584300995,TimesNet,-0.010178081691265106,0.0567275732755661,iTransformer,-0.20951883494853973,0.25606832653284073
1269,TimesNet,0.1259693056344986,iTransformer,-0.11651134490966797,0.24248065054416656,iTransformer,-0.11651134490966797,0.24248065054416656
1270,TimesNet,0.27989891171455383,PatchTST,-0.009873940609395504,0.28977285232394934,iTransformer,-0.10455770790576935,0.3844566196203232
1271,TimesNet,0.10886048525571823,PatchTST,0.019878603518009186,0.08898188173770905,iTransformer,-0.01131962239742279,0.12018010765314102
1272,TimesNet,0.2650096118450165,PatchTST,0.1588570475578308,0.10615256428718567,iTransformer,-0.21727144718170166,0.48228105902671814
1273,TimesNet,-0.01732531003654003,PatchTST,-0.0186529029160738,0.0013275928795337677,iTransformer,-0.10276350378990173,0.0854381937533617
1274,TimesNet,-0.014878038316965103,PatchTST,-0.0273964274674654,0.012518389150500298,iTransformer,-0.18319499492645264,0.16831695660948753
1275,TimesNet,0.15560121834278107,PatchTST,0.01487312838435173,0.14072808995842934,iTransformer,-0.10836900770664215,0.2639702260494232
1276,iTransformer,0.013162755407392979,TimesNet,0.003199240891262889,0.00996351451613009,iTransformer,0.013162755407392979,0.0
1277,TimesNet,0.23784765601158142,PatchTST,-0.08509556204080582,0.32294321805238724,iTransformer,-0.32335370779037476,0.5612013638019562
1278,TimesNet,0.258918434381485,iTransformer,-0.033073730766773224,0.2919921651482582,iTransformer,-0.033073730766773224,0.2919921651482582
1279,TimesNet,0.1540849506855011,PatchTST,0.045430976897478104,0.108653973788023,iTransformer,-0.08284229785203934,0.23692724853754044
1280,PatchTST,0.06012890115380287,TimesNet,-0.048670027405023575,0.10879892855882645,iTransformer,-0.10884932428598404,0.1689782254397869
1281,TimesNet,0.1170768141746521,PatchTST,-0.04365196079015732,0.16072877496480942,iTransformer,-0.15974509716033936,0.27682191133499146
1282,TimesNet,0.12658058106899261,PatchTST,0.09504887461662292,0.03153170645236969,iTransformer,-0.03196139633655548,0.1585419774055481
1283,PatchTST,0.0584811307489872,iTransformer,-0.0166278388351202,0.0751089695841074,iTransformer,-0.0166278388351202,0.0751089695841074
1284,TimesNet,0.1896594762802124,PatchTST,0.035253968089818954,0.15440550819039345,iTransformer,-0.05842908099293709,0.2480885572731495
1285,TimesNet,0.17122918367385864,iTransformer,0.14925678074359894,0.021972402930259705,iTransformer,0.14925678074359894,0.021972402930259705
1286,TimesNet,-0.0017938269302248955,DLinear,-0.0193159319460392,0.017522105015814304,iTransformer,-0.06861522048711777,0.06682139355689287
1287,PatchTST,0.04930351674556732,TimesNet,-0.07176075875759125,0.12106427550315857,iTransformer,-0.15204475820064545,0.20134827494621277
1288,PatchTST,0.05391155928373337,TimesNet,-0.021841123700141907,0.07575268298387527,iTransformer,-0.1130976527929306,0.16700921207666397
1289,PatchTST,-0.003697394859045744,iTransformer,-0.013203481212258339,0.009506086353212595,iTransformer,-0.013203481212258339,0.009506086353212595
1290,TimesNet,0.03390048071742058,iTransformer,0.027865126729011536,0.006035353988409042,iTransformer,0.027865126729011536,0.006035353988409042
1291,iTransformer,0.07803112268447876,PatchTST,-0.04865872487425804,0.1266898475587368,iTransformer,0.07803112268447876,0.0
1292,iTransformer,0.15704253315925598,TimesNet,0.0186777226626873,0.13836481049656868,iTransformer,0.15704253315925598,0.0
1293,PatchTST,-0.09079059213399887,TimesNet,-0.11078910529613495,0.019998513162136078,iTransformer,-0.1657278686761856,0.07493727654218674
1294,iTransformer,0.042835481464862823,TimesNet,-0.048940904438495636,0.09177638590335846,iTransformer,0.042835481464862823,0.0
1295,TimesNet,0.10748020559549332,PatchTST,0.017532743513584137,0.08994746208190918,iTransformer,0.00966713111847639,0.09781307447701693
1296,TimesNet,0.16018611192703247,iTransformer,0.12173908203840256,0.03844702988862991,iTransformer,0.12173908203840256,0.03844702988862991
1297,TimesNet,0.14350132644176483,iTransformer,0.019296523183584213,0.12420480325818062,iTransformer,0.019296523183584213,0.12420480325818062
1298,iTransformer,0.0822906643152237,PatchTST,0.07768570631742477,0.00460495799779892,iTransformer,0.0822906643152237,0.0
1299,iTransformer,0.02372918277978897,TimesNet,-0.02716277539730072,0.05089195817708969,iTransformer,0.02372918277978897,0.0
1300,TimesNet,-0.05479628965258598,iTransformer,-0.07316663861274719,0.01837034896016121,iTransformer,-0.07316663861274719,0.01837034896016121
1301,TimesNet,0.08066433668136597,iTransformer,0.06504937261343002,0.015614964067935944,iTransformer,0.06504937261343002,0.015614964067935944
1302,TimesNet,0.03847093880176544,DLinear,0.0323113277554512,0.0061596110463142395,iTransformer,-0.024623440578579903,0.06309437938034534
1303,PatchTST,0.08196254819631577,iTransformer,0.025620698928833008,0.05634184926748276,iTransformer,0.025620698928833008,0.05634184926748276
1304,PatchTST,0.06854579597711563,iTransformer,0.026078494265675545,0.042467301711440086,iTransformer,0.026078494265675545,0.042467301711440086
1305,TimesNet,0.235519140958786,iTransformer,0.11984642595052719,0.11567271500825882,iTransformer,0.11984642595052719,0.11567271500825882
1306,PatchTST,0.03796926513314247,TimesNet,-0.005803900770843029,0.0437731659039855,iTransformer,-0.03794863820075989,0.07591790333390236
1307,iTransformer,0.07127251476049423,TimesNet,0.07040385156869888,0.0008686631917953491,iTransformer,0.07127251476049423,0.0
1308,TimesNet,0.03937695175409317,DLinear,-0.050084833055734634,0.0894617848098278,iTransformer,-0.062301892787218094,0.10167884454131126
1309,iTransformer,-0.0019314367091283202,PatchTST,-0.0399014838039875,0.03797004709485918,iTransformer,-0.0019314367091283202,0.0
1310,TimesNet,0.05052565038204193,iTransformer,0.032437752932310104,0.018087897449731827,iTransformer,0.032437752932310104,0.018087897449731827
1311,PatchTST,0.12206205725669861,iTransformer,0.12015581130981445,0.0019062459468841553,iTransformer,0.12015581130981445,0.0019062459468841553
1312,PatchTST,0.04609557241201401,TimesNet,0.018463246524333954,0.027632325887680054,iTransformer,-0.0029342027846723795,0.04902977519668639
1313,iTransformer,0.005037747323513031,DLinear,-0.04831257089972496,0.05335031822323799,iTransformer,0.005037747323513031,0.0
1314,PatchTST,0.1642848700284958,iTransformer,0.011486358009278774,0.15279851201921701,iTransformer,0.011486358009278774,0.15279851201921701
1315,TimesNet,0.10824577510356903,PatchTST,0.0864577367901802,0.021788038313388824,iTransformer,0.020144009962677956,0.08810176514089108
1316,TimesNet,-0.004965115804225206,DLinear,-0.037507783621549606,0.0325426678173244,iTransformer,-0.08285760134458542,0.07789248554036021
1317,iTransformer,0.12600547075271606,PatchTST,0.12515227496623993,0.0008531957864761353,iTransformer,0.12600547075271606,0.0
1318,PatchTST,0.016805380582809448,TimesNet,-0.07212471961975098,0.08893010020256042,iTransformer,-0.1350269764661789,0.15183235704898834
1319,iTransformer,0.14120180904865265,PatchTST,0.03718593344092369,0.10401587560772896,iTransformer,0.14120180904865265,0.0
1320,PatchTST,0.1885308027267456,DLinear,0.0054458691738545895,0.18308493355289102,iTransformer,-0.011175473220646381,0.199706275947392
1321,TimesNet,-0.006528806407004595,PatchTST,-0.12350298464298248,0.11697417823597789,iTransformer,-0.15687726438045502,0.15034845797345042
1322,iTransformer,0.05040862411260605,PatchTST,0.046399012207984924,0.004009611904621124,iTransformer,0.05040862411260605,0.0
1323,iTransformer,0.022587796673178673,PatchTST,0.021998681128025055,0.0005891155451536179,iTransformer,0.022587796673178673,0.0
1324,iTransformer,-0.019570209085941315,TimesNet,-0.05241357162594795,0.03284336254000664,iTransformer,-0.019570209085941315,0.0
1325,TimesNet,0.06497742980718613,iTransformer,0.05473237857222557,0.010245051234960556,iTransformer,0.05473237857222557,0.010245051234960556
1326,iTransformer,0.12897616624832153,TimesNet,0.05322955548763275,0.07574661076068878,iTransformer,0.12897616624832153,0.0
1327,iTransformer,0.06594590097665787,TimesNet,0.0025217037182301283,0.06342419725842774,iTransformer,0.06594590097665787,0.0
1328,PatchTST,0.08342543244361877,DLinear,0.06813100725412369,0.015294425189495087,iTransformer,-0.07531601190567017,0.15874144434928894
1329,DLinear,-0.04654565826058388,TimesNet,-0.04773222282528877,0.001186564564704895,iTransformer,-0.11256248503923416,0.06601682677865028
1330,PatchTST,0.18516266345977783,DLinear,-0.05431034788489342,0.23947301134467125,iTransformer,-0.09351047873497009,0.2786731421947479
1331,iTransformer,0.09241285920143127,TimesNet,0.06956344097852707,0.022849418222904205,iTransformer,0.09241285920143127,0.0
1332,iTransformer,0.11311444640159607,TimesNet,-0.010377044789493084,0.12349149119108915,iTransformer,0.11311444640159607,0.0
1333,iTransformer,-0.00010008180106524378,TimesNet,-0.026957696303725243,0.02685761450266,iTransformer,-0.00010008180106524378,0.0
1334,iTransformer,0.1278976947069168,PatchTST,-0.014456231147050858,0.14235392585396767,iTransformer,0.1278976947069168,0.0
1335,iTransformer,0.09975647926330566,TimesNet,0.07046590000391006,0.0292905792593956,iTransformer,0.09975647926330566,0.0
1336,TimesNet,0.051762904971838,PatchTST,0.03267011046409607,0.019092794507741928,iTransformer,-0.03751286864280701,0.089275773614645
1337,TimesNet,-0.06724465638399124,iTransformer,-0.12192321568727493,0.05467855930328369,iTransformer,-0.12192321568727493,0.05467855930328369
1338,iTransformer,0.1163836419582367,DLinear,0.014887597411870956,0.10149604454636574,iTransformer,0.1163836419582367,0.0
1339,iTransformer,0.06349314749240875,PatchTST,-0.0002664897474460304,0.06375963723985478,iTransformer,0.06349314749240875,0.0
1340,iTransformer,-0.038490768522024155,TimesNet,-0.11192605644464493,0.07343528792262077,iTransformer,-0.038490768522024155,0.0
1341,TimesNet,0.1853046864271164,iTransformer,0.10083106905221939,0.084473617374897,iTransformer,0.10083106905221939,0.084473617374897
1342,iTransformer,0.12590083479881287,DLinear,-0.11952945590019226,0.24543029069900513,iTransformer,0.12590083479881287,0.0
1343,TimesNet,-0.03740072250366211,PatchTST,-0.10785313695669174,0.07045241445302963,iTransformer,-0.21846742928028107,0.18106670677661896
1344,DLinear,-0.07639899104833603,TimesNet,-0.08368062973022461,0.00728163868188858,iTransformer,-0.10306549072265625,0.02666649967432022
1345,iTransformer,-5.126242103870027e-05,DLinear,-0.051264118403196335,0.051212855982157635,iTransformer,-5.126242103870027e-05,0.0
1346,TimesNet,0.029734168201684952,PatchTST,-0.037872131913900375,0.06760630011558533,iTransformer,-0.12338820844888687,0.15312237665057182
1347,PatchTST,0.17889750003814697,TimesNet,-0.053121112287044525,0.2320186123251915,iTransformer,-0.1710350662469864,0.34993256628513336
1348,iTransformer,0.07469937950372696,TimesNet,-0.008237713016569614,0.08293709252029657,iTransformer,0.07469937950372696,0.0
1349,TimesNet,0.002634307835251093,DLinear,-0.03495286777615547,0.037587175611406565,iTransformer,-0.05771803483366966,0.060352342668920755
1350,TimesNet,-0.008011916652321815,PatchTST,-0.040151745080947876,0.03213982842862606,iTransformer,-0.054433707147836685,0.04642179049551487
1351,TimesNet,0.005770864896476269,PatchTST,-0.06674599647521973,0.072516861371696,iTransformer,-0.12079019844532013,0.1265610633417964
1352,TimesNet,0.07154931873083115,PatchTST,0.015710828825831413,0.05583848990499973,iTransformer,-0.0919434130191803,0.16349273175001144
1353,TimesNet,0.10588899999856949,PatchTST,0.039588574320077896,0.06630042567849159,iTransformer,0.02726585417985916,0.07862314581871033
1354,iTransformer,0.08287745714187622,TimesNet,0.05654776841402054,0.026329688727855682,iTransformer,0.08287745714187622,0.0
1355,PatchTST,0.1285150796175003,DLinear,-0.0053678229451179504,0.13388290256261826,iTransformer,-0.03783385455608368,0.16634893417358398
1356,iTransformer,0.13386382162570953,TimesNet,0.05249544978141785,0.08136837184429169,iTransformer,0.13386382162570953,0.0
1357,DLinear,0.04241593927145004,PatchTST,0.033217769116163254,0.009198170155286789,iTransformer,-0.1757367104291916,0.21815264970064163
1358,DLinear,0.009344750083982944,TimesNet,-0.0496719591319561,0.059016709215939045,iTransformer,-0.1114744320511818,0.12081918213516474
1359,iTransformer,0.007970637641847134,PatchTST,-0.0008634395780973136,0.008834077219944447,iTransformer,0.007970637641847134,0.0
1360,iTransformer,0.1338963508605957,TimesNet,0.0864071175456047,0.047489233314991,iTransformer,0.1338963508605957,0.0
1361,PatchTST,0.10900408774614334,iTransformer,0.09842366725206375,0.01058042049407959,iTransformer,0.09842366725206375,0.01058042049407959
1362,TimesNet,0.10808909684419632,PatchTST,0.009432858787477016,0.0986562380567193,iTransformer,0.000836834020446986,0.10725226282374933
1363,DLinear,0.12174532562494278,PatchTST,0.012932220473885536,0.10881310515105724,iTransformer,-0.09797660261392593,0.2197219282388687
1364,PatchTST,-0.006603721529245377,DLinear,-0.028731221333146095,0.02212749980390072,iTransformer,-0.08734920620918274,0.08074548467993736
1365,DLinear,0.09041282534599304,iTransformer,-0.0053258612751960754,0.09573868662118912,iTransformer,-0.0053258612751960754,0.09573868662118912
1366,iTransformer,0.12885646522045135,DLinear,0.06594421714544296,0.06291224807500839,iTransformer,0.12885646522045135,0.0
1367,DLinear,0.04398007690906525,PatchTST,-0.03313549607992172,0.07711557298898697,iTransformer,-0.06063736975193024,0.10461744666099548
1368,PatchTST,0.22233550250530243,iTransformer,0.14390572905540466,0.07842977344989777,iTransformer,0.14390572905540466,0.07842977344989777
1369,DLinear,0.20228615403175354,iTransformer,0.043932266533374786,0.15835388749837875,iTransformer,0.043932266533374786,0.15835388749837875
1370,DLinear,0.10448563098907471,PatchTST,0.0690913274884224,0.03539430350065231,iTransformer,-0.021202297881245613,0.12568792887032032
1371,DLinear,0.13514019548892975,PatchTST,0.04711845889687538,0.08802173659205437,iTransformer,0.026812465861439705,0.10832772962749004
1372,DLinear,0.1710139513015747,TimesNet,0.0776004046201706,0.09341354668140411,iTransformer,-0.02385539375245571,0.19486934505403042
1373,DLinear,0.1233455091714859,PatchTST,0.07671643793582916,0.04662907123565674,iTransformer,-0.13922324776649475,0.26256875693798065
1374,iTransformer,0.07324480265378952,DLinear,0.06800632923841476,0.005238473415374756,iTransformer,0.07324480265378952,0.0
1375,DLinear,0.17176733911037445,iTransformer,0.10194602608680725,0.0698213130235672,iTransformer,0.10194602608680725,0.0698213130235672
1376,TimesNet,0.16197669506072998,DLinear,0.13096289336681366,0.03101380169391632,iTransformer,0.052884574979543686,0.1090921200811863
1377,PatchTST,0.09335383027791977,DLinear,0.08034402132034302,0.013009808957576752,iTransformer,0.0783642828464508,0.014989547431468964
1378,PatchTST,0.11904199421405792,DLinear,0.05422941967844963,0.06481257453560829,iTransformer,-0.09710200875997543,0.21614400297403336
1379,iTransformer,0.2352902591228485,DLinear,0.16721296310424805,0.06807729601860046,iTransformer,0.2352902591228485,0.0
1380,TimesNet,0.19737748801708221,PatchTST,0.16347607970237732,0.033901408314704895,iTransformer,0.025204921141266823,0.1721725668758154
1381,DLinear,0.22342653572559357,PatchTST,0.02059115841984749,0.20283537730574608,iTransformer,0.012282156385481358,0.2111443793401122
1382,DLinear,0.1456686556339264,TimesNet,0.042249880731105804,0.10341877490282059,iTransformer,0.038281843066215515,0.10738681256771088
1383,DLinear,0.13591131567955017,PatchTST,0.06622083485126495,0.06969048082828522,iTransformer,-0.06631194800138474,0.2022232636809349
1384,DLinear,0.05634568631649017,PatchTST,0.05515445023775101,0.0011912360787391663,iTransformer,-0.017031405121088028,0.0733770914375782
1385,TimesNet,0.20140774548053741,iTransformer,0.15337757766246796,0.04803016781806946,iTransformer,0.15337757766246796,0.04803016781806946
1386,PatchTST,0.11758945882320404,TimesNet,0.10177282243967056,0.015816636383533478,iTransformer,0.07040820270776749,0.047181256115436554
1387,DLinear,0.07817494124174118,iTransformer,0.04514117166399956,0.03303376957774162,iTransformer,0.04514117166399956,0.03303376957774162
1388,DLinear,0.07217399030923843,PatchTST,0.06260465085506439,0.009569339454174042,iTransformer,-0.10643987357616425,0.17861386388540268
1389,TimesNet,0.11884596198797226,PatchTST,0.08960108458995819,0.02924487739801407,iTransformer,0.05128442123532295,0.06756154075264931
1390,PatchTST,0.21273696422576904,TimesNet,0.18839159607887268,0.024345368146896362,iTransformer,0.009215610101819038,0.20352135412395
1391,PatchTST,0.11563606560230255,iTransformer,0.10440447181463242,0.011231593787670135,iTransformer,0.10440447181463242,0.011231593787670135
1392,TimesNet,0.09179680049419403,DLinear,0.0892634317278862,0.002533368766307831,iTransformer,-0.03658811002969742,0.12838491052389145
1393,DLinear,0.14525283873081207,PatchTST,0.12272824347019196,0.022524595260620117,iTransformer,0.014596359804272652,0.13065647892653942
1394,PatchTST,0.18950822949409485,DLinear,0.0640379786491394,0.12547025084495544,iTransformer,-0.1760130673646927,0.36552129685878754
1395,PatchTST,0.19841556251049042,iTransformer,0.18736237287521362,0.011053189635276794,iTransformer,0.18736237287521362,0.011053189635276794
1396,PatchTST,0.1710309237241745,iTransformer,0.14501745998859406,0.026013463735580444,iTransformer,0.14501745998859406,0.026013463735580444
1397,PatchTST,0.1562894880771637,DLinear,0.14538775384426117,0.010901734232902527,iTransformer,-0.03594136983156204,0.19223085790872574
1398,PatchTST,0.07902157306671143,DLinear,0.07657679170370102,0.0024447813630104065,iTransformer,-0.02551400661468506,0.10453557968139648
1399,iTransformer,0.20664337277412415,PatchTST,0.09234388917684555,0.1142994835972786,iTransformer,0.20664337277412415,0.0
1400,TimesNet,0.20545056462287903,DLinear,0.09181437641382217,0.11363618820905685,iTransformer,0.03062017820775509,0.17483038641512394
1401,iTransformer,0.19506259262561798,DLinear,0.020253648981451988,0.174808943644166,iTransformer,0.19506259262561798,0.0
1402,DLinear,0.11372561752796173,PatchTST,0.07850369811058044,0.03522191941738129,iTransformer,-0.03322458267211914,0.14695020020008087
1403,DLinear,0.10288571566343307,iTransformer,0.050492241978645325,0.05239347368478775,iTransformer,0.050492241978645325,0.05239347368478775
1404,PatchTST,0.2653689682483673,DLinear,0.08553145080804825,0.17983751744031906,iTransformer,-0.03202693909406662,0.29739590734243393
1405,iTransformer,0.27485957741737366,PatchTST,0.11044629663228989,0.16441328078508377,iTransformer,0.27485957741737366,0.0
1406,DLinear,0.1615113615989685,PatchTST,0.15558910369873047,0.005922257900238037,iTransformer,0.06969734281301498,0.09181401878595352
1407,TimesNet,0.1423933506011963,DLinear,0.0599103644490242,0.08248298615217209,iTransformer,0.020748494192957878,0.12164485640823841
1408,DLinear,0.057410892099142075,iTransformer,-0.0060324277728796005,0.06344331987202168,iTransformer,-0.0060324277728796005,0.06344331987202168
1409,DLinear,0.02701655961573124,PatchTST,0.02690829336643219,0.00010826624929904938,iTransformer,-0.044918518513441086,0.07193507812917233
1410,PatchTST,0.10208500176668167,DLinear,0.057090628892183304,0.04499437287449837,iTransformer,0.0037406624760478735,0.0983443392906338
1411,DLinear,0.08807813376188278,TimesNet,0.08161914348602295,0.006458990275859833,iTransformer,0.08019335567951202,0.007884778082370758
1412,PatchTST,0.14398698508739471,iTransformer,0.13119839131832123,0.012788593769073486,iTransformer,0.13119839131832123,0.012788593769073486
1413,PatchTST,0.05695074051618576,DLinear,0.0152893653139472,0.04166137520223856,iTransformer,0.012567867524921894,0.044382872991263866
1414,iTransformer,0.1784525066614151,PatchTST,0.15362703800201416,0.02482546865940094,iTransformer,0.1784525066614151,0.0
1415,iTransformer,0.07859808206558228,DLinear,0.060838934034109116,0.01775914803147316,iTransformer,0.07859808206558228,0.0
1416,DLinear,0.07178311049938202,TimesNet,0.06652196496725082,0.005261145532131195,iTransformer,0.06112103536725044,0.010662075132131577
1417,DLinear,0.1507638394832611,PatchTST,0.06907901912927628,0.08168482035398483,iTransformer,-0.11320709437131882,0.2639709338545799
1418,DLinear,0.10672074556350708,iTransformer,0.014087614603340626,0.09263313096016645,iTransformer,0.014087614603340626,0.09263313096016645
1419,iTransformer,0.10123894363641739,PatchTST,0.0429847314953804,0.05825421214103699,iTransformer,0.10123894363641739,0.0
1420,DLinear,0.08870472759008408,PatchTST,0.039744094014167786,0.04896063357591629,iTransformer,-0.05101819336414337,0.13972292095422745
1421,iTransformer,0.13334251940250397,DLinear,0.01244305819272995,0.12089946120977402,iTransformer,0.13334251940250397,0.0
1422,PatchTST,0.09537002444267273,DLinear,0.03459995239973068,0.06077007204294205,iTransformer,-0.0540967732667923,0.14946679770946503
1423,DLinear,-0.05978526920080185,PatchTST,-0.15172362327575684,0.09193835407495499,iTransformer,-0.17587941884994507,0.11609414964914322
1424,TimesNet,0.16308970749378204,DLinear,0.017664121463894844,0.1454255860298872,iTransformer,-0.2365266978740692,0.39961640536785126
1425,TimesNet,0.04528604820370674,DLinear,-0.02729450911283493,0.07258055731654167,iTransformer,-0.06014721468091011,0.10543326288461685
1426,TimesNet,0.03190172091126442,iTransformer,0.012975607067346573,0.018926113843917847,iTransformer,0.012975607067346573,0.018926113843917847
1427,TimesNet,0.14370468258857727,PatchTST,0.04441818967461586,0.09928649291396141,iTransformer,0.036358483135700226,0.10734619945287704
1428,TimesNet,0.17195962369441986,iTransformer,0.13908126950263977,0.03287835419178009,iTransformer,0.13908126950263977,0.03287835419178009
1429,TimesNet,0.06956234574317932,PatchTST,0.033538732677698135,0.036023613065481186,iTransformer,-0.05773119255900383,0.12729353830218315
1430,TimesNet,0.10378070920705795,PatchTST,0.0348207950592041,0.06895991414785385,iTransformer,0.02048342674970627,0.08329728245735168
1431,PatchTST,0.09820592403411865,DLinear,0.09689659625291824,0.001309327781200409,iTransformer,-0.10128040611743927,0.19948633015155792
1432,DLinear,0.0867704376578331,iTransformer,0.03724777698516846,0.04952266067266464,iTransformer,0.03724777698516846,0.04952266067266464
1433,iTransformer,0.021290719509124756,TimesNet,0.017325444146990776,0.00396527536213398,iTransformer,0.021290719509124756,0.0
1434,iTransformer,0.08218390494585037,TimesNet,0.03468179702758789,0.04750210791826248,iTransformer,0.08218390494585037,0.0
1435,DLinear,0.13577669858932495,iTransformer,0.04241495579481125,0.0933617427945137,iTransformer,0.04241495579481125,0.0933617427945137
1436,PatchTST,0.2745916247367859,iTransformer,0.10618051141500473,0.16841111332178116,iTransformer,0.10618051141500473,0.16841111332178116
1437,PatchTST,0.14437507092952728,DLinear,0.05507359281182289,0.08930147811770439,iTransformer,0.01581546850502491,0.12855960242450237
1438,DLinear,0.09029494971036911,PatchTST,0.052448809146881104,0.03784614056348801,iTransformer,-0.02778555452823639,0.1180805042386055
1439,DLinear,0.08089877665042877,PatchTST,0.05554644390940666,0.02535233274102211,iTransformer,-0.004062374588102102,0.08496115123853087
1440,PatchTST,0.04324733838438988,iTransformer,0.0166484247893095,0.026598913595080376,iTransformer,0.0166484247893095,0.026598913595080376
1441,iTransformer,0.026098128408193588,DLinear,-0.003265256527811289,0.029363384936004877,iTransformer,0.026098128408193588,0.0
1442,PatchTST,0.1837364286184311,iTransformer,0.1776847243309021,0.006051704287528992,iTransformer,0.1776847243309021,0.006051704287528992
1443,iTransformer,0.19853590428829193,TimesNet,0.10012483596801758,0.09841106832027435,iTransformer,0.19853590428829193,0.0
1444,PatchTST,0.20652103424072266,TimesNet,0.0012171778362244368,0.20530385640449822,iTransformer,-0.12757058441638947,0.3340916186571121
1445,DLinear,0.08636943995952606,TimesNet,0.06735534220933914,0.01901409775018692,iTransformer,0.02505640871822834,0.06131303124129772
1446,PatchTST,0.10493680089712143,TimesNet,0.026676759123802185,0.07826004177331924,iTransformer,-0.01566457934677601,0.12060138024389744
1447,PatchTST,0.11476358026266098,TimesNet,0.009624307043850422,0.10513927321881056,iTransformer,0.006537420209497213,0.10822616005316377
1448,PatchTST,0.18857534229755402,TimesNet,0.03225038945674896,0.15632495284080505,iTransformer,-0.08410231024026871,0.2726776525378227
1449,TimesNet,0.08708351105451584,iTransformer,-0.004337237682193518,0.09142074873670936,iTransformer,-0.004337237682193518,0.09142074873670936
1450,TimesNet,0.03308583050966263,PatchTST,-0.012493747286498547,0.045579577796161175,iTransformer,-0.032547228038311005,0.06563305854797363
1451,TimesNet,0.042462971061468124,PatchTST,0.0279233418405056,0.014539629220962524,iTransformer,-0.10547864437103271,0.14794161543250084
1452,iTransformer,0.07476557791233063,PatchTST,0.037593547254800797,0.03717203065752983,iTransformer,0.07476557791233063,0.0
1453,PatchTST,0.0034270184114575386,TimesNet,-0.017132913693785667,0.020559932105243206,iTransformer,-0.0956205427646637,0.09904756117612123
1454,iTransformer,-0.007538126315921545,TimesNet,-0.01672920398414135,0.009191077668219805,iTransformer,-0.007538126315921545,0.0
1455,PatchTST,0.18809571862220764,TimesNet,0.07022415846586227,0.11787156015634537,iTransformer,-0.2693277597427368,0.45742347836494446
1456,TimesNet,0.11121728271245956,PatchTST,0.048812299966812134,0.06240498274564743,iTransformer,0.023114653304219246,0.08810262940824032
1457,TimesNet,0.03777248039841652,iTransformer,0.019549274817109108,0.01822320558130741,iTransformer,0.019549274817109108,0.01822320558130741
1458,TimesNet,0.3782748281955719,PatchTST,-0.018993807956576347,0.39726863615214825,iTransformer,-0.15651819109916687,0.5347930192947388
1459,PatchTST,0.16415393352508545,TimesNet,0.15128295123577118,0.01287098228931427,iTransformer,-0.129083052277565,0.29323698580265045
1460,DLinear,0.1646273136138916,TimesNet,0.13687162101268768,0.02775569260120392,iTransformer,-0.15298359096050262,0.3176109045743942
1461,DLinear,0.05577198043465614,PatchTST,0.03361868858337402,0.02215329185128212,iTransformer,-0.12866632640361786,0.184438306838274
1462,PatchTST,0.05009693279862404,DLinear,0.0014261892065405846,0.048670743592083454,iTransformer,-0.03649286925792694,0.08658980205655098
1463,PatchTST,0.17308436334133148,TimesNet,0.06444651633501053,0.10863784700632095,iTransformer,0.057277534157037735,0.11580682918429375
1464,PatchTST,0.15271872282028198,iTransformer,0.1521298885345459,0.000588834285736084,iTransformer,0.1521298885345459,0.000588834285736084
1465,TimesNet,0.16148127615451813,DLinear,0.0837760865688324,0.07770518958568573,iTransformer,-0.06548487395048141,0.22696615010499954
1466,PatchTST,0.18444663286209106,DLinear,0.027241334319114685,0.15720529854297638,iTransformer,-0.0665966272354126,0.25104326009750366
1467,DLinear,0.18480531871318817,TimesNet,0.04911002144217491,0.13569529727101326,iTransformer,-0.040824227035045624,0.2256295457482338
1468,DLinear,0.17150355875492096,PatchTST,0.07887572050094604,0.09262783825397491,iTransformer,0.04840373247861862,0.12309982627630234
1469,DLinear,0.19002364575862885,PatchTST,0.1233680471777916,0.06665559858083725,iTransformer,-0.15535572171211243,0.34537936747074127
1470,DLinear,0.1621800661087036,iTransformer,0.15774765610694885,0.004432410001754761,iTransformer,0.15774765610694885,0.004432410001754761
1471,iTransformer,0.28980371356010437,DLinear,0.27260446548461914,0.01719924807548523,iTransformer,0.28980371356010437,0.0
1472,DLinear,0.26318708062171936,iTransformer,0.18308420479297638,0.08010287582874298,iTransformer,0.18308420479297638,0.08010287582874298
1473,DLinear,0.2568701207637787,iTransformer,0.13959525525569916,0.11727486550807953,iTransformer,0.13959525525569916,0.11727486550807953
1474,DLinear,0.31747710704803467,PatchTST,0.17035311460494995,0.14712399244308472,iTransformer,0.07585831731557846,0.2416187897324562
1475,DLinear,0.34540876746177673,iTransformer,0.17222607135772705,0.17318269610404968,iTransformer,0.17222607135772705,0.17318269610404968
1476,iTransformer,0.226596400141716,DLinear,0.1752520054578781,0.05134439468383789,iTransformer,0.226596400141716,0.0
1477,DLinear,0.31747564673423767,iTransformer,0.22326622903347015,0.09420941770076752,iTransformer,0.22326622903347015,0.09420941770076752
1478,DLinear,0.23456113040447235,iTransformer,0.16960985958576202,0.06495127081871033,iTransformer,0.16960985958576202,0.06495127081871033
1479,DLinear,0.23948155343532562,iTransformer,0.16399776935577393,0.0754837840795517,iTransformer,0.16399776935577393,0.0754837840795517
1480,DLinear,0.25885531306266785,iTransformer,0.2437128871679306,0.015142425894737244,iTransformer,0.2437128871679306,0.015142425894737244
1481,iTransformer,0.276809960603714,DLinear,0.20424412190914154,0.07256583869457245,iTransformer,0.276809960603714,0.0
1482,PatchTST,0.20801645517349243,DLinear,0.11907050758600235,0.08894594758749008,iTransformer,0.033659063279628754,0.17435739189386368
1483,iTransformer,0.24029161036014557,DLinear,0.2058343142271042,0.03445729613304138,iTransformer,0.24029161036014557,0.0
1484,DLinear,0.32371705770492554,PatchTST,0.20634303987026215,0.11737401783466339,iTransformer,0.043972231447696686,0.27974482625722885
1485,DLinear,0.2503647804260254,PatchTST,0.20329347252845764,0.04707130789756775,iTransformer,0.08803924918174744,0.16232553124427795
1486,DLinear,0.31818246841430664,PatchTST,0.22087238729000092,0.09731008112430573,iTransformer,0.1635119765996933,0.15467049181461334
1487,DLinear,0.2940187156200409,iTransformer,0.21096640825271606,0.08305230736732483,iTransformer,0.21096640825271606,0.08305230736732483
1488,DLinear,0.2614556849002838,iTransformer,0.1912716031074524,0.07018408179283142,iTransformer,0.1912716031074524,0.07018408179283142
1489,DLinear,0.3369660973548889,PatchTST,0.08421704173088074,0.2527490556240082,iTransformer,-0.023569677025079727,0.36053577437996864
1490,DLinear,0.25814491510391235,PatchTST,0.22782151401042938,0.03032340109348297,iTransformer,0.11343544721603394,0.14470946788787842
1491,iTransformer,0.2840158939361572,DLinear,0.22315773367881775,0.06085816025733948,iTransformer,0.2840158939361572,0.0
1492,PatchTST,0.34186041355133057,DLinear,0.24918125569820404,0.09267915785312653,iTransformer,0.1909160166978836,0.15094439685344696
1493,DLinear,0.2617848515510559,PatchTST,0.1274515986442566,0.13433325290679932,iTransformer,-0.005661394447088242,0.26744624599814415
1494,DLinear,0.30664607882499695,iTransformer,0.1345621645450592,0.17208391427993774,iTransformer,0.1345621645450592,0.17208391427993774
1495,DLinear,0.21740548312664032,iTransformer,0.06942371279001236,0.14798177033662796,iTransformer,0.06942371279001236,0.14798177033662796
1496,DLinear,0.24529673159122467,iTransformer,0.1476060152053833,0.09769071638584137,iTransformer,0.1476060152053833,0.09769071638584137
1497,DLinear,0.15192963182926178,PatchTST,0.0817786380648613,0.07015099376440048,iTransformer,0.00984873529523611,0.14208089653402567
1498,DLinear,0.22188153862953186,iTransformer,0.17582233250141144,0.04605920612812042,iTransformer,0.17582233250141144,0.04605920612812042
1499,DLinear,0.1882430613040924,iTransformer,0.11861543357372284,0.06962762773036957,iTransformer,0.11861543357372284,0.06962762773036957
1500,DLinear,0.2521449029445648,PatchTST,0.21950095891952515,0.03264394402503967,iTransformer,-0.07303831726312637,0.3251832202076912
1501,iTransformer,0.3510947525501251,DLinear,0.25334399938583374,0.09775075316429138,iTransformer,0.3510947525501251,0.0
1502,DLinear,0.17810289561748505,TimesNet,0.04548358917236328,0.13261930644512177,iTransformer,-0.005623402539640665,0.1837262981571257
1503,DLinear,0.247184157371521,PatchTST,0.17783524096012115,0.06934891641139984,iTransformer,0.10168884694576263,0.14549531042575836
1504,DLinear,0.24501025676727295,iTransformer,0.15400797128677368,0.09100228548049927,iTransformer,0.15400797128677368,0.09100228548049927
1505,DLinear,0.17288437485694885,PatchTST,0.16240595281124115,0.010478422045707703,iTransformer,0.12273316830396652,0.05015120655298233
1506,iTransformer,0.2864599823951721,DLinear,0.2541296184062958,0.03233036398887634,iTransformer,0.2864599823951721,0.0
1507,DLinear,0.2192354053258896,PatchTST,0.08404174447059631,0.13519366085529327,iTransformer,0.0612097792327404,0.15802562609314919
1508,iTransformer,0.22629868984222412,DLinear,0.1802208125591278,0.046077877283096313,iTransformer,0.22629868984222412,0.0
1509,iTransformer,0.18193021416664124,DLinear,0.15864615142345428,0.02328406274318695,iTransformer,0.18193021416664124,0.0
1510,DLinear,0.22660905122756958,TimesNet,0.07269715517759323,0.15391189604997635,iTransformer,0.0016794519033282995,0.22492959932424128
1511,DLinear,0.16983425617218018,iTransformer,0.07296770066022873,0.09686655551195145,iTransformer,0.07296770066022873,0.09686655551195145
1512,DLinear,0.11675070226192474,iTransformer,-0.0002896377118304372,0.11704033997375518,iTransformer,-0.0002896377118304372,0.11704033997375518
1513,DLinear,0.10067892074584961,PatchTST,0.09129496663808823,0.009383954107761383,iTransformer,0.06910498440265656,0.031573936343193054
1514,iTransformer,0.17954771220684052,DLinear,0.08907996118068695,0.09046775102615356,iTransformer,0.17954771220684052,0.0
1515,DLinear,0.07196842133998871,PatchTST,0.04815598949790001,0.0238124318420887,iTransformer,0.01671028696000576,0.05525813437998295
1516,PatchTST,0.10071856528520584,DLinear,0.08809948712587357,0.012619078159332275,iTransformer,0.048186708241701126,0.052531857043504715
1517,PatchTST,0.22415855526924133,DLinear,0.06420383602380753,0.1599547192454338,iTransformer,0.03496386855840683,0.1891946867108345
1518,DLinear,0.203790545463562,iTransformer,0.08779503405094147,0.11599551141262054,iTransformer,0.08779503405094147,0.11599551141262054
1519,DLinear,0.12694932520389557,TimesNet,-0.006551544182002544,0.1335008693858981,iTransformer,-0.028775563463568687,0.15572488866746426
1520,iTransformer,0.17684908211231232,DLinear,0.05605257302522659,0.12079650908708572,iTransformer,0.17684908211231232,0.0
1521,TimesNet,0.0768544003367424,DLinear,0.05615780130028725,0.020696599036455154,iTransformer,0.01267844345420599,0.06417595688253641
1522,iTransformer,0.09635692834854126,TimesNet,0.08944902569055557,0.006907902657985687,iTransformer,0.09635692834854126,0.0
1523,DLinear,0.10918715596199036,iTransformer,0.09228932112455368,0.016897834837436676,iTransformer,0.09228932112455368,0.016897834837436676
1524,iTransformer,0.22830162942409515,DLinear,0.0491219162940979,0.17917971312999725,iTransformer,0.22830162942409515,0.0
1525,iTransformer,0.08517299592494965,PatchTST,0.041158612817525864,0.04401438310742378,iTransformer,0.08517299592494965,0.0
1526,iTransformer,0.0464242622256279,DLinear,-0.04090781509876251,0.08733207732439041,iTransformer,0.0464242622256279,0.0
1527,DLinear,0.0703936517238617,iTransformer,-0.025351507589221,0.0957451593130827,iTransformer,-0.025351507589221,0.0957451593130827
1528,TimesNet,0.1315409243106842,DLinear,0.08242167532444,0.0491192489862442,iTransformer,0.016859736293554306,0.1146811880171299
1529,TimesNet,0.10113886743783951,PatchTST,0.07419224828481674,0.026946619153022766,iTransformer,0.03429108485579491,0.0668477825820446
1530,iTransformer,0.15218015015125275,DLinear,0.12292132526636124,0.02925882488489151,iTransformer,0.15218015015125275,0.0
1531,DLinear,0.022782957181334496,TimesNet,-0.0862165316939354,0.10899948887526989,iTransformer,-0.08887536823749542,0.11165832541882992
1532,iTransformer,0.09023109078407288,PatchTST,0.021794741973280907,0.06843634881079197,iTransformer,0.09023109078407288,0.0
1533,PatchTST,0.14646345376968384,DLinear,0.10854734480381012,0.03791610896587372,iTransformer,0.09098582714796066,0.055477626621723175
1534,DLinear,0.08281733095645905,iTransformer,0.0619167685508728,0.020900562405586243,iTransformer,0.0619167685508728,0.020900562405586243
1535,TimesNet,0.052688997238874435,DLinear,0.027914756909012794,0.02477424032986164,iTransformer,-0.11191213876008987,0.1646011359989643
1536,PatchTST,-0.030609983950853348,iTransformer,-0.033086005598306656,0.002476021647453308,iTransformer,-0.033086005598306656,0.002476021647453308
1537,DLinear,0.10563469678163528,TimesNet,0.09429903328418732,0.011335663497447968,iTransformer,0.09154975414276123,0.014084942638874054
1538,TimesNet,0.11079128086566925,iTransformer,0.10867425054311752,0.0021170303225517273,iTransformer,0.10867425054311752,0.0021170303225517273
1539,DLinear,0.0734667256474495,TimesNet,0.04923659935593605,0.024230126291513443,iTransformer,-0.01753484457731247,0.09100157022476196
1540,PatchTST,0.17466098070144653,DLinear,0.08994744718074799,0.08471353352069855,iTransformer,0.009136631153523922,0.1655243495479226
1541,DLinear,0.10226794332265854,iTransformer,0.1021713837981224,9.655952453613281e-05,iTransformer,0.1021713837981224,9.655952453613281e-05
1542,DLinear,0.2697388529777527,PatchTST,0.1251126080751419,0.14462624490261078,iTransformer,0.06914713233709335,0.20059172064065933
1543,iTransformer,0.2562609612941742,DLinear,0.18016302585601807,0.07609793543815613,iTransformer,0.2562609612941742,0.0
1544,DLinear,0.22908174991607666,iTransformer,0.14501191675662994,0.08406983315944672,iTransformer,0.14501191675662994,0.08406983315944672
1545,PatchTST,0.2740159332752228,DLinear,0.16295471787452698,0.1110612154006958,iTransformer,0.00741169136017561,0.26660424191504717
1546,DLinear,0.2643381655216217,PatchTST,0.19271446764469147,0.07162369787693024,iTransformer,0.08106454461812973,0.18327362090349197
1547,DLinear,0.2905881404876709,iTransformer,0.16198861598968506,0.12859952449798584,iTransformer,0.16198861598968506,0.12859952449798584
1548,PatchTST,0.31700578331947327,DLinear,0.2548386752605438,0.06216710805892944,iTransformer,0.2521461546421051,0.06485962867736816
1549,DLinear,0.21190997958183289,iTransformer,0.21116095781326294,0.0007490217685699463,iTransformer,0.21116095781326294,0.0007490217685699463
1550,DLinear,0.10274147987365723,PatchTST,0.021682335063815117,0.08105914480984211,iTransformer,-0.14347828924655914,0.24621976912021637
1551,DLinear,-0.0004867686948273331,iTransformer,-0.011129749938845634,0.010642981244018301,iTransformer,-0.011129749938845634,0.010642981244018301
1552,DLinear,0.15326960384845734,iTransformer,0.13105294108390808,0.022216662764549255,iTransformer,0.13105294108390808,0.022216662764549255
1553,iTransformer,0.11257366091012955,DLinear,0.11071198433637619,0.001861676573753357,iTransformer,0.11257366091012955,0.0
1554,iTransformer,0.23907876014709473,DLinear,0.11111975461244583,0.1279590055346489,iTransformer,0.23907876014709473,0.0
1555,PatchTST,0.22135332226753235,iTransformer,0.15472616255283356,0.06662715971469879,iTransformer,0.15472616255283356,0.06662715971469879
1556,PatchTST,0.19108320772647858,DLinear,0.10216675698757172,0.08891645073890686,iTransformer,-0.0266770888119936,0.21776029653847218
1557,TimesNet,0.09284291416406631,DLinear,0.07489032298326492,0.01795259118080139,iTransformer,-0.028292959555983543,0.12113587372004986
1558,iTransformer,0.2077852338552475,TimesNet,0.10098091512918472,0.10680431872606277,iTransformer,0.2077852338552475,0.0
1559,TimesNet,0.11089123785495758,PatchTST,0.09628330916166306,0.014607928693294525,iTransformer,0.07938888669013977,0.03150235116481781
1560,TimesNet,0.13550208508968353,DLinear,0.02862233854830265,0.10687974654138088,iTransformer,-0.004282508976757526,0.13978459406644106
1561,DLinear,0.1259852945804596,iTransformer,0.12468192726373672,0.0013033673167228699,iTransformer,0.12468192726373672,0.0013033673167228699
1562,PatchTST,0.150259867310524,TimesNet,0.1276034414768219,0.022656425833702087,iTransformer,0.08288697153329849,0.0673728957772255
1563,PatchTST,0.12245544791221619,TimesNet,0.07515072822570801,0.04730471968650818,iTransformer,-0.04954378306865692,0.1719992309808731
1564,iTransformer,0.2004186362028122,PatchTST,0.06008375063538551,0.14033488556742668,iTransformer,0.2004186362028122,0.0
1565,DLinear,0.06511014699935913,iTransformer,0.03547246754169464,0.02963767945766449,iTransformer,0.03547246754169464,0.02963767945766449
1566,iTransformer,0.2883657217025757,PatchTST,0.16147658228874207,0.12688913941383362,iTransformer,0.2883657217025757,0.0
1567,PatchTST,0.16205644607543945,DLinear,0.13392336666584015,0.028133079409599304,iTransformer,0.053694091737270355,0.1083623543381691
1568,PatchTST,0.10869648307561874,DLinear,0.04332955926656723,0.06536692380905151,iTransformer,0.006134410854429007,0.10256207222118974
1569,PatchTST,0.09251096844673157,iTransformer,0.08532220870256424,0.007188759744167328,iTransformer,0.08532220870256424,0.007188759744167328
1570,PatchTST,0.08343899995088577,iTransformer,0.0832761600613594,0.0001628398895263672,iTransformer,0.0832761600613594,0.0001628398895263672
1571,iTransformer,0.14341387152671814,DLinear,0.09398925304412842,0.04942461848258972,iTransformer,0.14341387152671814,0.0
1572,TimesNet,0.21679893136024475,DLinear,0.1571296900510788,0.059669241309165955,iTransformer,0.08442999422550201,0.13236893713474274
1573,TimesNet,0.12227579206228256,DLinear,0.1122940331697464,0.009981758892536163,iTransformer,0.0860728919506073,0.03620290011167526
1574,PatchTST,0.12332714349031448,iTransformer,0.05123840272426605,0.07208874076604843,iTransformer,0.05123840272426605,0.07208874076604843
1575,PatchTST,0.16426515579223633,iTransformer,0.11294711381196976,0.05131804198026657,iTransformer,0.11294711381196976,0.05131804198026657
1576,DLinear,0.20821760594844818,iTransformer,0.10897500067949295,0.09924260526895523,iTransformer,0.10897500067949295,0.09924260526895523
1577,iTransformer,0.09922263026237488,DLinear,0.06661176681518555,0.03261086344718933,iTransformer,0.09922263026237488,0.0
1578,DLinear,0.0810687392950058,iTransformer,0.024050865322351456,0.05701787397265434,iTransformer,0.024050865322351456,0.05701787397265434
1579,TimesNet,0.23838892579078674,DLinear,0.11506619304418564,0.1233227327466011,iTransformer,-0.06250688433647156,0.3008958101272583
1580,DLinear,0.08562883734703064,iTransformer,0.08529570698738098,0.0003331303596496582,iTransformer,0.08529570698738098,0.0003331303596496582
1581,iTransformer,0.15656685829162598,TimesNet,0.05527045577764511,0.10129640251398087,iTransformer,0.15656685829162598,0.0
1582,DLinear,0.047910578548908234,iTransformer,0.03224678710103035,0.015663791447877884,iTransformer,0.03224678710103035,0.015663791447877884
1583,DLinear,0.030048377811908722,PatchTST,0.028143879026174545,0.0019044987857341766,iTransformer,-0.05994940176606178,0.0899977795779705
1584,iTransformer,0.16678521037101746,PatchTST,0.14697745442390442,0.019807755947113037,iTransformer,0.16678521037101746,0.0
1585,PatchTST,0.19899167120456696,iTransformer,0.1847803294658661,0.014211341738700867,iTransformer,0.1847803294658661,0.014211341738700867
1586,iTransformer,0.170862078666687,TimesNet,0.06511901319026947,0.10574306547641754,iTransformer,0.170862078666687,0.0
1587,iTransformer,0.17542080581188202,PatchTST,0.0701315701007843,0.10528923571109772,iTransformer,0.17542080581188202,0.0
1588,iTransformer,0.03872566297650337,PatchTST,0.012431114912033081,0.02629454806447029,iTransformer,0.03872566297650337,0.0
1589,PatchTST,0.09845512360334396,DLinear,0.01925949938595295,0.07919562421739101,iTransformer,-0.09285174310207367,0.19130686670541763
1590,DLinear,0.1410379260778427,TimesNet,0.12815169990062714,0.012886226177215576,iTransformer,-0.010135374963283539,0.15117330104112625
1591,iTransformer,0.06765956431627274,DLinear,0.02623930387198925,0.041420260444283485,iTransformer,0.06765956431627274,0.0
1592,PatchTST,0.19055426120758057,DLinear,0.05554068461060524,0.13501357659697533,iTransformer,-0.13302558660507202,0.3235798478126526
1593,iTransformer,0.04252069070935249,PatchTST,0.04130078852176666,0.0012199021875858307,iTransformer,0.04252069070935249,0.0
1594,PatchTST,0.201152965426445,TimesNet,0.06656262278556824,0.13459034264087677,iTransformer,0.047310952097177505,0.1538420133292675
1595,TimesNet,0.08733367174863815,PatchTST,0.07775835692882538,0.009575314819812775,iTransformer,0.054685819894075394,0.03264785185456276
1596,TimesNet,0.1510935127735138,DLinear,0.05980977788567543,0.09128373488783836,iTransformer,-0.10904202610254288,0.26013553887605667
1597,DLinear,-0.04291130602359772,PatchTST,-0.07675104588270187,0.033839739859104156,iTransformer,-0.10344386845827103,0.06053256243467331
1598,PatchTST,0.10609794408082962,iTransformer,0.10549210757017136,0.0006058365106582642,iTransformer,0.10549210757017136,0.0006058365106582642
1599,PatchTST,0.08395557105541229,TimesNet,0.04040810838341713,0.04354746267199516,iTransformer,0.02979852817952633,0.05415704287588596
1600,TimesNet,0.2295590192079544,DLinear,-0.006040004547685385,0.2355990237556398,iTransformer,-0.019817151129245758,0.24937617033720016
1601,iTransformer,0.08847418427467346,PatchTST,-0.001163957640528679,0.08963814191520214,iTransformer,0.08847418427467346,0.0
1602,PatchTST,0.11044078320264816,iTransformer,0.07584427297115326,0.034596510231494904,iTransformer,0.07584427297115326,0.034596510231494904
1603,TimesNet,0.06584003567695618,PatchTST,0.018953483551740646,0.04688655212521553,iTransformer,-0.06654675304889679,0.13238678872585297
1604,iTransformer,0.10641689598560333,TimesNet,0.053763750940561295,0.05265314504504204,iTransformer,0.10641689598560333,0.0
1605,iTransformer,0.0660434141755104,PatchTST,-0.004973503760993481,0.07101691793650389,iTransformer,0.0660434141755104,0.0
1606,PatchTST,0.20706896483898163,DLinear,0.019175829365849495,0.18789313547313213,iTransformer,-0.035779573023319244,0.24284853786230087
1607,PatchTST,0.04886021465063095,DLinear,0.04358072206377983,0.00527949258685112,iTransformer,0.0078240055590868,0.04103620909154415
1608,PatchTST,-0.0014538428513333201,iTransformer,-0.01837320439517498,0.01691936154384166,iTransformer,-0.01837320439517498,0.01691936154384166
1609,iTransformer,0.0963786318898201,TimesNet,-0.019453393295407295,0.1158320251852274,iTransformer,0.0963786318898201,0.0
1610,iTransformer,0.27531173825263977,PatchTST,0.1558479368686676,0.11946380138397217,iTransformer,0.27531173825263977,0.0
1611,TimesNet,0.14472129940986633,PatchTST,0.051286377012729645,0.09343492239713669,iTransformer,0.030876530334353447,0.11384476907551289
1612,DLinear,-0.0038917625788599253,iTransformer,-0.053211454302072525,0.0493196917232126,iTransformer,-0.053211454302072525,0.0493196917232126
1613,PatchTST,0.06399022787809372,TimesNet,0.03688175976276398,0.027108468115329742,iTransformer,-0.10374253988265991,0.16773276776075363
1614,PatchTST,0.1405576914548874,TimesNet,0.13690875470638275,0.0036489367485046387,iTransformer,-0.11256734281778336,0.25312503427267075
1615,PatchTST,0.10893194377422333,iTransformer,0.07879218459129333,0.030139759182929993,iTransformer,0.07879218459129333,0.030139759182929993
1616,PatchTST,0.06064307317137718,iTransformer,0.05820707231760025,0.0024360008537769318,iTransformer,0.05820707231760025,0.0024360008537769318
1617,TimesNet,0.0504666231572628,PatchTST,0.005758858285844326,0.044707764871418476,iTransformer,-0.010488494299352169,0.06095511745661497
1618,PatchTST,0.08629541844129562,DLinear,0.0415622740983963,0.04473314434289932,iTransformer,0.008760708384215832,0.07753471005707979
1619,TimesNet,0.061053935438394547,iTransformer,-0.012973138131201267,0.07402707356959581,iTransformer,-0.012973138131201267,0.07402707356959581
1620,TimesNet,0.033565182238817215,iTransformer,-0.004973184783011675,0.03853836702182889,iTransformer,-0.004973184783011675,0.03853836702182889
1621,PatchTST,0.04370502009987831,DLinear,-0.0038497471250593662,0.04755476722493768,iTransformer,-0.019092977046966553,0.06279799714684486
1622,iTransformer,0.003992623649537563,DLinear,-0.0290489811450243,0.03304160479456186,iTransformer,0.003992623649537563,0.0
1623,DLinear,-0.07181534171104431,PatchTST,-0.08291936665773392,0.011104024946689606,iTransformer,-0.0936911553144455,0.021875813603401184
1624,iTransformer,0.10022341459989548,TimesNet,0.08726466447114944,0.012958750128746033,iTransformer,0.10022341459989548,0.0
1625,PatchTST,0.03563550487160683,DLinear,0.012391630560159683,0.023243874311447144,iTransformer,-0.015027116984128952,0.05066262185573578
1626,iTransformer,0.10875483602285385,PatchTST,0.024976298213005066,0.08377853780984879,iTransformer,0.10875483602285385,0.0
1627,PatchTST,0.048778243362903595,TimesNet,0.03867431730031967,0.010103926062583923,iTransformer,-0.03656456992030144,0.08534281328320503
1628,TimesNet,0.19231198728084564,DLinear,0.039114873856306076,0.15319711342453957,iTransformer,-0.1420067399740219,0.33431872725486755
1629,PatchTST,0.15059445798397064,DLinear,-0.03186207264661789,0.18245653063058853,iTransformer,-0.07846161723136902,0.22905607521533966
1630,iTransformer,0.04876083880662918,PatchTST,0.014156424440443516,0.034604414366185665,iTransformer,0.04876083880662918,0.0
1631,iTransformer,0.06310388445854187,PatchTST,0.05149843916296959,0.011605445295572281,iTransformer,0.06310388445854187,0.0
1632,PatchTST,0.06599672138690948,iTransformer,0.05261390283703804,0.013382818549871445,iTransformer,0.05261390283703804,0.013382818549871445
1633,iTransformer,0.06824564188718796,PatchTST,0.031755849719047546,0.03648979216814041,iTransformer,0.06824564188718796,0.0
1634,DLinear,-0.005504776258021593,iTransformer,-0.024132847785949707,0.018628071527928114,iTransformer,-0.024132847785949707,0.018628071527928114
1635,PatchTST,-0.020335817709565163,TimesNet,-0.0486941859126091,0.028358368203043938,iTransformer,-0.05472950264811516,0.034393684938549995
1636,iTransformer,0.010935027152299881,TimesNet,-0.0026856870390474796,0.01362071419134736,iTransformer,0.010935027152299881,0.0
1637,PatchTST,0.05835198611021042,TimesNet,-0.0016029864782467484,0.05995497258845717,iTransformer,-0.0030255618039518595,0.06137754791416228
1638,iTransformer,-0.007362955715507269,PatchTST,-0.05715533345937729,0.04979237774387002,iTransformer,-0.007362955715507269,0.0
1639,TimesNet,0.0659138560295105,PatchTST,0.01975702866911888,0.04615682736039162,iTransformer,-0.1271180361509323,0.1930318921804428
1640,iTransformer,0.017642680555582047,TimesNet,0.0012476020492613316,0.016395078506320715,iTransformer,0.017642680555582047,0.0
1641,TimesNet,0.09654442965984344,iTransformer,0.017148075625300407,0.07939635403454304,iTransformer,0.017148075625300407,0.07939635403454304
1642,PatchTST,0.11907889693975449,TimesNet,0.0986882746219635,0.020390622317790985,iTransformer,-0.19354939460754395,0.31262829154729843
1643,iTransformer,0.032167479395866394,PatchTST,-0.05340800806879997,0.08557548746466637,iTransformer,0.032167479395866394,0.0
1644,TimesNet,-0.020385317504405975,PatchTST,-0.05750459060072899,0.03711927309632301,iTransformer,-0.09752943366765976,0.07714411616325378
1645,PatchTST,0.1435186266899109,iTransformer,0.032003723084926605,0.11151490360498428,iTransformer,0.032003723084926605,0.11151490360498428
1646,iTransformer,0.0379616878926754,PatchTST,-0.03859162703156471,0.07655331492424011,iTransformer,0.0379616878926754,0.0
1647,TimesNet,0.14434024691581726,PatchTST,0.023381516337394714,0.12095873057842255,iTransformer,0.002077594166621566,0.1422626527491957
1648,PatchTST,0.07492642104625702,DLinear,-0.07760082185268402,0.15252724289894104,iTransformer,-0.09647436439990997,0.171400785446167
1649,iTransformer,0.022754671052098274,PatchTST,0.011880792677402496,0.010873878374695778,iTransformer,0.022754671052098274,0.0
1650,DLinear,0.018827274441719055,PatchTST,0.017404507845640182,0.0014227665960788727,iTransformer,-0.08407239615917206,0.10289967060089111
1651,iTransformer,-0.0193373654037714,TimesNet,-0.041482873260974884,0.022145507857203484,iTransformer,-0.0193373654037714,0.0
1652,iTransformer,0.039288606494665146,TimesNet,-0.02440164051949978,0.06369024701416492,iTransformer,0.039288606494665146,0.0
1653,iTransformer,0.015576265752315521,PatchTST,-0.03869505226612091,0.05427131801843643,iTransformer,0.015576265752315521,0.0
1654,TimesNet,-0.022683165967464447,iTransformer,-0.08021973818540573,0.057536572217941284,iTransformer,-0.08021973818540573,0.057536572217941284
1655,TimesNet,0.22018367052078247,PatchTST,-0.06998641788959503,0.2901700884103775,iTransformer,-0.07432805746793747,0.29451172798871994
1656,TimesNet,-0.00023916522332001477,PatchTST,-0.001024584867991507,0.0007854196446714923,iTransformer,-0.057385772466659546,0.05714660724333953
1657,PatchTST,0.07786925137042999,iTransformer,0.02836749516427517,0.04950175620615482,iTransformer,0.02836749516427517,0.04950175620615482
1658,PatchTST,0.05771956965327263,DLinear,-0.015457695350050926,0.07317726500332355,iTransformer,-0.23478128015995026,0.2925008498132229
1659,iTransformer,0.016078835353255272,PatchTST,-0.041126906871795654,0.057205742225050926,iTransformer,0.016078835353255272,0.0
1660,PatchTST,0.03841230273246765,TimesNet,-0.009705417789518833,0.048117720521986485,iTransformer,-0.03782172128558159,0.07623402401804924
1661,TimesNet,0.12797614932060242,PatchTST,0.1178441196680069,0.01013202965259552,iTransformer,0.03210316598415375,0.09587298333644867
1662,TimesNet,0.07984249293804169,iTransformer,0.01547215785831213,0.06437033507972956,iTransformer,0.01547215785831213,0.06437033507972956
1663,TimesNet,0.011296730488538742,DLinear,-0.08603349328041077,0.09733022376894951,iTransformer,-0.09245312958955765,0.10374986007809639
1664,TimesNet,0.021437717601656914,DLinear,0.004165060352534056,0.017272657249122858,iTransformer,-0.15471231937408447,0.1761500369757414
1665,TimesNet,0.0031079724431037903,DLinear,-0.07166711986064911,0.0747750923037529,iTransformer,-0.17921103537082672,0.1823190078139305
1666,DLinear,0.005311985034495592,iTransformer,-0.07338397204875946,0.07869595708325505,iTransformer,-0.07338397204875946,0.07869595708325505
1667,TimesNet,0.15181279182434082,iTransformer,-0.008335220627486706,0.16014801245182753,iTransformer,-0.008335220627486706,0.16014801245182753
1668,TimesNet,0.11829204857349396,PatchTST,-0.004420821089297533,0.12271286966279149,iTransformer,-0.014995770528912544,0.1332878191024065
1669,PatchTST,0.14904244244098663,TimesNet,0.108613021671772,0.04042942076921463,iTransformer,0.028191551566123962,0.12085089087486267
1670,TimesNet,0.05992519110441208,iTransformer,-0.013347269967198372,0.07327246107161045,iTransformer,-0.013347269967198372,0.07327246107161045
1671,TimesNet,0.09638793021440506,PatchTST,-0.005939688067883253,0.10232761828228831,iTransformer,-0.07902488112449646,0.17541281133890152
1672,iTransformer,0.07903474569320679,TimesNet,-0.030091766268014908,0.1091265119612217,iTransformer,0.07903474569320679,0.0
1673,DLinear,0.020120298489928246,iTransformer,-0.04518788680434227,0.06530818529427052,iTransformer,-0.04518788680434227,0.06530818529427052
1674,iTransformer,-0.05282382294535637,DLinear,-0.056856684386730194,0.004032861441373825,iTransformer,-0.05282382294535637,0.0
1675,iTransformer,0.11723297834396362,TimesNet,0.09681694954633713,0.020416028797626495,iTransformer,0.11723297834396362,0.0
1676,TimesNet,0.186192125082016,PatchTST,0.07497674971818924,0.11121537536382675,iTransformer,0.049052800983190536,0.13713932409882545
1677,TimesNet,0.09648628532886505,PatchTST,0.09066309779882431,0.005823187530040741,iTransformer,-0.09457040578126907,0.19105669111013412
1678,iTransformer,0.03091547265648842,TimesNet,0.01007598266005516,0.020839489996433258,iTransformer,0.03091547265648842,0.0
1679,TimesNet,0.10892417281866074,PatchTST,-0.004780325572937727,0.11370449839159846,iTransformer,-0.13694140315055847,0.2458655759692192
1680,TimesNet,0.08139380812644958,PatchTST,-0.021781153976917267,0.10317496210336685,iTransformer,-0.1435953676700592,0.2249891757965088
1681,PatchTST,0.14765088260173798,TimesNet,-0.03074638545513153,0.1783972680568695,iTransformer,-0.04084287956357002,0.188493762165308
1682,TimesNet,0.060105036944150925,PatchTST,-0.021789424121379852,0.08189446106553078,iTransformer,-0.05375168099999428,0.1138567179441452
1683,TimesNet,0.06893741339445114,iTransformer,-0.03882352635264397,0.10776093974709511,iTransformer,-0.03882352635264397,0.10776093974709511
1684,TimesNet,0.05437837168574333,PatchTST,0.04929599538445473,0.005082376301288605,iTransformer,-0.07733217626810074,0.13171054795384407
1685,TimesNet,0.12463511526584625,PatchTST,0.008610927499830723,0.11602418776601553,iTransformer,-0.18143539130687714,0.3060705065727234
1686,TimesNet,0.09338285773992538,iTransformer,-0.048932984471321106,0.1423158422112465,iTransformer,-0.048932984471321106,0.1423158422112465
1687,TimesNet,0.06850430369377136,DLinear,0.01854328252375126,0.0499610211700201,iTransformer,-0.017503174021840096,0.08600747771561146
1688,TimesNet,0.03998493403196335,iTransformer,0.01903923600912094,0.020945698022842407,iTransformer,0.01903923600912094,0.020945698022842407
1689,PatchTST,-0.05585429444909096,iTransformer,-0.07384450733661652,0.01799021288752556,iTransformer,-0.07384450733661652,0.01799021288752556
1690,iTransformer,0.0947539210319519,TimesNet,0.08538075536489487,0.009373165667057037,iTransformer,0.0947539210319519,0.0
1691,PatchTST,0.06632986664772034,TimesNet,0.04407694563269615,0.022252921015024185,iTransformer,-0.12046021223068237,0.1867900788784027
1692,PatchTST,0.055924370884895325,TimesNet,-0.007059977389872074,0.0629843482747674,iTransformer,-0.24670645594596863,0.30263082683086395
1693,TimesNet,0.14829185605049133,PatchTST,-0.08799950778484344,0.23629136383533478,iTransformer,-0.21173833310604095,0.3600301891565323
1694,TimesNet,0.08779020607471466,iTransformer,0.03357970714569092,0.05421049892902374,iTransformer,0.03357970714569092,0.05421049892902374
1695,TimesNet,-0.06639081984758377,DLinear,-0.1480541080236435,0.08166328817605972,iTransformer,-0.17429012060165405,0.10789930075407028
1696,iTransformer,0.07459552586078644,TimesNet,0.05911919102072716,0.01547633484005928,iTransformer,0.07459552586078644,0.0
1697,TimesNet,0.09236003458499908,iTransformer,0.03608376905322075,0.056276265531778336,iTransformer,0.03608376905322075,0.056276265531778336
1698,TimesNet,0.13835521042346954,iTransformer,0.04084291309118271,0.09751229733228683,iTransformer,0.04084291309118271,0.09751229733228683
1699,TimesNet,0.08518421649932861,iTransformer,-0.10983430594205856,0.19501852244138718,iTransformer,-0.10983430594205856,0.19501852244138718
1700,PatchTST,-0.0601680763065815,TimesNet,-0.07693878561258316,0.016770709306001663,iTransformer,-0.2786254584789276,0.21845738217234612
1701,TimesNet,0.04622121527791023,PatchTST,-0.058100998401641846,0.10432221367955208,iTransformer,-0.08820109814405441,0.13442231342196465
1702,TimesNet,-0.014686002396047115,iTransformer,-0.024937471374869347,0.010251468978822231,iTransformer,-0.024937471374869347,0.010251468978822231
1703,iTransformer,0.08863475918769836,TimesNet,0.0016999273793771863,0.08693483180832118,iTransformer,0.08863475918769836,0.0
1704,TimesNet,0.19057679176330566,iTransformer,0.15004810690879822,0.040528684854507446,iTransformer,0.15004810690879822,0.040528684854507446
1705,TimesNet,0.10444581508636475,iTransformer,0.032791074365377426,0.07165474072098732,iTransformer,0.032791074365377426,0.07165474072098732
1706,TimesNet,-0.04340323060750961,PatchTST,-0.04680153727531433,0.003398306667804718,iTransformer,-0.16391536593437195,0.12051213532686234
1707,DLinear,-0.07343322038650513,PatchTST,-0.135207399725914,0.061774179339408875,iTransformer,-0.325356125831604,0.2519229054450989
1708,TimesNet,0.06127770617604256,PatchTST,0.05024019256234169,0.011037513613700867,iTransformer,-0.15609411895275116,0.21737182512879372
1709,PatchTST,0.1320764273405075,iTransformer,-0.006308599840849638,0.13838502718135715,iTransformer,-0.006308599840849638,0.13838502718135715
1710,iTransformer,0.1563059687614441,TimesNet,0.03467869013547897,0.12162727862596512,iTransformer,0.1563059687614441,0.0
1711,iTransformer,0.0484168715775013,TimesNet,-0.012533730827271938,0.060950602404773235,iTransformer,0.0484168715775013,0.0
1712,TimesNet,0.22625398635864258,iTransformer,0.008514350280165672,0.2177396360784769,iTransformer,0.008514350280165672,0.2177396360784769
1713,PatchTST,0.08091121912002563,DLinear,0.0078628771007061,0.07304834201931953,iTransformer,-0.008981550112366676,0.08989276923239231
1714,PatchTST,0.17073111236095428,DLinear,0.012725958600640297,0.158005153760314,iTransformer,-0.04505258798599243,0.21578370034694672
1715,DLinear,0.1078028529882431,iTransformer,0.09604369848966599,0.011759154498577118,iTransformer,0.09604369848966599,0.011759154498577118
1716,iTransformer,0.21362197399139404,DLinear,0.1050209179520607,0.10860105603933334,iTransformer,0.21362197399139404,0.0
1717,PatchTST,0.19368614256381989,DLinear,0.10282658785581589,0.090859554708004,iTransformer,0.08326869457960129,0.1104174479842186
1718,DLinear,0.18524503707885742,iTransformer,0.1764765828847885,0.008768454194068909,iTransformer,0.1764765828847885,0.008768454194068909
1719,iTransformer,0.32896772027015686,PatchTST,0.12517587840557098,0.20379184186458588,iTransformer,0.32896772027015686,0.0
1720,DLinear,0.19701111316680908,TimesNet,0.048280127346515656,0.14873098582029343,iTransformer,0.04264773428440094,0.15436337888240814
1721,PatchTST,0.16017748415470123,DLinear,0.15320202708244324,0.006975457072257996,iTransformer,0.1525583118200302,0.0076191723346710205
1722,iTransformer,0.2336532175540924,DLinear,0.14851835370063782,0.08513486385345459,iTransformer,0.2336532175540924,0.0
1723,iTransformer,0.27241531014442444,DLinear,0.19733385741710663,0.07508145272731781,iTransformer,0.27241531014442444,0.0
1724,iTransformer,0.23550108075141907,DLinear,0.22104860842227936,0.01445247232913971,iTransformer,0.23550108075141907,0.0
1725,iTransformer,0.29628971219062805,PatchTST,0.23560361564159393,0.06068609654903412,iTransformer,0.29628971219062805,0.0
1726,DLinear,0.22968634963035583,PatchTST,0.12010248005390167,0.10958386957645416,iTransformer,0.11995421350002289,0.10973213613033295
1727,DLinear,0.16476306319236755,iTransformer,0.13829956948757172,0.026463493704795837,iTransformer,0.13829956948757172,0.026463493704795837
1728,DLinear,0.23969699442386627,PatchTST,0.2293502688407898,0.010346725583076477,iTransformer,0.1564231514930725,0.08327384293079376
1729,DLinear,0.2422962784767151,iTransformer,0.16118557751178741,0.08111070096492767,iTransformer,0.16118557751178741,0.08111070096492767
1730,DLinear,0.26843491196632385,iTransformer,0.054131098091602325,0.21430381387472153,iTransformer,0.054131098091602325,0.21430381387472153
1731,iTransformer,0.08465774357318878,DLinear,0.06645403057336807,0.01820371299982071,iTransformer,0.08465774357318878,0.0
1732,DLinear,0.2040802240371704,iTransformer,0.16711312532424927,0.03696709871292114,iTransformer,0.16711312532424927,0.03696709871292114
1733,PatchTST,0.2619456946849823,DLinear,0.19986961781978607,0.06207607686519623,iTransformer,0.11948774755001068,0.14245794713497162
1734,DLinear,0.21599045395851135,PatchTST,0.0578678697347641,0.15812258422374725,iTransformer,0.04103989899158478,0.17495055496692657
1735,DLinear,0.10926647484302521,PatchTST,0.10889584571123123,0.00037062913179397583,iTransformer,0.05708237364888191,0.052184101194143295
1736,DLinear,0.15768855810165405,PatchTST,0.053445156663656235,0.10424340143799782,iTransformer,-0.04182513803243637,0.19951369613409042
1737,iTransformer,0.1281977891921997,PatchTST,0.10904694348573685,0.01915084570646286,iTransformer,0.1281977891921997,0.0
1738,PatchTST,0.22989818453788757,iTransformer,0.11476410925388336,0.11513407528400421,iTransformer,0.11476410925388336,0.11513407528400421
1739,iTransformer,0.10938604176044464,DLinear,0.06491619348526001,0.04446984827518463,iTransformer,0.10938604176044464,0.0
1740,iTransformer,0.13687282800674438,PatchTST,0.07005934417247772,0.06681348383426666,iTransformer,0.13687282800674438,0.0
1741,PatchTST,0.09722831845283508,iTransformer,0.07092774659395218,0.026300571858882904,iTransformer,0.07092774659395218,0.026300571858882904
1742,iTransformer,0.09162590652704239,DLinear,0.003977726213634014,0.08764818031340837,iTransformer,0.09162590652704239,0.0
1743,DLinear,0.029195616021752357,PatchTST,0.026265345513820648,0.0029302705079317093,iTransformer,-0.01226070150732994,0.0414563175290823
1744,iTransformer,0.1004524976015091,DLinear,0.01525923516601324,0.08519326243549585,iTransformer,0.1004524976015091,0.0
1745,iTransformer,0.16410063207149506,PatchTST,0.14918653666973114,0.014914095401763916,iTransformer,0.16410063207149506,0.0
1746,iTransformer,0.09142927825450897,PatchTST,0.019062306731939316,0.07236697152256966,iTransformer,0.09142927825450897,0.0
1747,DLinear,0.048778630793094635,iTransformer,-0.013995972461998463,0.0627746032550931,iTransformer,-0.013995972461998463,0.0627746032550931
1748,iTransformer,0.0950302854180336,DLinear,0.0905039831995964,0.004526302218437195,iTransformer,0.0950302854180336,0.0
1749,iTransformer,0.1353261023759842,PatchTST,0.13232660293579102,0.0029994994401931763,iTransformer,0.1353261023759842,0.0
1750,iTransformer,0.10018925368785858,TimesNet,0.00025581332738511264,0.09993344036047347,iTransformer,0.10018925368785858,0.0
1751,iTransformer,0.15837928652763367,TimesNet,0.021783631294965744,0.13659565523266792,iTransformer,0.15837928652763367,0.0
1752,PatchTST,0.1160171777009964,iTransformer,0.04862763360142708,0.06738954409956932,iTransformer,0.04862763360142708,0.06738954409956932
1753,DLinear,0.2008046805858612,PatchTST,0.16764318943023682,0.03316149115562439,iTransformer,0.04361262544989586,0.15719205513596535
1754,PatchTST,0.21366453170776367,DLinear,0.13700680434703827,0.0766577273607254,iTransformer,0.10497695952653885,0.10868757218122482
1755,DLinear,0.14960244297981262,TimesNet,0.14155089855194092,0.008051544427871704,iTransformer,0.0028416772838681936,0.14676076569594443
1756,TimesNet,0.16936537623405457,DLinear,0.11993733793497086,0.04942803829908371,iTransformer,-0.00492166867479682,0.17428704490885139
1757,PatchTST,0.19744853675365448,DLinear,0.06444171071052551,0.13300682604312897,iTransformer,-0.1656295508146286,0.3630780875682831
1758,PatchTST,0.19149504601955414,iTransformer,0.14733703434467316,0.04415801167488098,iTransformer,0.14733703434467316,0.04415801167488098
1759,DLinear,0.16778568923473358,PatchTST,0.12900812923908234,0.038777559995651245,iTransformer,0.09623043984174728,0.0715552493929863
1760,TimesNet,0.2027292549610138,PatchTST,0.163147434592247,0.039581820368766785,iTransformer,0.06393192708492279,0.138797327876091
1761,iTransformer,0.16441844403743744,DLinear,0.13997168838977814,0.024446755647659302,iTransformer,0.16441844403743744,0.0
1762,PatchTST,0.13097365200519562,DLinear,0.12309319525957108,0.007880456745624542,iTransformer,0.06362857669591904,0.06734507530927658
1763,iTransformer,0.047799523919820786,DLinear,0.04730070009827614,0.0004988238215446472,iTransformer,0.047799523919820786,0.0
1764,DLinear,0.11464366316795349,PatchTST,0.10444782674312592,0.010195836424827576,iTransformer,-0.04393424466252327,0.15857790783047676
1765,DLinear,0.1372056007385254,iTransformer,0.008573506027460098,0.1286320947110653,iTransformer,0.008573506027460098,0.1286320947110653
1766,iTransformer,0.13672728836536407,DLinear,0.07484788447618484,0.06187940388917923,iTransformer,0.13672728836536407,0.0
1767,PatchTST,0.028154926374554634,TimesNet,0.017692161723971367,0.010462764650583267,iTransformer,-0.053441911935806274,0.08159683831036091
1768,TimesNet,0.030766313895583153,DLinear,0.025364885106682777,0.005401428788900375,iTransformer,-0.009928750805556774,0.04069506470113993
1769,PatchTST,0.11105956137180328,DLinear,0.08397699892520905,0.02708256244659424,iTransformer,0.014731327071785927,0.09632823430001736
1770,PatchTST,0.07475993782281876,DLinear,0.015054083429276943,0.05970585439354181,iTransformer,-0.1998486965894699,0.27460863441228867
1771,PatchTST,0.07462664693593979,TimesNet,0.06370550394058228,0.010921142995357513,iTransformer,0.03299180790781975,0.04163483902812004
1772,iTransformer,0.2356153428554535,TimesNet,0.21904274821281433,0.01657259464263916,iTransformer,0.2356153428554535,0.0
1773,iTransformer,0.1464621126651764,TimesNet,0.09166765213012695,0.05479446053504944,iTransformer,0.1464621126651764,0.0
1774,TimesNet,0.1055147796869278,DLinear,0.07207168638706207,0.03344309329986572,iTransformer,-0.09741686284542084,0.20293164253234863
1775,DLinear,0.047222718596458435,TimesNet,0.015712236985564232,0.0315104816108942,iTransformer,-0.0005155307007953525,0.04773824929725379
1776,PatchTST,0.14018478989601135,DLinear,0.10326392203569412,0.03692086786031723,iTransformer,-0.028098326176404953,0.1682831160724163
1777,TimesNet,0.09027224034070969,iTransformer,0.044211436063051224,0.04606080427765846,iTransformer,0.044211436063051224,0.04606080427765846
1778,TimesNet,0.11819498986005783,PatchTST,0.014846432954072952,0.10334855690598488,iTransformer,-0.07408227771520615,0.19227726757526398
1779,TimesNet,0.030938297510147095,PatchTST,0.00891363900154829,0.022024658508598804,iTransformer,-0.21764597296714783,0.24858427047729492
1780,PatchTST,-0.023411916568875313,TimesNet,-0.06567797064781189,0.04226605407893658,iTransformer,-0.14028584957122803,0.11687393300235271
1781,PatchTST,0.02329098992049694,TimesNet,-0.010206175036728382,0.03349716495722532,iTransformer,-0.1131734624505043,0.13646445237100124
1782,iTransformer,0.039941076189279556,DLinear,0.03750346228480339,0.0024376139044761658,iTransformer,0.039941076189279556,0.0
1783,iTransformer,0.08188481628894806,PatchTST,-0.05008246377110481,0.13196728006005287,iTransformer,0.08188481628894806,0.0
1784,PatchTST,0.1198616698384285,TimesNet,0.0603049211204052,0.0595567487180233,iTransformer,-0.08569459617137909,0.2055562660098076
1785,TimesNet,0.14688321948051453,PatchTST,0.06471243500709534,0.08217078447341919,iTransformer,-0.0029771486297249794,0.1498603681102395
1786,TimesNet,0.24566243588924408,iTransformer,0.08580584824085236,0.15985658764839172,iTransformer,0.08580584824085236,0.15985658764839172
1787,TimesNet,0.1756952553987503,PatchTST,0.020073574036359787,0.15562168136239052,iTransformer,0.01213940978050232,0.16355584561824799
1788,PatchTST,0.06597405672073364,DLinear,0.04768303036689758,0.01829102635383606,iTransformer,-0.04206633195281029,0.10804038867354393
1789,iTransformer,0.06912794709205627,DLinear,0.025658421218395233,0.04346952587366104,iTransformer,0.06912794709205627,0.0
1790,PatchTST,0.05968092009425163,DLinear,0.05896596238017082,0.0007149577140808105,iTransformer,0.02750558964908123,0.0321753304451704
1791,DLinear,0.05796037241816521,PatchTST,0.028783900663256645,0.02917647175490856,iTransformer,-0.10127399861812592,0.15923437103629112
1792,PatchTST,0.11864203959703445,TimesNet,0.08864828199148178,0.029993757605552673,iTransformer,0.04248442500829697,0.07615761458873749
1793,DLinear,0.06926433742046356,PatchTST,0.04809817299246788,0.021166164427995682,iTransformer,-0.005928616505116224,0.07519295392557979
1794,TimesNet,0.09944458305835724,PatchTST,0.08179417997598648,0.017650403082370758,iTransformer,0.06254399567842484,0.036900587379932404
1795,TimesNet,0.06018434464931488,PatchTST,0.0389326810836792,0.02125166356563568,iTransformer,-0.05173490196466446,0.11191924661397934
1796,iTransformer,0.0896817147731781,PatchTST,0.0792081356048584,0.010473579168319702,iTransformer,0.0896817147731781,0.0
1797,TimesNet,0.06207771599292755,iTransformer,0.029973383992910385,0.032104332000017166,iTransformer,0.029973383992910385,0.032104332000017166
1798,TimesNet,0.2012498676776886,PatchTST,0.15143606066703796,0.049813807010650635,iTransformer,0.10179636627435684,0.09945350140333176
1799,TimesNet,-0.019379079341888428,PatchTST,-0.04078099504113197,0.021401915699243546,iTransformer,-0.09133382141590118,0.07195474207401276
1800,PatchTST,0.17917637526988983,DLinear,0.039057083427906036,0.1401192918419838,iTransformer,-0.09189444035291672,0.27107081562280655
1801,iTransformer,0.1942836493253708,PatchTST,0.1796245574951172,0.014659091830253601,iTransformer,0.1942836493253708,0.0
1802,iTransformer,0.2596733570098877,DLinear,0.06494221836328506,0.19473113864660263,iTransformer,0.2596733570098877,0.0
1803,iTransformer,0.335358202457428,DLinear,0.15097206830978394,0.18438613414764404,iTransformer,0.335358202457428,0.0
1804,iTransformer,0.19678187370300293,DLinear,0.1713661253452301,0.025415748357772827,iTransformer,0.19678187370300293,0.0
1805,DLinear,0.2551114857196808,iTransformer,0.06056694686412811,0.19454453885555267,iTransformer,0.06056694686412811,0.19454453885555267
1806,DLinear,0.11859504133462906,PatchTST,0.09261477738618851,0.025980263948440552,iTransformer,0.07571195811033249,0.04288308322429657
1807,iTransformer,0.16375422477722168,TimesNet,0.061110883951187134,0.10264334082603455,iTransformer,0.16375422477722168,0.0
1808,iTransformer,0.22909098863601685,PatchTST,0.08958888053894043,0.13950210809707642,iTransformer,0.22909098863601685,0.0
1809,DLinear,0.14320234954357147,iTransformer,0.10952163487672806,0.033680714666843414,iTransformer,0.10952163487672806,0.033680714666843414
1810,PatchTST,0.04923640191555023,TimesNet,0.026771601289510727,0.022464800626039505,iTransformer,0.011254296638071537,0.037982105277478695
1811,iTransformer,0.1722487062215805,DLinear,0.1524921953678131,0.019756510853767395,iTransformer,0.1722487062215805,0.0
1812,TimesNet,0.19650627672672272,PatchTST,0.1106509268283844,0.08585534989833832,iTransformer,0.10287917405366898,0.09362710267305374
1813,DLinear,0.14545214176177979,TimesNet,0.006287141237407923,0.13916500052437186,iTransformer,0.0004198219394311309,0.14503231982234865
1814,DLinear,0.16417773067951202,iTransformer,0.038328852504491806,0.12584887817502022,iTransformer,0.038328852504491806,0.12584887817502022
1815,DLinear,0.11370525509119034,iTransformer,0.056537702679634094,0.057167552411556244,iTransformer,0.056537702679634094,0.057167552411556244
1816,iTransformer,0.19869311153888702,PatchTST,0.17626778781414032,0.022425323724746704,iTransformer,0.19869311153888702,0.0
1817,PatchTST,0.21533378958702087,DLinear,0.16016271710395813,0.055171072483062744,iTransformer,0.09842132776975632,0.11691246181726456
1818,iTransformer,0.11576464027166367,DLinear,0.11452003568410873,0.0012446045875549316,iTransformer,0.11576464027166367,0.0
1819,iTransformer,0.23285865783691406,DLinear,0.15511059761047363,0.07774806022644043,iTransformer,0.23285865783691406,0.0
1820,iTransformer,0.23006223142147064,DLinear,0.15831178426742554,0.0717504471540451,iTransformer,0.23006223142147064,0.0
1821,DLinear,0.09723822772502899,TimesNet,0.011702594347298145,0.08553563337773085,iTransformer,-0.07381825894117355,0.17105648666620255
1822,PatchTST,0.08076252788305283,DLinear,0.058838214725255966,0.02192431315779686,iTransformer,-0.03930993005633354,0.12007245793938637
1823,iTransformer,0.21223415434360504,DLinear,0.11743922531604767,0.09479492902755737,iTransformer,0.21223415434360504,0.0
1824,DLinear,0.19623103737831116,iTransformer,0.18154457211494446,0.0146864652633667,iTransformer,0.18154457211494446,0.0146864652633667
1825,PatchTST,0.22282065451145172,iTransformer,0.1910247653722763,0.031795889139175415,iTransformer,0.1910247653722763,0.031795889139175415
1826,iTransformer,0.17418940365314484,DLinear,0.0610353909432888,0.11315401270985603,iTransformer,0.17418940365314484,0.0
1827,iTransformer,0.26902520656585693,DLinear,0.08962327986955643,0.1794019266963005,iTransformer,0.26902520656585693,0.0
1828,DLinear,0.1447651982307434,TimesNet,0.07135020941495895,0.07341498881578445,iTransformer,0.02733362838625908,0.11743156984448433
1829,iTransformer,0.08075740933418274,TimesNet,0.04528558626770973,0.03547182306647301,iTransformer,0.08075740933418274,0.0
1830,DLinear,0.04043741896748543,PatchTST,0.001482988940551877,0.03895443002693355,iTransformer,-0.0029495209455490112,0.04338693991303444
1831,DLinear,0.1264253556728363,iTransformer,0.03613457828760147,0.09029077738523483,iTransformer,0.03613457828760147,0.09029077738523483
1832,DLinear,0.1838705837726593,PatchTST,0.03866599500179291,0.1452045887708664,iTransformer,-0.0568886399269104,0.2407592236995697
1833,PatchTST,0.14837825298309326,iTransformer,0.1318492889404297,0.016528964042663574,iTransformer,0.1318492889404297,0.016528964042663574
1834,DLinear,0.08333789557218552,TimesNet,0.045169997960329056,0.03816789761185646,iTransformer,-0.07245266437530518,0.1557905599474907
1835,DLinear,0.1368936002254486,iTransformer,0.07046805322170258,0.06642554700374603,iTransformer,0.07046805322170258,0.06642554700374603
1836,TimesNet,0.1371108442544937,DLinear,0.12154010683298111,0.015570737421512604,iTransformer,0.08678865432739258,0.050322189927101135
1837,DLinear,0.0842280462384224,iTransformer,0.06954427808523178,0.014683768153190613,iTransformer,0.06954427808523178,0.014683768153190613
1838,DLinear,0.17014987766742706,PatchTST,0.10178429633378983,0.06836558133363724,iTransformer,0.015755752101540565,0.1543941255658865
1839,DLinear,0.07949709892272949,iTransformer,0.03134230524301529,0.0481547936797142,iTransformer,0.03134230524301529,0.0481547936797142
1840,TimesNet,0.13658860325813293,iTransformer,0.12519997358322144,0.011388629674911499,iTransformer,0.12519997358322144,0.011388629674911499
1841,PatchTST,0.16930736601352692,DLinear,0.11448308825492859,0.05482427775859833,iTransformer,0.09414175897836685,0.07516560703516006
1842,iTransformer,0.04484207183122635,DLinear,0.02446948178112507,0.02037259005010128,iTransformer,0.04484207183122635,0.0
1843,DLinear,0.059064555913209915,PatchTST,-0.028822878375649452,0.08788743428885937,iTransformer,-0.11163437366485596,0.17069892957806587
1844,TimesNet,0.14241555333137512,DLinear,0.09349200874567032,0.0489235445857048,iTransformer,0.021602723747491837,0.12081282958388329
1845,DLinear,0.08047384023666382,PatchTST,0.030495885759592056,0.04997795447707176,iTransformer,0.0026017464697360992,0.07787209376692772
1846,TimesNet,0.17795462906360626,DLinear,0.041043978184461594,0.13691065087914467,iTransformer,0.005288382526487112,0.17266624653711915
1847,TimesNet,0.11903024464845657,DLinear,0.020608289167284966,0.09842195548117161,iTransformer,-0.026164188981056213,0.1451944336295128
1848,PatchTST,0.062036335468292236,DLinear,0.05336091294884682,0.00867542251944542,iTransformer,-0.08884692192077637,0.1508832573890686
1849,TimesNet,0.10636920481920242,PatchTST,0.058425404131412506,0.04794380068778992,iTransformer,0.029931694269180298,0.07643751055002213
1850,TimesNet,0.06848778575658798,DLinear,0.0663219466805458,0.0021658390760421753,iTransformer,-0.01827704906463623,0.08676483482122421
1851,PatchTST,0.07107018679380417,iTransformer,0.04997536540031433,0.021094821393489838,iTransformer,0.04997536540031433,0.021094821393489838
1852,DLinear,0.0671132504940033,iTransformer,0.0665079653263092,0.0006052851676940918,iTransformer,0.0665079653263092,0.0006052851676940918
1853,iTransformer,-0.008355621248483658,TimesNet,-0.014632465317845345,0.006276844069361687,iTransformer,-0.008355621248483658,0.0
1854,DLinear,0.10451771318912506,iTransformer,0.016168899834156036,0.08834881335496902,iTransformer,0.016168899834156036,0.08834881335496902
1855,TimesNet,0.18412119150161743,DLinear,0.04962741211056709,0.13449377939105034,iTransformer,0.02260681428015232,0.1615143772214651
1856,PatchTST,0.04120499640703201,iTransformer,0.025893356651067734,0.01531163975596428,iTransformer,0.025893356651067734,0.01531163975596428
1857,DLinear,0.13360416889190674,iTransformer,0.005014227703213692,0.12858994118869305,iTransformer,0.005014227703213692,0.12858994118869305
1858,PatchTST,0.08904124051332474,DLinear,0.007211792748421431,0.08182944776490331,iTransformer,-0.05532601848244667,0.1443672589957714
1859,DLinear,0.15234676003456116,TimesNet,0.09489265084266663,0.05745410919189453,iTransformer,0.00891234539449215,0.143434414640069
1860,DLinear,0.1372167021036148,PatchTST,0.10419181734323502,0.03302488476037979,iTransformer,0.017747346311807632,0.11946935579180717
1861,iTransformer,0.12416296452283859,PatchTST,0.10699926316738129,0.017163701355457306,iTransformer,0.12416296452283859,0.0
1862,PatchTST,0.07531300187110901,DLinear,0.008847721852362156,0.06646528001874685,iTransformer,-0.08395136892795563,0.15926437079906464
1863,iTransformer,0.13848762214183807,DLinear,0.0706901103258133,0.06779751181602478,iTransformer,0.13848762214183807,0.0
1864,PatchTST,0.14315848052501678,TimesNet,0.09088396281003952,0.052274517714977264,iTransformer,0.054886531084775925,0.08827194944024086
1865,DLinear,0.10751047730445862,PatchTST,0.054648201912641525,0.05286227539181709,iTransformer,0.0015336483484134078,0.10597682895604521
1866,DLinear,0.18031755089759827,iTransformer,-0.009224209003150463,0.18954175990074873,iTransformer,-0.009224209003150463,0.18954175990074873
1867,PatchTST,0.09240905940532684,DLinear,0.08305349200963974,0.009355567395687103,iTransformer,0.08209511637687683,0.010313943028450012
1868,DLinear,0.09572134912014008,iTransformer,0.018411360681056976,0.0773099884390831,iTransformer,0.018411360681056976,0.0773099884390831
1869,iTransformer,0.3176666498184204,TimesNet,0.2077489197254181,0.10991773009300232,iTransformer,0.3176666498184204,0.0
1870,PatchTST,0.02694607898592949,iTransformer,0.008500579744577408,0.01844549924135208,iTransformer,0.008500579744577408,0.01844549924135208
1871,iTransformer,0.07118978351354599,PatchTST,-0.020131422206759453,0.09132120572030544,iTransformer,0.07118978351354599,0.0
1872,iTransformer,0.12099632620811462,DLinear,0.048173803836107254,0.07282252237200737,iTransformer,0.12099632620811462,0.0
1873,DLinear,0.1428419053554535,iTransformer,0.13107632100582123,0.011765584349632263,iTransformer,0.13107632100582123,0.011765584349632263
1874,TimesNet,0.1173878088593483,DLinear,0.10069070011377335,0.01669710874557495,iTransformer,0.06711728125810623,0.050270527601242065
1875,iTransformer,0.1449262648820877,DLinear,0.1302742063999176,0.014652058482170105,iTransformer,0.1449262648820877,0.0
1876,iTransformer,0.1921665519475937,PatchTST,0.17250917851924896,0.019657373428344727,iTransformer,0.1921665519475937,0.0
1877,DLinear,0.16975653171539307,PatchTST,0.09203445166349411,0.07772208005189896,iTransformer,-0.004838763270527124,0.1745952949859202
1878,PatchTST,0.1615946888923645,DLinear,0.16030578315258026,0.0012889057397842407,iTransformer,-0.00487105455249548,0.16646574344485998
1879,DLinear,0.11665908992290497,PatchTST,0.09377861022949219,0.02288047969341278,iTransformer,0.027094725519418716,0.08956436440348625
1880,DLinear,0.24157652258872986,iTransformer,0.1533406525850296,0.08823587000370026,iTransformer,0.1533406525850296,0.08823587000370026
1881,PatchTST,0.22437311708927155,DLinear,0.21745793521404266,0.006915181875228882,iTransformer,0.09716901928186417,0.12720409780740738
1882,DLinear,0.13953284919261932,iTransformer,0.06507423520088196,0.07445861399173737,iTransformer,0.06507423520088196,0.07445861399173737
1883,PatchTST,0.14264777302742004,DLinear,0.13513050973415375,0.007517263293266296,iTransformer,0.07487895339727402,0.06776881963014603
1884,iTransformer,0.15360698103904724,DLinear,0.14812719821929932,0.005479782819747925,iTransformer,0.15360698103904724,0.0
1885,DLinear,0.12936842441558838,iTransformer,0.069119893014431,0.06024853140115738,iTransformer,0.069119893014431,0.06024853140115738
1886,PatchTST,0.16483990848064423,iTransformer,0.13018594682216644,0.03465396165847778,iTransformer,0.13018594682216644,0.03465396165847778
1887,PatchTST,0.14722295105457306,DLinear,0.1186605840921402,0.02856236696243286,iTransformer,0.029483869671821594,0.11773908138275146
1888,DLinear,0.0973537266254425,iTransformer,0.04595215991139412,0.051401566714048386,iTransformer,0.04595215991139412,0.051401566714048386
1889,iTransformer,0.16083411872386932,DLinear,0.15008413791656494,0.010749980807304382,iTransformer,0.16083411872386932,0.0
1890,iTransformer,0.11487638205289841,DLinear,0.08941185474395752,0.025464527308940887,iTransformer,0.11487638205289841,0.0
1891,PatchTST,0.10276667028665543,DLinear,0.07229849696159363,0.030468173325061798,iTransformer,0.06549572199583054,0.03727094829082489
1892,iTransformer,0.18681085109710693,DLinear,0.11669328063726425,0.07011757045984268,iTransformer,0.18681085109710693,0.0
1893,DLinear,0.1122717410326004,PatchTST,0.09997601062059402,0.012295730412006378,iTransformer,-0.007867650128901005,0.12013939116150141
1894,iTransformer,0.07312992960214615,DLinear,0.05233486741781235,0.0207950621843338,iTransformer,0.07312992960214615,0.0
1895,PatchTST,0.1506413370370865,DLinear,0.10147930681705475,0.04916203022003174,iTransformer,-0.01889031007885933,0.16953164711594582
1896,PatchTST,0.13548901677131653,DLinear,0.06587157398462296,0.06961744278669357,iTransformer,0.026318425312638283,0.10917059145867825
1897,DLinear,0.07222029566764832,PatchTST,0.01184604037553072,0.060374255292117596,iTransformer,-0.00850566104054451,0.08072595670819283
1898,iTransformer,0.2562991976737976,DLinear,0.14187836647033691,0.1144208312034607,iTransformer,0.2562991976737976,0.0
1899,DLinear,0.19358496367931366,iTransformer,0.125710591673851,0.06787437200546265,iTransformer,0.125710591673851,0.06787437200546265
1900,PatchTST,0.31618133187294006,DLinear,0.183066263794899,0.13311506807804108,iTransformer,-0.11803282797336578,0.43421415984630585
1901,PatchTST,0.16592617332935333,DLinear,0.10708916932344437,0.058837004005908966,iTransformer,-0.02265429124236107,0.1885804645717144
1902,DLinear,0.18485374748706818,PatchTST,0.1752883642911911,0.009565383195877075,iTransformer,0.11147167533636093,0.07338207215070724
1903,iTransformer,0.2815697193145752,PatchTST,0.18762774765491486,0.09394197165966034,iTransformer,0.2815697193145752,0.0
1904,iTransformer,0.1544973999261856,TimesNet,0.14574992656707764,0.008747473359107971,iTransformer,0.1544973999261856,0.0
1905,DLinear,0.2254563271999359,PatchTST,0.1701657772064209,0.055290549993515015,iTransformer,0.05620729178190231,0.1692490354180336
1906,DLinear,0.12197522073984146,iTransformer,0.0981583446264267,0.023816876113414764,iTransformer,0.0981583446264267,0.023816876113414764
1907,DLinear,0.20885013043880463,PatchTST,0.060776468366384506,0.14807366207242012,iTransformer,0.022784452885389328,0.1860656775534153
1908,PatchTST,0.29357558488845825,DLinear,0.17622113227844238,0.11735445261001587,iTransformer,0.12297513335943222,0.17060045152902603
1909,TimesNet,0.17700313031673431,DLinear,0.14143365621566772,0.03556947410106659,iTransformer,0.03234941139817238,0.14465371891856194
1910,PatchTST,0.18397702276706696,TimesNet,0.11082199215888977,0.07315503060817719,iTransformer,0.029917970299720764,0.1540590524673462
1911,DLinear,0.22642946243286133,iTransformer,0.03546064719557762,0.1909688152372837,iTransformer,0.03546064719557762,0.1909688152372837
1912,TimesNet,0.21048223972320557,iTransformer,0.16375601291656494,0.046726226806640625,iTransformer,0.16375601291656494,0.046726226806640625
1913,PatchTST,0.2553108036518097,DLinear,0.13545766472816467,0.11985313892364502,iTransformer,0.06831392645835876,0.18699687719345093
1914,PatchTST,0.19758982956409454,iTransformer,0.10833520442247391,0.08925462514162064,iTransformer,0.10833520442247391,0.08925462514162064
1915,DLinear,0.19092482328414917,iTransformer,0.1362011879682541,0.05472363531589508,iTransformer,0.1362011879682541,0.05472363531589508
1916,iTransformer,0.250450998544693,PatchTST,0.14899586141109467,0.10145513713359833,iTransformer,0.250450998544693,0.0
1917,iTransformer,0.10006631165742874,DLinear,0.08505833894014359,0.015007972717285156,iTransformer,0.10006631165742874,0.0
1918,DLinear,0.13924646377563477,TimesNet,0.05867026373744011,0.08057620003819466,iTransformer,0.0492778904736042,0.08996857330203056
1919,iTransformer,0.083213672041893,DLinear,0.06997141987085342,0.013242252171039581,iTransformer,0.083213672041893,0.0
1920,PatchTST,0.10979723930358887,DLinear,0.03449586406350136,0.07530137524008751,iTransformer,-0.08130138367414474,0.1910986229777336
1921,PatchTST,0.19225087761878967,DLinear,0.09641945362091064,0.09583142399787903,iTransformer,-0.13245545327663422,0.3247063308954239
1922,DLinear,0.059224747121334076,iTransformer,0.05029751732945442,0.008927229791879654,iTransformer,0.05029751732945442,0.008927229791879654
1923,DLinear,0.06512101739645004,TimesNet,0.04499221220612526,0.020128805190324783,iTransformer,-0.0314180813729763,0.09653909876942635
1924,iTransformer,0.03553501516580582,DLinear,0.021529950201511383,0.014005064964294434,iTransformer,0.03553501516580582,0.0
1925,iTransformer,0.030835755169391632,TimesNet,0.005663956981152296,0.025171798188239336,iTransformer,0.030835755169391632,0.0
1926,iTransformer,0.10150071233510971,PatchTST,0.07099907100200653,0.03050164133310318,iTransformer,0.10150071233510971,0.0
1927,DLinear,0.05794370174407959,iTransformer,-0.07481000572443008,0.13275370746850967,iTransformer,-0.07481000572443008,0.13275370746850967
1928,iTransformer,0.10927348583936691,PatchTST,0.08917784690856934,0.020095638930797577,iTransformer,0.10927348583936691,0.0
1929,DLinear,0.1329214721918106,iTransformer,-0.004118233919143677,0.13703970611095428,iTransformer,-0.004118233919143677,0.13703970611095428
1930,iTransformer,0.16885121166706085,DLinear,0.10984750092029572,0.05900371074676514,iTransformer,0.16885121166706085,0.0
1931,TimesNet,0.04364867880940437,DLinear,0.029612107202410698,0.014036571606993675,iTransformer,-0.04620841518044472,0.08985709398984909
1932,DLinear,0.21813370287418365,PatchTST,0.0679532140493393,0.15018048882484436,iTransformer,-0.03935842216014862,0.2574921250343323
1933,TimesNet,0.13838393986225128,iTransformer,0.10206414014101028,0.036319799721241,iTransformer,0.10206414014101028,0.036319799721241
1934,PatchTST,0.207935631275177,DLinear,0.08970307558774948,0.11823255568742752,iTransformer,0.021609732881188393,0.1863258983939886
1935,DLinear,0.20185960829257965,iTransformer,0.07745151966810226,0.12440808862447739,iTransformer,0.07745151966810226,0.12440808862447739
1936,iTransformer,0.08671952784061432,DLinear,-0.0014398127095773816,0.0881593405501917,iTransformer,0.08671952784061432,0.0
1937,iTransformer,0.172130286693573,TimesNet,0.012833385728299618,0.15929690096527338,iTransformer,0.172130286693573,0.0
1938,DLinear,0.12990403175354004,iTransformer,0.10505003482103348,0.02485399693250656,iTransformer,0.10505003482103348,0.02485399693250656
1939,iTransformer,0.1796012818813324,DLinear,0.036430250853300095,0.1431710310280323,iTransformer,0.1796012818813324,0.0
1940,DLinear,0.1208072081208229,iTransformer,0.06819094717502594,0.05261626094579697,iTransformer,0.06819094717502594,0.05261626094579697
1941,iTransformer,0.09649325162172318,DLinear,0.07657323032617569,0.019920021295547485,iTransformer,0.09649325162172318,0.0
1942,iTransformer,0.12260745465755463,DLinear,0.0841633528470993,0.03844410181045532,iTransformer,0.12260745465755463,0.0
1943,iTransformer,0.1349516659975052,TimesNet,0.13211089372634888,0.002840772271156311,iTransformer,0.1349516659975052,0.0
1944,DLinear,0.20835822820663452,PatchTST,0.050880804657936096,0.15747742354869843,iTransformer,0.017233699560165405,0.19112452864646912
1945,DLinear,0.13774022459983826,iTransformer,0.04982955753803253,0.08791066706180573,iTransformer,0.04982955753803253,0.08791066706180573
1946,iTransformer,0.1362118124961853,DLinear,0.07130645215511322,0.06490536034107208,iTransformer,0.1362118124961853,0.0
1947,DLinear,0.016194993630051613,PatchTST,-0.00023837249318603426,0.016433366123237647,iTransformer,-0.12503859400749207,0.14123358763754368
1948,DLinear,0.009863194078207016,iTransformer,0.006212580017745495,0.003650614060461521,iTransformer,0.006212580017745495,0.003650614060461521
1949,DLinear,0.10882995277643204,TimesNet,0.007095268461853266,0.10173468431457877,iTransformer,-0.10030476003885269,0.20913471281528473
1950,DLinear,0.11897673457860947,iTransformer,0.08320301026105881,0.03577372431755066,iTransformer,0.08320301026105881,0.03577372431755066
1951,iTransformer,0.24604658782482147,DLinear,0.1823788434267044,0.06366774439811707,iTransformer,0.24604658782482147,0.0
1952,iTransformer,0.13770931959152222,DLinear,0.12575265765190125,0.011956661939620972,iTransformer,0.13770931959152222,0.0
1953,iTransformer,0.3208973705768585,DLinear,0.09078928083181381,0.2301080897450447,iTransformer,0.3208973705768585,0.0
1954,DLinear,0.19904619455337524,iTransformer,0.1666743904352188,0.03237180411815643,iTransformer,0.1666743904352188,0.03237180411815643
1955,DLinear,0.18080393970012665,iTransformer,0.09372688829898834,0.0870770514011383,iTransformer,0.09372688829898834,0.0870770514011383
1956,DLinear,0.18378271162509918,PatchTST,0.14702743291854858,0.0367552787065506,iTransformer,0.021354828029870987,0.1624278835952282
1957,DLinear,0.20497511327266693,iTransformer,0.09145547449588776,0.11351963877677917,iTransformer,0.09145547449588776,0.11351963877677917
1958,iTransformer,0.11631110310554504,DLinear,0.025851450860500336,0.09045965224504471,iTransformer,0.11631110310554504,0.0
1959,TimesNet,0.12529659271240234,iTransformer,0.08932450413703918,0.03597208857536316,iTransformer,0.08932450413703918,0.03597208857536316
1960,TimesNet,0.1479739248752594,iTransformer,0.09605865180492401,0.05191527307033539,iTransformer,0.09605865180492401,0.05191527307033539
1961,TimesNet,0.1982998549938202,DLinear,0.07137979567050934,0.12692005932331085,iTransformer,0.027013594284653664,0.17128626070916653
1962,DLinear,0.11866430938243866,TimesNet,0.11534664779901505,0.0033176615834236145,iTransformer,-0.027072641998529434,0.1457369513809681
1963,DLinear,0.1716453582048416,iTransformer,0.10447090119123459,0.06717445701360703,iTransformer,0.10447090119123459,0.06717445701360703
1964,iTransformer,0.14370562136173248,DLinear,0.03703043609857559,0.10667518526315689,iTransformer,0.14370562136173248,0.0
1965,DLinear,0.10873640328645706,iTransformer,0.06560265272855759,0.043133750557899475,iTransformer,0.06560265272855759,0.043133750557899475
1966,iTransformer,0.16024059057235718,DLinear,0.1268184781074524,0.033422112464904785,iTransformer,0.16024059057235718,0.0
1967,iTransformer,0.15008307993412018,DLinear,0.13701091706752777,0.013072162866592407,iTransformer,0.15008307993412018,0.0
1968,DLinear,0.1682085394859314,PatchTST,0.10548337548971176,0.06272516399621964,iTransformer,0.021754328161478043,0.14645421132445335
1969,iTransformer,0.2613050937652588,DLinear,0.14124248921871185,0.12006260454654694,iTransformer,0.2613050937652588,0.0
1970,DLinear,0.04260885715484619,TimesNet,-0.017455238848924637,0.06006409600377083,iTransformer,-0.0244454238563776,0.06705428101122379
1971,TimesNet,0.052033308893442154,DLinear,0.0035177962854504585,0.048515512607991695,iTransformer,-0.1326458901166916,0.18467919901013374
1972,TimesNet,0.16528846323490143,iTransformer,0.09015532582998276,0.07513313740491867,iTransformer,0.09015532582998276,0.07513313740491867
1973,iTransformer,0.1487242579460144,DLinear,0.10999544709920883,0.03872881084680557,iTransformer,0.1487242579460144,0.0
1974,PatchTST,0.059776533395051956,DLinear,0.016181768849492073,0.04359476454555988,iTransformer,-0.010602770373225212,0.07037930376827717
1975,iTransformer,0.24285414814949036,TimesNet,0.11540664732456207,0.12744750082492828,iTransformer,0.24285414814949036,0.0
1976,PatchTST,0.08942814916372299,DLinear,0.07014041393995285,0.01928773522377014,iTransformer,0.04451756551861763,0.04491058364510536
1977,PatchTST,0.1752559244632721,DLinear,0.163231760263443,0.012024164199829102,iTransformer,-0.01829579658806324,0.19355172105133533
1978,iTransformer,0.09791155904531479,DLinear,0.034987278282642365,0.06292428076267242,iTransformer,0.09791155904531479,0.0
1979,iTransformer,0.13539645075798035,TimesNet,0.10841871052980423,0.026977740228176117,iTransformer,0.13539645075798035,0.0
1980,iTransformer,0.07280716300010681,DLinear,0.06120876967906952,0.011598393321037292,iTransformer,0.07280716300010681,0.0
1981,iTransformer,0.1249890998005867,PatchTST,0.09232814610004425,0.03266095370054245,iTransformer,0.1249890998005867,0.0
1982,DLinear,0.09181954711675644,TimesNet,0.02397584356367588,0.06784370355308056,iTransformer,-0.06139330938458443,0.15321285650134087
1983,DLinear,0.10188498347997665,TimesNet,0.03366268426179886,0.0682222992181778,iTransformer,0.015148798935115337,0.08673618454486132
1984,TimesNet,0.034024693071842194,DLinear,-0.00045120931463316083,0.034475902386475354,iTransformer,-0.1977972835302353,0.23182197660207748
1985,DLinear,0.11473247408866882,PatchTST,0.06255035847425461,0.052182115614414215,iTransformer,-0.013229642063379288,0.1279621161520481
1986,TimesNet,0.2331138402223587,DLinear,0.07285824418067932,0.16025559604167938,iTransformer,0.03487048298120499,0.19824335724115372
1987,iTransformer,0.19345062971115112,DLinear,-0.054897744208574295,0.24834837391972542,iTransformer,0.19345062971115112,0.0
1988,PatchTST,0.019542410969734192,TimesNet,-0.0008299120818264782,0.02037232305156067,iTransformer,-0.010939427651464939,0.03048183862119913
1989,PatchTST,0.12160451710224152,DLinear,0.03561940789222717,0.08598510921001434,iTransformer,-0.0288467425853014,0.15045125968754292
1990,PatchTST,0.061741869896650314,DLinear,0.0395607054233551,0.022181164473295212,iTransformer,-0.09397319704294205,0.15571506693959236
1991,PatchTST,0.1635913848876953,DLinear,0.08781831711530685,0.07577306777238846,iTransformer,-0.20222118496894836,0.3658125698566437
1992,TimesNet,0.09799013286828995,DLinear,0.06212035194039345,0.0358697809278965,iTransformer,-0.05674225464463234,0.1547323875129223
1993,PatchTST,0.1305587887763977,TimesNet,0.01617281511425972,0.11438597366213799,iTransformer,-0.10568202286958694,0.23624081164598465
1994,TimesNet,0.19840343296527863,DLinear,0.004115848336368799,0.19428758462890983,iTransformer,-0.07871667295694351,0.27712010592222214
1995,TimesNet,0.0878983587026596,DLinear,-0.04371921718120575,0.13161757588386536,iTransformer,-0.11204640567302704,0.19994476437568665
1996,TimesNet,0.17877495288848877,PatchTST,0.0862857922911644,0.09248916059732437,iTransformer,-0.09334143251180649,0.27211638540029526
1997,PatchTST,0.07677729427814484,iTransformer,0.0438285656273365,0.032948728650808334,iTransformer,0.0438285656273365,0.032948728650808334
1998,iTransformer,0.10746221244335175,TimesNet,0.05454668402671814,0.052915528416633606,iTransformer,0.10746221244335175,0.0
1999,TimesNet,0.2825842499732971,iTransformer,0.16169936954975128,0.12088488042354584,iTransformer,0.16169936954975128,0.12088488042354584
2000,PatchTST,0.1210637092590332,iTransformer,0.05538439005613327,0.06567931920289993,iTransformer,0.05538439005613327,0.06567931920289993
2001,TimesNet,0.11088065803050995,PatchTST,0.01987721584737301,0.09100344218313694,iTransformer,-0.06768129020929337,0.17856194823980331
2002,DLinear,0.08466354012489319,PatchTST,0.07687778025865555,0.00778575986623764,iTransformer,0.02907109446823597,0.05559244565665722
2003,iTransformer,0.1184937059879303,DLinear,0.1151571124792099,0.003336593508720398,iTransformer,0.1184937059879303,0.0
2004,PatchTST,0.1985221654176712,DLinear,0.030258039012551308,0.1682641264051199,iTransformer,0.00419613067060709,0.1943260347470641
2005,DLinear,0.07833892852067947,PatchTST,0.06328152120113373,0.015057407319545746,iTransformer,0.032498620450496674,0.0458403080701828
2006,DLinear,0.10031834989786148,PatchTST,0.06304451078176498,0.0372738391160965,iTransformer,-0.05192312225699425,0.15224147215485573
2007,iTransformer,0.11661514639854431,DLinear,0.10053750872612,0.016077637672424316,iTransformer,0.11661514639854431,0.0
2008,TimesNet,0.1428079903125763,PatchTST,0.11636370420455933,0.026444286108016968,iTransformer,-0.02722764201462269,0.17003563232719898
2009,DLinear,0.10343104600906372,iTransformer,0.06865023821592331,0.03478080779314041,iTransformer,0.06865023821592331,0.03478080779314041
2010,PatchTST,0.06692726165056229,TimesNet,0.05192309617996216,0.015004165470600128,iTransformer,0.033960916101932526,0.03296634554862976
2011,iTransformer,0.1533638834953308,TimesNet,0.046431124210357666,0.10693275928497314,iTransformer,0.1533638834953308,0.0
2012,PatchTST,0.09889843314886093,iTransformer,0.09188245981931686,0.007015973329544067,iTransformer,0.09188245981931686,0.007015973329544067
2013,PatchTST,0.12135389447212219,iTransformer,0.06096696853637695,0.06038692593574524,iTransformer,0.06096696853637695,0.06038692593574524
2014,iTransformer,0.195351243019104,DLinear,0.13875052332878113,0.056600719690322876,iTransformer,0.195351243019104,0.0
2015,DLinear,0.08778054267168045,PatchTST,0.07809332013130188,0.00968722254037857,iTransformer,0.023195907473564148,0.0645846351981163
2016,DLinear,0.10648152977228165,iTransformer,0.08714086562395096,0.01934066414833069,iTransformer,0.08714086562395096,0.01934066414833069
2017,iTransformer,0.06302793323993683,DLinear,0.018861601129174232,0.044166332110762596,iTransformer,0.06302793323993683,0.0
2018,DLinear,0.07063376903533936,PatchTST,0.036040063947439194,0.03459370508790016,iTransformer,-0.028641704469919205,0.09927547350525856
2019,DLinear,0.10053746402263641,iTransformer,0.028145235031843185,0.07239222899079323,iTransformer,0.028145235031843185,0.07239222899079323
2020,PatchTST,0.09776543825864792,iTransformer,0.06163405999541283,0.03613137826323509,iTransformer,0.06163405999541283,0.03613137826323509
2021,iTransformer,0.058404844254255295,PatchTST,0.02082240767776966,0.037582436576485634,iTransformer,0.058404844254255295,0.0
2022,DLinear,0.10603544861078262,TimesNet,0.09012077748775482,0.0159146711230278,iTransformer,-0.09577626734972,0.20181171596050262
2023,PatchTST,0.15617164969444275,TimesNet,0.1506105363368988,0.005561113357543945,iTransformer,0.08506665378808975,0.071104995906353
2024,iTransformer,0.06287717819213867,PatchTST,0.03825615718960762,0.02462102100253105,iTransformer,0.06287717819213867,0.0
2025,TimesNet,0.016241032630205154,DLinear,-0.0706828236579895,0.08692385628819466,iTransformer,-0.10004004836082458,0.11628108099102974
2026,PatchTST,0.011304868385195732,DLinear,-0.01761310175061226,0.02891797013580799,iTransformer,-0.057774074375629425,0.06907894276082516
2027,DLinear,0.02579418569803238,iTransformer,-0.027271680533885956,0.053065866231918335,iTransformer,-0.027271680533885956,0.053065866231918335
2028,TimesNet,0.2707405388355255,PatchTST,0.009443872608244419,0.2612966662272811,iTransformer,-0.06540603190660477,0.3361465707421303
2029,PatchTST,0.056346721947193146,iTransformer,-0.059410110116004944,0.11575683206319809,iTransformer,-0.059410110116004944,0.11575683206319809
2030,TimesNet,-0.0611003115773201,PatchTST,-0.08982926607131958,0.02872895449399948,iTransformer,-0.10720407962799072,0.046103768050670624
2031,DLinear,-0.07688850164413452,TimesNet,-0.08260604739189148,0.005717545747756958,iTransformer,-0.1530045121908188,0.07611601054668427
2032,TimesNet,0.10301634669303894,iTransformer,-0.011755143292248249,0.11477148998528719,iTransformer,-0.011755143292248249,0.11477148998528719
2033,TimesNet,0.12318272143602371,PatchTST,0.08954311907291412,0.03363960236310959,iTransformer,-0.11377355456352234,0.23695627599954605
2034,TimesNet,0.048917803913354874,DLinear,-0.003964555915445089,0.05288235982879996,iTransformer,-0.11247129738330841,0.16138910129666328
2035,TimesNet,0.04370062053203583,PatchTST,-0.0442986860871315,0.08799930661916733,iTransformer,-0.11425159126520157,0.1579522117972374
2036,TimesNet,0.16310155391693115,PatchTST,0.0739278569817543,0.08917369693517685,iTransformer,-0.05131845921278,0.21442001312971115
2037,TimesNet,0.16183100640773773,DLinear,-0.027065197005867958,0.1888962034136057,iTransformer,-0.08571644872426987,0.2475474551320076
2038,iTransformer,0.0027050510980188847,PatchTST,-0.007333087269216776,0.01003813836723566,iTransformer,0.0027050510980188847,0.0
2039,PatchTST,-0.017299877479672432,TimesNet,-0.0395149365067482,0.022215059027075768,iTransformer,-0.04473697766661644,0.027437100186944008
2040,DLinear,0.05604522302746773,iTransformer,-0.020026197656989098,0.07607142068445683,iTransformer,-0.020026197656989098,0.07607142068445683
2041,PatchTST,-0.03657127171754837,TimesNet,-0.05584084242582321,0.01926957070827484,iTransformer,-0.2297910898923874,0.19321981817483902
2042,DLinear,-0.016910722479224205,PatchTST,-0.04110942780971527,0.024198705330491066,iTransformer,-0.22181610763072968,0.20490538515150547
2043,TimesNet,0.14643995463848114,DLinear,0.01892651990056038,0.12751343473792076,iTransformer,0.009535597637295723,0.13690435700118542
2044,PatchTST,0.018196268007159233,TimesNet,-0.007349628023803234,0.025545896030962467,iTransformer,-0.05038800090551376,0.068584268912673
2045,DLinear,0.040974121540784836,TimesNet,0.0212259441614151,0.019748177379369736,iTransformer,-0.1474323570728302,0.18840647861361504
2046,TimesNet,0.13704897463321686,PatchTST,-0.04360954836010933,0.1806585229933262,iTransformer,-0.1317414790391922,0.26879045367240906
2047,PatchTST,-0.053013045340776443,DLinear,-0.05598271265625954,0.0029696673154830933,iTransformer,-0.13024762272834778,0.07723457738757133
2048,TimesNet,0.12091279029846191,DLinear,0.02405477687716484,0.09685801342129707,iTransformer,-0.10031265765428543,0.22122544795274734
2049,TimesNet,0.0722479596734047,PatchTST,-0.02741141803562641,0.0996593777090311,iTransformer,-0.08198763430118561,0.1542355939745903
2050,TimesNet,0.0772419348359108,iTransformer,-0.012850545346736908,0.0900924801826477,iTransformer,-0.012850545346736908,0.0900924801826477
2051,TimesNet,0.029849933460354805,DLinear,-0.10867457091808319,0.138524504378438,iTransformer,-0.16541950404644012,0.19526943750679493
2052,TimesNet,0.0806613489985466,PatchTST,-0.14294493198394775,0.22360628098249435,iTransformer,-0.18174029886722565,0.26240164786577225
2053,PatchTST,0.028337590396404266,TimesNet,-0.005964809097349644,0.03430239949375391,iTransformer,-0.1573461890220642,0.18568377941846848
2054,TimesNet,-0.006197861861437559,DLinear,-0.09312678128480911,0.08692891942337155,iTransformer,-0.2533915340900421,0.24719367222860456
2055,TimesNet,-0.09277689456939697,PatchTST,-0.10340477526187897,0.010627880692481995,iTransformer,-0.16150516271591187,0.06872826814651489
2056,TimesNet,-0.050019800662994385,PatchTST,-0.05257325619459152,0.0025534555315971375,iTransformer,-0.11606033146381378,0.0660405308008194
2057,TimesNet,-0.003969401121139526,PatchTST,-0.048662472516298294,0.04469307139515877,iTransformer,-0.12949222326278687,0.12552282214164734
2058,TimesNet,-0.017343027517199516,iTransformer,-0.062002889811992645,0.04465986229479313,iTransformer,-0.062002889811992645,0.04465986229479313
2059,PatchTST,0.016154726967215538,DLinear,-0.06839320063591003,0.08454792760312557,iTransformer,-0.25893843173980713,0.27509315870702267
2060,TimesNet,0.05792761966586113,DLinear,-0.06229086592793465,0.12021848559379578,iTransformer,-0.08943568915128708,0.1473633088171482
2061,TimesNet,0.10394487529993057,iTransformer,-0.0017854658653959632,0.10573034116532654,iTransformer,-0.0017854658653959632,0.10573034116532654
2062,DLinear,-0.07931719720363617,TimesNet,-0.09046894311904907,0.011151745915412903,iTransformer,-0.18571047484874725,0.10639327764511108
2063,iTransformer,0.037184666842222214,TimesNet,-0.028762878850102425,0.06594754569232464,iTransformer,0.037184666842222214,0.0
2064,iTransformer,0.005721427500247955,PatchTST,-0.019496014341711998,0.025217441841959953,iTransformer,0.005721427500247955,0.0
2065,TimesNet,0.004311292432248592,iTransformer,-0.03922611102461815,0.04353740345686674,iTransformer,-0.03922611102461815,0.04353740345686674
2066,TimesNet,-0.06622622162103653,PatchTST,-0.08406244963407516,0.017836228013038635,iTransformer,-0.08923926949501038,0.023013047873973846
2067,PatchTST,-0.03579998388886452,TimesNet,-0.05604321509599686,0.02024323120713234,iTransformer,-0.08295603841543198,0.04715605452656746
2068,PatchTST,0.015364164486527443,DLinear,-0.07406387478113174,0.08942803926765919,iTransformer,-0.17265398800373077,0.18801815249025822
2069,TimesNet,0.019393309950828552,PatchTST,0.012991518713533878,0.006401791237294674,iTransformer,-0.007161641027778387,0.02655495097860694
2070,DLinear,-0.039318010210990906,PatchTST,-0.08162815123796463,0.042310141026973724,iTransformer,-0.08597646653652191,0.046658456325531006
2071,TimesNet,-0.051603492349386215,PatchTST,-0.059440772980451584,0.007837280631065369,iTransformer,-0.0600452795624733,0.008441787213087082
2072,TimesNet,0.07776059955358505,PatchTST,-0.05132939666509628,0.12908999621868134,iTransformer,-0.05983822047710419,0.13759882003068924
2073,PatchTST,0.054620370268821716,iTransformer,-0.012638470157980919,0.06725884042680264,iTransformer,-0.012638470157980919,0.06725884042680264
2074,TimesNet,0.1410403996706009,PatchTST,0.09632442146539688,0.04471597820520401,iTransformer,0.05096384137868881,0.09007655829191208
2075,PatchTST,0.08838261663913727,iTransformer,0.014468100853264332,0.07391451578587294,iTransformer,0.014468100853264332,0.07391451578587294
2076,TimesNet,0.06867590546607971,iTransformer,-0.0031290033366531134,0.07180490880273283,iTransformer,-0.0031290033366531134,0.07180490880273283
2077,TimesNet,0.04854268208146095,iTransformer,0.030233649536967278,0.018309032544493675,iTransformer,0.030233649536967278,0.018309032544493675
2078,TimesNet,0.17833814024925232,iTransformer,0.09317532181739807,0.08516281843185425,iTransformer,0.09317532181739807,0.08516281843185425
2079,DLinear,0.13770458102226257,iTransformer,0.10083864629268646,0.03686593472957611,iTransformer,0.10083864629268646,0.03686593472957611
2080,PatchTST,0.12598460912704468,DLinear,0.06232362613081932,0.06366098299622536,iTransformer,-0.0745028406381607,0.20048744976520538
2081,DLinear,0.01397438533604145,PatchTST,-0.08624495565891266,0.10021934099495411,iTransformer,-0.1423262357711792,0.15630062110722065
2082,PatchTST,0.09786944091320038,iTransformer,0.012979772873222828,0.08488966803997755,iTransformer,0.012979772873222828,0.08488966803997755
2083,DLinear,0.13727408647537231,iTransformer,0.02733001485466957,0.10994407162070274,iTransformer,0.02733001485466957,0.10994407162070274
2084,DLinear,0.033899303525686264,iTransformer,-0.0024588266387581825,0.03635813016444445,iTransformer,-0.0024588266387581825,0.03635813016444445
2085,DLinear,0.06289934366941452,TimesNet,0.012630786746740341,0.05026855692267418,iTransformer,-0.11098611354827881,0.17388545721769333
2086,iTransformer,0.06525903940200806,DLinear,0.02709667943418026,0.0381623599678278,iTransformer,0.06525903940200806,0.0
2087,TimesNet,0.1186143308877945,PatchTST,0.10074631124734879,0.01786801964044571,iTransformer,-0.051702603697776794,0.1703169345855713
2088,PatchTST,0.12259895354509354,DLinear,0.07395517081022263,0.04864378273487091,iTransformer,0.03760915622115135,0.08498979732394218
2089,TimesNet,0.18557295203208923,iTransformer,0.07883046567440033,0.1067424863576889,iTransformer,0.07883046567440033,0.1067424863576889
2090,iTransformer,0.12877531349658966,DLinear,-0.0730535164475441,0.20182882994413376,iTransformer,0.12877531349658966,0.0
2091,PatchTST,0.15198808908462524,iTransformer,0.11297108978033066,0.039016999304294586,iTransformer,0.11297108978033066,0.039016999304294586
2092,DLinear,0.04487717151641846,iTransformer,0.03452162444591522,0.010355547070503235,iTransformer,0.03452162444591522,0.010355547070503235
2093,PatchTST,0.15656526386737823,DLinear,0.10821893811225891,0.048346325755119324,iTransformer,0.04007091373205185,0.11649435013532639
2094,DLinear,0.025616245344281197,PatchTST,-0.005649842321872711,0.03126608766615391,iTransformer,-0.013723652809858322,0.03933989815413952
2095,PatchTST,0.13522043824195862,DLinear,0.07392530888319016,0.06129512935876846,iTransformer,0.06381598114967346,0.07140445709228516
2096,PatchTST,0.19694235920906067,TimesNet,0.04892553389072418,0.1480168253183365,iTransformer,0.0075209192000329494,0.18942144000902772
2097,PatchTST,0.06928381323814392,iTransformer,0.06734485924243927,0.0019389539957046509,iTransformer,0.06734485924243927,0.0019389539957046509
2098,DLinear,0.1057514101266861,iTransformer,0.0638813003897667,0.0418701097369194,iTransformer,0.0638813003897667,0.0418701097369194
2099,iTransformer,0.17976559698581696,DLinear,0.16870738565921783,0.011058211326599121,iTransformer,0.17976559698581696,0.0
2100,DLinear,0.1435302495956421,iTransformer,0.08044376969337463,0.06308647990226746,iTransformer,0.08044376969337463,0.06308647990226746
2101,PatchTST,0.09920191019773483,DLinear,0.0568876788020134,0.042314231395721436,iTransformer,-0.08659034967422485,0.1857922598719597
2102,DLinear,0.0917699858546257,iTransformer,-0.03401868790388107,0.12578867375850677,iTransformer,-0.03401868790388107,0.12578867375850677
2103,PatchTST,0.11840090900659561,iTransformer,0.10925402492284775,0.009146884083747864,iTransformer,0.10925402492284775,0.009146884083747864
2104,DLinear,0.17358219623565674,PatchTST,0.10475172847509384,0.0688304677605629,iTransformer,0.06125040352344513,0.11233179271221161
2105,PatchTST,0.17445364594459534,iTransformer,0.14940306544303894,0.025050580501556396,iTransformer,0.14940306544303894,0.025050580501556396
2106,DLinear,0.22610783576965332,PatchTST,0.11443637311458588,0.11167146265506744,iTransformer,0.02710670232772827,0.19900113344192505
2107,PatchTST,0.18944713473320007,DLinear,0.12985782325267792,0.059589311480522156,iTransformer,0.12341274321079254,0.06603439152240753
2108,DLinear,0.14544975757598877,iTransformer,0.10172699391841888,0.043722763657569885,iTransformer,0.10172699391841888,0.043722763657569885
2109,iTransformer,0.20309975743293762,DLinear,0.11815926432609558,0.08494049310684204,iTransformer,0.20309975743293762,0.0
2110,DLinear,0.15875793993473053,iTransformer,0.1202838271856308,0.03847411274909973,iTransformer,0.1202838271856308,0.03847411274909973
2111,PatchTST,0.1296582967042923,iTransformer,0.053809791803359985,0.07584850490093231,iTransformer,0.053809791803359985,0.07584850490093231
2112,PatchTST,0.1573544591665268,DLinear,0.00827781856060028,0.1490766406059265,iTransformer,-0.028719814494252205,0.186074273660779
2113,iTransformer,0.05313858389854431,DLinear,0.04580819234251976,0.007330391556024551,iTransformer,0.05313858389854431,0.0
2114,iTransformer,0.12316668033599854,DLinear,0.07510950416326523,0.04805717617273331,iTransformer,0.12316668033599854,0.0
2115,DLinear,0.1016761064529419,iTransformer,0.012729013338685036,0.08894709311425686,iTransformer,0.012729013338685036,0.08894709311425686
2116,PatchTST,0.09702908247709274,DLinear,0.0468466617166996,0.05018242076039314,iTransformer,-0.011551864445209503,0.10858094692230225
2117,DLinear,0.09089985489845276,TimesNet,0.05902189016342163,0.03187796473503113,iTransformer,0.009358584880828857,0.0815412700176239
2118,TimesNet,0.08375025540590286,iTransformer,0.08241240680217743,0.0013378486037254333,iTransformer,0.08241240680217743,0.0013378486037254333
2119,iTransformer,0.0807681456208229,DLinear,0.06901378184556961,0.011754363775253296,iTransformer,0.0807681456208229,0.0
2120,PatchTST,0.1461227387189865,DLinear,0.09986553341150284,0.04625720530748367,iTransformer,-0.026627248153090477,0.172749986872077
2121,PatchTST,0.14913007616996765,DLinear,0.08134936541318893,0.06778071075677872,iTransformer,0.05616680905222893,0.09296326711773872
2122,PatchTST,0.07433511316776276,DLinear,0.06424266844987869,0.010092444717884064,iTransformer,-0.12291909009218216,0.19725420325994492
2123,PatchTST,0.09097599238157272,DLinear,0.08708436042070389,0.0038916319608688354,iTransformer,-0.09372077882289886,0.1846967712044716
