window_index,DLinear,PatchTST,iTransformer,TimeMixer
0,0.0925168395,0.005840345751,-0.1466801763,0.1904890239
1,0.1427909285,-0.06312591583,-0.08232606947,0.03219211102
2,0.1459113806,0.03647749498,-0.01117599569,0.1459351778
3,0.08204013854,0.02069060877,0.00972636044,0.07233183086
4,0.07577618957,-0.03994815797,0.1106785908,-0.01976424642
5,0.1759433597,-0.04366380721,0.0326593034,0.07666529715
6,0.03736809269,0.04107667506,-0.03643298894,-0.002296595369
7,0.0814332515,-0.1455218494,-0.03479646146,-0.04364898056
8,0.1003462225,-0.01642399468,0.04519354552,0.005231207702
9,0.1047260165,0.1528979987,-0.012148384,0.0519156307
10,0.07801105082,0.1247241721,-0.006261324044,-0.01391287427
11,0.05070577934,-0.02804227918,-0.01840767823,0.06855879724
12,0.08510064334,0.1129838005,-0.008035698906,0.08172184229
13,0.03501433879,-0.09853215516,0.04136611521,0.08638691902
14,0.05986525863,-0.02470921725,0.1326981336,0.0850475952
15,0.09270100296,-0.07385665178,0.02500000969,0.1117034927
16,0.04552865401,0.02343439683,0.1028222963,-0.01020085439
17,0.1077991053,-0.04476882517,0.1174194813,0.02443157695
18,0.09344900399,-0.01759106666,0.007361386903,0.008727394976
19,0.01551748253,-0.2880467176,-0.0406868495,0.002734473674
20,0.01744969934,0.08202842623,-0.1323235035,-0.09129458666
21,-0.02555654012,-0.1154842824,0.005885908846,0.05872184411
22,0.01819779165,-0.01110600587,0.1155941635,-0.04066197202
23,-0.01108374819,-0.102574423,0.07214486599,-0.0231131725
24,0.001881806413,-0.1026909426,0.05533424392,0.1085970625
25,0.006730441935,-0.1225939393,-0.03438764811,0.03187146038
26,0.05889779702,0.11313802,0.02574701421,0.0179863926
27,-0.02588493377,-0.01334326621,0.01863660477,0.0320895426
28,0.04961647838,0.07735960931,0.1162810549,-0.01414413936
29,0.0156428162,-0.05586821213,0.06352931261,0.08352411538
30,0.03723857552,-0.1240129769,-0.03308333457,0.1918059289
31,0.02969498746,-0.09442867339,-0.1640167981,0.01990601048
32,-0.05251855403,0.1058593839,-0.1404929012,0.04456326365
33,0.08779701591,0.09704328328,-0.09203419834,-0.01392306667
34,-0.02348021232,-0.0107982792,0.08854841441,-0.04312831163
35,-0.03484925255,0.002517768182,0.143367365,-0.06938564777
36,-0.07438852638,0.1234252229,-0.02286618203,-0.02113543078
37,-0.03807330877,-0.03689717129,-0.02806661464,-0.01407977007
38,-0.04849784821,0.03512830287,-0.03253948316,0.09387867153
39,-0.04341674596,-0.07080198824,0.1519473493,-0.03068870306
40,0.006153034512,0.0859875679,0.06904517859,0.0003909659863
41,0.01724188216,-0.007639380638,0.02237946354,0.04561946169
42,-0.04111963511,0.001255233074,0.07084569335,-0.1322044283
43,-0.02240672521,-0.0001244563464,0.06515116245,-0.01622842811
44,-0.05694524571,0.05734414235,-0.0004301711742,-0.007800617255
45,-0.04316737503,0.02535129897,0.1082396507,-0.05124327168
46,-0.006335359067,0.01301138103,0.1204992756,0.003753620666
47,0.01506685093,-0.02204991877,-0.02744300663,-0.06473313272
48,0.03307715058,0.02467951924,0.06454686075,-0.177362591
49,0.05826412514,-0.1583126336,0.04039792717,-0.07260476798
50,-0.04388058186,0.05128704756,0.002461010125,-0.005109422375
51,-0.06600758433,0.1090060994,-0.02763507143,-0.01463839319
52,-0.01874088682,0.1226411909,0.0008986181929,-0.1520453393
53,-0.02459905297,-0.07461953163,0.05982492864,0.04170659184
54,0.02972377837,0.1088416651,-0.1262641549,0.03530620039
55,-0.1031372026,-0.02401267737,-0.09032207727,-0.04105259106
56,-0.02969653532,0.06762589514,0.006367675494,0.01684881933
57,0.04718557,-0.07069287449,0.01178021729,-0.01243909355
58,0.0303497389,-0.04703520611,-0.001481860876,0.01851720549
59,-0.03582979366,0.03149991482,0.01727544516,-0.03026785515
60,-0.004847480915,0.03260339424,0.09971566498,-0.1762233377
61,-0.01355157606,0.131311357,0.09788449854,-0.003843226237
62,-0.005260270555,0.009248358198,0.02588502504,0.003541723359
63,-0.0211613588,0.08928725123,0.01781992987,0.03680893779
64,0.0270430129,0.0326972343,0.05459655449,0.09071267396
65,-0.01985970698,-0.06609402597,-0.1051998511,0.04582779109
66,0.0123040108,0.07158287615,0.01427054871,0.0118234558
67,-0.02701365575,0.01901295595,-0.07903556526,-0.001365480945
68,0.09539983422,-0.07150137424,-0.05192578956,0.03745439649
69,-0.03760141134,-0.09605810046,-0.02036866546,0.04063342884
70,0.007777211256,0.1392211616,-0.02377577871,-0.03682195768
71,-0.0005645314814,0.0007502610679,0.128039822,-0.06769131124
72,0.03495457396,0.08221982419,0.07435891777,-0.007662028074
73,-0.02989090793,-0.05880197138,0.009186242707,0.1007539779
74,0.06336526573,-0.08216697723,0.06534063071,0.07094269246
75,-0.006420826074,0.03427006677,-0.1282262057,0.00370233343
76,-0.02250799164,-0.02438151091,-0.1175125092,-0.03228902817
77,0.07683820277,0.1275524497,-0.05045364052,0.04548324645
78,-0.04968174174,0.0581179522,-0.01043606363,-0.007447007112
79,0.0291474238,0.02758965082,-0.06891590357,0.04565555602
80,-0.0202016253,0.03806967288,0.01439010538,-0.07387663424
81,-0.07309348136,0.03035538085,-0.08111727983,0.09668093175
82,0.0997139737,0.1269811839,0.003547437955,-0.06398560852
83,-0.01111493818,0.03070608713,0.1333383918,0.01755698398
84,0.04616476968,0.07294832915,0.03687947989,0.1776257455
85,-0.0547490418,-0.03992186114,0.08001469076,0.1611854136
86,0.05271493644,0.08382937312,-0.1045388654,0.080698587
87,0.03045024723,-0.05609724298,0.09745294601,0.04342082515
88,0.03840895742,0.03584266454,-0.01103395969,-0.08033886552
89,-0.0334071517,0.06718640029,-0.006369544193,-0.0649915114
90,-0.01939987577,0.119288817,0.007946168073,-0.008158225566
91,-0.06311357021,0.007513597142,-0.01673809811,-0.05463177338
92,0.02747244202,0.019688759,-0.004076702986,0.00493836822
93,0.002987116808,-0.08531100303,-0.02213923633,-0.04849985614
94,-0.01475707442,0.01438912004,-0.01847708039,0.06290231645
95,-0.05757747591,0.1108412445,-0.07670842856,0.01146020833
96,-0.03140903264,-0.0800004974,-0.09772659093,0.06307332218
97,-0.06591173261,-0.04584960267,0.04278535396,0.0163758751
98,-0.0985705182,-0.1301725656,-0.1178858131,-0.07193209976
99,-0.08905042708,-0.02521155961,0.02010182664,0.0003460975713
100,0.03910584748,0.04272146896,0.08988634497,-0.07017713785
101,-0.0925796181,0.02282689884,-0.01567080617,0.07509979606
102,-0.1287163198,0.00606146967,0.01809119992,0.0337866582
103,-0.06257451326,0.09534627944,-0.008395342156,0.001866447157
104,-0.07766475528,0.02257409133,-0.0854569301,0.04323327541
105,-0.1107893586,-0.02100217901,-0.04587015137,0.2306939214
106,-0.09172172844,-0.03692354262,0.004567696247,0.0516182147
107,-0.03858379647,-0.03080719523,-0.1674855649,-0.0336994566
108,-0.1431730837,-0.05773008615,0.08616174012,0.01797531731
109,-0.03046489507,-0.08777546883,0.002213935135,-0.1251120716
110,-0.07740681618,-0.06101534516,-0.03165627643,-0.08826994896
111,-0.05287962407,-0.02639572136,0.02350584604,-0.05804703385
112,-0.1082672402,0.0431538485,-0.0295552332,-0.04331791028
113,-0.07019552588,-0.06822618842,0.03333673999,0.04558579251
114,-0.02670993842,0.05422947556,-0.1259860545,-0.005577922799
115,-0.03576289117,-0.08297080547,0.02767201327,0.09763564169
116,-0.05238825455,0.03625238314,0.02096134052,-0.08655975014
117,0.01282274071,-0.0183509849,0.00766266603,0.01433204953
118,0.06710165739,0.01769064739,0.020712547,0.03548499197
119,0.02232141793,-0.08209028095,0.0181684643,0.006395964883
120,-0.03657121956,0.06806657463,0.08667527139,-0.05125435442
121,-0.0007780581363,-0.05629883334,-0.1827672422,-0.02463626117
122,0.007350324187,0.1080766171,-0.1708344519,0.05766963214
123,-0.02493570931,0.1418570727,-0.03440931439,0.03088081069
124,0.05666861683,0.0157174468,0.01564147323,0.02449490689
125,0.0331700854,0.01053321268,0.05899353698,0.05535650253
126,-0.0992655158,0.06617571414,-0.1080831736,-0.1461507082
127,-0.0405577831,-0.1126789823,0.07131804526,0.00541968178
128,0.009347514249,0.002432252048,-0.03041574173,-0.05513919145
129,-0.02336068451,-0.1374690533,-0.04150127992,-0.006709185895
130,0.04340537265,-0.06551042944,-0.03935434669,0.03464309871
131,-0.05626639351,0.06690381467,-0.02521714941,0.1012212336
132,-0.0390810594,0.09224905074,-0.185263738,-0.07300835103
133,-0.131816119,-0.04549880326,0.06286038458,-0.06940539181
134,-0.114437975,0.2142971158,-0.006680459715,-0.05589882284
135,-0.07942389697,-0.08139399439,-0.08260719478,-0.002055092016
136,-0.06682728976,-0.09647597373,0.07958582789,0.0133391954
137,-0.02667777613,-0.1334925294,-0.07180984318,0.1295991838
138,-0.02587470971,-0.02179707959,0.06208367646,0.02858535387
139,-0.03143051639,-0.09161490202,0.06025619432,0.04590713605
140,-0.02833021991,0.004893652163,-0.04328299314,0.1210115701
141,-0.03965092078,-0.1341455728,0.09386197478,0.00129435386
142,-0.06832879037,0.004545262083,-0.04567627236,0.09160725027
143,-0.00925500039,-0.08285327256,-0.02670615539,-0.02739952877
144,-0.01237108,-0.09183257818,-0.00960954465,-0.004197795875
145,-0.05670230091,0.1301251799,-0.004901431035,0.02908318117
146,0.01144124661,0.03421917558,0.05578892678,0.0343250148
147,-0.04213498533,0.008649670519,0.08749765903,-0.09342160821
148,-0.08086688071,0.1124129444,-0.03980328515,-0.02528208308
149,-0.05619678646,-0.057672631,-0.02919045091,-0.02840323746
150,-0.00272636814,0.004626139067,0.06344167143,0.05700845644
151,-0.01381340437,0.0517049171,-0.07351241261,0.04263614863
152,-0.03651659191,0.01012074016,0.008586731739,0.1216057763
153,0.01162176393,0.0724504292,-0.05500134081,0.04316180199
154,-0.09771623462,-0.08933635056,0.015143211,0.01675540954
155,0.02083693072,-0.03056003153,-0.0102168778,-0.03896676749
156,0.006029507611,0.0478820093,0.02378060482,0.008465456776
157,0.03268466145,-0.001349931932,-0.03777779266,0.006112062838
158,-0.0350176096,-0.06015701592,0.0190235246,-0.1534763724
159,-0.07502825558,-0.03965881094,0.04596821964,-0.1089644805
160,-0.05946836621,-0.1013804376,7.01020108e-05,0.02077036537
161,-0.07627999038,-0.00700940052,0.03134126961,-0.1001864374
162,-0.04431273788,0.08844799548,-0.1402955353,-0.07093130052
163,-0.06291677803,-0.0002230876707,0.01732126996,0.0603248626
164,-0.0171007961,-0.04596881568,-0.005833920091,0.03182833642
165,-0.04028478265,0.01820345595,-0.1482077539,0.01079735719
166,0.009943016805,0.01254479866,-0.1887595654,0.2690517604
167,-0.008210304193,0.09500984102,-0.05894083902,-0.05776588991
168,0.09263685346,0.05150699615,0.1379766464,0.04920873418
169,0.00506211957,-0.03736200184,-0.002891463228,0.04073407501
170,-0.01792565174,0.007973618805,0.05836878344,0.01017392986
171,0.0164731741,0.09897854924,-0.02964892052,-0.02944417857
172,-0.03934879974,-0.1158288866,0.05846960843,0.08500742167
173,-0.1012712494,-0.02172928862,0.0597731024,-0.05638629943
174,-0.02428640798,-0.05179284886,0.01620864868,-0.05877416581
175,-0.03388267383,0.04659142345,-0.07742188871,0.06666183472
176,-0.03119700029,0.04329760373,-0.16095002,0.01527820528
177,0.04066244885,-0.1078858972,-0.0515104346,0.1083378419
178,0.06310940534,-0.01995348185,0.01541977283,-0.03870230541
179,-0.05932863802,0.06887120008,0.0500561595,0.04976860806
180,0.04579583555,-0.04069671407,-0.01296424679,0.02171321772
181,0.02769478597,0.1348685324,0.03381469473,0.003035238711
182,-0.009083948098,0.06887213886,0.1145831794,0.06299500912
183,-0.04966082796,-0.1152974144,0.1330717504,-0.01229124144
184,0.004809343722,0.05861541256,-0.02714161016,0.07667874545
185,-0.01966023073,0.09295258671,-0.2206248939,0.06387267262
186,0.02393680066,-0.0653014034,-0.03691419959,-0.03546104208
187,0.03208938614,0.1217181832,0.04198086634,-0.07585570961
188,0.09296946973,-0.1031611785,-0.03197221458,-0.00405036984
189,0.0516733788,-0.01708369143,-0.1082590148,-0.03135695308
190,0.05163051561,0.139250055,0.04722044244,0.01309918799
191,0.03746718168,-0.02127590403,-0.01158793364,0.02756166272
192,0.004552541766,0.01673549414,0.0292357076,-0.1184714511
193,0.0774076581,0.01563324779,-0.1052385941,0.04726292938
194,0.1423811466,-0.07924894989,0.1386519372,0.02148175053
195,0.02319438942,-0.1033954471,-0.07911083102,-0.07595913857
196,0.01085300557,0.02884009108,-0.006054067053,-0.08085997403
197,0.07581271231,-0.04301275313,0.009846192785,-0.08553343266
198,-0.01982738636,0.03146163374,-0.001346309669,-0.08146448433
199,0.01081106998,0.03130280599,0.0752595067,-0.112800926
200,-0.02201735228,-0.1136722043,0.020496618,-0.03617500886
201,0.03486829251,0.06666606665,-0.0777695924,-0.01438598055
202,0.02002299391,0.05734061077,-0.1434187889,-0.06085110828
203,-0.01988817751,-0.0002424600098,-0.0108560333,-0.0541774556
204,0.02699735202,-0.04468477145,0.1184938848,0.09058786184
205,-0.04140162095,0.009057251737,-0.1781208515,0.0717106536
206,0.0006307717995,-0.05221567303,-0.04521281272,-0.02845115401
207,-0.07735302299,-0.02855643816,-0.01893117838,-0.04087477922
208,-0.08740903437,-0.08736005425,-0.0466763787,-0.05799949169
209,-0.0402120091,-0.01789545082,0.09922354668,-0.1133529097
210,0.008791549131,0.1377220601,-0.07733550668,-0.01557291858
211,0.00505039515,-0.107608363,0.05476034433,-0.1032052562
212,-0.03630924597,-0.06209182367,0.02892790176,-0.07203423232
213,-0.001125951298,0.07431507111,-0.009041542187,0.04247538373
214,-0.05305382982,-0.1398960054,0.06788479537,-0.03219203651
215,-0.08839891851,0.1048598811,0.08512020111,-0.0283431299
216,-0.01714693755,-0.01388451457,0.0130506875,0.09290699661
217,-0.05293297768,0.02440327778,0.0300251618,-0.1232745722
218,-0.0774300918,-0.03173173964,0.02241976187,-0.06451183558
219,-0.1050049812,0.1333096921,-0.09065822512,-0.02075881138
220,-0.01227011625,-0.1208040565,-0.06029127166,-0.08508076519
221,-0.06755305827,0.1051523536,-0.1572431326,-0.04353704676
222,-0.1032927558,-0.1236710101,-0.02763394266,0.0183787588
223,-0.04503714293,-0.04224054888,-0.0351331979,-0.06867235899
224,-0.04659551755,-0.01637889445,-0.1363515705,-0.09954543412
225,-0.05351511016,0.01210454665,0.03943017498,-0.006648237351
226,-0.04278481379,0.006639254745,0.04211799055,-0.1221343651
227,-0.08719149232,-0.1499261558,0.07821901888,-0.02614522725
228,-0.06273476779,0.03513935208,-0.08340803534,-0.006601179484
229,-0.08573747426,-0.02265227027,0.06131786853,-0.164359808
230,-0.007567669731,0.06532144547,0.05303818733,0.01997974329
231,-0.09058211744,-0.0421346724,-0.1903966814,-0.08314518631
232,-0.05783864856,0.1457823664,-0.1044848114,-0.1863161623
233,-0.02627886645,0.0558369495,-0.1782844216,-0.05484364927
234,-0.05080889538,0.1028867885,-0.09884637594,0.01037108246
235,-0.08680138737,-0.00155166164,-0.1029411182,-0.08590114117
236,-0.02747539245,-0.06632930785,-0.0240068268,-0.05641816184
237,-0.02561338805,0.01351470035,-0.01056412794,-0.09346143156
238,-0.03963674232,-0.1614232957,-0.008016585372,-0.1949660033
239,-0.1286167204,-0.04027144983,0.04480696842,-0.0432334207
240,-0.03083461709,-0.08159191906,0.02543316595,-0.04007791355
241,-0.03311761841,0.1001818255,0.02276442014,0.02881420963
242,-0.01667117141,-0.027919963,-0.08279937506,-0.09684325755
243,-0.01729464531,-0.05191799253,0.003554675262,-0.0001087297132
244,-0.03450574726,-0.01864364184,-0.06122095883,-0.06911604106
245,-0.01718958467,-0.1601713896,-0.1204884499,0.0299282074
246,-0.04035942256,0.09328398854,-0.1515901238,-0.00751641579
247,-0.05107945576,-0.02948878892,0.00866697263,-0.1207379699
248,-0.02364501171,-0.0519688502,0.02897161245,0.04496868327
249,-0.03418015689,0.01768291742,0.08745823056,0.05003231019
250,-0.005188905168,-0.1168214008,0.004672889132,-0.003485334804
251,0.05455092341,0.03103299625,0.01080064848,0.08084148169
252,0.005073116627,0.04340450838,0.008139389567,-0.171046719
253,0.003510190174,-0.09052225202,0.1158049703,0.06336481124
254,0.03380212933,0.07866293192,0.06220308319,-0.01118100528
255,0.03246783093,0.03417208791,-0.01778271049,-0.1392500848
256,0.001290650573,-0.07985919714,-0.08237730712,0.1107381582
257,0.008550473489,0.06189781427,0.01018874999,0.01981575415
258,0.02345919982,0.01402637456,0.08715993911,-0.04427628592
259,0.01597246528,0.05946563184,0.03336039931,0.08376122266
260,0.001876313821,0.101288192,0.05959462002,-0.03680995107
261,0.06013926119,-0.01172002126,0.03861615434,0.009510092437
262,0.04035387188,-0.02839974128,0.05869161338,0.08657293767
263,0.09889984876,-0.0945764184,0.01988645457,0.05449248105
264,0.09674198925,0.03822955862,0.03711818904,0.09231743962
265,0.1453983039,0.0593562834,0.1161374897,-0.1692999601
266,0.06253168732,-0.1200745776,0.1294989735,-0.0187973734
267,0.06296005845,-0.04020639509,0.0999173522,-0.1002884582
268,0.04229466617,-0.06860952079,-0.001075792476,-0.01733817905
269,0.05764838308,0.1589756906,-0.04753062502,0.03703260794
270,0.06765472144,0.001283038757,0.04848680273,0.0276377704
271,0.09585178643,-0.02530629747,-0.04450948536,0.08306080848
272,0.114436917,0.008014817722,0.06351623684,0.0286027547
273,0.09758419544,-0.01624147408,-0.09297798574,0.01906968839
274,0.1127197891,0.09488070011,-0.04964891821,0.1095365807
275,0.08705577254,-0.009342958219,0.1072191894,0.01669744402
276,0.08777050674,-0.03943942487,0.01165472064,-0.0460315831
277,0.09183548391,0.184677124,0.06843907386,0.06554431468
278,0.139013499,-0.01416303217,0.05686016753,-0.03175832331
279,0.07423625886,-0.04014454037,0.03782859817,0.04388902336
280,0.1118322238,-0.05438624695,0.02563506737,-0.05750397965
281,0.07261866331,0.02976916172,-0.03309828788,-0.02413130179
282,0.05193190649,-0.07928113639,0.1564815491,0.04556411505
283,0.08954306692,0.1176991463,0.01439143065,0.1748069823
284,0.07603726536,-0.01855233125,-0.09187076986,0.0572951138
285,0.05408282578,0.04989861697,-0.02340783924,-0.03303383291
286,0.06568622589,0.1106391847,-0.04110573977,0.1587105989
287,0.02860901505,0.04683203623,0.03931273893,-0.01564209908
288,0.09752234071,0.03025028668,-0.08775980026,0.09836171567
289,0.0369585529,0.09408994019,-0.01476170588,0.135696739
290,0.0590730384,0.004258341156,0.1327951252,0.08763186634
291,0.04575143382,-0.002496474423,-0.02360667661,0.09380996227
292,0.06493172795,-0.03393811733,-0.05139194056,0.09188320488
293,0.07551688701,0.04556804895,0.02890968695,0.0942222774
294,0.1105099395,-0.05611070991,-0.1652497202,0.0608311519
295,0.09902712703,-0.1053872481,-0.06024565548,0.08509797603
296,0.04369858652,0.09219405055,0.1557411849,0.01052912604
297,0.03086036816,-0.02262524329,0.0473825857,0.01924764179
298,0.0695733726,0.007320566569,-0.0702239871,0.03251277283
299,0.06098885462,0.06655704975,-0.1573524177,0.07248824835
300,0.06280566007,0.1795461774,0.06138852984,0.03269235045
301,0.04067834467,0.1110368595,0.09063772112,0.006419759709
302,0.08189789206,-0.01120976638,-0.1215249375,-0.04491299763
303,-0.04268652201,-0.0003581068304,0.06987327337,0.04278464615
304,-0.1218655184,-0.03966606408,-0.07039700449,-0.02153605595
305,-0.01703414135,0.03631814197,0.01576609164,-0.01448129956
306,0.01843130402,-0.0628785938,-0.02072974667,-0.06489110738
307,-0.02209405228,-0.07228349894,0.009667765349,-0.06483828276
308,-0.08806559443,0.06864725798,-0.005269913934,0.05351568758
309,-0.1556931883,0.04956561327,-0.1646081358,-0.05932853371
310,-0.08252441138,-0.1361691505,0.1188942418,-0.02584177628
311,-0.08092591912,0.04265558347,-0.07829217613,-0.03089360707
312,-0.07528299838,0.07786947489,-0.06272938848,0.1320959032
313,0.0007415301516,-0.1372777671,-0.03288072348,-0.03529284894
314,-0.05448199064,-0.004819307476,0.09423544258,0.07052871585
315,-0.02548043244,0.0136911273,0.01554377936,0.06810797751
316,0.0009727838333,-0.04067908973,0.1780554652,-0.0966611132
317,-0.02058855072,0.02784447186,0.02530496754,0.01949911006
318,-0.08122353256,-0.04478066042,-0.01361043472,0.07753559947
319,0.04519546404,-0.05797381327,0.04045161605,0.01384091564
320,-0.04589124769,-0.05673166364,-0.1390254796,-0.009021508507
321,-0.0146224536,-0.01566537656,0.006829471793,0.1063614935
322,0.009010904469,0.04758122936,0.09967552125,-0.05761474743
323,-0.002952102805,0.04511346668,-0.009889643639,0.03125561401
324,-0.09772128612,-0.1134690642,-0.03421219066,-0.02119361609
325,-0.02714718878,0.02337813936,-0.0455285944,-0.0180202052
326,-0.03911207244,0.03437410295,0.0418384932,0.02775980346
327,-0.0149975298,0.005707765464,-0.1101495102,-0.018348407
328,-0.008745651692,-0.0139004821,-0.06928616017,0.05906279013
329,-0.04062882811,0.03335170075,-0.1792818159,0.04020784423
330,-0.01110691112,0.03092443943,-0.1720869392,0.08848505467
331,-0.01692144945,-0.02705730684,-0.02970002964,0.003285114188
332,-0.01564553007,0.01759480499,0.01112086792,-0.005282068625
333,-0.03875792399,-0.06674619764,-0.01871698722,-0.04641937092
334,0.0126212649,-0.02673642151,0.07520367205,0.07649416476
335,-0.02347224206,0.0134800924,0.02006660029,-0.01231498737
336,0.01070776395,0.1024549305,0.1053392962,-0.01256000996
337,-0.01970711723,-0.02759596333,-0.03445499018,-0.02768575773
338,-0.04664578661,-0.03396327049,-0.03089242801,0.02362347953
339,-0.05717496201,0.003439721186,0.0146529898,0.128658697
340,-0.07188846916,0.03925097361,-0.08270712942,0.04466540366
341,-0.04248704016,0.04204065725,-0.09240808338,0.001092209481
342,-0.008453902788,-0.1322215199,-0.09933366627,0.1139868796
343,-0.001364698168,-0.03818756714,-0.1263165325,-0.09049428254
344,0.005122642033,-0.1032699347,-0.05034573749,0.03583171591
345,-0.01421138179,0.10869129,-0.01992182992,-0.04825079069
346,-0.02930773236,0.01585149392,-0.03934003785,0.02133797668
347,-0.02505508624,-0.05511550233,-0.05467592552,0.01531821489
348,-0.07157002389,0.01375565119,-0.01647490822,0.07039280981
349,-0.07156413049,-0.01680896431,0.07139979303,0.01810721867
350,-0.02269630879,0.11996115,-0.04045290872,0.03566538915
351,-0.00711723417,0.01320318785,0.05250089616,0.0536198169
352,0.02824740112,-0.0101374248,-0.09397869557,0.07824367285
353,-0.06026940793,0.04612550139,0.009777379222,0.01242185477
354,-0.06856632978,-0.006079361308,0.07183603197,0.1563507318
355,-0.007704727352,0.04162706062,-0.06637692451,-0.02398555912
356,0.01587209292,-0.09759860486,0.02843084,0.05373407528
357,-0.03201708198,-0.03645964339,0.04397507012,0.00208079
358,-0.009790783748,0.01869696938,0.1816992015,0.07536558807
359,-0.0507331714,-0.07589195669,0.1327523142,0.1589846313
360,-0.007643590681,-0.06892483681,0.06992247701,-0.06558828056
361,0.0214717295,-0.09205205739,0.06785475463,0.08228877187
362,-0.01336213015,-0.0544392094,-0.01601178758,0.05387832597
363,-0.0770855099,0.04828838632,0.03044209071,0.03418888152
364,0.01538513415,0.09707019478,0.01826850884,-0.06782046705
365,-0.03133064508,-0.03270325437,0.04173542187,0.04289988801
366,0.04104701802,-0.04153652862,-0.02536205761,0.02990857698
367,0.02794230543,-0.07732566446,-0.05821284279,0.06348197162
368,0.04621453956,0.115818955,0.05005414411,0.05099717528
369,-0.05597773567,0.1466044039,-0.04448733851,-0.06429428607
370,0.005168303382,0.06471513212,0.04032126442,-0.009610917419
371,0.01804048941,-0.1107300743,-0.0666109696,0.0509118326
372,-0.02522714622,-0.01916700974,-0.05639959872,0.04802000523
373,-0.03739456832,0.03950823098,0.07756140083,0.02022837661
374,-0.03210891038,-0.1124864221,0.08908396214,0.101220347
375,-0.004668323789,0.02266110294,0.03044789098,0.01958763972
376,0.02943746001,-0.01843402907,0.03077917174,-0.01121710055
377,-0.0007719232817,0.1260179132,0.02422809042,0.04822577909
378,-0.01193925645,-0.0006127222441,0.08195734769,-0.00937185809
379,-0.02845736593,0.1048760936,0.1096554324,0.01846620813
380,0.05489892513,0.001651289058,0.0427650772,0.05756892264
381,0.0240702033,0.02821147256,0.07099866867,0.08387764543
382,-0.04589327797,0.09686098993,-0.04035239667,0.1460301727
383,0.007296788041,0.1627904177,-0.06554996222,0.04363034293
384,-0.03525609896,-0.02441259474,0.1141958386,-0.1250458658
385,-0.02864309214,0.02112609334,-0.03705835715,-0.04485279694
386,-0.05623859167,-0.07475964725,0.002116204239,0.0303363204
387,-0.007893830538,0.07768844068,-0.1266201138,0.1346745342
388,0.02882468887,0.01656762324,-0.06413270533,-0.04104908556
389,0.03146446869,-0.1074943468,0.05937171727,-0.09656815976
390,-0.01416700333,-0.1358598471,0.01559456065,-0.08918119967
391,-0.1121968031,0.1086887121,0.06797085702,0.1333113909
392,0.05981027335,0.1585501283,0.001534032053,0.1849328429
393,0.0178758204,0.001057445188,0.03540009633,0.03370992467
394,0.01476237457,-0.031687323,0.0668804422,0.02376248688
395,0.0001071651786,0.008384146728,-0.1058962345,-0.05375504866
396,-0.00828764867,0.006633223966,0.05224848166,-0.00155986438
397,-0.003499389393,0.003293109359,-0.03387717158,0.1154543236
398,-0.02618297003,0.1198566258,0.04187951237,0.1040511802
399,-0.1417798102,0.01654932275,0.06085768342,-0.005931006279
400,-0.03457955644,0.07944452018,-0.0008139236015,0.05257927254
401,0.006626177114,-0.03202296793,-0.07302603871,0.1010294184
402,-0.01186829526,-0.04732959718,-0.024587119,0.05551974103
403,0.02694948949,0.004171723034,0.002752639353,0.05681299791
404,-0.004714229144,-0.05532541871,-0.06647010893,-0.09576079994
405,-0.05801160261,0.01241090149,0.01412514783,0.09286328405
406,-0.0252683796,0.08450244367,0.02191023156,0.01690021902
407,-0.03998445347,0.1856058538,0.01043529436,-0.004735338036
408,-0.03544103727,0.0629562214,-0.06960257888,0.02476829104
409,-0.05404901877,-0.058519952,0.0385090895,-0.003752626712
410,-0.06039238721,0.006252767053,-0.08927604556,-0.1498323977
411,-0.1252491325,0.06689142436,-0.04419516027,0.1125274003
412,-0.08990564197,-0.08260685205,0.007807485294,0.00327602285
413,-0.02814621292,-0.06212393939,0.08465984464,0.009448364377
414,-0.0507116057,-0.01623631082,0.0655599013,0.1518242955
415,-0.07957366854,-0.0143302083,-0.009299888276,0.05851886794
416,-0.1239052266,-0.04218314216,0.08103814721,-0.1013621315
417,-0.06136446819,0.07494392246,-0.04045676813,-0.03986983746
418,-0.08533013612,0.0881428495,-0.01622451842,-0.1379868537
419,-0.111474514,0.03322827071,-0.001757145859,-0.002397121163
420,-0.1584023982,0.1118570566,-0.03776043653,0.0577166304
421,-0.1226457953,0.04377368093,-0.03731118888,0.05417555571
422,-0.0781898275,0.1147512048,-0.0311250221,-0.06132470071
423,-0.0545415394,-0.1034038812,-0.01499762386,-0.05178527534
424,-0.0991640836,-0.03289156035,-0.09608117491,-0.004041443579
425,-0.08187133819,0.03266071528,-0.01823938452,-0.03045105748
426,-0.05728763342,0.08601507545,-0.0484569259,0.003474811791
427,-0.1253252625,0.0009158237372,0.1167835072,0.01805547439
428,-0.07825395465,-0.08610600978,-0.04091022164,0.004856594838
429,-0.1042005047,-0.0491874367,-0.07090964913,0.02060739137
430,-0.1024394259,-0.01688171923,-0.06834427267,0.05150315911
431,-0.1055167466,0.0527699329,-0.04440204427,0.109788917
432,-0.1989128739,-0.02881660312,-0.09360916913,-0.08984665573
433,-0.114248924,-0.04948311299,-0.04987715185,-0.05573892593
434,-0.1407572925,-0.05812680349,-0.07970312983,-0.04393748194
435,-0.1549510509,0.05846650153,-0.1187820882,0.01990271918
436,-0.1250369549,0.1078023389,-0.05536032841,-0.01531190891
437,-0.1235609353,-0.002881114138,0.01743714884,0.04947337508
438,-0.1739588678,-0.1039623991,-0.03265340999,0.1069185063
439,-0.1704461277,-0.05431125686,0.005811580922,0.109129563
440,-0.1182999611,0.05134383217,-0.2302912921,0.08510354161
441,-0.1110254228,0.02974989824,0.07852948457,0.02820791118
442,-0.09188263118,-0.1604350507,-0.05869520083,-0.01286808401
443,-0.1462856084,-0.144066602,-0.0234814249,-0.008395943791
444,-0.1068606004,-0.06180452183,-0.05972685665,0.01928360015
445,-0.1344608665,0.04135730863,-0.1625546962,-0.03519556299
446,-0.1262141615,-0.1122599989,0.03692979738,0.09083601832
447,-0.05856184289,-0.03452849016,-0.124893792,0.02711756341
448,-0.1250723004,-0.02950251661,-0.1173309237,0.01156631019
449,-0.08019337803,0.05010344088,-0.07599002868,0.06881435215
450,-0.09426984936,-0.006282671355,-0.03219875693,0.06424674392
451,-0.1211586148,-0.04903102666,-0.2136175185,-0.05721703544
452,-0.1153183654,-0.06278493255,-0.01883560605,0.0457374379
453,-0.1536573172,-0.0707655549,0.04683310166,-0.01398037467
454,-0.08726245165,-0.004577022512,-0.05338786915,0.04068000242
455,-0.1855284721,0.1314798892,0.002880521119,-0.02628044784
456,-0.1222800761,-0.02015281096,0.04743642733,-0.05234683305
457,-0.1897686869,-0.08364519477,-0.05687871203,0.02996893413
458,-0.1378530711,0.015331164,-0.1541484743,0.06346611679
459,-0.09340250492,0.1910611391,-0.1875640154,-0.002254529856
460,-0.1707733274,6.191284047e-05,-0.01668012515,0.02088616043
461,-0.13815552,0.05375534296,-0.0206685327,0.005942384712
462,-0.1262245476,-0.1780414283,0.00761548616,0.009760458954
463,-0.1752814353,-0.007657559589,-0.04383651167,-0.06492393464
464,-0.1290655732,0.02840870246,0.03948938102,-0.0435776338
465,-0.1811875403,-0.1885466576,-0.01796141453,0.0201182235
466,-0.1265498549,-0.05872552842,-0.1190100238,0.01886916906
467,-0.1316979676,0.01379674487,0.07722182572,-0.03966999799
468,-0.1548240185,-0.05835826322,0.01783267967,0.07440395653
469,-0.2158169001,-0.06764481962,-0.123119168,-0.04527486116
470,-0.2175250649,0.009907229804,-0.1907364279,-0.03999046981
471,-0.1131408736,0.02683182061,-0.05496353656,0.02259941772
472,-0.1547166705,-0.04226451367,-0.02112108283,-0.02774181776
473,-0.1948069781,-0.1291572303,0.05245879665,-0.04492503777
474,-0.1562846005,-0.03845607117,0.04269171506,-0.07525755465
475,-0.2053248882,0.006523576099,-0.02874289639,-0.1231570542
476,-0.1996868402,0.0226904843,-0.01475169417,-0.09842507541
477,-0.2184603512,-0.02849291824,-0.03677609563,-0.1145956069
478,-0.1794351339,-0.02422160655,-0.00869042147,0.03877975047
479,-0.1737224907,0.02572765946,-0.03055016138,-0.06539876759
480,-0.1338213831,-0.1884689182,0.09398144484,0.09338074178
481,-0.1525692642,-0.03224606812,0.07800686359,-0.003732349956
482,-0.102801539,-0.01666391082,-0.05525644869,-0.01314381789
483,-0.2210223824,0.1608191282,0.01510112453,-0.06161141023
484,-0.1216358244,0.04286583886,0.07530353963,-0.03696778789
485,-0.06888459623,-0.08370386809,0.05950650945,0.03420779109
486,-0.156903699,0.04238245636,-0.1658213288,-0.009513251483
487,-0.1797856539,0.1335612535,-0.02979239076,-0.1742267162
488,-0.1965562105,-0.1063462719,0.03369265795,-0.0339372009
489,-0.2061351836,0.06376755983,-0.1235990971,0.02218312398
490,-0.2229338139,-0.01352667622,0.07781815529,-0.08165454119
491,-0.1482844204,0.04638072103,0.02876579203,-0.1108277366
492,-0.206236735,-0.06033351645,-0.03732918948,-0.02331728674
493,-0.1420863867,-0.02249168605,-0.04397425056,0.03674950078
494,-0.1835612059,-0.1016505882,0.03122924455,0.03560926765
495,-0.1575639546,0.1379183233,-0.01671033725,-0.03746984154
496,-0.1537946612,-0.06628847122,-0.04606581852,0.06488002837
497,-0.1651756018,0.04710804671,-0.01242248341,-0.002563036047
498,-0.1813126355,0.1033837721,-0.05831696466,-0.07369569689
499,-0.1502058953,0.1277396977,-0.01546476688,-0.02473983169
500,-0.09010145813,0.03026841395,-0.0409549363,-0.05102195963
501,-0.09875716269,-0.03993784264,-0.02131946571,0.1033984199
502,-0.2354428619,0.02126802132,0.09328745306,-0.02129606344
503,-0.1298071295,0.06797108799,-0.1185955554,-0.02382464707
504,-0.1172611043,-0.05109507591,-0.03323478997,0.03191233799
505,-0.1805418879,0.07784374803,-0.1237203032,-0.07853324711
506,-0.1961862892,0.0546444878,-0.008490642533,-0.05940259621
507,-0.1466100067,-0.0266158767,0.01401746925,-0.1030982807
508,-0.07193852216,-0.106976904,0.04711870104,-0.006333777681
509,-0.1478277743,-0.05663737655,0.08389671147,0.004191013984
510,-0.1680743992,0.0639879778,-0.02166626975,-0.004973754287
511,-0.1509126723,0.006176349707,-0.07242751122,-0.1184315979
512,-0.05015386641,-0.143951416,0.03957787156,-0.01438314281
513,-0.08785606921,0.02352736704,0.09019208699,0.0638744235
514,-0.1022874415,-0.06882395595,-0.1599433124,-0.149894923
515,-0.04293964431,0.0308988411,0.03880906478,0.01722860523
516,-0.08332167566,-0.003009648994,-0.09713359922,-0.02282759547
517,-0.04139687866,-0.1049234718,-0.02646521479,-0.02964258566
518,-0.06164557487,-0.05528182909,-0.117463991,-0.0839542821
519,-0.06313712895,0.03149082884,0.004311034456,-0.1076796129
520,-0.016978167,-0.04434634373,0.02985161543,0.02154585905
521,-0.08511868119,0.2672264874,-0.1702303737,0.01883097738
522,-0.06088488176,0.03976808861,-0.01077739336,-0.01999894343
523,-0.103453435,0.0494537726,0.02409263514,-0.02547873743
524,-0.06776874512,0.0541048646,0.01618780755,-0.1692332327
525,-0.09065360576,-0.0895222798,-0.04943584278,-0.08517769724
526,-0.02429672517,0.06925585121,-0.04457695782,0.03063432127
527,-0.007422776893,0.0647938475,0.03859204054,-0.02868711017
528,-0.04098146036,0.1538619548,0.03000821359,0.06704552472
529,-0.05979502946,-0.02584151365,0.07133190334,-0.07958334684
530,-0.01897963695,-0.01460561436,-0.1455240697,-0.1163215563
531,-0.01748235896,0.06025055423,-0.04230073467,0.006361638661
532,-0.05296098068,0.001272649621,-0.08434766531,0.006486574654
533,-0.09561897814,-0.02199250646,-0.06397870183,0.04609679431
534,-0.01094734203,0.07319702208,0.009995702654,0.08141102642
535,0.008706586435,0.07400568575,-0.09681089967,-0.008524253964
536,0.004181922879,-0.02544256113,0.000575650949,-0.2163973451
537,-0.01694776304,0.04989471287,-0.07833787799,-0.006657675374
538,-0.08251274377,0.02506028302,0.1213730648,-0.0008090033079
539,-0.1280855983,0.1941345781,-0.04439232126,0.009872579947
540,-0.04054203257,-0.1518172324,-0.02206346579,-0.0553134568
541,-0.0918025896,0.02158545144,-0.03301426768,0.05495540425
542,-0.1034097448,-0.1202204525,-0.1372779459,0.06569693983
543,-0.1138944402,-0.08159123361,0.007781554479,-0.06429104507
544,-0.07293428481,0.04839595407,-0.04821288213,-0.2204111814
545,-0.08679494262,-0.04427956045,0.01503512543,-0.05557003245
546,-0.1066367999,-0.03547313064,-0.03946859762,-0.02512265369
547,-0.02330478653,-0.0265568886,0.0008608032949,-0.02582788095
548,-0.04582654685,-0.05373925716,-0.07733138651,0.1228012666
549,-0.1018718481,-0.03136130422,-0.04631296918,0.002347372007
550,-0.00523054786,0.04076365754,-0.1390791684,-0.01883842982
551,-0.1181013137,-0.05844821036,-0.1272573024,-0.1633860767
552,-0.1391932964,0.07509047538,0.1114170998,-0.004271036014
553,-0.1053357124,-0.1118483096,-0.08826100081,-0.0104077775
554,-0.03134769574,0.05126011372,0.03931808472,-0.002314476063
555,-0.03657077998,0.2228440493,-0.04957824573,-0.1860081404
556,-0.1152101383,-0.09731406718,0.01945076324,0.04973779991
557,-0.04742731154,-0.01821083948,0.02412179671,-0.01465244032
558,-0.05426662043,-0.032684654,-0.1176927239,-0.06977919489
559,-0.02111288719,0.02112393454,0.004606240895,0.03352775797
560,-0.1910415292,-0.08644580841,-0.05687541142,-0.0216446016
561,-0.004285682924,0.03514868766,-0.1255255789,0.02873622067
562,-0.02316139266,-0.03694657609,0.02475951426,-0.0718863979
563,-0.06174593791,0.1180044264,-0.01628893614,-0.06651938707
564,-0.0896942392,-0.1331627369,-0.05382719263,-0.05696546286
565,-0.04068893567,-0.0269909855,-0.02615167759,-0.09987834841
566,-0.06619018316,0.04292730987,-0.004401562735,0.02159682848
567,-0.1060322002,0.1015103608,0.1034474447,-0.0489042215
568,-0.1386550814,0.008923079818,-0.04368274659,0.05347228423
569,-0.09249916673,-0.07887751609,-0.1281909943,-0.02084571682
570,-0.0355815962,-0.02504676767,-0.1195663661,-0.04404005036
571,-0.1197470948,-0.03110166639,-0.1359843165,-0.07248261571
572,-0.07401501387,-0.05191990361,-0.04418533295,-0.01629578136
573,-0.05198981985,-0.04502911493,-0.1946748793,-0.08646592498
574,-0.09177865088,0.01589663327,-0.1357195973,-0.04786526412
575,-0.09844186902,0.04001309723,-0.07464458048,-0.1022829413
576,-0.02095590532,-0.1108936518,0.002246967517,0.1208104044
577,0.04228486121,-0.06672434509,0.03583440557,0.07342216372
578,-0.006866137497,0.1236734539,-0.1006705612,-0.04966887459
579,0.01856477931,-0.1908336729,-0.1473506093,0.04053615406
580,-0.003604444908,-0.0740178898,-0.03837427869,0.1440397799
581,-0.006538074929,-0.01766341925,-0.04999693111,-0.07593940943
582,-0.003900260432,-0.06683070958,-0.004855730571,0.06452115625
583,-0.006326674949,-0.007213605568,0.07117398828,0.02059546299
584,0.04688730091,-0.03290672973,-0.05399249867,0.05369244516
585,0.05788109824,0.08875268698,-0.00747957034,0.03741992638
586,0.04777917266,0.100282371,0.001371170743,0.02115765028
587,0.05119177699,-0.003054423258,0.1226312965,-0.06832720339
588,0.03854395077,-0.1070729196,-0.07668440789,-0.05896757171
589,0.06420744956,0.02052323334,-0.1078941599,-0.02073896118
590,0.09737599641,0.01319432817,-0.05544810742,0.01674403064
591,0.04278374463,-0.1236810982,0.01597805507,-0.007530793082
592,0.05420624465,-0.08836020529,-0.1184262782,-0.0108351307
593,0.01926419511,-0.09393054992,0.02994366549,0.03641712666
594,0.0350141637,-0.03632935137,0.03312155232,0.03338008747
595,0.03581047803,-0.09427392483,-0.02588152513,-0.003204999259
596,-0.01690778881,0.01416604593,0.0262704622,0.05698439479
597,0.05104359984,0.1025594175,-0.01560011879,0.01419970114
598,-0.01735759899,-0.07302267849,0.06185230613,0.100961417
599,0.09360690415,0.08908837289,-0.2050186545,0.07628777623
600,-0.05273944139,0.05517366529,-0.03258614987,-0.1056190059
601,0.02312053181,-0.001747367322,0.2942490876,-0.1031479836
602,0.08817880601,-0.07300451398,0.0908697024,-0.04994085804
603,0.02239725552,-0.01591321267,0.01187849045,0.08810836077
604,-0.02335037664,-0.07102877647,0.07090589404,0.1245104447
605,0.06049129739,0.1673485935,-0.1090205908,0.1132976189
606,0.05449635163,-0.02699489333,-0.05805452541,0.02953575179
607,0.08167779446,-0.01469677407,-0.05665650591,0.008657192811
608,0.1069900766,0.02552687377,0.08058254421,0.05819096044
609,0.08015840501,0.04375390708,-0.09567717463,-0.04258317873
610,0.07803633809,-0.06229659542,-0.08037702739,-0.01705252379
611,0.009828449227,-0.05030018464,-0.03415327519,-0.04046469927
612,0.0581978336,0.1641993374,0.05151743069,0.02996977419
613,0.04228359461,-0.07509899884,0.07137856632,-0.05502447113
614,0.101036869,0.06135072187,0.03728888556,-0.05938403308
615,0.08586557209,0.04556457326,-0.03134449199,-0.02480544895
616,0.08712273091,0.07282422483,-0.007676764391,-0.06805855781
617,0.1027925164,0.02172069624,-0.09924382716,0.04828874394
618,0.07914555818,-0.02989472449,-0.0784105435,0.03708515316
619,0.06109908968,0.06614819169,0.1786960065,-0.04719342664
620,0.09432246536,0.1542443186,-0.04706470668,-0.05101430416
621,0.01700072922,-0.1386083812,0.02572567575,-0.08991345018
622,0.04827487841,-0.08868680149,0.09994151443,-0.1823386401
623,0.07908328623,0.09966503084,0.04545740411,-0.07687540352
624,0.103791751,-0.01161607262,0.09202446789,-0.0206935145
625,0.04027473554,-0.04524888098,0.1509268135,-0.1191024482
626,0.1729263514,0.07085502148,-0.09593523294,0.02453519218
627,0.07484491915,-0.04179228097,-0.06206685305,-0.1098352969
628,0.07519152761,0.0402498506,0.03839296475,-0.1036999226
629,0.0907227695,0.02240622044,0.07884026319,0.02458195947
630,0.1363840401,0.02832830139,0.01208156068,-0.0546114482
631,0.0519191809,-0.03124081343,-0.0421644859,-0.08216125518
632,0.05219276249,0.009641306475,0.1110002846,-0.04366229847
633,0.1233376935,-0.04378934577,0.04041314498,0.001374487299
634,0.1319329441,0.09293882549,0.02789139189,-0.07633657753
635,0.1348010004,0.08256521821,0.01728196815,0.08771271259
636,0.0983800441,0.01660647802,0.09094481915,-0.02481748909
637,0.1737899333,-0.1117433757,-0.08572144061,0.09396536648
638,0.122800529,0.1134801656,-0.08942870051,0.01735910587
639,0.1427786946,-0.005468415562,0.07063126564,0.07978927344
640,0.1425552368,0.01617028192,0.01874689013,-0.03892736509
641,0.1515311897,-0.08225120604,0.002376714954,0.02790376171
642,0.1363066286,0.009268200956,-0.02683536895,-0.1227958277
643,0.07111230493,0.01703635231,0.0276637543,0.08591790497
644,0.1876282394,0.1811223775,-0.0009557623416,0.008708945476
645,0.0727462694,-0.05653855577,0.08343429863,0.02087213285
646,0.08196225762,-0.01687365584,-0.009139703587,-0.07735867053
647,0.07786565274,0.005135650747,-0.01591687463,-0.09886357933
648,0.09713167697,0.1110276431,0.002369214781,-0.0277111344
649,0.08920477331,-0.0221835617,-0.2071358562,0.004022839013
650,0.1029069498,0.1381011754,0.03989213333,0.02690844424
651,0.05266590789,-0.09956721961,0.09779844433,-0.02870527841
652,0.06375548244,-0.05150097236,0.01977997646,0.002837324515
653,0.1555236727,-0.1025040075,0.04238195717,0.009363716468
654,0.0902742967,0.05680690333,-0.03438949957,0.1107518673
655,0.07951600105,-0.0180318933,0.01730034873,0.009542408399
656,0.05472105369,0.03967805579,0.06923334301,-0.08361145109
657,0.03804118559,-0.008880477399,0.06614955515,0.136403352
658,-0.006305122282,0.127865836,0.0884970054,-0.01697497256
659,0.02596072108,-0.08339558542,0.03404107317,-0.06462078542
660,0.04463806003,-0.06773930788,0.09469784796,-0.006347287912
661,0.1258664727,-0.1477184892,0.06304116547,0.04280458391
662,0.1004937068,0.1121511981,0.01826013625,-0.02675411664
663,0.121370092,-0.0361254625,0.03088697419,0.1114944145
664,0.06584819406,0.07410159707,0.07951236516,0.02097862586
665,0.0484517701,-0.2181444764,0.1165600047,-0.0278737694
666,0.04284970462,-0.03158538789,0.07327096164,-0.01523360051
667,0.04237473756,0.0383842662,-0.01824406907,-0.02365221269
668,0.04493208975,-0.02892861143,-0.004658928607,-0.06657143682
669,0.01961628906,-0.04923829436,0.06470414251,0.003404430347
670,0.1008676067,0.02374146134,0.09298383445,-0.05119349435
671,0.07058767229,-0.01472459361,0.02215815708,-0.03811958432
672,0.07718773931,0.02665534243,-0.04222753644,0.009429454803
673,0.118846938,0.0633071214,-0.09335818142,0.07911209762
674,-0.009478219785,-0.009101781063,-0.06146307662,-0.07488851994
675,0.01085746195,-0.04572319984,-0.1589279026,-0.1097398922
676,0.06806545705,0.01078360528,0.09545621276,0.02774547413
677,0.0883461535,-0.04779696092,0.02223181911,-0.01702447608
678,0.03850702941,0.1135247722,0.01717520133,-0.06122323871
679,0.02866175398,-0.01956267096,0.1268224418,-0.04723145068
680,0.01985623129,-0.08260018378,0.03490896523,0.01456520986
681,0.02465953678,-0.01314349659,0.1167481467,0.1333290786
682,0.00761489151,0.08596055955,0.1674935967,0.06002240255
683,-0.02861038595,-0.1466398686,-0.008374989964,-0.01012688689
684,0.111322999,0.005395451561,-0.04483220726,0.008205655962
685,0.09723572433,-0.02547244169,0.02926543914,0.05997181311
686,0.05339682475,0.04631210491,0.09214523435,-0.1029658318
687,0.09047936648,0.008859342895,0.06103665009,0.03105263039
688,-0.08010267466,0.03823321685,0.1192242727,-0.08658982813
689,0.01936250739,-0.005349199288,0.1169007942,0.08165898919
690,0.002665236592,0.07242155075,-0.03045156784,0.03989468887
691,-0.006379419938,-0.07911819965,0.08412413299,-0.05402842164
692,-0.02764227241,-0.01482170448,0.1219195426,-0.1628866345
693,-0.0239621345,0.02054136433,0.1458463967,-0.0621550642
694,-0.07201042771,-0.09475728124,-0.001570476801,-0.04275577143
695,-0.04768395796,-0.090222314,-0.0475981161,-0.02663070709
696,-0.01679557189,0.0754018575,0.06877344847,0.01129205525
697,-0.0544645749,-0.06854130328,0.04704799131,-0.07000477612
698,-0.0366945304,0.06118362397,0.00819829572,0.03696607426
699,-0.04456233233,-0.0748808831,-0.000306346541,-0.007222091779
700,-0.03032490611,0.1014271304,0.1009599119,0.09490638971
701,-0.01359979343,0.05921408907,-0.1266951859,-0.09827440232
702,0.05579102784,0.01201613434,0.05542348698,0.06809333712
703,-0.03845035285,-0.09950070828,0.1914044768,-0.05891980976
704,-0.03226900846,0.117024079,-0.01634258032,-0.006464683916
705,-0.02359809913,-0.03918748349,-0.08802647144,-0.04904525355
706,0.01657827012,0.05834105238,0.0545454286,-0.09841322154
707,0.01803206466,0.09976778179,-0.05256025121,0.01042902749
708,0.01020961534,-0.01501365937,0.060641855,0.03240097687
709,-0.005649059545,-0.08239810169,0.0003763779241,-0.06064177305
710,0.05362860113,0.05646253377,-0.04743189365,0.1587292999
711,0.003595682792,0.01321257465,0.05330573767,0.06907726079
712,0.05177037045,0.07036177069,0.09078131616,-0.08202885091
713,0.02521926537,0.0463293232,-0.02116271295,-0.08527678251
714,0.03935552016,-0.04195539653,0.147713691,-0.02693481557
715,0.04007296637,-0.01146772876,-0.1002333835,0.03678991646
716,0.01363949385,0.02018452436,-0.1119579747,-0.104054749
717,0.03941692412,-0.1532524973,0.1768869162,0.01330435649
718,0.09862849116,-0.02935937233,0.1632606536,0.08364383131
719,0.03820959851,0.03303731605,0.04413864017,0.05993977562
720,0.01495722122,0.05011451244,0.1339755952,0.03706706688
721,0.08542282879,0.09529355913,0.1258182526,0.05779289827
722,0.06068082526,0.04366942868,0.08905229717,0.005780928768
723,0.05805009231,-0.1123139039,-0.001579553587,0.02515286952
724,0.07975550741,0.1923009902,0.1464725435,0.0815154314
725,0.05614103377,-0.07498037815,0.09594514966,0.005096746143
726,0.06592662632,0.1348583847,0.003906044411,0.04407718033
727,0.05922521278,-0.1350651532,0.04704543576,-0.03721842542
728,-0.03139087185,0.1724348664,0.1242376193,0.04341413826
729,0.09131924063,0.04731856659,0.07677423954,0.1039430276
730,0.09107444435,0.008577154018,-0.03561405838,-0.008563174866
731,0.04206000268,-0.003392370418,-0.01264609024,-0.0001665589516
732,0.07606378943,-0.06054982543,-0.03299989924,-0.07221459597
733,-0.003532306757,-0.003370283637,-0.131288439,0.1240594238
734,0.03900034353,0.06673904508,0.001843984937,-0.01809900999
735,0.05987227336,0.02665982768,0.1453648657,-0.1148512959
736,0.05939876288,0.0404674001,0.04498340562,0.009496520273
737,0.02995841391,-0.06920794398,-0.05428607762,-0.01335086487
738,0.04116246477,0.08557000011,0.0310840141,0.07663496584
739,-0.01685253344,0.1107845604,0.1095271111,0.04972706363
740,0.0437736772,0.164998889,-0.08777351677,-0.00958444085
741,-0.02839430235,-0.1096627191,-0.05046273395,-0.09210704267
742,0.02027743869,-0.06529750675,0.02742479555,0.06361437589
743,-0.03223511204,0.01119670551,-0.04895528033,0.08606216311
744,0.03100941516,0.04423617199,-0.0220630113,0.0859368965
745,0.031035088,-0.195897609,-0.06352894753,0.0379791446
746,0.07699683309,-0.004690403584,0.1477675438,-0.03345483541
747,0.04568446428,0.0179133378,0.1658504307,0.08453147858
748,0.03211029992,-0.01495240256,0.08418253809,0.06650622189
749,0.008984098211,-0.01657646522,0.05368085206,0.121822238
750,0.04216368496,0.09047946334,0.1487473547,-0.01386199985
751,0.0475028865,-0.1009674221,-0.008054262958,0.1304431409
752,0.1099239364,-0.03412548825,0.0311905276,0.1338839829
753,0.08977166563,-0.0583835654,-0.03781230003,0.02940529399
754,0.09698395431,0.06359552592,-0.03190015256,0.02846708335
755,0.09446628392,-0.0336455889,0.0585867539,0.05945163593
756,0.129477486,-0.07359312475,0.008568579331,0.07942032814
757,0.1801957339,-0.0133596221,0.2261306196,0.09021208435
758,0.1942870021,0.0617460832,0.0269660037,0.1225336045
759,0.2137695104,-0.03233933449,0.06492485106,0.1622339636
760,0.2235124111,0.08251481503,0.1098271385,0.1619806886
761,0.171971783,-0.09787581861,0.07570043951,0.1620747
762,0.09232756495,0.08540954441,0.1286012828,0.10088633
763,0.1773253977,-0.04860866815,-0.04831191152,0.1672338247
764,0.2138007879,0.118097499,0.07585767657,0.05651167035
765,0.1504139751,-0.1009978577,0.01580988057,0.02419337444
766,0.1278171241,0.1202775463,-0.03962658346,0.0484605208
767,0.09581518173,-0.1298746616,0.06672008336,0.1026738957
768,0.1131989881,0.05583040416,-0.06554362923,0.02505561151
769,0.1624061465,0.0001314096298,0.04996637255,0.233996734
770,0.1552952975,-0.01218452584,-0.07781446725,0.09302743524
771,0.1513794065,-0.09386651218,0.1106150746,0.1838171184
772,0.1607543826,-0.06802412122,0.1370135546,0.1450058669
773,0.07676812261,0.02007459663,0.1361536831,0.1364182085
774,0.2164209634,-0.1763801724,-0.06168133393,0.02165541239
775,0.1927868575,-0.07930615544,-2.582622619e-05,0.03516924754
776,0.1153772101,0.01928322576,0.02257585339,0.04382946342
777,0.1836096495,-0.07731143385,0.0429193154,0.1745500565
778,0.1602708101,-0.004211609252,0.1020457596,0.02650959603
779,0.09737619013,-0.04397635907,-0.001814351534,0.1225733683
780,0.1116840169,-0.1238534898,0.02309682779,0.06653595716
781,0.1066300943,-0.03799036518,-0.05613275245,0.09201678634
782,0.1415941715,0.04027227312,-0.01956329681,0.034937419
783,0.1799583435,0.005599949975,0.1434512138,0.05799486116
784,0.08339460194,-0.008103736676,-0.01269188989,-0.002655870281
785,0.2135343403,-0.05966451392,-0.01616605744,-0.04116566479
786,0.1314990968,-0.03605123982,0.1626980603,0.01636941172
787,0.1779928654,-0.09402523935,0.01712267473,0.1961835921
788,0.08775001019,0.06638718396,0.04132158309,-0.02091673389
789,0.1137544066,-0.09692689776,-0.03582429141,0.01733857952
790,0.1034984514,0.06770662218,0.09614495933,0.1273362041
791,0.1249487847,0.02402350865,-0.04236553237,0.0859830305
792,0.1483499259,-0.007711556274,0.1048380807,0.1009547636
793,0.175436452,-0.001765888883,0.2104478031,0.1093760654
794,0.01859948039,-0.1093312949,-0.06719997525,0.03252194449
795,0.07548192143,-0.07797271013,-0.06159001961,0.07329141349
796,0.04967027158,0.02603767067,0.02970234491,0.0541622676
797,0.1057907715,-0.02911003307,0.1413071901,0.04701665789
798,0.07366780937,0.01421032939,-0.007595246192,0.02126323432
799,0.07134114206,0.03790396824,0.004669862334,0.03545542434
800,0.1096026674,-0.09457977116,-0.1018145978,0.09004689008
801,0.1037724316,-0.1563605517,0.03242405877,0.1078256667
802,0.1070497036,0.01090451796,-0.0638974756,-0.09005010873
803,0.0596386306,-0.08535882831,-0.1494080722,0.100334473
804,0.08972295374,-0.0004006593663,0.09753526747,0.02898412012
805,0.1202500686,0.04642912373,0.05304885283,0.02322935686
806,0.1230702624,0.007266073953,0.04357871413,-0.09452594072
807,0.04481580481,-0.1067303568,-0.1236738786,-6.464163744e-05
808,0.1065748408,0.1614939868,0.06144241616,0.1298225373
809,0.05220243335,-0.02080992796,0.06304755062,0.1362704188
810,0.08656513691,0.005325881764,-0.08621132374,0.05366266891
811,0.05823791027,-0.008375864476,0.006846159697,0.09288007766
812,0.08879559487,0.05230183527,-0.1020715982,-0.0356246531
813,0.04029146209,0.02764749527,0.1254205704,0.0162669532
814,0.06204756722,0.05863105878,0.1101498008,0.02095684968
815,0.02415454015,0.01172527205,0.1117619649,0.09016941488
816,0.01314816438,0.05421701074,-0.04377284646,0.08271815628
817,0.05168622732,-0.05317286029,0.03374100849,0.008857158944
818,0.0376024209,-0.1302073151,0.03374454752,-0.02032354474
819,0.0196076259,-0.03884243593,0.1022499427,-0.01578848995
820,0.03730503097,0.06998395175,-0.01579551585,-0.05860561132
821,0.03017282486,-0.05847655982,0.1613281816,-0.02975595742
822,0.04266185686,-0.09223454446,0.07530112565,-0.01571269147
823,0.03089659102,-0.1095263585,-0.02243316174,-0.02430387214
824,-0.01378827356,-0.02294868045,0.07464319468,-0.1362548321
825,-0.01693006605,0.04770679399,-0.07950975001,-0.06646971405
826,0.02586827241,-0.04225072265,0.04925686494,-0.08196890354
827,0.05453433841,-0.1023275405,0.04601368308,0.07261729985
828,0.01231668983,0.07520267367,-0.05618277565,0.06452327222
829,0.03605324402,-0.1134440228,-0.0541408658,0.02841586247
830,0.005670350045,0.08524610847,-0.06466120481,0.07107827067
831,-0.05071324483,0.004370728973,-0.03639044985,-0.04468116909
832,-0.006124322768,0.03481469303,-0.01400857512,-0.1760322154
833,0.03475622833,0.09344833344,-0.1671697199,-0.08767254651
834,-0.06971205771,0.130213663,-0.06076195464,-0.04465813935
835,-0.02119266987,-0.01711237803,0.01109013241,0.0349978134
836,-0.02617681585,0.147573784,-0.04775057361,0.1216666698
837,-0.02853205241,0.004889302887,0.06996587664,0.006600845139
838,-0.01527688187,-0.01228081249,0.01193676889,0.005871589296
839,-0.008334611543,0.1311038136,0.06447882205,-0.03867024183
840,-0.07524904609,0.1188473925,0.1207958758,-0.1126482859
841,-0.0500607416,0.002314034849,0.0219026655,-0.07355999202
842,-0.0761558786,-0.03524221852,0.02491842024,0.03329158574
843,-0.04838914052,0.06278792024,-0.0155762611,-0.006504933815
844,-0.02929756418,-0.07407998294,0.01279607322,-0.03415521979
845,-0.03079291061,-0.00214977609,0.003699137131,-0.1312593669
846,-0.03424603492,-0.1270959973,0.02579089813,0.003912403248
847,0.06060755625,-0.006736688782,-0.04503739998,-0.1144026294
848,0.0002233519335,0.04224943742,0.09971451759,-0.01575663872
849,0.03790734708,0.0743168816,0.1003536209,-0.007996823639
850,0.006562239956,-0.1170505732,-0.007113988511,-0.1629367024
851,0.02209956944,0.01573489048,0.01908737794,0.08107929677
852,-0.0523278527,0.09007743746,0.04912287742,-0.007591931149
853,-0.001660463633,-0.05379715189,0.04886240885,-0.04633476585
854,0.02829547413,0.126072377,-0.02070114575,0.002863265574
855,0.06502877176,0.04248584434,0.004104502033,-0.1561294496
856,-0.04527809098,0.05658125132,0.03087618575,-0.1254340857
857,0.03546801582,-0.006750177126,0.04653092846,-0.06201745197
858,0.03827564791,0.01258276869,-0.04618369788,0.02530389093
859,0.03038121387,0.03739985451,-0.04973245412,0.04352596775
860,0.001714835525,0.05831700936,0.04140348732,-0.1413511634
861,0.002833523322,-0.03384618461,0.04493008554,-0.0006143898354
862,-0.02965699136,-0.01545044687,0.0380195491,-0.03878108785
863,-0.01783675887,0.1076584309,-0.09528205544,-0.08915515989
864,-0.006876525935,0.108477585,0.103554219,-0.07992378622
865,-0.03470230103,-0.01195286959,0.05384356529,-0.03400674835
866,-0.02189970203,-0.1055887043,0.0104890829,-0.0535537675
867,-0.03750509024,0.227473408,0.02105830424,-0.09170150012
868,-0.03714250773,0.1439365596,-0.09017943591,0.06135864183
869,0.001517198863,0.05577344447,0.008909034543,0.03010268509
870,-0.03307158127,0.1259977221,-0.04544302821,-0.03543715551
871,-0.007064872887,-0.0122326538,-0.02942828089,0.07160668075
872,-0.03481746837,0.04693396389,0.02137807757,-0.1080086604
873,-0.03710382804,-0.008122797124,-0.05197495222,-0.02852890827
874,-0.05884897336,0.06627012044,-0.06086254492,-0.03710031882
875,-0.05634103715,0.07445459813,0.1203561276,0.03713824227
876,-0.0382739827,-0.09965135157,0.07973439246,0.05430774391
877,-0.06257642806,-0.04817032814,-0.1231730208,0.02513579093
878,0.02150919661,0.03364602104,0.02269145846,-0.1152150705
879,-0.05291032419,0.1266536117,0.02394708246,-0.1197360829
880,-0.1060950384,-0.06003434956,0.06635361165,-0.03668190911
881,-0.04722910374,-0.04609490559,-0.03520495445,0.01943805255
882,0.00786120072,0.06161502376,0.1358420402,-0.05105321109
883,0.01754716039,0.1352026761,0.05596472323,-0.02636185475
884,-0.08864598721,0.03333720937,-0.02667068318,-0.05308219045
885,-0.01556357741,0.06655502319,0.02984738164,-0.01905270293
886,-0.08933635801,0.045046404,0.05387754366,-0.02237027884
887,-0.04017347097,0.01633206755,0.0461522378,-0.008960356936
888,-0.01085141767,0.08206151426,-0.1308647096,0.04816840962
889,-0.05256561562,-0.02655110508,-0.09513492882,-0.04527270049
890,-0.01184024941,0.02747737616,0.02194281109,-0.02179348655
891,-0.07641404122,-0.02548559569,0.01961541176,-0.02401251346
892,-0.0354927741,-0.01676324941,-0.05769183487,-0.1647165269
893,-0.07377392799,-0.03047565185,0.01308743283,-0.09028048068
894,-0.006718486547,-0.02594163455,-0.1014865935,-0.01885494404
895,-0.03306050971,0.1208950579,-0.08105339855,0.05372669548
896,-0.002882598201,-0.03799012676,0.2180569917,-0.04896377772
897,-0.02278871275,0.05500570685,0.05541183054,0.1538886726
898,-0.03852573782,-0.02872906253,-0.0545113869,0.06056104228
899,-0.06519214064,-0.05665771663,-0.1465287507,-0.131781131
900,-0.03592696413,-0.06268906593,0.001175536658,0.02617944777
901,-0.1343484521,0.01233011018,0.005245112348,-0.09303809702
902,-0.09669765085,0.02089703642,-0.1273362488,-0.1692997813
903,-0.1021797657,0.05110215396,0.1110288575,-0.03429864347
904,-0.09082573652,0.1257390827,-0.08212739974,-0.04180661216
905,-0.04650200903,0.04684957117,-0.004231670871,0.09134515375
906,-0.08322755992,-0.04519991577,-0.1175555289,-0.001138273743
907,-0.1085002124,0.03767438233,-0.04075076059,0.05525781214
908,-0.07585190237,-0.1761604548,-0.02729488909,0.04019951448
909,-0.05632694066,0.003809588728,-0.1879137307,-0.03662404418
910,-0.04497148097,-0.07267161459,0.03206022084,-0.03652079403
911,-0.07512581348,0.06693038344,0.002943860367,-0.04034474492
912,-0.032764934,-0.04925327003,0.03414664418,-0.03761778772
913,-0.08980862051,-0.03659152612,0.09505681694,-0.06597358733
914,-0.03837290406,-0.03096207604,0.006096287165,-0.05510505289
915,-0.0487915948,-0.05270728096,-0.1180140749,0.02477831952
916,-0.04379882291,-0.05862787366,-0.03758256137,-0.03545446321
917,0.01073282678,-0.06762500852,0.07105597109,0.08033662289
918,-0.05080854893,-0.0219304394,0.05645116419,-0.01287307683
919,-0.02125849016,0.05610190332,-0.04957464337,-0.06224753708
920,-0.01729609258,-0.02030325867,-0.08782450855,-0.06146010011
921,-0.01697417349,-0.05182921141,0.08511478454,0.04213249311
922,0.01204939838,0.1539104879,-0.07032745332,-0.06266704947
923,-0.04343435541,-0.02916336618,-0.03715009242,-0.006088461261
924,0.06240143627,-0.0223305393,-0.0009934712434,0.1208058894
925,0.02661308832,0.06402774155,0.03945780918,0.03286596388
926,0.06152944639,0.01406320091,-0.03386832774,0.06321086735
927,0.05294841528,0.0295244623,-0.04484949633,-0.03446404636
928,0.01804861426,-0.1043640971,-0.03353236988,-0.1521329284
929,0.02157528885,-0.03825408965,-0.07975447178,0.04555464536
930,-0.02208049595,-0.1188161299,-0.03599070013,-0.1318874359
931,0.03185996041,-0.07614943385,0.1134157553,0.0227191709
932,0.0386499241,-0.02580665238,-0.08906938136,-0.03309641406
933,-0.002040013438,0.004679142497,-0.0009296189528,0.01970958151
934,0.033878766,0.06136311218,0.06298600882,-0.05801062286
935,0.008282787167,-0.1139984354,0.03266233206,0.006330182776
936,0.01061587129,-0.04403787851,0.01537622232,-0.003568689572
937,-0.01495949645,-0.08491242677,-0.02256103978,-0.02661780827
938,0.05047107115,-0.07554983348,-0.04992370307,0.06210954487
939,0.07341451943,-0.04901748896,-0.06016330048,0.07655643672
940,0.05511513725,0.07858479023,0.1550064385,0.1200979725
941,0.1454651356,-0.1666003913,0.1226437837,0.1122194678
942,0.01116878726,-0.1664961725,0.0120998472,0.0416354984
943,0.01393286884,0.0368995592,-0.02444539592,0.03090089932
944,0.02986949682,-0.03056626208,-0.039886415,0.1386032403
945,0.08284761012,0.1461230069,-0.01729954965,0.02647415549
946,-0.02632686868,-0.05914247409,0.003589054104,-0.07271109521
947,0.07901857048,-0.01103453524,0.05490910634,0.04528417811
948,0.07742086798,-0.04442588612,-0.1066324413,-0.01501716487
949,0.08359751105,-0.01171602309,-0.03494240716,0.09271172434
950,0.03183695674,0.05344883725,0.1527405381,0.02105576545
951,0.1564138532,-0.05333166569,0.08478524536,0.02787189372
952,0.2008886039,-0.05810192972,0.06059969217,0.1479039788
953,0.1550740153,-0.02736927383,0.02907333709,0.07224658132
954,0.1074938253,0.03858515248,-0.06086369231,0.0952116996
955,0.1977990866,0.05187420174,0.01809661835,0.04999467358
956,0.1937187165,0.1377820075,0.007550499868,0.1062661335
957,0.1912227571,0.01389696356,-0.07550159097,0.1134718731
958,0.1537184566,0.02631690539,0.03127390146,0.08266944438
959,0.07570701838,0.1112364158,-0.03420465067,0.08105199039
960,0.08666939288,0.1008728519,0.1081034541,-0.08811887354
961,0.1488529295,0.005259707104,0.0752351284,0.1458698809
962,0.0570820719,-0.02197178453,0.05473469943,0.2270545512
963,0.1703096181,0.04999179393,0.01839093864,0.1895986199
964,0.1772277802,-0.02798399329,-0.06483651698,0.08941361308
965,0.1522390842,-0.05610741302,0.04106930643,0.1309887916
966,0.09912400693,0.002298091771,0.05935820192,0.1141860783
967,0.1358207911,0.01164245047,0.09320206195,-0.002794181695
968,0.06860204786,-0.01107518841,0.1353805512,0.08020782471
969,0.2270980179,0.0006968438393,0.05352525786,0.1484923959
970,0.1574348807,-0.2349025905,0.09250330925,0.04756437615
971,0.201781109,-0.001477225451,0.1318323761,0.1319696605
972,0.1635050476,0.03849892691,0.04736230895,0.09658522904
973,0.1468598247,0.03118952364,0.05268462747,-0.04943990707
974,0.08075675368,0.05522220209,-0.132397294,-0.02302294783
975,0.1175151244,0.07562103122,0.01012009662,0.02868560329
976,0.1524296999,-0.03649032861,0.04696175829,0.08374787122
977,0.140326038,-0.02395791188,0.00971221365,0.1266136765
978,0.1122302637,-0.04737327993,0.02536300384,0.07477276772
979,0.1340023279,-0.03765177354,0.1107607484,0.1278037876
980,0.2058622241,-0.105639711,-0.03341390565,0.03807042912
981,0.1686369181,0.07489944249,-0.08227796853,-0.006208524108
982,0.1728318334,0.06246874854,0.05971530825,-0.006459648255
983,0.1402270049,-0.009427242912,0.08217205852,0.0825425908
984,0.1998994052,0.1063044667,-0.04533548653,0.05965557694
985,0.1321635395,-0.1172036454,-0.1576081365,-0.1425151825
986,0.09000130743,0.1428952217,0.0182643421,-0.002537576715
987,0.08765599877,0.1126268059,-0.09612253308,0.0405061245
988,0.1470360905,-0.06952485442,0.06395646185,0.06794197112
989,0.0933579579,0.001351840911,0.07828021795,0.01572561078
990,0.149129495,0.03678283095,0.008349684998,0.1126607507
991,0.06277182698,-0.01012728922,-0.01668040268,0.1018591374
992,0.09070949256,0.03301966563,0.004740901757,0.07863821834
993,0.0563753508,0.0856269598,0.02497457154,0.001278455369
994,0.1186117828,-0.09871663153,0.05014965683,-0.1182984859
995,0.07262317836,0.1357530951,0.005574814975,-0.01764299162
996,0.1711134315,-0.03545495495,0.06817642599,0.1112912968
997,0.115308471,0.1015495285,0.04764751717,0.01545327343
998,0.1550264806,0.01974145323,-0.02592315711,0.0948099345
999,0.1669218242,0.000756259833,0.1085272282,0.1853599846
1000,0.07560379803,-0.1033945233,-0.04479813576,0.0905008316
1001,0.1631441414,0.005060583353,-0.07595039904,0.03214242309
1002,0.1170281619,0.07574376464,-0.04338762909,0.09040947258
1003,0.1562103778,-0.04026850685,0.09130938351,0.05941945314
1004,0.1635653079,0.0268793907,0.23190175,0.1149978936
1005,0.1101074442,0.1627919823,0.1291066706,0.1395611614
1006,0.1479414105,-0.11149019,-0.07694443315,-0.01706654578
1007,0.09080661088,-0.04102464393,0.04662474617,-0.01867426373
1008,0.09703419358,0.07958818227,-0.03169066459,-0.02903943695
1009,0.09968855977,0.007610052358,0.08113266528,0.05571135134
1010,0.1424243301,-0.006929139607,0.1007765681,0.1129918322
1011,0.0872246176,0.09570753574,-0.1228764281,0.03594734147
1012,0.1019172892,-0.09720756114,-0.1237969771,0.05264126137
1013,0.1237710491,0.08187266439,-0.06880261004,0.02998716384
1014,0.02655263245,-0.0342668891,0.03552855551,0.006008749362
1015,0.09265956283,0.06829301268,-0.01379910484,0.04960533977
1016,0.0767140463,0.02733067423,-0.05617116019,-0.02419901267
1017,-0.0004508316924,0.07886247337,0.07693450153,0.08352758735
1018,0.05596692488,0.07169558853,-0.01980700903,0.1070713252
1019,0.02925461158,0.09006664902,0.0545807071,0.04666204378
1020,0.01025595982,-0.1391529888,0.04434916005,0.1453870386
1021,0.01560249086,0.04871989787,-0.09540507197,-0.07139787078
1022,0.05333443359,-0.08504760265,-0.06771323085,0.009109951556
1023,0.009737568907,0.1255000085,0.06737391651,0.05513913184
1024,0.04066249728,0.004951023962,0.06755700707,0.1700749546
1025,-0.05163342878,-0.02636401169,-0.02682982571,-0.02050255984
1026,-0.05051193014,0.04328741133,0.002528501675,-0.06078995019
1027,0.02524205111,0.06258676201,0.009858735837,0.03130896762
1028,0.004310455173,0.03656478226,0.1277967393,-0.06194696948
1029,0.02567371167,0.1154622883,0.1067260206,0.04485891387
1030,0.03613205999,-0.0201088693,0.1051992103,0.1432012916
1031,0.04739233106,0.05111866444,0.1049084067,0.01097382698
1032,-0.04185763374,-0.03518782184,-0.05980454758,0.1575976461
1033,0.03278640285,0.08947569877,0.0003239988,-0.08583459258
1034,-0.1080702245,-0.1242022663,0.005510494579,-0.1055016518
1035,-0.06297176331,-0.0456033498,-0.004507964943,-0.02209089883
1036,-0.07047318667,0.0802635327,0.1348649859,0.1209271848
1037,-0.07827836275,0.03581840545,0.0162643455,0.08983910829
1038,-0.0528765209,-0.0009880078724,-0.06005952507,0.1754692644
1039,-0.05183961987,0.1201838106,-0.05564721674,-0.008972914889
1040,-0.04705655947,-0.09902517498,0.1658951342,-0.06677728146
1041,-0.07760643959,0.04078499973,0.1166754141,0.04953700677
1042,-0.03439318016,-0.1105694398,0.01430441253,0.1360043734
1043,-0.02004830167,-0.1022644341,0.04687073454,0.125133872
1044,-0.02722386457,-0.0881049484,-0.06909738481,-0.005966556724
1045,-0.06123556569,0.04888964444,0.03811498359,-0.07664810121
1046,0.006522212643,-0.03199829534,-0.009630565532,-0.2181974798
1047,-0.04688025266,0.1213614568,-0.02208381705,-0.1001993716
1048,-0.002888821298,0.003797373269,-0.09683021158,-0.06639752537
1049,-0.02455953136,-0.1113968194,-0.02546890266,0.02760838903
1050,-0.1093384996,-0.0710093379,0.02174534276,0.02973955311
1051,-0.03888161853,-0.06996317953,0.04343530536,0.005144715775
1052,0.03271542117,0.02782796882,-0.03841095045,-0.1138000339
1053,0.001154906815,-0.09555332363,-0.005571189802,0.00757220434
1054,-0.06152708456,-0.1281451434,0.115235284,-0.1092462614
1055,-0.01065050904,-0.04918942228,0.01421491988,-0.02728990279
1056,-0.09388131648,-0.01618119702,-0.09779535979,0.02261038125
1057,-0.01034740824,-0.03728087991,-0.004649724811,0.1867220551
1058,0.01065545343,-0.07303030789,-0.1198652014,0.08611048013
1059,-0.005267405882,0.05943781883,-0.01357555762,0.04618462548
1060,-0.01333065424,0.02436113171,0.01761318184,-0.09275822341
1061,-0.004088365939,-0.07507329434,-0.1047514677,0.1712367535
1062,-0.0727513954,-0.0902023688,-0.03131050617,0.05703713
1063,-0.06282126158,0.01350871567,0.05302695185,-0.1184830293
1064,-0.006765326951,-0.03048725426,0.05284782127,0.1026726738
1065,-0.004318729509,0.06625123322,-0.03357633948,-0.0735405907
1066,0.004752282519,0.02222895063,0.04831611738,-0.05757969245
1067,0.05678910762,0.043264281,-0.1311000735,0.04620211571
1068,-0.06382142752,-0.01914959773,-0.1509568095,-0.03495426476
1069,-0.04513547197,0.04724368826,0.007910205983,0.001664405456
1070,-0.07321202755,0.02534242533,-0.0797297731,-0.03705829382
1071,-0.05625088513,0.003201451385,0.01832549274,-0.1006599069
1072,-0.04332734272,-0.04324586689,0.02787945233,-0.07418315858
1073,-0.01131809503,-0.04264962301,-0.02202101797,0.06247866526
1074,-0.01523653697,-0.1638125777,0.007722904906,0.001667923294
1075,-0.03952995315,0.07763019949,0.03040574118,0.0423233062
1076,-0.01680333167,-0.117098242,-0.08915969729,-0.05519677699
1077,0.00761316577,0.01126354653,0.07680945098,0.04360898212
1078,-0.003967905883,0.02657143585,-0.02721927688,-0.005819859914
1079,0.006733092945,-0.01498382259,-0.08784014732,0.01077774819
1080,-0.02642630786,-0.1291634887,-0.009637027979,-0.06159871817
1081,0.0006137192831,-0.01218875684,-0.03829980269,0.05584266782
1082,0.01304954197,0.04004677758,-0.0355764553,0.01652784459
1083,-0.01232517324,0.03427413478,-0.002016605809,-0.1227118969
1084,0.003655662062,-0.1202854738,0.04270738363,-0.03266470507
1085,0.09336676449,-0.01038713939,0.1192757264,0.0383027643
1086,0.02936269715,-0.03389792889,0.01541868597,0.04128102958
1087,-0.0324174799,-0.0197898373,-0.0244212579,0.1021643654
1088,-0.06496869773,0.07487349957,0.02395717427,0.01470004208
1089,-0.02112481184,-0.02176645584,0.07388688624,-0.09374535084
1090,0.1793695241,-0.04254015908,0.03724518791,0.003724242561
1091,0.06671103835,-0.001327131875,0.06429751962,0.08789673448
1092,0.1219099462,-0.1533602327,0.01672873832,0.117521368
1093,0.1832001507,-0.08296824992,-0.002518492285,0.1330999732
1094,0.1134273261,0.0004530536826,0.01150762849,0.210608989
1095,0.1304630637,0.03259328753,0.2015188485,0.1805204302
1096,0.1670059115,-0.05811262131,0.1882297397,0.05491979793
1097,0.1541400701,0.08867383748,0.05273753777,0.100663498
1098,0.1117594466,-0.1082728878,-0.07875971496,-0.05659800768
1099,0.1447879672,0.02754268609,0.004552317783,0.06721242517
1100,0.05988153815,0.04688978195,0.03290339187,0.05704236776
1101,0.09035049379,0.2161705047,0.1317130178,0.08976044506
1102,0.105483748,-0.07459096611,0.2000273317,0.05676101521
1103,0.1769493967,-0.01971970871,-0.01984299347,0.1355789751
1104,0.1617867798,-0.07409318537,-0.0860317871,-0.04758817703
1105,0.111269325,0.08430626988,-0.0635349378,0.003820338519
1106,-0.0108677363,-0.09273564816,0.1472046822,-0.01538886409
1107,0.1318520755,0.02077580057,-0.02612772398,0.1445329636
1108,0.1180583611,0.003531730035,0.005662748124,-0.01074426807
1109,0.1118656695,0.1457283199,0.07173184305,0.07249361277
1110,0.09510575235,0.07046083361,0.1171471626,0.04518164694
1111,0.1621678174,-0.005870593246,0.107830964,0.1124500483
1112,0.08998678625,-0.03389637917,-0.04674642906,0.123876527
1113,0.1259215325,0.01115436573,-0.05700899288,0.1979422569
1114,0.1473702043,-0.0002324303641,0.1541675627,0.1868271083
1115,-0.03074811399,-0.0417278409,0.006130409427,0.1312287599
1116,0.09577324241,0.05945787579,-0.003732701298,-0.01608039998
1117,0.06924709678,0.04011463374,0.006269374862,-0.03129172698
1118,0.02228844725,-0.02730231173,0.0182274878,-0.02511041798
1119,0.02616601437,-0.002821001457,-0.1415382177,-0.0164391119
1120,0.03381581232,0.0458750017,0.1427158862,-0.02073956653
1121,0.04657258466,0.01758941822,0.1448314488,0.1404204965
1122,-0.03482083604,-0.03233176097,0.006041749381,0.1361634731
1123,0.07912600785,-0.08650071919,-0.02250103652,0.01285588462
1124,0.00680223247,0.04488522932,0.03857203573,0.1266641766
1125,-0.001190301846,-0.03609345853,-0.02047288977,0.1227455512
1126,0.06095280498,-0.1795476228,-0.0596238859,0.04074300081
1127,-0.02648648061,0.01208966877,0.1646262705,0.07399069518
1128,0.03070183471,0.04916740581,0.06154159829,0.1418125182
1129,0.06413117796,-0.02891776897,0.05112927407,0.08566450328
1130,-0.006379149854,-0.1642734855,-0.02222494781,-0.02903834358
1131,0.06312313676,0.0732351169,-0.02152611129,0.01025389042
1132,0.03139123321,0.124181658,0.04187646136,0.05044265836
1133,0.0333901979,0.101558663,-0.01699986123,0.192943573
1134,0.009103570133,-0.02511873655,0.04513125867,0.1205785051
1135,0.05002239347,-0.0948234871,-0.08826430887,0.02133973315
1136,0.1454212666,-0.008281621151,0.02549475618,0.1880620718
1137,0.08095604926,0.1603503227,-0.1069849357,0.04904542118
1138,0.09253828973,-0.04316587374,0.07570367306,0.09055806696
1139,0.1059994176,0.1510431021,0.002188579179,0.1351129264
1140,0.08439351618,0.02710045688,0.01064938866,0.1350987554
1141,0.08102563769,-0.05566880107,-0.05995896831,0.07634729147
1142,0.08822860569,-0.01310337335,-0.0612019226,0.003780943342
1143,0.02982051671,-0.01779052429,0.1059115157,0.09163223952
1144,0.1183072403,-0.1422752887,0.07650681585,0.04788281024
1145,0.09965224564,0.01201787032,0.07012546062,0.09744571149
1146,0.04474895447,-0.04343099147,0.02490032278,0.08624240011
1147,0.06203699857,-0.01695435494,0.01408590656,0.0535751991
1148,0.091502361,0.009425392374,0.1151723713,-0.0179008916
1149,0.09086351097,0.01648259163,0.1024234369,0.05825007707
1150,0.156496346,-0.02625151724,0.06282633543,0.03893606737
1151,0.08555874974,0.1224444732,-0.06029820815,-0.02007284574
1152,0.1141407341,0.04240050912,0.02305246331,0.08695709705
1153,0.0047555333,-0.0259806402,0.04388031363,0.08833216876
1154,0.07383266091,-0.08163383603,-0.1294367462,0.1827969551
1155,0.1112666205,0.06277343631,0.08419419825,0.05856826529
1156,0.0630107075,0.04028262571,0.0312097501,-0.04236925766
1157,0.1111249551,0.1078916788,0.06415380538,-0.09056207538
1158,0.02873567119,-0.02221450582,0.0512868762,0.01315640099
1159,0.07115365565,-0.006781294011,0.071403943,0.04283127189
1160,-0.0232761912,0.03630949929,0.02133542672,0.07919694483
1161,-0.04614584148,-0.03598370403,-0.04496221617,0.02207986265
1162,0.05101791769,0.02039741352,-0.1088689119,0.07071832567
1163,0.04027075693,0.0207866244,0.04972059652,-0.008280849084
1164,0.01921828277,-0.01586192846,-0.0329673402,-0.004099028651
1165,0.04348446429,-0.003989084624,0.1542453319,0.08511934429
1166,0.01867640577,-0.01843036339,0.02822847664,0.05968853459
1167,0.1084269211,0.1011822,0.06376184523,-0.0261836648
1168,0.02157282457,0.07206716388,0.09322638065,0.0352887921
1169,0.09529776126,0.1065580174,0.03057704493,0.05743561313
1170,0.04155723378,-0.108182326,0.1228952333,0.1113464609
1171,0.02152361907,0.2152875364,-0.05831857771,0.07454846054
1172,0.007981654257,-0.1201824248,-0.02773119882,0.05634190515
1173,0.0690857023,-0.06114771217,-0.0497709848,-0.04578995705
1174,0.07495327294,0.05068754405,0.08614648879,0.02786362171
1175,0.1141614243,-0.02593258582,-0.02036592923,0.01669445634
1176,0.0586906001,-0.0009366673185,-0.04868593439,-0.08698143065
1177,0.1922120154,-0.03469811752,-0.03922917694,-0.1191839799
1178,0.1099388525,-0.06478789449,-0.09844268858,-0.02754791267
1179,0.0371966362,0.07282413542,-0.05952334404,0.0431114845
1180,0.05057793483,0.03210601956,-0.08838290721,0.005793730263
1181,0.06222005934,0.04906746745,0.08868107945,0.1189544946
1182,0.0451034233,-0.01319588535,-0.0451999642,0.1285814345
1183,0.09864756465,0.1236671805,-0.1362144053,0.103592284
1184,0.1414260715,-0.08307402581,0.1033439189,0.07854101807
1185,-0.009083368815,-0.006611072924,0.004080034327,-0.06070673466
1186,0.08019419014,0.0687808767,0.04674980789,-0.01642153971
1187,0.001011019573,-0.07183340192,0.08923833072,0.0001826205553
1188,0.006626694463,0.05535340309,0.02298233472,0.06130628288
1189,0.08984277397,0.01412843913,-0.04478482157,-0.03762200102
1190,0.1025345325,0.04429160058,0.03142844141,-0.2001994401
1191,0.05068318918,0.09656298161,0.01493922248,-0.04582305625
1192,0.04298364744,-0.02604359202,-0.1190692633,0.03461620584
1193,0.1163784117,-0.1950221807,-0.01284565497,0.03324765712
1194,0.0455122292,-0.0922402069,-0.04675460607,0.1952818036
1195,0.06796716154,-0.1226571202,0.1322988123,0.09040435404
1196,0.08497340977,-0.03543871269,0.08744986355,0.1008723378
1197,0.01581499353,0.01978071965,0.02384253591,-0.02373487875
1198,0.04088136926,-0.07586953044,0.02485114709,-0.008877589367
1199,-0.02668681182,0.05415066332,-0.09077481925,0.07849864662
1200,-0.01939311065,-0.06825967133,-0.1370075047,-0.04052342847
1201,-0.006110731978,0.05094631761,0.1207243428,-0.06276700646
1202,-0.01021560561,-0.03470044211,0.06900928169,-0.02713982575
1203,-0.0203042198,-0.05778748542,-0.1508207023,0.02000905387
1204,0.0971493274,-0.09869278967,-0.0402353555,0.014964086
1205,0.05758681148,0.1405408531,-0.02196796238,-0.02802682482
1206,-0.04359012097,0.04014813527,0.06210692227,-0.05935526267
1207,-0.01207443327,0.07707931101,-0.02486648783,0.06818249077
1208,-0.02939229459,0.04227607325,-0.06693486869,-0.09334500879
1209,-0.07450847328,0.005535692442,-0.07109471411,0.03351392597
1210,-0.06018634513,0.1235013008,-0.08252988756,-0.06902831048
1211,-0.03273764625,-0.01178972796,-0.1202192381,-0.02474333905
1212,-0.04561731964,0.01798223704,0.07378399372,0.05729920417
1213,-0.07837224007,0.08596865088,0.02880239673,-0.1142104268
1214,0.03165968135,-0.06195936352,0.06651754677,0.009140243754
1215,-0.01488426514,-0.08427881449,0.01009496301,-0.09087526053
1216,0.01046298258,-0.02423696406,0.01424914692,-0.06035901979
1217,0.06382139027,0.1208212376,-0.04642401263,0.02127210051
1218,-0.04652044177,-0.1024387479,0.005150989629,-0.07471685112
1219,-0.07491066307,-0.005164742004,-0.08388859779,-0.06056696549
1220,-0.07569492608,0.04063028097,-0.03568778187,-0.1734369844
1221,-0.04361076653,-0.01079366636,0.07572966814,-0.09710405767
1222,-0.05729145184,-0.07705628872,-0.01451272052,-0.08512301743
1223,-0.03956213593,-0.08283813298,-0.009404875338,0.00779237086
1224,-0.02570508793,-0.03170058504,-0.03763103858,-0.0854845643
1225,-0.04700113088,-0.04198805615,-0.007644000929,-0.03202394769
1226,-0.07561101019,-0.1281881779,-0.05854195356,-0.008498946205
1227,-0.08983870596,-0.1226819903,0.03342114761,0.004917020909
1228,-0.1001174301,0.07747200131,-0.04022251442,-0.08974351734
1229,-0.05444486812,0.03379655629,0.01903977431,-0.0006863861345
1230,-0.07070652395,-0.02864105627,0.05439614505,-0.0840652585
1231,-0.05924552679,0.01882182434,0.0103486171,-0.1060688421
1232,0.01841026917,0.03719833121,-0.0358492434,-0.05229876563
1233,0.02741390653,0.111878328,0.08526262641,0.016449688
1234,-0.008296076208,-0.2000573426,-0.04770812765,-0.03336001188
1235,0.01721832342,0.05805055052,-0.03582686186,-0.08645104617
1236,-0.01302271057,0.01211746223,-0.1127506644,-0.1850975305
1237,0.002595530823,-0.05389255285,0.1923493743,-0.01851966418
1238,-0.04921877757,0.03099525347,0.06260348856,-0.1295909584
1239,-0.02884094045,0.03752302751,0.01515493542,-0.03885917366
1240,-0.05825899169,0.05400507897,-0.05427976325,-0.1158447266
1241,-0.04159037396,0.1730017811,0.04874724895,-0.08069618046
1242,-0.07185746729,-0.09027277678,0.1776677221,-0.1230069846
1243,-0.07602994144,0.001741030836,-0.03994961455,-0.1053986624
1244,-0.0797964558,0.1167185083,-0.007837311365,-0.1445697695
1245,0.008526971564,-0.05344971642,-0.006622853689,-0.007849125192
1246,-0.05912329629,-0.08213055879,0.08934392035,0.01742122881
1247,-0.038314417,0.01952590235,-0.05733163282,-0.17630364
1248,-0.08168471605,0.06435526162,0.04662461579,-0.1688689291
1249,-0.08595634252,-0.09550230205,-0.00141802209,-0.1735664904
1250,-0.07677775621,-0.06600918621,-0.1509744525,0.02579855733
1251,-0.1148028448,0.1505575329,-0.0712878257,-0.1539794207
1252,-0.07647653669,0.04586873576,-0.02231518738,-0.1516412348
1253,-0.06284818798,0.002249046462,0.04982455075,-0.01578223519
1254,-0.131980598,-0.0794922933,-0.02766460367,-0.1582821161
1255,-0.1003609225,0.05979280174,-0.06186209247,-0.1606585085
1256,-0.03629953042,0.09923451394,-0.08191086352,-0.1702696532
1257,-0.09644880146,0.04714231193,-0.0255213175,-0.188296929
1258,-0.03107584268,-0.06797538698,0.1152119413,0.05734174326
1259,-0.05289821699,0.1072056293,0.05143290013,-0.06572366506
1260,-0.03617006168,0.005574183073,0.03478049114,-0.0175250005
1261,-0.04683845863,0.08511178195,-0.09544710815,-0.01343901269
1262,-0.05252675712,0.07755091786,-0.1040213779,-0.03873724118
1263,0.009812371805,0.1273159981,-0.01412409823,-0.07760425657
1264,-0.02592491917,-0.03441567719,0.09266003221,-0.05682352185
1265,-0.05352814496,-0.174700737,0.02777006477,0.05390515551
1266,-0.01092997659,-0.1140026376,0.0009302890394,0.067075409
1267,0.01329533383,0.03860291466,0.03837519512,-0.0593932122
1268,-0.01499052066,-0.07130979002,0.02992702834,-0.0772215277
1269,0.003752644174,0.01912748069,0.0529137142,-0.03848573193
1270,0.05299691856,0.0035289675,-0.1292580813,-0.09225295484
1271,-0.04682002589,0.03117054328,-0.04383872077,-0.1144973114
1272,0.06538996845,0.06026038155,0.0008777330513,0.05425442755
1273,-0.06086879596,-0.169298768,-0.07598038018,-0.0459084101
1274,-0.06375399977,0.01696476154,0.02741688862,-0.06255108863
1275,0.01662346162,0.02676644735,-0.09732480347,0.08940663189
1276,0.01853484847,0.0111848684,-0.07668862492,-0.0477293618
1277,0.02511643991,-0.01853839681,0.0771484822,-0.129625231
1278,0.03923787549,-0.01915398054,-0.02466286719,-0.08387765288
1279,-0.008920959197,0.02214546502,0.04489156231,-0.006398119964
1280,0.0257267151,0.04199409112,-0.0008439495577,-0.03455927223
1281,0.02045551874,-0.03557335585,-0.01757832244,0.1245185882
1282,0.03386733308,0.04644758999,-0.07758776844,0.05606555566
1283,0.0057662162,0.006546711084,-0.01897580549,-0.02083090693
1284,-0.01304838993,-0.08384495229,0.0866881609,-0.008882598951
1285,0.02364126034,0.068345882,0.1058570072,0.05042188987
1286,0.004267479759,-0.0254520867,0.06219401956,0.1301373541
1287,0.07411454618,0.1120767444,0.07627172023,-0.07166342437
1288,-0.01736138016,-0.06367241591,0.08221653849,0.1027008444
1289,0.01182446815,-0.1012135148,0.04771917686,0.01622956432
1290,-0.005576175172,0.03212603182,0.06084477901,-0.01918307319
1291,0.02052535862,0.01672102138,-0.1200373098,-0.00330397021
1292,0.05294550955,0.04916037247,-0.01899309643,0.02348052338
1293,0.02646694146,0.06498082727,-0.08147937804,0.02713077702
1294,0.02710353583,-0.009299425408,0.05288860574,0.04961314052
1295,0.0999667421,-0.04771569744,0.07296177,0.02802856453
1296,0.05963322148,-0.01630403474,0.02558849938,0.02023050748
1297,0.01390455011,-0.02854004502,0.01928531937,-0.06429023296
1298,0.05177820101,-0.009541558102,0.1133997589,-0.03269306943
1299,0.09733341634,-0.1605447084,0.01622337475,0.02036981098
1300,0.07388301939,0.02874233201,0.08379008621,-0.007444569841
1301,0.01928494498,-0.0158946272,-0.08743625134,-0.1033091396
1302,0.08972877264,-0.1706226766,0.007800329011,0.01053489186
1303,0.03633113205,-0.01197673101,0.02122878842,-0.03586317226
1304,0.1315858811,-0.1584641039,-0.08199375868,-0.02463722415
1305,0.09979455918,0.09039065242,0.04940902442,-0.01800483651
1306,0.08657646924,0.03565744683,-0.05425180495,0.006915240083
1307,0.04434628785,0.000584663474,-0.0600464195,-0.07991169393
1308,0.01518249605,-0.1339241564,0.08684100956,-0.04290637001
1309,0.0255973693,0.03071154281,-0.01599356346,0.09286528081
1310,0.07872723043,0.001470202347,-0.04386401176,0.0720109269
1311,0.1085431054,0.0005726523232,0.03926316649,0.0550676696
1312,0.04197221249,-0.003604140133,-0.04599126801,0.006657002494
1313,0.0005317933974,-0.04104105756,-0.001971309539,-0.02782640606
1314,0.08541558683,-0.00858658459,-0.08720973879,0.1057293192
1315,-0.01201439276,-0.05244084075,-0.02767511457,0.003484853311
1316,0.0007424657233,0.01699165441,-0.1142196655,0.006096530706
1317,0.009559405036,-0.009420325048,0.009925215505,-0.05754276365
1318,0.05553267151,-0.05516371131,0.07843697816,0.1043729559
1319,0.01491302811,0.06425409764,0.005396266002,0.01177893393
1320,-0.0201499667,-0.09002262354,-0.01995527185,0.1304783076
1321,0.0174301751,0.07840260863,-0.04037904367,-0.03776984662
1322,0.01312308386,-0.2189640105,-0.09953814745,0.04294544086
1323,-0.006149464753,-0.03571094573,0.08681123704,0.1023205593
1324,-0.000410677545,-0.09991675615,0.1036630049,0.01417103875
1325,-0.07777579874,-0.001208351227,-0.02760946378,-0.05626957864
1326,-0.03740086034,-0.03515344486,-0.009542988613,-0.05014908314
1327,-0.04553741962,0.1536722034,-0.03092726693,-0.1415686607
1328,-0.0899746716,-0.01634910889,-0.00966099184,-0.151752606
1329,-0.06306022406,0.1101737395,-0.005927104037,-0.05765688792
1330,-0.1083570421,-0.08353300393,-0.2301627398,-0.0316876024
1331,-0.1684285402,0.02763413452,-0.03749780357,-0.03956502676
1332,-0.08211071789,-0.05998758227,0.01674604975,-0.008268851787
1333,-0.1062429249,0.0500453338,0.01463793311,0.009493302554
1334,-0.07676600665,0.06591550261,0.05154857785,-0.01278749295
1335,-0.04103279859,-0.05507226661,-0.1513373256,-0.1211972758
1336,-0.04131562635,-0.01425251365,-0.02676150948,-0.03881872073
1337,-0.1223253757,-0.05559405684,-0.0476405248,-0.1332017928
1338,-0.08810792118,-0.08994626254,0.1354084164,-0.06570706517
1339,-0.06858998537,-0.09317170829,0.1148290113,-0.0002762507356
1340,-0.0722297132,-0.09847743809,0.02802084014,0.0718845427
1341,-0.04229807481,0.02284143679,0.09559874982,0.002397569595
1342,-0.09307092428,0.04058113322,0.1821802109,-0.0959771499
1343,-0.04060279205,0.00310816383,0.1094008908,-0.06612832844
1344,-0.06002852693,-0.01786474325,0.08420713991,-0.07014944404
1345,-0.04310449585,0.04030098021,-0.07690898329,0.03451310098
1346,-0.01867955364,0.01078129094,-0.04588709027,-0.007211125456
1347,-0.06044011563,0.0447473228,-0.01403198764,0.003382856492
1348,-0.01997321099,0.02744636312,0.001401959918,-0.01888860203
1349,-0.09516934305,0.03272710368,0.1277563721,-0.0544484295
1350,-0.02603753842,-0.007255449891,-0.1110078394,-0.03978528455
1351,-0.05225583166,-0.0001758895669,-0.1581073105,-0.06502536684
1352,-0.01101337653,0.005943154916,0.1566736847,-0.1107097566
1353,-0.06315609068,0.004867597949,0.09633957595,-0.06782446802
1354,0.001800206723,-0.03048750572,0.06117848307,-0.01696852595
1355,-0.09998366237,0.04184356704,-0.01994358748,0.07283166796
1356,-0.0948958993,0.0512381494,-0.08460115641,0.04298140109
1357,-0.06836985052,0.116052933,-0.06034697965,-0.1050605848
1358,-0.1049652994,0.06274196506,-0.04520192742,0.03445487097
1359,-0.06310759485,0.1230413169,0.09371164441,-0.05320553482
1360,-0.1389749348,0.04318614304,0.122926496,-0.02068000846
1361,-0.116955705,0.09508258104,0.006216062699,-0.00744275935
1362,-0.08957834542,-0.01220674999,0.1342517883,0.03077830374
1363,-0.0303958077,0.09461034834,0.04835531488,-0.02349093556
1364,-0.1610398889,0.02874138579,-0.03297091648,-0.1296813935
1365,-0.07821963727,0.08903452754,-0.05133716017,-0.002509667771
1366,-0.02694677748,-0.08316659182,0.01813256554,-0.07950421423
1367,-0.07686995715,-0.04693328962,0.05427172408,-0.1714926064
1368,-0.06994988024,-0.01644340344,0.02556359395,-0.06819083542
1369,-0.03828632459,0.07146005332,-0.0040808958,-0.05934954062
1370,0.0755142495,-0.05726230145,-0.04520674422,-0.07083930075
1371,-0.004019412212,0.1473841369,-0.008308976889,-0.01390657388
1372,-0.001068306738,0.01936168969,-0.09974962473,-0.07617679238
1373,-0.01402899437,0.1178223789,0.009184261784,-0.03179553151
1374,-0.04259396344,-0.03913553432,0.03582079336,0.01389315072
1375,0.008218617178,-0.09290859103,-0.1165491566,-0.1091445386
1376,-0.06545832008,0.04766752198,0.001790624112,0.008110088296
1377,0.0006526756915,0.006508912891,0.07866632938,0.005691620987
1378,-0.08280719072,0.03808719665,0.07213381678,-0.1258047521
1379,0.0237303637,-0.0504389964,-0.07413717359,-0.08956421167
1380,-0.01902254485,-0.01256861538,0.1169506907,-0.0558571741
1381,-0.01755495183,0.0600396581,0.03378684074,-0.01012210269
1382,-0.07404334098,0.08716709167,-0.07460914552,-0.03196362779
1383,-0.05768653378,0.005554544274,0.01654557139,-0.0555482246
1384,-0.1030901521,0.005847522523,0.07567480206,-0.1519771367
1385,-0.1165947989,0.09345053881,0.03206498176,-0.09348264337
1386,-0.1284986436,0.07554443181,-0.1488381624,-0.06082743406
1387,-0.1083577499,-0.07360109687,-0.01968179271,0.01669107936
1388,-0.1518643051,-0.009193628095,-0.02443378419,-0.03291057423
1389,-0.1298757792,0.0414034985,0.06143855304,-0.08971109986
1390,-0.1207162663,-0.08961585164,0.08549296856,-0.1276402473
1391,-0.1937055588,0.1099165156,-0.01640340686,-0.1548496634
1392,-0.1131088361,0.05265055224,-0.107629776,-0.1164896265
1393,-0.1030819342,0.04037672281,-0.1222283617,-0.0935120061
1394,-0.1665045619,-0.02021788992,-0.04233369976,-0.1265182048
1395,-0.1377474815,0.009827041067,0.04673475772,-0.1372924745
1396,-0.09824027121,0.135851562,0.06069717929,-0.04850539565
1397,-0.1401626319,0.0674867481,-0.07283577323,-0.07253757864
1398,-0.1657430083,0.02849408984,0.03916962445,-0.1699295342
1399,-0.1560790092,0.1157978252,-0.02008785494,-0.13375552
1400,-0.1165908054,0.03149970248,0.002024928806,-0.19779782
1401,-0.1034326404,0.108656019,0.03649018332,-0.1572903693
1402,-0.151797846,0.09907517582,-0.02445825189,-0.1428612769
1403,-0.1620102823,0.06865523756,-0.06153796613,-0.02173801698
1404,-0.1426552236,-0.04041581601,0.03373360261,-0.02269561402
1405,-0.1608127207,0.03003091924,0.01634040661,-0.02982663549
1406,-0.09756820649,-0.06674320251,-0.03207382932,-0.1297278702
1407,-0.121740289,-0.04807823151,-0.06717368215,-0.07336958498
1408,-0.1391763687,-0.03290558234,-0.06776056439,-0.05173071846
1409,-0.1498760432,0.0859721303,0.1286365241,-0.01282075234
1410,-0.08025227487,-0.07285054773,-0.01938432641,-0.0463305451
1411,-0.2346023619,-0.1027955264,-0.05234150589,-0.1339524537
1412,-0.1799116731,-0.128289327,-0.1302405596,-0.22361058
1413,-0.1460065246,-0.01591796987,-0.1904536784,-0.0924211368
1414,-0.1612659246,0.1972874105,-0.06280519813,-0.003495122306
1415,-0.1711917818,0.02965536714,0.13006033,-0.04921218753
1416,-0.1188359484,-0.07815597951,-0.01357445773,-0.0310071297
1417,-0.1859571785,-0.07185371965,-0.014178982,-0.13231951
1418,-0.08483126014,-0.129928574,-0.007875399664,-0.1482755542
1419,-0.1457027197,-0.0308693815,-0.1200607195,-0.08086510003
1420,-0.1357396245,0.0527761206,-0.03090291843,-0.09689363837
1421,-0.1571158469,-0.04590792209,-0.02109993435,-0.1114246622
1422,-0.1372531801,-0.1217797548,0.01236628648,-0.07560493797
1423,-0.1149154603,0.06354243308,-0.2287853509,-0.1438672543
1424,-0.09846572578,-0.03601392359,-0.09598852694,0.05814124271
1425,-0.0856018886,0.1800260842,0.001227853587,-0.1471089572
1426,-0.1380906403,-0.04823592678,-0.07521924376,-0.069299303
1427,-0.06370704621,0.07803670317,0.1737695485,-0.04050834104
1428,-0.05597069487,-0.05620001629,-0.01684583351,-0.05876184627
1429,-0.09511490911,0.1849174947,-0.02215628885,-0.1235632226
1430,-0.06515639275,0.03001072071,-0.004967448302,-0.1891410351
1431,-0.07249267399,0.08865989745,-0.07086078078,-0.05798753351
1432,-0.07608287036,-0.07920587808,-0.06853118539,-0.05819329992
1433,-0.05870134011,0.1360136271,-0.001038219663,-0.0680623129
1434,-0.09437748045,-0.007222317159,0.03384904936,-0.1024237424
1435,-0.05938687548,-0.05232523382,0.02748189308,-0.1217924133
1436,0.03082906641,-0.04905122146,-0.008284891024,-0.07497609407
1437,-0.03963442519,0.06232952699,0.00344916014,-0.05816227198
1438,0.02113570645,-0.03696376458,-0.02963276207,0.03177367896
1439,0.01808305643,-0.0411648117,-0.08098384738,-0.05965998396
1440,-0.07556761801,-0.0888023898,0.03796331957,-0.1102609932
1441,-0.06010163948,-0.002772404347,-0.0453611277,0.01180628967
1442,-0.06075851619,-0.05799458176,0.05369771272,-0.01247783937
1443,-0.07730159163,0.1067662016,-0.03460381925,-0.04822348431
1444,-0.1245393082,0.01728282869,-0.06303311139,-0.2407588214
1445,-0.1083045602,0.02613965236,-0.05737404153,-0.1101823226
1446,-0.08412756026,0.03109162115,-0.06491772085,-0.07229867578
1447,-0.1133982986,-0.08581840247,0.0938020274,-0.07662622631
1448,-0.0907445848,0.2088398337,-0.1753064841,-0.0467463471
1449,-0.09228862077,0.1353164017,-0.04743362218,-0.1341674775
1450,-0.02742677368,-0.03602821752,-0.04417750239,-0.1188522503
1451,-0.05731352791,-0.08971770853,-0.1221200749,-0.1063263118
1452,-0.05313860625,0.0136405481,-0.07394021749,-0.1350615174
1453,-0.1408357471,0.03134188801,0.09970005602,-0.1345739365
1454,-0.06205303594,-0.01868094504,-0.2055643499,-0.0855030939
1455,-0.08335758746,-0.07847844064,-0.02019556426,-0.1549779177
1456,-0.007045852486,-0.08483491093,-0.03201033175,-0.1008800492
1457,-0.1195584014,-0.001539709861,0.04030807689,-0.08002445847
1458,0.01202806644,-0.02196502499,0.06020434201,-0.1309316158
1459,-0.02695077285,-0.00299436762,-0.04520549253,0.0121772401
1460,0.02511998639,-0.02990009263,0.003412642516,0.04741294309
1461,0.0801884532,-0.1695650965,0.07441227138,0.1237208769
1462,0.04669113085,-0.06535919756,0.111977227,-0.04642802849
1463,0.04552198201,0.006704099476,0.04459283501,0.1028057858
1464,0.02782407217,0.1121509969,0.06698556989,0.009455294348
1465,-0.009252893738,0.02587838098,0.02203997597,0.1427440494
1466,0.06915064901,-0.04555444047,0.01851916872,0.07313292474
1467,-0.008604303002,-0.05092230812,-0.1448745728,0.1157340109
1468,0.01579778455,-0.1051046699,-0.08605075628,0.01270014886
1469,0.05607136711,-0.04809984565,-0.06179218739,0.1014808342
1470,0.1198792234,-0.05454426631,0.04517541826,-0.01417828538
1471,0.04464814067,-0.008511175402,-0.04873070866,-0.115553312
1472,0.09763117135,0.003504744498,0.04043681547,-0.04511189461
1473,0.1084345803,-0.005107314792,0.006907061208,-0.0643729493
1474,0.01958481222,-0.05803483352,0.02617506683,0.0525084734
1475,0.09471713752,0.02376178838,-0.01375641301,0.1523306221
1476,0.02608298324,0.01643220708,0.1439985037,0.07170030475
1477,0.03835538775,0.04335302114,-0.1285607219,0.04166761413
1478,0.02191409282,0.01207299344,-0.05881509185,0.04391057044
1479,0.09938825667,-0.0837770775,0.004083538428,0.04257865623
1480,0.04638557509,0.02863989398,-0.09767311066,0.06217383221
1481,0.06064288318,-0.06107205898,0.05228054523,0.115617089
1482,0.004686359782,0.08984301239,-0.04049203917,-0.03190948442
1483,0.07970432937,-0.005876379553,0.1862538159,0.08310861886
1484,0.08308277279,-0.1027128771,0.07183663547,0.05443617329
1485,0.05151097104,-0.02622779831,-0.01233793795,0.02337135188
1486,0.04713093489,0.002443833509,0.01195063163,0.1775112301
1487,0.08076027036,-0.09001979232,0.09438312054,0.003309205174
1488,0.06122499332,-0.1310705096,0.001597512048,-0.05581175908
1489,0.02827018872,-0.1042846143,-0.09311737865,0.0715938583
1490,0.1535130143,-0.07105135918,-0.04972592369,-0.006841090973
1491,0.08389072865,-0.2118446082,0.0693250522,0.03892749548
1492,0.06680627912,-0.0283471141,-0.1089903712,-0.02172288857
1493,0.1244637296,0.06689365953,-0.05346240476,-0.02327202074
1494,-0.01008115336,0.01585589908,-0.104202956,0.09408190101
1495,0.01516394317,0.1262623966,0.04761108756,0.1026658788
1496,0.0456555225,-0.1503414363,0.02568743937,0.01994410716
1497,0.12072514,-0.1414615512,-0.01640016958,0.0849013105
1498,0.08266118169,0.002868557582,-0.04364961386,0.1245354265
1499,0.08596799523,-0.01183698513,-0.01822257787,0.1251971722
1500,0.08867008984,-0.01772975735,0.07924000174,-0.04202939197
1501,0.0777278468,0.07218084484,0.05939751863,-0.01028369088
1502,0.02151437849,-0.1261327416,0.05392222106,-0.06416549534
1503,0.146313861,-0.04373761266,-0.003479645588,-0.03472930193
1504,0.0186597649,0.005494881887,-0.1896613687,-0.0003726403229
1505,0.04648134485,0.07831691206,-0.01146171056,0.01205457374
1506,0.06032710895,0.01187659428,0.05475688353,0.07072272152
1507,0.02509286068,0.02290487476,0.08217723668,0.06826208532
1508,0.05127264932,-0.138621971,0.005768951029,0.02948569879
1509,0.03286280856,0.08770687878,-0.1181515381,0.01365145389
1510,0.05295266584,0.02583985217,-0.02916514687,0.009937579744
1511,0.05474207178,-0.1085369587,0.06325729936,0.0186193455
1512,-0.01519702934,-0.04363544285,0.02657568268,-0.07065536082
1513,0.003576597665,-0.1009607017,-0.007166588213,0.02683663554
1514,0.0007994736079,-0.03515591472,0.04374123737,0.06330613792
1515,0.003751133801,0.08277012408,-0.090754278,0.03686372936
1516,-0.006677131169,0.06746245176,0.05610642582,-0.0395815298
1517,0.07336180657,0.01269859821,0.02557444945,-0.1033563018
1518,-0.0001980592206,-0.05256125331,0.09401839972,0.02216116339
1519,-0.06861425191,-0.1127829924,-0.09802414477,0.07040976733
1520,0.01445293799,0.02171036415,-0.02901302278,-0.1550068408
1521,0.0393678546,0.08227193356,0.199246943,-0.1025702059
1522,0.01789897121,-0.05656453967,0.2171100229,0.03541887552
1523,-0.004446970765,-0.04697310552,0.1209266484,-0.02607490681
1524,0.02941147052,0.07480526716,-0.04581370205,-0.04716166109
1525,-0.005871354137,0.03300336748,0.0492217131,-0.08979923278
1526,-0.03540056944,0.05215061083,0.0167184975,-0.02487769164
1527,0.02270787954,-0.001005767961,-0.01721529849,-0.04865945876
1528,-0.01336359885,-0.02046986669,0.2406847477,-0.00103796809
1529,0.001919467701,0.04830674455,0.07482179999,0.01667762734
1530,0.01420308277,-0.08293031156,-0.005345118232,0.08966182172
1531,0.002246607328,-0.01317449566,0.08063449711,-0.02266621031
1532,-0.02143233642,0.01603287272,0.08832274377,0.03602245077
1533,0.0134634804,0.1048062891,0.1539866179,-0.009968499653
1534,0.03219603375,0.007400664501,0.05143822357,0.005759419408
1535,-0.02820472978,0.0980297327,-0.02945381775,0.04530631378
1536,-0.01277993526,-0.07742848992,-0.09249661863,0.02116255276
1537,0.01251177024,0.02024015225,0.08844790608,-0.09878400713
1538,-0.001842332305,0.01007207856,-0.1008583233,-0.03318591416
1539,0.05250351876,0.09206612408,0.04491641745,-0.005170395598
1540,0.1214584485,-0.01597221196,0.02388968132,0.02159566432
1541,0.09853537381,-0.06656616181,-0.03494411334,0.05600419268
1542,0.1123701856,-0.1213697344,0.09683609009,0.1536710709
1543,0.1372492909,0.1480952352,0.02475772426,0.1193687916
1544,0.1437426507,0.202804029,0.03386588767,0.09641803056
1545,0.09652678668,0.03065611795,-0.03273542598,0.1021066234
1546,0.1294713467,0.01534583513,0.01053670514,0.04532334581
1547,0.08533690125,0.07278485596,-0.136175856,0.1630133837
1548,0.07188919187,0.115046069,-0.04469612613,0.1437608302
1549,0.0988457799,0.04306096956,-0.0423325561,0.06811456382
1550,0.08856260031,0.09584280849,0.06762993336,0.07677613199
1551,0.01737245917,-0.05836732686,0.08538149297,0.08309268951
1552,-0.08865813911,0.08783387393,-0.06839700043,-0.01500273962
1553,-0.1070430055,-0.01248566713,0.04907728732,-0.1001574621
1554,-0.01037531532,0.07525960356,-0.03671151772,-0.1789614558
1555,-0.07333631814,-0.05826853216,-0.00235899887,-0.1000097618
1556,-0.08473423123,0.1177437082,0.03235010803,0.02016550489
1557,-0.1215278357,-0.02435655519,0.09221989661,0.007303560153
1558,-0.057378795,0.02692615986,0.0001342660544,0.03384295106
1559,-0.005864787381,-0.04686146975,0.086731188,0.05006625131
1560,-0.08861159533,-0.03732552752,-0.02784290351,-0.10571336
1561,-0.07847806811,0.06121046841,-0.0774827227,-0.07875961065
1562,0.003400395392,0.05056741461,0.1151390597,-0.05493569374
1563,-0.1066426486,-0.02989629097,0.09397383034,-0.0921330303
1564,-0.02780493163,-0.06681905687,0.1032077074,-0.01695663482
1565,-0.03435875848,0.02790990099,0.05725676566,0.05437198281
1566,-0.01035975758,-0.0231797006,-0.07358665019,0.07525529712
1567,-0.01542941015,0.1051609963,-0.04953469336,-0.0576284714
1568,-0.05463565886,0.076550439,-0.1127738357,-0.02069875598
1569,-0.1351261437,-0.05814673752,0.07380649447,-0.02991972305
1570,-0.04866802692,-0.06717900187,-0.002979602898,0.0506230481
1571,-0.01297099609,0.09310349077,0.006316407584,-0.05611972511
1572,-0.07969913632,-0.01611468755,-0.03679900989,-0.03442220762
1573,-0.1019472778,-0.08299247175,0.02114393935,0.02611124143
1574,0.03607479483,-0.05179791898,0.07743684947,-0.04299460351
1575,-0.01492738631,0.05268775672,-0.003225414781,-0.04869449884
1576,-0.05223214626,0.1118184775,0.03698480129,0.009847276844
1577,-0.07562833279,-0.04640983045,-0.1212255135,0.06398221105
1578,0.0121264793,0.06068760157,-0.03211475536,-0.0171074383
1579,-0.02271893807,-0.03180013597,-0.01814208366,-0.002419430064
1580,-0.04393611848,-0.1319260001,0.01001852006,-0.03596894443
1581,-0.07560062408,-0.06322168559,-0.09001399577,0.05837910995
1582,0.0006380272098,0.07548148185,-0.1006298736,0.01283260155
1583,-0.01344337221,0.0543255955,0.06706313789,-0.1023997292
1584,-0.1164629087,0.07937322557,-0.0612828806,-0.008765165694
1585,-0.02240748331,-0.03239325434,-0.04225446656,0.003903795732
1586,-0.03979538754,-0.09142702073,0.07620358467,-0.02854139544
1587,0.02621498518,0.06042927131,-0.0414432846,0.01121617015
1588,-0.03801104799,0.03888143227,-0.08331139386,0.05615212023
1589,0.0728558749,-0.1042122692,0.08148867637,-0.01288892794
1590,0.0003224437532,0.02157159336,0.003255638527,0.002679820871
1591,0.05693735182,-0.07388746738,0.06674432009,0.02630221099
1592,-0.03854010999,-0.06471500546,0.002814019797,0.01029425673
1593,0.01391207706,0.08679391444,-0.06945084035,-0.07951647788
1594,0.0004700861464,0.1594775319,-0.04766065255,-0.0122131668
1595,-0.01611063629,-0.1020642892,0.009388417937,-0.05200527236
1596,0.02254643664,-0.00910043437,-0.04161505401,0.05822094157
1597,0.08480781317,-0.01148965489,0.01801984198,0.1320639551
1598,0.03515296429,0.08921722323,-0.08059774339,-0.00160294387
1599,0.08556701988,0.0511629954,-0.1426287442,0.07594507933
1600,0.03671000525,-0.1931057572,0.01483062934,0.005933081731
1601,0.07393262535,0.01987861656,-0.01143748686,0.06664828211
1602,0.05529227108,-0.03741344064,-0.1061483547,0.1087072343
1603,0.04126923531,-0.01896305755,-0.02021351457,0.005112525541
1604,0.05946887285,-0.04015445709,0.009506485425,0.02500523441
1605,0.1509385556,0.03175317496,-0.134845078,-0.03560716659
1606,-0.01244700886,0.05081402883,-0.11977835,-0.00682565337
1607,-0.0006550601684,0.07390373945,0.02789835259,-0.1407987028
1608,0.01512577757,-0.1084875688,0.03247253597,0.008520565927
1609,0.01977990009,-0.008092322387,0.06771735847,-0.009308962151
1610,0.06178963929,-0.07955601066,0.03688367829,0.0160850063
1611,0.09466014057,0.007430026773,0.02058001608,0.06198114902
1612,0.04313943535,-0.01501245797,-0.1006090865,0.01978212968
1613,0.09921979904,0.04565913603,-0.06848043203,0.02156674303
1614,0.09323137254,-0.1937042773,0.07121849805,-0.02749663778
1615,-0.01616702788,-0.1085762009,0.1020213291,0.05414148793
1616,-0.01047970541,0.03308295459,-0.05997092649,0.01621441171
1617,-0.001607389539,0.004175583832,-0.02999230102,0.02035809867
1618,0.1185061336,0.1015655845,0.003454949008,0.03686361015
1619,0.106862627,-0.1150266603,0.006968624424,-0.009148773737
1620,0.06150238216,-0.05511666834,0.1608273536,-0.01913107373
1621,0.003704014001,0.05827433616,-0.04141270742,-0.05205401406
1622,0.07095487416,0.03974075615,0.005181028508,0.0849192664
1623,0.09770591557,-0.06002147868,-0.04330681637,0.06272576749
1624,0.07317877561,-0.01531460974,0.03104620799,0.08222006261
1625,0.1060672849,-0.04229406267,0.01072307304,0.0356788747
1626,0.06169785932,0.002585367765,-0.03721205145,-0.05283471197
1627,0.01746691018,0.02566616237,-0.0920368135,-0.02558121644
1628,0.04067123309,-0.01868632622,-0.02660569735,-0.01984200627
1629,-0.01975230314,0.1045737267,0.1284630895,0.01328991074
1630,0.01875598729,-0.08426510543,0.1412005275,0.0247010421
1631,0.04151227325,-0.1482987255,-0.06786230952,0.06600195169
1632,0.05407006666,-0.05428345129,0.05592848361,0.02226786315
1633,0.0745004639,0.1931777447,-0.1187156811,-0.02458187751
1634,0.03270543367,-0.1896058023,-0.02210794762,0.08181396127
1635,-0.01202949509,0.0953727141,-0.04020697251,-0.08279112726
1636,0.03880273923,0.009476939216,-0.04415958375,-0.05152827501
1637,-0.08540637791,0.1115252003,-0.1173965707,-0.07477649301
1638,0.01521482412,0.04505426437,-0.1575382948,0.06315599382
1639,0.01054446399,0.08612371981,0.0343551673,0.002889466006
1640,-0.048610311,-0.03092782386,0.02979403362,0.01178169902
1641,-0.02076357231,0.002361784922,-0.04691652209,-0.02654802985
1642,0.001690378995,-0.1520795375,-0.03731748834,-0.0006110724062
1643,0.0009469726938,0.009969851002,-0.08983656019,-0.1114467382
1644,-0.02715262398,0.03371025994,0.1359748244,-0.06197722629
1645,0.009245540015,0.1174710244,0.07335215807,-0.03972893953
1646,-0.01013399288,-0.1650753617,-0.0452737622,-0.07341271639
1647,0.07798268646,0.01606031694,-0.07695113868,-0.01121580694
1648,-0.00397084374,-0.009962566197,-0.06439030915,-0.003925340716
1649,0.000593001896,-0.02977334522,0.02773361094,-0.05095859617
1650,0.04051446915,-0.07164470851,0.02984270081,-0.03474220261
1651,-0.03811499849,0.07158148289,0.06104456633,-0.0499493815
1652,-0.03654405847,-0.02198049985,-0.03925506771,-0.114334777
1653,-0.02221764997,0.009332771413,0.1409301162,0.00534672197
1654,-0.05969729275,-0.07781216502,-0.0151522588,-0.03318482265
1655,-0.08655515313,0.04745623097,0.009725250304,-0.02964685299
1656,-0.04913598299,0.09997753799,0.07342200726,-0.0718382895
1657,-0.02956417948,-0.1113848463,0.03448630869,0.08758916706
1658,-0.08985362947,-0.05861768126,-0.03471437842,-0.05650710315
1659,-0.02179477923,0.03570595011,-0.05289920792,-0.08639157563
1660,-0.066171363,0.08626882732,-0.02985785156,-0.2132039219
1661,-0.1024057716,-0.08427509665,0.173973009,0.1013405547
1662,-0.01369447168,0.063642703,-0.2026914805,-0.05845082924
1663,9.07752401e-05,0.0676593259,0.001173950266,-0.1672187746
1664,-0.04056981951,-0.02586296201,0.06417485327,-0.1282908469
1665,-0.01807447523,-0.0136598926,0.1423301697,-0.07804870605
1666,-0.03534603864,-0.05333086476,-0.06311318278,-0.0797303617
1667,-0.09169481695,0.2526528239,0.04569743946,-0.06242370233
1668,-0.01849978045,0.08474170417,0.009242830798,-0.1481555998
1669,-0.02353402413,-0.01371684391,0.0752530098,-0.01309519541
1670,0.02156297863,-0.0965904668,-0.08376070857,0.03286401182
1671,0.06296147406,0.03737377375,0.0426254198,0.01762876473
1672,0.003434605664,-0.05497731268,-0.03426055238,0.01175543014
1673,0.007897197269,-0.004414551426,-0.06965722889,-0.05474575236
1674,-0.02667495981,-0.01071137283,0.05465095863,-0.04378672689
1675,0.04994416982,0.1700247079,0.05580380931,-0.1331962496
1676,0.05403900146,0.03031598218,0.08001019806,-0.02755529433
1677,0.01292462274,0.08367363364,-0.09261097759,-0.0183429569
1678,-0.01170612872,0.01199983526,0.06769528985,0.05583295599
1679,0.05501669645,0.09000105411,-0.1712492853,-0.06999520212
1680,0.02845429257,-0.08185038716,-0.1401518732,-0.1240993366
1681,0.05068364367,-0.08025629073,-0.1209225059,-0.04199527204
1682,-0.006584942807,0.02666576952,0.03326123208,0.0004647173628
1683,0.01262946054,0.1017356366,0.04561261833,-0.0541760996
1684,0.04660302401,-0.07449943572,0.06292384863,-0.009223963134
1685,0.02965582348,-0.1244088635,0.0797752142,0.02237146161
1686,-0.01223944686,-0.08259631693,0.01904614829,0.05228053033
1687,0.01544192061,0.02488094382,-0.03039339371,0.02269760519
1688,0.03610468656,0.006723079365,0.01373797655,-0.05336046219
1689,-0.008861081675,-0.01047832519,0.1323021054,-0.01875253394
1690,-0.01247741561,0.08203651011,-0.03949751705,-0.0253639333
1691,0.02070521191,0.1277592629,-0.03533343971,-0.01266582496
1692,0.0001535020128,-0.05607160926,0.02124736086,-0.008935428225
1693,0.02698135749,-0.1291984767,-0.09162831306,-0.04543691501
1694,0.1102763414,0.03638704494,-0.1697374284,-0.0496070087
1695,-0.03055635653,0.01077357307,-0.02124385722,0.07456168532
1696,0.001136877574,-0.01781995222,0.03366620094,-0.01471131295
1697,-0.02179094777,0.06033843011,0.06145206466,-0.02545860596
1698,0.04630424455,0.06484023482,0.0172702875,-0.02786330692
1699,-0.03315405548,0.08304353803,-0.03278544918,-0.04138047621
1700,-0.03319357708,-0.0531552285,-0.1222851947,0.02298069187
1701,0.1227590442,0.04091446474,0.03960941732,0.003469450166
1702,0.01707298309,-0.03985277936,-0.02867899463,-0.05738869309
1703,0.06158944592,0.05181206018,0.2111146897,-0.07868071645
1704,0.0460203737,-0.04347237572,0.04496318847,0.08584102243
1705,-0.00555114774,0.002469325671,-0.03737543523,-0.04072617739
1706,-0.005541304126,0.04704606533,-0.06688430905,-0.002827733057
1707,0.02479662001,0.1311156154,-0.04906116426,0.02312804386
1708,0.01764233969,-0.1420060843,0.07659320533,-0.02868211456
1709,0.04991064966,-0.1258808523,0.004475791007,0.02449572459
1710,0.07351191342,-0.1464659721,-0.04927757755,0.03873064741
1711,0.08433678001,0.06595042348,0.01499671023,0.07183425128
1712,0.04765951261,0.06269257516,0.07114480436,0.08558735996
1713,0.0839137733,0.04202203825,0.1200100258,0.04195321724
1714,0.07215873897,-0.1341237724,0.1554716974,0.05835945159
1715,0.1379161626,0.06146113947,-0.1324724704,0.1618303359
1716,0.05073274672,-0.1207072213,-0.09987478703,-0.04243817553
1717,0.1421492696,0.1310229003,-0.01222518086,0.1111062169
1718,0.09731069207,0.1119224578,-0.04001728445,0.06557248533
1719,0.1021663472,-0.2106968462,-0.05251820013,-0.00327030709
1720,0.09760800749,-0.02915542945,-0.1150259674,0.07440195233
1721,0.1452699304,-0.02216833644,0.00613441458,-0.1398018152
1722,0.06863353401,-0.0685325861,-0.02873817272,-0.04801502451
1723,0.1046617106,-0.05218951032,0.1253156662,0.006798615679
1724,0.1044434756,0.07068415731,0.1864555776,-0.04660086334
1725,0.08632289618,-0.04264755547,0.05320378393,0.06800724566
1726,0.06501738727,0.03987830877,-0.01345369779,0.00139854406
1727,0.09946759045,0.009691469371,-0.04619602486,-0.02363304235
1728,0.1473519057,-0.01460319944,0.06222324818,0.07236795872
1729,0.1000859439,-0.01760586351,0.01842883229,0.0808885321
1730,0.1282566041,0.05809585378,-0.00531773502,0.0684671104
1731,0.12834993,-0.02153483033,0.01749987341,0.146155715
1732,0.03565102816,0.01352406573,-0.06952562928,-0.02569049411
1733,0.105701372,0.01356059313,0.08218876272,0.06347796321
1734,0.1050971299,-0.08520627022,0.1808207929,0.02550746128
1735,0.08536177129,0.1253088266,0.01597443596,-0.001115420135
1736,0.1110864431,-0.02223035879,-0.007794554811,-0.05853562802
1737,0.07375378162,-0.2044301778,0.05265043676,-0.06433393806
1738,0.1262084842,-0.1225196794,-0.02523438632,-0.005089891143
1739,0.1273729056,0.03643125668,0.03932836652,0.01935258694
1740,0.1080505326,0.0395696722,-0.04506224766,0.02439438924
1741,0.1022305712,0.09524121881,-0.05868370458,0.06976229697
1742,0.02344906889,-0.1548599601,-0.02811420895,0.03277185559
1743,0.03823329881,-0.04155724868,0.02043523639,-0.06552670896
1744,0.02780082263,-0.01330429688,0.07006261498,-0.06033452973
1745,0.04497784376,0.1271426827,0.05141001567,-0.02372490801
1746,0.08334067464,0.1756191403,0.1148799062,-0.01478867047
1747,0.08097999543,0.1554874629,-0.08116185665,0.01570188068
1748,0.1090397909,-0.08605573326,0.1329718083,0.07463373244
1749,0.05707243085,-0.05743155628,0.004918452352,-0.00165726454
1750,0.08305336535,-0.1105267033,-0.08134590834,-0.006394887343
1751,0.07038956881,0.02589732967,-0.01375649776,-0.003416851861
1752,0.09956425428,-0.05571198463,-0.01106406469,0.02050095424
1753,0.04820403084,0.004206870217,0.1206589341,-0.1595229506
1754,0.04787798971,-0.06861634552,0.05461858585,-0.04599325731
1755,-0.0003988342651,0.05677224323,-0.08532277495,-0.02738269791
1756,0.01192134898,0.06533141434,0.08267048001,-0.01258553844
1757,-0.008980602957,0.1261656433,-0.0218965169,-0.1374447793
1758,0.07332225889,0.02982199192,-0.01972587779,0.08911129087
1759,0.01428144984,0.01598530263,0.06472113729,-0.07194071263
1760,0.1106659174,-0.07882203162,0.1743902713,0.07731801271
1761,0.05903492495,-0.156898737,0.04280781746,0.1075383574
1762,0.07498899847,0.02281271107,-0.0457527414,-0.00445682928
1763,0.01429143921,0.04129384086,-0.07116887718,0.01441744342
1764,0.1270714849,0.05488874763,0.03634720668,0.0268216487
1765,0.03742597252,0.007011043839,0.04341648147,-0.01102325786
1766,0.03725460917,-0.01065421104,-0.06691163033,0.03947312757
1767,0.0379248783,0.05120975897,-0.07193537802,0.005008437671
1768,0.02463017218,-0.03685777262,0.006461657118,-0.04970581084
1769,0.03026837856,0.1775772572,0.07751044631,-0.01275994629
1770,0.07828660309,0.07917333394,0.04486019909,0.01039201673
1771,0.03326846287,0.05476531386,0.09820571542,-0.03501454368
1772,0.06494668871,-0.1072528437,-0.03590106592,0.1961666048
1773,0.00675530266,-0.0157690905,-0.08834458143,0.002583965426
1774,0.04978011176,0.0276378002,-0.03541846573,0.04776056483
1775,0.0180102028,0.1518809348,-0.01981521212,-0.02984508872
1776,-0.01731604524,0.01517309062,-0.09039364755,0.05212641135
1777,0.01459139399,0.09199883789,-0.03773983568,-0.01048505399
1778,-0.002057837788,-0.09300902486,-0.02513520978,0.09164362401
1779,-0.009365082718,0.1602898091,0.08545780182,-0.01915865578
1780,-0.08645652235,0.003353181994,-0.07287839055,-0.02829422615
1781,-0.08962384611,0.08247181773,0.00339978328,0.04703019187
1782,0.04452297091,-0.02661380917,0.1108921841,-0.01192050613
1783,-0.08354866505,0.005429213867,-0.008005932905,0.02570253797
1784,-0.02912113257,-0.2358344048,0.06098922715,0.1029686555
1785,-0.03665412962,0.1365531534,-0.1242750287,-0.02860568464
1786,-0.07923713326,-0.04315846041,-0.05179472268,-0.02984702587
1787,-0.01484247018,-0.01492011547,0.02285194956,-0.007988352329
1788,0.02608986199,0.05105525628,-0.06833848357,-0.0473928079
1789,0.02377159707,-0.02289221995,-0.009108025581,-0.03097214736
1790,-0.002771206433,0.0008083564462,-0.07508005947,0.09075218439
1791,-0.01302322093,-0.01984558627,0.07445032895,0.07251821458
1792,-0.004806309473,-0.1964287013,0.01893229783,-0.08612422645
1793,0.0232264325,0.03248021007,0.06057516113,-0.01572587155
1794,-0.02562746592,0.0564612858,-0.08307474852,0.03583303839
1795,0.04086827859,0.05821666121,0.04069312289,-0.03318168968
1796,-0.06240840256,0.07115339488,-0.02691769786,-0.006174914539
1797,0.06396202743,0.08017735183,0.0852766186,0.007154900581
1798,0.01146241836,-0.1987223029,-0.04682220891,0.1569861472
1799,-0.001986844931,-0.08347212523,-0.04332420602,-0.01029827446
1800,-0.02825008892,-0.1182272509,-0.007918855175,0.1282922775
1801,-0.004891999532,-0.05359992385,0.02375185303,0.01547992416
1802,0.04985455424,-0.1050118133,0.1566427797,-0.02152061462
1803,0.08622406423,0.06951735169,0.06945010275,-0.0825028494
1804,0.08471520245,-0.06088732928,-0.016253585,-0.08052419871
1805,-0.01587051526,-0.04226546735,0.003005702049,-0.03669863194
1806,0.006952610333,-0.05300524831,-0.1155170202,0.06470517814
1807,-0.04845683277,0.01614030451,-0.001388717443,0.0139752645
1808,-0.04013385624,0.002231767867,0.01723513193,0.1196546257
1809,-0.02929963917,-0.05003392324,-0.05744580552,0.06784911454
1810,0.0234458223,-0.1124104038,-0.1530864686,0.08177823573
1811,0.03748598695,0.0644717589,-0.0506972447,-0.0008699313039
1812,-0.02228631638,0.0178895779,0.01056232583,0.03375144303
1813,0.02808554098,-0.007555231918,-0.01042005885,0.08397111297
1814,0.02239358053,-0.03177106753,0.05155129358,-0.05872452259
1815,0.04842975363,-0.03767036647,-0.02311598696,-0.01734919287
1816,-0.005803043954,-0.06372112781,0.02475063503,0.1188783422
1817,0.006302207708,0.05514778197,-0.1223445684,0.08996701241
1818,0.04835611209,-0.04238624498,0.1100949124,0.1425268352
1819,0.02821323276,0.2766551971,-0.1322813183,0.01113737095
1820,0.05505646765,-0.02014295943,-0.08124244958,0.009597430937
1821,0.07710029185,-0.0481081903,0.003135693958,0.1098319739
1822,0.06152196974,-0.06538106501,-0.02282639407,0.03678312153
1823,0.04120991006,-0.1712042838,0.08913560957,0.06277688593
1824,0.01904297434,0.05150836706,-0.04504122585,-0.0624301061
1825,0.040858455,-0.03547096625,-0.0911744833,-0.01529993862
1826,0.06416197866,0.01343356632,0.05021195486,0.02790706791
1827,0.01276918873,0.004618587438,0.0508896783,0.04402690008
1828,0.01664427295,-0.1017164439,0.04635291919,0.08136988431
1829,0.01268637087,-0.04555168003,0.07985471189,-0.001047917525
1830,0.02099827677,0.1256368011,-0.08319844306,0.04955021292
1831,0.1080307961,0.007141479291,-0.09051701427,0.1324281543
1832,0.02977763861,-0.08641896397,0.1175131276,0.02555506863
1833,0.000226060627,-0.01654926874,0.07926118374,0.0449872911
1834,0.04561065882,-0.08416546136,-0.01903518289,-0.03574914485
1835,0.0810770914,0.06071804464,0.03224013746,0.09511835128
1836,0.03718460351,0.08900526166,-0.02831456997,-0.06475373358
1837,0.008993394673,-0.02076205984,0.04886903986,0.08157840371
1838,-0.08436362445,-0.08132317662,-0.02643129788,-0.02490793541
1839,0.04901779443,-0.008449697867,0.07296578586,0.0228935238
1840,0.009328859858,-0.1713104844,0.09493518621,0.1530003995
1841,0.02535598166,0.01150339935,-0.0407647714,0.1158704907
1842,0.04546910152,0.1236270517,-0.1150186062,0.004956687801
1843,0.02900548466,-0.005405690987,0.1468126625,0.06584829092
1844,0.01190566458,-0.007597645745,0.08927830309,0.04414830729
1845,0.01323233172,-0.02564258315,0.0148118306,0.04191146046
1846,-0.009214874357,0.02580214292,-0.1022834629,0.08611934632
1847,0.0259626694,0.1909428984,-0.007184008136,0.04045630246
1848,0.1035215482,-0.003841233207,0.07396028191,0.05614982918
1849,0.03649003059,0.005183544941,0.04599067941,0.05846022442
1850,0.03629212826,-0.06925000995,0.04171079397,0.02574532293
1851,0.07401468605,0.0810841769,-0.02222402766,0.1215412319
1852,-0.01327705849,-0.02070163377,-0.02620256133,0.02018015645
1853,0.03651409596,0.04599412158,0.05892370641,-0.01897338964
1854,-0.02907448821,-0.0668944791,0.03510810435,-0.06758525223
1855,-0.02762304805,-0.00346248108,0.1574200243,-0.06910680234
1856,0.003778395243,-0.01284888107,-0.09437764436,-0.03004961647
1857,-0.03699408472,-0.1149604917,-0.04744789004,0.01496643294
1858,-0.05606862158,0.07309771329,0.01169199683,-0.06796914339
1859,-0.06980421394,0.1219594479,-0.005753525067,-0.01478529815
1860,-0.01276219636,-0.09706898779,0.09842864424,0.01231506281
1861,-0.05394013971,0.006412710994,0.08679074049,-0.02122688852
1862,-0.01138177328,-0.1092551947,-0.01466847118,0.08215194196
1863,-0.004254588857,-0.07434140146,-0.05272061378,0.05704012141
1864,-0.06599444896,-0.0287487898,-0.06785659492,0.09005682915
1865,-0.1308960468,0.1953181773,0.004253274295,-0.02287034318
1866,-0.01842931844,-0.03578489274,0.02134396695,-0.07857972383
1867,-0.04258432984,-0.0672922805,0.1190847084,-0.07828183472
1868,-0.04563407227,-0.02505415864,0.00122669572,0.03252921626
1869,-0.02281841449,0.08267264813,-0.06831891835,0.01939340308
1870,-0.06430514157,0.06522966921,0.01327477302,0.1317096949
1871,0.01822902821,-0.009394322522,-0.0245865453,-0.02442694455
1872,-0.03113649972,-0.1133745462,-0.01839591563,-0.09480782598
1873,-0.05662332475,-0.1318869442,0.01878099144,0.08313216269
1874,-0.02816282213,0.05306578055,-0.004080053419,-0.03612812981
1875,0.04937094823,-0.0191413518,0.1823094487,0.04311256111
1876,-0.03745331615,0.1104717702,0.03962959349,-0.04787037894
1877,0.06943250448,-0.05038911104,-0.09283976257,0.003974992316
1878,0.03184030205,-0.02237189002,-0.008843239397,-0.02461304702
1879,-0.04182440415,-0.04910480604,-0.06420747936,0.06655287743
1880,0.05958803371,0.005218024831,-0.01485394966,0.0315153636
1881,0.07764780521,0.06226073205,0.05087058246,-0.1452491581
1882,0.02541979402,-0.001424941351,-0.0883307904,-0.03387897834
1883,0.1067607701,0.06246266514,-0.1159441769,0.008898961358
1884,0.02512259781,-0.1216622889,0.001356051303,0.0009248585557
1885,0.01713056117,0.0243813768,0.1475481689,0.08059330285
1886,0.03476626053,-0.05078197271,0.01089561172,-0.0933490172
1887,-0.01325286552,0.09518925846,-0.006468740758,0.007907607593
1888,0.03300914541,0.06528379023,-0.06255838275,-0.006624820642
1889,-0.01745306328,-0.003401681315,-0.1261237115,0.1116327494
1890,0.03383695707,-0.06854752451,-0.1072964743,-0.08614439517
1891,-0.02715503238,0.03578496724,0.05098054558,-0.03798190877
1892,0.04006385058,0.07551237196,0.1421659887,0.09671209008
1893,0.06432132423,-0.02067599632,-0.05150566995,-0.1384784728
1894,0.06117537245,0.06923241913,0.08945722878,-0.004543274641
1895,-0.007423435338,0.01709316112,-0.04104640335,-0.05165426433
1896,0.03334199265,-0.01158423722,0.07993078977,0.0007812565309
1897,0.01620043814,0.1041776985,0.01900796965,-0.06681585312
1898,-0.01095395535,-0.07583090663,0.03163539618,-0.06863337755
1899,0.02352311462,0.03612913564,0.01291650161,0.0254376363
1900,0.03165879846,0.01308407821,-0.03755462542,0.072175093
1901,0.05288647488,-0.006916690618,-0.08283673227,-0.0144531196
1902,0.06719831377,-0.1897293478,0.0770522505,-0.06812492758
1903,0.04035634175,0.1071691066,0.02287581377,-0.1096635312
1904,0.01781943254,0.02150022238,0.07376012951,-0.08807430416
1905,-0.01284160465,0.0198072996,0.05762572214,-0.1557467878
1906,-0.002498684218,-0.001165063237,-0.0708251819,-0.08602521569
1907,-0.01773803867,-0.04899904877,-0.006479280535,-0.1499745101
1908,-0.001531739836,0.04006394371,-0.09821607918,0.02589722537
1909,0.01792678051,0.03633556142,0.02636907063,-0.1499180794
1910,0.03112351149,0.095987387,0.03209589794,0.01837077364
1911,0.01456073299,0.02666525543,-0.009631347843,-0.07158884406
1912,0.02061047405,-0.1057657897,0.07330345362,0.04393918812
1913,-0.02502418309,-0.002988394117,-0.01096090581,-0.03470013663
1914,0.06743821502,-0.04939179868,0.02169085294,-0.02507865056
1915,0.05001055449,0.00435267901,0.07652332634,-0.1543238014
1916,0.06154388189,0.008455850184,0.07650441676,-0.02793334052
1917,-0.02960149944,0.06716248393,0.05567613617,-0.07737530023
1918,0.04309963435,-0.01612545922,0.03522185609,-0.0912849158
1919,0.0377693139,0.1006594375,-0.01494430844,0.031312868
1920,-0.05005098507,-0.04864108935,-0.0114745805,-0.1440344006
1921,-0.04785286635,-0.03891998157,0.03850097954,-0.1178209409
1922,-0.09117934853,0.1187985465,0.05720620975,-0.1713740975
1923,-0.044155173,0.0531488359,0.04649193212,-0.009698679671
1924,-0.08925653994,-0.03645065799,0.01398913376,-0.01467593946
1925,-0.03713203594,0.01942260191,-0.05275706947,-0.1114347205
1926,-0.004958983045,0.01400056109,-0.07779324055,0.03058487363
1927,-0.0746653825,0.06246465817,-0.01710211486,-0.1059278697
1928,-0.0112052625,0.02165480703,-0.07585918903,0.1317615807
1929,-0.0823751539,-0.0697273463,-0.08133277297,-0.004561797716
1930,-0.01771904528,0.002100799931,0.06375705451,-0.07258749008
1931,-0.01029228792,0.05029471591,-0.1048595309,0.0288915094
1932,-0.03802705929,0.08124010265,-0.04581286386,0.009230710566
1933,-0.02594108693,0.08025275171,0.070861727,-0.1149889007
1934,0.01045646705,0.01719829626,0.004769375082,-0.05713209882
1935,-0.02254228853,0.03506376594,0.0089643877,0.06516936421
1936,-0.09466470033,0.002042097272,-0.07896345109,-0.03057648614
1937,-0.01467344817,0.09052394331,-0.1103108749,0.04828432202
1938,-0.07138767838,0.02398489043,0.02249194495,-0.1582801044
1939,0.05132409558,0.0007288317429,0.06598820537,0.01365557592
1940,-0.07974547893,0.07139872015,-0.1184395179,0.09153334051
1941,-0.03993529826,-0.08310496062,-0.07865165174,-0.006419088691
1942,0.01157385297,-0.003908433951,-0.1166494936,0.06210620329
1943,-0.01308584306,-0.2238877118,-0.09110053629,0.09566720575
1944,-0.03585567698,-0.08254563063,0.03257606551,0.04073279351
1945,0.01582386903,-0.003103613853,-0.05840063468,-0.02043324523
1946,-0.09378559887,0.09753280878,-0.009773407131,0.04665666446
1947,-0.04703583941,-0.08504909277,-0.0005319429911,-0.1550306231
1948,-0.06890276074,0.01992903836,-0.02490207739,0.05859406665
1949,-0.1278796494,-0.008274173364,-0.007849541493,0.04725149274
1950,-0.2321242988,-0.06772825867,-0.008089185692,-0.09061041474
1951,-0.09946771711,-0.1347721815,-0.0366194956,0.04194938391
1952,-0.1045543626,-0.04848819226,-0.03522418067,-0.1194885671
1953,-0.1344036609,0.04190445691,-0.02664866112,-0.03333733231
1954,-0.1010202467,0.03955314308,-0.06126181036,-0.05818890035
1955,-0.09030199051,0.004280941561,-0.04253162816,-0.09597132355
1956,-0.1525416374,0.04774028435,0.1265129894,-0.02130164765
1957,-0.07809723914,0.001193304313,-0.1196616516,-0.04510996863
1958,-0.09087084234,0.06919357181,-0.06253226846,-0.01888957247
1959,-0.09005968273,0.04384155944,0.008618837222,-0.05453637615
1960,-0.1222400442,-0.03158283606,-0.02098585665,-0.04480945319
1961,-0.1208767444,0.1716754436,0.1133420989,-0.06188590825
1962,-0.1153196543,-0.07208327204,-0.02817064524,0.1088322774
1963,-0.09856896847,-0.01765646227,-0.0265386086,0.06611648202
1964,-0.1128681302,0.02469822019,-0.07884601504,-0.1056865975
1965,-0.134377405,0.1010934711,-0.07118117064,-0.1466910839
1966,-0.1323775202,0.0373412855,0.05647790432,-0.07721848041
1967,-0.1058547795,0.07625500113,0.02746867575,-0.1849063486
1968,-0.1202819794,-0.03559521213,0.04841292277,-0.09953841567
1969,-0.1128446162,0.05427992716,-0.05626328662,-0.2014671564
1970,-0.09841652215,0.009461841546,-0.1254892945,-0.02153674513
1971,-0.1223531067,0.09218944609,0.01235184912,0.01717871614
1972,-0.1047424302,0.1100083888,-0.002933649579,0.03149605542
1973,-0.04239702597,-0.00148968352,0.05771772936,-0.05225344375
1974,-0.08441471308,-0.05264521018,0.1185841709,-0.08187946677
1975,-0.02989263646,-0.12158297,-0.1654832363,0.04034081846
1976,0.0101453783,0.04967235029,-0.04347393289,-0.04059336707
1977,-0.08780308068,0.05510859936,-0.04341054708,-0.1003755555
1978,-0.03530731797,0.0252055116,-0.003294498194,0.0093132779
1979,0.03002693318,-0.02823900245,0.1395553052,0.1516495943
1980,-0.08631520718,0.1209143475,0.02907654829,0.02077603526
1981,-0.1516774595,0.1250260919,0.05545202643,0.05454474315
1982,-0.04225250706,0.05916123837,-0.03698301315,-0.0470697917
1983,-0.07990282029,-0.0428834036,0.0460710898,-0.01635291986
1984,-0.002129384084,0.09787034243,0.1023334339,0.011371498
1985,-0.1151953265,-0.01617663354,0.1396934241,0.01471724827
1986,-0.03575892001,0.02455803379,-0.05477244034,0.06265380979
1987,-0.0588343665,0.01870663464,0.07948548347,-0.04045688733
1988,-0.04378843307,-0.0809243843,0.03035454638,-0.07134303451
1989,-0.02191463858,0.02650571987,0.04606452212,0.01813758723
1990,-0.01551279891,-0.04462489486,-0.05558840185,0.05503183976
1991,0.002174021676,-0.1065791398,0.05668787286,-0.02468636259
1992,0.007845229469,-0.02501742914,-0.07271535695,-0.05210444331
1993,0.04066021368,0.06775034964,-0.02621006966,0.1408324391
1994,-0.03356303647,-0.1357394606,-0.01013854705,0.03361101076
1995,-0.0002825023548,0.118089661,-0.0165564809,-0.03150562197
1996,-0.001140802633,0.0576466769,-0.008621188812,-0.03794986382
1997,0.02478423715,-0.004528747406,-0.01199476514,-0.002365867374
1998,0.0519820191,0.05505782738,-0.107427977,0.004121050704
1999,0.04447894543,0.08748841286,-0.1449007392,0.1094622463
2000,0.01866671257,0.03103483096,-0.0480003655,0.01856853999
2001,0.03321963921,0.07601000369,0.01901799068,0.06392392516
2002,0.08305203915,-0.00760573335,0.1546694189,0.1430801153
2003,0.107998997,0.04385493323,-0.0634329915,0.07729490101
2004,0.0357054472,0.1309015602,-0.07637755573,0.07156842202
2005,0.08687569201,-0.05369343609,0.03838642687,0.00983856339
2006,0.1063278019,-0.02753711864,0.05739118159,0.01658623293
2007,0.06831431389,-0.1036329344,-0.01678950898,0.06324640661
2008,0.08153771609,0.08672629297,0.02341048792,0.1603243947
2009,0.03893689811,-0.03431265056,0.004299043678,0.125512585
2010,0.004276511259,0.1104785353,0.1186401621,0.09210434556
2011,0.05154601112,-0.1250775456,-0.07462620735,-0.06250614673
2012,0.1092336178,-0.1208498925,0.0009948340012,0.07431965321
2013,0.04158445075,0.01483536605,-0.07248367369,0.1226331368
2014,0.06712453812,-0.06963083893,-0.06490952522,0.05507930368
2015,0.06234615296,-0.0417701751,0.2055721581,0.08165043592
2016,0.09602131695,0.04087385535,0.1454255581,-0.06391771883
2017,0.1359626055,0.03748541325,0.04917959496,-0.009812032804
2018,0.0426152125,-0.06400663406,-0.08330538124,0.03989578411
2019,0.1218250766,0.061214149,-0.03439899161,-0.05138995126
2020,0.00324132503,-0.09195142239,-0.04243578017,-0.001328169135
2021,0.0131355403,0.2135864198,-0.0437596105,-0.08174478263
2022,0.09551144391,-0.1533462256,0.001073671272,0.04543720558
2023,0.06591580808,0.01847701892,0.02595156245,0.05341076478
2024,0.06012982503,-0.05935295671,-0.07884194702,0.05166117474
2025,0.005270550027,-0.01400000509,-0.04339076579,-0.05419203639
2026,0.004482305143,-0.06044253707,-0.03491842002,0.07162155211
2027,-0.03076338768,0.01816170476,-0.003583770944,0.02741581574
2028,-0.03043848276,-0.05863991007,0.05612276122,-0.03716502339
2029,0.02881943434,0.0105466526,0.06737724692,-0.07102946937
2030,0.02068596333,0.1216670647,0.05818186328,0.1088688895
2031,-0.1092363447,-0.04596418515,0.05634409562,0.009370376356
2032,-0.04742255434,0.1044492647,-0.0389197357,-0.05241546035
2033,-0.06138582155,0.01151974406,-0.09165901691,-0.09363098443
2034,-0.03576023132,-0.07478883117,0.006813735235,-0.07858169824
2035,-0.06588824093,0.109088555,-0.1497914344,0.0471406579
2036,0.05057364702,-0.03488064185,0.001575458562,0.1258682311
2037,-0.001744947862,-0.07140535116,0.1680408716,-0.08591997623
2038,-0.01263334323,-0.0574446395,0.05249979347,0.03287670761
2039,-0.02114317566,0.04480915889,-0.1261952817,-0.04659657925
2040,0.01570545882,-0.01662623324,-0.1080155447,-0.06993950158
2041,-0.04323348776,0.1346911043,0.06030676141,-0.08549204469
2042,0.03666581213,-0.1268197149,0.08560781181,0.01608663425
2043,-0.03323281929,-0.04011480138,0.00199149386,0.05214225873
2044,-0.04748901725,0.0188060049,-0.1341641396,0.01997775026
2045,0.06922823191,0.05527730659,0.04130950943,-0.05564113334
2046,0.0194480624,-0.03874611109,-0.02398630418,-0.08362771571
2047,0.003944125492,0.08910404146,-0.061369434,0.009058525786
2048,0.01726456545,0.1058715284,-0.0735874176,-0.06040377542
2049,0.05675431713,-0.0374305211,0.1110971496,0.01512145717
2050,0.01974515058,-0.06612540781,-0.09672917426,0.0237550959
2051,0.008346525952,-0.006208713166,-0.01085157134,-0.03268510848
