window_index,RidgeCov,TargetRidge,Trend,Seasonal,EWM,ZeroPred,Persistence,HAR_EWM
0,1.280746698,0.2213830501,0.2965256572,0.1391140074,0.2642735243,0.3391949236,0.3515794277,0.3515794277
1,1.347974896,0.2060905099,0.3275953233,0.137568593,0.2613045275,0.3398667276,0.3516263068,0.3516263068
2,1.36955893,0.195335865,0.3655569851,0.1355244666,0.2580134571,0.3405756056,0.3778092861,0.3524138033
3,1.349157929,0.1873058528,0.4364796877,0.1330676228,0.2546131909,0.3410234451,0.4223896563,0.3542329967
4,1.414625764,0.1871557981,0.5140852332,0.1306117177,0.2514918745,0.3414940834,0.4556414187,0.3567502797
5,1.291582227,0.1940829903,0.6176620126,0.1280326098,0.249726221,0.3419868052,0.4918279946,0.359968394
6,1.430814385,0.2074212581,0.7757775784,0.1252765805,0.2482444495,0.3421588242,0.5513651967,0.3641752303
7,1.493884087,0.230093047,0.9371893406,0.1222805008,0.2474599481,0.3423379362,0.5946624279,0.3690937459
8,1.506677985,0.2587144077,1.049920678,0.1191409603,0.247439906,0.3426998556,0.5946698785,0.374017626
9,1.391259551,0.2835634053,1.010635257,0.1167088225,0.2476312667,0.3430322111,0.5110105872,0.3772984445
10,1.52262795,0.2848624289,0.6101987958,0.1157736704,0.2477478981,0.3431404531,0.2999132276,0.3745940924
11,1.496132374,0.2728694081,0.276181668,0.1156557277,0.2488106489,0.3431811333,0.2604144216,0.3651691377
12,1.563716531,0.2550733387,0.1943182498,0.1162197217,0.2517933547,0.3431543112,0.4540491104,0.3499754965
13,1.539301515,0.2348694801,0.3548819125,0.1184256151,0.2538823187,0.3430826366,0.7127329707,0.3323417902
14,1.360004544,0.2211088538,0.6752686501,0.1216504201,0.25621894,0.3429734409,1.007426262,0.3139199913
15,1.53597796,0.2193346173,1.016233921,0.1241912022,0.2614499032,0.3432482183,1.218849063,0.2973749638
16,1.574021697,0.2290369421,1.282937407,0.1272345632,0.2674984336,0.3432482183,1.2950629,0.2828117609
17,1.602353692,0.2368106395,1.121362209,0.1303676069,0.2730641067,0.3437077999,0.9748355746,0.2734139562
18,1.618311882,0.2500311732,0.9175252318,0.1326233894,0.2746742368,0.3440174758,0.6874914169,0.2672234774
19,1.593676209,0.2618424594,0.6350309253,0.1338335127,0.2738277018,0.3441322744,0.4217338264,0.2636786997
20,1.624663711,0.2684563696,0.4149610102,0.134210214,0.2711680233,0.3440314829,0.2778460681,0.2622532845
21,1.604243636,0.2656242549,0.3174566925,0.1343470067,0.2681800127,0.3436945677,0.2497032434,0.2617994547
22,1.644254684,0.2549180984,0.2854752243,0.1343824714,0.2650344372,0.3433415592,0.2593826056,0.2617836297
23,1.6650635,0.2414646149,0.2762255967,0.1343675107,0.2621265352,0.3430066109,0.2738908231,0.2620655
24,1.655923247,0.2271077037,0.2826760709,0.1343581527,0.2591566443,0.3425412178,0.2949059308,0.2626669407
25,1.597767711,0.2116526216,0.3185503781,0.1341801435,0.2563604116,0.3420008719,0.3330871761,0.2637130022
26,1.549791932,0.198164627,0.388686806,0.1342476159,0.2533985674,0.3412736356,0.3828783035,0.2652299702
27,1.548362374,0.1926543564,0.4605476856,0.1341444105,0.2510950267,0.3406206071,0.4121498764,0.267088294
28,1.618445992,0.1943149418,0.5343149304,0.1338917613,0.2494496554,0.3402062356,0.4278955758,0.269238919
29,1.580966473,0.2050797194,0.5768521428,0.1333685964,0.2487004548,0.3403482139,0.4121573865,0.2714917958
30,1.658751011,0.2181282789,0.6521589756,0.1325758249,0.2485723943,0.3407847583,0.4121742249,0.2738958299
31,1.73375082,0.2347520143,0.7407847047,0.1315937787,0.2489164323,0.3413745463,0.4122041762,0.2763869166
32,1.787163734,0.2540172338,0.8420245051,0.1309282929,0.2494730502,0.3421212733,0.412251085,0.2789586484
33,1.670889854,0.2719478905,0.7831371427,0.1307313591,0.2498552799,0.3430614471,0.3447855711,0.2805887759
34,1.777383924,0.2784369886,0.5657058954,0.130986318,0.2501982749,0.343426317,0.2639014721,0.2800095975
35,1.86733377,0.2710912526,0.3008626401,0.131464079,0.2513870597,0.3435257375,0.2776979208,0.2765711248
36,1.881896019,0.2545488179,0.2136074752,0.1304752082,0.2537871301,0.3436105251,0.3908455074,0.2722391188
37,1.83403933,0.2340787649,0.2347090691,0.1279977113,0.2573537529,0.3440499604,0.5081205368,0.2681711912
38,1.844368935,0.2166437954,0.4268592298,0.1255995482,0.2629552782,0.3448489606,0.7908408046,0.2637967765
39,1.842997193,0.2106250376,0.7276308537,0.1236680523,0.2685874701,0.3457449377,1.036664486,0.2599924803
40,1.849785805,0.2130764127,0.7925345898,0.1201531813,0.2741532028,0.3472580612,0.9395019412,0.2589308918
41,1.873163819,0.2260318995,0.7280154228,0.1180618703,0.2781588137,0.3487089574,0.7379099727,0.2594410181
42,1.879776001,0.2447334081,0.6225848794,0.1168555394,0.279499799,0.3497401774,0.5511528254,0.2604902089
43,1.899082661,0.2622256577,0.5092388988,0.116764009,0.2787922323,0.3500490487,0.4105972946,0.2610261738
44,1.823941588,0.2736403048,0.40173769,0.1175150871,0.2773166001,0.350053221,0.3163087666,0.2613709867
45,1.865207672,0.2764210999,0.326919198,0.1182799041,0.2754505873,0.3498882055,0.2717713416,0.2615518272
46,1.846736431,0.2717647851,0.2894482315,0.1190013364,0.2733320892,0.349647522,0.2616373599,0.2616048157
47,1.813724518,0.2636912763,0.274492681,0.1197603717,0.2715710998,0.3494582176,0.2642380893,0.261596173
48,1.966656089,0.2588706911,0.2695406377,0.1210422218,0.2702815533,0.3494582176,0.2642380893,0.2616045475
49,1.941450715,0.2587837577,0.2657933235,0.1226106212,0.2695824802,0.349829942,0.2626942098,0.261685729
50,1.885209084,0.2615253031,0.262545675,0.125150755,0.2689446509,0.3504398763,0.2619602084,0.261821717
51,1.886342168,0.2590638399,0.2622605562,0.1282254905,0.2683671713,0.3511765301,0.2629359663,0.2620275319
52,1.847001433,0.257843405,0.2677013576,0.1321680993,0.268001914,0.352271229,0.2647141516,0.2624136508
53,1.931522369,0.2615407705,0.2740655243,0.1374482512,0.2678486407,0.3536005914,0.2650813758,0.2629111707
54,1.937774301,0.2630652487,0.292170316,0.1432657242,0.2678153813,0.3551094532,0.2676376402,0.2635273337
55,1.993893027,0.2688807547,0.3096692264,0.1498101801,0.2681597471,0.3568829298,0.2681790292,0.2642818987
56,1.980002046,0.2748395205,0.3325518668,0.1569615155,0.269274056,0.3586564064,0.2687204182,0.2650304735
57,2.005723715,0.28405568,0.3109980822,0.1647036672,0.2717508376,0.3602982759,0.2658492029,0.2655691206
58,2.008186579,0.2878832519,0.2624528408,0.170579955,0.2755392492,0.3610507548,0.2943426073,0.2654894888
59,1.945462584,0.2820091546,0.265531987,0.1748222262,0.2813808918,0.3610610068,0.4088993073,0.2652511299
60,2.006004095,0.2654498518,0.3652234077,0.1776563078,0.2887124717,0.3610154688,0.5675037503,0.2658753097
61,1.980055213,0.2484019548,0.6877715588,0.1829303056,0.29880777,0.3605816662,0.8996370435,0.2670364082
62,1.948221564,0.229845047,0.9784978032,0.1857562661,0.3079334497,0.3599597216,1.059955835,0.2692762613
63,1.910643935,0.2188888788,1.204959273,0.1863919646,0.3153358698,0.3587338924,1.094536185,0.2717898786
64,1.918626308,0.2203629464,1.46836853,0.1888558269,0.3192352951,0.3568453789,1.13066113,0.2744136751
65,1.965323091,0.2315650433,1.517046571,0.192470327,0.3219514191,0.3553067744,0.9962074161,0.277730912
66,2.023659229,0.2473479062,1.406202674,0.1962316483,0.3222396076,0.3545033038,0.7865390778,0.2813874781
67,2.029259682,0.2613387108,1.14648819,0.199157238,0.3210549653,0.3544120789,0.5460078716,0.2844562829
68,2.019894838,0.2687489688,0.9494507909,0.2016497254,0.318577081,0.3545873165,0.4043726623,0.2864812911
69,2.070422173,0.2677010596,0.779424727,0.2038206607,0.3150064647,0.3548518419,0.3176750243,0.2872681618
70,2.041900635,0.2600444853,0.6618648171,0.2059077173,0.3114851117,0.3551067412,0.2771470845,0.287055999
71,2.013471842,0.2498696297,0.5897864699,0.2081504911,0.3086393178,0.3554960489,0.2614479363,0.2863329947
72,2.000133276,0.2397575825,0.5380576849,0.2100315541,0.3055385053,0.35601601,0.2545815408,0.2853326201
73,2.001677513,0.2298010737,0.4862288237,0.2109179497,0.3027960062,0.3566853702,0.2505655885,0.2840982974
74,1.951112747,0.2179584056,0.4226329625,0.2102817297,0.2996698916,0.3575599194,0.2497965097,0.2825175822
75,1.8773036,0.2116581351,0.3796759546,0.2093442827,0.296241641,0.3589943349,0.2530532777,0.2810988128
76,1.927770257,0.2058697939,0.3327642679,0.2073928863,0.2929599285,0.3604478836,0.2629366815,0.2793002725
77,1.884498,0.2056083083,0.2994579971,0.2039524317,0.289596051,0.3621969521,0.2791965902,0.2774080336
78,1.936715245,0.2145895213,0.283582896,0.2000150681,0.2869817913,0.3643760979,0.2937502265,0.2757595778
79,1.982082486,0.23176606,0.2785139084,0.1955208033,0.2845541239,0.3671417236,0.3024999797,0.2746646404
80,2.012408495,0.2533438504,0.284037143,0.1900203228,0.2832024097,0.3702400923,0.3213948309,0.2738005817
81,1.998352408,0.2787986696,0.2801767886,0.1831780225,0.2831432819,0.372826606,0.3040065467,0.2730331421
82,2.025555372,0.2938376367,0.2801762521,0.1789073795,0.2865102291,0.3747378886,0.2579683065,0.2733156681
83,2.007171869,0.296855092,0.4670898914,0.1779465675,0.2950421572,0.3758478463,0.3714006841,0.2749550343
84,2.090070486,0.2907734215,0.8479931951,0.1793224066,0.3024060428,0.3756287098,0.6222567558,0.2776155174
85,2.069778681,0.274970293,1.043422461,0.1757495403,0.3055221736,0.3751091063,0.6949284673,0.2810396254
86,2.068329096,0.2656296492,1.611256242,0.1749638319,0.3126472533,0.3738886416,1.016119003,0.2863205373
87,2.102133512,0.2662001252,2.144163847,0.1767867208,0.3218776286,0.3722221851,1.266554713,0.2934505641
88,2.098222733,0.2730581462,2.364904165,0.1783776879,0.3323757648,0.3704308271,1.267231107,0.3013433516
89,2.110456467,0.2808265984,2.138445854,0.1782201529,0.33847332,0.3691823781,0.9842293262,0.3083939552
90,2.125448465,0.2926425338,1.995459557,0.1789119989,0.3386065066,0.3684181273,0.8023619652,0.3145624697
91,2.186105728,0.2995840311,1.575385571,0.1791749746,0.3352865279,0.3686844409,0.5342422128,0.3186693788
92,2.17036891,0.3003704548,1.28083992,0.179780826,0.3325909376,0.3699794114,0.3937830031,0.3213178217
93,2.244537115,0.2939521074,1.060942531,0.1811696291,0.3297288716,0.3722844124,0.3187571764,0.3230382502
94,2.207742929,0.2803050876,0.8449347019,0.1821993142,0.3272134662,0.3752864897,0.2689223588,0.323562175
95,2.203389883,0.2666941583,0.7221250534,0.1833010763,0.3258146942,0.3788052499,0.2543725669,0.3236856461
96,2.201960564,0.252004534,0.6059913635,0.1838644594,0.323146373,0.3825043142,0.2458264083,0.323146373
97,2.122830629,0.2409543991,0.5176901817,0.1845073253,0.3210101128,0.3864355385,0.2441008091,0.3223388493
98,2.11279273,0.2285775691,0.4220828116,0.1848513931,0.3174145818,0.3901436031,0.2453217953,0.3206087053
99,2.062695265,0.222854808,0.3546598852,0.1849265844,0.314103514,0.3936841488,0.2498122007,0.3183663189
100,2.073140144,0.21773462,0.2961462438,0.1847713441,0.3101055026,0.3969455063,0.2607393563,0.3153031766
101,2.079389572,0.2218010426,0.2677546442,0.1850064248,0.3056055903,0.4003795385,0.2717690766,0.3121675551
102,2.1047647,0.2262444645,0.2694849074,0.1842585057,0.3008489013,0.4033586979,0.300832957,0.307987988
103,2.111093283,0.2439213246,0.3035787046,0.1831167191,0.2973282039,0.4064800441,0.3199009597,0.3038996756
104,2.156875372,0.2680107057,0.3702145517,0.1819533557,0.2955281436,0.4093367159,0.3415254653,0.2996281981
105,2.159517288,0.2975921631,0.3841404021,0.1811755896,0.2997149527,0.4120023549,0.3116898835,0.2963305712
106,2.256807566,0.3211536109,0.2743913531,0.1810798496,0.3081897199,0.4140557349,0.2570739686,0.2956717908
107,2.291289091,0.3354351521,0.2916148007,0.1811409444,0.3207704127,0.4153455794,0.3818088472,0.2978051603
108,2.329436302,0.337321192,0.4781266749,0.1808440536,0.3332664073,0.4155738354,0.6190579534,0.301859796
109,2.293853998,0.3387342989,0.9052510262,0.1871864349,0.348639369,0.414634943,1.012914658,0.308255285
110,2.281653166,0.3395538628,1.442157626,0.1935749501,0.3646149337,0.4123878777,1.38260603,0.3168468475
111,2.282225609,0.3467032015,2.030607939,0.2007638961,0.3802815676,0.4091617167,1.686160207,0.3276897371
112,2.319031,0.3479760587,2.28756547,0.2072177678,0.3864655197,0.4060895443,1.643489838,0.3396579027
113,2.263736725,0.3454175889,2.120420933,0.2127889842,0.3894711435,0.4040913582,1.308121085,0.3508302867
114,2.347644091,0.3471671641,1.853211999,0.2165185958,0.3867178857,0.4031729698,0.984315455,0.3601316214
115,2.362807512,0.3415491581,1.366147161,0.2181306332,0.379455477,0.4032936096,0.6162163019,0.3654689789
116,2.322375059,0.332231909,0.9787096977,0.2177869081,0.3720925748,0.4039237201,0.3984310627,0.3668114245
117,2.312530279,0.3172855079,0.7187640071,0.2164527625,0.3657690287,0.4049037397,0.2942135036,0.3652068079
118,2.343839884,0.2989635766,0.5608062148,0.2154871225,0.3595322073,0.4058703184,0.2521905005,0.3616554737
119,2.370908976,0.2757977545,0.4234776795,0.2135573626,0.3516099453,0.4067448676,0.2277774364,0.3562144339
120,2.267072439,0.2554764748,0.3402808905,0.2116671801,0.3422040045,0.4076164067,0.2216866016,0.3498953879
121,2.219683409,0.2358066589,0.2743603289,0.2095544338,0.332241863,0.408346504,0.2219161242,0.3426830769
122,2.218267679,0.2182955891,0.2322773486,0.2075539678,0.3234542906,0.4090287685,0.2285096049,0.3347761929
123,2.16194725,0.2005316019,0.2221639007,0.2049238682,0.3143563271,0.4092711508,0.2472084314,0.3256211877
124,2.067998648,0.1950144768,0.2451381683,0.2026961595,0.3066014349,0.4093978405,0.2608588934,0.3163485825
125,2.087953806,0.1921062469,0.30796206,0.2001774311,0.2977414727,0.4093978405,0.2867067754,0.3067118526
126,2.119419336,0.1996334046,0.3954228163,0.1985201836,0.2892615199,0.4096924067,0.3075753748,0.2974782288
127,2.12984705,0.2163025588,0.4945237935,0.19711335,0.2813847065,0.4101518095,0.3190702498,0.2888842523
128,2.15713048,0.2382636815,0.6173263192,0.1960639209,0.2768623531,0.4107865095,0.3312852085,0.2809378803
129,2.087179899,0.2662929296,0.6480266452,0.1949863881,0.2759642899,0.4112234116,0.2969228327,0.2743268907
130,2.223252773,0.2909850776,0.5437127948,0.1922155172,0.2795330584,0.4111151695,0.2369632125,0.2698076665
131,2.247611284,0.3047589958,0.4341400862,0.1869242936,0.2827486396,0.410595268,0.2231461257,0.2673244476
132,2.299365997,0.3081581593,0.3431821167,0.1822204143,0.2861691415,0.4102668762,0.2554372847,0.2672782242
133,2.219481468,0.3044244945,0.2892153561,0.1732420921,0.2956092358,0.4104063213,0.3461894989,0.2697141767
134,2.199598074,0.2987960279,0.3168359101,0.1627541929,0.3059599102,0.4109305441,0.5146906972,0.2747631073
135,2.230889082,0.2967286408,0.4203558266,0.1496983916,0.3108564317,0.411354214,0.6750982404,0.2812654972
136,2.231712103,0.3027378321,0.5407621264,0.1373042315,0.3138678968,0.4115583003,0.7823739052,0.2885782719
137,2.274503469,0.3093646467,0.5098407865,0.1272621006,0.3145028949,0.4115128815,0.6751042008,0.2945769131
138,2.27383399,0.3133333027,0.3701771498,0.1177693829,0.3122012913,0.4115827084,0.4573343098,0.298065573
139,2.323326349,0.3153835237,0.2906545401,0.1115054488,0.3075293601,0.4115344286,0.3351025581,0.2991852462
140,2.252527475,0.3101111948,0.249499023,0.1074564829,0.3012485206,0.4112762213,0.2590964139,0.2977809608
141,2.238175631,0.2979346216,0.256111294,0.1043293402,0.2948472202,0.4109605551,0.2324521989,0.2946398854
142,2.239706278,0.2798528373,0.2981813848,0.1014492214,0.2886631191,0.4105511606,0.2301418781,0.2902198434
143,2.151061535,0.2564392388,0.3812154531,0.09910878539,0.2831478119,0.4098733366,0.2459470183,0.2845900953
144,2.135048389,0.2318314314,0.4900489151,0.09708724171,0.2772831619,0.4087257087,0.2718065679,0.2780815065
145,2.036470413,0.2121727318,0.5878241062,0.09578926116,0.2713279426,0.4074957669,0.2892498672,0.2715630829
146,1.961716652,0.1878871918,0.7556144595,0.09504142404,0.2637329102,0.4057060778,0.3329053223,0.2643939555
147,1.912672639,0.1667743772,0.9666333199,0.09513328224,0.2558528483,0.4034864008,0.388420105,0.2568370402
148,1.914716363,0.1511327773,1.225349665,0.09570520371,0.2482319027,0.4007916451,0.4558389187,0.2490745932
149,1.891501784,0.1456602663,1.48931694,0.09666386247,0.2405730486,0.3977685869,0.5143453479,0.2415781617
150,1.897877574,0.1488050818,1.795137882,0.09794005007,0.2336825281,0.3943971097,0.5797183514,0.2344872355
151,1.823715091,0.1628139168,2.088663816,0.09906598181,0.2275707275,0.3908684254,0.6273157001,0.2281820327
152,1.830343246,0.1852316409,2.411795139,0.1004824117,0.2228118181,0.3870479763,0.6780295968,0.2226672173
153,1.826325893,0.2120092362,2.450732231,0.1016684398,0.219819054,0.3838550746,0.6048542261,0.2188590616
154,2.005772829,0.2282655984,1.818390846,0.1022006273,0.2193666697,0.3823556006,0.3318170607,0.2175160199
155,2.023601294,0.2360363007,1.240633726,0.1024722829,0.2201442719,0.3819464147,0.2197772861,0.2173575908
156,1.933701873,0.2386410236,0.75234586,0.1019271314,0.2228686213,0.3822570145,0.2784444988,0.2175086737
157,2.047991753,0.2331816703,0.5299088955,0.1017040834,0.2251287699,0.3824565411,0.3927948475,0.2177478522
158,2.070932627,0.2337646037,0.3986348808,0.1021984518,0.2273274213,0.3822772503,0.6124863625,0.2180849761
159,2.047760487,0.2362654209,0.3874222338,0.1030850708,0.2303902656,0.3817675114,0.7419093251,0.2190659791
160,2.102595329,0.244514823,0.4105862081,0.1039169654,0.2326651663,0.3811285496,0.7989905477,0.2210691422
161,2.107905149,0.2433423996,0.3410876691,0.1034637168,0.2336898297,0.3810137808,0.5661857128,0.2238448113
162,2.097501516,0.2469785959,0.2934062183,0.1032576337,0.2325016111,0.3810386658,0.375689894,0.2261162847
163,2.062987089,0.2489973307,0.3388508558,0.1039958,0.2296518534,0.3805484772,0.2211504579,0.2262545377
164,2.062830925,0.2477918416,0.4625460804,0.1060123071,0.225738883,0.3793236911,0.2191320509,0.2247206569
165,2.010052443,0.2385121435,0.6379868388,0.1088907346,0.2215155363,0.3773141801,0.2704039514,0.2218790203
166,2.071950674,0.2220401913,0.836299181,0.1128776893,0.2174057364,0.3745503426,0.3402509987,0.2183065563
167,2.008420229,0.2014449835,1.025697112,0.1172692999,0.2135507315,0.3713668287,0.4021318257,0.2145499438
168,1.933380723,0.1798656434,1.216429114,0.1222557649,0.2100620419,0.3677976131,0.4569092989,0.2109621912
169,1.899183631,0.1614800245,1.356035829,0.1272414476,0.2072939724,0.3641198874,0.477738142,0.2079649717
170,1.885319829,0.1479771882,1.471105695,0.1311722547,0.2054974884,0.3605166674,0.4792069495,0.205690071
171,1.874183059,0.138485685,1.595442772,0.1338440776,0.2045532912,0.3570732176,0.4804736078,0.2040845305
172,1.862522721,0.1330780536,1.733429551,0.1353033334,0.2044325024,0.3537155092,0.4816446006,0.2030894756
173,1.853674293,0.1317018121,1.886019826,0.1357554048,0.2049247772,0.3505402505,0.4826356471,0.2026647329
174,1.847646832,0.1341896504,2.050465584,0.1352123618,0.2058592439,0.3476663828,0.4833853245,0.2027848214
175,1.844165325,0.1402112246,2.224039793,0.1341932267,0.2075091153,0.3450127542,0.4839923382,0.2033945322
176,1.84620285,0.1493830532,2.41070056,0.13252379,0.2086780071,0.3427169323,0.4844139516,0.204488799
177,1.852189422,0.1609422415,2.595487595,0.1313488632,0.2074013203,0.3404211104,0.4848355353,0.2059374899
178,1.857584476,0.1739831418,2.737557173,0.1357239038,0.2048027664,0.3370634019,0.4860064983,0.2076178342
179,1.863196015,0.1884594113,2.811258078,0.1503912061,0.203375861,0.3328851461,0.488711983,0.210113287
180,1.861515641,0.204401806,2.827045441,0.1806864738,0.2059837133,0.3285471201,0.4939751625,0.2143504471
181,1.852789044,0.2208568603,2.829605818,0.2228275388,0.2078509778,0.3245709836,0.501411438,0.2204039693
182,1.842837691,0.2379754335,2.785461426,0.2792930007,0.2131964713,0.3216257095,0.5122341514,0.2292974144
183,1.825076103,0.2543332577,2.70872426,0.3435939848,0.2226100415,0.3194974661,0.525141418,0.2402198762
184,1.80512464,0.2676028013,2.625008106,0.4056527913,0.2357276678,0.3172413707,0.5377398729,0.2513568401
185,1.788189292,0.2760676146,2.565203428,0.459292978,0.2478809804,0.3142960966,0.5485625267,0.2615490556
186,1.769432425,0.279796958,2.5203228,0.5018499494,0.2624040544,0.3107169867,0.5574828982,0.270673275
187,1.752008557,0.2789315283,2.510293007,0.5319783688,0.2748782337,0.3065930605,0.5642285347,0.2785209119
188,1.737167954,0.2748719752,2.52468133,0.5525763631,0.2858580649,0.3022550344,0.5694916844,0.2855850458
189,1.722836614,0.2688514888,2.55721879,0.5659167171,0.2968038321,0.2978765666,0.5738087296,0.2922212183
190,1.710966706,0.2616763115,2.608427286,0.5741991401,0.3053034544,0.2935732305,0.5771141648,0.298379153
191,1.69712925,0.2541648448,2.668137789,0.5793876648,0.3137766123,0.2893580496,0.5799641609,0.3043946922
192,1.684803009,0.2467091829,2.736471891,0.5822594762,0.3212912083,0.285312891,0.5822594762,0.3101955056
193,1.725874305,0.2527119219,2.229817152,0.5790916085,0.3260674477,0.2829992175,0.3839109838,0.3125893474
194,1.694271922,0.2453945279,2.376877785,0.5769347548,0.3305902481,0.2805134952,0.4191554487,0.3155439794
195,1.637855172,0.238583371,2.484889746,0.5752446651,0.3361460268,0.2781644762,0.438237071,0.3186226189
196,1.720551968,0.2289378047,2.668956041,0.5742404461,0.3413865268,0.275848031,0.4777766168,0.3222366273
197,1.643519282,0.2203016877,2.874522924,0.5738191009,0.349131912,0.2737208307,0.5201439857,0.3264270127
198,1.687211633,0.2158038467,3.047315598,0.5735890865,0.3553127944,0.2720369101,0.5425051451,0.3309242129
199,1.737224579,0.213040933,3.303962708,0.5737408996,0.3622864783,0.2705583274,0.5890626311,0.336158663
200,1.732173324,0.2151862532,3.51868248,0.5740291476,0.3646642864,0.2691992819,0.6134960651,0.3417711258
201,1.741547942,0.2156618088,3.37791729,0.5736189485,0.3544721603,0.2678218186,0.5205318928,0.3457459509
202,1.775466442,0.1980276704,2.427998543,0.5680426955,0.3357438743,0.2670622766,0.262566328,0.3432587683
203,1.711803913,0.1691188961,1.481123567,0.5515503883,0.314927727,0.266984731,0.1918927431,0.3332308531
204,1.750424027,0.1351658702,0.7759341598,0.5186039209,0.2884387076,0.2669149339,0.3542119265,0.3159782887
205,1.577035785,0.09974844009,0.4515858591,0.4735627174,0.2636363506,0.2664372921,0.5922760367,0.2948686779
206,1.545364499,0.07266215235,0.3571666777,0.4129060209,0.2409879714,0.2654826939,0.8701893687,0.2720206976
207,1.47400856,0.0631152764,0.4834324419,0.34550035,0.223406449,0.264059186,1.182284355,0.2488707453
208,1.49922502,0.06396309286,0.6033704281,0.2802680433,0.2118659019,0.2628355026,1.182471752,0.2294739038
209,1.631592751,0.07892864197,0.6317160726,0.2254796475,0.2034155875,0.2618858516,1.001798034,0.2145330757
210,1.665199876,0.1032099128,0.5264626145,0.1819647998,0.1993232965,0.261326462,0.6938163638,0.204240635
211,1.683705807,0.1329330206,0.3585031033,0.1491756588,0.1975756884,0.2612116635,0.400531441,0.1982942671
212,1.591065764,0.1606105715,0.2633281052,0.1248933449,0.1967852861,0.2612148523,0.2575160563,0.1948997527
213,1.626431108,0.1802549511,0.2023751587,0.1073855758,0.1966892928,0.2611047924,0.1902941912,0.193358779
214,1.69379437,0.1904010326,0.1778586954,0.09407464415,0.197726205,0.2607347369,0.1785035282,0.1929184198
215,1.65675652,0.1934318691,0.1739528179,0.08387435228,0.1986691952,0.2601596415,0.1878397614,0.192986086
216,1.576490283,0.1932481974,0.1745550632,0.07539024204,0.1998562366,0.2595098317,0.1969825029,0.1932477206
217,1.557595849,0.1873889714,0.1836033911,0.07368856668,0.2016936094,0.2584951222,0.2240632027,0.1940148324
218,1.539126277,0.1810025573,0.199461028,0.0720250383,0.2043976784,0.2572156191,0.2522798181,0.1951187253
219,1.481846809,0.1744145751,0.2266193777,0.07091356069,0.2067927867,0.2556969821,0.2872098386,0.1965470314
220,1.428801179,0.1692928523,0.2671803534,0.06989572197,0.2101002783,0.2539871037,0.328836441,0.1983196139
221,1.454615474,0.1674127579,0.3247886896,0.06906373054,0.2135221511,0.2521676719,0.377074331,0.200495407
222,1.436586499,0.1712763757,0.3829212189,0.06853087991,0.2169176489,0.2504185736,0.4129451811,0.2030475885
223,1.4557724,0.1802241653,0.4333582819,0.06793515384,0.2206282169,0.2488291711,0.4321399629,0.2059047222
224,1.44466269,0.1929339617,0.4919496477,0.0674014315,0.2225174308,0.2473101765,0.4520579875,0.2090730518
225,1.396660924,0.2031938434,0.4603510797,0.06707161665,0.2211253643,0.2460231632,0.395252198,0.2118488103
226,1.544324994,0.1930100471,0.2582262456,0.06708850712,0.2170410156,0.2457439452,0.2227627039,0.2121432424
227,1.49166584,0.1693706065,0.1740384847,0.06729669124,0.2094777077,0.2461071163,0.177290976,0.208716765
228,1.57848084,0.14000009,0.363910228,0.06786863506,0.198080495,0.2460506707,0.3469955027,0.2010671943
229,1.494034767,0.1130967438,0.7026789784,0.06813757122,0.1862951964,0.2454815507,0.5660217404,0.192018196
230,1.561414242,0.09489690512,1.307312369,0.06975529343,0.1751225442,0.2439335138,0.9052500725,0.1810743362
231,1.503829598,0.08879227191,1.929563522,0.07102193683,0.1657274812,0.2415310591,1.152418017,0.1701949984
232,1.577181697,0.09397101402,2.421220064,0.07401264459,0.1589070112,0.2387249917,1.23104763,0.1608939022
233,1.576898575,0.1046294048,2.517286539,0.07689666003,0.1544432789,0.2365152091,1.04530251,0.154794991
234,1.594855309,0.120638907,2.377327681,0.08042116463,0.1516421735,0.2351839095,0.7832973003,0.151579231
235,1.572468758,0.1353271008,1.913749695,0.08261152357,0.1504711658,0.2348878384,0.4528022707,0.1507057101
236,1.581589699,0.1475346535,1.585107923,0.08399069309,0.1500353962,0.2349931598,0.2803767025,0.1507408917
237,1.604156613,0.1527567655,1.332947612,0.08503232151,0.1498547792,0.2351581603,0.1937040836,0.1509733051
238,1.604531884,0.1511419713,1.149887681,0.08575401455,0.1496919394,0.2351988554,0.1587494761,0.1510959119
239,1.568552613,0.1444691867,0.9916737676,0.08620176464,0.1495433599,0.2350432724,0.1493920535,0.150997743
240,1.531432509,0.1363329142,0.8915307522,0.08654665202,0.149435088,0.2347983122,0.1524670273,0.1507442445
241,1.513154387,0.1257196069,0.7592950463,0.08663666248,0.1493032426,0.2344933748,0.1666918844,0.150312975
242,1.463329792,0.118621774,0.6780138612,0.08657860011,0.1493431181,0.2342364341,0.1781686544,0.1498814523
243,1.389966607,0.1136766002,0.5931327343,0.08644386381,0.1496821493,0.2342364341,0.1925003529,0.1495826989
244,1.375810266,0.1081532836,0.4667370021,0.08613284677,0.1501868963,0.2340162545,0.2298362404,0.1492183954
245,1.370644689,0.1108490005,0.3878389895,0.08581787348,0.1510989666,0.2340162545,0.2528054416,0.1491132379
246,1.442026734,0.11861334,0.3166508675,0.08568477631,0.1521813124,0.2338892967,0.2787107527,0.1491342783
247,1.446447968,0.1318713874,0.2579219639,0.08574855328,0.1535615176,0.2336246967,0.3074456751,0.1493261307
248,1.502182364,0.1500837952,0.2258694917,0.08601836115,0.1543929428,0.2336246967,0.3074456751,0.1498884559
249,1.516256213,0.1675421,0.2185726017,0.08637257665,0.1531682611,0.2340162545,0.2653965652,0.1507176757
250,1.580911756,0.173706457,0.3237970471,0.08698324114,0.1514973193,0.2345634252,0.1620440632,0.1510412395
251,1.443837523,0.1717188507,0.6934898496,0.08878359944,0.1494584233,0.2350916117,0.1935725063,0.1501878947
252,1.570976615,0.1680554748,1.345161915,0.09083832055,0.1479716152,0.2348904163,0.4142059386,0.1481532604
253,1.531215787,0.1596461087,1.957519412,0.09239154309,0.1478105187,0.2340960056,0.6201975942,0.1460329741
254,1.547388434,0.1500660032,2.464255095,0.09006165713,0.1492109895,0.2331696749,0.7308216691,0.1450882256
255,1.513682246,0.1426837891,2.435456276,0.08341344446,0.1513116509,0.2326579243,0.5696268678,0.1454229206
256,1.489240289,0.1506286711,2.114281893,0.07511235029,0.1508068889,0.2325488329,0.340783596,0.1461870819
257,1.502502441,0.1637601405,1.910143733,0.06752354652,0.1496369243,0.2325695306,0.2287236452,0.1469080001
258,1.522616863,0.1727314144,1.760010719,0.06072358415,0.147127822,0.2325952053,0.1748408079,0.1473283917
259,1.514388919,0.1711238176,1.686768055,0.05693309382,0.1458113045,0.232632041,0.1575863063,0.1475339979
260,1.511900425,0.1626636535,1.665551662,0.05453656986,0.1449090093,0.2327652425,0.153293699,0.147666052
261,1.518153787,0.153453812,1.568832874,0.05318757892,0.1442940831,0.2329802513,0.1468247175,0.147674948
262,1.502872109,0.1424382627,1.449798226,0.05260278657,0.1439014822,0.2332252115,0.1432158798,0.1475574523
263,1.468542099,0.129294619,1.238035083,0.05229560658,0.143503502,0.2333703488,0.1445098817,0.1471345872
264,1.366845727,0.1153484955,1.062141061,0.05205939338,0.143187955,0.2333703488,0.1530129015,0.1464823335
265,1.440612793,0.1018573865,0.8922201991,0.05200690031,0.1428453922,0.2331951857,0.1680051535,0.1456262916
266,1.345328927,0.08847226948,0.7074837685,0.05208173022,0.1423923075,0.232800737,0.1980730444,0.1445394605
267,1.345851302,0.07518167049,0.5029197931,0.05268891156,0.1416701227,0.2317012697,0.2650682032,0.1429818422
268,1.289635181,0.0726319626,0.4048208892,0.05343255401,0.1411071569,0.2304302007,0.2933558524,0.1415743381
269,1.326075435,0.07390033454,0.2998951077,0.05445915088,0.1406349689,0.2286811322,0.3587062359,0.1401737779
270,1.32700789,0.08369454741,0.2308220863,0.05580100417,0.1404136568,0.2265020013,0.4358932078,0.1389585286
271,1.330896974,0.1034685597,0.202002421,0.05769139528,0.1405438185,0.2237363607,0.5250310898,0.1380342096
272,1.365839839,0.132543996,0.2116353512,0.05971669778,0.141309157,0.2207572013,0.599794209,0.1377421767
273,1.344250321,0.1556958556,0.1957828999,0.06093109772,0.1427176744,0.2183980942,0.5026626587,0.1383184791
274,1.481539607,0.1614695489,0.1612146795,0.06143935025,0.1440056711,0.2171267122,0.2930246592,0.1391907781
275,1.482821822,0.1570569426,0.1877426058,0.05980728939,0.1444131583,0.2165800333,0.1629603654,0.1395791024
276,1.542042851,0.1410024166,0.3654145002,0.05576215312,0.143071413,0.2165506333,0.1501898021,0.1386908144
277,1.462081313,0.1285319477,0.5092782378,0.05104097724,0.1410216391,0.2165506035,0.2128518373,0.1372796744
278,1.470329285,0.1153931022,0.7989546657,0.04823829234,0.1379481107,0.2164209336,0.3741810322,0.1350983828
279,1.484333396,0.1107082739,1.039838791,0.04832828045,0.1343429685,0.2159465998,0.5225061178,0.1325182021
280,1.480958343,0.1117535233,0.9701323509,0.04818062857,0.1314000934,0.2154880315,0.4769354761,0.1304931492
281,1.494414926,0.1184736267,0.6684489846,0.04703032598,0.1300839186,0.2154259086,0.3052926362,0.1297888607
282,1.509647369,0.1301934421,0.3763552606,0.04652314261,0.1298549622,0.2154440433,0.1740062684,0.1298338473
283,1.496897697,0.1416908056,0.1863817424,0.04827146232,0.1300210208,0.215078339,0.1298873574,0.1299666613
284,1.483890176,0.149473086,0.1214506626,0.05313577875,0.1301110536,0.2139085978,0.1736534387,0.129752636
285,1.41689682,0.148503527,0.1834489554,0.06087981537,0.1301003695,0.211698696,0.2756896913,0.129238829
286,1.529854774,0.1371472478,0.3152651489,0.07067406923,0.1301548332,0.2086965591,0.3776012659,0.1286934763
287,1.468342185,0.1198377088,0.4808598459,0.08182117343,0.1305273622,0.2051298022,0.4612396955,0.1284288019
288,1.452340722,0.1002950892,0.6463162899,0.09337321669,0.1295650005,0.2012156695,0.5088992715,0.1287255734
289,1.41745615,0.08226101846,0.8253234029,0.1050939932,0.1310974061,0.1970951706,0.5595133901,0.1296008378
290,1.396573901,0.06725160033,0.9655663371,0.1155535206,0.1331851631,0.1930341125,0.5615535378,0.1311481297
291,1.38572216,0.05695034564,1.121448398,0.1241131797,0.1362861842,0.1889730543,0.5635936856,0.1333235353
292,1.361984253,0.05138167739,1.296218276,0.1313901693,0.1400847584,0.1849750727,0.5655121803,0.1360597461
293,1.33028996,0.04904114082,1.585041046,0.1380471736,0.1442755908,0.1806665063,0.6199225187,0.1394501477
294,1.304290533,0.05288738385,1.811973214,0.1428943127,0.1495343298,0.1763579696,0.6219630241,0.1433973908
295,1.3612957,0.06103980169,2.173099995,0.1470701247,0.1551259011,0.1718022376,0.6797463298,0.1480448395
296,1.319725513,0.07383895665,2.459784508,0.1499422789,0.1584809721,0.1672465205,0.6817864776,0.1532255858
297,1.394842744,0.08596966416,2.561199903,0.1527299136,0.1547678262,0.1632734388,0.6002256274,0.1584106237
298,1.403522134,0.0859098509,2.068763971,0.154108271,0.1480900943,0.1611493975,0.3312754035,0.1615459174
299,1.490093708,0.08091641963,1.543762565,0.1549178213,0.139745906,0.1602345854,0.164596498,0.1618812829
300,1.454715729,0.07153382897,1.067606568,0.1563773155,0.1327692568,0.1600790173,0.1020808592,0.1591698527
301,1.367886901,0.06128753349,0.8177132607,0.1587768644,0.1264866143,0.1600421816,0.1023854986,0.1552478224
302,1.438672543,0.04924581572,0.4954786599,0.1608751267,0.1196788326,0.1600922495,0.1482583135,0.1490106583
303,1.419179082,0.04256441072,0.3169493377,0.1622855812,0.1155581549,0.1601206064,0.1991284341,0.1416949183
304,1.371725678,0.04357836023,0.2394061238,0.1633723676,0.1132339016,0.160170868,0.1992884278,0.1350013912
305,1.44370234,0.05307710543,0.211775139,0.1646000296,0.1131278947,0.1603341401,0.1571402997,0.1299086362
306,1.489870667,0.07119629532,0.2390210032,0.1658443213,0.115254052,0.1607042104,0.1069416404,0.1269965172
307,1.491888046,0.08644742519,0.2643675804,0.1651416272,0.1173982248,0.1608711481,0.09873461723,0.1253684014
308,1.477732182,0.09908453375,0.3151926994,0.1615156829,0.1201210618,0.1608043462,0.1084392443,0.1247850135
309,1.463777065,0.108817786,0.4184830487,0.1554421335,0.1232068017,0.1603242606,0.143939212,0.1252650768
310,1.491879106,0.1103956327,0.469107002,0.1466803104,0.1255752593,0.1596544236,0.1616476327,0.1260713786
311,1.480238318,0.1097028181,0.534145534,0.1364822239,0.1275173873,0.1587798744,0.1823552847,0.1272022277
312,1.334940076,0.1071145758,0.612051487,0.126133129,0.1306762248,0.1577558517,0.2061060667,0.128651619
313,1.2926296,0.1037791148,0.6785783768,0.1153414845,0.1336650848,0.1566163749,0.2192308903,0.130280003
314,1.377845883,0.09936676174,0.7896322608,0.1060659513,0.1370913833,0.1553089321,0.2475349903,0.1322535276
315,1.32394278,0.09700084478,0.8529126048,0.09768948704,0.1406219006,0.1540014893,0.2478515506,0.1342595965
316,1.339907169,0.09425667673,0.9617512822,0.09042733908,0.1444248706,0.152727142,0.2632742226,0.1364586353
317,1.295333266,0.09135729074,1.128057599,0.08354353905,0.148188293,0.1511879116,0.2962300479,0.139057979
318,1.324821591,0.08917386085,1.409038186,0.07897345722,0.1523062438,0.1491596252,0.3707940578,0.1424473226
319,1.369209886,0.0922215879,1.64175117,0.0745113641,0.1569606066,0.1469105631,0.4129062593,0.146315366
320,1.321874499,0.09907848388,1.903954864,0.07134854048,0.1596633345,0.1443369985,0.4580768049,0.1507032663
321,1.33866322,0.1028057858,1.856719494,0.06808105856,0.155194357,0.1423978209,0.372240901,0.1543733925
322,1.395305991,0.09542386979,1.378922582,0.06560970098,0.146472767,0.1414564997,0.1817036867,0.1552054584
323,1.379589438,0.08333215863,0.818860352,0.06366855651,0.1339615136,0.1413639784,0.08842607588,0.1518412977
324,1.470506072,0.07126767933,0.3897970617,0.06267339736,0.1226011217,0.1414598078,0.1570260674,0.1439016759
325,1.429970741,0.0562604852,0.2185705304,0.0612218231,0.1105832234,0.1413385123,0.2604286373,0.1339784265
326,1.431176662,0.04490697011,0.1537266523,0.06105153263,0.1004635021,0.1407752186,0.4107429981,0.1224249229
327,1.372935295,0.03491397575,0.1688139588,0.06145798787,0.09317272902,0.1400546879,0.4562424123,0.111751616
328,1.423511982,0.03196926042,0.2128952146,0.06249323487,0.08865668625,0.1393315792,0.4569187164,0.1026427522
329,1.418584228,0.03504708782,0.1702897698,0.06232073903,0.08659949899,0.1390871406,0.2945477664,0.09673196077
330,1.423651338,0.04598783329,0.1602136791,0.06134434417,0.08620526642,0.139079392,0.2161967754,0.0925058797
331,1.370056629,0.05913780257,0.1434751302,0.06020857766,0.08593413234,0.1392745823,0.1555546671,0.08961140364
332,1.408552051,0.07323120534,0.1015238538,0.0584400706,0.08632894605,0.1395846009,0.09532406926,0.08820114285
333,1.385849953,0.08512511104,0.08153010905,0.05578575656,0.087243855,0.1396997124,0.08075083047,0.08786275983
334,1.388484001,0.09101783484,0.08563762903,0.05374154449,0.08847976476,0.1396290213,0.09499590844,0.08802964538
335,1.424458385,0.09235045314,0.09542629123,0.05192855373,0.08960600942,0.1394692361,0.1121878028,0.08846779913
336,1.369467854,0.09107168764,0.09559635073,0.04962181672,0.09103262424,0.1393874735,0.1121896803,0.08891826123
337,1.365559697,0.08947020769,0.1077328846,0.04763640836,0.09220501781,0.1392122954,0.1272964031,0.0895550549
338,1.356014609,0.08834461123,0.1104338467,0.04517703876,0.09341975302,0.1391228437,0.1272982955,0.09021589905
339,1.340957046,0.08619150519,0.1300791055,0.04346288741,0.09546963125,0.1388436407,0.1452779323,0.09105845541
340,1.343546033,0.084615767,0.1587902755,0.04209895805,0.09722620249,0.1384492069,0.1661650091,0.092113249
341,1.255224586,0.08435621858,0.1977608651,0.04078968242,0.09934082627,0.1381248087,0.1899985075,0.09345322847
342,1.316301227,0.08623049408,0.2487739772,0.03884282336,0.101898171,0.1380056143,0.2166605443,0.09516555071
343,1.317019105,0.09092708677,0.314017415,0.03689382598,0.1041672006,0.1380056143,0.2462707907,0.09726348519
344,1.326693892,0.09819402546,0.3705374002,0.03474297747,0.1055995598,0.1382780075,0.2621284127,0.09969931096
345,1.219186783,0.106262058,0.4069005251,0.03370079771,0.1035983264,0.1385504156,0.2621358931,0.1021962389
346,1.417014718,0.1018891633,0.2623927295,0.03355672956,0.09871544689,0.1386548728,0.1554655731,0.1033065394
347,1.351073742,0.09292177111,0.1422312111,0.03388844803,0.09374129772,0.1384541988,0.09490802139,0.1030759215
348,1.366365433,0.08577194065,0.09465419501,0.0346888788,0.09122791886,0.1380485147,0.08206204325,0.1026136279
349,1.344189286,0.07503116876,0.07851720601,0.03597938642,0.09037537128,0.1379312277,0.08225036412,0.1021280289
350,1.332183361,0.06574515253,0.1116137505,0.03813916072,0.09254119545,0.138375923,0.09565944225,0.1021092832
351,1.31855166,0.05692797899,0.1889781803,0.04013597593,0.0961709246,0.1393275112,0.1203847602,0.1022628173
352,1.315056205,0.04772989452,0.3201695979,0.03954841569,0.09808585048,0.1402761489,0.166337952,0.1015307084
353,1.285647988,0.0463411361,0.4486801624,0.03928005323,0.09831037372,0.1408683509,0.2021973878,0.09986377507
354,1.374023318,0.05588081479,0.4691150188,0.03894475475,0.09731110185,0.1410561353,0.1779799461,0.09797824174
355,1.368943572,0.07182976604,0.3929246962,0.03848782182,0.09610385448,0.1410460621,0.1224722043,0.09648386389
356,1.338894486,0.08295574039,0.357280761,0.03849533573,0.09541728348,0.1411011368,0.09992887825,0.0953482911
357,1.435030937,0.0912682116,0.3190095127,0.0383474566,0.09514055401,0.1413418204,0.08887692541,0.09467092901
358,1.428624749,0.09456294775,0.3110093474,0.03786383942,0.09553422779,0.1418318301,0.08772800118,0.09427920729
359,1.417513013,0.09695703536,0.2675717175,0.03714451939,0.09616879374,0.1422665864,0.09377965331,0.09432601184
360,1.396791458,0.09635671228,0.2491811514,0.03674175218,0.09702304751,0.1426572353,0.1010816619,0.09456414729
361,1.36868155,0.09514310211,0.2395388037,0.03624674305,0.09826806933,0.1431596428,0.1058464423,0.09493524581
362,1.341027856,0.09420821816,0.2255653739,0.03596366942,0.1001478061,0.1435876042,0.1112893522,0.09537818283
363,1.300382495,0.09335819632,0.1979144365,0.03563584015,0.1013014689,0.1440529823,0.1242221072,0.09603661299
364,1.223664999,0.09413781017,0.1797601432,0.03527082503,0.1031636968,0.1445368826,0.1317880303,0.09680632502
365,1.283781886,0.09579864889,0.1568935812,0.03495026752,0.1053031683,0.1448383331,0.1489483863,0.09772148728
366,1.342309952,0.09969744086,0.1397640258,0.03468057513,0.1078662649,0.1448383331,0.1799881458,0.09885915369
367,1.236088276,0.1071858183,0.1367447823,0.03444259986,0.1104080901,0.1445139199,0.2043469399,0.1001373827
368,1.409338474,0.1192593575,0.1559816897,0.03437516466,0.110884957,0.1438316703,0.2463020831,0.1016911268
369,1.306397438,0.1302307844,0.1679308414,0.03427211568,0.1088707224,0.1430489272,0.2463938743,0.1033134833
370,1.360358715,0.1195800006,0.1119451597,0.03400247172,0.1054463163,0.1430489123,0.1314376444,0.1039153337
371,1.301230311,0.09887033701,0.1405327469,0.03406034783,0.0996440351,0.1437019557,0.08976150304,0.1026401594
372,1.455457687,0.07459812611,0.3761331141,0.0345399715,0.09460478276,0.1443623006,0.1942102909,0.09879639745
373,1.438509464,0.05483238772,0.7168466449,0.03580302373,0.08885055035,0.1445233077,0.3558532,0.09349589795
374,1.415291786,0.04163290933,1.382081985,0.04010827467,0.08354529738,0.1436533779,0.676504612,0.08645507693
375,1.452961445,0.0362739414,2.018625021,0.04844598472,0.07933965325,0.1419034153,0.9034195542,0.07965370268
376,1.498336196,0.03218498081,2.305272341,0.05956561863,0.07614842802,0.1402218491,0.8738722801,0.07503578812
377,1.488682866,0.03165979311,2.26948905,0.06937920302,0.07397340983,0.1392294466,0.686902523,0.07293754816
378,1.494625688,0.03638155758,2.113597631,0.07734910399,0.07253655046,0.1388709098,0.4986545146,0.07259320468
379,1.507363915,0.04311326519,1.797511101,0.08233570307,0.07151818275,0.1390572041,0.3055722713,0.0732248798
380,1.520437837,0.04928442836,1.537685394,0.085558258,0.07084047794,0.1394575685,0.1945944279,0.07407803088
381,1.506695747,0.05267719552,1.335983634,0.08783680201,0.07052660733,0.1399578005,0.1365097761,0.07485228777
382,1.514197707,0.05351096764,1.08127594,0.08885661513,0.07029437274,0.1403829455,0.08980270475,0.07523144037
383,1.568141937,0.05207909271,0.9298450351,0.08952754736,0.0701745525,0.1406604648,0.0760102421,0.07531425357
384,1.524760842,0.04928221181,0.7490491867,0.08974125236,0.06983497739,0.1407679468,0.06753151119,0.07498391718
385,1.44571209,0.04673778638,0.6297310591,0.08992299438,0.06964690238,0.1408274025,0.06759313494,0.07447362691
386,1.449812531,0.04463548958,0.5178720951,0.09004858881,0.0693366155,0.1407643408,0.07052581757,0.07377135009
387,1.386752248,0.04196989536,0.3781661093,0.09009543806,0.06876351684,0.1404113322,0.08508494496,0.07265860587
388,1.405950189,0.04128329083,0.2647307217,0.09028472751,0.0678044185,0.1397083998,0.111338295,0.07117856294
389,1.370872021,0.04392211512,0.1742759198,0.09093316644,0.06678198278,0.1384838372,0.1606798023,0.06927618384
390,1.392688155,0.05218043551,0.1336207986,0.09239652008,0.06558319181,0.1366440058,0.2285755277,0.06707154959
391,1.422866464,0.06628894806,0.1432085186,0.09473660588,0.0645480603,0.1342443824,0.2965911031,0.06485012919
392,1.450741172,0.08299185336,0.1801766604,0.09734673053,0.06366909295,0.1315423697,0.3357646465,0.06299214065
393,1.435149193,0.0872470364,0.1532796472,0.09837009758,0.06269977242,0.129697904,0.2463129759,0.06216686964
394,1.502181172,0.0723419264,0.07621344179,0.09843191504,0.06220964715,0.1294747144,0.08302580565,0.06219953299
395,1.440869689,0.0625083819,0.1143859625,0.09875625372,0.06200037524,0.1299415231,0.06896669418,0.06211189926
396,1.48532927,0.0536378026,0.2776037455,0.09926763922,0.06199206784,0.1308635324,0.1599331349,0.06162576005
397,1.470821857,0.04661174491,0.4608685076,0.09934111685,0.06279235333,0.1317097098,0.2628512681,0.06102818251
398,1.544398665,0.04308049008,0.7677056193,0.09705657512,0.06405613571,0.1321464032,0.4254734516,0.0604149811
399,1.541124463,0.04704602435,1.197117686,0.09521690756,0.06525868177,0.1319337487,0.6367307305,0.06010248885
400,1.499376893,0.0507160835,1.456187844,0.09508543462,0.06624255329,0.1313537806,0.700483501,0.06074652076
401,1.487157941,0.04993863031,1.438649774,0.09567159414,0.06647219509,0.1310059875,0.5875852108,0.06249113008
402,1.461616874,0.0469337292,1.167858005,0.09448141605,0.06759636849,0.1315387338,0.3689582646,0.06487181038
403,1.478581309,0.04710017517,0.8955264091,0.09328851849,0.06815385073,0.1325891614,0.2065445632,0.06702017039
404,1.507346153,0.04831218719,0.6955679059,0.09203121811,0.06755525619,0.1336961836,0.1194078922,0.06846439838
405,1.545481086,0.04838691279,0.5789601207,0.09093717486,0.06761353463,0.1344961971,0.08502289653,0.06919163465
406,1.647885919,0.04711535573,0.4879997671,0.09078103304,0.06723195314,0.1352192611,0.06654408574,0.0694469735
407,1.622806907,0.04549458623,0.4212300777,0.09118964523,0.0669933781,0.1365237683,0.05813579634,0.06981687993
408,1.562586308,0.04417170957,0.3563818038,0.09269399196,0.06783276796,0.1391384006,0.05321252719,0.07091166824
409,1.581508994,0.04554387927,0.3321571052,0.09532091022,0.06925298274,0.1428771764,0.05537866428,0.07292364538
410,1.523993134,0.04696553573,0.2891223431,0.09845551103,0.07176401466,0.1472917348,0.0556563586,0.07535564154
411,1.599395394,0.04762517288,0.2340395898,0.1015379056,0.07392217964,0.1519840807,0.05552281812,0.07773821056
412,1.587835431,0.04786904156,0.1737962812,0.1041229293,0.07558008283,0.1568863392,0.05888560414,0.07988486439
413,1.596610665,0.04896922037,0.1204934791,0.1057792082,0.07632599771,0.1618991047,0.0718254149,0.08160582185
414,1.556017876,0.05355848745,0.09270718694,0.1061969474,0.07728191465,0.1667597741,0.09540709108,0.08274680376
415,1.617526054,0.06255412102,0.09439275414,0.1054550633,0.07788237184,0.1713075042,0.1204094887,0.08339162916
416,1.657317758,0.07499010861,0.1171616614,0.104285717,0.07980244607,0.1756278276,0.1407584846,0.0838085413
417,1.696918011,0.08681825548,0.1198177934,0.104628481,0.08397968858,0.1799627542,0.1232371107,0.08466015011
418,1.746262193,0.09446945786,0.09005401284,0.1065245271,0.09005547315,0.184680298,0.08638150245,0.08653631061
419,1.702748418,0.09930741787,0.07316759229,0.1082798466,0.09742349386,0.1896495223,0.07677926868,0.08919427544
420,1.723187447,0.1003268659,0.1237316206,0.1098850295,0.1041354164,0.1943441033,0.13560386,0.09271963686
421,1.766029954,0.1045983434,0.3273596168,0.1139573082,0.1125524342,0.1982852668,0.3015511036,0.09691292793
422,1.812057614,0.104121089,0.4939454496,0.1163260043,0.1191109195,0.2015922517,0.3843994141,0.1014015749
423,1.794160485,0.1021926925,0.6222321391,0.1139810756,0.1249743626,0.2045400888,0.4109853804,0.1061649397
424,1.854952812,0.09950384498,0.6455343366,0.1078179851,0.1264152676,0.2077590823,0.3534044325,0.1110802889
425,1.859156132,0.1002832726,0.6205578446,0.1025092825,0.1292462647,0.2117426544,0.2842823863,0.1161945239
426,1.847127557,0.1030878201,0.5552722812,0.1004492119,0.1316232532,0.2164905071,0.2117233276,0.1211611629
427,1.891102433,0.1066159904,0.4806520045,0.1010573134,0.1317105293,0.2217682153,0.1558434814,0.1256427616
428,1.86384213,0.109789975,0.4381199777,0.1035116911,0.1317009777,0.2275853604,0.1321191639,0.1299739927
429,1.928502202,0.1126390696,0.4031999409,0.1068863794,0.1334446073,0.2339830995,0.1211865544,0.1343751699
430,1.87268579,0.1158269569,0.3799827397,0.1111308262,0.1366139203,0.2410244942,0.1192233488,0.1391067356
431,2.022501469,0.1194867194,0.35270679,0.1159511581,0.1417335868,0.2487390041,0.118179433,0.1441920549
432,1.99843061,0.122095488,0.3097736239,0.1207655072,0.1456904411,0.2568508983,0.1126164421,0.149168238
433,1.988342285,0.1225404143,0.2425504327,0.1246124506,0.1505479962,0.2657566965,0.1040395498,0.1539311409
434,1.996981621,0.1245585084,0.1994666606,0.1279095262,0.153998524,0.2749816179,0.1056860164,0.1583140045
435,1.987639546,0.1254676133,0.158186987,0.1307590008,0.1565970778,0.2843170464,0.1179039851,0.1617312878
436,1.855145574,0.1322523803,0.1467137784,0.1343194842,0.1595270187,0.294311434,0.1303356737,0.1653936505
437,1.944622517,0.1400303394,0.1541001648,0.1382995546,0.1620140672,0.3044463396,0.1580484211,0.1684739143
438,1.602009296,0.1536736935,0.1681135893,0.1430363804,0.165259704,0.3153778613,0.1702097058,0.1722300798
439,2.001469612,0.1702397019,0.1930457801,0.1481158435,0.1694476008,0.3268146217,0.183093667,0.1764143109
440,2.041039228,0.1891707182,0.243202135,0.1529706568,0.1737103909,0.3379867077,0.2053513527,0.1802017242
441,1.957642555,0.2086812705,0.278799206,0.1570795625,0.1803637743,0.3479094505,0.2091457695,0.1831639409
442,2.104947329,0.2220233083,0.1831198484,0.1614137739,0.1881418377,0.3574289978,0.1594898254,0.1874542087
443,2.21168232,0.2331579775,0.1169146299,0.1662871391,0.1947664469,0.3656166792,0.1743714064,0.1923007816
444,2.26983428,0.2443698049,0.1258776337,0.1709721833,0.2020865083,0.371301651,0.2883448303,0.1971580535
445,2.220531702,0.2512717247,0.1914691329,0.1730914116,0.2094169855,0.3754956722,0.4057421684,0.202213645
446,2.114262342,0.2641816437,0.3545788825,0.1787597686,0.2185280323,0.3789671957,0.6100242138,0.2086216956
447,2.232854605,0.2590235174,0.3570987284,0.1816157252,0.2279873639,0.3817268312,0.5647502542,0.2145605087
448,2.243930817,0.249033615,0.2590212226,0.1818272322,0.234795928,0.3847755492,0.3968831003,0.2192105651
449,2.277537823,0.2477517277,0.2331559658,0.1823985428,0.2376852781,0.38843894,0.3311811984,0.2234457284
450,2.293978691,0.247915864,0.2065605521,0.1829535216,0.2367854267,0.3921901882,0.2759646177,0.2267827839
451,2.343455315,0.2493697554,0.1870921105,0.1841324717,0.2366740704,0.3961894512,0.24220258,0.229536131
452,2.322682142,0.2501560748,0.1666769385,0.1849684566,0.2356829643,0.4000554979,0.2140767574,0.2313930988
453,2.291987658,0.2500314713,0.1480159014,0.1854246408,0.2352980524,0.4039337337,0.1918025613,0.232459262
454,2.447193384,0.2495459318,0.1374456137,0.1854676753,0.2331732512,0.4078648984,0.1808528304,0.2330502421
455,2.391529083,0.2484519929,0.1294603646,0.1848846823,0.231863752,0.4116510153,0.1722982526,0.2330331355
456,2.33566618,0.2482153922,0.1255470067,0.1843329668,0.2309885472,0.4153590202,0.1696835905,0.2327517867
457,2.282212496,0.2483985275,0.1248031855,0.1848799139,0.2303203344,0.4195571244,0.1678997278,0.2326462716
458,2.208773851,0.2474294454,0.1326183677,0.1860448867,0.229120031,0.4243947268,0.1647990048,0.23258394
459,2.294174433,0.2514954805,0.1355907917,0.1887366772,0.2291767597,0.4298824966,0.1670939922,0.2331155092
460,2.266801119,0.2543386221,0.1484327763,0.1916159838,0.2286058217,0.4355016947,0.1677131653,0.2335790992
461,2.260979414,0.2581709325,0.167624712,0.1947038323,0.2273038775,0.4410241544,0.1687902361,0.2338110358
462,2.351547956,0.2611792088,0.2082105875,0.1972545236,0.2259960324,0.4461174011,0.1703123599,0.2333319932
463,2.338964701,0.2678281069,0.2485424727,0.1996907443,0.2240477353,0.4511024058,0.1728230566,0.2326670885
464,2.345693588,0.2737115026,0.3407281935,0.2014467865,0.2230492979,0.4557408392,0.1806372553,0.2311935425
465,2.335728884,0.2857860923,0.3682242334,0.2033843845,0.2277862281,0.4604985416,0.1793407947,0.2302339822
466,2.435539961,0.2988909185,0.2830730677,0.2050401419,0.2348738462,0.4642339647,0.17973046,0.230025813
467,2.524560213,0.3089903891,0.1710541993,0.2058663219,0.2443090528,0.466424793,0.2204601169,0.2306361645
468,2.562992334,0.3177636564,0.08599533886,0.2056564838,0.2530484796,0.4677246511,0.3366439342,0.2329742163
469,2.478941917,0.3205581009,0.08617255092,0.2062318325,0.2664866745,0.4694491923,0.4624079168,0.2370462567
470,2.508744478,0.3225144148,0.1661585569,0.20648624,0.2784545124,0.4714490175,0.6256141663,0.2429463416
471,2.486307144,0.311681658,0.2421146631,0.2093443424,0.285002768,0.4736793339,0.6550208926,0.2495043278
472,2.489788294,0.2892491519,0.2095008641,0.2117725164,0.2853363156,0.4760188162,0.4900187552,0.2545808256
473,2.495905638,0.2781684399,0.2104936838,0.213458702,0.2833507955,0.4780807495,0.4113401175,0.2584688962
474,2.512580156,0.2731326818,0.228573069,0.216127038,0.2795033157,0.4806400239,0.3772088289,0.2621146142
475,2.523504019,0.272346139,0.2508092821,0.2204371244,0.2778100371,0.484248668,0.3628468513,0.2661887407
476,2.509609938,0.2723552883,0.2519624233,0.2257090211,0.2778863311,0.4888663292,0.333815366,0.2703911662
477,2.625014305,0.276145786,0.2746715546,0.232995823,0.2779630721,0.4944744408,0.3379541636,0.2753518522
478,2.626479149,0.2774729431,0.2625794113,0.2403713614,0.2802790105,0.5006514192,0.3122174442,0.2801144421
479,2.573756456,0.2779897153,0.246260941,0.2475380301,0.2812537849,0.5069640279,0.2887556255,0.2843206823
480,2.5462749,0.2830249369,0.2499465793,0.2558474839,0.2842378914,0.5137289762,0.2932542264,0.2888841033
481,2.472199917,0.2804351151,0.2165182382,0.2632597983,0.2864815295,0.5208056569,0.2605506182,0.2926673591
482,2.510792494,0.2829546034,0.2035064101,0.2713259757,0.2871353924,0.5283051133,0.2539511323,0.2964485586
483,2.523858786,0.2890872657,0.1964150071,0.2800367475,0.288264662,0.5363019109,0.2588244975,0.3006393015
484,2.541075468,0.2933490872,0.178361252,0.2892273366,0.2889071703,0.545009315,0.2533592284,0.3050622642
485,2.550980806,0.2986453772,0.1588283926,0.2986189425,0.2897085249,0.5541847348,0.2486142069,0.3095230758
486,2.628135681,0.3078594506,0.1442979574,0.3094034195,0.2918436229,0.5639092326,0.2544898689,0.3144475222
487,2.525048971,0.3118202388,0.1243476644,0.3189144731,0.2946551144,0.5732120872,0.2406252623,0.3183204532
488,2.644426584,0.3210738897,0.1141866073,0.3292406499,0.3028877378,0.5822423697,0.2456914335,0.3220006526
489,2.642358541,0.3290582001,0.108438164,0.3385610878,0.3189331591,0.5904763937,0.2501900196,0.3250700235
490,2.694992065,0.3366323709,0.1038706303,0.3448573649,0.3318364322,0.5966681838,0.2737780511,0.3273005784
491,2.650782824,0.342526108,0.1077894345,0.3488675654,0.3454136848,0.6014157534,0.3262720406,0.3299359977
492,2.72928071,0.3409411609,0.1216437891,0.3487842977,0.354467541,0.6051540971,0.3578994572,0.332591027
493,2.691519976,0.3379500806,0.1570587158,0.3465620279,0.3656773269,0.6086750031,0.4102352858,0.3362150192
494,2.698434114,0.3336645365,0.233605817,0.3421182334,0.3787219822,0.6121413708,0.490237385,0.3413160741
495,2.710026503,0.3234837949,0.2881321907,0.3374243677,0.3854270875,0.615447402,0.4928028584,0.3463133276
496,2.720895529,0.3132666945,0.3363442719,0.3368374407,0.3852199018,0.6187314987,0.4745701253,0.350897938
497,2.708175898,0.3047295511,0.3460569382,0.3367331922,0.378465265,0.6220878959,0.418572098,0.3542998731
498,2.658066034,0.2994180024,0.2800113857,0.334141165,0.3687130213,0.6251072884,0.3085562587,0.3545385599
499,2.750818014,0.2960721254,0.3020856082,0.3311809003,0.3617284596,0.6284590364,0.3101319671,0.3550388813
500,2.755802393,0.293661654,0.3019541502,0.3282320201,0.3576054275,0.6317477822,0.2983756959,0.3551027477
501,2.770604372,0.2912298143,0.2960972786,0.3242024481,0.354193449,0.6349696517,0.2871295512,0.3547377288
502,2.824354172,0.2899072766,0.2998800576,0.3212807477,0.3521694243,0.6385390162,0.288705498,0.3546665907
503,2.853470802,0.2891427279,0.3015455902,0.3194606602,0.3503755331,0.6422873139,0.290391922,0.3547681272
504,2.818517685,0.2868783176,0.2870267332,0.3165773749,0.3501751125,0.6459650397,0.2797245383,0.354442209
505,2.757030725,0.2863951027,0.285332948,0.3154846728,0.3490492105,0.6496426463,0.2813002765,0.3541708887
506,2.689577818,0.2837340236,0.2696503103,0.3141952455,0.3465669155,0.6532459259,0.2710297108,0.3534800708
507,2.691490412,0.2840040028,0.263790518,0.3127408922,0.3432509601,0.6568491459,0.2724985182,0.3528543413
508,2.719194412,0.2796407044,0.2326072454,0.3104347885,0.3383719921,0.6604754329,0.2521752119,0.351472497
509,2.668773651,0.2817275524,0.2191247195,0.3088903129,0.3338688314,0.6642882824,0.2536440194,0.3503122628
510,2.733948946,0.2822910249,0.1944734603,0.3065862656,0.3303393722,0.6684007049,0.2452244014,0.349034518
511,2.781371832,0.2841015756,0.1707380563,0.3052891493,0.3277436793,0.6728230119,0.2375274897,0.3476613462
512,2.752105474,0.2889517248,0.1546218246,0.304194659,0.3292302191,0.6776606441,0.2394460291,0.3466915786
513,2.756106138,0.2936556339,0.1416683197,0.3032050729,0.3344365358,0.6824982166,0.2413645238,0.3458188772
514,2.862118006,0.3057636321,0.1749434918,0.3055952787,0.3415814638,0.6861342788,0.3262480497,0.347035557
515,2.773335218,0.3120159209,0.2376096845,0.3086750805,0.3561782837,0.6882335544,0.4273706377,0.349755764
516,2.668210983,0.3100176156,0.3150252402,0.3119286299,0.3721861839,0.6889858246,0.5091862082,0.3535024822
517,2.642060995,0.3008459508,0.3935424089,0.3142298758,0.3806774318,0.6891734004,0.5544005036,0.3580193222
518,2.617723465,0.2910573483,0.4938174784,0.3154072464,0.3869225979,0.6891878247,0.602416575,0.3635143936
519,2.696847677,0.2825919092,0.613812685,0.3176565468,0.3897725642,0.6891846657,0.6533715725,0.3699745238
520,2.709411383,0.2777442932,0.7469658256,0.3217680752,0.3920958936,0.6893141866,0.7073476911,0.3769218922
521,2.616800308,0.271094054,0.7307494283,0.3256395459,0.391840905,0.6896374822,0.6277871728,0.3824292123
522,2.73969245,0.2664172649,0.6709879041,0.3304171562,0.3897763193,0.6902630925,0.5317762494,0.3860824108
523,2.790361166,0.2629343569,0.59901613,0.3337989748,0.3881954849,0.6911732554,0.4470191002,0.3879040778
524,2.666389465,0.2588636577,0.5219455361,0.3356846273,0.3859713376,0.6922926903,0.3735661507,0.3878887594
525,2.756813765,0.2551980019,0.4865132272,0.3371468484,0.3840838969,0.6936327815,0.3412548006,0.3870455027
526,2.76354003,0.250472039,0.4490360022,0.3376265764,0.3814576566,0.6952123642,0.3118391633,0.3854230344
527,2.78278327,0.2447271198,0.410020858,0.3369505107,0.3769814074,0.696911335,0.2851170599,0.3829834461
528,2.72201705,0.2403769046,0.3865766525,0.3362702429,0.370208025,0.6988124847,0.2731074393,0.380292803
529,2.702345133,0.2365913242,0.3580064774,0.3348654807,0.3644666672,0.7009264827,0.2618176043,0.377377063
530,2.672147751,0.2334073037,0.3265976608,0.3334740698,0.3566083014,0.7032650113,0.2512231171,0.3742619753
531,2.581048012,0.2339150459,0.3052754104,0.332108736,0.3523911536,0.7059280872,0.2520492971,0.3714953363
532,2.629698038,0.2328406721,0.2703015804,0.3318162858,0.3464289606,0.7093791962,0.2425203472,0.3689300716
533,2.621234655,0.2279836535,0.2156223059,0.3296694756,0.3430817127,0.7137170434,0.215992704,0.3657658994
534,2.672356367,0.2239734679,0.1706331521,0.325730443,0.3387126625,0.7186992168,0.189847663,0.3614617288
535,2.779219627,0.2265289575,0.1517801136,0.3209351599,0.3328347504,0.7242465019,0.1779695898,0.3565161228
536,2.835468531,0.2335654646,0.154090479,0.3145851195,0.3282783926,0.7301310897,0.1722389311,0.3508509696
537,2.765383959,0.2460171431,0.1598551124,0.308575958,0.3324805498,0.7360156178,0.1739253402,0.3455737531
538,2.911554098,0.2609941065,0.1353378892,0.3029251099,0.3405847549,0.7408882976,0.2193200588,0.3436465263
539,2.833414078,0.2747462392,0.1850206852,0.3005572855,0.3544442356,0.7437470555,0.3708910644,0.3454762399
540,2.847329378,0.2868903279,0.3663506508,0.3037961721,0.3677183092,0.7451124191,0.6269261241,0.3514898717
541,2.91544795,0.2998901308,0.683293283,0.3150094748,0.3880503178,0.7458046079,0.9540621638,0.3617855608
542,2.995325804,0.3158328831,1.14290607,0.3350245953,0.4004878998,0.745570004,1.328393936,0.3761480749
543,2.975446939,0.3305365145,1.565333843,0.3599671423,0.408580631,0.7446616292,1.588608384,0.3933987617
544,3.007933855,0.3345447481,1.732954979,0.3841902316,0.4216140807,0.7437532544,1.5900774,0.4111408293
545,3.028654099,0.3298499286,1.688847542,0.4066092968,0.4328922927,0.743386507,1.415601134,0.4274134934
546,3.011562109,0.3152079284,1.431920171,0.4239383638,0.4417985976,0.7441090941,1.098785043,0.4402252734
547,3.050979853,0.2947991192,1.052416801,0.4338007867,0.4453612268,0.7460684776,0.7360170484,0.4477590024
548,3.043206453,0.2830010951,0.8069617748,0.4399996698,0.4451378286,0.7491405606,0.5265335441,0.4514533579
549,3.019330978,0.2723199427,0.6087220311,0.4426629245,0.4429377019,0.7530782223,0.3804273605,0.4517201483
550,3.082051516,0.2638797462,0.477984339,0.4437948167,0.4387923777,0.758041203,0.2978378832,0.4499308765
551,2.972134829,0.2600891292,0.419560343,0.4453476667,0.435757041,0.7639287114,0.271405071,0.4478460252
552,2.902309656,0.2584956586,0.3821898997,0.4471162856,0.4328292906,0.7704253793,0.2607381344,0.4458284378
553,2.900747299,0.2548075616,0.3278661668,0.4483198822,0.4281337559,0.7774683833,0.2384489328,0.4432747662
554,2.877268076,0.2578689158,0.3076144457,0.4505757093,0.4268795252,0.7852745056,0.2420763969,0.4415324926
555,2.929280519,0.2562261522,0.2599393427,0.4517236948,0.4241243899,0.7939522862,0.2228688151,0.4395549297
556,2.946064234,0.2592485845,0.2295538187,0.4529280961,0.4214336872,0.8030830026,0.2163267136,0.4375998974
557,2.895959854,0.2673221529,0.2128865272,0.4566895962,0.4182012081,0.8127859235,0.2208257318,0.4363292158
558,2.926362038,0.2775067985,0.1972358227,0.4641240835,0.4174371958,0.8236783147,0.2260893136,0.4362281263
559,2.963997602,0.2922334373,0.1923372298,0.4750117362,0.415512681,0.8352921009,0.243204549,0.4374410212
560,3.066819429,0.3039975166,0.1780916303,0.4877464771,0.4187530577,0.8469058871,0.2490806729,0.4388004243
561,2.93223381,0.3183102906,0.1739605665,0.501042068,0.4286397994,0.8583094478,0.2673327625,0.4406698644
562,3.185544252,0.3332249224,0.1890483648,0.5082831383,0.4398002326,0.8660395741,0.3132275045,0.4413950145
563,3.078640699,0.3400523961,0.2025027275,0.5064851642,0.4518521726,0.8699347377,0.3468157351,0.440513283
564,3.122146606,0.3414048254,0.2263032943,0.4968751371,0.4592748582,0.8709586263,0.3821507394,0.4391021729
565,3.098404169,0.3389016688,0.2618883252,0.479069382,0.4674173594,0.8708956838,0.4202221334,0.438554287
566,3.067560911,0.3311528862,0.2808837593,0.4513912201,0.4674912691,0.8704075217,0.4204488695,0.4382143319
567,3.071642637,0.3242204487,0.318493247,0.4181932509,0.4576740265,0.8699423671,0.4407646358,0.4385538399
568,3.100046396,0.3201827109,0.353099972,0.3840847015,0.4526391923,0.8696648479,0.4615990818,0.4392874241
569,3.104820967,0.3174832165,0.367554903,0.3533814847,0.4503071308,0.8696091771,0.4616009891,0.4399168491
570,3.129992723,0.3161043227,0.3800337613,0.3303570449,0.4493891299,0.8700216413,0.461668402,0.4405678213
571,3.151529074,0.3158482611,0.3918384016,0.3181324601,0.4474825859,0.871193707,0.4620356262,0.4414735138
572,3.079110384,0.3169320524,0.4019397497,0.3133455217,0.448664993,0.8732271194,0.4628618062,0.4427997768
573,3.040120125,0.3161460161,0.3923467696,0.3137698472,0.4470784664,0.8759291768,0.4431382418,0.4439506829
574,3.181118011,0.3181316555,0.3997787237,0.3183136582,0.4459586143,0.8792809844,0.44471398,0.4455074072
575,3.126191139,0.3247771859,0.4264066219,0.3260402381,0.4485643208,0.8834013939,0.4679769576,0.448122859
576,3.090098143,0.3282677829,0.4338159561,0.3351710737,0.4473539293,0.8877084851,0.470271945,0.4508551657
577,3.102350235,0.3273309469,0.4160583913,0.3454924822,0.4483679831,0.8921468854,0.4512108862,0.4531066418
578,3.029784441,0.3306300938,0.4171927869,0.3563872576,0.4507265389,0.8965852857,0.4535059035,0.4553589821
579,3.044211388,0.3335700333,0.4183278382,0.3694798946,0.4517571032,0.9010236859,0.4558008611,0.4576122463
580,2.971875191,0.3365400732,0.4184576571,0.3844076097,0.45307827,0.905854404,0.4583656788,0.460136801
581,3.036380053,0.3394674063,0.4175782204,0.4002946913,0.456042856,0.9110924602,0.4612153471,0.4629476964
582,3.056248665,0.3425214589,0.4172044694,0.4175156355,0.4569133222,0.9171900749,0.464679569,0.4663750231
583,3.027602911,0.3459656239,0.4149224758,0.4348012507,0.4612106383,0.9242072105,0.4688183963,0.4704788029
584,3.066123962,0.349250406,0.4128785133,0.4526115358,0.4658625126,0.9317067266,0.4733169377,0.4749435186
585,2.98852253,0.3432668149,0.3700731695,0.4661053121,0.4720180035,0.9390764236,0.4346008599,0.478128165
586,2.897192717,0.3445608318,0.3665917814,0.4734424353,0.4790258408,0.9437772632,0.4368961751,0.4794003963
587,3.098681211,0.3434225023,0.3663309515,0.4763796031,0.4814103842,0.9457595944,0.4375726283,0.4789640903
588,3.078799009,0.3327608407,0.2967391312,0.4751058519,0.4817460477,0.945599854,0.3588903844,0.4751638174
589,3.056645155,0.3309133053,0.282549113,0.4736912251,0.4828469753,0.9447792172,0.3413214684,0.4708915651
590,2.997499466,0.3296559751,0.2871360481,0.4731533825,0.478423357,0.9438336492,0.3418630064,0.4669139385
591,3.016677141,0.3279910088,0.2923157215,0.4731143415,0.4729866982,0.9428229928,0.3426893651,0.4632925093
592,2.99833107,0.3265223205,0.3295316696,0.4723515511,0.466249615,0.9420048594,0.3792983592,0.4609957933
593,3.027458906,0.326092422,0.3691714704,0.471219629,0.4555054009,0.941467464,0.4183041155,0.4598457515
594,3.068270922,0.3231488466,0.3150456846,0.4683998525,0.4525642395,0.9409732223,0.3613804877,0.4567561448
595,3.03464222,0.3193010986,0.2810896337,0.4636116922,0.4472082555,0.9408836961,0.3269701302,0.452570647
596,2.990552187,0.3169885576,0.2765104473,0.4579109848,0.442276746,0.9414983392,0.3270375729,0.4487663805
597,2.992546797,0.3232544959,0.3165126741,0.4545856416,0.4409914315,0.9431192875,0.3801732957,0.4472928941
598,3.082045317,0.3241920173,0.3131854534,0.4509494603,0.4398978651,0.9450204968,0.3807148635,0.4460191727
599,2.970577955,0.2973864675,0.2203255892,0.4403629005,0.4333155155,0.9464158416,0.2672677934,0.4405124187
600,2.920642138,0.252769798,0.1631633788,0.4224673212,0.4213551283,0.9465649128,0.1593230814,0.4282052517
601,2.869284391,0.2205836028,0.1963337064,0.4012881815,0.4041941166,0.9455898404,0.1360176206,0.4118917882
602,2.80333066,0.1986963153,0.2591715753,0.377269417,0.3866369724,0.9438910484,0.1387654245,0.3938660622
603,2.732082367,0.1857509464,0.3244281113,0.3508147895,0.3668824136,0.9424417019,0.1445646733,0.3759411871
604,2.724502325,0.1766280383,0.4085762203,0.3212452233,0.3498524725,0.9414704442,0.1532130986,0.3583254814
605,2.691897154,0.1721907258,0.5104145408,0.2887272239,0.3321807384,0.9410552382,0.1647612005,0.3411432505
606,2.692799807,0.1764155179,0.6075507998,0.2529324591,0.3156219423,0.9412717819,0.1716063619,0.3249871433
607,2.719835997,0.1884351224,0.690995276,0.2151554227,0.3014543653,0.9419335723,0.1716232449,0.3101857305
608,2.690648317,0.2043176293,0.7787778974,0.1765066981,0.2886605561,0.9432904124,0.1716907173,0.2968030274
609,2.733008146,0.2245336026,0.8407621384,0.1425630301,0.2835831344,0.9448601604,0.1649766564,0.2848829329
610,2.894578218,0.243012771,0.8873033524,0.1182061434,0.2769610584,0.9438701272,0.1589488536,0.2728846371
611,2.890408754,0.2586553991,0.9210389256,0.1071603671,0.2685409784,0.9404203296,0.1544028819,0.2613306344
612,2.882044554,0.2711259425,0.8567005992,0.1107135639,0.2610791922,0.9361131787,0.1421170682,0.2527175248
613,2.847086906,0.2778277695,0.7882595062,0.1186616793,0.2567542791,0.9321098328,0.1419884115,0.2473528385
614,2.880590677,0.2807833254,0.7426154017,0.1291995049,0.2554675043,0.9287304878,0.151427418,0.2451309711
615,2.835344315,0.2819872797,0.7165018916,0.1414382309,0.2564942539,0.9260478616,0.1638534069,0.2453235835
616,2.813949585,0.2834457159,0.7509514689,0.1530146748,0.2535520494,0.9231478572,0.1669495553,0.2452983856
617,2.818532944,0.2862900794,0.8677573204,0.1633380204,0.2480108142,0.9192640781,0.1678710729,0.2430798411
618,2.814435959,0.2858598828,1.010752797,0.1712522954,0.240402475,0.914536953,0.1795863062,0.2383916527
619,2.803401232,0.2797395885,1.150996089,0.1752980351,0.2317810059,0.9095911384,0.1962115318,0.2322712541
620,2.80059433,0.2690232694,1.318617225,0.1759059429,0.2238124609,0.9045788646,0.2190548629,0.2253280133
621,2.817094088,0.2537540197,1.512083173,0.1715842038,0.21556741,0.8994855881,0.248410508,0.217903927
622,2.728548765,0.2345790416,1.734784722,0.1646675915,0.2072771341,0.8941628337,0.2844823301,0.210228011
623,2.755068064,0.2124654055,1.989041924,0.1615601331,0.1995052248,0.8887755871,0.3271220624,0.2024689764
624,2.689847231,0.1899061799,2.222201109,0.1638691574,0.1921665519,0.8831784725,0.3598558605,0.1950472146
625,2.588976383,0.1635975838,2.590086937,0.1688045114,0.1848662645,0.8771621585,0.4328657687,0.1875462085
626,2.570952654,0.1418527365,2.883628607,0.174409464,0.1784882545,0.8709360957,0.4746514857,0.1806365997
627,2.54797864,0.1226466671,3.197785616,0.1799290925,0.1725793481,0.8644999862,0.5195257068,0.1743932366
628,2.513739824,0.1050830483,3.607128859,0.1855513006,0.1670832783,0.8575623631,0.5918936133,0.1686825603
629,2.468508959,0.09564665705,3.995236158,0.1909263134,0.1627254039,0.8502157331,0.6446673274,0.1638037115
630,2.423568487,0.09152647108,4.508943081,0.1960397363,0.1596286446,0.8423347473,0.728716135,0.1597000659
631,2.445368052,0.09777138382,4.999969006,0.2005591393,0.1579740942,0.8344266415,0.7890852094,0.1567013711
632,2.472053766,0.1134624258,5.366746426,0.2039166093,0.157479912,0.8269408345,0.7905542254,0.1550565958
633,2.505002499,0.1339117438,5.389942646,0.2056499273,0.1565106958,0.8204911351,0.6763691306,0.1548185647
634,2.651129484,0.1515452862,5.247968674,0.2119196206,0.1551481038,0.8139497638,0.5493932366,0.1554446816
635,2.651827812,0.1618324071,4.767785549,0.2209381908,0.1541237533,0.8075388074,0.3824538291,0.1568847299
636,2.584349871,0.1623834223,3.853742838,0.2263334394,0.1538163573,0.8027355671,0.2065357119,0.158800602
637,2.582273483,0.1574094445,3.254015207,0.2290872782,0.1541499645,0.7989217639,0.1585108489,0.160848096
638,2.541915655,0.1508141607,2.91954422,0.2324366122,0.1559077352,0.7953384519,0.1538091451,0.1634973139
639,2.614970446,0.1446296275,2.462422609,0.2338603884,0.1594089717,0.7924391627,0.1583775878,0.1667824537
640,2.529169321,0.1459952146,2.314538479,0.2352036983,0.1632539034,0.7893929482,0.1596222967,0.1698538065
641,2.494377136,0.1549744159,2.331898928,0.2364028245,0.1674473286,0.7857839465,0.1636971384,0.1726383567
642,2.558073759,0.1635614485,2.238018036,0.2350447625,0.1717009097,0.7822653651,0.1678966731,0.1745595187
643,2.519207954,0.1739428043,2.236005068,0.233428821,0.1752378494,0.7786960006,0.1764373779,0.1761364192
644,2.488443136,0.1824520826,2.168191433,0.2307899445,0.1783246994,0.7754316926,0.1776085645,0.1773097068
645,2.459690332,0.189675197,2.173210382,0.2278236896,0.180833891,0.7722563744,0.1833580285,0.1783440858
646,2.481907368,0.1942103356,2.198378325,0.2245401144,0.1824534386,0.7690954804,0.1898273379,0.1793477535
647,2.561433792,0.1975795627,2.182063818,0.2205523849,0.1836218983,0.7661470771,0.1905768067,0.1802126169
648,2.49151969,0.1988322735,2.166550875,0.2160324305,0.1849980503,0.7634260058,0.1911838502,0.1809520572
649,2.406578779,0.1882231832,2.309607744,0.2105225772,0.1861418486,0.7601330876,0.2137173861,0.1820796281
650,2.288694143,0.1705927104,2.523934364,0.2052323669,0.1885294467,0.7561448216,0.2541202009,0.1836580187
651,2.327736139,0.154208526,2.714523077,0.2000483274,0.1908302754,0.7520211339,0.2924146652,0.1854443103
652,2.264956236,0.1437297612,2.808001757,0.1943456084,0.1928687841,0.7479532361,0.3073020279,0.1873507947
653,2.331849337,0.1366248727,2.843991041,0.1886505485,0.1949305385,0.744030714,0.3081283867,0.1893014908
654,2.250446081,0.1328824162,2.816691399,0.182761386,0.1964000612,0.7404818535,0.2946630418,0.1911426932
655,2.2907269,0.126418218,2.837126493,0.1771046072,0.1983445436,0.7369329929,0.2953394651,0.1930326074
656,2.329578161,0.1209584698,2.85457778,0.172519803,0.1998480111,0.7333841324,0.2960159481,0.1949657947
657,2.248547792,0.1168338433,2.86545682,0.1698011011,0.2004830688,0.7295406461,0.296842128,0.1970171183
658,2.343477964,0.1174941435,2.406017065,0.1635031849,0.2001963109,0.726811707,0.2079491466,0.197754547
659,2.3189888,0.1149852052,1.737863541,0.1521035135,0.197017312,0.7260170579,0.1600875854,0.1956393123
660,2.210176229,0.1063002944,1.2444731,0.1395296305,0.1913582087,0.726341188,0.2142562121,0.1909605712
661,2.348923445,0.08693071455,1.233011127,0.1293669045,0.1881308109,0.7259165645,0.1908701211,0.1877655834
662,2.312206507,0.0797174871,1.232544303,0.121143274,0.1859629154,0.7246871591,0.1742100716,0.186005652
663,2.314981699,0.08176127076,1.205061197,0.118234992,0.1846458465,0.7230479121,0.1670964211,0.185054183
664,2.29451251,0.08811297268,1.116155267,0.114937745,0.1841611266,0.7212080359,0.1677727103,0.1845455319
665,2.287846565,0.09711139649,0.9722681642,0.1078346744,0.1834801435,0.7195661664,0.1757107228,0.1838392019
666,2.297055244,0.1168660745,1.001628041,0.1041787863,0.183810547,0.7173388004,0.1651884764,0.18415232
667,2.334952593,0.1396658272,1.139908195,0.103926979,0.1849451661,0.7142850757,0.1746119112,0.1852802634
668,2.314221144,0.1572740227,1.278872848,0.1066760421,0.1869629025,0.7104722857,0.211703226,0.1869486123
669,2.277474403,0.1679271907,1.410721779,0.1107438207,0.188881442,0.7062385678,0.2630901337,0.1888668537
670,2.274888992,0.1712874174,1.481322646,0.1153150797,0.1907482296,0.7015863061,0.3034891188,0.1911224574
671,2.259819269,0.1703010052,1.472311974,0.1194918752,0.1930997819,0.6969478726,0.3193975687,0.1934836656
672,2.190922976,0.1671197414,1.506245494,0.1241089329,0.196217522,0.6919803619,0.3522804677,0.1961772591
673,2.052607536,0.1620235443,1.547409654,0.1287934333,0.199231267,0.6868030429,0.3882517815,0.1991898268
674,2.06879735,0.1561490148,1.593385696,0.1335827559,0.2027060539,0.6811433434,0.4275290668,0.2026632875
675,1.975467682,0.150728941,1.644203544,0.1383199841,0.2066882104,0.6749865413,0.4701420367,0.2066440582
676,1.896728396,0.1461298615,1.747416496,0.1437837332,0.2113536,0.6681900024,0.5390799642,0.2113078386
677,1.911301613,0.1460758299,1.812266707,0.1496300846,0.216648221,0.6608588099,0.5898923278,0.2166007757
678,1.925655723,0.1507881433,1.881324768,0.1552050263,0.2225248069,0.6532586813,0.6437920928,0.2224757224
679,1.964470267,0.160217464,1.801913619,0.1591338664,0.2283849269,0.6462295651,0.6196027398,0.2283345908
680,1.895526886,0.172141552,1.716167092,0.1618430018,0.2355577797,0.6397833228,0.5956537127,0.2341006994
681,1.992870688,0.1820579767,1.538847566,0.1637093574,0.2406781465,0.634293735,0.523932755,0.2392073423
682,2.013238907,0.1781107932,1.119161129,0.1651273072,0.2431789041,0.6309913993,0.3433896005,0.241724208
683,1.971645236,0.1676142961,0.7868538499,0.1675868779,0.2460171729,0.6293783784,0.2310268283,0.2415891141
684,1.969231009,0.1530863494,0.5663519502,0.1734008044,0.2444481105,0.6285570264,0.1767261177,0.2394384146
685,1.895878196,0.1448442489,0.4634613991,0.181444943,0.2416043133,0.6276270151,0.1644014716,0.2368028015
686,1.985122085,0.1408712715,0.3898175955,0.189616859,0.2387648225,0.6263167262,0.1594008803,0.2341653109
687,1.954016328,0.1395752877,0.3240777552,0.1964014769,0.2342540771,0.6251668334,0.1550652236,0.2312926501
688,1.975819945,0.1455749422,0.2775904238,0.2027643472,0.2299196571,0.6241476536,0.1551570892,0.2284905314
689,1.971725464,0.1587743014,0.2468146086,0.210389182,0.2295508832,0.6231022477,0.1597607881,0.2261027843
690,1.981363177,0.1691839844,0.2126306295,0.2142793387,0.2284520864,0.6221951842,0.1598282605,0.223766014
691,1.967749715,0.1868091822,0.2030305862,0.2149451971,0.226649642,0.6210975647,0.1712094396,0.2221402377
692,1.947702527,0.1971109658,0.1790868789,0.2125034332,0.2228457779,0.6201454997,0.1712769121,0.2205339521
693,1.945659518,0.2077947855,0.1592304558,0.2081287652,0.2211742848,0.6193424463,0.1713237762,0.2189498395
694,1.996724129,0.2212234735,0.1546842903,0.2035805136,0.2248619199,0.6183453798,0.1856942177,0.2180167586
695,2.007637262,0.2292642593,0.1497746408,0.1996081322,0.2316495627,0.6173262,0.194005236,0.2173902541
696,1.946382523,0.2331299931,0.1455452293,0.1950454861,0.2354995757,0.6167996526,0.1940221041,0.2167081833
697,1.883851886,0.2357140183,0.1440799236,0.189988032,0.2370663434,0.6166206002,0.1940239519,0.2160162181
698,1.880537033,0.2376161814,0.1438969374,0.1842542142,0.2371211499,0.6166206002,0.1940239519,0.2153366357
699,1.872974753,0.2390723228,0.144476071,0.1784225702,0.2371468097,0.6169900298,0.1940314323,0.2146704942
700,1.847973943,0.2392314672,0.1475294679,0.1723308414,0.2375170439,0.6179612279,0.2030698061,0.2143499851
701,1.779497027,0.23941724,0.1517890692,0.1665818542,0.2375918627,0.6200357676,0.2129481584,0.2144862562
702,1.825592041,0.2395688891,0.1608255655,0.1614940017,0.2376794666,0.6221842766,0.2346484661,0.215275526
703,1.871722341,0.2417799979,0.1731628627,0.1581256837,0.23842448,0.6239334345,0.2590329349,0.2166049927
704,1.882639766,0.2469023466,0.1892347932,0.1558173746,0.2390042543,0.624808073,0.2862046063,0.2183762342
705,1.866823316,0.2521525621,0.1922386438,0.1543855965,0.2395682931,0.625682652,0.2862345874,0.2201136798
706,1.983915448,0.2376189679,0.1571309716,0.1533872932,0.2371306568,0.6283057332,0.1874928027,0.2191898227
707,1.897602677,0.208237052,0.2174700499,0.1519472003,0.2284972817,0.6327880621,0.1478240639,0.2144837826
708,1.869106174,0.16926606,0.4706457555,0.1489894241,0.2154285908,0.6387573481,0.235314548,0.2052977085
709,2.040397882,0.1335166544,0.8237412572,0.1429858357,0.2005823255,0.6448936462,0.3876874149,0.193401888
710,2.081571579,0.1041253582,1.214151263,0.1320316195,0.1854915619,0.6503910422,0.5401778817,0.180374518
711,2.107662201,0.08522792906,1.57380569,0.1178952456,0.1723647118,0.6555241942,0.6462993622,0.1677837968
712,2.073834658,0.08443135768,1.404935479,0.1037755609,0.1646371931,0.6603326201,0.457609266,0.1594703645
713,2.158475161,0.09134998918,1.340067863,0.09181324393,0.1591159701,0.664560616,0.3625439703,0.1536050886
714,2.184071302,0.1046616733,1.211696744,0.08414575458,0.1553115398,0.6684210896,0.2701473832,0.149848178
715,2.220043182,0.1174687147,1.105692506,0.07902030647,0.1529098898,0.6718721986,0.2121326476,0.1474817544
716,2.179153442,0.1271418333,1.021298051,0.07653354853,0.1514330953,0.6749289632,0.1782347411,0.1460060924
717,2.140853882,0.1330410987,0.9572150111,0.07572361827,0.1505451351,0.6776499748,0.1600782722,0.1450826973
718,2.222742319,0.1363012046,0.8814566731,0.07513100654,0.1501663029,0.680188179,0.1480734944,0.1446063071
719,2.198754549,0.1371326894,0.8260294795,0.07501307875,0.1498796344,0.6826526523,0.1436583847,0.1443986595
720,2.178884268,0.1366801709,0.7635906339,0.0751927048,0.1503160745,0.6850312352,0.1419471502,0.1444119811
721,2.162690163,0.1355916411,0.6920455098,0.07558992505,0.1506071985,0.687514782,0.1430111378,0.1446545571
722,2.08446908,0.1343564689,0.6174302101,0.07600193471,0.1511945724,0.6901032925,0.1468534917,0.1451101154
723,2.078547716,0.1337186098,0.5425525308,0.07666153461,0.1524092406,0.6932418942,0.1535710096,0.1459022611
724,2.01318264,0.1300598234,0.4156446457,0.07708313316,0.1541240215,0.6964370608,0.1818861216,0.1471623778
725,2.015140295,0.1293732375,0.3051214814,0.07724044472,0.1568126827,0.6991958022,0.2390443087,0.1488111466
726,2.064689636,0.1364855915,0.2443640679,0.07740730047,0.1600484699,0.7019093037,0.3062603772,0.1509653181
727,2.075637341,0.1514853239,0.2264879942,0.07782132179,0.163504824,0.7047877312,0.3728567362,0.1537150145
728,2.053575754,0.1729903221,0.2418376654,0.07862707227,0.1662302762,0.7074982524,0.430231005,0.1569074392
729,2.100303411,0.1942691356,0.2566103637,0.07955654711,0.1686481833,0.7102088928,0.4304183424,0.1603113562
730,2.115269661,0.1950761527,0.2032391578,0.08007384837,0.1686229557,0.7131020427,0.2791861296,0.1626973152
731,2.136043787,0.176807031,0.2140628695,0.08019388467,0.1648517102,0.71702528,0.1552063227,0.1629395336
732,2.188061476,0.1563684493,0.4073782861,0.08026845008,0.1605440974,0.7209558487,0.2079703957,0.1606811136
733,2.208126783,0.1385555416,0.5951602459,0.07911830395,0.1568547636,0.7235400677,0.2889872193,0.1574783474
734,2.245104551,0.1207701862,0.891656816,0.07837603241,0.1525042504,0.7260088921,0.4256124198,0.1535169184
735,2.213453293,0.1092805788,1.259088874,0.07871468365,0.1487766504,0.7284302711,0.5843148232,0.1492514163
736,2.266416788,0.1054901257,1.390780449,0.08067614585,0.1461084485,0.7303366661,0.5856806636,0.1461640149
737,2.305236101,0.109408088,1.213446856,0.08154521137,0.1448297948,0.732010901,0.428006798,0.1447871625
738,2.276167154,0.1214033067,0.927487433,0.08191230893,0.1444768161,0.7338297963,0.2625468075,0.1444800645
739,2.318919897,0.1363097429,0.6706166267,0.08227235824,0.1445952207,0.7355545163,0.1682687551,0.1445992142
740,2.275006771,0.1484017819,0.4812133312,0.08319034427,0.1447503716,0.7372908592,0.1444344968,0.1448092908
741,2.322948694,0.1531467289,0.3649183214,0.08464836329,0.1448926181,0.7388601303,0.1659075618,0.1449825764
742,2.335604668,0.1535429209,0.2820642292,0.08770634979,0.1450783759,0.7401721478,0.2223693132,0.1451288611
743,2.286307096,0.1471815109,0.2466828823,0.09180086851,0.1454020888,0.7413493991,0.2841951549,0.1454036087
744,2.214629412,0.1364950389,0.2364432663,0.09660939127,0.1460322291,0.7423289418,0.3298462927,0.1458788663
745,2.202582598,0.1261795908,0.2391958088,0.1021647453,0.1470375508,0.7425797582,0.3818963468,0.1464370042
746,2.220258951,0.1175420508,0.2590754032,0.1090534106,0.148409456,0.7420675755,0.4404593706,0.1471678466
747,2.1811831,0.1124511138,0.3135628402,0.1169075742,0.1501201242,0.7409985662,0.5285871029,0.1483068615
748,2.206056833,0.1106859818,0.3694827557,0.1245147362,0.1525251418,0.7404415011,0.5770146251,0.1502843797
749,2.174109221,0.1143754497,0.4441483915,0.1319513917,0.155258581,0.7395890355,0.6283451915,0.152844131
750,2.086339235,0.1262790114,0.5874915123,0.1401769668,0.1586489379,0.7372701764,0.7397730947,0.1558212191
751,2.169640541,0.1438585371,0.7122033238,0.1481964141,0.1627208143,0.7343341708,0.7999923825,0.1594881862
752,2.257006884,0.1643676758,0.7936136127,0.1552413404,0.1672782898,0.7308558822,0.8002622724,0.1636743695
753,2.329746008,0.1862609535,0.8478655815,0.1619030833,0.1687648296,0.7269040942,0.7701368332,0.1682198793
754,2.385592222,0.1738970429,0.4997256994,0.1648425609,0.1667559147,0.7261527181,0.4186242521,0.1716349721
755,2.457461596,0.1531942338,0.194449231,0.1655489057,0.1629915386,0.7284546494,0.1738671511,0.1719293743
756,2.30672431,0.1343899518,0.1578668505,0.1663318425,0.1605767161,0.7326776981,0.1771507859,0.1675713509
757,2.478805542,0.122371763,0.378554076,0.169194147,0.1549206525,0.7365558743,0.3530692756,0.1599120051
758,2.492370605,0.1138270274,0.7076447606,0.1734006554,0.1471827179,0.7396829724,0.5672186613,0.1506240517
759,2.565328836,0.1043350622,0.8876197338,0.1753253192,0.1399846226,0.7417305112,0.6200631261,0.1425667852
760,2.550192833,0.0970897302,0.8427383304,0.1751777381,0.1349377036,0.7435266972,0.4977620542,0.137092337
761,2.625029564,0.09789509326,0.7937371731,0.1754249334,0.1324181706,0.7451009154,0.3925847709,0.1335372478
762,2.643173456,0.1041289791,0.6722506881,0.1759138852,0.1312916875,0.7467219234,0.2747139633,0.1315138787
763,2.66148448,0.1134977117,0.5202944279,0.176157698,0.130885452,0.7486286163,0.1826134473,0.1305891722
764,2.65046978,0.1215902641,0.3991972506,0.1756910086,0.1309751272,0.7503538132,0.1393203884,0.1303231567
765,2.690126181,0.1254667789,0.3220943511,0.1745273471,0.1312911361,0.7522847056,0.1298373193,0.1304387003
766,2.702228308,0.1258444935,0.2675626278,0.1719493419,0.131800279,0.7545933127,0.1351312846,0.1308817714
767,2.672768831,0.1236954108,0.2257965803,0.1683435291,0.132641241,0.7566298842,0.1516647339,0.131484881
768,2.660213709,0.1199553609,0.208586216,0.1639417112,0.1336558759,0.7589321136,0.1577341557,0.1322276741
769,2.648612261,0.1171151996,0.1942315251,0.1586880088,0.135009408,0.7619932294,0.1646365374,0.1332812011
770,2.604633093,0.1164575219,0.1840512604,0.1520169377,0.1365446448,0.7655515671,0.1651163101,0.1345079392
771,2.576634169,0.1178262159,0.1755339056,0.1440505981,0.138413012,0.7696223259,0.1657235026,0.1359163076
772,2.606042862,0.1181478724,0.1747964621,0.1367431432,0.1404230297,0.7738272548,0.1811857969,0.1375424266
773,2.598115921,0.1205673218,0.1873005182,0.1296831369,0.1427396983,0.778167069,0.1993917078,0.1394028068
774,2.605397463,0.1236743554,0.2387079149,0.1212831959,0.1448035389,0.7819244266,0.2433768958,0.141417563
775,2.447606802,0.1320973337,0.3268556893,0.1128587797,0.1471231729,0.7850422859,0.298499614,0.1436147541
776,2.68637538,0.1465144157,0.4102568626,0.1052366495,0.1493459195,0.7882502079,0.3304238617,0.1461621076
777,2.622309685,0.1630284339,0.4627729654,0.09799031168,0.1502820104,0.7914580703,0.3306936324,0.1488387734
778,2.808571577,0.1668456644,0.2609834373,0.09483160824,0.1498052031,0.7941268086,0.1852947623,0.1499867141
779,2.788045168,0.1662416905,0.1108294129,0.0959295705,0.1478864551,0.7964529991,0.153347984,0.1490546018
780,2.855778456,0.1677392721,0.1681141406,0.1001052633,0.1449143291,0.7982902527,0.3222340047,0.1460373998
781,2.823523283,0.1642138809,0.341380924,0.1035093442,0.1419322491,0.799200058,0.5194768906,0.1426811367
782,2.843003035,0.154963553,0.4779382646,0.1035562158,0.1405574232,0.7993658185,0.6185595393,0.1408392936
783,2.799865961,0.151982531,0.6510568857,0.1046281084,0.1399716437,0.7994859219,0.7293050885,0.1397107542
784,2.855003119,0.1479590535,0.6699650288,0.1068275571,0.1396108419,0.7999508977,0.6727514863,0.1389530897
785,2.894668579,0.1481385082,0.5960773826,0.1085592508,0.1400629431,0.8006408811,0.5433594584,0.1390586644
786,2.934452295,0.1528407335,0.4949007034,0.1101181805,0.1406834871,0.8014032841,0.4113927782,0.1397542804
787,2.901812315,0.1589405686,0.3571897745,0.111114718,0.1415831745,0.8022227883,0.2753075659,0.1405447721
788,2.882011175,0.1645594835,0.2607178688,0.1115661785,0.1422128528,0.8028380871,0.1937566549,0.1411316842
789,2.877191782,0.1672652513,0.1988118738,0.1116861328,0.1420266032,0.8031182885,0.1517741084,0.1413458139
790,2.964677811,0.1676429361,0.1807578951,0.1117982343,0.1418787688,0.8034129143,0.1435123235,0.1414051652
791,2.948371887,0.167209506,0.1704037935,0.1119032577,0.1418730766,0.8040326238,0.140488252,0.1414119601
792,2.941080093,0.1659454554,0.1609794647,0.1122503281,0.1418187618,0.8048356175,0.1381840706,0.1413722634
793,2.886381149,0.1661975235,0.1569072455,0.1131443381,0.1418935806,0.806347847,0.138335824,0.1414589435
794,2.923509359,0.1669447422,0.1531289071,0.1144862473,0.1421037912,0.8084320426,0.1386056989,0.1416790038
795,2.885831118,0.1574011296,0.1412134916,0.1155899391,0.1420282871,0.810908854,0.1363124698,0.1418100595
796,2.812648773,0.146047011,0.1490833908,0.1161671206,0.1415871531,0.8129454255,0.149180904,0.1415602118
797,2.577135324,0.1379537433,0.1860240251,0.1163827777,0.140826866,0.8149303794,0.1798092872,0.1411076486
798,2.809018373,0.1367363483,0.2440107465,0.1164746359,0.1399920434,0.8165530562,0.2171049565,0.1404747516
799,2.882916689,0.1433486342,0.2972921133,0.1163864806,0.1392292231,0.8177303672,0.2400466651,0.1397998929
800,2.913399935,0.1542280316,0.3879632056,0.116206564,0.1386148781,0.818212688,0.2796847522,0.1390155405
801,2.802727938,0.1697480083,0.4323067963,0.115981698,0.1385703087,0.8182125688,0.2796847522,0.1383610666
802,2.958666563,0.1801619977,0.2213854194,0.1163320541,0.1395048052,0.8196249008,0.1548638195,0.1384840608
803,3.104593992,0.190269053,0.1037651673,0.1182658449,0.1415544301,0.8221035004,0.1759211272,0.1386363059
804,3.145491362,0.2045894414,0.261269629,0.1226982176,0.1441711038,0.824712038,0.4265948832,0.1382962912
805,3.073133469,0.2113794088,0.6081178188,0.1300113797,0.1475595981,0.8271659017,0.7256420255,0.1379103065
806,3.120832443,0.2247888297,1.198607087,0.1444651932,0.1518191695,0.828638494,1.130380511,0.1380242407
807,3.077073097,0.2368652076,1.851529479,0.1634104401,0.1531907767,0.8291395307,1.460055709,0.1396035105
808,3.095966339,0.2303290367,2.1130445,0.1823737621,0.156758666,0.8297011256,1.419440627,0.143205002
809,3.095940351,0.2142117023,2.02507019,0.1969450265,0.1601911187,0.8308607936,1.136301637,0.1482367069
810,3.109505415,0.1951579601,1.643797517,0.2050607949,0.1631494462,0.8329227567,0.7290527225,0.1532256603
811,3.17512989,0.1860732585,1.306317449,0.2098415494,0.1650433987,0.8354374766,0.4452394545,0.1571494341
812,3.155503035,0.1824653745,1.09085238,0.213201344,0.1660660356,0.8383544087,0.2928383648,0.1598861963
813,3.152270317,0.1785861403,0.9431349635,0.2158269733,0.1658697128,0.8414111137,0.208355844,0.1615112275
814,3.114292145,0.1736684591,0.8530924916,0.2179579735,0.1655251086,0.8447826505,0.1663627177,0.1624164432
815,3.146164656,0.1647967249,0.729021728,0.2189697772,0.1640121788,0.8479084969,0.1292372942,0.1621532589
816,3.089578629,0.1579227448,0.6832639575,0.2198596448,0.1622993648,0.8513862491,0.1197276115,0.1616353989
817,3.021816969,0.1472531259,0.5841697454,0.2196756452,0.1596624702,0.8544644713,0.1081857756,0.1601300985
818,3.000603437,0.1402217001,0.5295014381,0.218993172,0.156841591,0.8576626778,0.1068526283,0.1583514363
819,2.940024614,0.1347789466,0.4735502005,0.2188709825,0.1524692476,0.8612197042,0.1083398759,0.1564494222
820,3.008558989,0.131969735,0.4132689238,0.219478175,0.1478468031,0.8651553988,0.1126382425,0.1544807553
821,3.010832548,0.1347531378,0.3651830852,0.2210750133,0.1445520371,0.8702130318,0.1164005026,0.1530591995
822,3.00022769,0.139391765,0.3038984239,0.2230327725,0.1423079818,0.8762874603,0.1252920032,0.1519891471
823,3.06511879,0.146988824,0.2421416044,0.2247678638,0.1407226175,0.8829461932,0.1432374418,0.1509261876
824,3.090060949,0.1609926969,0.2029682249,0.2263363153,0.1406212598,0.8901143074,0.1591293961,0.1500684172
825,3.063062668,0.1801839322,0.184029147,0.2280699015,0.1444430947,0.8978133798,0.1531756669,0.149910301
826,3.192899942,0.2002262324,0.2004154921,0.2297111303,0.1512729675,0.9037895203,0.1210556105,0.1501403749
827,3.174873114,0.2199037075,0.3451341093,0.2300708294,0.159464702,0.9084995389,0.1675317436,0.1516112089
828,3.323839188,0.2369538993,0.666734159,0.2259676307,0.1658244878,0.9112483859,0.336512953,0.1542678028
829,3.281860352,0.2436118573,1.006762147,0.217730701,0.1745517254,0.9130728841,0.5018084645,0.1581114829
830,3.27254796,0.2474713326,1.433795929,0.2039859742,0.1848261952,0.9144768715,0.6848204732,0.1632923335
831,3.278353691,0.2565505207,2.049197912,0.188705042,0.1928804964,0.915679276,0.9381995201,0.1701000333
832,3.297795057,0.2470228076,2.210510969,0.1732281595,0.1960052401,0.917289257,0.8721275926,0.1771683693
833,3.351341009,0.2382266521,2.173712969,0.1621564627,0.1959851235,0.9198265076,0.7171788216,0.1838294119
834,3.388658285,0.2320143729,1.977490306,0.1572936177,0.1945293695,0.9233452678,0.5290353894,0.1894802302
835,3.389097929,0.2309971899,1.836894512,0.1575799733,0.1931593865,0.9284534454,0.4168311656,0.1946425885
836,3.316010475,0.2306491882,1.704368591,0.1604299396,0.1927168816,0.934568584,0.3402422369,0.1993026137
837,3.390469551,0.2301099747,1.58832562,0.1651389152,0.1921306998,0.9418623447,0.2910671532,0.2037821561
838,3.337213516,0.2300813198,1.489902139,0.1714081317,0.1932676435,0.9505400658,0.2633771002,0.2084835321
839,3.215467453,0.2292815,1.37297833,0.1790832281,0.1958871931,0.9601348042,0.2385353297,0.2131532282
840,3.287032366,0.2277052999,1.245579839,0.186758399,0.1982020885,0.9700894356,0.2162124366,0.2174517512
841,3.153063059,0.2323121578,1.185663462,0.1964346617,0.2008830905,0.9806461334,0.2208967656,0.2221183032
842,3.287111282,0.2350365669,1.081164718,0.2068616748,0.2030618191,0.9920154214,0.2133699059,0.2269870639
843,3.302430153,0.2271610051,0.8691316247,0.216188252,0.2059730291,1.003834724,0.1742259264,0.2309051156
844,3.276839018,0.2278134078,0.7271248698,0.2259524465,0.2088228613,1.016372323,0.1611998975,0.2346762866
845,3.328392744,0.2343116999,0.6177686453,0.2368959039,0.2107506841,1.030148864,0.1587262601,0.2389736176
846,3.40085578,0.2421896905,0.5093397498,0.248500213,0.2141069174,1.04413116,0.1567646414,0.2431230098
847,3.466803312,0.2551775277,0.4284703434,0.261951685,0.2194451839,1.058835626,0.1628522575,0.2477874756
848,3.680918932,0.2687176764,0.355609566,0.2761943042,0.2255390435,1.073540211,0.1689398885,0.2524817288
849,3.101588488,0.2870424688,0.3227186501,0.2909668386,0.2415792495,1.087109923,0.1918495446,0.2570881844
850,3.160338402,0.3079102337,0.3428845108,0.3026281893,0.2608138025,1.097604394,0.2401471585,0.2610588372
851,3.061996222,0.3187544644,0.355627805,0.3067551553,0.2812736928,1.104395866,0.2692755759,0.2635958195
852,3.099232435,0.3239184916,0.3984974325,0.3030744791,0.295883745,1.107803822,0.2999662459,0.2652622461
853,3.034203768,0.3276188672,0.5192311406,0.2977747917,0.3085925877,1.111636996,0.3698310852,0.2684708834
854,3.034238815,0.3282746375,0.7209963799,0.2919072211,0.3153470159,1.115722418,0.4739188254,0.2735018432
855,2.960143089,0.3233797848,0.8746022582,0.2812369764,0.3151755631,1.118705392,0.5213211179,0.2788868248
856,2.933442116,0.3226368129,1.075170636,0.2728973329,0.3160735667,1.121104956,0.5973082185,0.2852380276
857,2.942921877,0.3232410252,1.210336804,0.2687326074,0.3154093921,1.124023438,0.6252380013,0.2921115458
858,3.059989929,0.3283232749,1.336927533,0.2699007988,0.3142887652,1.127490401,0.6544254422,0.2995708883
859,2.950709105,0.3266181052,1.232053876,0.2718193233,0.3128576875,1.131608129,0.550774157,0.3057185113
860,3.027605295,0.3240886033,1.103240609,0.2738597095,0.3122254312,1.136411309,0.4582796991,0.3105129898
861,2.980225325,0.3148339093,0.8912212253,0.2740249634,0.310530901,1.141956925,0.3394061625,0.3131096363
862,2.858827829,0.3118786812,0.8081831336,0.2745992839,0.3087294996,1.148729205,0.3071213663,0.3154970407
863,2.794471025,0.3079725802,0.7174239159,0.2754261196,0.3098118305,1.156305552,0.2777989805,0.3174845576
864,2.754654646,0.306936413,0.6552465558,0.2773520052,0.3110746145,1.164858222,0.2659151554,0.3196341991
865,2.709322214,0.3024621308,0.5666558743,0.2780861557,0.3131465018,1.174312949,0.2410443276,0.3214918971
866,2.687500238,0.3071918488,0.5312706828,0.2801310718,0.3160115182,1.184987068,0.2453613728,0.3241564333
867,2.688293219,0.3136458397,0.4972750247,0.2855903208,0.3171571195,1.196293354,0.2500456572,0.3272611201
868,2.660198689,0.31618613,0.4384450018,0.2917251587,0.3178736866,1.207465529,0.2408579141,0.3298773468
869,2.763973236,0.3249328732,0.3999768198,0.2989123762,0.3165423572,1.218637586,0.2453569174,0.3325366378
870,2.661339045,0.3242531717,0.3207723796,0.3048705161,0.3143633902,1.229529619,0.2234868258,0.3341779709
871,2.663470268,0.3252254426,0.2474832386,0.3086649179,0.3134709299,1.240126848,0.2038547248,0.3348166645
872,2.656726837,0.3278942406,0.185805276,0.3099758923,0.3134093583,1.249781966,0.1860685796,0.3340746462
873,2.739911318,0.336135298,0.1477654725,0.3081477284,0.3252915442,1.258659244,0.179255113,0.3325469196
874,2.672241926,0.3480966985,0.1311118603,0.3030514419,0.3406127393,1.265774846,0.1811736077,0.3301340938
875,2.688354731,0.3585220873,0.1237383112,0.2979272902,0.3562990725,1.271264672,0.1824402362,0.3269853592
876,2.726284981,0.3682735264,0.134584412,0.2947533429,0.3641979396,1.27557981,0.2038466185,0.3242970109
877,2.75837326,0.373339802,0.1643679291,0.2921621799,0.3661874831,1.279423475,0.2410818785,0.3228494823
878,2.758209944,0.3748275936,0.2244469672,0.2899387479,0.3702151477,1.283374667,0.300991416,0.3232864141
879,2.689324617,0.3689328134,0.2486635447,0.2880633473,0.3664990366,1.286104083,0.3015329242,0.3232580721
880,2.679439545,0.3623529375,0.2576381862,0.2845170796,0.3585167229,1.287787557,0.285782963,0.3224509656
881,2.657753944,0.3565762937,0.2613345087,0.2790818214,0.3491319716,1.289165258,0.2706720233,0.3211265504
882,2.984875441,0.3513913155,0.2584499121,0.2703440189,0.3375681937,1.290931225,0.2562879622,0.3194963038
883,2.997764826,0.3467707634,0.2471757978,0.26134184,0.3274345696,1.293309569,0.2427242547,0.3176722825
884,2.914469957,0.3422458172,0.2294271737,0.2531572282,0.3187685013,1.296570301,0.2300986499,0.3158104122
885,2.950042486,0.337754637,0.2075052857,0.2478517741,0.3148437142,1.301038742,0.2185077071,0.314117372
886,2.944661379,0.3327786624,0.1858518869,0.2426057458,0.3121146858,1.306333423,0.2077978253,0.3124704659
887,2.958524942,0.3273884058,0.1658312529,0.2378143668,0.3093998432,1.312245011,0.1979138106,0.3107964098
888,2.907177687,0.3148073852,0.1334415674,0.2316376716,0.3067595065,1.318471074,0.1693771333,0.3081065714
889,2.915759087,0.3047944009,0.1171205416,0.2255436629,0.3038473129,1.325479269,0.1544395685,0.3051444888
890,2.83181119,0.2994268835,0.1107567772,0.2185225487,0.2971800566,1.333497882,0.1491431445,0.3025104702
891,2.83669734,0.291202873,0.1090245843,0.2092657834,0.289280206,1.341764092,0.1384171098,0.2993839085
892,2.837498903,0.2760368586,0.1289136708,0.1974917203,0.280459106,1.350200057,0.1229112372,0.2949543893
893,2.740813017,0.2560157776,0.207278356,0.1804091334,0.2702330649,1.357346177,0.1189130321,0.2876932919
894,2.784704447,0.257982254,0.2850836813,0.1634150296,0.2617758512,1.364358068,0.1238878593,0.28007406
895,2.798481941,0.2712804377,0.3509114981,0.1476852745,0.2531036437,1.371369958,0.1250590533,0.2729987204
896,2.870141029,0.293736726,0.3895532191,0.1353668123,0.2489032298,1.37950325,0.1232054904,0.2677901983
897,2.973389864,0.3108127713,0.4735555351,0.1249358878,0.256362617,1.388313651,0.1250060797,0.2633579671
898,2.91450119,0.3267305791,0.5467267632,0.1169483885,0.2653056979,1.393286109,0.1256823689,0.2572591603
899,3.045787573,0.3400022686,0.5960904956,0.1126203611,0.2735563219,1.394710422,0.1257498413,0.2499908954
900,3.022788286,0.3486118019,0.6154159904,0.112701416,0.2751193643,1.392826676,0.1259016842,0.2421615869
901,2.986792803,0.3521192968,0.5602197051,0.1155035123,0.2773480117,1.389808536,0.1263963431,0.2354692221
902,2.852662325,0.3462589681,0.4412892163,0.1194015667,0.2777456641,1.386616349,0.1355016977,0.2308583856
903,2.795509338,0.3340736926,0.3614796102,0.1250078231,0.2709459066,1.383442879,0.1446300298,0.2273664325
904,2.767944336,0.320810914,0.3054550886,0.1299857199,0.2597137988,1.380978942,0.150255695,0.224314943
905,2.809273005,0.3081264198,0.2477344871,0.1327808648,0.2460204363,1.379937172,0.1627671123,0.2220489979
906,2.804011345,0.3013186455,0.2286533862,0.1339348406,0.2344809026,1.380706787,0.1627970785,0.2200743705
907,2.771534204,0.2975558043,0.2184456587,0.1336335838,0.2265495658,1.38342762,0.1631138474,0.2186685055
908,2.881054163,0.2958585918,0.2139583826,0.1326613426,0.221269682,1.388137221,0.163940236,0.2180111557
909,2.816742182,0.2958147526,0.2135521621,0.131465748,0.2185081691,1.394783497,0.1654092669,0.2181961536
910,2.777239084,0.2949871123,0.2268190831,0.1299997717,0.2157077789,1.403049827,0.1606506109,0.218898654
911,2.715949297,0.2939779162,0.2463842481,0.1284161061,0.2154434472,1.412404656,0.156860888,0.2199146897
912,2.864692688,0.2925505936,0.2703743279,0.1280660778,0.2142520398,1.422904491,0.154078871,0.221301958
913,2.814546585,0.2869861722,0.3177126348,0.1275859028,0.214241758,1.43369627,0.1475540847,0.2223916501
914,2.725107431,0.2804043591,0.3771186769,0.1262438148,0.2138566822,1.444424987,0.1434526592,0.2230204344
915,2.698549271,0.2653063536,0.4949686825,0.1237852201,0.2128246576,1.455356002,0.1404884458,0.2228671312
916,2.680058241,0.2519004643,0.64713341,0.1214704216,0.2116492242,1.466090083,0.1482079774,0.2217965126
917,2.603453636,0.245946005,0.8042240143,0.120730333,0.2092887312,1.476457477,0.1614844054,0.2200521082
918,2.682357788,0.2413597256,1.029945135,0.1192126051,0.2055797726,1.486164451,0.1877115518,0.2173343152
919,2.604339838,0.2444271594,1.307508111,0.1160945371,0.2016257048,1.4947716,0.2245941609,0.2135486156
920,2.788474798,0.2606812418,1.545308113,0.1113099456,0.1995112151,1.503573895,0.2477917224,0.2099586725
921,2.827662468,0.2844438553,1.707412124,0.1068474874,0.2008184791,1.511609077,0.2488709688,0.2065140009
922,2.938414335,0.3125797808,1.511826992,0.1061656997,0.2056677192,1.519014001,0.1871045381,0.2045522481
923,2.883460283,0.3315997124,1.234490752,0.1072525084,0.2117712349,1.525700212,0.160244897,0.20393686
924,2.956386805,0.3391064703,0.9105030894,0.1063245907,0.2160312682,1.52963984,0.1852077693,0.2040249109
925,2.946533918,0.3399524987,0.5726924539,0.1029695049,0.2219293118,1.532441139,0.2952923477,0.2058931738
926,2.934284925,0.3303644359,0.4384036064,0.09856358916,0.2295119315,1.534435391,0.3572995663,0.2084887624
927,2.774119616,0.3182432353,0.3497743607,0.09258455038,0.2314494848,1.534860611,0.3925352097,0.2117206603
928,2.815073967,0.3132219017,0.2609525025,0.08700716496,0.2324688882,1.53551352,0.4717773497,0.2158644646
929,2.770523071,0.3134639263,0.2293347567,0.0842647329,0.2320215702,1.536912918,0.4720132649,0.2199028283
930,2.915051222,0.3150333166,0.2493638247,0.08342194557,0.2313235551,1.538537145,0.3573783338,0.222552821
931,2.748356104,0.3176724911,0.2905527949,0.08361663669,0.2296982408,1.539986253,0.2683292925,0.22368972
932,2.833130836,0.3167048991,0.3747015893,0.08350604773,0.2268345803,1.540995479,0.1969510466,0.2229371071
933,2.736649513,0.3119500875,0.4565716684,0.0824245289,0.2234077901,1.542097688,0.1674398184,0.2209166884
934,2.898822784,0.3016626835,0.5635842085,0.0801416263,0.2189561576,1.54354465,0.1558559388,0.2177944332
935,2.699050188,0.2876595557,0.6719808578,0.07688289136,0.213752389,1.54481566,0.1594415754,0.2138092518
936,2.724247217,0.2744695246,0.7426571846,0.07284698635,0.2096482515,1.546396852,0.1655587554,0.2097014189
937,2.621345758,0.2655909359,0.7574574351,0.06877640635,0.2054826766,1.548534989,0.1656786352,0.20605959
938,2.647065878,0.2580035627,0.7725410461,0.06496539712,0.2003238946,1.551245689,0.1658659577,0.2028699666
939,2.456964731,0.2445215136,0.8602105975,0.0618291311,0.1958495826,1.552871704,0.1746818572,0.199158743
940,2.597487211,0.2251837701,1.035320759,0.05906531215,0.1908891946,1.552598476,0.200708434,0.1943548471
941,2.470922232,0.2195451856,1.122207999,0.05691831186,0.1859865189,1.55151403,0.2090601772,0.1895420998
942,2.565485716,0.2234303206,1.136882186,0.05634107068,0.1821208596,1.55044508,0.2007533461,0.1853520423
943,2.517326355,0.2261648923,1.187399983,0.05692757666,0.1785459518,1.549118519,0.2008001357,0.1814724654
944,2.590538979,0.2355428487,1.156721473,0.05867601559,0.1763953418,1.548334122,0.1862546802,0.1783942431
945,2.551420212,0.2452173382,1.077059984,0.06134700775,0.1755665541,1.54782927,0.1697973758,0.1761089563
946,2.743160009,0.2507500648,0.9835813046,0.06233235076,0.1745380163,1.546879768,0.1597918868,0.1744045466
947,2.781456709,0.2522203922,0.85257411,0.06255539507,0.1741985083,1.544962883,0.1565847248,0.1734459251
948,2.793638945,0.2483528107,0.6974179149,0.06356371939,0.1759400815,1.541489244,0.1691542864,0.1739593744
949,2.770763636,0.2394009978,0.4851028621,0.06473475695,0.180104807,1.538313866,0.2258799821,0.1765029281
950,2.774829865,0.2284001857,0.3361765444,0.06588345021,0.1849524528,1.535741806,0.3128001094,0.1806203574
951,2.756063223,0.2214867473,0.2362963408,0.06647340208,0.1919404417,1.533944249,0.4543322623,0.1863157004
952,2.676985502,0.219472453,0.2162393779,0.06701480597,0.1979472637,1.532425523,0.4756456912,0.1917238086
953,2.861085176,0.2234302014,0.2060391158,0.06720212847,0.2031836361,1.531401277,0.4758330286,0.1963266879
954,2.9262321,0.2296807319,0.1986323446,0.06752636284,0.2048622519,1.530767322,0.3976072371,0.1996897906
955,2.914089203,0.2360411882,0.2030683309,0.06770826131,0.2049638778,1.53000176,0.288499862,0.2016149312
956,2.828347206,0.2405112535,0.2081843764,0.06823454052,0.2032666653,1.529486537,0.2420617342,0.2026073486
957,2.988277435,0.2405622005,0.2299426347,0.06877604872,0.202324152,1.529292107,0.2002504915,0.2025395632
958,2.888890028,0.2345692366,0.2663459778,0.06930261105,0.2004993707,1.529508591,0.176440835,0.2015339136
959,2.806935072,0.2278389484,0.2791750133,0.07014203817,0.1989236325,1.53042829,0.1719732732,0.2003118545
960,2.930957556,0.218703106,0.2950097322,0.07122882456,0.1969416142,1.532387257,0.1704442054,0.1990365237
961,2.898006439,0.202656582,0.3473521769,0.0717233941,0.195287466,1.534465671,0.1757818609,0.1972492486
962,2.905639648,0.1909711361,0.3760568202,0.07191071659,0.1936636567,1.537176251,0.1828359812,0.195489943
963,2.876213074,0.1801620126,0.4085670412,0.07218048722,0.1918110996,1.540563941,0.1927761585,0.1938378066
964,2.870010138,0.1717657894,0.4464906454,0.07294511795,0.190512225,1.544674397,0.2055867314,0.1923732758
965,2.847995043,0.1669903249,0.4889804423,0.07363124937,0.188890934,1.549551964,0.2212958932,0.1911762953
966,2.937966585,0.1696670502,0.5153517723,0.07406365126,0.1879223734,1.555521131,0.2306166142,0.190532729
967,2.989617586,0.1768399477,0.5461377501,0.07431084663,0.187354371,1.561916947,0.2406385392,0.1901928931
968,2.915522337,0.1879434437,0.6080784798,0.07347299904,0.1874014288,1.568830132,0.2620391548,0.1901405305
969,3.096184969,0.2048327178,0.622806251,0.07170332223,0.187901631,1.575743198,0.2628655434,0.1903211027
970,3.179958344,0.2158617228,0.3646424115,0.07261018455,0.1887571067,1.582036972,0.185399279,0.191054225
971,3.273576498,0.2156218737,0.1932601482,0.07524122298,0.189938724,1.586107135,0.2266713977,0.1918904036
972,3.453809023,0.2074408978,0.1911039799,0.07696279138,0.1921537966,1.587872982,0.4095163643,0.1935632229
973,3.426247597,0.1983055621,0.3745268583,0.08083791286,0.1963305473,1.588972688,0.706096828,0.196748063
974,3.411360979,0.1994163841,0.7741580606,0.08904518932,0.2014869303,1.589666724,1.124717832,0.201971814
975,3.566216469,0.1978139132,1.008366227,0.09561977535,0.2088285238,1.589777589,1.238748431,0.2097982615
976,3.60365963,0.1912789941,0.8660886884,0.09858832508,0.2163955718,1.589562774,0.9492323995,0.2179047614
977,3.70833683,0.1995095015,0.8138872981,0.1013554633,0.2233212143,1.589209557,0.7916870117,0.2254083902
978,3.73696208,0.2130681127,0.783636272,0.1048473343,0.2285821587,1.589619279,0.6787016392,0.2312799692
979,3.600493431,0.2250580639,0.6866066456,0.1087316796,0.2323589772,1.590828061,0.5308815241,0.2356663197
980,3.601206064,0.2350557297,0.6410036087,0.1134255752,0.2352407724,1.59323597,0.4468722343,0.2391575128
981,3.532533884,0.2418546677,0.6169682145,0.119864665,0.2376678586,1.597079277,0.3917429447,0.2421939969
982,3.746611357,0.2463595867,0.6143218279,0.1286809593,0.2399273366,1.60202992,0.3591031134,0.2450613827
983,3.660292864,0.2439892739,0.5821056366,0.1377209425,0.2405525446,1.607781053,0.3147923648,0.2475011349
984,3.616672516,0.2413203716,0.56707865,0.1476300806,0.2416138202,1.614283562,0.2893250883,0.2497334927
985,3.52869606,0.2277765274,0.500741303,0.1568942666,0.242492795,1.620929837,0.2449322492,0.2510826588
986,3.531204224,0.2158082575,0.4547173977,0.1655412614,0.2418915778,1.627004266,0.2189171463,0.2515032589
987,3.473922014,0.1947215348,0.371566534,0.1719121486,0.2386410683,1.632051468,0.1883051842,0.2503329813
988,3.355410814,0.1887617856,0.3379843235,0.1780500412,0.2338451594,1.636661053,0.1812516004,0.2485823184
989,3.413060427,0.1783771515,0.2765516043,0.182838738,0.2306847721,1.640938401,0.1747757941,0.2458214015
990,3.456001043,0.1808150262,0.2448936254,0.1872303933,0.2284636647,1.645335793,0.1759756356,0.2427957505
991,3.473410845,0.1937934756,0.2340085357,0.1923657209,0.2278230339,1.650664806,0.1766521186,0.2403413802
992,3.593701601,0.2088559419,0.2255609632,0.1984661669,0.2263208181,1.656311393,0.1774015576,0.2382004261
993,3.569727659,0.2279566526,0.2324900627,0.205647707,0.2256359607,1.662761688,0.1780846864,0.236981228
994,3.644129992,0.246921584,0.283582896,0.2103546411,0.2260328978,1.668998122,0.1960286051,0.237032488
995,3.680653572,0.2581699193,0.3974874318,0.2123334259,0.2276371717,1.67451489,0.2606136799,0.2385055423
996,3.68939209,0.2609378695,0.5937457681,0.2120799571,0.2316508442,1.678515792,0.3886866868,0.2414845675
997,3.741076231,0.2554072142,0.7194114327,0.2080491036,0.2376392037,1.680979848,0.4647042751,0.2452386767
998,3.796654701,0.2509073317,0.9814152718,0.1995985657,0.244267717,1.682725906,0.6254429221,0.2507802248
999,3.751056671,0.2514431179,1.274917245,0.1935165673,0.2520699799,1.684045315,0.7914879918,0.2581003606
1000,3.814204454,0.2559652627,1.357085824,0.1916177273,0.2609505057,1.685233712,0.7917146683,0.265707016
1001,3.85502696,0.2639618218,1.315268397,0.1904468983,0.2676363587,1.687136173,0.7057541013,0.2724652886
1002,3.874186277,0.271142751,1.105539441,0.1879911423,0.272416234,1.689801812,0.5294781327,0.2772515118
1003,3.876421928,0.2754176557,0.9374136925,0.1854296476,0.2755378187,1.693279386,0.4062535763,0.2803281546
1004,3.846611738,0.2733011544,0.7751271129,0.1816836447,0.2769084275,1.697183967,0.3085084856,0.2816053927
1005,3.815778017,0.2659926713,0.6779161096,0.1766635925,0.2763957977,1.701632023,0.2577779293,0.2817618549
1006,3.695796967,0.2530198395,0.5818721056,0.1695693731,0.2747798264,1.706379294,0.2182290107,0.2807616889
1007,3.760675192,0.2405123264,0.5350980759,0.1626299918,0.2726855278,1.711276174,0.2029972821,0.2792391479
1008,3.667759895,0.2235533148,0.4653868377,0.1544684917,0.2688986063,1.715818524,0.18479909,0.2767209113
1009,3.604089022,0.2134981751,0.4357993305,0.148254618,0.2650417387,1.720428348,0.1805174947,0.2740465403
1010,3.621480942,0.2013738602,0.3856971562,0.1426580101,0.2593087256,1.724877238,0.1732936502,0.2708369792
1011,3.592632532,0.1873375028,0.3190970421,0.138697207,0.2528531253,1.728619576,0.1672204137,0.2666225731
1012,3.546573639,0.1771627218,0.2596033514,0.1343067884,0.2466477156,1.732216835,0.1674135327,0.2616907656
1013,3.583594322,0.1645099968,0.1990651488,0.1298738122,0.2384674102,1.734506011,0.181473732,0.2550907433
1014,3.518221617,0.1613416523,0.1749460697,0.1245249584,0.2294412702,1.736001611,0.2132937461,0.2471961826
1015,3.473764181,0.171857357,0.1913188249,0.1177068949,0.22124134,1.736933351,0.2516120374,0.2385879606
1016,3.522008896,0.1941591948,0.2393223047,0.1098035946,0.2138725072,1.736933351,0.2878754735,0.2295776606
1017,3.682551622,0.2251779586,0.2924577594,0.1008175239,0.2103869766,1.736933351,0.3013826013,0.221158132
1018,3.859210968,0.2544867694,0.2046718001,0.09388148785,0.2101702243,1.737498879,0.1922203451,0.2163081765
1019,3.857351303,0.2733101845,0.1701755375,0.08929582685,0.2135192156,1.739199638,0.1756621599,0.2149399072
1020,3.883299112,0.2876749337,0.3042761981,0.0889537856,0.2220552713,1.744012833,0.3387907445,0.2175177336
1021,3.886894941,0.2928079665,0.5209209323,0.09142717719,0.2291510105,1.750049949,0.5340483189,0.2220922261
1022,3.911212206,0.2933275104,0.7383839488,0.09328367561,0.236344263,1.754705787,0.6869112849,0.227746442
1023,3.916963577,0.2946850359,0.91714257,0.09432592988,0.245949924,1.758833528,0.7740988731,0.2342746258
1024,3.932944536,0.2923839688,0.8778846264,0.0945976004,0.2522111237,1.762753606,0.6619783044,0.2402859181
1025,3.921028852,0.2912090123,0.7062037587,0.09378979355,0.2519556582,1.766088486,0.4700490534,0.2444777638
1026,3.994254351,0.2916403115,0.536403656,0.09239564091,0.2493232489,1.768396974,0.3231393993,0.2463841438
1027,3.952796221,0.2885446548,0.3440469205,0.09054466337,0.242858395,1.768819213,0.2035096139,0.2450165153
1028,3.923964739,0.2784406841,0.2515948415,0.08858326077,0.2361701131,1.768146634,0.1662207842,0.2416433841
1029,3.902598619,0.2611440718,0.1840021163,0.08573482186,0.2279267907,1.76624763,0.1550095677,0.236311838
1030,3.913256407,0.2373233289,0.1525580436,0.08228860795,0.2190001458,1.763451576,0.169981584,0.2292046696
1031,3.86914134,0.2109579593,0.1600226015,0.07790587097,0.21089454,1.76099503,0.1945217401,0.2214092612
1032,3.805452108,0.1869312525,0.1842702031,0.07309495658,0.2041937113,1.759278417,0.2111687213,0.2138149738
1033,3.700390577,0.1652173847,0.2257229686,0.06718944013,0.1977090091,1.758089066,0.2307018191,0.2064595222
1034,3.57745862,0.144160524,0.3004250228,0.06113782525,0.1900583059,1.756259322,0.2654806077,0.1988316029
1035,3.609521151,0.1275390834,0.406873852,0.0562043786,0.1815857291,1.753464699,0.306859225,0.1909698248
1036,3.545853615,0.1171590462,0.5526375175,0.05242735147,0.174656406,1.750267029,0.3548463881,0.1831728965
1037,3.388102293,0.1120401397,0.7690938115,0.05113075301,0.1683687419,1.746293902,0.4290966988,0.1752743721
1038,3.461495638,0.1224283352,0.9299179912,0.05110989138,0.1624209285,1.74196589,0.4497290552,0.1681395918
1039,3.501549482,0.1387649477,1.14978981,0.05208554864,0.1575384289,1.737541199,0.4929788113,0.1616878808
1040,3.593897581,0.1646381766,1.308549523,0.05314021185,0.153760016,1.733755469,0.4932055473,0.1564550698
1041,3.650316477,0.1947995424,1.294248223,0.05356158689,0.1513239741,1.73139894,0.4099497795,0.1529678255
1042,3.796210289,0.2222002298,0.9934191108,0.05326157436,0.1510060281,1.732662559,0.2398953885,0.1518665999
1043,3.652814865,0.2432631701,0.6364913583,0.05271065608,0.1520055383,1.736614823,0.1498543322,0.1521612406
1044,3.690835953,0.2622217536,0.347381115,0.05226142332,0.1544558257,1.743576527,0.2215535194,0.1532597393
1045,3.6062603,0.257619828,0.334120363,0.05069508031,0.1571142524,1.749942422,0.2227966785,0.1543420404
1046,3.61409831,0.255007118,0.3031055927,0.05030705407,0.1603254825,1.755358338,0.2345073968,0.1553642899
1047,3.610630274,0.2561176121,0.2322674245,0.05170430616,0.1624611318,1.761479974,0.3316666186,0.1567531079
1048,3.59321785,0.2623648047,0.2167421132,0.05370749161,0.1649147719,1.76838553,0.4241577387,0.158616662
1049,3.59017086,0.2664005756,0.20359914,0.05556240678,0.1659869403,1.774831772,0.3690121472,0.1606538147
1050,3.545681715,0.2732138038,0.1929244399,0.05692825839,0.1657326669,1.780785203,0.3197264969,0.1626733541
1051,3.700854301,0.2774190605,0.1876724958,0.05732941628,0.1657971591,1.784788489,0.249809429,0.1641266197
1052,3.707054377,0.277705878,0.1975071877,0.05742123723,0.1648247987,1.787801147,0.1971912533,0.1649485081
1053,3.691595078,0.2706564367,0.2377296239,0.05719819292,0.1629445553,1.78899765,0.1571891755,0.1647775769
1054,3.682434797,0.2569976151,0.3167203665,0.05680114403,0.161173299,1.788500428,0.1429423243,0.1635494828
1055,3.587435722,0.2415388077,0.4015816152,0.0564883016,0.1588383168,1.78672111,0.1479480118,0.1616407335
1056,3.60514617,0.222365737,0.5158529282,0.05662497506,0.1554824263,1.783367753,0.164797157,0.1591031998
1057,3.484119177,0.2013580054,0.6678770185,0.05707639083,0.1523899585,1.778855324,0.1935802549,0.1560453624
1058,3.459008932,0.1800801158,0.8600998521,0.05781624839,0.1490810663,1.773123264,0.2344173193,0.1525775045
1059,3.390821695,0.1665300876,1.0244416,0.05864059925,0.1460265964,1.766527057,0.2599772215,0.1492009908
1060,3.371014833,0.16231893,1.137833238,0.059045434,0.143567577,1.759930968,0.2610564828,0.14631477
1061,3.311616898,0.1613277346,1.262821078,0.05851903185,0.1417320371,1.753566146,0.2620477676,0.1438783854
1062,3.354455709,0.1632983834,1.397269607,0.05792715028,0.1403240412,1.747437119,0.2629546225,0.141857937
1063,3.362878084,0.1680911034,1.540456414,0.056735944,0.1392877549,1.742287993,0.2635616958,0.1402299851
1064,3.456477404,0.1798115373,1.603454471,0.05584444478,0.1387677491,1.7382828,0.2386162132,0.1391487867
1065,3.514965057,0.1909584403,1.661486268,0.05602458119,0.138356775,1.734895229,0.2163469344,0.1384637803
1066,3.632170439,0.2060851604,1.493698478,0.05638049915,0.1383709311,1.733269095,0.165798828,0.1382500082
1067,3.69511199,0.2150273323,1.280010581,0.05631672218,0.138942942,1.733269215,0.1409600526,0.1382371634
1068,3.687517166,0.2174463719,1.035879135,0.05570366606,0.1401181668,1.734503269,0.1420609802,0.1382411867
1069,3.714747429,0.21252729,0.8396244049,0.05666299164,0.1420243233,1.736402392,0.1573514342,0.1382117718
1070,3.702260256,0.2030430585,0.6849514842,0.05851434544,0.1428721696,1.738241553,0.1694344431,0.1381918341
1071,3.69596076,0.1960643679,0.4651760161,0.0608487241,0.1421821564,1.741302609,0.2231423259,0.138121441
1072,3.718115568,0.1956830174,0.32856372,0.06241697446,0.142113626,1.745278835,0.2883051634,0.1380903721
1073,3.728789091,0.1993186027,0.270201534,0.06329016387,0.1422846764,1.749426484,0.304166913,0.1383049786
1074,3.805248022,0.2033510655,0.2515948117,0.06365193427,0.1420181543,1.753047585,0.2612703741,0.1387843639
1075,3.751253128,0.2075307518,0.2491590977,0.06382618099,0.1419740468,1.755914688,0.2134904414,0.1393387914
1076,3.803076982,0.2083191276,0.2667059004,0.06380368024,0.1418182254,1.757753849,0.1693915129,0.1397415996
1077,3.725852251,0.203237474,0.314355582,0.06373810768,0.1413695663,1.75799334,0.1399135441,0.1397480369
1078,3.707881212,0.1956581324,0.353787154,0.06375495344,0.1403923035,1.757253528,0.1346549988,0.1394219548
1079,3.606866837,0.185876742,0.390556097,0.06383361667,0.1393972784,1.755739689,0.1383532137,0.1388442218
1080,3.581825256,0.1731643528,0.4387453496,0.06405287981,0.137953341,1.752943158,0.1487500519,0.1380376965
1081,3.469758034,0.1564588398,0.5264024734,0.06437703967,0.1365300715,1.749017358,0.1729751378,0.1369370073
1082,3.41597724,0.1392398626,0.639225781,0.06481361389,0.134928301,1.743901849,0.2091943175,0.1356086731
1083,3.370158195,0.1282473058,0.7244169712,0.06524821371,0.1338305324,1.738405228,0.2321753949,0.1343357414
1084,3.302266121,0.1169417277,0.8561938405,0.06616295129,0.1329030991,1.732683063,0.271910578,0.1330781877
1085,3.339734793,0.1159045324,0.9107378125,0.06690510362,0.1324840933,1.727466226,0.2725176215,0.1321727484
1086,3.307232141,0.1154774651,1.007039428,0.0678063035,0.1322820783,1.721924186,0.2877493203,0.1315193027
1087,3.37729907,0.1199782267,1.071769595,0.06848273426,0.1323687583,1.716901422,0.2882908583,0.1311982423
1088,3.44941783,0.1247334108,1.217233777,0.06929407269,0.1324270815,1.711216331,0.3205392659,0.131096676
1089,3.489158869,0.1343829632,1.371434331,0.07026858628,0.1320719123,1.705119491,0.3558817804,0.1312806755
1090,3.537348509,0.145820871,0.9545119405,0.07013363391,0.1314125657,1.702860475,0.1907233,0.131721288
1091,3.614042282,0.1538404673,0.5691034198,0.07044444978,0.1301807016,1.703884482,0.1282542199,0.1315229386
1092,3.660194159,0.1622009277,0.2743404806,0.0720487088,0.1286393553,1.70744276,0.2079441547,0.1299511194
1093,3.609592676,0.1627750993,0.1910653859,0.07405956089,0.1267731339,1.712083697,0.3347031772,0.1276284307
1094,3.660824537,0.1623776704,0.206333831,0.07544728369,0.1254676729,1.717990041,0.4751598835,0.1250202954
1095,3.669688225,0.158845678,0.265527308,0.07644055784,0.1246771216,1.723786712,0.547698617,0.1229181513
1096,3.633649826,0.1493213922,0.2587427795,0.07779689878,0.1244191229,1.729068637,0.4560004473,0.1220352277
1097,3.518260002,0.1437523216,0.2124952674,0.07874119282,0.1239794493,1.733548641,0.3208560646,0.1220820472
1098,3.615926981,0.1429945529,0.1474681497,0.07899229974,0.1235887185,1.736217499,0.1870987415,0.1224529222
1099,3.619494677,0.1459339559,0.1217898354,0.07965938747,0.1228580251,1.737686157,0.1276277006,0.1225885451
1100,3.583842516,0.147699073,0.1331249624,0.08126878738,0.1220201775,1.737951398,0.1234668717,0.1222606823
1101,3.582153082,0.1457223743,0.1769268066,0.08410894126,0.1209273115,1.737379193,0.1575718373,0.1215022132
1102,3.556214571,0.1395435035,0.2471943647,0.08791617304,0.1199355051,1.736159921,0.2149415761,0.1204738244
1103,3.569200277,0.1294460446,0.316527456,0.0922146216,0.1191392764,1.734880328,0.2676508725,0.1195194945
1104,3.398073196,0.1180940568,0.4091110229,0.09740909189,0.1186194792,1.732893944,0.3319719732,0.1186306104
1105,3.267340422,0.1066370085,0.4761182964,0.102512598,0.1185968518,1.730863214,0.3684858084,0.118117772
1106,3.257855177,0.09741824865,0.5290153027,0.1071708575,0.1193843856,1.729478955,0.3878832757,0.1181978807
1107,3.272289038,0.09062182903,0.6480531693,0.1129584238,0.1210032776,1.72840178,0.4502759874,0.1188660488
1108,3.276874542,0.08808547258,0.7598802447,0.1188055202,0.1239962801,1.728031754,0.4954973161,0.1203035638
1109,3.223406553,0.09063831717,0.860599041,0.1247925237,0.128240481,1.728792191,0.5191704035,0.1226309612
1110,3.187685013,0.09821563214,0.9810436368,0.1307505518,0.1333286315,1.730341315,0.5436328053,0.1257532984
1111,3.324194908,0.1106442288,1.081480384,0.1360356659,0.1390750706,1.733091354,0.5437245965,0.1296858042
1112,3.381553888,0.1285418719,1.279549479,0.1416356713,0.1449367106,1.735893846,0.5947030187,0.1342909187
1113,3.356819868,0.1463453323,1.320307612,0.14575921,0.1462805867,1.739463449,0.5440205932,0.1392006129
1114,3.672314405,0.1554121226,1.114425182,0.1495544165,0.1449929774,1.740908504,0.389013499,0.1425620466
1115,3.68253231,0.1574331969,0.8488945365,0.1524952799,0.140784204,1.739954114,0.2552387714,0.1443051249
1116,3.697031975,0.1460496783,0.3860133588,0.151616022,0.1372056007,1.738682747,0.1255153418,0.1436837763
1117,3.800153017,0.1355828345,0.1574385762,0.1489905715,0.1336752325,1.738054872,0.1554947793,0.1411677152
1118,3.742308378,0.1248485669,0.1084467396,0.1459636688,0.1306634396,1.737685204,0.2219171524,0.1378997117
1119,3.653946638,0.1196894869,0.1954586953,0.1442081481,0.1282967925,1.737834334,0.3974373043,0.133422792
1120,3.707853556,0.1163919792,0.290707618,0.1440266371,0.1263644099,1.738580823,0.4387617409,0.1290652901
1121,3.631327391,0.1153590083,0.2792240679,0.1442198008,0.1250756234,1.739420891,0.3409381807,0.1260256618
1122,3.669205904,0.1199939623,0.2430602312,0.1446507126,0.1244174317,1.741419435,0.2472875267,0.1237878576
1123,3.660710573,0.1274222583,0.2258159518,0.144755289,0.1234792992,1.745037436,0.199451521,0.1221810356
1124,3.770933867,0.1342956275,0.2038506418,0.1441124529,0.1231499985,1.750297189,0.1632364839,0.121348016
1125,3.603436708,0.1383994818,0.1708822399,0.14206101,0.1235219613,1.755950332,0.1335645318,0.1212499365
1126,3.782770395,0.1386059374,0.1407191455,0.1387202293,0.1243258342,1.761421204,0.120908238,0.1217434183
1127,3.747969627,0.137410894,0.1338125914,0.1348733455,0.1252395958,1.767106056,0.124417685,0.1225488782
1128,3.564850569,0.1343859136,0.1341571063,0.1300180107,0.1265469342,1.773004651,0.1341854483,0.1236517802
1129,3.635337114,0.1316322535,0.1401192397,0.1251638383,0.1282724142,1.779045582,0.144380033,0.1249497905
1130,3.620267153,0.129187271,0.1529332399,0.1206253991,0.1303867698,1.785591483,0.1573837548,0.1265516281
1131,3.610263824,0.1354655772,0.1465893388,0.1151187196,0.1326881647,1.7938205,0.1464503706,0.1284508109
1132,3.55885005,0.1468909383,0.1366219372,0.1102294028,0.1351448148,1.803640485,0.1356553286,0.130508706
1133,3.660299063,0.1580459028,0.1326797009,0.1072629318,0.1373560876,1.815558791,0.1335932612,0.1330170035
1134,3.661457062,0.1668891162,0.1327539533,0.105675526,0.1399065554,1.828542352,0.135409385,0.1357758194
1135,3.798184633,0.1756069809,0.1333949566,0.107001625,0.1423366219,1.842603087,0.138544634,0.1388113499
1136,3.904928923,0.1809830666,0.1390524358,0.1084698215,0.1443074793,1.856663823,0.1418494284,0.1418623924
1137,3.743221998,0.1893110722,0.134579435,0.1124896407,0.1457981169,1.871229529,0.1479247957,0.1448928565
1138,3.785746574,0.1972835213,0.1218765154,0.1161687598,0.1463187933,1.882299781,0.1700353622,0.1462876648
1139,3.862520456,0.2043085247,0.1517429799,0.1196374595,0.1467016786,1.889870048,0.2534704208,0.1462026536
1140,4.181901932,0.2207839489,0.4133878648,0.1298785359,0.1460907161,1.895395637,0.5461168289,0.1450951695
1141,4.056988716,0.2300805598,0.8017799854,0.1449947357,0.1459533721,1.899930596,0.8558672071,0.1441832036
1142,4.168553829,0.2348248512,1.209131837,0.1610715985,0.1485881358,1.903678894,1.099813581,0.1443618387
1143,4.194532394,0.2456174344,1.702088952,0.1774112731,0.1534897238,1.906293511,1.337445736,0.1463978291
1144,4.224236965,0.2352416366,1.824108243,0.190684393,0.1574971974,1.908465266,1.21668005,0.1503815502
1145,4.250556469,0.2230463475,1.722283363,0.2007574588,0.1619689316,1.9102844,0.9577963352,0.1554195732
1146,4.310461521,0.2135939747,1.501134276,0.2082506865,0.1645889133,1.912467599,0.6759995818,0.1600249559
1147,4.345768929,0.2113830447,1.346791267,0.214144066,0.16610533,1.915451884,0.4969399869,0.1638684422
1148,4.178985596,0.2098383904,1.212637424,0.2191814035,0.1661713868,1.919285178,0.3712857068,0.16694583
1149,4.236001968,0.2034567147,1.022126675,0.2226745337,0.1650907993,1.923355699,0.2568617165,0.1689078361
1150,4.247778893,0.1928262711,0.8245947361,0.2248504162,0.1637546271,1.927056909,0.1769879013,0.1694912165
1151,4.232360363,0.1814466566,0.6878132224,0.2262742966,0.1614652425,1.930174828,0.1411944479,0.168958053
1152,4.119412899,0.1653933674,0.5306045413,0.2267687321,0.1580297947,1.932373047,0.1215291023,0.1670166999
1153,4.044404507,0.1517585516,0.4261839688,0.2269636393,0.1540356129,1.934089661,0.1226754859,0.1642428488
1154,3.913223982,0.1385008395,0.3320230246,0.2270104885,0.150477156,1.935585618,0.1352228969,0.1607845873
1155,3.942733049,0.1270514131,0.2569752634,0.2268774509,0.1473832726,1.93715632,0.1592096537,0.15683873
1156,3.874650002,0.1188494936,0.2073358148,0.2258706093,0.1438037604,1.938133121,0.1946057528,0.1523402929
1157,3.928966284,0.1157521829,0.1871683151,0.2236088961,0.1400624067,1.939154029,0.2414711714,0.1476332098
1158,3.800050974,0.1193622947,0.1999195069,0.2205532789,0.1360932589,1.939506173,0.299754411,0.1426504701
1159,4.06387949,0.1323251575,0.2274160981,0.2154969424,0.1329984218,1.939864755,0.33322227,0.1380651444
1160,4.094591141,0.15181835,0.2884177864,0.2101038247,0.1300864965,1.94023478,0.3888316154,0.1338285059
1161,4.146502972,0.1767310649,0.3222659528,0.2030379027,0.1285769492,1.940978646,0.3888390958,0.1304802448
1162,4.378078461,0.194431901,0.1964641064,0.195844844,0.1281946599,1.941977143,0.2168359756,0.1287595928
1163,4.335093975,0.2100042254,0.1363604218,0.1887405366,0.1292075366,1.943046689,0.1233714446,0.1286099702
1164,4.445632458,0.2363644689,0.3894846439,0.1805119067,0.1315086037,1.944406509,0.309338659,0.1299352795
1165,4.42415905,0.2598019838,0.8122183681,0.172740221,0.134941563,1.945555687,0.6099978089,0.1325633973
1166,4.462093353,0.2878964245,1.385586739,0.1690823883,0.1414581686,1.946830392,0.9805286527,0.1365631223
1167,4.511851788,0.3276514113,2.134990454,0.1706363559,0.1503255665,1.94799006,1.41179657,0.1423965544
1168,4.534331799,0.3297255337,2.349442005,0.1742348522,0.1589303613,1.949317932,1.369554639,0.1494589448
1169,4.552831173,0.3269846141,2.389089346,0.180350706,0.1658078581,1.950900435,1.205707788,0.1571503729
1170,4.485908508,0.2981734872,1.894874573,0.1821814775,0.1701948643,1.952646375,0.7505580783,0.1635262966
1171,4.467453003,0.2806452811,1.507991791,0.1811994314,0.1715949029,1.954730034,0.4598009586,0.1678774953
1172,4.384379864,0.2654128969,1.171684623,0.1782805473,0.1700441837,1.957032323,0.2705742717,0.1700069457
1173,4.342491627,0.2494114488,0.8843490481,0.1753439456,0.1675831079,1.9591856,0.1613197923,0.1699293107
1174,4.316618443,0.2341477126,0.7061741352,0.1734958291,0.1643784493,1.961264014,0.1206953824,0.1683683246
1175,4.280876637,0.2173591107,0.5636098981,0.172118783,0.160163179,1.963200688,0.1064751223,0.1656253785
1176,4.164339066,0.2006344944,0.4524228275,0.1716675311,0.1548433304,1.96524322,0.1079576537,0.1621073335
1177,4.058827877,0.185792625,0.3663047254,0.1715344638,0.1493657231,1.967364311,0.1165726185,0.1581494659
1178,3.991217375,0.1792119741,0.3299022019,0.1716862172,0.1455058306,1.970124602,0.1167243794,0.1546607763
1179,3.982974291,0.1761787385,0.2945098579,0.1720310003,0.1418216825,1.973872662,0.1169942394,0.1517327428
1180,3.953672647,0.1768165678,0.2596164644,0.1725726724,0.1400785446,1.978641868,0.1174158454,0.1493666023
1181,3.831420898,0.1749823093,0.209483549,0.1729568243,0.1378324777,1.983523369,0.1267940551,0.1468933374
1182,3.813761473,0.1773094684,0.1716250032,0.1728521138,0.1360999197,1.9888798,0.1389964819,0.1444914192
1183,3.80083847,0.1821057051,0.1467380971,0.1727378368,0.13340801,1.9940418,0.1622293741,0.1418170482
1184,3.86042285,0.1961729079,0.1403941065,0.1722916812,0.1311495155,1.999638081,0.1716827899,0.1394812614
1185,3.874943972,0.2137007862,0.1460131258,0.1719168276,0.1336870939,2.005295277,0.1817944497,0.1373585165
1186,3.766225815,0.2366369963,0.1297293156,0.1720367223,0.1364273429,2.008531094,0.1412730664,0.1353874058
1187,3.801641464,0.2566758096,0.1276691407,0.1715738177,0.1406687945,2.00937295,0.1138589904,0.1341583729
1188,3.789135218,0.2745679319,0.2246866673,0.1670936346,0.1447745115,2.009604454,0.1591881216,0.1347230226
1189,3.851369143,0.286260277,0.4298308194,0.1583331227,0.1503956616,2.008864641,0.2761878073,0.1371380687
1190,3.847709894,0.2954854071,0.7458073497,0.1450391263,0.1565309167,2.008118391,0.4428772926,0.141383931
1191,3.812537432,0.3044166863,1.119963169,0.1262164861,0.1615459472,2.007078171,0.6127918363,0.1477625966
1192,3.795963287,0.3059179783,1.313448191,0.1087778136,0.1651618332,2.006168604,0.6400430799,0.1544986814
1193,3.787152529,0.2963331044,1.156791687,0.09134280682,0.1657559723,2.004579306,0.4659027159,0.160176754
1194,3.800643921,0.2886803746,0.901511848,0.08072023839,0.164497301,2.002443552,0.2942548394,0.1635572314
1195,3.797662735,0.2827986479,0.6792603135,0.07446350902,0.1618412733,1.999585509,0.1911219358,0.1648256928
1196,3.759072542,0.2750593424,0.5183961987,0.0711048767,0.1582768708,1.996577263,0.1443985105,0.1643516868
1197,3.753705978,0.2635847032,0.3885838687,0.06987565011,0.1542048007,1.993728638,0.125457406,0.1625252813
1198,3.710306883,0.2489261776,0.2894387543,0.06937354803,0.150412783,1.991168022,0.1234125271,0.159793362
1199,3.671268702,0.2339364141,0.230408147,0.06915989518,0.1466160268,1.98954165,0.1267543733,0.1568355709
1200,3.62137866,0.2204173803,0.1895059198,0.06911670417,0.1437778473,1.988700032,0.1295139343,0.1539618671
1201,3.550156832,0.2083060741,0.1574953943,0.06911670417,0.1414732188,1.988700032,0.132980451,0.1512346417
1202,3.51803112,0.1981610656,0.1364566237,0.06907742471,0.1387849003,1.989597917,0.1371818632,0.1487143338
1203,3.470061541,0.1934722662,0.1275604814,0.0690607056,0.1369287521,1.991745472,0.1372737139,0.1466809958
1204,3.419620752,0.1854179502,0.133008644,0.06877377629,0.1355204731,1.994606853,0.1479007155,0.1447355151
1205,3.31880188,0.1869342774,0.1481193453,0.06885593385,0.1345634311,1.998489022,0.1481704563,0.1432755589
1206,3.333095551,0.1852965951,0.193677783,0.06899664551,0.1339784563,2.002817154,0.161656633,0.141905129
1207,3.353796721,0.1877663583,0.2660977542,0.06931319088,0.1330356747,2.007241964,0.1779569536,0.140563488
1208,3.421007156,0.1990207434,0.3323622644,0.06993304938,0.1333052665,2.012403727,0.1783784479,0.1396830082
1209,3.433552027,0.2107093483,0.4307341278,0.07053794712,0.1345369369,2.017621756,0.1877474785,0.1389440149
1210,3.534314394,0.2378570288,0.3290182054,0.07168072462,0.1358804703,2.020669699,0.1337347776,0.1384488493
1211,3.580575228,0.2576934397,0.2541172504,0.0724189207,0.1394796818,2.021189213,0.1347905546,0.1383482814
1212,3.55052495,0.260422796,0.2597504258,0.07240400463,0.1432148069,2.018023491,0.1385305524,0.1387077868
1213,3.525859833,0.2616841495,0.2548674345,0.07333377004,0.1464455873,2.012825489,0.1438356787,0.1401656121
1214,3.518423796,0.2663805485,0.1856981963,0.07264948636,0.1530055255,2.008624792,0.2129078656,0.1432971954
1215,3.473667145,0.2661850452,0.177027002,0.07227441669,0.1587164998,2.004146814,0.2633383572,0.148315683
1216,3.451911211,0.2640813291,0.1776570231,0.07154115289,0.1618564576,1.999467373,0.2522768676,0.1532357484
1217,3.451635361,0.2648498118,0.1776332408,0.07238624245,0.1638411134,1.994722962,0.2303355932,0.1573214531
1218,3.497248411,0.2675093114,0.1780256182,0.07309830189,0.1653449982,1.990645051,0.2207135409,0.1601881683
1219,3.463478804,0.2711925805,0.1788006872,0.07363793999,0.1660459042,1.987686753,0.2211931497,0.1621804088
1220,3.339478254,0.2743449807,0.1779010892,0.07435170561,0.1657662839,1.985870361,0.2115150094,0.1634592563
1221,3.383486509,0.2768530548,0.1772851497,0.07540851831,0.1647777855,1.985433102,0.2024673969,0.1642695814
1222,3.445493937,0.2737673819,0.1806360483,0.0764406696,0.1642769426,1.98520124,0.1796046495,0.1646419317
1223,3.525206327,0.2594759464,0.2128931731,0.07695417851,0.1630365849,1.983731747,0.1534205377,0.1642066389
1224,3.545157671,0.2428745478,0.2761002481,0.07728212327,0.1614766568,1.980935454,0.1516595632,0.1630690396
1225,3.448331118,0.2257992029,0.3615133762,0.07770372182,0.1595136672,1.977009296,0.1636074781,0.1614110023
1226,3.40898633,0.2163711935,0.4203969538,0.07807079703,0.1584691256,1.973267436,0.1687057018,0.1597414166
1227,3.378339767,0.2111401111,0.4631801844,0.07822249085,0.1577112973,1.970777631,0.1688573807,0.158245489
1228,3.416164398,0.1998860836,0.5481594205,0.0783143416,0.1565958411,1.968761444,0.1807677597,0.1566890627
1229,3.250197172,0.1904327869,0.6425516605,0.07798679918,0.1552478969,1.967265606,0.1955339462,0.155156523
1230,3.39105916,0.1905686855,0.6921672225,0.07800365984,0.1541249454,1.966357231,0.1955507994,0.1538916975
1231,3.383143425,0.1866657734,0.8003068566,0.07805053145,0.1527549028,1.964823127,0.2132924348,0.1525614262
1232,3.399330854,0.1873081923,0.9220190644,0.07761823386,0.1516768783,1.963252425,0.2339065522,0.1512999386
1233,3.404340744,0.1962794811,0.9825296402,0.07739551365,0.1511478573,1.96229887,0.2339233905,0.1503685564
1234,3.560960531,0.205960393,1.034579039,0.07633887976,0.1506638974,1.957601905,0.2344030291,0.1492942721
1235,3.60807991,0.2173324078,0.9293897152,0.07734302431,0.1516794562,1.950845838,0.1970103532,0.1490836591
1236,3.696555138,0.2226552218,0.852037847,0.0838978067,0.1534887403,1.941800475,0.1848174781,0.1504511684
1237,3.625427246,0.2248064876,0.7551836967,0.09511575848,0.1570478529,1.931411386,0.1776369065,0.1543150395
1238,3.571307421,0.2216645926,0.6023587584,0.1097305715,0.1627898663,1.921390057,0.1671787351,0.1604683548
1239,3.535623789,0.2192196101,0.5030373931,0.1295710504,0.1704051048,1.911587715,0.1717734486,0.1695014685
1240,3.494668961,0.2205231637,0.4538777769,0.1489995718,0.1780823916,1.901785493,0.1812191457,0.1785609126
1241,3.396845579,0.2230422944,0.417018801,0.1664556414,0.186046198,1.891990066,0.1904002875,0.1873861998
1242,3.330904007,0.2249412984,0.3902609348,0.1789366007,0.192480579,1.882425427,0.1973723918,0.1940763444
1243,3.39497304,0.2193544358,0.3188326061,0.1843794584,0.1967858821,1.874695182,0.195994541,0.198163867
1244,3.3641541,0.2209238261,0.3020852506,0.1866749078,0.1998026371,1.868026853,0.1982898265,0.2006478757
1245,3.418970823,0.2224202603,0.2741241455,0.1869448423,0.2020014971,1.862829208,0.2006860822,0.2021033168
1246,3.401591063,0.2260338813,0.2606445849,0.1869225949,0.2032788843,1.859028816,0.2028418034,0.2027846426
1247,3.320955992,0.2309617251,0.2511840761,0.1880638152,0.2043171674,1.856211066,0.2053608894,0.203085348
1248,3.370052338,0.2399918288,0.2422196418,0.1904409975,0.2047723532,1.854259849,0.2119659185,0.2031226158
1249,3.278250456,0.2439426184,0.2426741123,0.1934590489,0.2052278966,1.852308631,0.2121177465,0.2031906843
1250,3.224109888,0.246824339,0.2452261001,0.1974474937,0.2056834698,1.850357175,0.2122695893,0.2032869458
1251,3.131764174,0.2531095445,0.2467709184,0.2033644319,0.2060386389,1.848638058,0.2166023999,0.2033452392
1252,3.210146666,0.2534847558,0.2532100677,0.2109081,0.206270501,1.847326159,0.2166699022,0.2033256292
1253,3.17282939,0.2470110506,0.2674476206,0.2197450548,0.2065469623,1.845992208,0.2125855684,0.2033441812
1254,3.099754572,0.238794446,0.2892586887,0.2289968282,0.20657444,1.844635367,0.2092348486,0.2033880949
1255,3.200508833,0.2171303183,0.3495069444,0.2368882895,0.2070110589,1.842736244,0.2029854655,0.2035144567
1256,3.058159113,0.2057177424,0.4143577516,0.2446200848,0.2071090192,1.84054935,0.2043303996,0.2036616802
1257,3.261856079,0.201190412,0.4622893333,0.252702117,0.2056827545,1.838590145,0.2044503689,0.2037801296
1258,3.223096132,0.1970645636,0.4991308153,0.2562655509,0.2041296512,1.83617878,0.2046377659,0.2039625794
1259,3.276066542,0.1941490173,0.5122839808,0.255797416,0.203890264,1.831730843,0.2053873986,0.2046879977
1260,3.340683937,0.1922337562,0.4786190987,0.2522226274,0.2054348737,1.825733542,0.2059423774,0.2064105272
1261,3.142912626,0.1898890734,0.4285904467,0.2471226007,0.2081870586,1.818961024,0.2079814225,0.2091219276
1262,3.134784698,0.1856922358,0.3599052429,0.2435686439,0.2124362439,1.811814666,0.212439701,0.2131708711
1263,3.128351927,0.1857002228,0.3132498562,0.2414910346,0.2172632962,1.804200172,0.2173130661,0.2185290456
1264,3.009712934,0.1881929487,0.2769802809,0.2398560196,0.2224298716,1.796485424,0.2225766629,0.2242756933
1265,2.982965469,0.1921684295,0.2513932288,0.2381400466,0.2272710949,1.788926482,0.2272609919,0.2293833047
1266,2.921211243,0.1972841471,0.2378399819,0.2369240075,0.2317883372,1.781702042,0.2310550213,0.2335225344
1267,2.891725779,0.2025717497,0.2312723845,0.2387584895,0.2360211611,1.774812579,0.2342044562,0.2369554043
1268,2.968870163,0.2074906826,0.2285365313,0.2406158298,0.2398716956,1.768317342,0.2367698699,0.2397468537
1269,2.946306229,0.2112544775,0.2301780134,0.2427218705,0.243148163,1.762285233,0.2392271161,0.2421624064
1270,2.986379862,0.2163320333,0.2305246443,0.2447531968,0.24607265,1.756487727,0.2411461622,0.2442917079
1271,2.982678652,0.2210152149,0.2310320139,0.2464393824,0.2486063391,1.750939965,0.2428328246,0.2461519837
1272,2.90103054,0.2292751074,0.2394027263,0.2478059977,0.2506364286,1.745998383,0.2462239712,0.2477209419
1273,2.87386775,0.234434545,0.2396529168,0.2488861084,0.2517402172,1.741470933,0.2473032326,0.2489409298
1274,2.817910194,0.2387340516,0.239822194,0.2497938126,0.2526322603,1.737238526,0.2482099086,0.2499492168
1275,2.749310732,0.2382219285,0.2361288071,0.2495483607,0.2534331977,1.73307991,0.2479368895,0.2508413494
1276,2.769071579,0.2285227031,0.2305578589,0.2474706173,0.2546209097,1.728685856,0.2500221431,0.251681596
1277,2.702479124,0.2220712751,0.2338951826,0.2443905622,0.2556892931,1.72449553,0.2553001046,0.2523514926
1278,2.718757629,0.2229732871,0.2390981913,0.2415774316,0.2568478882,1.72068274,0.2558417916,0.2528974712
1279,2.678857565,0.217579782,0.2537424266,0.2400884777,0.2575581968,1.717150092,0.2639991343,0.2533627748
1280,2.766586304,0.2188000679,0.2657842338,0.2397537977,0.2581843138,1.71404016,0.2643157542,0.2537535429
1281,2.722801208,0.2183143049,0.287024349,0.238698408,0.2574726641,1.711102009,0.2696352601,0.2541475296
1282,2.808409452,0.2200787812,0.3009416759,0.2382944226,0.2562566698,1.707726836,0.2700024545,0.2546211779
1283,2.890093803,0.2217513174,0.3010487556,0.2388902903,0.2546004355,1.703589082,0.2654624879,0.2552736104
1284,2.908795118,0.2199057192,0.2793525457,0.2394408137,0.2538314462,1.698943734,0.2550281584,0.2561786473
1285,2.906218529,0.2174539566,0.2623250484,0.2396280617,0.2540414333,1.693556428,0.252365917,0.2576842606
1286,2.814760923,0.2236644477,0.2521939576,0.2425129861,0.2551628649,1.687392354,0.2562198639,0.2597668469
1287,2.840261459,0.2216675282,0.238776803,0.2433659285,0.2570489943,1.681595683,0.2549855411,0.261770159
1288,2.801431417,0.2275960445,0.2318404466,0.2442188412,0.2600272,1.675798893,0.2569040358,0.2637661397
1289,2.792384148,0.2371911556,0.2258825302,0.2460197061,0.2633757591,1.67000854,0.260160774,0.2656064332
1290,2.838392973,0.2408780307,0.2249144316,0.2471908927,0.2661275268,1.665057778,0.2613319457,0.266767025
1291,2.753074646,0.2529856265,0.213641718,0.249873504,0.2683860064,1.660330415,0.2715455294,0.2676926553
1292,2.774306536,0.2600750923,0.2081170678,0.253067553,0.2704392374,1.6559273,0.2882478535,0.2685014009
1293,2.793888092,0.2640328705,0.2139826417,0.2568238974,0.2724862993,1.651668906,0.3205234706,0.2694047987
1294,2.822054148,0.2615735233,0.238900736,0.2605637908,0.2743498981,1.647391677,0.3645062745,0.2705497444
1295,2.822756529,0.2536282837,0.2863703668,0.2644614279,0.2763664126,1.64287436,0.420243293,0.2720507979
1296,2.80431819,0.2407189757,0.3309053183,0.2675269544,0.2787267864,1.638237357,0.4527893364,0.2738434374
1297,2.648500204,0.2275598794,0.387517333,0.2699554265,0.2814949453,1.634021878,0.4882215559,0.2759964764
1298,2.65400815,0.21449323,0.4770684242,0.2718455791,0.284458369,1.62993753,0.5466671586,0.2786854208
1299,2.604326725,0.201925084,0.61240381,0.2732774913,0.2891380191,1.625964522,0.6347398758,0.2821563482
1300,2.561694145,0.1925566643,0.7859575152,0.275225848,0.2938947678,1.621811509,0.7345068455,0.2865160704
1301,2.485876799,0.1889040917,0.9978897572,0.2770726979,0.3007259071,1.61714232,0.8460145593,0.2918510735
1302,2.581778288,0.1937519312,1.217144728,0.2782229185,0.3087269366,1.612327218,0.9373912811,0.2981893122
1303,2.652607203,0.2080138475,1.475363731,0.2798214257,0.316750288,1.607365966,1.035386086,0.3056459725
1304,2.674393415,0.231398657,1.721377373,0.2805876732,0.3264332712,1.602306962,1.104540944,0.3141023517
1305,2.701724052,0.258941263,1.893678188,0.2807107866,0.3296019733,1.597615361,1.104810596,0.3231796026
1306,2.952927351,0.2573806942,1.466179967,0.2836298048,0.330216378,1.594117761,0.7340834737,0.329454571
1307,3.004669189,0.2390673161,0.9625926614,0.2874561846,0.3315826952,1.590112329,0.4158909023,0.3315473795
1308,3.066123247,0.204004705,0.528594017,0.2869848013,0.3279378116,1.587246299,0.2466885298,0.3286058009
1309,3.055486679,0.1737291068,0.3737677038,0.2813465297,0.3165953457,1.584613204,0.257745564,0.3231920302
1310,3.011963844,0.1509830803,0.3237586915,0.2690703571,0.3085107505,1.582075,0.3004471064,0.3170747757
1311,3.125014305,0.1308809817,0.3360875845,0.25025177,0.3027898371,1.579960942,0.3970576823,0.3100071847
1312,3.17254281,0.1362782866,0.3267468214,0.2323264927,0.2984786332,1.5778054,0.369415313,0.3039792776
1313,3.164254189,0.1566189975,0.2975665331,0.2174644917,0.2944124639,1.575815797,0.3121956587,0.2989536822
1314,3.225376368,0.1970754266,0.2697571814,0.2125651091,0.2925059497,1.572797894,0.2499284744,0.296797663
1315,3.156108141,0.2354304194,0.3047319353,0.2131066322,0.2929763496,1.568985581,0.2695795298,0.2966373861
1316,3.257073402,0.2644923925,0.3947773874,0.2177387327,0.2950169444,1.564375877,0.3494742811,0.2981354296
1317,3.332159042,0.2725287974,0.4704703093,0.2226604223,0.299000591,1.559672236,0.4195748568,0.3005123138
1318,3.291542292,0.2704676986,0.5530157685,0.2274510264,0.3056013584,1.554713845,0.4889829159,0.3036925495
1319,3.230916023,0.2608238161,0.6403523088,0.2316186875,0.3125414848,1.549836159,0.5488839746,0.3075459301
1320,3.198738098,0.2478889227,0.7528347969,0.2363945693,0.3198398054,1.545067191,0.6153357625,0.3121596277
1321,3.079482317,0.2332485169,0.8612847924,0.2410636395,0.3258662224,1.540485024,0.663449645,0.3173827827
1322,3.010772467,0.2192275077,1.019976974,0.2458373904,0.3321372569,1.53574574,0.7409613132,0.3235040605
1323,2.97194767,0.2068861872,1.202824831,0.2501999438,0.3408385813,1.529895425,0.8252761364,0.3305083811
1324,2.944275618,0.1988856941,1.374860406,0.2534249425,0.350376606,1.523284912,0.8856169581,0.3382309377
1325,2.917355776,0.1953332871,1.663997293,0.2568280995,0.3597638607,1.516063571,1.014483809,0.3473305404
1326,2.948776245,0.2002108097,1.893089652,0.2595891953,0.3718635142,1.508694053,1.083679795,0.3573633134
1327,3.010892868,0.2133850902,2.151009083,0.2617028356,0.3850782812,1.501173615,1.155980706,0.3683857024
1328,2.976004839,0.2327383012,2.323756933,0.2623098791,0.3968127966,1.494338155,1.15658772,0.3798328936
1329,3.149263382,0.2572312653,2.501011848,0.2627895176,0.4088674486,1.488202095,1.157067418,0.3916572034
1330,3.151989698,0.2524612248,1.999713421,0.2630593777,0.4118903577,1.48404932,0.7688421607,0.3989448547
1331,3.279703856,0.2279100269,1.351204276,0.2627869546,0.4100244939,1.480882525,0.411444068,0.399485141
1332,3.322973967,0.19081752,0.8037550449,0.2631551027,0.4013261795,1.477821827,0.2330091149,0.3932985365
1333,3.351933241,0.157728374,0.5645807385,0.2644382417,0.3883320391,1.474292755,0.2252514362,0.3846646249
1334,3.365148544,0.1292456686,0.4339133203,0.2656094134,0.3765828311,1.470934868,0.2626728415,0.3750151098
1335,3.363072395,0.1050730273,0.3413330615,0.266187042,0.364585191,1.468475819,0.3613183796,0.3631373346
1336,3.351556778,0.1029379889,0.3241023421,0.2646023035,0.3527086675,1.466304183,0.3916446865,0.3513776064
1337,3.377694368,0.1171907559,0.3154500723,0.2609674931,0.3418833017,1.464180112,0.3774236739,0.3406600654
1338,3.440605879,0.1491790861,0.320436269,0.2551974356,0.3312880099,1.461456418,0.284776479,0.3331618607
1339,3.490147352,0.1853244305,0.3672318459,0.2482985258,0.3268693388,1.458058238,0.2361844331,0.3286397159
1340,3.44207263,0.2155823708,0.450714618,0.240249455,0.3231194913,1.454392791,0.2424588948,0.326241672
1341,3.499950647,0.2348706871,0.5383188128,0.2331327647,0.3218885362,1.450131416,0.2780158222,0.3256231844
1342,3.315475225,0.2437431365,0.607626617,0.2262584418,0.3217195868,1.445585847,0.3165986836,0.3260757923
1343,3.323549032,0.2456089407,0.6408988833,0.219099924,0.3213026226,1.441110969,0.3406283557,0.3269903958
1344,3.319252968,0.2436255664,0.6754556298,0.2113313675,0.3228444755,1.436501145,0.3676714897,0.3284359574
1345,3.242280006,0.2385804206,0.7149353027,0.2037313581,0.3249011934,1.431756616,0.3977281153,0.3304154277
1346,3.17105794,0.2297938615,0.7878735662,0.1957794875,0.3269455135,1.427299976,0.4479616582,0.3331475854
1347,3.161042452,0.2182168216,0.9015881419,0.1881282181,0.3308656216,1.42260313,0.5251182318,0.3370436132
1348,3.131850958,0.2115712017,0.9654114246,0.180678606,0.3361510038,1.418334484,0.5683123469,0.3415333331
1349,3.006270409,0.2046310157,1.111066937,0.1729822606,0.3427166045,1.412993073,0.6632015705,0.3473053873
1350,3.068386793,0.2063804269,1.201689363,0.1652726382,0.3525590599,1.408111572,0.7152674198,0.3537843525
1351,3.126719236,0.2141188532,1.31096971,0.1575599164,0.3615544736,1.40342474,0.7702064514,0.3610196114
1352,3.141008615,0.2294047922,1.48020184,0.1518565118,0.3698905408,1.397948265,0.8582231998,0.3693518639
1353,3.175477982,0.2511101961,1.574728966,0.1471045166,0.3786531985,1.391787171,0.8894626498,0.3781109154
1354,3.161421537,0.2518194318,1.193768978,0.1437239647,0.3836738169,1.38741529,0.6149249077,0.3831366003
1355,3.120411634,0.2269002795,0.6555963159,0.1403084248,0.3806125224,1.385583878,0.3118371964,0.3810555935
1356,3.115977049,0.1893762201,0.313456893,0.1371676475,0.3699029386,1.385176539,0.2170149088,0.3712530136
1357,3.238790751,0.1511296779,0.2396139652,0.1325394958,0.3535275459,1.385177016,0.2934059799,0.3565396369
1358,3.150851488,0.1182149276,0.2927025259,0.1271134019,0.3365564644,1.385721326,0.4008595645,0.3393003941
1359,3.218641043,0.09517655522,0.4270940125,0.1225344166,0.3176427186,1.386933327,0.532925427,0.3201029003
1360,3.412731886,0.09196888655,0.4477931559,0.1195668653,0.3015799224,1.387932658,0.4916871488,0.3037851453
1361,3.501240969,0.104133971,0.4295780659,0.1178732738,0.288659215,1.388749719,0.4175932407,0.2906440198
1362,3.481776476,0.1314432174,0.3292477429,0.1163611412,0.2801477909,1.388910651,0.2925386727,0.2819646299
1363,3.54498744,0.163639307,0.247024402,0.1151820198,0.2756727338,1.387629867,0.2219934464,0.2773745954
1364,3.462537766,0.1907375306,0.2135375589,0.1147116125,0.2736321688,1.384603381,0.220588848,0.2758433819
1365,3.492708206,0.2068511248,0.2179626971,0.1150762811,0.2741622925,1.380051613,0.260681957,0.2763206065
1366,3.415189028,0.2120025307,0.2384103537,0.116342701,0.2760222554,1.374173045,0.3119680583,0.2781561613
1367,3.386023283,0.2098606229,0.2664218247,0.1189133152,0.2776934803,1.367164731,0.3670206368,0.2810372114
1368,3.446173906,0.203423813,0.3057585061,0.1229230538,0.2816004455,1.358967185,0.4345170557,0.284966886
1369,3.317124605,0.1942809373,0.3439376354,0.1276757866,0.2862354517,1.350016952,0.49390468,0.2896407545
1370,3.231208086,0.1852627248,0.3743635416,0.1319330186,0.2919998169,1.340796947,0.5381111503,0.2947666645
1371,3.185530663,0.1774922162,0.4289551675,0.1362117529,0.3001597822,1.330589175,0.6095268726,0.300814271
1372,3.116887808,0.1730748862,0.4981863797,0.1413602382,0.3087129593,1.319360256,0.6882583499,0.3078529537
1373,3.008549452,0.174442634,0.559145689,0.1457692832,0.3164736331,1.307622552,0.7459381223,0.3155967295
1374,2.92972374,0.182468608,0.6550839543,0.1511501372,0.3270687461,1.294807673,0.837072432,0.3244790733
1375,2.982442856,0.1988136023,0.7407707572,0.156861797,0.3369340897,1.281255603,0.9034666419,0.3342884481
1376,3.211453199,0.2235398144,0.8367151618,0.1621532291,0.348556608,1.267343879,0.9730992317,0.3449157774
1377,3.19116044,0.2540467978,0.9112229347,0.1676202565,0.3599531651,1.25304997,1.01155436,0.3562430143
1378,3.329378128,0.2519107759,0.6154209971,0.1704652309,0.3661930859,1.24315536,0.6784757972,0.3634996414
1379,3.307948351,0.2282891423,0.3178777397,0.1721201986,0.3636642992,1.238395929,0.359913677,0.3640724719
1380,3.360702515,0.1959487349,0.192248717,0.1740911752,0.3554504812,1.237491488,0.2070498317,0.3578157425
1381,3.372289658,0.1547894031,0.2623389661,0.175541237,0.3427766263,1.239890218,0.1997965723,0.344034344
1382,3.402098417,0.1215427518,0.4650220573,0.176847145,0.3230713308,1.243225694,0.2858306468,0.3260117769
1383,3.438653231,0.09483978152,0.8510556817,0.1782577485,0.3009268939,1.247663856,0.4651912153,0.3035662472
1384,3.455843687,0.08843650669,0.9907538295,0.1791528612,0.2816943824,1.251896501,0.4666599333,0.2832955122
1385,3.53155303,0.09471067041,1.02745688,0.1794525832,0.2650559843,1.255614758,0.4099927843,0.266489774
1386,3.547646761,0.1134217978,0.8842793107,0.17862086,0.2555511594,1.257940769,0.2872525454,0.2548811734
1387,3.597003937,0.1320031434,0.7942418456,0.176285252,0.2491759658,1.259169102,0.2249238044,0.246667251
1388,3.525036573,0.1497877836,0.6691849828,0.1729067564,0.2464287281,1.258982062,0.1846657246,0.2416131347
1389,3.632398605,0.1626289338,0.5452535748,0.169101283,0.2462368608,1.257200003,0.1798347682,0.2391864061
1390,3.671468019,0.1683201045,0.4483704567,0.1654763222,0.2479593754,1.254060864,0.204250738,0.2386443615
1391,3.549639463,0.168617785,0.3631712496,0.1625858694,0.2501957715,1.24943006,0.2553158998,0.2397749871
1392,3.480918169,0.1635370106,0.3156953752,0.1594377458,0.2535099089,1.243913293,0.3045647144,0.2418777198
1393,3.355375528,0.1567279249,0.2806078196,0.1569183469,0.2586652339,1.237267017,0.366101414,0.245007813
1394,3.283573151,0.1496128142,0.2624559402,0.1557197273,0.2656261027,1.229808688,0.4397896528,0.2490456551
1395,3.197236061,0.1440035403,0.2670224011,0.1552098542,0.2738099992,1.221493244,0.5256741643,0.2540433705
1396,3.260483503,0.1420412213,0.3016237319,0.1557388604,0.2834596336,1.211868405,0.6240625381,0.2601914406
1397,3.21479702,0.1453179419,0.3594431877,0.1571776122,0.2934862077,1.201424718,0.7066673636,0.2672672272
1398,3.163023233,0.1552909762,0.451580435,0.1590078622,0.3048366606,1.189926267,0.7966149449,0.2754168212
1399,3.217793226,0.1718326807,0.5596666336,0.1611528844,0.3163468838,1.177705765,0.8618714809,0.2844560444
1400,3.326641083,0.1953859329,0.7015466094,0.1636127383,0.326985091,1.164748073,0.9306585193,0.2944491208
1401,3.408812284,0.222718522,0.8440618515,0.1664158553,0.3262831867,1.1512146,0.9685031772,0.3052148521
1402,3.486520767,0.2071311921,0.5263316631,0.1660009176,0.3173413277,1.142577887,0.5612068176,0.3112389743
1403,3.439464569,0.1820313185,0.2531123459,0.1647135019,0.2997882366,1.137868404,0.2648952007,0.310867101
1404,3.459075689,0.1520105153,0.1553272903,0.1624726504,0.2827191055,1.136389375,0.1497696191,0.3029003441
1405,3.491405487,0.1257487088,0.2775680423,0.1613449156,0.2657671571,1.136389494,0.2015601844,0.2893819809
1406,3.553447485,0.1044854298,0.497254014,0.1608690023,0.2454431504,1.137184143,0.2939154208,0.2729796469
1407,3.446427584,0.08878579736,0.9625785947,0.1615172476,0.2292605639,1.138943315,0.496742636,0.2524202168
1408,3.499951124,0.08409037441,1.164465308,0.1620529741,0.2167493254,1.140430212,0.4971098006,0.2341560125
1409,3.598536253,0.0890166834,1.206255078,0.1623003781,0.2106090635,1.141567349,0.4132301807,0.2196124196
1410,3.624636889,0.1029455587,1.055065274,0.1620980501,0.2074421644,1.141824722,0.2792443931,0.2098240852
1411,3.627060652,0.1201616153,0.8778153062,0.1620080918,0.2068096399,1.140962601,0.1913158149,0.2038484365
1412,3.602614641,0.1362721771,0.6910187602,0.1621465087,0.2063965052,1.139013767,0.1498318762,0.200734362
1413,3.62528491,0.1489417702,0.517796278,0.1628228128,0.2078255862,1.135607719,0.1551528722,0.2000521868
1414,3.503115654,0.1518487036,0.4361165464,0.1632517129,0.2098343819,1.131312013,0.1760225296,0.2004988641
1415,3.432753325,0.149252519,0.4034694731,0.1620124578,0.2120272517,1.126930118,0.1838604063,0.2011241913
1416,3.423855066,0.1465463787,0.3819757402,0.1593351066,0.2136034518,1.122548461,0.1848514825,0.2017574161
1417,3.350867987,0.1451294869,0.3582464457,0.1551547945,0.2157966644,1.118166566,0.1858425885,0.2023982555
1418,3.325093508,0.1431243867,0.3077685535,0.1502105445,0.2185814381,1.113309503,0.2034183741,0.2035666704
1419,3.261692762,0.1386429071,0.2417926788,0.1449507624,0.2220842689,1.107349515,0.2590110302,0.2059028149
1420,3.277883768,0.1365794092,0.211161986,0.1391335875,0.2280053347,1.100473642,0.3175041378,0.2091366202
1421,3.151895523,0.1375310272,0.2127768248,0.1333602965,0.2335138768,1.092950225,0.3881417513,0.21312581
1422,3.217993498,0.1428359896,0.2351769954,0.1263531595,0.2393204719,1.085717082,0.4286918342,0.2173318416
1423,3.272671461,0.1515212506,0.2577260137,0.1186639071,0.2437127382,1.078483582,0.4303781986,0.2216236591
1424,3.316627264,0.1640393883,0.3228886425,0.1109373569,0.2487624288,1.070647836,0.4744893312,0.2265192717
1425,3.305747271,0.180807367,0.4168616235,0.1036125943,0.245002225,1.062195063,0.5219660401,0.232058242
1426,3.320212126,0.1720102429,0.2423718423,0.09972319752,0.2344026119,1.057302833,0.2781675756,0.2338484973
1427,3.432645082,0.1586109549,0.1442230493,0.09803879261,0.2194132805,1.05555439,0.1496198624,0.2308287472
1428,3.469929457,0.1429251283,0.2193829268,0.09861791879,0.2049234658,1.056704402,0.1747843474,0.2217751592
1429,3.515419722,0.1324743181,0.563767314,0.1027270183,0.1878587008,1.060155988,0.3856240213,0.2066257745
1430,3.45932889,0.1268223673,1.040168881,0.1102199331,0.1683285236,1.064201236,0.6399448514,0.188402012
1431,3.47209549,0.1365909129,1.80806601,0.1237267479,0.1506319642,1.068576455,1.019847751,0.1673831195
1432,3.475605011,0.1336425692,2.132502794,0.1376305521,0.1368699521,1.073511958,1.0246135,0.1494089216
1433,3.622160673,0.1384911984,2.421189547,0.1530186385,0.1272729933,1.078832984,0.9938049316,0.1347116381
1434,3.559866667,0.1340089589,2.209331512,0.1642311513,0.1214067638,1.08433044,0.7073583007,0.1252612919
1435,3.599236727,0.1313789934,1.792125702,0.1699715853,0.1184782386,1.089470267,0.4114012718,0.120233953
1436,3.579612732,0.133568272,1.455687642,0.1724019051,0.1171058416,1.09376514,0.2420537472,0.1177525148
1437,3.598300219,0.1356749237,1.235716581,0.1723140925,0.1164463237,1.097314,0.1655067354,0.1165427044
1438,3.582103968,0.1346963197,1.011336207,0.1709517241,0.1163096949,1.100396276,0.1234493479,0.1161920354
1439,3.585427523,0.1316387653,0.8891835213,0.1698353142,0.116553627,1.103457451,0.1151575372,0.116251111
1440,3.484271049,0.1278797537,0.823022902,0.1691236049,0.1169900894,1.10662353,0.1154040918,0.116513066
1441,3.432753325,0.1259882897,0.8089404106,0.1689627022,0.1176230684,1.110301852,0.115883857,0.116884768
1442,3.336230278,0.1254526526,0.7869058251,0.1690712124,0.1183556318,1.113980174,0.1163636148,0.1172620654
1443,3.421040773,0.1263059527,0.7549629807,0.1686512232,0.1188582852,1.117658496,0.11684338,0.1176446974
1444,3.334688902,0.1242296621,0.6647822857,0.1673323363,0.1196899116,1.12092936,0.1195037439,0.1180951223
1445,3.181649446,0.1252929419,0.5933881402,0.1654456258,0.1203354001,1.123990893,0.1219967976,0.1185683832
1446,3.29517436,0.1277333051,0.5208889842,0.1638195962,0.1210268512,1.126839638,0.1251082569,0.1190597191
1447,3.424982786,0.1300444454,0.4302105904,0.1627327055,0.1219537929,1.129251003,0.1330534965,0.1195844412
1448,3.46741581,0.1356635094,0.3606466353,0.1613889188,0.1226613894,1.131437778,0.1381321698,0.1201245859
1449,3.410172224,0.1425974369,0.2977718711,0.1592826098,0.1219300255,1.133396983,0.1438529491,0.1206833348
1450,3.494826078,0.1513234377,0.2883377671,0.1597173661,0.1207743809,1.135808349,0.1336063594,0.1212041005
1451,3.452325106,0.1595384926,0.4359807968,0.161516428,0.1202739701,1.140256286,0.1257392764,0.1213066652
1452,3.641076326,0.1667381525,0.7379495502,0.1638944596,0.1207692325,1.146511436,0.2019928247,0.1207275391
1453,3.504751205,0.1703409702,1.102153897,0.1641820967,0.1219496951,1.153796196,0.3146151602,0.1197836176
1454,3.658987045,0.1766180843,1.653101802,0.1639419347,0.1240085959,1.161952138,0.4987148345,0.1186084077
1455,3.667428732,0.1844141632,2.275625229,0.1598668545,0.1253691763,1.170576215,0.6857849956,0.1177690551
1456,3.702869654,0.188520059,2.701711655,0.157339409,0.1269770116,1.179300308,0.7506671548,0.118037641
1457,3.695961237,0.1870444417,2.824491501,0.1524268687,0.1275976449,1.187868714,0.6684439182,0.1196609512
1458,3.76009059,0.1854779571,2.768253326,0.1505835801,0.1278714389,1.196102977,0.540207684,0.1222270951
1459,3.65230155,0.1868637651,2.709744692,0.1537960917,0.1282875687,1.204001904,0.4500586092,0.1252756268
1460,3.684501648,0.1875135154,2.595128298,0.1593829393,0.1291102618,1.211506605,0.3701932728,0.1284612417
1461,3.652428627,0.1899879575,2.552685976,0.1665419042,0.1304991394,1.218791008,0.3354543149,0.1317286491
1462,3.626874924,0.1911932677,2.478204012,0.1745608598,0.1320825815,1.225840926,0.3030997217,0.1349568367
1463,3.560988426,0.1910573244,2.376613855,0.182590723,0.1334349066,1.232640743,0.27303496,0.138041541
1464,3.714170694,0.1927552223,2.305323601,0.1908277422,0.1350774318,1.239309907,0.2599523067,0.1410653591
1465,3.450609207,0.1882241517,2.111299753,0.1989057809,0.1374945939,1.247763515,0.2210592777,0.1444438696
1466,3.54975009,0.1860309094,1.955439091,0.2064874172,0.1391324997,1.255921721,0.1990636736,0.1474665999
1467,3.518061399,0.1838564873,1.786044121,0.2135457546,0.1406386048,1.264357567,0.1797225028,0.1503292322
1468,3.564365149,0.1782719046,1.559521317,0.219495818,0.1420099586,1.272300363,0.1539609879,0.1525142491
1469,3.491099119,0.1704377681,1.292624235,0.2239598036,0.142349422,1.280135989,0.1282367855,0.1539872587
1470,3.493659019,0.1708595753,1.104781747,0.2279174924,0.1427440494,1.287594438,0.1201701537,0.1549622118
1471,3.561123848,0.1678969115,0.8581449389,0.2306177616,0.1424202174,1.294560194,0.1102162004,0.1550466865
1472,3.572609663,0.1732135564,0.6882362366,0.2329508215,0.14242208,1.301727653,0.1100374982,0.1549350023
1473,3.482664824,0.1807389855,0.5343414545,0.2346989512,0.1472344995,1.308457851,0.112340115,0.1543684155
1474,3.528500795,0.1948130131,0.4966889918,0.2359581143,0.1536785811,1.313504815,0.1121453121,0.1535496265
1475,3.519037247,0.2099410743,0.5547388196,0.235470593,0.1601530463,1.316618443,0.1231160536,0.1530313492
1476,3.548794508,0.2236465812,0.7119147778,0.2332539558,0.1686013937,1.317900062,0.1686557084,0.1534834057
1477,3.651248932,0.2357678264,0.9860320091,0.2306205034,0.176501587,1.318336844,0.2639626563,0.15558061
1478,3.678735018,0.2404304892,1.200688839,0.2252266854,0.1865333915,1.318463564,0.3289361894,0.1586471349
1479,3.662643433,0.2395898104,1.350850105,0.2164828032,0.1902401596,1.317706943,0.3470528126,0.1624700576
1480,3.63990283,0.2380754352,1.468160033,0.2059588879,0.1919654161,1.316857219,0.3471727371,0.166366443
1481,3.568727493,0.2350536436,1.48965776,0.1961301416,0.1895743161,1.316152811,0.3120208681,0.1695442945
1482,3.581389666,0.2290740162,1.307829022,0.1870927662,0.1866486222,1.315578341,0.2236737013,0.170936048
1483,3.559290171,0.2219341397,1.110361576,0.1782207042,0.1814731807,1.31491363,0.1613237709,0.1706628799
1484,3.524956465,0.2121499777,0.9038152695,0.1696920991,0.1749648899,1.314342141,0.1249665394,0.1688019037
1485,3.649686813,0.1991621703,0.6977680326,0.1611800492,0.1678258628,1.312903762,0.1146401688,0.1653698832
1486,3.594031572,0.1832842082,0.5289416909,0.1532737017,0.1599105895,1.31051898,0.1261110753,0.1607180387
1487,3.615607023,0.1656062752,0.3950336874,0.1461508274,0.1526264697,1.307154655,0.1486461908,0.1552405208
1488,3.553762674,0.1483442783,0.3087573946,0.1391132027,0.1455637962,1.303084016,0.1647403836,0.1496300399
1489,3.460510969,0.1305192858,0.2167542428,0.1331988126,0.138309896,1.297944546,0.2055008858,0.1434239894
1490,3.390310049,0.1140993237,0.1619479507,0.1283657104,0.1310680807,1.291675568,0.2584846318,0.1367859095
1491,3.387636185,0.09963786602,0.1589939147,0.1255542636,0.1238273457,1.28410542,0.3414758146,0.12964347
1492,3.351351976,0.09003380686,0.2165717036,0.1259053946,0.1172934175,1.275468588,0.4219766557,0.1224981323
1493,3.251251936,0.08619019389,0.3247162998,0.1286502182,0.1115658805,1.266045332,0.4910714626,0.1157960072
1494,3.217096567,0.08849322796,0.4968517125,0.1327377707,0.1068719402,1.255601048,0.5673934817,0.1096839234
1495,3.185644865,0.09758460522,0.7392777801,0.1397838145,0.1031704769,1.244517565,0.6507582068,0.1043321714
1496,3.305903435,0.1127742231,1.02054441,0.1481792033,0.1006764174,1.232711911,0.7114946246,0.1000483558
1497,3.335580111,0.1320471168,1.322865009,0.1583673805,0.09791769832,1.220329404,0.7450203896,0.09705391526
1498,3.390397787,0.1372096986,1.135326505,0.1639165133,0.09601666778,1.211037278,0.4778677523,0.09632533789
1499,3.345171928,0.1392037272,0.6222310066,0.1641053557,0.09504022449,1.20640707,0.1623681039,0.09681674838
1500,3.420587301,0.1522739828,0.2911829948,0.1632017791,0.09469608217,1.204958081,0.09834831208,0.09680775553
1501,3.366323471,0.167963624,0.1574451923,0.1626995653,0.09463652223,1.205260396,0.1892093867,0.09584087133
1502,3.374598742,0.1782924682,0.1464408189,0.1633741856,0.0954259634,1.206032634,0.3056981862,0.09451056272
1503,3.330694914,0.1953942031,0.2333531827,0.1670095325,0.09601646662,1.207057357,0.4920874536,0.09298688918
1504,3.439304352,0.1846417934,0.2276658267,0.1692519933,0.09661236405,1.207813859,0.4234912395,0.09250517935
1505,3.452595949,0.1665231436,0.1545390636,0.1692538708,0.09670311958,1.207687259,0.2561881542,0.09303876013
1506,3.478995085,0.1576359272,0.1150559559,0.169128105,0.09652867913,1.206668019,0.1564420015,0.09381374717
1507,3.487304688,0.1517204195,0.1135168448,0.1695702076,0.09597033262,1.204341888,0.09983003885,0.09440698475
1508,3.461633921,0.1478581429,0.1679524034,0.1711590886,0.09513947368,1.200643897,0.0992577672,0.0945809111
1509,3.450853348,0.1432778239,0.2618119121,0.173943758,0.09454143047,1.195846438,0.1300204545,0.09438201785
1510,3.387758017,0.136533469,0.3689498007,0.1771161556,0.09400516748,1.19052124,0.1657329649,0.09395711869
1511,3.300145388,0.1280723363,0.5110984445,0.1810575277,0.09345922619,1.184295177,0.2136027366,0.09347754717
1512,3.160939455,0.1183889285,0.6904988885,0.1865203828,0.09292519093,1.177286983,0.2736469209,0.09301637858
1513,3.031169891,0.1082986072,0.8757398725,0.1920600981,0.09278506786,1.169571042,0.3272486627,0.09278652072
1514,3.17108345,0.09859868139,1.096940041,0.1972094327,0.09347078949,1.161887765,0.3874126971,0.09280452132
1515,3.143469572,0.09115713835,1.238307357,0.1991906017,0.09489312768,1.154821396,0.3887785375,0.09331393242
1516,3.080752373,0.08623927832,1.399209499,0.198141858,0.09708189219,1.148857355,0.3896853924,0.09429567307
1517,3.059788465,0.08216222376,1.728635311,0.1968760043,0.0995432958,1.14288938,0.4563489854,0.09579026699
1518,3.163596392,0.08205536753,2.05690527,0.1946307868,0.1021157876,1.137275457,0.5047445297,0.09790799767
1519,3.085827589,0.0857835114,2.421482801,0.1914293021,0.1060465872,1.131519318,0.5560489893,0.1006559655
1520,3.198884249,0.09381975979,2.833105803,0.1880591661,0.1108214483,1.125620723,0.610430479,0.1040976271
1521,3.123594046,0.1062593684,3.29583621,0.1853757501,0.109734714,1.119299054,0.6679061055,0.1082521453
1522,3.28871274,0.1121388599,3.029868364,0.1842591912,0.1075166091,1.115966678,0.4579003751,0.1121255383
1523,3.375940323,0.117157422,2.270251513,0.1849120259,0.1025804654,1.115965962,0.1872776002,0.1136943176
1524,3.422353745,0.1364097148,1.325275064,0.1856874973,0.09511912614,1.120562911,0.07896057516,0.110922724
1525,3.437456846,0.1664529294,0.6919077039,0.1897896975,0.08748030663,1.127889514,0.2164124697,0.1039396152
1526,3.539476395,0.1900495291,0.3812895715,0.1986642331,0.07989545912,1.13750422,0.4210825264,0.09493520856
1527,3.574635744,0.2086704522,0.2385599613,0.2105602771,0.07510206103,1.148563147,0.6298852563,0.08540912718
1528,3.635093451,0.2013010234,0.1964151859,0.2246057987,0.07223569602,1.160519361,0.6380469799,0.07810042053
1529,3.678356171,0.1875038892,0.1690096408,0.2397174686,0.0711447224,1.172903538,0.5636146069,0.07347076386
1530,3.608915091,0.1640196294,0.1325271875,0.2509166896,0.07136689872,1.185249925,0.3801686466,0.07184264809
1531,3.668593168,0.146968767,0.1174482331,0.2575422823,0.07257137448,1.197203398,0.2246000171,0.0723393783
1532,3.498208284,0.1350957155,0.1492474824,0.2599105835,0.07448194921,1.208307028,0.1161343679,0.07412482053
1533,3.608852386,0.1341543496,0.1799684018,0.2595566809,0.07640164346,1.218514919,0.08911442757,0.07617791742
1534,3.641896486,0.1348942369,0.2197268009,0.2577371001,0.07865840197,1.228615403,0.08013135195,0.07854589075
1535,3.557963133,0.1360512823,0.2611442506,0.2540279329,0.08091757447,1.238087654,0.08077694476,0.08087438345
1536,3.42499423,0.1378454119,0.2966516018,0.2483697385,0.08345711231,1.247814059,0.08527365327,0.08341125399
1537,3.414311171,0.1392136365,0.3379536569,0.2419775575,0.08634278923,1.258154035,0.092523247,0.0862967968
1538,3.382918119,0.1358315498,0.4539821446,0.234859392,0.08912327141,1.267660737,0.1186555848,0.0890846625
1539,3.351646662,0.1341164857,0.5730479956,0.2294686437,0.09193524718,1.276880741,0.1521615386,0.09195812792
1540,3.317234755,0.1339737922,0.7202759385,0.2260520905,0.09526234865,1.286535859,0.196734488,0.09527451545
1541,3.308890581,0.1377950162,0.793402195,0.2214036733,0.0988040939,1.2962991,0.2107697278,0.09877110273
1542,3.355596542,0.1410546899,0.9834683537,0.2172052413,0.1024481654,1.305296302,0.2685811222,0.102277182
1543,3.477672577,0.1478704065,1.169147372,0.2129797935,0.1060971916,1.313384891,0.3192248642,0.105745554
1544,3.381893873,0.1576369554,1.293101668,0.207849741,0.1099338308,1.321162581,0.3380622864,0.1093543544
1545,3.581929207,0.1686978191,1.337244034,0.2004365176,0.1135024801,1.32885778,0.3211211264,0.1130279601
1546,3.772454023,0.1798997521,1.155811667,0.1966915876,0.1164693609,1.338729858,0.2313698977,0.1170986593
1547,3.644993067,0.1925671697,0.8081757426,0.1978511065,0.1191640422,1.350492835,0.1403285712,0.1206893697
1548,3.878852606,0.2116020769,0.4226905107,0.2018177509,0.1216594353,1.364026427,0.1321343929,0.123114787
1549,3.888762236,0.2328180671,0.1935386807,0.2042760849,0.1239899769,1.378420472,0.224261716,0.1243792772
1550,3.798534155,0.2382439524,0.1206683815,0.2018751651,0.1269326955,1.392697811,0.2842417359,0.1254662573
1551,3.869563818,0.2346252203,0.09373981506,0.1932803392,0.1298255473,1.406062007,0.305370599,0.1266369671
1552,3.73835063,0.2296775728,0.08799013495,0.1847287267,0.1325675696,1.419773698,0.3112462759,0.1284713596
1553,3.928947449,0.222532928,0.09155722708,0.17720671,0.1351013929,1.433198333,0.2856409848,0.1308614761
1554,3.954233408,0.2144304961,0.09313192964,0.1734175682,0.1377592832,1.446002841,0.2360135764,0.1336419731
1555,3.98353219,0.2119201422,0.1007611826,0.1739116162,0.140346393,1.458475113,0.2171177864,0.1366187483
1556,3.919517517,0.2121944427,0.11351832,0.177958712,0.1434853673,1.471126914,0.2107394934,0.1398714632
1557,3.923798323,0.2128218561,0.1290392131,0.1828818768,0.1467428058,1.483959079,0.204877153,0.1433579177
1558,4.069230556,0.2149892449,0.1535345316,0.1882528514,0.1498890668,1.496435165,0.2090155929,0.1468211263
1559,3.802615404,0.2170955986,0.1823793799,0.1937159449,0.153208673,1.508560061,0.2129799277,0.1502545923
1560,3.816688538,0.2190686464,0.215886429,0.199388817,0.155984357,1.520684838,0.2169442773,0.1537908018
1561,3.756660223,0.2190798372,0.2390006036,0.2053503543,0.1591102034,1.532981992,0.2107717246,0.1574601233
1562,3.803655863,0.2166333199,0.248454079,0.2105239481,0.1621534824,1.545265555,0.1961019039,0.1611112058
1563,3.810111284,0.218808338,0.2800827026,0.2156682014,0.1648658067,1.557549,0.1998963207,0.1648062915
1564,3.804501295,0.2213294059,0.3109333217,0.2206330448,0.1672338098,1.569832444,0.2036907226,0.1685425639
1565,3.73392868,0.2217243165,0.3233484626,0.2258799523,0.1701395065,1.581925392,0.1986387521,0.1721672416
1566,3.81299305,0.2249486446,0.3476564586,0.2307671309,0.1723358482,1.594017982,0.2022662014,0.1758175492
1567,3.848704576,0.2285758108,0.3671167195,0.2348131984,0.1750918627,1.605754972,0.2057304382,0.1793416888
1568,3.972143888,0.2279867679,0.3520915508,0.2381654829,0.177833125,1.617815018,0.1930337995,0.1828403473
1569,4.030148029,0.2328821272,0.3633981943,0.2419017106,0.1822474748,1.630237579,0.1966612339,0.1865035146
1570,3.918745041,0.2338270098,0.3466678858,0.2460723966,0.1875738949,1.642252803,0.1860316247,0.1897871643
1571,4.083885193,0.234882012,0.3349004686,0.2492441684,0.1930097193,1.652767777,0.1772254258,0.1922016591
1572,4.197184563,0.236554876,0.3434700072,0.2503762543,0.1982393265,1.661683559,0.1744047552,0.1938450933
1573,4.072482586,0.2370491475,0.3616793454,0.2480029315,0.2011689544,1.669708133,0.1718303561,0.195021078
1574,4.092815876,0.2380562574,0.4490373433,0.244344756,0.2028764486,1.677088261,0.1882122308,0.1963677853
1575,4.070338726,0.236327067,0.5196963549,0.2407490462,0.2037172168,1.682849526,0.1957280636,0.1973317266
1576,4.192984104,0.2337743193,0.6002388,0.2368782163,0.2036406249,1.688236356,0.2039670944,0.1983337402
1577,4.170051098,0.2310419083,0.6871991158,0.2336407155,0.2018042803,1.693540931,0.2129905224,0.1994613409
1578,4.190787792,0.229733184,0.7986953855,0.2322321534,0.2004728168,1.699237466,0.2326446176,0.2009948641
1579,4.240167618,0.2292973846,0.8819981217,0.2318134308,0.1994768828,1.70540905,0.2443803996,0.20281519
1580,4.234346867,0.2302911133,0.9578488469,0.2321135551,0.1987926811,1.712055206,0.2571109235,0.2049338371
1581,4.286764145,0.233082369,1.024797559,0.2336205691,0.1990416497,1.719771028,0.2711139619,0.2075511217
1582,4.333459377,0.2359073311,1.049559832,0.2353446931,0.1999547333,1.728096128,0.2732798159,0.2103941441
1583,4.325987339,0.2398012877,1.063738942,0.237453118,0.2021379471,1.737364173,0.2758449316,0.2135946751
1584,4.308971882,0.2421716899,1.038141251,0.2390898913,0.2032711506,1.746770382,0.2659402192,0.2167044133
1585,4.141851425,0.2471031696,1.031350374,0.2411496192,0.204403162,1.756176949,0.2685053349,0.219829753
1586,4.188898087,0.2477000952,0.9485574365,0.2429646254,0.2046346515,1.765205979,0.2474358678,0.2224617749
1587,4.152576923,0.2486177683,0.8525645137,0.2436571866,0.2050708979,1.774168611,0.2288534492,0.2246911526
1588,4.164190769,0.255069524,0.8032169938,0.2444884181,0.2062565833,1.783793449,0.2312819511,0.2271796018
1589,4.10141325,0.2597863674,0.7217994332,0.245551765,0.2076185942,1.794237137,0.2244199067,0.2298065871
1590,4.128385067,0.2680314779,0.6613015532,0.247101903,0.2095542401,1.80609417,0.2277246714,0.2330411673
1591,4.220553875,0.2767970264,0.5969274044,0.248929739,0.212302804,1.818682075,0.2313521355,0.2366021723
1592,4.256480694,0.2855085135,0.5311667323,0.2519643903,0.2155638933,1.831269622,0.2349795699,0.2401626855
1593,4.263395786,0.2959624231,0.4860293865,0.2554286122,0.2247374207,1.843328834,0.2486416847,0.2436916679
1594,4.423802853,0.303327024,0.440244168,0.2596652806,0.2395336032,1.85467422,0.251791507,0.2469100803
1595,4.168181896,0.3172349036,0.5045756698,0.2663513124,0.2545795441,1.865068793,0.3039924204,0.2506012321
1596,4.263967037,0.3266947865,0.6168294549,0.2733151317,0.2674325705,1.872136593,0.3670714796,0.2540362775
1597,4.368463039,0.3347803652,0.8139132857,0.2817306221,0.2779206932,1.877584457,0.461871177,0.2582874596
1598,4.536596775,0.3338326514,0.9762274623,0.2906633615,0.2904818058,1.884100795,0.5063454509,0.2633432448
1599,4.43705225,0.3284176886,1.150157571,0.2992299795,0.2936759591,1.891566634,0.5313001275,0.2689961195
1600,4.346573353,0.3274573684,1.376407623,0.3097035885,0.2925535738,1.899861693,0.5817296505,0.2755256593
1601,4.472487926,0.3259876966,1.5123353,0.3209006488,0.2925081551,1.908729196,0.5850347877,0.2823714316
1602,4.513055801,0.3278774023,1.628450036,0.3330291212,0.291924566,1.918483615,0.5888292193,0.289653033
1603,4.601737499,0.3326930106,1.717291951,0.3459360898,0.2924626768,1.928846836,0.5929680467,0.2972829044
1604,4.585702419,0.3339457512,1.683968902,0.3574550152,0.294200778,1.939248562,0.5481968522,0.3044086695
1605,4.716653347,0.3383152485,1.668416858,0.368088752,0.2975022793,1.949822068,0.5286741257,0.3113422096
1606,4.724133968,0.3460077345,1.680314064,0.3792715371,0.3009346724,1.960714221,0.5328130126,0.3184557557
1607,4.654550552,0.3508152068,1.629851699,0.3896778524,0.3039834499,1.9714607,0.5137147307,0.3251967132
1608,4.555203438,0.3589680493,1.606004715,0.4008742571,0.3079763055,1.982207179,0.5176795125,0.331962198
1609,4.47026968,0.3673114777,1.569524407,0.4126324952,0.3119710386,1.992953658,0.5216442943,0.3387469053
1610,4.391561985,0.3753626049,1.519995689,0.4255675972,0.3186625242,2.00306797,0.5252717137,0.3452756405
1611,4.427332401,0.3787554204,1.424673676,0.4388575256,0.3248318434,2.012722015,0.5054983497,0.3512164056
1612,4.417648315,0.3815463483,1.326884151,0.4516293705,0.3274918497,2.022222996,0.4861837924,0.3566764295
1613,4.403091431,0.3749167919,1.141147017,0.462277621,0.3298376799,2.031242371,0.4252531826,0.3606525362
1614,4.431475163,0.3603892326,0.8897011876,0.4681769609,0.3298684657,2.039383888,0.3349758089,0.3620710373
1615,4.474844456,0.3647066653,0.8020732403,0.4741909206,0.3299352229,2.047526121,0.3370544612,0.3635043204
1616,4.527450085,0.3680444658,0.7130265236,0.4801956713,0.3299183846,2.055361748,0.3389731944,0.364823848
1617,4.648498058,0.3702948093,0.624314487,0.4855341613,0.3406319618,2.063503981,0.34101367,0.3662836254
1618,4.505463123,0.3762249649,0.5812007785,0.4917092323,0.3596956432,2.071828604,0.3606805503,0.3682797253
1619,4.480936527,0.3830008209,0.5692026615,0.4956593513,0.3857419193,2.080643892,0.3814979792,0.3709356785
1620,4.729798317,0.3854339123,0.5706526041,0.4965997934,0.4087003171,2.089148998,0.3837935925,0.3734565973
1621,4.646975994,0.378839165,0.552298367,0.4925753176,0.4226536453,2.096086264,0.3487796485,0.3744170368
1622,4.654942989,0.3753465712,0.6305518746,0.4879670143,0.4333218336,2.103206635,0.3685086071,0.3759301007
1623,4.646418095,0.3659828603,0.70664078,0.4834963381,0.4336713254,2.110922575,0.3704273701,0.3776824176
1624,4.609516621,0.3509388864,0.6991929412,0.4754491746,0.4280636311,2.117483139,0.3192053735,0.3775634468
1625,4.629620075,0.3387541473,0.7099702358,0.4658952653,0.4150809944,2.123651266,0.2886994481,0.3763742745
1626,4.627545834,0.3292333186,0.7010986209,0.4542951286,0.4003219306,2.129411697,0.260704875,0.374134928
1627,4.662782192,0.322001338,0.6710696816,0.4408591092,0.3842262924,2.135345697,0.2354166508,0.3711026609
1628,4.552459717,0.3173267245,0.6450285912,0.4278422594,0.3744955361,2.141365051,0.2242478728,0.3677627146
1629,4.567989349,0.3128417432,0.6082721949,0.4145852029,0.3658390939,2.147164345,0.2136552185,0.3640126288
1630,4.646999359,0.3058592081,0.5173302293,0.3992376626,0.3571790159,2.152585745,0.1839463264,0.3588592112
1631,4.612757206,0.298635602,0.4275740087,0.3833130598,0.348388046,2.157289505,0.1602606177,0.3522410691
1632,4.553293228,0.2928622961,0.3606905937,0.3663318455,0.3391719759,2.162120581,0.1481283456,0.3450519741
1633,4.461450577,0.2874145508,0.297986567,0.3471926153,0.3261452615,2.166439295,0.1386273354,0.337095499
1634,4.480145931,0.2859708965,0.2618477046,0.3276109397,0.3152017593,2.171397686,0.1391687095,0.3297985494
1635,4.500659943,0.2857813537,0.2256199121,0.3083320558,0.3050383329,2.176681995,0.139775753,0.3230091631
1636,4.524457932,0.2870204747,0.1909893751,0.2891176045,0.2988139093,2.18296504,0.1406019479,0.3169803917
1637,4.552442074,0.2896931171,0.1614539921,0.2723106444,0.2903244495,2.189932108,0.141593039,0.3115620315
1638,4.575227737,0.2934599817,0.1358647197,0.2600671351,0.2835809886,2.197599411,0.142764017,0.3067411482
1639,4.584145069,0.2979861796,0.1164035201,0.2474668771,0.2792304456,2.205621481,0.1440304369,0.3023495376
1640,4.6013937,0.3030970395,0.1049598828,0.2344917655,0.2769637704,2.213643789,0.1452968568,0.2982159555
1641,4.612791538,0.3090131879,0.1021912917,0.22169137,0.2795522511,2.222024441,0.1466624886,0.2944798768
1642,4.615034103,0.315949589,0.1066477597,0.2084777802,0.2857135832,2.230046511,0.1479289085,0.2908197045
1643,4.629028797,0.3228505552,0.1145041361,0.1961172819,0.2938962281,2.235992193,0.1486781985,0.2865532339
1644,4.627020836,0.3280426264,0.121417135,0.1864925474,0.2992048562,2.239380121,0.1489479542,0.2816332281
1645,4.623468399,0.3304871917,0.1251725852,0.1806923002,0.2972483337,2.241578341,0.149067834,0.2766049206
1646,4.628662586,0.3310309947,0.1273952574,0.1749367267,0.2923311889,2.24320507,0.1491353065,0.27166453
1647,4.617748737,0.3297842145,0.1299368441,0.1703009754,0.2862259448,2.242692709,0.1491428018,0.2665263712
1648,4.621237278,0.3274825215,0.132364437,0.1670800894,0.2785338163,2.241930008,0.1491596699,0.2615901828
1649,4.613950253,0.3250123858,0.1349424273,0.1642039269,0.2696434855,2.242191315,0.1491615623,0.2570391297
1650,4.613380432,0.3233811855,0.1383918524,0.1614699513,0.263500005,2.24468112,0.1493132263,0.2531796396
1651,4.619181156,0.322412312,0.1420933157,0.1592233926,0.2592593431,2.249640226,0.1498547643,0.2502130568
1652,4.628818035,0.3216577172,0.1460036933,0.1570408493,0.2556869984,2.255923033,0.1506809592,0.2478391379
1653,4.639771938,0.3208827972,0.1503748745,0.1550243944,0.2532613277,2.262545824,0.1515876353,0.2457173616
1654,4.647387981,0.3198576272,0.1546954662,0.1539632529,0.2509743869,2.269168615,0.1524943113,0.2437199801
1655,4.662767887,0.3186942637,0.1589287072,0.153880626,0.2488190979,2.275791407,0.1534009874,0.2418404967
1656,4.678270817,0.3174777329,0.1630400866,0.1543076634,0.2459855825,2.282414436,0.1543076634,0.2400730103
1657,4.709332943,0.3025146127,0.2803732455,0.1535155624,0.2391516566,2.286498785,0.1316982061,0.2351073474
1658,4.56558609,0.3012982309,0.298814714,0.1525135934,0.234270826,2.290583372,0.1320148557,0.2304376215
1659,4.625814915,0.2972466648,0.3571944237,0.1510543376,0.2288787216,2.294080496,0.1335083097,0.2252598852
1660,4.610104084,0.2977235019,0.380010128,0.1491736025,0.2234444618,2.298609972,0.1338755041,0.220740363
1661,4.573961258,0.2962852418,0.4503997862,0.1466728598,0.2186681777,2.303603888,0.1382550597,0.2161206752
1662,4.549208164,0.3001024425,0.4790122807,0.1438629627,0.2146181315,2.309697628,0.1388620883,0.2122153789
1663,4.573086739,0.3038978875,0.5337442756,0.1406912059,0.2094810158,2.316236258,0.1424769014,0.2085156292
1664,4.697556973,0.3090558946,0.6249866486,0.1370962709,0.2055936307,2.322917938,0.1510304064,0.2046880722
1665,4.726642609,0.318474263,0.665407598,0.1335018426,0.2008387595,2.329599857,0.1517068595,0.2011882514
1666,4.877328396,0.3334349692,0.5117451549,0.1311061233,0.197418943,2.334368944,0.1381231993,0.1989139318
1667,4.932779312,0.3533266485,0.301066488,0.1325333565,0.1968763024,2.337621689,0.1882106066,0.198909983
1668,4.933912754,0.3845739365,0.1404125243,0.1400356591,0.1994565874,2.34073472,0.3785516322,0.2020959854
1669,4.938971996,0.4194100797,0.1228877306,0.1537682861,0.2073313743,2.343218565,0.6545851231,0.2081445307
1670,4.90340662,0.4383530915,0.1683737785,0.1721483022,0.2156302482,2.345947742,0.8322286606,0.2157903463
1671,4.969097614,0.4788815081,0.3088422418,0.1973916292,0.2266281843,2.348428249,1.14748311,0.2260579318
1672,4.930665493,0.4882313013,0.3660351932,0.224098444,0.2384215146,2.351341963,1.187069297,0.2370347232
1673,5.046579838,0.4757698476,0.3295646608,0.2478166223,0.2505642474,2.354398727,1.037342072,0.2474489361
1674,5.067317486,0.4474419057,0.2319294214,0.2659543455,0.2597314417,2.358084917,0.7709738612,0.2556934953
1675,5.100141048,0.4300008118,0.1784683019,0.2809256315,0.2670745552,2.362482309,0.6012978554,0.2621192634
1676,4.9734869,0.4095180035,0.133476615,0.2913460433,0.2719399035,2.366672039,0.4350704253,0.2661064863
1677,5.076051235,0.4053784311,0.1277001649,0.300999999,0.2751631439,2.371269226,0.3944587708,0.2694108188
1678,5.095079422,0.4037877321,0.1265303344,0.3104787171,0.2779958248,2.37594223,0.3755544126,0.2723338306
1679,4.949271679,0.4053651094,0.1296380907,0.3203058541,0.2799470127,2.381163836,0.3764612675,0.2753426135
1680,4.788061142,0.4111622274,0.1388915181,0.3315036595,0.2833455503,2.386860609,0.3973517418,0.2788064778
1681,4.858161449,0.412617296,0.143393293,0.3445616066,0.2847987711,2.392842054,0.3985229433,0.2823131084
1682,4.784436703,0.414249897,0.147661373,0.3584963977,0.2863873541,2.39940238,0.3998887837,0.2859427929
1683,4.730484962,0.4108047783,0.1439245194,0.3724080324,0.2896262705,2.406064034,0.381114006,0.2891887724
1684,4.600319862,0.4066244066,0.1399914622,0.3873228729,0.2915402949,2.413130045,0.3631056845,0.2921347022
1685,4.638580322,0.4022569954,0.1356833577,0.4031757414,0.2943061292,2.420926332,0.3459284604,0.2948898077
1686,4.664666176,0.4026689231,0.1375927925,0.420799166,0.2973779142,2.429687262,0.3479692042,0.2979511321
1687,4.694829941,0.3931907117,0.1274154037,0.437453419,0.299720794,2.438695431,0.3138850033,0.3002824485
1688,4.763690472,0.3934493065,0.1285666972,0.4551719725,0.3033722639,2.44838047,0.3161802888,0.3028577268
1689,4.864018917,0.3980400264,0.1361173093,0.4742865562,0.3066825569,2.458966494,0.3368425369,0.3061774075
1690,4.982176304,0.4056230485,0.1533924341,0.4921413958,0.3147011101,2.468258619,0.3774554431,0.3098247945
1691,4.902259827,0.4232467711,0.2137334496,0.5071408153,0.3240871131,2.475087881,0.488047272,0.3147814274
1692,4.98061657,0.4339459836,0.2910889685,0.5145909786,0.3358585536,2.478921175,0.5892824531,0.3208756149
1693,5.033917904,0.4383315146,0.379611969,0.5137788653,0.3455126286,2.480280638,0.6726647019,0.3283257484
1694,5.077784061,0.4482070506,0.5181031823,0.5108055472,0.3559293747,2.481867075,0.7940228581,0.3376500607
1695,5.095675945,0.46605286,0.7255786061,0.5026368499,0.3702918291,2.482956409,0.9619452953,0.3495765626
1696,5.087661743,0.4634417593,0.8101820946,0.4932694435,0.3819062412,2.484848261,0.9622618556,0.3612719476
1697,5.151462078,0.458981365,0.864982307,0.4879939854,0.392865181,2.487704515,0.9278228879,0.372338444
1698,5.02428484,0.4521411955,0.884559691,0.4904744327,0.4028946459,2.492646933,0.8610399365,0.3825045526
1699,5.117025852,0.4462347925,0.9014670849,0.4978071749,0.4094050825,2.499042988,0.7974855304,0.3919186592
1700,5.012736797,0.4412435293,0.9113001823,0.5103146434,0.4165527523,2.506778479,0.7370796204,0.4006354809
1701,5.059279919,0.4357683659,0.9155538678,0.5227711797,0.4241499603,2.515075207,0.6794188023,0.4084360301
1702,4.980448723,0.4240647852,0.8796131611,0.5330369473,0.4287514985,2.523788214,0.5965955853,0.4147072136
1703,4.97494936,0.4212898314,0.9094698429,0.5426521301,0.4344782531,2.533264875,0.5723252892,0.4206703007
1704,4.955655575,0.4129244983,0.9019680023,0.5498825908,0.4395521581,2.544021368,0.5231935382,0.4259982407
1705,4.842573643,0.4091354907,0.928575933,0.5564658642,0.4443942308,2.555619478,0.5015531182,0.4310997427
1706,4.687936306,0.3833216429,0.8086490035,0.5578821301,0.4448752403,2.56731987,0.3883671761,0.433368057
1707,4.658412457,0.3683552444,0.752902329,0.5577036738,0.4440661669,2.579862833,0.3300610185,0.434327364
1708,4.632526875,0.3447850645,0.6307306886,0.5538730621,0.4377243519,2.592822313,0.2440619469,0.4326619208
1709,4.57170105,0.3291091919,0.5357217193,0.5473750234,0.4266439974,2.606011868,0.1880743057,0.4289503992
1710,4.552359104,0.3177419305,0.436673522,0.5371609926,0.4210608006,2.619403601,0.142834425,0.4232785702
1711,4.508179188,0.3174352646,0.389470309,0.5274007916,0.4148299694,2.633094788,0.125752598,0.4169626534
1712,4.551127434,0.3197410405,0.3436911404,0.5158547759,0.407790184,2.646663666,0.1110772192,0.4098376334
1713,4.583012581,0.327381283,0.3195375204,0.5022570491,0.4018503726,2.659955978,0.1059621796,0.4024429321
1714,4.797326088,0.3342241347,0.2944320738,0.4856202304,0.3932747543,2.668184996,0.09987235069,0.3924849033
1715,4.725122929,0.3506207466,0.3695906401,0.468010217,0.3842830956,2.671976805,0.1338902265,0.3835259378
1716,4.673974991,0.3548955023,0.3656013906,0.450943023,0.3717777729,2.670937538,0.1339202076,0.373685509
1717,4.705049992,0.358079344,0.3585326672,0.4365986586,0.3635329306,2.666732788,0.1345272511,0.3640619814
1718,4.67829895,0.3549684584,0.2729976475,0.419880271,0.3519499302,2.660475492,0.1023268104,0.3524517119
1719,4.616269588,0.3533780873,0.2143324614,0.4034245014,0.335899204,2.651875734,0.08785649389,0.3400276005
1720,4.556671619,0.3499766588,0.1612830162,0.3861605227,0.319986552,2.643162727,0.08002711087,0.3262141943
1721,4.603068829,0.3433220387,0.1272015423,0.3673408926,0.3037341535,2.634710073,0.07913541049,0.3118334711
1722,4.543140411,0.3328646719,0.09928745031,0.3446246088,0.2872223854,2.627661467,0.0804779008,0.2969799936
1723,4.683172226,0.3191653788,0.07923095673,0.3189557195,0.2718001008,2.621865273,0.08437666297,0.2819737196
1724,4.614885807,0.30285725,0.06879732013,0.2923297584,0.2564334571,2.616714954,0.09109599143,0.266929239
1725,4.630378723,0.2857210934,0.06855466217,0.2657997906,0.2404251844,2.612966776,0.09136586636,0.2530882061
1726,4.628974438,0.2673479021,0.07485962659,0.2416849285,0.2247900963,2.609730721,0.100827001,0.2393059283
1727,4.655973911,0.2515372634,0.08525481075,0.2174728364,0.2113974094,2.607426882,0.1009187996,0.2266480178
1728,4.543152809,0.2342572361,0.1137626469,0.1940778941,0.1983519346,2.605725765,0.1132297143,0.2141563892
1729,4.497517109,0.216438368,0.1707609296,0.1712642908,0.1868352741,2.604312181,0.1371176094,0.2014420778
1730,4.441213131,0.2043513805,0.2231677175,0.1531289369,0.1761430949,2.603948832,0.1465401053,0.1896175593
1731,4.362026691,0.193001315,0.3039640188,0.137346074,0.1660020947,2.604700804,0.1675346941,0.178384468
1732,4.492223263,0.1809007674,0.4485683143,0.1247723624,0.1556906104,2.605880499,0.2181314379,0.1669701487
1733,4.395672321,0.1798013896,0.5513020158,0.113878943,0.1465148181,2.608293772,0.2326149195,0.1567559689
1734,4.421092987,0.1834214479,0.6661177278,0.1044217944,0.1383374184,2.611571312,0.2478815466,0.1475977898
1735,4.499565125,0.1938435584,0.7608059049,0.09560211748,0.131530419,2.616140127,0.2481082678,0.1398882717
1736,4.525778294,0.2083884031,0.8599722981,0.08764377981,0.1258614212,2.621587992,0.2484248132,0.1333863288
1737,4.655015469,0.2274831533,0.9277877808,0.08008284122,0.121414721,2.627874613,0.2338197082,0.1281904131
1738,4.714509964,0.2441313863,1.070054173,0.0763803497,0.11557547,2.628671408,0.2487976402,0.1215938255
1739,4.753288746,0.2621124387,1.108331323,0.07644759864,0.1097052097,2.624986887,0.2198119164,0.1150162295
1740,4.813007832,0.2768601477,1.106371045,0.08376473188,0.1047011614,2.617622137,0.1822305471,0.1093678996
1741,4.798633099,0.2874211967,1.101580739,0.09667965025,0.1013150588,2.607150078,0.1522940248,0.1053918675
1742,4.824481487,0.2941597998,1.127719522,0.1092775986,0.09912297875,2.59627986,0.1368381977,0.1026727259
1743,4.789638996,0.297770679,1.115349412,0.1220032945,0.09890756756,2.584326744,0.1185388193,0.10198915
1744,4.75414896,0.2999124825,1.245038509,0.1337470263,0.09873634577,2.572201729,0.1293726861,0.101364933
1745,4.671283245,0.2993341684,1.340618134,0.1431220025,0.09844335169,2.560815811,0.1326778233,0.1006595865
1746,4.723601818,0.2965683639,1.433996201,0.1490586996,0.09764903784,2.551314116,0.134717986,0.09950407594
1747,4.683328629,0.2923994958,1.523712993,0.1522001475,0.09650009871,2.544795275,0.1355441809,0.09804904461
1748,4.776371002,0.2867971957,1.656527638,0.1542899758,0.0953354761,2.5402143,0.1440299451,0.09660357982
1749,4.708797932,0.2797359228,1.795500875,0.1562924534,0.0942903161,2.536511421,0.1531667262,0.09529200196
1750,4.710497379,0.2750052512,1.841660023,0.1571478546,0.09361886978,2.534791708,0.1442620903,0.09440066665
1751,4.533294678,0.271532774,1.881874204,0.1575839669,0.09325642139,2.534444094,0.1360330135,0.09385642409
1752,4.542123795,0.2662250996,1.965782642,0.1575858444,0.09290289879,2.534796238,0.136034891,0.09351564199
1753,4.437282562,0.259098649,2.131029367,0.1571587324,0.09309408069,2.536241293,0.1442958564,0.09342967719
1754,4.331807613,0.2519806921,2.304460049,0.1568083614,0.09362730384,2.53883481,0.1533428431,0.09365612268
1755,4.427999496,0.2495449185,2.437868595,0.15619573,0.09453034401,2.542992353,0.1535696685,0.0943082273
1756,4.411795139,0.2482625246,2.57198596,0.1550283581,0.09595922381,2.548773527,0.1539912671,0.09542045742
1757,4.477866173,0.2481672615,2.716356039,0.1542548686,0.0975427404,2.555388689,0.1545327902,0.09680152684
1758,4.469077587,0.2492002696,2.8624897,0.1539941877,0.09944408387,2.562852859,0.1552090943,0.09845184535
1759,4.406384945,0.2557608783,2.952350378,0.1544890851,0.1016950309,2.57153821,0.1474199146,0.1004000083
1760,4.598890781,0.2520438433,3.239292145,0.1550583839,0.1040309742,2.580386877,0.1662752181,0.1025651693
1761,4.634462357,0.2553343475,3.479608536,0.1558922678,0.1059255004,2.589768171,0.1772167832,0.1049969494
1762,4.591525555,0.2604005635,3.632363081,0.1544906348,0.10612607,2.593603849,0.17740421,0.1060374603
1763,4.577570438,0.2695579827,3.525263548,0.1511006206,0.1056748703,2.59468174,0.1500584185,0.1064940616
1764,4.633892536,0.274379313,3.275243998,0.1452868134,0.1052874103,2.592717648,0.1238012612,0.1066524461
1765,4.60885334,0.2714491785,3.084551573,0.1382888854,0.1052101925,2.589890242,0.1150368229,0.1068336293
1766,4.516515255,0.268481642,2.743718147,0.1300243288,0.1053694263,2.58664012,0.1059554517,0.1070570871
1767,4.541592121,0.2648692131,2.265401363,0.11907693,0.1058141217,2.583637476,0.1135542765,0.107266672
1768,4.559865475,0.2592859268,1.999930024,0.1066259667,0.1062895432,2.58071804,0.1219231486,0.1075008512
1769,4.510348797,0.2574219406,1.799968719,0.09511662275,0.1065711081,2.578834295,0.1271142215,0.107502155
1770,4.466861725,0.2596200705,1.674807906,0.08688801527,0.1068376005,2.577208281,0.1271816492,0.1074912548
1771,4.395813942,0.2632811368,1.613192439,0.08183888346,0.1070929542,2.575824738,0.1221777797,0.1074760929
1772,4.347689152,0.268319279,1.57596004,0.07816185802,0.1071584001,2.574971914,0.1178716719,0.1074168459
1773,4.349393845,0.2674514055,1.631663322,0.07514356822,0.107199885,2.574084997,0.1092851385,0.1074031964
1774,4.334015846,0.2653348148,1.65626061,0.07333043963,0.107233651,2.572881222,0.1072039604,0.1074275598
1775,4.286930561,0.2566371262,1.73123014,0.07232830673,0.1072406992,2.571328402,0.1095224246,0.1074758396
1776,4.207986355,0.2499634475,1.720841765,0.07179076225,0.1072924137,2.569155693,0.1118266359,0.1075555459
1777,4.070738316,0.2444761544,1.665986896,0.07137333602,0.1073525771,2.566982508,0.1119184494,0.1076412722
1778,4.154556274,0.2372341007,1.610467911,0.07125534862,0.1075028181,2.564222574,0.1120702028,0.1077746525
1779,3.944721937,0.2244417667,1.600981593,0.07153271884,0.1076869965,2.561136484,0.1152818203,0.1079333723
1780,4.035351276,0.2062998265,1.64088583,0.0722071752,0.1079262495,2.557388544,0.1238279715,0.1081389189
1781,3.817215681,0.1842552274,1.736064315,0.07286664844,0.1081435308,2.55291152,0.1421337724,0.1083901897
1782,3.940168381,0.1609198898,1.891659141,0.07317578793,0.1085990295,2.547918081,0.1767429858,0.1086861119
1783,3.874718666,0.1485722214,1.97168529,0.07305537909,0.1089942455,2.542501688,0.1987809539,0.1090956032
1784,4.010084629,0.1445965916,1.953752398,0.07317721099,0.1093621254,2.537395239,0.1992025524,0.1096222773
1785,3.886634111,0.1457597464,1.828574777,0.07367762178,0.1095974073,2.533019304,0.1777281314,0.1101965085
1786,3.939467669,0.145618096,1.692617297,0.07405618578,0.1093454435,2.528436661,0.1591319293,0.1107950583
1787,3.996673822,0.1460207999,1.408594131,0.07369139791,0.109198533,2.523836136,0.1244240999,0.1113094315
1788,3.95630765,0.1508385539,0.8617975712,0.07029544562,0.1085551381,2.521667719,0.116643995,0.1109013185
1789,3.992040634,0.1488375515,0.543828249,0.06243936718,0.1076675281,2.519993067,0.1822252721,0.1100674495
1790,3.98636508,0.1317847073,0.5108032823,0.05697814748,0.1082957387,2.515661001,0.154681772,0.1107868254
1791,3.782427788,0.1223492101,0.4772582948,0.05567299202,0.1104804277,2.509434938,0.1346160024,0.112735413
1792,3.696585894,0.119739145,0.4326877594,0.05772152916,0.1139451191,2.501553535,0.1266265959,0.1160165742
1793,3.658028364,0.1220546365,0.3968982995,0.06254820526,0.1188458204,2.492186546,0.1231926903,0.1207577363
1794,3.624035597,0.12767075,0.3848035038,0.06830845028,0.1237154081,2.482051611,0.1223255172,0.1255176067
1795,3.543967247,0.132200107,0.3594982922,0.07253494859,0.1273098141,2.472397804,0.1261321008,0.1289770752
1796,3.587275267,0.1346319765,0.3214360178,0.07508336753,0.129700169,2.463944674,0.1297875494,0.1311810017
1797,3.430424929,0.1357026845,0.2874651849,0.076644063,0.1314216256,2.456777334,0.1334854513,0.1325362176
1798,3.282934189,0.1354949623,0.2589821815,0.0776521191,0.1324438304,2.450648308,0.1375514269,0.1334329993
1799,3.198959589,0.1346762329,0.2223338485,0.0782591626,0.133368969,2.445499182,0.1381584853,0.1340535879
1800,3.174103498,0.1337720305,0.192031756,0.07863023132,0.1339369416,2.441388607,0.138525784,0.1344561428
1801,3.041005135,0.13299568,0.1674470454,0.07894501835,0.1351522356,2.437820435,0.1387956589,0.1347720772
1802,3.006578445,0.1365779489,0.1406056732,0.07936086506,0.1357352883,2.436013699,0.1327761859,0.1347918659
1803,3.010757446,0.1391925663,0.1296880394,0.08020619303,0.1365599483,2.435707331,0.1307896823,0.1346550435
1804,2.940285683,0.1395958066,0.127220571,0.08174488693,0.1371681094,2.436650276,0.1308065653,0.1345136613
1805,2.988988638,0.1400155574,0.1285065114,0.08421120793,0.1377981156,2.438570261,0.1308740824,0.1344113797
1806,2.954609632,0.1404978633,0.1325690895,0.08791386336,0.1380534172,2.44184351,0.1310614944,0.1344127953
1807,2.943009615,0.1410235316,0.138855651,0.09250117093,0.1383640021,2.445816278,0.1313313693,0.1344936043
1808,2.883389235,0.1432411373,0.1523480862,0.09833738953,0.1384153217,2.450809717,0.1306001544,0.1345903426
1809,3.024716616,0.1422321051,0.1571779996,0.1037955508,0.1386297494,2.4558599,0.1321182847,0.134828642
1810,2.942888975,0.1423864663,0.1671327353,0.1059393361,0.1375589073,2.457124233,0.1321482658,0.1347407848
1811,3.007804871,0.1440311819,0.1719801873,0.1062539518,0.1381340176,2.452109575,0.1345035285,0.1353470683
1812,3.015888929,0.1466258615,0.1936257482,0.1103707254,0.1414259076,2.44260788,0.1358408779,0.138606444
1813,2.916010618,0.1446654648,0.2576996982,0.1194759831,0.1493452638,2.431883812,0.1414688379,0.1456540674
1814,2.887374878,0.1508114785,0.2807387412,0.1309940666,0.1591051817,2.420670271,0.149630025,0.1546733528
1815,2.807500124,0.1674092561,0.274887532,0.1478139162,0.1726662368,2.408575773,0.1614492387,0.1673073769
1816,2.771327019,0.1708234996,0.3202899396,0.1618619412,0.1863308698,2.397081852,0.1730129868,0.1803164035
1817,2.713730097,0.1815678626,0.3373521864,0.1745008379,0.1999707222,2.385587692,0.1850043088,0.1932690889
1818,2.681773186,0.1898988485,0.3507837057,0.182917878,0.2108292133,2.374189615,0.19444938,0.2034683675
1819,2.657582045,0.2021949142,0.3297156394,0.1898517758,0.2195456028,2.36259532,0.2042854279,0.2114741802
1820,2.654759169,0.207881853,0.3198929727,0.1952251941,0.2256152779,2.351401567,0.2125573158,0.217489779
1821,2.668177605,0.2097609788,0.3230405748,0.1997972727,0.231489718,2.340617418,0.2176239341,0.2226644158
1822,2.636787653,0.2125819474,0.310184598,0.2041329592,0.2362334877,2.329873323,0.2258268148,0.2273729295
1823,2.538955927,0.2139795572,0.3099215925,0.2084740847,0.2414974719,2.319252729,0.2303254008,0.2318918258
1824,2.48794198,0.2155786902,0.283018291,0.2131392211,0.2473272681,2.308134317,0.244954586,0.236488387
1825,2.386301279,0.2174637318,0.2770766914,0.2178531438,0.252412051,2.297015905,0.2496384829,0.2410974503
1826,2.456537247,0.2178095132,0.2509556711,0.2222564965,0.2579282224,2.285522223,0.2678961754,0.2456395626
1827,2.399331331,0.2198180556,0.2354293913,0.226305604,0.2645721734,2.273703098,0.2808330953,0.2503529489
1828,2.227753401,0.2197602391,0.2109979391,0.2296626121,0.2701773942,2.26116538,0.3149414062,0.2551936209
1829,2.229170561,0.2229371518,0.2015335411,0.2321054488,0.2759050131,2.248237848,0.3433639109,0.2600736916
1830,2.238486052,0.2285896987,0.2021807432,0.2331560701,0.2811227143,2.235080957,0.3748615086,0.2648879588
1831,2.331160069,0.2381020039,0.2101729661,0.2331628054,0.2863152027,2.221901655,0.3941111565,0.2696892917
1832,2.442982674,0.2500394583,0.2194046974,0.2316040397,0.290730685,2.20906949,0.3984277546,0.2743359506
1833,2.464521646,0.2638314068,0.2386711389,0.2300971746,0.296438545,2.196058035,0.4183950722,0.2791436911
1834,2.449079514,0.2754813433,0.2475246191,0.2314346433,0.299786061,2.183964968,0.4061921537,0.2834838927
1835,2.475005865,0.2728787363,0.2216144353,0.2352807969,0.3014142215,2.17338872,0.3283725083,0.2870056629
1836,2.495908976,0.256575197,0.209811151,0.2373187691,0.3012666106,2.164843559,0.2619256377,0.2890084684
1837,2.510556698,0.243433103,0.2187636942,0.2389926463,0.301092416,2.15699482,0.2465020567,0.2904182374
1838,2.498914003,0.2336167544,0.2274729759,0.2389351577,0.3000200093,2.149561167,0.2438681275,0.2914735973
1839,2.49257946,0.203171134,0.2952915728,0.2280692309,0.2981341183,2.145087957,0.2532320321,0.2895435393
1840,2.407450438,0.1975401789,0.3131378591,0.2182296365,0.294793874,2.141974688,0.2578313053,0.2867615521
1841,2.380287409,0.2112976909,0.2721381485,0.2119074911,0.2925712168,2.138442278,0.245869875,0.2849811614
1842,2.439802408,0.2412048131,0.2167066336,0.212733686,0.2924661636,2.133104086,0.2569130659,0.285120815
1843,2.370811224,0.2706089914,0.2115688771,0.2182280272,0.2947810888,2.125513077,0.3153048456,0.2869699895
1844,2.395708323,0.2801933587,0.2348569632,0.2251211852,0.2979447842,2.116818666,0.3632237017,0.2895717025
1845,2.466509104,0.2756528556,0.2521420717,0.2315678746,0.3001523912,2.108008623,0.3784591854,0.2923237681
1846,2.28365469,0.2679244578,0.2636260986,0.2370272726,0.3024632633,2.098974466,0.3803776801,0.2951994836
1847,2.334897995,0.2612372339,0.2755357325,0.2420015484,0.3054710627,2.089719534,0.3824181259,0.2982014716
1848,2.215063095,0.2558051944,0.2885353267,0.2462393492,0.3092109859,2.080247641,0.38458395,0.3013321161
1849,2.140857935,0.2514118254,0.2921826541,0.2496738434,0.3127224743,2.071116209,0.372702837,0.3042458296
1850,2.137313604,0.249156639,0.3074341118,0.2525088191,0.315610677,2.061984777,0.3747433126,0.3071761727
1851,2.11799407,0.2480907887,0.3238176107,0.2548656762,0.3184021711,2.053070307,0.3766617775,0.3100199699
1852,1.93646276,0.2456511259,0.385584861,0.2573440969,0.3218513429,2.043568611,0.4237577021,0.313475877
1853,1.952924371,0.2448404282,0.4652141631,0.2600798309,0.3259860277,2.033459187,0.4778641462,0.3175769746
1854,2.001783609,0.2472036332,0.5644777417,0.2630118132,0.3301243484,2.022725582,0.538916707,0.3223671019
1855,1.992632747,0.2538641393,0.6570935845,0.2661144435,0.3370481431,2.011482477,0.5843910575,0.3277117908
1856,2.035892487,0.2650918365,0.7681865096,0.2695395052,0.3439576626,1.999472618,0.6332910657,0.3337294161
1857,2.035137415,0.2772149146,0.8345991969,0.2727958858,0.3502078056,1.987462401,0.6359965801,0.3398850858
1858,2.09756279,0.2651300728,0.5971114039,0.2738488615,0.3503978252,1.979242682,0.4159027338,0.3426751792
1859,2.058064699,0.2401126027,0.367413044,0.2724556029,0.3451024592,1.97412014,0.2591111362,0.340880543
1860,2.186695099,0.2117410153,0.2717019022,0.2689332664,0.3383146822,1.969897628,0.2361581326,0.3358763456
1861,2.222118139,0.180806756,0.2942383289,0.2603634894,0.32672894,1.96711874,0.3156397343,0.3273869753
1862,2.131509542,0.1615296304,0.329659611,0.249751389,0.3144556582,1.964389443,0.3519597352,0.3191023767
1863,2.158282518,0.1457835436,0.4555169046,0.240033865,0.3040219843,1.962430358,0.4605027437,0.3094476759
1864,2.137001276,0.1477577239,0.4569524527,0.2319864035,0.2960752547,1.960246682,0.4265196323,0.3015455306
1865,2.144733191,0.1592756957,0.4386787415,0.2226503342,0.2902131975,1.957894683,0.3808837831,0.29517591
1866,2.160357714,0.1830200404,0.3372831643,0.212546885,0.2875260115,1.954488754,0.2909232676,0.2916123867
1867,2.198774099,0.2065206766,0.2683527768,0.201432392,0.2862086296,1.950584054,0.2505475581,0.289562583
1868,2.210427999,0.2219807655,0.2401022464,0.1912564635,0.2863798141,1.946771979,0.2437423021,0.2881087065
1869,2.241362095,0.2320490479,0.22259444,0.1830052137,0.2862971723,1.943396568,0.2463447303,0.286981374
1870,2.216457605,0.2369274348,0.2183249444,0.1763263941,0.286675781,1.940641284,0.2488110811,0.2858735323
1871,2.30320096,0.2400081754,0.2089387923,0.1708725691,0.2863258719,1.938286424,0.2556698918,0.2850674093
1872,2.090180159,0.2411072403,0.2051316947,0.166376397,0.2856503129,1.936148047,0.2602650225,0.2844360769
1873,2.062521696,0.2410524338,0.2020888925,0.1631182432,0.2850873768,1.934763908,0.2655384243,0.283914119
1874,1.967523932,0.2386379689,0.1978739649,0.1607365906,0.2854293585,1.933343053,0.2782076895,0.2838053405
1875,1.920136452,0.237164095,0.1975452751,0.1591590196,0.2864420116,1.932183743,0.2856622636,0.2838833332
1876,1.949011207,0.2338877469,0.1997159868,0.1575706303,0.2883673012,1.930994391,0.3027143776,0.2843665183
1877,1.963353515,0.2296696454,0.2118498236,0.1558187455,0.2914666533,1.929460406,0.3337496817,0.2854579687
1878,1.90837276,0.2279978991,0.238906458,0.154066965,0.2941892445,1.927261233,0.3713369071,0.2871474624
1879,1.916608214,0.2310826033,0.2730521858,0.1522984058,0.296264559,1.924702525,0.400113225,0.2892404497
1880,1.926415801,0.2379166037,0.3186344206,0.1504171342,0.2976506054,1.921466708,0.4318954945,0.2917452753
1881,1.920090079,0.248993516,0.3744864762,0.1490229964,0.2994718254,1.916937232,0.4667701423,0.2946830988
1882,1.959078193,0.2534207106,0.3290609419,0.1489482969,0.2985439599,1.912119508,0.3860714436,0.2966885567
1883,1.98618257,0.2429736853,0.241049841,0.1492254585,0.2909384668,1.908429265,0.2703717649,0.2963541448
1884,2.006143808,0.2227886915,0.2522591054,0.1489857286,0.2826783955,1.907509804,0.247896418,0.2922730148
1885,2.067745209,0.2016424686,0.4564275742,0.1488843709,0.2770887315,1.90868628,0.3662527502,0.284319967
1886,2.015548468,0.1868097782,0.5457653999,0.1484797448,0.2717211246,1.909426093,0.39477548,0.2768740356
1887,2.060165167,0.1753368825,0.7953038216,0.1482024342,0.2648720145,1.91040051,0.5172109008,0.2685557902
1888,2.039058685,0.1771551967,0.7173542976,0.1480392367,0.2604778111,1.910233021,0.4261029661,0.2629993558
1889,1.980995774,0.1881772727,0.6062938571,0.1485789716,0.258310318,1.909145951,0.3405542672,0.2595805824
1890,1.975962996,0.2117667645,0.3926672041,0.1507249475,0.25817433,1.90606308,0.2516202033,0.2587238848
1891,2.038028002,0.2287848592,0.2914609909,0.1532352716,0.2588253319,1.901615739,0.2412260026,0.2590348125
1892,2.017241716,0.2402642518,0.2268096209,0.1567838937,0.2604334652,1.895541668,0.2614447176,0.260312885
1893,1.959576488,0.2412820011,0.2028391957,0.1603791565,0.2624972165,1.888604164,0.2824954093,0.2620336115
1894,1.992978454,0.2389148325,0.1866371036,0.1645912826,0.2646680176,1.880768299,0.3107092679,0.2641974986
1895,1.952818036,0.2336091846,0.1803739071,0.1694732904,0.2673057318,1.872001052,0.3461415768,0.2668234706
1896,1.887659431,0.2267996073,0.1928691119,0.1763635278,0.2706230581,1.861793041,0.4192316234,0.2701214254
1897,1.825787544,0.2172644734,0.2193992287,0.1842258424,0.2736512125,1.850564361,0.4737428427,0.2739923
1898,1.786735177,0.2078455687,0.2607095838,0.1928859204,0.2775919735,1.838471413,0.5355200171,0.278413415
1899,1.721507072,0.1996534467,0.3333501816,0.2029453516,0.2827542722,1.825113893,0.627954185,0.2836205065
1900,1.676184058,0.1945171505,0.4339527786,0.2142247558,0.2888253927,1.810435176,0.7331525683,0.2897414565
1901,1.64600265,0.1942703724,0.5410794616,0.2261069417,0.2956953049,1.794984341,0.8215634227,0.2966628969
1902,1.65586412,0.2004054785,0.6711631417,0.2384288162,0.3034831285,1.778743744,0.9171509743,0.3045033514
1903,1.672757745,0.2129484415,0.7938113213,0.2503460646,0.3111918271,1.76279819,0.9859322906,0.3129562438
1904,1.723775864,0.2312449217,0.8963339925,0.2617249191,0.3209349215,1.747151017,1.023549676,0.3220297098
1905,1.709805131,0.252759546,0.9736306071,0.2724252939,0.3304092288,1.732001305,1.02734375,0.3315431774
1906,1.751796246,0.2466480136,0.6660725474,0.2782868445,0.3376785219,1.721633911,0.6714506149,0.3379917145
1907,1.819734931,0.2289856672,0.3558332622,0.2804543674,0.3377507627,1.716802955,0.3540010452,0.3388909996
1908,1.855225921,0.2085326314,0.2124447376,0.2809411585,0.3287077248,1.71630609,0.2168599963,0.3330230415
1909,1.871058106,0.1914907843,0.2737229168,0.2810781002,0.3175115287,1.718257308,0.2600918114,0.3214989901
1910,1.836088181,0.1772521585,0.3576849401,0.2813535929,0.3066032231,1.720476747,0.3100409806,0.3088059723
1911,1.896282792,0.168183282,0.5768513083,0.2820411026,0.2899228334,1.723954082,0.4459222257,0.2932210267
1912,1.872692108,0.16351147,0.5108256936,0.2821724713,0.2784436643,1.726218104,0.3635350764,0.2814172208
1913,1.889968276,0.1673454493,0.4437931478,0.2817226648,0.2699890435,1.727394581,0.2986782491,0.2726964056
1914,1.890156388,0.1809071451,0.2962465584,0.2804760337,0.266788125,1.726329207,0.2226675302,0.268206805
1915,1.879657745,0.1955016404,0.2145522237,0.2798494995,0.2656323016,1.723364711,0.2140821218,0.266438365
1916,1.854646564,0.203882575,0.1826960295,0.2790068388,0.2653740346,1.719091773,0.2327513248,0.2661545277
1917,1.849146485,0.2090332061,0.1672983766,0.2795114815,0.2669903338,1.713416696,0.2701247036,0.2672016919
1918,1.832232833,0.208947584,0.169695124,0.2807781398,0.2689539492,1.706757903,0.3138004541,0.2691635787
1919,1.769193292,0.2046636492,0.1826496124,0.2823540866,0.272829026,1.699167371,0.3550480306,0.2718631923
1920,1.745975375,0.1986805201,0.2165160626,0.2835259736,0.2763642967,1.690704823,0.4202357829,0.2753920853
1921,1.679020762,0.1909324527,0.272079885,0.2858212888,0.2822080851,1.680888653,0.4978508055,0.2799391747
1922,1.640854836,0.182348907,0.3544797003,0.2891160548,0.2884081304,1.670096397,0.5877610445,0.2854156792
1923,1.613635659,0.1749331951,0.489492923,0.2940252125,0.2975332439,1.65745163,0.7172217965,0.2922945619
1924,1.545518517,0.1697219163,0.6744727492,0.3000768125,0.3073848486,1.643779874,0.8656287193,0.3004335165
1925,1.557789326,0.1681255549,0.8812209964,0.3074666858,0.318726033,1.628967404,0.998872757,0.3098847568
1926,1.534920692,0.1712480336,1.098025322,0.3150867224,0.3305551708,1.613395095,1.10799861,0.3205367625
1927,1.5640378,0.1812197417,1.353671074,0.3242146969,0.342970401,1.596531272,1.224735141,0.3326176703
1928,1.561774731,0.1964635849,1.599388123,0.3342648447,0.3575030267,1.57930088,1.307905078,0.3458335698
1929,1.591401458,0.2153594643,1.82509172,0.3454011977,0.3709670305,1.561624885,1.353279114,0.3600255251
1930,1.631353259,0.1996087283,1.419808865,0.3534891605,0.3749096394,1.548532844,0.9138720632,0.370372653
1931,1.726582527,0.1796550602,0.9599511027,0.3599995077,0.3708861768,1.539725304,0.5282379985,0.3750237525
1932,1.691608429,0.1584687829,0.5513547063,0.3647817671,0.3647067547,1.534172893,0.2689283788,0.3729369938
1933,1.711721778,0.1390854716,0.2770859897,0.3663855493,0.3529911041,1.532023907,0.1686757654,0.3628244698
1934,1.7487216,0.1278307736,0.2225814313,0.3678945005,0.3337168992,1.530611157,0.1749635488,0.3507600725
1935,1.743397236,0.1193737015,0.2197196484,0.3679488897,0.3169993162,1.530786872,0.2516446114,0.3336718082
1936,1.745811462,0.1161050424,0.2201427817,0.3683215678,0.3066205084,1.530611634,0.241085574,0.3185472488
1937,1.753116965,0.1189275011,0.2006275207,0.3688606918,0.3024949133,1.529524803,0.2060711831,0.3067624271
1938,1.730587006,0.129950881,0.1707080454,0.3697024882,0.30293715,1.526554585,0.1698591709,0.300132066
1939,1.725287795,0.1510145515,0.2165266871,0.3738974035,0.3053203821,1.520600915,0.2137229443,0.2991401255
1940,1.7459656,0.1675388217,0.3191034496,0.3809450865,0.3081437945,1.512706161,0.302475065,0.3012060225
1941,1.70375061,0.1734467149,0.4074990451,0.3880179822,0.3115511239,1.503755569,0.3660254478,0.3047076762
1942,1.683274627,0.1787379831,0.5463911891,0.396832794,0.3168003559,1.493361115,0.4622694552,0.3099974096
1943,1.660486817,0.1773161888,0.6680337787,0.4062831402,0.3231185973,1.482132554,0.5305933952,0.3163303137
1944,1.613249421,0.1724150181,0.7804923058,0.414511174,0.3290709257,1.47058928,0.5811728835,0.323251456
1945,1.544881821,0.1695030481,0.9764344692,0.4238952696,0.3376340568,1.457601666,0.6889517307,0.3317891955
1946,1.548022628,0.1656205207,1.208840966,0.4338831902,0.3475887775,1.443715096,0.8091086745,0.3416974545
1947,1.467609882,0.1619873196,1.481104851,0.4437053204,0.3623754978,1.428686738,0.9418446422,0.353181839
1948,1.501049042,0.1599043161,1.806580186,0.4530884326,0.3790814877,1.412472248,1.087120295,0.3663594425
1949,1.45919621,0.157683596,2.079976082,0.4602778852,0.3969835937,1.395875573,1.166933298,0.3805277646
1950,1.485733628,0.1594146639,2.392596245,0.4667010307,0.4150792658,1.378430367,1.250305772,0.3959214389
1951,1.462637782,0.1658836752,2.744689941,0.4723688662,0.4346113205,1.360119462,1.337540984,0.4126088619
1952,1.511115074,0.1775943488,3.13906312,0.4784560204,0.4529253244,1.340930343,1.428297043,0.4306557477
1953,1.516747952,0.1946996897,3.569912672,0.4862090647,0.4572942257,1.320845485,1.522991538,0.4501330853
1954,1.597928047,0.1688789278,2.905153513,0.4905261099,0.4506839812,1.305854321,1.003454804,0.4631136358
1955,1.57852602,0.1532173008,2.384848118,0.4970469475,0.4416256845,1.294047952,0.6845607758,0.4704737961
1956,1.625668645,0.1309253126,1.694698691,0.5031036735,0.4256102145,1.285851955,0.373478055,0.4699045122
1957,1.618403435,0.12330129,1.38932085,0.5147280693,0.4195593894,1.278618932,0.2865072191,0.4664565623
1958,1.610122085,0.1123682857,1.05740273,0.5248315334,0.4049268663,1.272919178,0.2043902427,0.4591999352
1959,1.582202554,0.1023213342,0.7461913228,0.5341463685,0.3981991112,1.269555211,0.1468858719,0.447532028
1960,1.557402968,0.1010579169,0.5865359902,0.5422580838,0.3912855685,1.267503381,0.133364737,0.4345365465
1961,1.496767163,0.1124537885,0.5680108666,0.5516169667,0.3924800456,1.265574217,0.1551841646,0.4237927496
1962,1.522990823,0.1210441962,0.5202699304,0.5573168397,0.3927706182,1.264082313,0.1639413834,0.4139275253
1963,1.513547301,0.1323148459,0.5125042796,0.5566564202,0.3903737962,1.262546182,0.1835873723,0.4056316316
1964,1.503084183,0.1455674618,0.5410155654,0.5520691276,0.3885177076,1.260688663,0.2185281664,0.399432987
1965,1.571277499,0.1575843543,0.5826095343,0.5465999842,0.3859116733,1.258490324,0.2600814998,0.3951950073
1966,1.578914046,0.1638284475,0.5787489414,0.5376002789,0.3852406442,1.255999923,0.275526613,0.3917138577
1967,1.555026889,0.1704461575,0.6082758904,0.5274381638,0.3845267296,1.252915502,0.3084935844,0.3895455897
1968,1.510670781,0.1713600159,0.5603466034,0.5149421096,0.3831999004,1.250391483,0.291874975,0.3868043423
1969,1.453353286,0.1732301563,0.5407940745,0.4983963966,0.3832230568,1.24760592,0.2920622826,0.384210825
1970,1.385277867,0.173585102,0.4746335745,0.476873368,0.380818516,1.245407581,0.2606190443,0.3805216253
1971,1.448570371,0.1744800806,0.458547622,0.45120731,0.3796902597,1.243470669,0.2607108355,0.3769096434
1972,1.425202489,0.1746879965,0.445738405,0.4220534861,0.3797147274,1.242341399,0.2607408464,0.3732899129
1973,1.384362578,0.1741876602,0.4612186253,0.3924950361,0.3801781237,1.242340565,0.2762517929,0.3702322543
1974,1.406443954,0.1737179011,0.5348420143,0.363437891,0.3810887635,1.242340684,0.3270305693,0.3689500391
1975,1.425718427,0.173886016,0.5680093765,0.333498925,0.3825567663,1.242033601,0.3454252183,0.3682717085
1976,1.495128036,0.1748417169,0.6078297496,0.3024193645,0.3845543861,1.241723418,0.3645006716,0.3681665659
1977,1.516832829,0.1755745411,0.6254089475,0.268728137,0.3777152598,1.241413236,0.364502579,0.3680644333
1978,1.568675399,0.171447888,0.5495229363,0.2482966632,0.3621718585,1.240819335,0.3093421161,0.3663223088
1979,1.672840714,0.1598757356,0.3899901807,0.2320414037,0.341126442,1.23871088,0.2185852677,0.3616753519
1980,1.659590364,0.1455381662,0.2456283718,0.2217152119,0.3188921213,1.236119866,0.1536431313,0.3543788493
1981,1.616828918,0.1261605322,0.1239238307,0.2091341168,0.3071262836,1.234628439,0.1067735851,0.3429938257
1982,1.612481475,0.1040437445,0.1051025614,0.1967757344,0.2858230174,1.235020757,0.1087699458,0.3266863823
1983,1.599048615,0.08823726326,0.1928819418,0.1866440326,0.2747183144,1.236301899,0.1426011473,0.3077996969
1984,1.629659653,0.07502263039,0.3960058391,0.1775883585,0.2617139518,1.237747192,0.215066731,0.2864869535
1985,1.642754912,0.06908864528,0.7128024101,0.1678327322,0.2502880394,1.239758849,0.323217243,0.2628359199
1986,1.683154106,0.0705960393,0.8380155563,0.1597413272,0.2363697886,1.24182272,0.3059536219,0.241669938
1987,1.737705112,0.07714951038,0.7256391644,0.1516943574,0.226092577,1.244104385,0.1908754855,0.225907281
1988,1.778349519,0.08839160949,0.5777062178,0.143440187,0.2177984118,1.246593118,0.1159579977,0.2151715755
1989,1.738011837,0.1004988626,0.4622905552,0.1351585239,0.2133006006,1.24892962,0.09785282612,0.2084178478
1990,1.70330894,0.1095783189,0.392380923,0.1281390637,0.2114176303,1.250948071,0.1142533645,0.2043842524
1991,1.690842271,0.1143952236,0.3551137447,0.1212899014,0.2127647996,1.252529263,0.1394475251,0.2020433694
1992,1.659271717,0.117796205,0.3148532212,0.1170400605,0.2140089124,1.253071427,0.1759820729,0.2012400627
1993,1.637813687,0.1179918647,0.2953822613,0.1137814298,0.215986535,1.252798796,0.1985590458,0.2011658996
1994,1.700881958,0.1201968789,0.2608554363,0.1138489023,0.2202596664,1.251127124,0.252427429,0.2024655789
1995,1.624255538,0.1231320277,0.2373021692,0.1161950007,0.2259844691,1.248266101,0.3180200756,0.2050712854
1996,1.512224555,0.1278923899,0.2310849577,0.1207597479,0.2323113531,1.244155526,0.3954567015,0.2089573294
1997,1.496860623,0.1339860111,0.2422353029,0.1263988167,0.2397664338,1.239068389,0.4615403116,0.2138114125
1998,1.568163753,0.1454948634,0.2864867747,0.1332077533,0.2478170395,1.232896447,0.5599184036,0.2199737281
1999,1.570557952,0.1572803706,0.3347500563,0.1406890303,0.2557213306,1.226298332,0.6140529513,0.226847589
2000,1.609436035,0.1728782207,0.4044920206,0.1489014477,0.2634476721,1.219263315,0.6712382436,0.2344699055
2001,1.591895461,0.1887782216,0.4738179743,0.1577014923,0.2595225275,1.212429166,0.7014307976,0.242528677
2002,1.684621453,0.1651989967,0.2920896411,0.1605195105,0.2475343943,1.209961057,0.417624861,0.2464576364
2003,1.70099318,0.1222032383,0.1303780526,0.1584752947,0.2266251296,1.213461041,0.1170304939,0.2411424667
2004,1.772983193,0.09950769693,0.4196649492,0.1595214605,0.1994727403,1.221758366,0.1653640866,0.224202171
2005,1.799393177,0.1051622629,1.230205655,0.1728335768,0.1722095758,1.231618643,0.5539798141,0.1974179596
2006,1.820206046,0.1029246226,1.905390143,0.1938344687,0.1424306482,1.241411686,0.7918960452,0.1693064719
2007,1.830583215,0.123216249,3.07198596,0.2290112227,0.11920432,1.251217127,1.237215638,0.1385258585
2008,1.912566781,0.1228008196,3.769497633,0.2674322426,0.09833375365,1.261290193,1.330970883,0.1113951132
2009,1.975345612,0.1240209565,4.355759144,0.3058718145,0.08231982589,1.271920681,1.342079759,0.08885531873
2010,1.931717038,0.09930902719,4.183875561,0.3338846862,0.07114448398,1.28302753,0.9943736196,0.0738792792
2011,1.996135712,0.08236014098,3.929472208,0.3560408056,0.0637293756,1.294621825,0.7010766864,0.06469785422
2012,2.104518175,0.07008445263,3.615052938,0.372438103,0.059705019,1.305815578,0.4620434344,0.05965610221
2013,2.162816048,0.06997504085,3.590517044,0.3868434429,0.05704552308,1.316599846,0.3761968911,0.05661970377
2014,2.0657022,0.07170901448,3.592511892,0.3992688358,0.05553328991,1.327654481,0.3198382258,0.05514760688
2015,2.009602308,0.07721452415,3.698846102,0.4105779231,0.05471265316,1.338585973,0.3053301275,0.05457546189
2016,2.093896389,0.08282906562,3.775033951,0.4208080769,0.05448067188,1.3497051,0.2913559675,0.05486959219
2017,1.95663178,0.09139520675,3.892435789,0.4308428466,0.05479148403,1.361463189,0.2964221239,0.05598118901
2018,2.026896,0.09466268867,3.839660883,0.438829571,0.05569223687,1.373612046,0.2656486928,0.0579457283
2019,2.02480197,0.1036800742,3.885941505,0.4455835521,0.05679716542,1.385760903,0.2707156837,0.06038486585
2020,2.043920994,0.1066663489,3.75626111,0.4510008097,0.05849481747,1.398298621,0.2419612855,0.06346676499
2021,2.033289671,0.1093690395,3.590832472,0.4555037916,0.06053061411,1.410541654,0.2153877169,0.0668066442
2022,2.048601866,0.1092445776,3.331909895,0.4572480023,0.06293525547,1.422998786,0.1777641326,0.07046958059
2023,2.085505247,0.1123810709,3.112396479,0.4578900337,0.06582821161,1.435823083,0.1574237943,0.07441134006
2024,2.078023672,0.1160456538,2.876823187,0.4572486579,0.0692069456,1.449013829,0.1395941824,0.07856144756
2025,2.113160372,0.1222686395,2.689821243,0.4556886852,0.07603315264,1.462388873,0.1338360161,0.0828301385
2026,2.172660589,0.1262260377,2.440588236,0.4582553208,0.08423737437,1.475570798,0.1109446213,0.08690345287
2027,2.225099325,0.1393631697,2.571166754,0.4657481015,0.09406816959,1.488945961,0.143002063,0.09128782898
2028,2.169838667,0.1511936039,2.782900095,0.4687231481,0.1056933179,1.502125263,0.1822674274,0.09586601704
2029,2.345511675,0.1613589525,3.092426062,0.4593113959,0.1136035919,1.515797734,0.2291797847,0.1010001674
2030,2.283170223,0.1674657315,3.323945284,0.443167001,0.1252068728,1.52927196,0.2499409914,0.106291078
2031,2.235467911,0.165273577,3.224519014,0.4093804657,0.1290351301,1.541224957,0.1825466156,0.1105438992
2032,2.286850214,0.1647600979,3.039800406,0.370745182,0.129472509,1.551723957,0.1224570647,0.1134760156
2033,2.342572451,0.1650723666,2.999672174,0.3303022087,0.1267136186,1.562310696,0.1029771939,0.1160315797
2034,2.467797995,0.164310798,2.965727568,0.300966382,0.1225052699,1.573181629,0.09419920295,0.1184226871
2035,2.505507469,0.1621114314,2.925906181,0.279589653,0.1206862703,1.584194183,0.09209463745,0.1207328662
2036,2.600932837,0.1588991135,2.843483925,0.2652101219,0.1208038107,1.59498632,0.09043720365,0.1228042841
2037,2.662847519,0.1552190781,2.739068747,0.2529297173,0.1206313595,1.606285095,0.08950030059,0.1249632314
2038,2.615626574,0.1523634046,2.719842196,0.2427222729,0.1220754758,1.618551612,0.09643473476,0.1277201772
2039,2.772549629,0.1512661874,2.688186407,0.2329438329,0.1240823343,1.630665183,0.1042524278,0.1305567771
2040,2.690287828,0.1524651647,2.649448156,0.223825261,0.1255629659,1.643369079,0.1132462621,0.1338078827
2041,2.622678518,0.1544075012,2.540042877,0.2145252973,0.1272467226,1.656451106,0.1168737188,0.1372305304
2042,2.686574936,0.1583469063,2.41399312,0.2067802399,0.1294843853,1.670688987,0.1210125312,0.1411925554
2043,2.637343168,0.1621714383,2.221685648,0.1985812783,0.1320863217,1.685900569,0.1194669902,0.1454721242
2044,2.679353714,0.1653379202,1.968811989,0.1903843135,0.1355664134,1.701478362,0.1136830747,0.1496261507
2045,2.617306948,0.1702275276,1.716585279,0.1822694391,0.1390049905,1.71742487,0.1104184911,0.1536582261
2046,2.710523605,0.1769800931,1.468121886,0.1750966907,0.1422026604,1.733314633,0.1094680056,0.1573589593
2047,2.874925852,0.1873794347,1.262188196,0.1684436351,0.1452016383,1.748961806,0.1118781939,0.1608015299
2048,3.002856016,0.2007994652,1.094465613,0.1628023535,0.1482349187,1.764608979,0.1160170138,0.164270997
2049,2.981737137,0.2153675407,0.9331746101,0.1583124399,0.1587765217,1.781535506,0.1207009032,0.1684129089
2050,3.135594606,0.232353434,0.8407146335,0.1571920663,0.1683899611,1.798704743,0.1278415024,0.1728447229
2051,3.140626669,0.255366534,0.9170768857,0.1586333364,0.1814469248,1.817254066,0.1638236344,0.1788654923
2052,3.244544268,0.2905678451,1.271847725,0.1667576581,0.1931627989,1.837725997,0.3125117123,0.1875602752
2053,3.297459841,0.3220950067,1.590598226,0.1799633056,0.2078974694,1.859467149,0.4763047695,0.1981929094
2054,3.461519241,0.3445458412,1.805659771,0.1962053031,0.2244227976,1.881753087,0.5831922889,0.2100635916
2055,3.401772738,0.3686544597,2.072673082,0.2181210518,0.2398414612,1.904524207,0.7040224671,0.2233272344
2056,3.511227369,0.3777852356,2.105770826,0.2398427725,0.2515178025,1.927179337,0.6886014342,0.23688519
2057,3.403573751,0.3812182248,2.014320135,0.2587964237,0.2637249529,1.948616385,0.6184678674,0.2495947033
2058,3.514236212,0.3822449744,1.858853698,0.2751075327,0.2738988101,1.969508767,0.5289660096,0.2613434494
2059,3.608818054,0.3757513762,1.553811908,0.2871715128,0.2806392908,1.989303946,0.3885800838,0.2707913518
2060,3.703130007,0.3721392155,1.291111112,0.2961224318,0.2849807143,2.008012056,0.2945817411,0.2779662907
2061,3.632591963,0.3683907688,1.034952164,0.3024085164,0.2886230052,2.025498152,0.2237715125,0.2826675475
2062,3.686990976,0.3669209778,0.8551483154,0.3064799011,0.2892069221,2.041260481,0.1908530742,0.2852232456
2063,3.828163862,0.3648131788,0.6856479645,0.3089357615,0.2908084393,2.05607295,0.1680097431,0.2860682905
2064,3.909403563,0.3648036718,0.5768123269,0.3099491596,0.2902758718,2.069568634,0.1618210822,0.2857156098
2065,3.924184799,0.3618196249,0.4453125298,0.3102416992,0.2900333703,2.082433701,0.1538745761,0.2839207351
2066,3.932921171,0.3623241484,0.365601927,0.309949249,0.2877034247,2.095582962,0.1552822739,0.2818739116
2067,3.950051546,0.3635310233,0.299126476,0.3093836308,0.2847382724,2.108174801,0.1590063721,0.2791960537
2068,3.988581419,0.3660497665,0.2476629615,0.3086852729,0.2805759907,2.120613098,0.16520603,0.276145786
2069,4.067195892,0.370237112,0.2119493932,0.3077947199,0.2743653059,2.13246417,0.1737670898,0.2725613117
2070,4.154519558,0.3781891167,0.1911218911,0.3069556653,0.2698670924,2.144015789,0.1799067855,0.2689317763
2071,4.176323891,0.388351649,0.1845037192,0.3059382737,0.2654183507,2.155264616,0.1865179986,0.2652757764
2072,4.27316618,0.402125746,0.184893325,0.3043811321,0.2621561885,2.166513681,0.1883183271,0.262021929
2073,4.353134632,0.4199834764,0.1752180606,0.3025096357,0.2617687881,2.177531004,0.1816712618,0.2595427036
2074,4.556533337,0.4466886222,0.126746878,0.3021074235,0.2657552958,2.189314604,0.1778799742,0.2594020665
2075,4.566333294,0.4798100889,0.09245506674,0.302988857,0.2724925578,2.202195644,0.2261842936,0.2619383931
2076,4.683063984,0.5004902482,0.08716511726,0.2988535464,0.2818750739,2.215221643,0.269043535,0.2654541731
2077,4.765779972,0.5194976926,0.09451789409,0.2909893692,0.2933315933,2.228348732,0.3243918121,0.2699256837
2078,4.964110851,0.5366911292,0.1211554781,0.2824371755,0.303847909,2.241900682,0.3924516439,0.2755076885
2079,5.01315546,0.5557057261,0.1842597127,0.2730220556,0.3165507019,2.254553556,0.4935146272,0.2819717824
2080,5.0830369,0.5624056458,0.2405971438,0.2659260929,0.329819113,2.266161442,0.5415307879,0.2886512578
2081,5.177193642,0.5561184287,0.2673563957,0.2607323527,0.3352106512,2.27726531,0.5226011276,0.2949977219
2082,5.278031349,0.5478766561,0.2766072452,0.257815361,0.3334846497,2.289042473,0.4830578566,0.3011076152
2083,5.297604084,0.5434085131,0.2736760676,0.2591132522,0.3305190802,2.301512718,0.4462714195,0.3069514036
2084,5.318351746,0.5482916236,0.2890722454,0.2645038664,0.3287743628,2.314341307,0.4504102767,0.3129665554
2085,5.399584293,0.5554909706,0.2937959135,0.2734382451,0.3291539848,2.327533722,0.4547273219,0.319155544
2086,5.478981018,0.5642201304,0.290068835,0.2845033109,0.33162269,2.341093063,0.4592262805,0.3255206048
2087,5.403988361,0.5739139318,0.2806203365,0.2971027195,0.3342567384,2.35502243,0.4639106095,0.3320637941
2088,5.4497962,0.580204308,0.2499622554,0.309815377,0.3385851085,2.369138718,0.4483977854,0.338368386
2089,5.424059391,0.5910477638,0.2320509404,0.323697567,0.3412730396,2.384016037,0.4534648359,0.345020026
2090,5.403748035,0.5975837111,0.1963572949,0.3378052413,0.3435387313,2.398702383,0.4384333193,0.351238519
2091,5.40731287,0.6042795777,0.159487769,0.3520933092,0.3457305133,2.413967848,0.4241241515,0.3573584259
2092,5.409102917,0.6105528474,0.1235330105,0.366859585,0.3485049307,2.429035187,0.4101902544,0.3630127609
2093,5.431842804,0.6119508743,0.08597137779,0.3813565671,0.3497442305,2.444485903,0.3791827261,0.368080169
2094,5.481845856,0.6127807498,0.06069433689,0.3949915171,0.3521387875,2.45951438,0.3502966464,0.3721681833
2095,5.654853344,0.6007039547,0.06233647093,0.4051941931,0.3523851633,2.473821878,0.2823180854,0.3739345372
2096,5.61772871,0.5999004245,0.09815647453,0.414726764,0.3534562588,2.489891291,0.2516777515,0.3754138649
2097,5.756070614,0.6043757796,0.156805411,0.423224926,0.3663519919,2.506320715,0.2359377593,0.3763605356
2098,6.018274784,0.6184809208,0.1987135857,0.4304080904,0.3910809457,2.524508953,0.2410039157,0.3783186376
2099,5.951450348,0.6331709623,0.2260192633,0.4343949258,0.42090711,2.544516325,0.2468795627,0.3813295066
2100,5.990914822,0.6477382779,0.1951067448,0.4372967482,0.4483435154,2.56365037,0.2737728357,0.3847376108
2101,6.071586609,0.6550866961,0.1337205917,0.4397090673,0.4612408876,2.582608938,0.3174874485,0.3892751932
2102,6.112799168,0.6557974815,0.08125876635,0.4408796728,0.4801734686,2.600507498,0.3681319654,0.3944765627
2103,6.207922459,0.64043957,0.05568243563,0.4389241934,0.486260891,2.617777109,0.390247494,0.399772197
2104,6.319653988,0.6247869134,0.04240969941,0.4364086092,0.4903052747,2.634229422,0.4312978685,0.4054817855
2105,6.241298676,0.6046288013,0.05097877979,0.4349555075,0.4828077555,2.650080442,0.4555781782,0.4113162458
2106,6.381553173,0.5907550454,0.07329914719,0.4354992211,0.4762895107,2.666136742,0.4809719622,0.4176566899
2107,6.356917858,0.5791978836,0.09648599476,0.4366613328,0.4695370197,2.681002855,0.4856562614,0.4234473407
2108,6.36062479,0.5729509592,0.1190476939,0.4375611246,0.4694335759,2.695868731,0.4903405905,0.4292291403
2109,6.229347706,0.5686587691,0.142283991,0.438236028,0.4706851542,2.710735321,0.4950249195,0.4350017011
2110,6.497112274,0.5624049306,0.1546015143,0.4378100336,0.4739655554,2.725395203,0.4786315858,0.44022277
2111,6.326286316,0.5593209863,0.1778866202,0.4373165369,0.4772613943,2.740055799,0.4831302166,0.445435375
2112,6.45690155,0.5490525365,0.177316919,0.4354432821,0.4803272188,2.753520012,0.4466137588,0.4491771758
2113,6.422624111,0.5448570251,0.1999243498,0.4334649146,0.4807986915,2.766984224,0.4504081905,0.4529198408
2114,6.343288898,0.5343680978,0.1962752342,0.4305262268,0.4829145968,2.780396223,0.4159286916,0.4556866586
2115,6.336176395,0.5308142304,0.216831103,0.4286417663,0.4827984571,2.794590712,0.4198934734,0.4588230848
2116,6.344239712,0.5140565634,0.1866167784,0.4239740074,0.4805083275,2.808261871,0.3544307053,0.4597986639
2117,6.306711197,0.5053570271,0.1769182682,0.4191036522,0.4758448303,2.821451187,0.3271122873,0.4596401453
2118,6.368527889,0.4985702336,0.1645835638,0.4143438339,0.4716761112,2.834543228,0.3022132516,0.4585514963
2119,6.379941463,0.4991786182,0.1675150394,0.4137617648,0.4677534997,2.847635269,0.305211097,0.4575906992
2120,6.421943665,0.4951617718,0.1525273025,0.4137241542,0.4641031325,2.860214949,0.2822986841,0.4555407763
2121,6.547409058,0.4980214834,0.1518011838,0.4152171612,0.4583474398,2.873198509,0.2851482928,0.4538343251
2122,6.488630295,0.5073714256,0.165405795,0.4185222685,0.4618144333,2.887102365,0.314648509,0.4536646307
2123,6.696271896,0.520868063,0.2104715109,0.4252152443,0.4677151144,2.901986122,0.3802688122,0.4559559822
2124,6.770000935,0.5423802733,0.3318466842,0.4364983737,0.4773908556,2.91762805,0.5219777822,0.4619460106
2125,6.721743107,0.5536487699,0.4476735592,0.449459821,0.4865794182,2.933684111,0.6222192645,0.4700113237
2126,6.845478058,0.5575614572,0.5433325768,0.4621762037,0.4887277782,2.949728012,0.6799376011,0.4790246189
2127,6.884224415,0.5680183768,0.6726600528,0.4771240056,0.4911070764,2.965927124,0.7701691985,0.4895749092
2128,6.988995075,0.574069798,0.7460305095,0.4911700189,0.4978074729,2.981528521,0.8057909012,0.5003791451
2129,7.009372234,0.5817278028,0.8178425431,0.505305469,0.506131053,2.996540785,0.8420647979,0.5114569068
2130,7.028410435,0.5866044164,0.8553649783,0.51869452,0.5155364275,3.010809183,0.847327888,0.5222290158
2131,7.065619946,0.5924119949,0.8904943466,0.5325217843,0.5249320865,3.02507782,0.8525910378,0.5329974294
2132,6.990695953,0.5905143619,0.853608191,0.5442127585,0.53306216,3.038999319,0.7956954837,0.5424879193
2133,7.065130234,0.5927750468,0.8433015943,0.555110395,0.5436385274,3.053111315,0.7706065178,0.5514594316
2134,7.102546215,0.5947163701,0.8326115608,0.5660101771,0.5536983013,3.067414522,0.7460448146,0.5598973632
2135,6.925057888,0.5964115858,0.8218752742,0.5760816932,0.5633879304,3.082291603,0.7222035527,0.5679629445
2136,7.040960789,0.5931398273,0.7784660459,0.5856948495,0.5702914596,3.097167969,0.6709008813,0.5747852921
2137,6.993287563,0.5980543494,0.7950043678,0.5953829885,0.5771668553,3.112044573,0.6757743359,0.5815799832
2138,6.833245754,0.589343667,0.7167518735,0.6035844684,0.580483973,3.12670517,0.60038656,0.5863820314
2139,6.863854885,0.5847247243,0.6635019183,0.6095896363,0.5807973742,3.140942812,0.5544778705,0.5897221565
2140,6.903909683,0.5804362297,0.6045575738,0.6170921922,0.5799193978,3.155137062,0.5109213591,0.5917862058
2141,6.98643446,0.5768530965,0.5413708091,0.6245197654,0.5780524611,3.169676065,0.4698986113,0.5927771926
2142,7.073908329,0.5825303197,0.5241589546,0.6340306401,0.5783020854,3.185026169,0.4742151797,0.5942326784
2143,7.014466763,0.5887162089,0.5054383874,0.6438133717,0.5804290771,3.20078826,0.47871387,0.5959591269
2144,7.131141663,0.5952678323,0.4871241152,0.65560323,0.5828133225,3.216966391,0.4833981693,0.597956419
2145,7.224145889,0.6021530628,0.4692159593,0.6677918434,0.5870537162,3.233563185,0.4882715642,0.6002245545
2146,7.18195343,0.6170499921,0.5017716289,0.6804305911,0.6005136967,3.249777555,0.5399612784,0.6036589742
2147,7.351263523,0.6341716647,0.5779326558,0.6918845177,0.625048697,3.264228582,0.620503664,0.6082471609
2148,7.330784321,0.6512724757,0.7241638303,0.7004162669,0.6450645328,3.277586699,0.7370343804,0.6149728298
2149,7.18995142,0.6591109633,0.8832402825,0.7076467872,0.6596454382,3.289701223,0.833098352,0.62313205
2150,7.149866581,0.6542181373,1.001056194,0.7131051421,0.6742472053,3.300278425,0.868683517,0.6313127875
2151,6.87065649,0.6230645776,0.9475827217,0.7094786763,0.6760061383,3.308474302,0.7447091937,0.6358005404
2152,6.785135269,0.5943947434,0.8849942684,0.700380981,0.670648396,3.314923286,0.63102144,0.6368215084
2153,6.739709377,0.5698056817,0.8104810715,0.6866167188,0.6605476737,3.320804358,0.5282092094,0.6347711682
2154,6.742034435,0.5524144769,0.7556760311,0.6702939868,0.6436879635,3.327580214,0.4588335454,0.6309303641
2155,6.862365723,0.5422416329,0.713421762,0.6519494653,0.6282657385,3.335557222,0.4166290462,0.6262441278
2156,6.950897217,0.5350238681,0.6574341655,0.6343393922,0.6127458215,3.345180273,0.3775353432,0.6209875941
2157,6.983726025,0.5299111605,0.5895228982,0.6161227226,0.6004628539,3.356180906,0.3414534032,0.6151470542
2158,6.995902538,0.5310925245,0.5674125552,0.5992593765,0.5896151662,3.369164228,0.3443030417,0.6104777455
2159,6.968966007,0.533590138,0.5391951203,0.5839948058,0.5833238959,3.383801699,0.3477672637,0.6068385243
2160,6.863035679,0.5337434411,0.4839566052,0.5706244111,0.5737085938,3.399026155,0.3329357803,0.6030290723
2161,6.840947628,0.5415243506,0.4710870683,0.5585588813,0.5694204569,3.416256666,0.3560571969,0.6011282802
2162,6.832548141,0.5468777418,0.4337995052,0.5500004888,0.5658436418,3.434382439,0.3609305918,0.5998738408
2163,6.748243809,0.5491227508,0.3737668693,0.5427901149,0.5622033477,3.453154802,0.3469991684,0.5984640718
2164,6.659275055,0.5440875292,0.2781234086,0.5347792506,0.5567455888,3.471581459,0.2983766794,0.5950685143
2165,6.691642284,0.5338705182,0.1699341387,0.524763763,0.5500386357,3.489989996,0.2272843868,0.5885968804
2166,6.669327259,0.5336667895,0.1115933135,0.5121902823,0.5418906808,3.508455992,0.1942497343,0.5805749297
2167,6.731188297,0.5457355976,0.08896123618,0.4999761581,0.5368062854,3.528874636,0.1991230994,0.574077189
2168,6.811790466,0.5563682914,0.06954840571,0.4865488112,0.5349541306,3.549986124,0.1928625852,0.5677551627
2169,6.70797348,0.5718220472,0.06165482104,0.472492069,0.5411296487,3.571097612,0.1979287416,0.5618887544
2170,6.669271946,0.5997608304,0.06292400509,0.4586183131,0.5525772572,3.591429472,0.2541253567,0.5585646033
2171,6.926078796,0.6549572945,0.1361914277,0.4519456923,0.5621926785,3.608980894,0.4837611616,0.5616721511
2172,7.049646378,0.6984615326,0.2652101517,0.4486458302,0.5750456452,3.620573759,0.7251159549,0.5680562854
2173,6.966967106,0.7150576115,0.3558945358,0.4446181357,0.5889219642,3.626742601,0.8515219688,0.5754610896
2174,6.699552059,0.7086099982,0.3778308332,0.4386719167,0.6039111614,3.629908562,0.8518893719,0.5823364854
2175,6.633879185,0.7050635219,0.4316625595,0.4387918711,0.6143020988,3.631597757,0.885225296,0.5897663832
2176,6.670633316,0.7231585383,0.6048861146,0.4494899809,0.6231517196,3.635895491,1.063142896,0.6007090211
2177,6.661586761,0.7305119038,0.7179842591,0.4669732153,0.6318719387,3.642398834,1.140788913,0.6132113338
2178,6.668752193,0.7259194255,0.7392289042,0.4873896837,0.640447855,3.651703835,1.105034471,0.6255599856
2179,6.557115078,0.6916828752,0.5686671734,0.5015580058,0.6476900578,3.661665916,0.8572602272,0.6330782175
2180,6.568790436,0.6550877094,0.3894650042,0.5089854598,0.6490105987,3.671646833,0.6153433919,0.6347609162
2181,6.521991253,0.6289628148,0.2768566608,0.5125304461,0.6459209919,3.681640625,0.463660121,0.6320878267
2182,6.241411686,0.6111137271,0.2127084583,0.5127291083,0.6400544047,3.691729546,0.3770199716,0.6266642213
2183,6.123121738,0.6004664302,0.1836040467,0.511323452,0.6312878132,3.702049971,0.3386588097,0.6201102138
2184,6.007278442,0.5981703401,0.1821755618,0.5112361312,0.6253199577,3.713964462,0.3409540951,0.6145052314
2185,6.10389328,0.6001244187,0.1954991668,0.5110905766,0.6187106967,3.726151705,0.3633275926,0.6099914908
2186,5.828105927,0.6031060815,0.2100527883,0.51183635,0.6132295728,3.738608599,0.3867389262,0.6065242887
2187,5.919462681,0.6021026969,0.2098264247,0.5134730935,0.6080046296,3.751065493,0.3893040717,0.6032409072
2188,5.926011562,0.6017028689,0.2090647817,0.5178671479,0.6012860537,3.763522387,0.3918691874,0.6001345515
2189,5.875759125,0.6023321748,0.2068641186,0.5265441537,0.5948619246,3.775979042,0.394434303,0.5971984863
2190,5.839811802,0.5986270308,0.18838422,0.5365967155,0.5827769637,3.788167,0.3755091727,0.5936098695
2191,5.884050369,0.5967544913,0.1669433266,0.545817852,0.5737904906,3.800081491,0.3569873571,0.5893864632
2192,5.87232542,0.5960801244,0.1453591883,0.5550290942,0.5660707951,3.811719179,0.3389262259,0.5845487118
2193,5.747690201,0.5917310715,0.1156391725,0.5622341037,0.5604314208,3.822792768,0.3023839593,0.5782998204
2194,5.742156982,0.5890900493,0.0930519402,0.5639202595,0.5534335971,3.83328557,0.2681632042,0.5706856847
2195,5.752630711,0.5961965322,0.08865361661,0.5534216762,0.550059855,3.84377861,0.2698493302,0.5634023547
2196,5.738082886,0.6030541062,0.08631235361,0.5337024927,0.5485169888,3.85427165,0.271535486,0.5564355254
2197,5.618715763,0.6204280257,0.1020588949,0.5136480927,0.5494889617,3.865629196,0.3294863701,0.5521752834
2198,5.585811615,0.6320405602,0.1155571938,0.4971314967,0.5487554669,3.877543688,0.372887522,0.5496956706
2199,5.55087471,0.6387037635,0.1233361438,0.4818725288,0.5505630374,3.889731169,0.397054106,0.548140347
2200,5.527881145,0.6366347671,0.115801625,0.4601044655,0.5499411225,3.90164566,0.3774762154,0.5459138751
2201,5.476633549,0.6305152178,0.1029081717,0.4338163435,0.5478211045,3.913002729,0.3376162946,0.5422435403
2202,5.435689926,0.6239013672,0.09351036698,0.4054129124,0.5425653458,3.923788071,0.3001477122,0.5371680856
2203,5.388113499,0.6136149168,0.0858117938,0.3831034005,0.5351431966,3.933686495,0.2477421761,0.529933393
2204,5.320823193,0.6091918349,0.08689006418,0.3685811758,0.5272400379,3.943282366,0.2325100154,0.5222145915
2205,5.364467621,0.6073184013,0.08959431201,0.3594028056,0.5180408955,3.952877998,0.2338758707,0.5148248672
2206,5.420913219,0.5979490876,0.09442421049,0.3520739079,0.5092759728,3.961856604,0.2035664171,0.5061779618
2207,5.370340347,0.5953019261,0.09906194359,0.3461616337,0.4976861179,3.970835447,0.2047373801,0.497900635
2208,5.320973873,0.5889945626,0.1077333391,0.3393661082,0.4889932573,3.979499102,0.1909518242,0.4891997874
2209,5.402487278,0.5778603554,0.1241543517,0.3298578262,0.4758607447,3.98712039,0.164092496,0.4791861475
2210,5.29095602,0.5676301122,0.1488450468,0.3177666962,0.4653039277,3.995309591,0.1399745792,0.4684965909
2211,5.233791351,0.5668780208,0.1624337286,0.3054617941,0.4497584403,4.005181789,0.1412407905,0.4589061439
2212,5.067033291,0.558734417,0.2004757673,0.2915621698,0.4368086159,4.015250683,0.1200557724,0.4485742152
2213,5.156077862,0.5616762042,0.2245345861,0.2774411738,0.4251808226,4.027093887,0.1217421666,0.4394255579
2214,5.107340336,0.5565834045,0.2801010907,0.2627866566,0.4159387052,4.039160252,0.1034082472,0.4296039045
2215,5.071453571,0.5532622933,0.3473474085,0.2476316243,0.4032311738,4.051453114,0.0877282992,0.4191759527
2216,5.071347237,0.5525341034,0.4303421676,0.2317596674,0.3929567039,4.063970089,0.07471709698,0.4082092345
2217,5.109954357,0.5578753352,0.5043709278,0.2170444727,0.385289222,4.076124668,0.06989502162,0.3971028328
2218,5.091137409,0.5623039603,0.5839121938,0.2033315897,0.3785027564,4.083801746,0.06478599459,0.3843049109
2219,5.137458324,0.5712714791,0.6142638326,0.1907380819,0.3746260405,4.084538937,0.07065009326,0.3706702292
2220,5.086854458,0.5788796544,0.609506011,0.1817907542,0.3671893775,4.078715324,0.08513182402,0.3580688536
2221,4.952503681,0.5763804317,0.6490032077,0.1742506027,0.3579415381,4.068281651,0.08755999804,0.3466718197
2222,4.955599308,0.5756347179,0.661100924,0.1681138873,0.3517819941,4.056544304,0.09882972389,0.3372413218
2223,4.833578587,0.5749000907,0.6390119791,0.1630252004,0.3448314667,4.045315742,0.1195986643,0.3297632635
2224,4.953417301,0.5691053867,0.6326764226,0.1585806161,0.3386512995,4.035014629,0.1319695264,0.3230850697
2225,4.834318161,0.5534955859,0.6902890801,0.1547355503,0.3300745487,4.024850368,0.11607375,0.3153008223
2226,4.971598148,0.5374190211,0.7501910329,0.1502457857,0.3204091489,4.015336514,0.1028544381,0.3064081669
2227,5.015805721,0.5227575302,0.7841725945,0.1459615082,0.3080629706,4.007482052,0.09765326977,0.2970948219
2228,4.924777508,0.5106399655,0.7920731902,0.1408768445,0.2974418104,4.002186298,0.09813276678,0.288145721
2229,5.020644665,0.49264884,0.8542892337,0.1345214695,0.2863323689,3.998033285,0.08809924126,0.2786076665
2230,4.84364748,0.4739605486,0.9232308865,0.1284662336,0.2748301327,3.99446106,0.08097172529,0.2685787082
2231,4.914529324,0.464038223,0.9060357213,0.1219630539,0.263543874,3.991947174,0.08432450891,0.2596807778
2232,4.721105099,0.4478204548,0.9501751065,0.1156689748,0.254376322,3.989059448,0.08120960742,0.2507182062
2233,4.631113529,0.4309099019,0.995685637,0.1100868955,0.2422602922,3.985793352,0.07886969298,0.2417149693
2234,4.606817245,0.4072256088,1.118800521,0.1046789661,0.2303742915,3.981718779,0.07605005056,0.2317296714
2235,4.539425373,0.3846229017,1.263283849,0.09823331982,0.2178155631,3.976805925,0.07992101461,0.2208750397
2236,4.461410522,0.3674990237,1.390227318,0.09240636975,0.2051997334,3.971437454,0.08634480089,0.209762767
2237,4.503406525,0.3524105549,1.53401041,0.08558798581,0.1942249984,3.965599775,0.09582378715,0.1984656453
2238,4.364612103,0.3429652154,1.643033624,0.07936006039,0.1836316586,3.960073471,0.1018441245,0.1875641346
2239,4.473879337,0.3389687538,1.709308028,0.07374119759,0.1738229543,3.954917192,0.1021607742,0.1774672866
2240,4.452681065,0.3368424475,1.771828175,0.06847157329,0.1648501009,3.950895309,0.1023481116,0.1682272702
2241,4.427993298,0.3276906312,1.976938844,0.06330211461,0.1567671597,3.946367264,0.1242766976,0.1585307419
2242,4.429755688,0.3289241791,2.041381598,0.05983055755,0.1496092081,3.939561844,0.1248180792,0.1493023038
2243,4.440587521,0.3293889463,2.097355127,0.05953976512,0.1434529573,3.927963972,0.1266184002,0.140732497
2244,4.611476898,0.330584079,2.092096567,0.06489186734,0.1385874897,3.911468506,0.1229306534,0.134400174
2245,4.501054287,0.3294309676,2.126712561,0.07676540315,0.1349980682,3.89172101,0.1306046695,0.1307162642
2246,4.510575771,0.3270656168,2.150606871,0.09033647925,0.1293754727,3.872359037,0.1378064603,0.1275175661
2247,4.543589592,0.3246575296,2.182406664,0.1047166809,0.1243867949,3.853811264,0.1441088468,0.1244802698
2248,4.511319637,0.3224070072,2.228403091,0.1204258725,0.1212537289,3.834254503,0.1515451521,0.1228595003
2249,4.502106667,0.3196505606,2.179532051,0.1332083642,0.1194935217,3.816140175,0.1414534748,0.1218993589
2250,4.509438515,0.3151284158,2.230616808,0.1431795806,0.1179537773,3.799315453,0.1465196162,0.1206287742
2251,4.386775017,0.3093301952,2.281918287,0.1506909132,0.1161958948,3.784165621,0.1503136605,0.1190140173
2252,4.388888836,0.3026061654,2.334434271,0.1559991986,0.1144031957,3.770597219,0.1531636119,0.1172535941
2253,4.485892773,0.295276314,2.389669657,0.1599734873,0.1131397113,3.75815773,0.1554588974,0.1155567765
2254,4.32327795,0.2906701267,2.333064795,0.1625234485,0.1122933328,3.747140169,0.1420062184,0.1143471375
2255,4.212547779,0.2824272215,2.369808435,0.1641985476,0.1113503203,3.737031221,0.1434752494,0.1132082716
2256,4.146563053,0.2795552015,2.299831629,0.1650995761,0.1109185517,3.728685141,0.1316494048,0.1123711467
2257,4.188627243,0.2675901949,2.371464968,0.1659764796,0.1103125885,3.720577478,0.1386985034,0.1115057766
2258,4.092696667,0.2515140474,2.497982264,0.1670385599,0.1095118821,3.712642431,0.1541015953,0.1105133593
2259,4.070021152,0.2420740873,2.524593592,0.1678647399,0.108781755,3.705391645,0.1547778845,0.1096609011
2260,4.081820488,0.2300149798,2.614820004,0.1685128063,0.1082015038,3.699136019,0.1637727171,0.1088409796
2261,3.944391012,0.2232404202,2.670494795,0.1688236445,0.1079647541,3.694354296,0.1640424728,0.1081846133
2262,3.986630678,0.2178658992,2.735123634,0.1689434499,0.10788133,3.691107512,0.1641623527,0.1077227592
2263,4.096443653,0.2135912031,2.795631409,0.1689734459,0.1080297232,3.689454079,0.164192304,0.1074880138
2264,4.095855236,0.2108144015,2.856529474,0.1689735651,0.1083524227,3.689455032,0.164192304,0.1075146571
2265,4.098752499,0.2149047256,2.79658699,0.1692995578,0.1084344611,3.690289497,0.1475879848,0.1076871678
2266,4.095689297,0.2197048217,2.65527916,0.1696162224,0.1078530326,3.689099073,0.1280823201,0.1077226773
2267,4.031871796,0.2194070071,2.460029364,0.1688837558,0.1077976003,3.683655977,0.1154118776,0.1080021188
2268,4.102186203,0.2126651257,2.281445742,0.1663511693,0.1089625657,3.674387693,0.1116426587,0.1093340889
2269,4.099780083,0.2048309594,2.092083693,0.1618492603,0.1119296029,3.662343979,0.1120728254,0.1123774871
2270,4.167840958,0.1962344646,1.947354198,0.1553138644,0.1148363128,3.650675535,0.1145660505,0.115383476
2271,4.162401199,0.1936769634,1.63253355,0.1460226625,0.1183935106,3.639532089,0.1258441359,0.119116731
2272,4.20823288,0.1897241473,1.353428006,0.133450225,0.1205330491,3.631757736,0.1461879909,0.1211878136
2273,4.233526707,0.1836462468,1.181040406,0.1226635277,0.121852003,3.626072645,0.153299123,0.1223380268
2274,4.280058384,0.175082922,1.138773799,0.1142623648,0.1226477027,3.621595383,0.1367192864,0.1229223534
2275,4.228499889,0.1701808423,1.120285153,0.1078880727,0.1232118532,3.618210554,0.1265887618,0.1231797636
2276,4.144917011,0.1693884581,1.065073133,0.1031828821,0.1236326918,3.615776062,0.1247180924,0.1232919991
2277,4.064806938,0.169160068,1.026946783,0.0996883139,0.1239131913,3.613999128,0.1235447526,0.1233386621
2278,4.189342022,0.1684727669,0.9997422099,0.09776220471,0.1240210161,3.613268614,0.1230721399,0.1233350039
2279,4.101844311,0.1664920449,0.9786336422,0.09640378505,0.1239996031,3.612898588,0.1233212948,0.1233365163
2280,4.03361845,0.1629497856,0.9579328895,0.09581180662,0.1239456236,3.613659143,0.1242978349,0.1233688369
2281,4.015769005,0.1548343748,0.9664005637,0.09516337514,0.1239731908,3.614432573,0.1283949614,0.1234541014
2282,3.997167587,0.151187256,0.9136527181,0.09451334924,0.1241969839,3.617208242,0.1284866929,0.1236778125
2283,3.995537758,0.1409008652,0.9197392464,0.09421929717,0.1246279553,3.620878935,0.1355267614,0.1240917519
2284,3.89362216,0.1366489083,0.8685942292,0.09415978938,0.1252199113,3.625841379,0.1357966214,0.1246754155
2285,3.825851679,0.1264076382,0.8757133484,0.0944596529,0.1261927933,3.6317873,0.145792082,0.1255429834
2286,3.823161125,0.1232692823,0.8287816644,0.09516391158,0.1273245215,3.638641596,0.1462715715,0.1265688986
2287,3.909785032,0.1183026433,0.8125290275,0.09606138617,0.1286456138,3.646021605,0.1525826454,0.1277695447
2288,3.851414442,0.1054156423,0.9550560117,0.09632921219,0.1303552389,3.651859999,0.2022600174,0.1291434169
2289,3.773392916,0.1063355878,0.9939818978,0.09624311328,0.1322757155,3.657317162,0.2246477455,0.1306474954
2290,3.927190065,0.1097647175,1.117877483,0.09665537626,0.1333142668,3.656430006,0.2773469388,0.1314171255
2291,3.871390581,0.1198704541,1.26652801,0.1030745283,0.1342037022,3.646416426,0.3426619768,0.1319269091
2292,4.116695404,0.1254616827,1.156814694,0.115733929,0.1357115507,3.631077051,0.2962677181,0.1337411255
2293,3.961064577,0.1302272826,1.075757146,0.1340302825,0.1388505697,3.613333464,0.2714483738,0.1371199042
2294,3.952227354,0.1286180466,0.9214628339,0.1512777656,0.1433199644,3.595435143,0.2255309671,0.1417059302
2295,3.999998808,0.1292847693,0.831129849,0.1705851108,0.1489819884,3.577526808,0.2097311169,0.1469757408
2296,3.988742828,0.1263256371,0.7150397301,0.1875815988,0.1547496319,3.560865164,0.1871111244,0.1520417035
2297,4.054625034,0.1253337264,0.6315511465,0.2009843439,0.1598173529,3.545653343,0.1761048436,0.156387344
2298,4.026437759,0.1282280087,0.5984227061,0.2103734761,0.1640355438,3.532310724,0.1792546362,0.1595066786
2299,4.025656223,0.1254868954,0.5015141964,0.2145739645,0.1658271849,3.522831202,0.1618168503,0.1609827727
2300,4.110230923,0.1282470375,0.469120115,0.2171295434,0.1666722447,3.515136003,0.1627237052,0.161900416
2301,4.048104763,0.1305195242,0.4368177354,0.2187500596,0.1680309772,3.508383989,0.1634000093,0.1625892967
2302,4.052995205,0.1323145479,0.4079692364,0.2197635621,0.1684838384,3.502279282,0.1639413983,0.1631443053
2303,3.975077868,0.133553341,0.3795658648,0.2203723043,0.1691983938,3.496836424,0.1643628627,0.1635803431
2304,3.846464157,0.1368332654,0.3222447634,0.2204791307,0.1697237045,3.493535757,0.1547664404,0.163503468
2305,3.730477571,0.1380017251,0.2981756926,0.2205466479,0.1701303124,3.491300821,0.1548339576,0.1633293033
2306,3.607808352,0.1366139501,0.2900262177,0.2204905152,0.169810161,3.490533829,0.1594127715,0.1632249206
2307,3.499935389,0.1322677583,0.2964704931,0.2204304934,0.170626089,3.490533829,0.170738861,0.163422823
2308,3.473635912,0.129942283,0.2934434414,0.2202504128,0.1708260328,3.491337538,0.1774969697,0.1637973934
2309,3.435315371,0.1303424835,0.2773632109,0.2203178257,0.1718984842,3.493795395,0.1775643826,0.1642553508
2310,3.403966188,0.1290393323,0.2771368027,0.2202373892,0.1731920689,3.496701479,0.1850802749,0.1649204344
2311,3.502467394,0.1305979341,0.2664705813,0.2203891724,0.1745355278,3.500473738,0.1852320433,0.1656543463
2312,3.434540749,0.1327841282,0.2580130696,0.2216929793,0.1755700856,3.505569696,0.1855018139,0.1665239781
2313,3.455309629,0.1348366588,0.2634221911,0.2229858786,0.1768195629,3.510712385,0.1938090175,0.1675837189
2314,3.519636154,0.1380311698,0.2711089849,0.2222813219,0.1770535707,3.511538267,0.2025475651,0.1683973223
2315,3.540754318,0.141702503,0.2659029663,0.2163083553,0.176952526,3.506890535,0.20281744,0.1692272425
2316,3.639706612,0.1424402148,0.2355533391,0.2077361792,0.1783428937,3.497698545,0.187285617,0.1706769466
2317,3.753444672,0.1441000849,0.220205307,0.198413834,0.1809131503,3.484755754,0.1828745753,0.1737128943
2318,3.660189629,0.145410791,0.2058521509,0.1925964504,0.1837921143,3.470785856,0.1798132658,0.1775122136
2319,3.640467644,0.1480074972,0.1936330944,0.1896876544,0.1892201453,3.45476532,0.1793856472,0.183401987
2320,3.717624664,0.1468396634,0.1760767251,0.1880288273,0.1953684092,3.439702034,0.1738077402,0.1886810064
2321,3.635483503,0.1451986283,0.1638174504,0.1860899329,0.2000408173,3.426370382,0.16939044,0.1925401837
2322,3.728807449,0.143869698,0.1568835527,0.1824495345,0.2021671087,3.415766954,0.1658535898,0.1944183707
2323,3.728604555,0.1485787779,0.1547273546,0.1810958385,0.2026860714,3.407182455,0.1672196835,0.1951972246
2324,3.785934448,0.1530420929,0.15313977,0.1799346358,0.2033819705,3.400561333,0.1679691225,0.1952258945
2325,3.656388998,0.1581114978,0.1514059901,0.1791760474,0.2037864178,3.395399094,0.1712547541,0.1949821264
2326,3.755087852,0.1614510864,0.1500067264,0.1787131578,0.2026741654,3.391490221,0.1751195788,0.1946469098
2327,3.58089757,0.1631663442,0.1489043087,0.178587988,0.2027944773,3.388190031,0.1848090887,0.1945413798
2328,3.579815865,0.1631936431,0.14853625,0.1787360311,0.2030258626,3.385569811,0.1907712966,0.1945349723
2329,3.461400986,0.1635331362,0.1480685323,0.1787847728,0.2041233927,3.384051085,0.1908012778,0.1944629401
2330,3.459481001,0.1624346972,0.1485706419,0.1787754148,0.2053983659,3.382895231,0.1974476725,0.1945576519
2331,3.37774539,0.1631581634,0.1489637792,0.1788372993,0.2061411589,3.382506132,0.1974495202,0.1946384758
2332,3.185549974,0.1623134017,0.1508187056,0.1789254397,0.2070923597,3.382903337,0.2048315257,0.1949157864
2333,3.150719643,0.1601757854,0.1569471806,0.1787888408,0.2079867125,3.383307219,0.2217290998,0.1955801249
2334,3.146989107,0.159908697,0.1679840088,0.1784837693,0.2088261098,3.383719206,0.2414736301,0.1966310292
2335,3.332766771,0.1635674387,0.1777519137,0.1778956056,0.2099068761,3.384553909,0.2524514198,0.1978988647
2336,3.3363657,0.1694359332,0.1898151189,0.1769231409,0.2128009349,3.385821104,0.2641523778,0.1993964463
2337,3.350000381,0.1774125248,0.2058852315,0.175980553,0.2142769694,3.386243105,0.276519388,0.2010241002
2338,3.413336515,0.1836756617,0.1969593614,0.1759769171,0.2151999325,3.383829832,0.252556324,0.2021314502
2339,3.590238571,0.1800447851,0.1661878377,0.1752627343,0.2145335525,3.379063368,0.1979178637,0.2023448944
2340,3.573417425,0.1705915183,0.1573470384,0.1716947109,0.2140765041,3.372367144,0.1724218875,0.2023165673
2341,3.548449516,0.1562681645,0.1669238806,0.1634660363,0.2140648812,3.363690615,0.1653603762,0.2028122693
2342,3.535695791,0.1394420266,0.1974077076,0.1513623446,0.2136906385,3.355332613,0.1758490801,0.2030541152
2343,3.512783051,0.1245835051,0.2522375286,0.1358979344,0.2139116675,3.346565247,0.2043678313,0.203965947
2344,3.604584694,0.1187937632,0.3021624982,0.1218046844,0.2127592713,3.338546753,0.2303969711,0.2044776529
2345,3.565410852,0.1263813823,0.3003276885,0.1119571403,0.2123824805,3.330976486,0.2235029191,0.2047064155
2346,3.585344076,0.1442740709,0.2443566918,0.1078237966,0.2120116502,3.323733091,0.1931691766,0.2048013955
2347,3.562638998,0.1607057303,0.2003968507,0.106401436,0.2116155177,3.317292452,0.1808835864,0.2047497779
2348,3.619494677,0.175027445,0.1686549932,0.1070770398,0.2117709368,3.310967445,0.1900318265,0.2051075101
2349,3.615299225,0.1818977743,0.1640479565,0.1087277755,0.211574614,3.304926157,0.2177861184,0.2058463097
2350,3.698814631,0.1830865294,0.1826626062,0.1114576384,0.2128788233,3.298566103,0.263833493,0.2071436495
2351,3.493066788,0.1784150749,0.2184033841,0.1150568947,0.2139213532,3.291243553,0.31412974,0.2089954615
2352,3.425946951,0.1699481755,0.2486128807,0.1185486317,0.2165842056,3.284138441,0.3439719975,0.2111177444
2353,3.397854567,0.1604333967,0.3176510036,0.1234006211,0.2204584032,3.276019812,0.4121606052,0.2138780504
2354,3.396021128,0.1512275487,0.3757117689,0.1279880702,0.2237944454,3.267748833,0.4511429369,0.2170416117
2355,3.286273718,0.1436886638,0.4451500475,0.1323888451,0.2281469107,3.258948088,0.4931397438,0.2206623554
2356,3.187919617,0.1397899389,0.504698813,0.1361062974,0.2322778702,3.250453711,0.5156804919,0.2246065289
2357,3.09619832,0.1380674392,0.6235403419,0.1399228126,0.2371467352,3.241338015,0.5863224864,0.2292601615
2358,3.169567347,0.1421749741,0.7345741391,0.1437403709,0.2426201105,3.232064009,0.6375240684,0.2345135659
2359,3.187416315,0.1528932601,0.929146111,0.1484410763,0.2491868138,3.22164917,0.748039186,0.2408190966
2360,3.175254107,0.1707302928,1.082712293,0.1528822035,0.255066365,3.210646391,0.8084002137,0.2478701472
2361,3.172473907,0.191281572,1.167302728,0.1574464589,0.260387212,3.198824167,0.8096666336,0.2552441657
2362,3.390436172,0.2034478039,1.086811662,0.1642368287,0.2648660839,3.186616898,0.6947011352,0.2619643211
2363,3.466923475,0.185153842,0.6989951134,0.1701874584,0.2666211128,3.177142859,0.3955450058,0.2653131187
2364,3.511673212,0.1446123719,0.2882530987,0.1697376519,0.2621140182,3.171786547,0.1697680503,0.2623980939
2365,3.500558138,0.110383153,0.1845463961,0.1619133055,0.2526881397,3.16853261,0.2205099016,0.2536812127
2366,3.531839371,0.09045479447,0.2859141529,0.153076306,0.237398684,3.167085886,0.3680162132,0.2416485101
2367,3.646974802,0.0825785473,0.452619642,0.1445616484,0.2232094556,3.165396452,0.5071223378,0.229391858
2368,3.611143827,0.08568773419,0.3764208257,0.1399000138,0.215605244,3.161837816,0.3688258827,0.221723482
2369,3.545222282,0.1004251465,0.3061526716,0.1378996521,0.2133701593,3.156615496,0.2666274309,0.2174090594
2370,3.629083872,0.1245122775,0.2111490369,0.1381305307,0.2137636095,3.149447203,0.1826661378,0.2160235047
2371,3.732512236,0.1426885873,0.177843377,0.1388301998,0.2140153199,3.141672134,0.167985782,0.2156637907
2372,3.674783707,0.1552769393,0.1616709828,0.1391076893,0.2148559839,3.133649588,0.1761654615,0.2159399539
2373,3.705892324,0.1613258272,0.1571153551,0.138822794,0.2160502672,3.125794411,0.1961175203,0.2165939808
2374,3.622868299,0.1617359966,0.1590985209,0.1376111954,0.2175996751,3.117964506,0.2190990001,0.2176128179
2375,3.663235426,0.1582499295,0.1631702781,0.1351394504,0.2191758305,3.111212492,0.23817873,0.2186579108
2376,3.528854132,0.151966989,0.1811647862,0.1333882809,0.2220099717,3.104175329,0.2846210897,0.2203982472
2377,3.527557373,0.1463318467,0.1821268201,0.1296959668,0.2236482352,3.097815275,0.2851624489,0.2220494747
2378,3.526627302,0.1422908306,0.1830753088,0.1256200075,0.2263544798,3.092146873,0.2855840623,0.2236214876
2379,3.52877593,0.1400027126,0.1848363131,0.1211255491,0.2277746648,3.087907791,0.2858107686,0.225075081
2380,3.53271842,0.1396511048,0.1866430044,0.1170052662,0.2303450555,3.084405661,0.2859625518,0.2264823765
2381,3.53989625,0.1413063854,0.1893420964,0.1125536934,0.2316518575,3.082037687,0.2860299647,0.2278490216
2382,3.546716452,0.1449932009,0.192198202,0.1081474945,0.2335581332,3.080837011,0.2860468328,0.2292031497
2383,3.553147554,0.1505876034,0.1956453323,0.1027517021,0.2386464626,3.080836535,0.2860468328,0.230573222
2384,3.565047979,0.1576517224,0.2019798607,0.09779930115,0.2411928177,3.082071304,0.2860636711,0.2319880873
2385,3.581446648,0.1656741649,0.2096932977,0.09295779467,0.2450581342,3.083725691,0.2860936821,0.2334050983
2386,3.588142395,0.1736003608,0.219759658,0.08548545092,0.248800993,3.082131147,0.2861236334,0.2346596718
2387,3.597049713,0.1810094863,0.2335801125,0.08137105405,0.2481080294,3.07543087,0.2867306769,0.2362433225
2388,3.592327118,0.1883034855,0.2483776659,0.09066619724,0.2493789047,3.064073563,0.2887711227,0.2390158325
2389,3.594863176,0.195972845,0.2656745017,0.1179853156,0.2515198886,3.048678637,0.2932697237,0.244006291
2390,3.595505714,0.202829361,0.2822237909,0.1526402235,0.2559749782,3.032218933,0.298733145,0.2499044687
2391,3.585767746,0.2096053362,0.3003587425,0.1962885112,0.2617918253,3.013909578,0.3064076602,0.257889241
2392,3.571777105,0.215616107,0.3178466558,0.2393168956,0.2695122063,2.99481678,0.3153280616,0.2670759857
2393,3.557275772,0.2196618319,0.3337030709,0.2763929665,0.2784819901,2.975872993,0.3239919841,0.2760480642
2394,3.541565895,0.220511198,0.3480498791,0.3022031486,0.2833568156,2.958258867,0.3307371438,0.2832326591
2395,3.523099899,0.2189640552,0.3576470912,0.3194100559,0.2889822721,2.942213297,0.3358037174,0.2888590097
2396,3.504236221,0.2154678106,0.3657876551,0.3305394948,0.2932782173,2.927976847,0.3394311666,0.2931561768
2397,3.490297556,0.210795328,0.3728116453,0.3376574516,0.2965996265,2.91552043,0.3419962823,0.2964791954
2398,3.47645092,0.2055986971,0.3789888918,0.3421779573,0.2992244661,2.90473485,0.3437968791,0.2991057932
2399,3.469250679,0.2005055696,0.3847658336,0.3452656567,0.299895525,2.894836664,0.3452656567,0.3014276326
2400,3.475127459,0.1958548576,0.3878335655,0.3465323448,0.3020533919,2.885547638,0.3465323448,0.3035600483
2401,3.350546837,0.192621097,0.372433275,0.3472014666,0.3045026064,2.877287149,0.3323584497,0.3051391542
2402,3.276936293,0.1860766411,0.4318102896,0.3487547338,0.3087077141,2.868768454,0.3812955618,0.307618469
2403,3.16140008,0.177753076,0.5297929645,0.3514763117,0.3133983612,2.859228849,0.4567911625,0.3114387691
2404,3.324760437,0.1734571904,0.5985167027,0.3545511663,0.3179406226,2.848823547,0.4998932779,0.3159940541
2405,3.333382368,0.1702287942,0.7353184819,0.3585554659,0.3249126971,2.836644411,0.5941154361,0.3220419586
2406,3.189663172,0.1743903905,0.8344099522,0.3625889122,0.331753999,2.823556662,0.6468570828,0.3288809657
2407,3.311769485,0.1845995039,0.9455752373,0.3665632308,0.3394289017,2.809542894,0.703098774,0.336548537
2408,3.294636965,0.2017439157,1.069484115,0.3703476191,0.3490666449,2.794258833,0.7627652287,0.3451549709
2409,3.356178999,0.2216614485,1.12914753,0.3741411865,0.3589229584,2.7786448,0.7656148076,0.3539441824
2410,3.464246988,0.2187432647,0.8587061763,0.3776318133,0.3640625775,2.766174555,0.5311430097,0.3591389358
2411,3.590886354,0.1834349483,0.4079360068,0.3754810095,0.3586528003,2.759478569,0.2314714193,0.3560338318
2412,3.732215881,0.1360870898,0.1717705131,0.3605258465,0.3432486057,2.75834918,0.179236576,0.3418187797
2413,3.684832335,0.09812170267,0.2951191366,0.3282768726,0.3195056617,2.759751081,0.3952821791,0.3191596568
2414,3.627826691,0.07108064741,0.4915589392,0.2898971438,0.2944970429,2.760972977,0.566368103,0.2950682044
2415,3.646542549,0.05678109452,0.59059304,0.2412424833,0.2728051841,2.760248184,0.5910080075,0.2749317586
2416,3.633844376,0.05840167403,0.5943138003,0.1929955333,0.255823493,2.758436918,0.5195128918,0.2592177689
2417,3.648855925,0.0736271143,0.5693446398,0.1507984549,0.24302046,2.7556355,0.4345451891,0.247447446
2418,3.726629496,0.09776454419,0.4931224287,0.1197040901,0.2350534648,2.751970053,0.3289948404,0.2390857935
2419,3.670369387,0.1254146993,0.3777136505,0.09915342182,0.2307410687,2.74663353,0.2293921709,0.2344763428
2420,3.759951353,0.1504945308,0.2665964663,0.08625036478,0.229942739,2.739477873,0.1735203117,0.2328832746
2421,3.833614588,0.1658498198,0.2157233357,0.0782763958,0.2307247669,2.731042624,0.1701809615,0.2329588681
2422,3.632753134,0.1729220748,0.1919672638,0.07330211997,0.2328990698,2.721911192,0.1835839301,0.2338797301
2423,3.641611338,0.1747968942,0.1836859137,0.07006662339,0.2347771078,2.712532043,0.1958708614,0.2351356149
2424,3.554276228,0.1758187562,0.1860989779,0.06797003746,0.2357857972,2.703605652,0.1976714581,0.2361345738
2425,3.542808533,0.1769052744,0.1885085106,0.06701614708,0.2371549457,2.695146561,0.1992471665,0.2368937731
2426,3.511099577,0.175921604,0.1846423,0.0661707744,0.238094762,2.686579466,0.2073660046,0.2378402501
2427,3.483562231,0.1746618599,0.1808088273,0.06489941478,0.2398273945,2.67790246,0.2163292617,0.2389689237
2428,3.526967287,0.1736777872,0.1768677682,0.0638499558,0.2422384769,2.669368029,0.2259961963,0.2401628643
2429,3.465626717,0.173586309,0.1728365421,0.06233761832,0.244722411,2.660987139,0.2363828272,0.2414319068
2430,3.502366781,0.1726912856,0.1677239537,0.06112556159,0.2471500188,2.651875734,0.2584063113,0.2432678342
2431,3.451912642,0.176795125,0.1664639115,0.06017151102,0.2497655898,2.642656088,0.2713699043,0.2452822328
2432,3.559241533,0.1814854145,0.1719842702,0.05939213559,0.2532576621,2.632301569,0.3121497929,0.2481375188
2433,3.532859802,0.1925246119,0.1839088649,0.05826127529,0.2550942004,2.621708155,0.3437695503,0.2513656616
2434,3.557424545,0.2005801648,0.1651230603,0.05677710846,0.2522421479,2.613942623,0.2635912597,0.2526637316
2435,3.715954542,0.194818154,0.2223259211,0.05644156411,0.2458168268,2.610692024,0.1736273319,0.2494695634
2436,3.718857527,0.1830288321,0.580579102,0.05824193358,0.2334323972,2.611963034,0.2760475576,0.239730522
2437,3.826564074,0.1733701825,1.158296108,0.06064956263,0.2175266296,2.614732265,0.5409477353,0.2256256342
2438,3.771978378,0.1539578289,1.223918438,0.06049191952,0.2054918259,2.615546465,0.496245265,0.2148163915
2439,3.755968094,0.1462084055,1.214509606,0.06095862389,0.1977921724,2.614929438,0.4153729379,0.2071540356
2440,3.70507431,0.1445052922,1.60409224,0.06084808335,0.1910835952,2.615523338,0.5182694793,0.1987073421
2441,3.717752457,0.1533023268,1.649977207,0.06060065702,0.1874019504,2.615523338,0.4543849528,0.1923605949
2442,3.734651566,0.1677615196,1.527001977,0.06047325954,0.1853998452,2.614648819,0.3459888399,0.1882748604
2443,3.769027948,0.1825542599,1.334892392,0.06035344675,0.1850817949,2.612749577,0.2525263429,0.1860058755
2444,3.682919264,0.1920625716,1.164505959,0.05976484343,0.1851145774,2.610671282,0.2006779909,0.184609428
2445,3.664739609,0.1945943683,1.054367781,0.05894045904,0.1855471581,2.608473063,0.1806487441,0.1837240458
2446,3.633490801,0.1924201101,1.000025392,0.05812169611,0.1857199222,2.607033491,0.1749988198,0.1829241067
2447,3.6019032,0.1864006966,0.8992423415,0.05750157312,0.1855846643,2.60612464,0.171923995,0.182389617
2448,3.534067392,0.1772629172,0.7941378951,0.05740402639,0.1863459796,2.60549283,0.1753504425,0.1821601987
2449,3.544538736,0.1682874113,0.7111198306,0.05752389506,0.1867757589,2.604845524,0.1812503934,0.1821427792
2450,3.589473009,0.1568886191,0.5999934077,0.05768688396,0.1875846386,2.603846788,0.1955191493,0.1824338883
2451,3.394943237,0.148881495,0.5161594748,0.05784614757,0.1883560568,2.603502989,0.2086457461,0.1829466373
2452,3.504942179,0.1376122981,0.3987491131,0.05777871981,0.190303877,2.602789164,0.2435302585,0.183889389
2453,3.496062517,0.130407989,0.299181819,0.0574711673,0.1925617456,2.602045774,0.2899755239,0.1853206605
2454,3.504290342,0.1294233203,0.2249058634,0.05721830949,0.1962259561,2.600889921,0.3479743898,0.1872603148
2455,3.408903122,0.1363693923,0.1815820485,0.05697831139,0.1999316216,2.599295616,0.417545706,0.1897771955
2456,3.545132637,0.1526698768,0.1781473905,0.05727082118,0.2035660595,2.596837759,0.4987286031,0.1928977519
2457,3.644234419,0.175757125,0.1897435784,0.05770728365,0.2056007832,2.59477973,0.4987753928,0.1963002235
2458,3.63202548,0.1908336431,0.1652641296,0.05793406069,0.2021611929,2.592871904,0.3477757275,0.1985532641
2459,3.694576979,0.1927591115,0.1989934891,0.05760833248,0.1938068867,2.59156251,0.18846865,0.1982907504
2460,3.734049559,0.1892693043,0.4096058309,0.05573675036,0.1852180511,2.59074378,0.1907820255,0.1955072135
2461,3.806248426,0.183798492,0.8366404176,0.05309315398,0.1792281419,2.590082407,0.3388668597,0.1908559948
2462,3.686592102,0.1745879501,0.9583175778,0.05282340944,0.1767281443,2.587639093,0.3391366005,0.1880522817
2463,3.71893692,0.1687084287,1.356176019,0.05284768716,0.1773079783,2.585308313,0.4457070827,0.1854788512
2464,3.672368288,0.1766625792,1.142663598,0.05644746125,0.1800489873,2.580545187,0.2976133525,0.1860557795
2465,3.658623934,0.1913813353,0.9871364236,0.06257111579,0.1839617044,2.574323416,0.2241525203,0.1877987832
2466,3.632991076,0.2092169523,0.7793112397,0.06975145638,0.1872503757,2.566847324,0.1842495352,0.1898409724
2467,3.570910454,0.2206436992,0.6057191491,0.07706686109,0.1902012676,2.558532,0.1881918311,0.1917754561
2468,3.486938477,0.2178564519,0.5107059479,0.08301067352,0.1927619427,2.550173998,0.2073449641,0.1934533864
2469,3.430399895,0.2070662528,0.4367549419,0.08795908093,0.1951136142,2.541714907,0.2299050689,0.1950670034
2470,3.433491945,0.1928265095,0.3482882082,0.09271896631,0.1973850876,2.532821655,0.2699533403,0.1967789382
2471,3.312932968,0.1729551554,0.298717767,0.09662389755,0.2003003806,2.524506569,0.2950295508,0.1984359622
2472,3.219774961,0.1523302943,0.232048288,0.1009211168,0.2023835629,2.515516996,0.3529893458,0.2004214972
2473,3.255804777,0.131900385,0.1990631968,0.1050895676,0.2047374099,2.50632596,0.3871333599,0.2026731968
2474,3.204425097,0.1111683622,0.17160438,0.1105091348,0.2077098638,2.496020317,0.4838195145,0.205515787
2475,3.170589685,0.09414798021,0.1789503247,0.1163841188,0.2112852335,2.485597372,0.5747807026,0.208947897
2476,3.06636548,0.0835179165,0.2102827579,0.1225014552,0.215525195,2.475869179,0.6509717107,0.2130426168
2477,3.095820427,0.07972366363,0.2809883654,0.1294436455,0.2207086533,2.465765715,0.7625833154,0.2180696279
2478,3.003159523,0.08672711998,0.3533543646,0.1363024414,0.2267220467,2.456212759,0.823230207,0.2239325643
2479,3.048947573,0.1034753323,0.4465897083,0.1428854018,0.2336529344,2.447253466,0.8869025707,0.230719015
2480,3.090715408,0.1301109791,0.5614449382,0.1493771523,0.2414944619,2.438138008,0.9534645081,0.2384200096
2481,3.074168205,0.16412507,0.6697691083,0.1564673334,0.2500240505,2.428546667,0.9884732366,0.2468180805
2482,3.215088844,0.1783512384,0.4866807759,0.1617099047,0.2564510405,2.419779539,0.6803043485,0.2531859577
2483,3.256532907,0.1714357883,0.2213954479,0.1640032679,0.2580419481,2.413686037,0.304474324,0.2548308372
2484,3.33337903,0.1587000042,0.1630127281,0.1643292755,0.2534846961,2.410388231,0.1585263461,0.2504411638
2485,3.407888412,0.1467375904,0.2715668678,0.1646965146,0.2461829931,2.407222033,0.2087556869,0.2433584481
2486,3.382791281,0.1339736134,0.4182619154,0.1648015827,0.2368141413,2.405185699,0.2993358076,0.2342388034
2487,3.309108734,0.125945583,0.5281408429,0.1655233949,0.2287389487,2.402200937,0.3621565402,0.22640948
2488,3.294166565,0.1255975366,0.5527624488,0.1633512825,0.2220616341,2.398937225,0.3628714085,0.2199590355
2489,3.289435148,0.1332503855,0.5008165836,0.1586315483,0.2167984396,2.395459414,0.3161180913,0.2148929387
2490,3.236860275,0.148191914,0.3472138941,0.1532814503,0.2134940177,2.391412735,0.2226202637,0.2117356211
2491,3.212680817,0.1657718718,0.2096018046,0.1490381211,0.2121939659,2.386441231,0.1710937768,0.21052818
2492,3.329828262,0.174054563,0.1624196023,0.1461927444,0.2118936628,2.381019831,0.1754580736,0.210289374
2493,3.168645859,0.1735202521,0.1510840505,0.1436259151,0.2119026631,2.375870705,0.1878182888,0.2103460282
2494,3.114078522,0.1686516553,0.1512317508,0.1403633505,0.2120976895,2.371112823,0.199864462,0.2105801851
2495,3.051828623,0.1610408425,0.1598021537,0.1374253929,0.2125154585,2.36679244,0.2147967815,0.2110295743
2496,3.063959122,0.1485439986,0.1917946488,0.1341529042,0.2130638212,2.362865448,0.2530171573,0.2120920867
2497,3.050465822,0.1344075352,0.2377385497,0.1311718374,0.2161839455,2.359121561,0.289396733,0.2136815637
2498,2.887076378,0.1152748838,0.3392356634,0.1276352257,0.2209179401,2.354834557,0.3645601273,0.2162420601
2499,2.958756208,0.09844527394,0.4706533253,0.1238288879,0.2255195975,2.350366831,0.4378663599,0.2196409851
2500,2.894047499,0.08639279753,0.6199650764,0.1199314073,0.2321448326,2.345764399,0.5005798936,0.2237510532
2501,2.823209524,0.07698994875,0.8447843194,0.1157507673,0.2386994362,2.340608358,0.5944394469,0.2288402319
2502,2.904374123,0.07760885358,1.052285671,0.1115704551,0.2460004836,2.33535552,0.6458828449,0.2345672101
2503,2.940801382,0.08488520235,1.298015237,0.1073728427,0.2541338801,2.330393076,0.7003753781,0.2410251647
2504,2.979015589,0.0989594236,1.633115172,0.1035714224,0.2618565857,2.324896812,0.7874345183,0.2484489679
2505,2.642341614,0.1203588769,1.916393876,0.09969121963,0.2629702985,2.318553686,0.8183037639,0.2563064396
2506,2.630219698,0.1337974221,1.676824927,0.09724196792,0.2545922995,2.311303139,0.5706321597,0.261734724
2507,2.655259848,0.1351614743,1.181964636,0.09760915488,0.2406300306,2.303627729,0.3003456295,0.2635577023
2508,2.788422823,0.1279653758,0.676173687,0.09940049052,0.2278689891,2.296561718,0.162900418,0.261720866
2509,2.865574837,0.1167334318,0.3527104855,0.100944303,0.2204991728,2.290789843,0.2000578642,0.256911546
2510,2.871399879,0.1031789109,0.2639253736,0.1031045318,0.2178883106,2.285368204,0.260948211,0.2520873547
2511,2.863963127,0.09817979485,0.2852570117,0.1041945592,0.2168571204,2.281374931,0.4570048153,0.2460953146
2512,2.842130661,0.09941023588,0.3031658232,0.1054552421,0.2178757042,2.277098894,0.4396016598,0.2422749549
2513,2.819289207,0.1119493321,0.2802658379,0.1073276773,0.2214519978,2.271951675,0.3541491032,0.2408876419
2514,2.817955017,0.1345849186,0.2261331081,0.1095876396,0.2271716148,2.265287399,0.2448803037,0.2415757775
2515,2.849679947,0.1588684767,0.2025762796,0.1109541431,0.2340976,2.257256031,0.1984975785,0.2435094565
2516,2.795821428,0.1779569983,0.2089647055,0.1125666574,0.2398224324,2.248230696,0.197080031,0.2459548861
2517,2.786286592,0.1885066479,0.2423313856,0.1151630357,0.244683668,2.238586426,0.225028798,0.2486359626
2518,2.781350136,0.1902480721,0.2970362902,0.1187554076,0.2488390207,2.228378534,0.2692265213,0.2516874075
2519,2.693883181,0.1844201535,0.3640525341,0.1224290952,0.2518785298,2.218431234,0.3181022704,0.2547259331
2520,2.631254673,0.1738205701,0.433137536,0.1255143881,0.2551427782,2.208558798,0.3630275726,0.2580024302
2521,2.625306129,0.1602758616,0.5179200172,0.1285350174,0.259414047,2.198565006,0.4147140086,0.2616988122
2522,2.626013994,0.146984145,0.5962910056,0.1303355843,0.2640440762,2.188592911,0.4535195529,0.2657239735
2523,2.560511351,0.134754613,0.6885645986,0.1316919327,0.2693532705,2.177592516,0.4958012104,0.2703981996
2524,2.585110903,0.1227077246,0.8268690109,0.1331564486,0.275431186,2.165939331,0.5640765429,0.2758032382
2525,2.466607809,0.1163371801,0.9550714493,0.133472994,0.2827061117,2.154581785,0.6138920784,0.2816290259
2526,2.438221931,0.1149941683,1.103909612,0.1336687058,0.2898618281,2.1432693,0.6667643189,0.2880040407
2527,2.263238907,0.1198204532,1.272929907,0.1338934749,0.2993355989,2.131716013,0.7227552533,0.2950314581
2528,2.290780067,0.131506145,1.469793797,0.1335252672,0.3088327944,2.119924784,0.7817974091,0.3027637899
2529,2.271844387,0.1483459026,1.553466678,0.1322164983,0.3113069832,2.108252525,0.7546751499,0.3104301393
2530,2.290077686,0.1584246606,1.268893719,0.131731227,0.3045825064,2.096863031,0.5266320109,0.3159206212
2531,2.263169527,0.1577142626,0.8407702446,0.1329247653,0.2917025387,2.085978985,0.298242569,0.3186817169
2532,2.309858799,0.149229303,0.5058584809,0.1365314126,0.2818664014,2.07614398,0.1947421581,0.3196731508
2533,2.22522831,0.1325612664,0.2721042633,0.1396119446,0.2821232378,2.069164991,0.2009299994,0.3163429499
2534,2.216338873,0.1191361919,0.2355486006,0.1436856538,0.2846944034,2.062807798,0.2487118691,0.313865155
2535,2.227979422,0.1090931296,0.3159084618,0.1481931955,0.2798447311,2.058249712,0.3812423944,0.3101556301
2536,2.211616516,0.1118581966,0.3807768524,0.1509402245,0.2788927257,2.05400157,0.4008203745,0.3047437072
2537,2.212644815,0.1282804161,0.3755106032,0.1532567441,0.280928582,2.049153328,0.3423409164,0.3010456264
2538,2.193229675,0.1591143161,0.2918140888,0.1565339714,0.2867808342,2.042488337,0.2516125739,0.3013745248
2539,2.182639837,0.1952118725,0.2203278989,0.1619973928,0.2948431075,2.033515692,0.2217775732,0.3050968051
2540,2.146890879,0.2233563513,0.1950984448,0.168620348,0.3030543029,2.022656202,0.2530467212,0.3104839027
2541,2.131276131,0.2421368957,0.2020867914,0.1769558191,0.3116875589,2.009797812,0.3215723336,0.3177169859
2542,2.128208876,0.2487469465,0.2272729129,0.1857852936,0.3219414651,1.995565414,0.3957786262,0.3258685172
2543,2.043412447,0.2453866154,0.2446611673,0.1939470321,0.3329678476,1.980641365,0.4360370636,0.3346945345
2544,1.987501502,0.2399073243,0.279746294,0.2023577243,0.343921423,1.964864135,0.4987628758,0.34411183
2545,1.913638473,0.2318824083,0.313700825,0.2100034803,0.3559002876,1.948702812,0.5472959876,0.353654027
2546,1.879723907,0.2232385129,0.3573285043,0.2169370204,0.3669754267,1.932451129,0.5983807445,0.3630043566
2547,1.874766707,0.2163635045,0.3933909833,0.2225144953,0.3795041144,1.916567445,0.6280933022,0.3719383776
2548,1.857550025,0.2109712362,0.4587713182,0.2271843702,0.3924257457,1.900581717,0.6831108928,0.3810599744
2549,1.722320437,0.2091389745,0.5418551564,0.2315040827,0.4058329165,1.884537697,0.7410156131,0.3904581964
2550,1.67643106,0.2124105543,0.6463440061,0.2358345538,0.4200952053,1.868081689,0.8022108078,0.4004892111
2551,1.711817741,0.2217448503,0.7760779262,0.2401879281,0.435277313,1.851213098,0.8666970134,0.4112098217
2552,1.729047298,0.2369902283,0.901222229,0.2436833382,0.4463711679,1.834561467,0.9026194215,0.4221462309
2553,1.733566642,0.2532632649,0.9346833229,0.2459966987,0.4471969604,1.819390178,0.8459391594,0.4320536852
2554,1.871036887,0.2620346844,0.8154337406,0.2483591288,0.4372937679,1.806816459,0.6820168495,0.4392153025
2555,1.895686984,0.2585494816,0.5917610526,0.2511171103,0.4236079156,1.797542214,0.4806452096,0.4419659674
2556,1.944898248,0.2399863452,0.3453649282,0.2528279722,0.4060591161,1.791967034,0.2996394038,0.4384947717
2557,1.889578819,0.2088019997,0.2149925232,0.2533015907,0.3961886466,1.790318847,0.2169326544,0.4268583357
2558,1.88815248,0.1891669184,0.231737569,0.2542085946,0.3786617815,1.789429307,0.2252060175,0.4132301807
2559,1.938266277,0.164605543,0.375009805,0.2555309832,0.3716371059,1.790243745,0.2852875888,0.3953616321
2560,2.022577524,0.1584430188,0.4609144628,0.25687024,0.3625783026,1.791252613,0.2956074774,0.3782206774
2561,2.042785883,0.1627875715,0.5119338036,0.2569160759,0.3553104699,1.792280316,0.2853626013,0.3627865314
2562,2.15717864,0.1801735908,0.4640733898,0.2548773289,0.3496855795,1.793169975,0.2445667237,0.3506505787
2563,2.165055513,0.2013101578,0.3881433308,0.2501790226,0.3443217278,1.793652177,0.2192550302,0.3418567181
2564,2.190712214,0.2202372998,0.3150907457,0.2440639734,0.3410704136,1.792642713,0.2198279649,0.3362303972
2565,2.238962173,0.2341450006,0.2522601187,0.2369178683,0.3412730694,1.790254116,0.2465047091,0.3332952559
2566,2.255009413,0.2382677048,0.2197941542,0.2291390747,0.3413175046,1.787210464,0.2789459527,0.3319281638
2567,2.293795824,0.2397408336,0.1892517358,0.224313423,0.3453830183,1.782573342,0.3495840132,0.3328056633
2568,2.16565752,0.2337930948,0.1857990026,0.2204217762,0.3492380083,1.776626706,0.4117385149,0.3351249397
2569,2.151066542,0.2243809104,0.1930849701,0.2168169767,0.3565318286,1.770002961,0.4478156269,0.3381443322
2570,2.049970388,0.2148964256,0.210859403,0.2132388204,0.3635194004,1.76375711,0.4867336452,0.3416680098
2571,1.938002944,0.2058305293,0.2633672655,0.211904645,0.3711845577,1.7560817,0.5731694102,0.3466126621
2572,1.93484354,0.1998301297,0.3204445839,0.2108477354,0.380692631,1.74766922,0.6216120124,0.352290839
2573,1.905089855,0.1972461939,0.42010203,0.2107265741,0.389511317,1.738122463,0.6996716857,0.3590956628
2574,1.914756179,0.1998658776,0.555585146,0.2110412866,0.3994751871,1.728538156,0.7843667865,0.3669097424
2575,1.914053082,0.2092578858,0.7321608663,0.2122565508,0.4108227193,1.717753053,0.876180172,0.3759452403
2576,1.936897278,0.2264084071,0.955413878,0.2150175571,0.4225106239,1.705733299,0.9751788974,0.3862744272
2577,1.957964778,0.2472081184,1.148388982,0.2197084576,0.4221614897,1.693005919,1.011502624,0.3972301781
2578,1.983347058,0.2473450303,0.9846196175,0.2223784477,0.4092645645,1.68324244,0.761292696,0.4049598277
2579,2.040794611,0.2270106673,0.6149848104,0.221346572,0.3885061741,1.678028703,0.4305554926,0.4061101377
2580,2.063090324,0.1990399957,0.3139815032,0.2186481804,0.3704121113,1.676402569,0.2311868221,0.3996380866
2581,2.100403786,0.1668978184,0.1967767626,0.2165386081,0.3495134115,1.678301811,0.1966557503,0.3846001923
2582,2.091035128,0.1464589983,0.2255463749,0.2140765935,0.3316437304,1.68052578,0.2239320278,0.3678684235
2583,2.113891363,0.1243034899,0.405547291,0.2119562179,0.3136360943,1.684123635,0.3330729902,0.3467255533
2584,2.130758762,0.114670001,0.6186356544,0.2095357776,0.2970267832,1.688273907,0.4155502021,0.3245545924
2585,2.172663927,0.1173428074,0.7182809711,0.2069956809,0.2862447202,1.691602111,0.3983378708,0.305138737
2586,2.296053886,0.1326175779,0.6070677638,0.204382062,0.2814439535,1.693384171,0.2811379135,0.2914817333
2587,2.290402174,0.1524510086,0.4845781326,0.2018913776,0.2774434984,1.693597436,0.2095891088,0.2824771702
2588,2.326580286,0.1719550043,0.3680541515,0.1999345422,0.2746148407,1.692217946,0.1841060519,0.2772427499
2589,2.334984779,0.186118558,0.2847725451,0.1982724518,0.2736380696,1.689504623,0.1999092549,0.2747433484
2590,2.321733236,0.1935646087,0.231044963,0.1978169233,0.2747882009,1.685119271,0.2421150059,0.2744365335
2591,2.305509806,0.1921707839,0.211827755,0.1959247142,0.278395623,1.67984724,0.2736158669,0.2751511633
2592,2.256647825,0.1873783916,0.2002426833,0.1931317449,0.281930685,1.673966408,0.29873541,0.2765195966
2593,2.207789183,0.1815432459,0.1913831383,0.190591082,0.2876805663,1.667460084,0.3271295726,0.2785310447
2594,2.154113531,0.1752106547,0.188109532,0.1888682842,0.2936422527,1.660216689,0.3749727905,0.2814253867
2595,2.132596254,0.1694417149,0.1949583739,0.185932979,0.2993176579,1.653017998,0.4109989405,0.2847557962
2596,2.114835978,0.1665131301,0.2008857131,0.1819257885,0.3055309951,1.647332788,0.4116753638,0.2877734005
2597,2.092810631,0.1663368791,0.2113595605,0.1766958237,0.3098838627,1.642732263,0.4120969772,0.29064098
2598,2.089445829,0.1688101739,0.2268441916,0.1704173535,0.3141616881,1.638696074,0.4124137461,0.2934394777
2599,2.103592157,0.1736202985,0.2481975704,0.1630690247,0.3192801178,1.634947777,0.412683636,0.296192497
2600,2.127548218,0.1806104928,0.2645860016,0.1541407853,0.3220969737,1.632418275,0.394721657,0.2985248268
2601,2.188690186,0.1876780242,0.2840649188,0.1445832551,0.3154295087,1.630218506,0.3773806095,0.3004590273
2602,2.256811619,0.1924685836,0.2709258497,0.1370515823,0.3037448823,1.627245545,0.3295525014,0.301353693
2603,2.341242075,0.1916410476,0.2268321961,0.1332553476,0.2897515595,1.623450637,0.2641446292,0.3007143438
2604,2.381208658,0.1844455749,0.1834382266,0.1331353933,0.2762179375,1.619110703,0.2092346698,0.2984911501
2605,2.408078432,0.1697406769,0.177497074,0.1355264187,0.2685332,1.614962935,0.175724864,0.2941710651
2606,2.51044631,0.1516419947,0.2540343106,0.1371188313,0.25544402,1.611414909,0.1876562685,0.287800163
2607,2.585255384,0.1320249438,0.508566916,0.1382355839,0.2497325391,1.608691216,0.2781453133,0.2789133489
2608,2.571958065,0.125607267,0.6985329986,0.1392849237,0.2464661598,1.606192231,0.3182418644,0.2701423168
2609,2.661019564,0.1263985634,0.8591020703,0.1397420466,0.2446225286,1.604338288,0.3331106603,0.2609010041
2610,2.628710032,0.1355803162,0.882771492,0.1395809948,0.2420901805,1.60309875,0.29207623,0.252371341
2611,2.721223831,0.1458046585,0.9182143211,0.1385695338,0.2386650294,1.60309875,0.268309325,0.2441494465
2612,2.6995821,0.1576331258,0.86809659,0.13655366,0.2355567664,1.603898406,0.2294601351,0.2373355031
2613,2.670241356,0.1665192991,0.830602169,0.1332250684,0.2327866554,1.60496366,0.20784688,0.2317765504
2614,2.794644117,0.1724501103,0.7771854401,0.1286084056,0.2304444313,1.6058532,0.1926232427,0.227429226
2615,2.731735229,0.1757159829,0.7399835587,0.1241297126,0.2282871157,1.606305599,0.1860345453,0.2239425182
2616,2.763575554,0.1767107993,0.6935480237,0.1201243997,0.2267086506,1.60677278,0.1823094487,0.2211266607
2617,2.70248723,0.1758061498,0.6386873126,0.1161890626,0.2252408117,1.6067729,0.1814404279,0.2189789861
2618,2.641877413,0.1756439954,0.6035109162,0.1124826074,0.2240609676,1.60677278,0.1820865273,0.2171537727
2619,2.671095133,0.1752702743,0.5635899901,0.1094246283,0.2236368805,1.6067729,0.1834499836,0.2156233341
2620,2.642703772,0.1722140759,0.4962467253,0.1081125438,0.2232373953,1.606275558,0.1883455962,0.214607358
2621,2.624058008,0.1695814282,0.4289259613,0.1082167104,0.2233350724,1.605266094,0.1961572617,0.2140556574
2622,2.605214596,0.1733305007,0.3971942961,0.1098368168,0.223465994,1.604013801,0.1962040663,0.2135531157
2623,2.660468817,0.175192371,0.3483671844,0.1122532785,0.22383295,1.602499962,0.2012694329,0.2132722884
2624,2.696919203,0.179905653,0.3151534498,0.1157608032,0.2227315903,1.600986362,0.201336816,0.2130024284
2625,2.70841527,0.1819877625,0.2625620663,0.118691802,0.2183650583,1.598938465,0.2136963159,0.213136062
2626,2.807034731,0.1870126277,0.2266631573,0.1191414818,0.2130003422,1.596340179,0.2290931195,0.2136532068
2627,2.817074776,0.1933610886,0.2259953469,0.1183113381,0.2084339261,1.593543887,0.2213169485,0.2140402198
2628,2.942118406,0.1955230236,0.2524289191,0.117470406,0.2031996697,1.590870857,0.2017640024,0.2139512897
2629,2.930444717,0.1876282543,0.3619665802,0.1167208329,0.2002006769,1.589514136,0.1805581003,0.2124651819
2630,2.937586546,0.1749119014,0.5438081622,0.1163362637,0.1951043159,1.589727402,0.194390431,0.2094445676
2631,2.957494974,0.1671665162,0.7038313746,0.1191372648,0.1926170141,1.590773463,0.2111631781,0.2058942318
2632,2.951718569,0.1675156355,0.7766589522,0.1235282347,0.1916197538,1.593487263,0.2051244825,0.2026193142
2633,3.021286726,0.1671212465,0.8772575259,0.1276947409,0.1919274777,1.597225547,0.2056042403,0.1995955855
2634,3.057187319,0.1710296273,0.8971428871,0.1307958215,0.1928288192,1.600813508,0.1953317672,0.1972396523
2635,3.085552216,0.1756148934,0.8586775661,0.1330517083,0.1936964989,1.604293823,0.1849103719,0.1956404001
2636,3.055431604,0.1828674525,0.7127187848,0.1354070604,0.1952147484,1.606648803,0.1825897098,0.195114851
2637,3.086372614,0.1819863915,0.6120411158,0.1377021521,0.1967256069,1.60799396,0.1952462196,0.1951643974
2638,3.091091156,0.1785495728,0.4895688593,0.140632838,0.1979888231,1.607993484,0.2270974368,0.1958229542
2639,3.060642242,0.1712195873,0.3834531307,0.1445019394,0.2002144605,1.606553078,0.2769783735,0.1970289946
2640,3.032452345,0.1602097303,0.3095014095,0.1489913017,0.2026843578,1.604174256,0.3300016224,0.1986965984
2641,2.964951754,0.1474246234,0.2688433826,0.153630659,0.2055232674,1.601163268,0.3610184491,0.2006452531
2642,2.875031471,0.1362353712,0.2391073853,0.1576069742,0.2083664984,1.597505212,0.3950712979,0.2029100507
2643,2.778131723,0.1271001995,0.2257265002,0.1621791273,0.2123335749,1.59250772,0.471932739,0.2057535052
2644,2.771433592,0.1215286925,0.2407477945,0.1667006761,0.2170007676,1.58646667,0.5376055837,0.2091512084
2645,2.670357704,0.1209595725,0.2987369001,0.1719312221,0.2226142436,1.5789814,0.6356500387,0.2133094519
2646,2.821776152,0.126920417,0.3869246244,0.1768480539,0.2291676849,1.570946217,0.7173021436,0.2182456106
2647,2.787064791,0.1404358149,0.517500937,0.1824183017,0.2361339331,1.56175518,0.8059822917,0.2240354419
2648,2.854389191,0.1605235785,0.6660521626,0.1878619641,0.2419993877,1.551201463,0.869887054,0.2306283265
2649,2.905212641,0.184666872,0.814075768,0.1947640926,0.2456249446,1.540247917,0.9039817452,0.2379304916
2650,3.048677444,0.1881444603,0.6794876456,0.2015727311,0.2454582453,1.532964826,0.6663814187,0.2439846247
2651,3.035537481,0.1738495827,0.4014331996,0.2053280622,0.2396340966,1.531113267,0.3587704599,0.2464700341
2652,3.091982603,0.1565287411,0.2127250284,0.2058156282,0.2282774597,1.533371568,0.1919012666,0.2444950342
2653,2.987015486,0.1386110634,0.1636228561,0.2048560977,0.2196754068,1.539005876,0.1672500521,0.23766011
2654,2.982829809,0.1257169247,0.2413324863,0.2046785802,0.2069442421,1.546422124,0.2278343588,0.2279683799
2655,3.020667791,0.1169383824,0.3986593187,0.2035094053,0.1974614412,1.554427505,0.3170824349,0.2165064216
2656,3.144574404,0.1138099208,0.5463374853,0.2019982487,0.1889805198,1.562308669,0.3680798113,0.2051311284
2657,3.147976637,0.1158429682,0.5921257138,0.200996533,0.1835334897,1.569337845,0.336846441,0.1956942827
2658,3.160981417,0.1226565763,0.5268371701,0.2001436204,0.1804724932,1.574850082,0.2547256649,0.1891018748
2659,3.180699587,0.132148847,0.4315961599,0.1995158643,0.179234907,1.57878983,0.1901888102,0.1849943548
2660,3.2110672,0.1402178705,0.3555085361,0.198280856,0.1792998165,1.581462741,0.1623064131,0.1825909466
2661,3.187170982,0.1440969557,0.3099837005,0.1967760772,0.1794328094,1.583215833,0.1578867286,0.1811581105
2662,3.276287079,0.1449711025,0.2658952773,0.1945369095,0.1809958965,1.583989739,0.1648014337,0.1805359572
2663,3.178419352,0.1431812793,0.2198841125,0.1917208582,0.1826965809,1.583193421,0.1895687431,0.1807728261
2664,3.118127823,0.1385288835,0.198758021,0.1883047819,0.1841514856,1.581309676,0.2131721377,0.1814789772
2665,3.040462494,0.133008644,0.1894207001,0.1848943084,0.1859612465,1.578598976,0.2326896936,0.1824977845
2666,2.999312162,0.1269233227,0.1924922019,0.1820894927,0.189145878,1.575001717,0.2675257921,0.1839706749
2667,2.952502489,0.1203165427,0.2324209809,0.1795933247,0.1923889071,1.569852471,0.3402633965,0.18619591
2668,2.885475159,0.1156144142,0.3351297677,0.178864792,0.1972236484,1.562971115,0.4519813955,0.1893327385
2669,2.967914581,0.1155843139,0.4636316299,0.1783632785,0.2030579597,1.554691195,0.5418488383,0.1932296306
2670,2.899736643,0.1209589466,0.6457297206,0.1787302494,0.2100127488,1.545209885,0.6440030932,0.1979820728
2671,2.955346346,0.1331934333,0.8900405765,0.1800519377,0.2182431668,1.534470677,0.7584754825,0.2037203759
2672,2.9884758,0.1498954892,1.123657107,0.1812278032,0.2261065245,1.523756862,0.8211753964,0.2102394849
2673,3.028876543,0.167519331,1.312628865,0.1816324443,0.2280231714,1.513043046,0.8230941892,0.2172542065
2674,3.129709244,0.1635629237,1.067899108,0.180005908,0.223376289,1.506089807,0.5464820862,0.2224237919
2675,3.136353731,0.1509210616,0.6779535413,0.1783268899,0.2145695239,1.503771186,0.2778534591,0.2237978727
2676,3.12591362,0.1387698352,0.3570664823,0.1773092151,0.2018718719,1.506193995,0.1498408914,0.2205796689
2677,3.166663885,0.1291757375,0.1622302383,0.1779857278,0.1925092191,1.511783004,0.1641576737,0.2125002742
2678,3.191837072,0.120873332,0.1334937662,0.1793780178,0.1804385036,1.518141389,0.1955830306,0.2035745531
2679,3.196230888,0.1185008064,0.1899213046,0.18255575,0.1690634489,1.526886344,0.3417080641,0.1913903505
2680,3.211532831,0.1161417738,0.2648046911,0.1861675233,0.161058411,1.535910726,0.3806506693,0.1798419356
2681,3.249504089,0.1149185374,0.2849836648,0.1891481876,0.1572075486,1.544509888,0.3306112587,0.1706662178
2682,3.342857122,0.1171909496,0.2264530659,0.1910404414,0.1556217819,1.552105308,0.2219299227,0.1649069935
2683,3.382262945,0.1250719428,0.1700726599,0.1924701184,0.1560984999,1.558554649,0.1526547819,0.1620091051
2684,3.355497122,0.13310875,0.1517300159,0.1937688142,0.157446906,1.56428659,0.1383302659,0.1606999636
2685,3.433586836,0.1391541362,0.1484928578,0.1950879544,0.1592979878,1.568803787,0.1455773711,0.1604059935
2686,3.334263563,0.1425729245,0.1577418298,0.196468547,0.1607924253,1.57259655,0.1640079021,0.1608400494
2687,3.344379187,0.1440093666,0.1822317094,0.197688058,0.1625181139,1.575290084,0.193599835,0.1618630886
2688,3.23141098,0.1449424624,0.2507781088,0.2003038526,0.1650342941,1.57590723,0.2591543496,0.1636346132
