window_index,DLinear,PatchTST,iTransformer,TimeMixer,ZeroPred,Persistence,HAR_EWM
0,0.7769672275,0.681011498,0.6822416186,0.6982691884,0.8826746345,1.119442821,1.119442821
1,0.7753458619,0.6399242282,0.6464543939,0.7611040473,0.8919555545,1.125819087,1.125819087
2,0.7724562287,0.75160712,0.6792082191,0.6963971257,0.898370564,0.7374213338,1.114116311
3,0.7411343455,0.6092512012,0.6915735602,0.7775203586,0.9074494243,0.6436784863,1.096936226
4,0.7959195971,0.6384854317,0.7225448489,0.7947840095,0.9143040776,1.576004386,1.113496661
5,0.823046267,0.6598877907,0.7447069287,0.7844575047,0.9156999588,1.061781049,1.112480044
6,0.8485216498,0.7012727857,0.7553411126,0.7726684213,0.9151672721,1.220718384,1.115458965
7,0.8685534596,0.7928287387,0.7058864236,0.8040273786,0.9154036045,0.9995329976,1.112958074
8,0.8592619896,0.8219420314,0.6705490947,0.7585141063,0.9200192094,0.6471275687,1.089241028
9,0.8339325786,0.9396495819,0.664226532,0.804060936,0.9185268283,0.6661741734,1.0669204
10,0.7976157069,0.8714644313,0.6995534897,0.7165846825,0.9160593152,0.6492296457,1.040920734
11,0.8208710551,0.8502187729,0.6791513562,0.7683396339,0.9197106361,0.8994352221,1.038622499
12,0.7773700356,0.9785220027,0.6890177131,0.7089834213,0.9263439775,0.6625621319,1.023237824
13,0.7637327313,0.7243584991,0.7307646275,0.7556567192,0.931895256,0.6626031995,1.009167194
14,0.7676062584,0.8304384351,0.692507267,0.7013775706,0.9370934367,0.6656624675,0.9966647625
15,0.7573755383,0.7698300481,0.6960072517,0.7075805664,0.9358474612,0.8870539665,0.961792469
16,0.7873628736,0.9083830714,0.6889500618,0.7010352612,0.9453031421,0.6759392619,0.951518774
17,0.7912858129,0.7840638757,0.7152733207,0.7384043336,0.9546050429,0.7445672154,0.9366340637
18,0.8654910922,0.8655367494,0.6637353897,0.7596982121,0.9616575241,2.097273827,0.9636531472
19,0.8246827126,0.8659337163,0.6679922938,0.7643280625,0.9590687156,0.6819739938,0.9395310283
20,0.7834594846,0.7540747523,0.6761674881,0.7513720393,0.9513008595,0.8133456111,0.9063691497
21,1.029937387,0.8368369937,0.6080291867,0.8575630188,0.8860533834,10.47213459,0.9221039414
22,0.9817402959,0.8873009682,0.6139343381,0.8494550586,0.8901516795,1.942361832,0.9471914172
23,0.917819798,0.9273735881,0.6030297875,0.8245775104,0.8936109543,1.15866816,0.9567472935
24,0.9035932422,0.8669041991,0.5945751667,0.8220345974,0.8944320679,0.7356831431,0.9502642751
25,0.9546251297,1.084024549,0.6165113449,0.9169845581,0.8890054822,2.301129103,0.9709975123
26,0.9092567563,0.8009119034,0.6088983417,0.7870121002,0.8896489739,1.023535609,0.9735665321
27,0.9541806579,0.9734199643,0.7290703654,0.8408048749,0.8875233531,1.802749515,0.9903621674
28,0.8317949176,0.8743472099,0.6904413104,0.751286447,0.8955180049,0.5300303102,0.9768135548
29,0.8284985423,0.7853620052,0.6216030121,0.7781640887,0.8955633044,0.697283566,0.9671522975
30,0.8476197124,0.8347998261,0.6465391517,0.73494941,0.8976213336,0.7458293438,0.9611101151
31,0.8290154338,0.8791618347,0.665931046,0.82511729,0.9001840949,0.6417782903,0.9506549835
32,0.8709318638,0.9851692319,0.6824135184,0.7696277499,0.9004967809,0.8749311566,0.9488220215
33,0.9103085399,0.899230063,0.7243610024,0.8336190581,0.9059116244,1.060506225,0.9577634931
34,0.7969121933,0.8564937711,0.7150015831,0.7327804565,0.9048380852,0.5587534308,0.926641643
35,0.8575764298,1.022217155,0.6861908436,0.8686023355,0.9061301351,0.9931457639,0.9298739433
36,0.7802508473,0.7973844409,0.6692430973,0.7842790484,0.9062440395,0.5266030431,0.9080402255
37,0.7353307605,0.7187690139,0.6677443385,0.7814558148,0.9071380496,0.5950823426,0.878565073
38,0.7375602722,0.7557697296,0.6524395347,0.7219632268,0.9047929645,0.5614024997,0.8505228162
39,0.6997995377,0.6386601925,0.6115922332,0.7165800929,0.9063815475,0.5854683518,0.8261604905
40,0.653416574,0.5815871358,0.6314120889,0.6635441184,0.8978785872,0.6553170681,0.7914736867
41,0.6130253673,0.6645174623,0.6447488666,0.683430016,0.8949236274,0.7530260086,0.7605876923
42,0.52148211,0.5508238673,0.606151998,0.5206521153,0.866892159,1.719454169,0.6955726743
43,0.509898901,0.5098278522,0.5231543183,0.5103667378,0.8560366631,0.9726329446,0.6675281525
44,0.4672996104,0.4900440276,0.5185930729,0.4595812261,0.8305638433,1.554235101,0.6227293015
45,0.4588710368,0.4917496145,0.5036363006,0.5249599218,0.8185629845,0.8023831248,0.6022050381
46,0.4495736361,0.4799623489,0.4807178974,0.4563654959,0.8035509586,0.9808416367,0.578733027
47,0.4540041387,0.4945365489,0.4746296406,0.4613643885,0.7815077901,1.773379326,0.5554359555
48,0.613986969,0.6005691886,0.5651748776,0.5665313601,0.8589618802,3.298914671,0.6607408524
49,0.5776872635,0.5790284872,0.5543800592,0.5740897655,0.8585961461,0.6542084217,0.6633844972
50,0.5315305591,0.5291585326,0.5696585178,0.4995994568,0.8422667384,1.313220382,0.6471099257
51,0.5273213983,0.5268543959,0.5557927489,0.555547297,0.8327512741,0.9537272453,0.6414893866
52,0.5294376016,0.5394608378,0.5592238903,0.5217455029,0.8080387115,1.962317944,0.6184400916
53,0.5300831199,0.4943706095,0.5640212893,0.5117108226,0.7914287448,1.36982286,0.6068363786
54,0.5260108113,0.5227630734,0.553170085,0.5079720616,0.7864966989,0.7635417581,0.6043646336
55,0.5467376709,0.5847976804,0.5761287808,0.5341555476,0.7845644355,0.6770154834,0.6124690771
56,0.5383912921,0.5612136722,0.5764841437,0.525673449,0.7651994824,2.009474277,0.6015480161
57,0.5108861327,0.5402493477,0.5417161584,0.5077463984,0.7539868355,1.199651003,0.5986347795
58,0.5201901793,0.542114079,0.5669633746,0.4991015494,0.7581656575,0.7142850757,0.6079684496
59,0.5493459105,0.5446013808,0.5352783203,0.5535553098,0.7588005066,0.9900748134,0.6073890924
60,0.5367488265,0.5538563132,0.540153563,0.5300030112,0.755967617,0.748085022,0.6174333096
61,0.5292858481,0.6088889241,0.5519631505,0.5316038132,0.7481999993,0.8701311946,0.6183130145
62,0.5428934693,0.5780052543,0.5281221271,0.5194064975,0.7429549694,0.7538599968,0.619615078
63,0.5220963955,0.6199204326,0.5036205649,0.5074194074,0.7233521342,1.960704923,0.6160264611
64,0.5252839327,0.6465724707,0.4926859438,0.5050829649,0.7049705386,1.666483283,0.6162518859
65,0.5192863345,0.6174275875,0.49204126,0.4726280868,0.674759686,2.636516333,0.6148427129
66,0.527729094,0.4811148643,0.4502908289,0.4792393148,0.6487177014,2.174832344,0.6200270653
67,0.5336402655,0.4786849022,0.4485406578,0.4944990575,0.6171239614,2.919243574,0.625056088
68,0.5261106491,0.5499618649,0.496244669,0.490008682,0.6111747622,0.9225500226,0.6436334848
69,0.5481758714,0.6110981107,0.506079495,0.5304911137,0.5891219378,1.917946219,0.6598399282
70,0.561021328,0.6046622992,0.508287251,0.553116858,0.5743730664,1.42498529,0.6708237529
71,0.5531964898,0.6983295083,0.5298501253,0.5224376321,0.5639650822,1.079069257,0.6802480817
72,0.5694413185,0.5833124518,0.559568584,0.5355796218,0.5514899492,1.24046433,0.6967995763
73,0.6247406602,0.6963891983,0.6159172058,0.5613886714,0.5390372872,2.576701403,0.7534863353
74,0.6480816007,0.8655667901,0.6196283698,0.6128543615,0.5110123754,2.559542894,0.7785202861
75,0.6431934834,0.8946473598,0.6272124052,0.6059815288,0.4964609146,1.553628325,0.8035421371
76,0.4441408217,0.5183497071,0.5405713916,0.478572458,0.4926687181,1.459853768,0.7295126915
77,0.4476391375,0.6024369001,0.5833353996,0.4394288957,0.4941143095,0.5090723634,0.7030546069
78,0.5110921264,0.6782194972,0.5990861058,0.5254938602,0.4801435471,1.682512879,0.7170920968
79,0.472700268,0.5740669966,0.5915208459,0.4867418706,0.4863761961,0.5342717767,0.7103824615
80,0.4094873369,0.496067971,0.4732774198,0.4460817277,0.4893496931,1.92175138,0.63674438
81,0.4045096636,0.5310655832,0.5443765521,0.4492406845,0.4901879132,0.4497019351,0.6310887933
82,0.4058645666,0.4112785757,0.5006662011,0.4764657915,0.4880399406,0.5509988666,0.6296693683
83,0.4067363739,0.4031515121,0.507342875,0.4787715375,0.4912196696,0.4458663166,0.618109405
84,0.4085811079,0.516047895,0.4982396364,0.4811867774,0.4991309941,0.4518056214,0.6089114547
85,0.4105429649,0.4545537531,0.433740586,0.4864319563,0.5019329786,0.4977797568,0.604532063
86,0.4235083163,0.4873362482,0.4875386059,0.4821213186,0.5083099008,0.4816510677,0.5997865796
87,0.4272681177,0.5237284303,0.4894002676,0.4843119681,0.5188245773,0.5036205649,0.586278379
88,0.4345085621,0.4889569283,0.5030875802,0.4610793591,0.5106775165,1.233299851,0.5943781734
89,0.4308829606,0.4767951071,0.4852991402,0.4961769581,0.5207474232,0.6068382859,0.5978530049
90,0.4490425289,0.5523653626,0.4779921472,0.4906553328,0.5093306899,1.198805332,0.6143249869
91,0.4547209442,0.540096283,0.5145172477,0.4728821218,0.5082011819,0.632674396,0.6282459497
92,0.4664267302,0.5413310528,0.4781781137,0.4990503788,0.4983722866,1.168500304,0.6469022632
93,0.4682995379,0.5973864198,0.4965052605,0.4793454707,0.4952984154,0.7879298329,0.6502524018
94,0.4783394039,0.5876579881,0.5486200452,0.4953506887,0.4935913086,0.8123437762,0.6539636254
95,0.5044498444,0.6102936864,0.6100518107,0.48114869,0.4866332114,1.004357934,0.6724641323
96,0.486086607,0.5860901475,0.5591405034,0.4827504456,0.4847949743,0.5389627218,0.6746228337
97,0.3904067278,0.4959946573,0.4943877161,0.4542836249,0.4766193926,1.759825706,0.609138608
98,0.382247299,0.4099766016,0.5137967467,0.4092114866,0.4709732533,1.436111093,0.5593808293
99,0.3783954084,0.3806232512,0.450497061,0.4673532546,0.4624901712,1.899238706,0.5056584477
100,0.3985550702,0.4114739001,0.4439068735,0.4324335158,0.4589713514,1.734948158,0.4633268118
101,0.4087673724,0.4090697765,0.4535565674,0.461943835,0.4726680815,0.8131821156,0.4509809017
102,0.411354512,0.4352756739,0.4706903398,0.4308901727,0.4726500511,0.5056493878,0.4444972575
103,0.400762409,0.428401947,0.4879490435,0.448681742,0.4725739062,0.4172807932,0.4419007003
104,0.4252394736,0.3920702934,0.4664820135,0.4483600557,0.4660926759,1.547360897,0.4160142839
105,0.4134821892,0.4134016931,0.4732889235,0.491210252,0.4741618335,0.5040492415,0.4136106074
106,0.4179504812,0.4295693934,0.4624433517,0.4181410968,0.4783811867,0.4391510487,0.4117889702
107,0.45840469,0.4407767355,0.4081330299,0.5309266448,0.4762372673,1.16482389,0.3982765377
108,0.380346328,0.4174587429,0.3971800804,0.3847843111,0.4750882685,0.8659617305,0.3999326229
109,0.3873098791,0.4421067238,0.4067797959,0.3897359669,0.4768660963,0.7620311379,0.4035116732
110,0.3828603327,0.4116621912,0.4128557146,0.3695470989,0.4706095159,0.7203070521,0.4039047658
111,0.3822582662,0.4446542263,0.4310895205,0.3634893894,0.4896689951,0.8242278695,0.4205926955
112,0.3879749775,0.4778915942,0.4014708698,0.3643978536,0.4903952777,1.13056314,0.4263632596
113,0.3931342661,0.5013397336,0.385938257,0.3405871391,0.4744547606,1.327793956,0.4281241
114,0.4018825591,0.4547389448,0.4279561341,0.3535206616,0.4705217779,0.9952638745,0.4323029518
115,0.3770004809,0.4092619121,0.3698118031,0.3640408218,0.4745951891,0.4432459176,0.4336870015
116,0.3609437048,0.4513632357,0.3873466551,0.3601529598,0.4850344658,0.7691571712,0.4235664308
117,0.367238611,0.4614605904,0.3870128393,0.3503673971,0.4896944463,0.5126928687,0.4271131754
118,0.3684822619,0.4962749481,0.4271936417,0.4066159427,0.4825340211,0.7337412238,0.4296865165
119,0.3797279894,0.4560866356,0.3988007009,0.3642088473,0.4816738069,0.5020930171,0.4309901297
120,0.3695938289,0.4225929677,0.3957083225,0.3801240921,0.4808913767,0.4006423652,0.4302413464
121,0.3673002422,0.4159581959,0.3921409845,0.3469973803,0.4894945621,0.572876811,0.4237644672
122,0.3744035065,0.4281642139,0.4327013195,0.3705159426,0.5015496612,0.4098856449,0.4266708195
123,0.3771649897,0.4787200987,0.4204061925,0.3530859649,0.5045287013,0.4113225043,0.4253344536
124,0.4078525007,0.5118982196,0.4463190138,0.3834230006,0.5102825761,0.8953410983,0.4331479073
125,0.3945973814,0.4938660562,0.481854409,0.3830877542,0.5190646052,0.4314149618,0.4331622422
126,0.3774065971,0.4494811296,0.4254487455,0.367569685,0.5330865383,1.06402874,0.42644611
127,0.373529762,0.4559119642,0.4141117632,0.3773732185,0.5358698368,1.258840919,0.4145956933
128,0.3940993547,0.4638597965,0.4522604942,0.3651235104,0.5703923106,0.4724910259,0.4354604781
129,0.3913249075,0.446890831,0.5146687627,0.368409425,0.575024426,0.5673028827,0.4383820593
130,0.4134008884,0.4351041615,0.4781444967,0.3738709986,0.5868092179,0.5575343966,0.4459014833
131,0.4083759785,0.4416206181,0.4834612906,0.3846345246,0.5922325253,0.4476194382,0.4475236237
132,0.4256391525,0.4540514946,0.5187923908,0.3893068731,0.5923830271,0.4974676669,0.447842598
133,0.4358342886,0.4696317017,0.4275169373,0.404881984,0.5835110545,0.7520484924,0.4473827779
134,0.4241295159,0.4627666473,0.5180433989,0.3817194998,0.5855145454,0.521191299,0.4488662183
135,0.450865835,0.4708470404,0.4462674558,0.3997487724,0.5777671933,0.7888569832,0.4551674426
136,0.4304085672,0.4450113773,0.4006985724,0.3868216574,0.5767819285,0.4486922324,0.4554209709
137,0.4455477893,0.4866122901,0.3974431753,0.4015726149,0.5740208626,0.7952477932,0.4566820562
138,0.4139696062,0.4806661606,0.4477821887,0.409065634,0.5799915195,0.4532642365,0.4582564831
139,0.3731713295,0.4341802597,0.3849460781,0.3651664257,0.5771407485,1.610750794,0.4399423599
140,0.389374733,0.4416178763,0.379632622,0.3803124428,0.5819657445,0.7376942635,0.4479204714
141,0.3827896118,0.4305360317,0.3852680624,0.3723866045,0.5876910686,0.6297053099,0.4464081824
142,0.4001884758,0.4439706802,0.382801652,0.3744208515,0.5965929031,0.4899361134,0.449077338
143,0.4180927277,0.4082508087,0.3666349947,0.3134286702,0.5965353847,1.715453506,0.4392530918
144,0.5074793696,0.3179241717,0.2983568907,0.3147397339,0.5063832998,11.82032108,0.3490892351
145,0.3618251085,0.3121946752,0.2911684811,0.2622496486,0.5121756196,0.7919318676,0.3548563421
146,0.3576932847,0.3609422743,0.291282624,0.2687079608,0.511834681,0.9390699863,0.3584645987
147,0.3597799242,0.3485016823,0.3137083948,0.3013149202,0.5206417441,0.9999160171,0.3691689074
148,0.3244178593,0.3032456934,0.2972997129,0.248895362,0.5203743577,0.3050727546,0.3657259941
149,0.3309113681,0.2976789176,0.2944416702,0.2771722972,0.5207073689,0.3227367699,0.3642755449
150,0.3254048824,0.2981061041,0.3006230891,0.2621636391,0.525005579,0.3056729734,0.3637471497
151,0.3372174799,0.302734375,0.3250755072,0.2983385623,0.5323870182,1.26878345,0.3837544918
152,0.3156144619,0.3120064139,0.3323970139,0.2898461819,0.529709518,0.4717621803,0.3792001903
153,0.3339266777,0.3258369565,0.3495577872,0.2923702002,0.5264747143,0.3440338075,0.37423563
154,0.3516699374,0.2932540178,0.3014900386,0.296097368,0.5222594142,1.499192119,0.378183037
155,0.3455488682,0.3075048029,0.3320178986,0.3048283756,0.5211488605,0.9384778142,0.3837604821
156,0.3888012469,0.3206923902,0.3110542297,0.3076663315,0.5259186625,1.310687423,0.39467749
157,0.3792174757,0.3071637154,0.2996532321,0.3122630119,0.5398147702,0.4036370218,0.4049660265
158,0.3713150918,0.3189602196,0.3243485391,0.3134395182,0.5395092368,0.3738890886,0.4050419331
159,0.3608224094,0.3343211114,0.320146054,0.3298543394,0.535094738,0.3560115099,0.394489646
160,0.3633116186,0.3367114961,0.3363083303,0.3107276857,0.5354580283,0.3212411702,0.391380161
161,0.3672062457,0.3101116717,0.3303356767,0.2990130484,0.547067523,0.3216985464,0.3955534995
162,0.3789858818,0.3532991409,0.3261921704,0.2959983647,0.5469465852,0.3925696611,0.3954734504
163,0.3743650913,0.3562937677,0.3507587016,0.324904114,0.5437296033,0.3486985862,0.387162596
164,0.4052284658,0.3318598866,0.3312678337,0.3307744563,0.5434259772,1.326645017,0.3939747512
165,0.4152206182,0.3321199715,0.3198287487,0.3227175772,0.5499014258,0.6797556281,0.4021133482
166,0.3957194388,0.3542245626,0.34966591,0.3385987282,0.5490656495,0.3496554792,0.4003688395
167,0.3905572593,0.3322269917,0.3394455612,0.345592171,0.5502223372,0.3962061405,0.4006462097
168,0.3816510141,0.3692890704,0.370017767,0.3566009998,0.5501794815,0.7505734563,0.4068998396
169,0.4879085124,0.4100022316,0.4125810862,0.3975774348,0.5341793895,3.338761568,0.414024353
170,0.4589448869,0.4264751375,0.4026947021,0.3837760687,0.5363805294,0.5470142961,0.4180339873
171,0.525493443,0.4387994111,0.2974698842,0.3707662523,0.5356672406,0.9611375928,0.42588678
172,0.4068438113,0.4585699737,0.279314369,0.3293945193,0.5435298681,0.2730068862,0.4231649935
173,0.3797183931,0.4200354517,0.3359168768,0.3257591724,0.5480237603,0.2956002951,0.4212606251
174,0.3706262112,0.3491604328,0.3228341043,0.3309519887,0.5464858413,0.2787021399,0.410274744
175,0.3621262014,0.3943971097,0.2955044806,0.3352967799,0.5408913493,0.4487404525,0.3943766654
176,0.3235287666,0.3682543933,0.3007923663,0.3122949302,0.5299610496,0.6784894466,0.3687040806
177,0.3857527971,0.3534763157,0.2776566744,0.3403102458,0.5351398587,0.9625547528,0.3787185252
178,0.3849416077,0.343533963,0.2721945941,0.31954059,0.5382139087,0.3247845471,0.3786562383
179,0.3583925068,0.3024767339,0.2862497866,0.2707515955,0.5345420241,0.283883065,0.3703527451
180,0.3453513086,0.2705323696,0.2980959415,0.2696923018,0.5324261785,0.4356308281,0.3568104804
181,0.3506446779,0.3276952803,0.2810162008,0.26159361,0.5287465453,0.3052339256,0.3475788534
182,0.3385933936,0.2711198032,0.2787358761,0.2616468668,0.5248666406,0.4119006693,0.3355371058
183,0.3144195974,0.2881036997,0.2785097063,0.2738545835,0.5208750367,0.52824229,0.3225600421
184,0.3263501823,0.3240198195,0.2768572867,0.3002434969,0.5184034705,0.318279773,0.3218813837
185,0.3142565787,0.2822680771,0.2758251727,0.2846362591,0.5059702992,0.7420400977,0.3049845994
186,0.3522996008,0.2959745824,0.2775661647,0.3112680018,0.5064607859,0.8660469055,0.3075456917
187,0.3912260234,0.3198296726,0.3108794987,0.2851848602,0.5091622472,1.321427822,0.3127013743
188,0.4196294248,0.4418573678,0.3651680052,0.3343266547,0.5110759139,1.029422164,0.3183969557
189,0.3464822471,0.415941,0.3565333784,0.3160844743,0.5079675317,0.2573517263,0.3141882122
190,0.3229014575,0.3347648084,0.2976142168,0.3366456032,0.5110165477,0.2874105871,0.3105013072
191,0.3750881255,0.4441814423,0.3449806273,0.3436225653,0.5102298856,1.131798387,0.3154097497
192,0.3839625418,0.3987545669,0.2993128002,0.3303851485,0.5101001859,0.7517140508,0.3219369352
193,0.3436279297,0.2899963856,0.3190036714,0.3014729023,0.5108653903,0.274335891,0.3248679936
194,0.3342012167,0.3264279664,0.2777935863,0.3391138613,0.5099644065,0.2906886637,0.3237999976
195,0.3278540075,0.2804329097,0.2757927179,0.2773579359,0.5081738234,0.2653825283,0.3222497404
196,0.2952578366,0.2549714148,0.2603493929,0.2742519975,0.5028446317,0.3153665066,0.3145188093
197,0.2655680776,0.2864901721,0.2450459749,0.2479607463,0.4938253462,0.786182642,0.2967685163
198,0.3118188977,0.3903268576,0.2437857836,0.293379575,0.4947320521,0.4554938376,0.298949331
199,0.3466516435,0.3569691479,0.2802178264,0.3399261534,0.5229513645,0.4089233875,0.3392730057
200,0.3543311059,0.3351360261,0.2838421166,0.3793500364,0.5226762891,0.3797693253,0.3416593969
201,0.316827625,0.3014000654,0.2975059152,0.3247757852,0.5164263844,0.482272625,0.3320806026
202,0.3271640837,0.3447391987,0.288392067,0.3415807784,0.5211308599,0.3385957778,0.3317851424
203,0.3349658549,0.3479393423,0.2928484976,0.3138439655,0.5199648738,0.3137853146,0.3312036097
204,0.3084508181,0.3967663944,0.2898512185,0.3050401211,0.5167612433,0.5116541982,0.324237287
205,0.3096385002,0.3638460934,0.3075601161,0.3125933111,0.5334000587,0.5832486153,0.3317460418
206,0.3486101627,0.3561895788,0.3131929934,0.3501264155,0.5579013824,0.3440079987,0.347445488
207,0.3066352606,0.3145243526,0.3124004304,0.3135259449,0.5491104722,1.687778592,0.3322362304
208,0.314858675,0.3303939402,0.3343975544,0.3276707232,0.5389113426,0.8368742466,0.3332731426
209,0.3452004492,0.3401550353,0.3406118453,0.3737182915,0.5406572223,0.4719148576,0.3401976526
210,0.3167194426,0.3407951295,0.3374620974,0.3473975956,0.533667922,0.5069666505,0.3409556448
211,0.3128396571,0.3028176427,0.3356900513,0.3163752556,0.5280506611,0.4777105749,0.34425506
212,0.3010171652,0.3057889044,0.3286840022,0.3198920488,0.5169084072,0.7454960942,0.3441863954
213,0.296557039,0.3345328867,0.324372381,0.3254244328,0.5085632801,0.5987198949,0.3433243036
214,0.3060683906,0.4151509702,0.3136489391,0.3304884434,0.508063972,0.3685140908,0.3457924426
215,0.3090277314,0.3559912145,0.322426945,0.3132236004,0.5052771568,0.363011688,0.3469068706
216,0.3161576986,0.3722054958,0.3222094774,0.3332367539,0.5068646073,0.4008862674,0.3454702795
217,0.3060022891,0.3205221295,0.3174309433,0.3217343688,0.5020081997,0.6318414807,0.3561208248
218,0.3009206951,0.2926058471,0.3257676065,0.3135847151,0.4892806113,0.8834088445,0.3561587334
219,0.3078773916,0.2958954871,0.3272512257,0.3142745197,0.4857294858,0.401238203,0.3604085445
220,0.2988982201,0.2892575264,0.3229477108,0.3247709274,0.4742046297,1.128607392,0.3599406779
221,0.2961288393,0.3084712923,0.3233284056,0.318269521,0.4674481452,0.6770222187,0.3615272939
222,0.3017689288,0.2989707291,0.3286206424,0.3236941993,0.4544135332,1.13939321,0.3629181385
223,0.3087118566,0.293092519,0.3434788287,0.3139127493,0.4483881891,0.5099408031,0.366702199
224,0.3374192417,0.3605722189,0.3547006547,0.3520791531,0.4160652161,2.589321852,0.3775932789
225,0.3207344115,0.3371567428,0.3417062759,0.3229396045,0.4133095741,0.7607281804,0.382724762
226,0.3324557245,0.4083255827,0.3441126645,0.3295111358,0.3993155062,1.240667343,0.388951689
227,0.3269436657,0.4162138999,0.3416654766,0.339571923,0.3931810856,0.550480783,0.3933367729
228,0.3166925907,0.4402407408,0.3526601791,0.3143188059,0.3906179667,0.4073973596,0.4034130871
229,0.2964608669,0.3098068833,0.3389287293,0.3090517521,0.3967333138,0.3543044627,0.3916684091
230,0.3053787649,0.3231780827,0.3211397529,0.3181685507,0.4042670429,0.5376208425,0.3976785839
231,0.3129690886,0.3281033337,0.3092936575,0.3186739981,0.4088834822,0.7985336781,0.3728170395
232,0.3140815198,0.310487628,0.2947697639,0.3344810009,0.4138038158,0.3327179253,0.3657148778
233,0.3020495176,0.3222751617,0.3136668801,0.3355075419,0.4137201607,0.5305006504,0.3688866794
234,0.3070801198,0.3238649368,0.3105460703,0.3328190744,0.4091897905,0.6044959426,0.3722395003
235,0.3085711598,0.3128251731,0.3222470582,0.3280092776,0.4140953124,0.3331803977,0.3714568913
236,0.3187014461,0.3346454799,0.3158918321,0.3343628943,0.4106290042,1.374413133,0.3388185203
237,0.29254511,0.315113008,0.301972121,0.3191112876,0.409525305,0.4641873837,0.3409637213
238,0.2949116528,0.3171077669,0.3074664176,0.313136816,0.4021634161,0.6690486073,0.3444414139
239,0.3046203256,0.2985725403,0.3179579079,0.3298210204,0.3967108727,0.456543535,0.3488174975
240,0.3081715703,0.3155399859,0.3284212053,0.3462077677,0.4030068219,0.2956651449,0.3457138538
241,0.3163313568,0.3067978323,0.3452863693,0.3377934396,0.3995910883,0.5050203204,0.3482049406
242,0.3130932748,0.3101353347,0.3685720861,0.3754602969,0.3994802237,0.298055023,0.3510808051
243,0.3309881389,0.3745196164,0.3495168686,0.305028528,0.3926582038,0.7494657636,0.3551413715
244,0.3210623562,0.3450277746,0.3599507809,0.3559658527,0.4054783285,0.3088528812,0.3568371236
245,0.3208359778,0.3383558691,0.3574564159,0.3507614136,0.4093017578,0.3159299791,0.3707715571
246,0.3374588788,0.3579727709,0.3837940991,0.3606520593,0.4069239199,0.5601945519,0.3882372677
247,0.3089714646,0.3046916425,0.3200964928,0.342672497,0.3997197151,1.987075448,0.3434206545
248,0.3328773379,0.3143667877,0.3189676404,0.3986616135,0.4154842794,1.277002573,0.3260829151
249,0.336037308,0.3213211298,0.3215949535,0.4076978266,0.4262712896,0.3930346072,0.3238439858
250,0.3443656266,0.3087073863,0.3286392391,0.403077513,0.4310105741,0.4223535359,0.3191024363
251,0.3460745811,0.3231205344,0.3105395734,0.3811885118,0.4346128702,0.498884052,0.3134214878
252,0.2988541126,0.3248824775,0.3222947121,0.3736889362,0.4318293631,0.5605446696,0.3144384921
253,0.3182472885,0.3203665018,0.36371997,0.4017146528,0.4324527681,1.021496534,0.3428703845
254,0.3305679262,0.3235396147,0.3589423895,0.4105238914,0.432654947,0.5620014071,0.3347490728
255,0.3266648352,0.3238621354,0.3727501929,0.3697080612,0.4328535795,0.3567225039,0.3323359787
256,0.3219729364,0.3334032297,0.3393763006,0.3837181032,0.4312621355,0.3347123861,0.33667624
257,0.3150778115,0.3363043368,0.3843114078,0.3701765835,0.4201864302,1.025217414,0.3369391859
258,0.3184912205,0.3368717432,0.3306309283,0.4437614977,0.4320752323,0.3452906609,0.337808609
259,0.3179804087,0.3454407752,0.3646719456,0.3774572909,0.4314349592,0.3221424818,0.3372687101
260,0.3194169998,0.3729892075,0.3324907422,0.3783661425,0.4345085621,0.3498063087,0.3383567631
261,0.3194801509,0.3693958223,0.3309637606,0.4090410173,0.4305398464,0.5387497544,0.339719981
262,0.3142514229,0.3579398692,0.3728166521,0.4934460223,0.4468927383,0.4094826281,0.3417125642
263,0.3261068761,0.3486402035,0.3273763359,0.4104373157,0.4561088383,0.3351342678,0.3445367515
264,0.335141629,0.3426123559,0.3830835521,0.494268626,0.4581763446,0.5957265496,0.346121937
265,0.340018481,0.3449237645,0.3845515251,0.4213803709,0.4583982527,0.3966168165,0.347304225
266,0.3391533792,0.3484454155,0.3588623106,0.363815695,0.4599323273,0.3541310132,0.3477574289
267,0.3572618663,0.3660253286,0.3723242283,0.3656802177,0.4626246989,0.3744695485,0.3555883467
268,0.3610529006,0.3792611361,0.4111739695,0.3797313869,0.4543937147,0.8416722417,0.3644052446
269,0.3678313494,0.3756311238,0.4107122421,0.3821259439,0.4510104656,0.5402943492,0.3656181395
270,0.3690122366,0.3964155912,0.3785010874,0.380864054,0.4521764815,0.3689983785,0.3658574522
271,0.3901187479,0.3877652586,0.3993441164,0.3934907913,0.4664733708,1.107912183,0.3802758157
272,0.3934563398,0.422555089,0.4357474148,0.4193264246,0.4731256068,0.4194738865,0.3997549117
273,0.3864308894,0.4345548451,0.4197654724,0.4141159058,0.4676742256,0.6139085889,0.4013578594
274,0.3917733729,0.4355977774,0.4271657467,0.405377388,0.4642742574,0.4874134958,0.402960211
275,0.3946430385,0.4219217002,0.3999581337,0.3971212804,0.4662211835,0.5179896951,0.3962695897
276,0.3897146881,0.4091034234,0.4269831181,0.4126906097,0.4636386335,0.625387013,0.3980569541
277,0.3825962842,0.4142097533,0.447722882,0.4016883671,0.4659210145,0.3802908957,0.3973238468
278,0.3911570311,0.4282776415,0.4358560145,0.4030487537,0.4725456238,0.4896918833,0.4019607604
279,0.4013543427,0.4211680889,0.4697982371,0.4026513398,0.4672036469,0.6294178367,0.403689146
280,0.3784753978,0.3931833804,0.3837157786,0.4157781899,0.468685627,0.9816833138,0.3885766566
281,0.3848027885,0.3939605951,0.3837266862,0.4143948853,0.4754915237,0.3862529695,0.3908269405
282,0.3860165179,0.3910008669,0.425666362,0.409676671,0.4801882803,0.3833699524,0.3916820586
283,0.3910573423,0.4012962282,0.4439842999,0.4102374613,0.4763503969,0.5601563454,0.3926085532
284,0.4021421373,0.418113023,0.3934776485,0.4190588892,0.5007150769,0.4574917853,0.4084134996
285,0.4012233317,0.4121187925,0.396347791,0.4384104311,0.508699894,0.5335442424,0.4058452547
286,0.4202567637,0.4131288826,0.4191175699,0.4412740767,0.509523809,0.6880930066,0.4086154401
287,0.413071394,0.4705746472,0.4060071707,0.4252434969,0.5114888549,0.4072082937,0.4177716076
288,0.3961164057,0.4010732174,0.3926738799,0.4431976974,0.5112562776,0.643872261,0.4124260843
289,0.3919909,0.3852136135,0.3856399357,0.4447816312,0.5102940202,1.028457999,0.4014892578
290,0.3869261444,0.3993470967,0.3984217644,0.432985425,0.5123894215,0.4423596561,0.4002417624
291,0.3955644369,0.3982891142,0.3962896764,0.4445815384,0.5140969157,0.6323418617,0.3966734111
292,0.3928339481,0.4012811482,0.4044989049,0.4477398396,0.5146955252,0.5120075345,0.3987745345
293,0.3916447163,0.4047299325,0.395270735,0.4257025421,0.5089299083,0.5891458988,0.3976911306
294,0.3992386162,0.4051170349,0.4079536498,0.4374813139,0.5231916904,0.4068025649,0.4049842656
295,0.4334995449,0.3907326162,0.3833878934,0.4879877865,0.4978985488,4.441071033,0.3669446409
296,0.3938398361,0.3874939382,0.4001903236,0.4578758776,0.5005105138,0.5914061666,0.3673776686
297,0.3809468448,0.3810195625,0.3980327547,0.4026074111,0.5040709972,0.3640674651,0.3685138226
298,0.3894428015,0.3698344529,0.3931423128,0.4003046453,0.5252769589,0.6737520695,0.3820906579
299,0.4000934064,0.3835238218,0.3678360283,0.4066742659,0.5250158906,0.4190468788,0.384136349
300,0.3933262527,0.3717854917,0.3885196745,0.4254613817,0.5267891288,0.4967821538,0.3836413622
301,0.3808955252,0.3904287815,0.3811799288,0.3999722898,0.5086171627,1.866963983,0.3676150739
302,0.3825992644,0.4196643829,0.4429955184,0.385771513,0.4904309809,1.809502244,0.3553611934
303,0.4117996693,0.4189843833,0.4195224047,0.3983664513,0.4818144143,1.344807625,0.3519591391
304,0.3591506183,0.3464872539,0.3499825001,0.4620606005,0.4973295033,1.3624686,0.3487518728
305,0.3550029993,0.3444745541,0.353720814,0.4634019434,0.5068333149,1.016415834,0.3472869694
306,0.3687139452,0.3806355,0.3606899977,0.4454801977,0.5206173658,0.7565414906,0.3522105217
307,0.3852724135,0.372148186,0.3554351628,0.4323739111,0.5260621309,0.8762252927,0.3528276384
308,0.3968866765,0.3717236221,0.3451496065,0.4319179952,0.534132421,0.724506855,0.356685549
309,0.3981715441,0.3969608843,0.3508040905,0.421515137,0.534147799,0.4026502073,0.3575451076
310,0.4038816392,0.3933610022,0.3592695892,0.4406105578,0.5484139919,0.6696867347,0.3668359816
311,0.4168491364,0.4099300802,0.3922984898,0.4021030366,0.5621336102,0.4536070824,0.3756541312
312,0.4054591358,0.3884146512,0.3716165721,0.4241788387,0.5610129237,0.3504341543,0.3743446767
313,0.4548800886,0.4531722069,0.4052547514,0.4614929259,0.5635241866,1.517413616,0.3777780831
314,0.446521908,0.4339792728,0.3858989477,0.430763334,0.5635595918,0.4880275428,0.3798759282
315,0.4598146379,0.4713912904,0.3835697472,0.4944642484,0.5720870495,0.7074427605,0.3875295222
316,0.448233515,0.3923356533,0.4066261351,0.4551316202,0.5939267278,0.380787611,0.3989272118
317,0.4561688006,0.3835369647,0.4008229077,0.6166633964,0.6196281314,0.3625700474,0.4152443707
318,0.4583987892,0.4078123569,0.413176626,0.5808187127,0.6237084866,0.3654690981,0.4140255153
319,0.4822256565,0.4086374342,0.4653500021,0.5952683091,0.6449770331,0.5459971428,0.4465457499
320,0.5171120763,0.5209091306,0.4550517797,0.6153722405,0.6434873939,1.37293756,0.4540002346
321,0.4672015607,0.4385217726,0.4783610404,0.5422014594,0.6369698048,0.5321871042,0.4463362396
322,0.471780628,0.5658280253,0.4549430907,0.5350720286,0.6341839433,0.4072678089,0.4426468313
323,0.4722459316,0.6264083385,0.5359328985,0.5214198232,0.6336241364,0.4588981569,0.4434696138
324,0.5129024982,0.6750740409,0.4776593149,0.5923595428,0.6336606145,1.125611424,0.447086066
325,0.4621647894,0.4930400848,0.4667961299,0.5717544556,0.6317355037,0.478048712,0.4396669865
326,0.4360061586,0.5099795461,0.4616776407,0.4919580519,0.6294364333,0.8464612961,0.4282349646
327,0.4468825758,0.4520949423,0.4280979633,0.4584893882,0.635132432,0.4767439067,0.4273320735
328,0.4418989718,0.4214268923,0.4298331439,0.4933687747,0.6459990144,0.4497004449,0.4308517873
329,0.4512999058,0.4419670999,0.4174132347,0.5633807778,0.6571585536,0.4939908087,0.4341885149
330,0.4606674612,0.7148776054,0.4158109128,0.51383394,0.6544248462,0.4144116342,0.4318878651
331,0.4603873193,0.4683264196,0.4213797152,0.5138066411,0.6477361321,0.539471209,0.4293498099
332,0.4552069902,0.504622221,0.4201932847,0.4988601506,0.6480312347,0.4283961356,0.4356435239
333,0.4594869614,0.5496147275,0.4299099445,0.5407090783,0.6472036242,0.4771883488,0.4427342117
334,0.4688146412,0.5897852778,0.4437662661,0.5042969584,0.6485025883,0.4456649721,0.4513214827
335,0.4671499729,0.5096705556,0.445233494,0.5335493088,0.649007082,0.5860117674,0.45557639
336,0.467112869,0.5504410863,0.4596901834,0.5000912547,0.6495448947,0.629886806,0.4673852921
337,0.4630610943,0.5106093287,0.4698870182,0.5298892856,0.6467359662,0.4808309972,0.4694809616
338,0.4699204266,0.6362304091,0.4729937017,0.5164016485,0.6459854245,0.9531741142,0.4682014287
339,0.4670275748,0.6939358115,0.4734078646,0.5058631301,0.6426724195,0.4875947535,0.4678383768
340,0.4708676338,0.5100568533,0.4785868227,0.4949689806,0.6300846934,1.051656127,0.4594171941
341,0.4861150682,0.5028783679,0.4303632081,0.604911387,0.6324024796,1.75314796,0.4523334503
342,0.5285634995,0.5511847138,0.4291247427,0.5630100965,0.6290104389,1.574522614,0.4474962652
343,0.4798443317,0.5062788129,0.4328562915,0.5321906209,0.6270480752,0.444473654,0.4459701478
344,0.4417838156,0.4447124302,0.4413955212,0.4830961227,0.6076516509,1.362058282,0.4300723076
345,0.4389582872,0.4521341026,0.4535383284,0.5357981324,0.6037808061,0.7796273232,0.4260445535
346,0.443120569,0.7459936142,0.4375385344,0.4901270866,0.6149229407,0.4911802113,0.4320448339
347,0.4482110739,0.5088114142,0.4380847216,0.498773098,0.6133835912,0.4581386149,0.4313255847
348,0.4448788166,0.7461879253,0.4616496563,0.4969433546,0.6136395931,0.4995799065,0.4310492277
349,0.5323560238,0.4934910834,0.4062279463,0.6437458396,0.6230193973,3.135974169,0.423712641
350,0.480160445,0.6156426072,0.3924112618,0.5853813291,0.623270452,0.478197962,0.4283078611
351,0.4744370282,0.5201089978,0.4055584371,0.5518029928,0.630289793,0.4873846471,0.4314273894
352,0.4838830531,0.5980857611,0.3882354796,0.6127620339,0.6404277682,0.8705357909,0.4365872145
353,0.4656553268,0.5005390048,0.398807317,0.6067053676,0.6447848082,0.4253213108,0.437274307
354,0.4360163212,0.5021136403,0.3884385824,0.5471332669,0.6381221414,0.7932507396,0.4282839298
355,0.4441336691,0.6182380915,0.4155368805,0.5586869717,0.6384139061,0.4981369972,0.4291908443
356,0.4170854986,0.6424085498,0.4629811049,0.5005016327,0.633810997,0.4894367158,0.4255708158
357,0.4322649539,0.7887757421,0.4096654356,0.6255731583,0.6346430779,0.4179628789,0.4251135886
358,0.4286278784,0.5246630311,0.4272672236,0.5541898012,0.6360056996,1.036532879,0.4220434725
359,0.4364849031,0.4922129214,0.413741827,0.5301454663,0.6270669103,0.7229660153,0.4162144661
360,0.4413946867,0.7943630815,0.423882097,0.4862208664,0.6343339086,1.291023731,0.4303370714
361,0.463983655,0.5575520396,0.4273754656,0.569391489,0.64757061,0.8413999677,0.4534581602
362,0.4535273612,0.5897151828,0.4732065201,0.524656713,0.6445672512,0.4795385897,0.4564688504
363,0.4746944904,0.5049940944,0.4613625109,0.5765573382,0.6422092319,1.411633611,0.4518457353
364,0.5024616718,0.8550100327,0.4103004634,0.5518437028,0.6414645314,1.355245233,0.4496685565
365,0.4703367651,0.8656991124,0.4132580459,0.5625706315,0.6404266953,0.4361323416,0.4482766092
366,0.4706784189,1.012386918,0.3905920684,0.6061322093,0.6375549436,0.4536692798,0.4494807422
367,0.5313948989,0.5804790854,0.4063996375,0.737018168,0.6204431057,3.48499012,0.4351364076
368,0.5700886846,0.6525974274,0.4055420458,0.6929687858,0.6118673682,2.369058371,0.433068186
369,0.4985463619,0.4983139038,0.4137496054,0.683341682,0.6144506335,0.4285297692,0.4338897169
370,0.4914634228,0.7313693166,0.6070454717,0.6280298233,0.6286162138,0.4602534473,0.4432784021
371,0.4581068456,0.5625529885,0.5518246293,0.7136630416,0.6373099089,0.3978396356,0.4465189278
372,0.445276767,0.4770032465,0.3787554801,0.5934124589,0.651314497,0.4143822193,0.4521383047
373,0.4520003796,1.056617141,0.4411619902,0.7463895679,0.6627938151,0.4109006226,0.4562294781
374,0.4249738753,0.9022256732,0.3826640844,0.6621178985,0.668048203,0.6640455127,0.4512592852
375,0.482373476,0.4849010706,0.43342641,0.6906954646,0.6962782741,0.4572567642,0.470556587
376,0.4601139128,0.9564642906,0.4120187759,0.6086025238,0.7050748467,0.4329196513,0.4724813402
377,0.4389077425,0.6845725179,0.4313136637,0.6784815788,0.7027115822,0.5650889277,0.4642183781
378,0.449526161,0.8118128777,0.4366114438,0.7409431338,0.7240400314,0.489074558,0.4747622013
379,0.4691063166,0.6734125018,0.474863559,0.7843459249,0.7459800839,0.4644155502,0.4880466163
380,0.4171261787,0.3897652924,0.4226976931,0.6596107483,0.7284199595,1.62915802,0.4621795714
381,0.4218427241,0.7878904939,0.4663707316,0.809073627,0.7345477939,0.5512843132,0.4616737068
382,0.4379103184,0.6486534476,0.4443450868,0.7343106866,0.7593184114,0.5858106017,0.4748095274
383,0.4862702787,0.6047068834,0.4531960189,0.8355347514,0.7572396398,1.663768411,0.474335283
384,0.496858865,0.585370183,0.6465704441,0.7395060658,0.7734655738,0.7064481378,0.5041069388
385,0.4949714243,0.4851519167,0.5629546642,0.8757058978,0.777118504,0.5261134505,0.5160594583
386,0.4818133414,0.508910358,0.4971214235,0.7897539735,0.7753329277,0.4950117767,0.5153861046
387,0.4804828465,0.4691902101,0.4769372046,0.7807819247,0.7749321461,0.5014234185,0.5148815513
388,0.5181621909,0.51871562,0.4606621265,0.7196217179,0.7866284251,1.106409669,0.5224176645
389,0.525033474,0.5429628491,0.5583421588,0.7944254279,0.8058642745,0.6143693924,0.5346319079
390,0.4977808297,0.6163013577,0.4805363715,0.6518263221,0.8042085767,0.913559258,0.5242297053
391,0.4967019558,0.4703513682,0.5558462143,0.8180804253,0.8016183972,0.498757273,0.5261875987
392,0.4976762235,0.7505868077,0.4854578674,0.6879984736,0.8019032478,0.5002364516,0.5250748992
393,0.4893475771,0.6675148606,0.5247159004,0.7568134665,0.8019263148,0.5275836587,0.5221063495
394,0.4621023834,0.5239779353,0.4982078969,0.6559832096,0.7951481342,1.826732993,0.5071932673
395,0.5153470635,0.8839578629,0.5591289401,0.8384084702,0.8092095852,0.9184429049,0.5138884187
396,0.4820846319,0.6276234984,0.5179932714,0.7520677447,0.8021833301,0.5730293393,0.5098579526
397,0.5004105568,0.4878040254,0.4919052124,0.7906229496,0.8091550469,0.6638986468,0.5334057212
398,0.5061567426,0.6803686023,0.5376133323,0.7667300701,0.8015306592,0.6391302943,0.5323807597
399,0.5043091774,0.5362241864,0.5224433541,0.7146916986,0.7921468616,0.7744660378,0.5276070237
400,0.4858456552,0.4871793687,0.4751797616,0.711802423,0.7782754898,1.258073568,0.5187354088
401,0.4852983057,0.4964973032,0.507576704,0.6862772107,0.7669746876,0.8150767684,0.5189819932
402,0.4881561995,0.4952302873,0.4865053594,0.6637427211,0.7564075589,0.9759793282,0.5157054663
403,0.4811906815,0.4842788875,0.5034053922,0.6363878846,0.7519421577,0.6004087925,0.5158353448
404,0.4834895134,0.5158386827,0.5289134383,0.6103331447,0.7435663342,0.6886122823,0.5182563066
405,0.4929544628,0.5401675701,0.520115912,0.6561030746,0.7471191287,0.5955751538,0.515776813
406,0.5699514747,0.599185288,0.5821313262,0.7480043769,0.7915172577,1.123123884,0.6038151383
407,0.5865280628,0.5970888734,0.6528504491,0.7075986862,0.7783691883,1.115084767,0.6118330956
408,0.5747392178,0.7138645053,0.5972413421,0.7073281407,0.7778916955,0.6202129722,0.6140246391
409,0.6272261143,0.8384749293,0.6605998874,0.7609909177,0.8032345772,0.7883272171,0.6712911725
410,0.6466745734,0.6617777944,0.7293016315,0.7979494929,0.8280118108,0.7582113147,0.7109305859
411,0.6564639807,0.6722135544,0.7032707334,0.7503148913,0.8220823407,0.9813169837,0.7255589366
412,0.6881574988,0.7193630338,0.7203163505,0.7477200031,0.7979771495,2.239630699,0.7400243878
413,0.7337902188,0.6882479787,0.7404974103,0.7404282093,0.7698300481,2.385149717,0.7491835952
414,0.6970443726,0.6998918653,0.7430066466,0.7457253337,0.7624993324,0.9262525439,0.7565233111
415,0.589664638,0.5919365883,0.612454474,0.6539767385,0.7453834414,3.746253729,0.6965978742
416,0.5847446918,0.8028100133,0.6676769257,0.6682808995,0.7445190549,1.051718354,0.6817858815
417,0.58791852,0.5423471928,0.6071932316,0.7263914943,0.7437853813,1.030533671,0.666452229
418,0.5845591426,0.5677241087,0.5931134224,0.7294058204,0.7436693311,0.661495924,0.6656137705
419,0.5907840729,0.5609266162,0.5946282744,0.670689106,0.7443320155,0.6975948215,0.6655414701
420,0.5789313316,0.5842756629,0.6374857426,0.6772981286,0.7450327277,0.6373148561,0.664110899
421,0.5720339417,0.6078212857,0.5842722058,0.6900064349,0.742649734,0.7313610911,0.6653437614
422,0.5790461898,0.5954388976,0.5457776189,0.6792532802,0.7430727482,1.163737059,0.6713113785
423,0.5789596438,0.5623916984,0.5863082409,0.6560925841,0.7377419472,1.179350019,0.6752254963
424,0.5911114216,0.5874637961,0.5715113878,0.6450247169,0.7265141606,1.475480437,0.6792977452
425,0.6066249013,0.5833366513,0.5923718214,0.6649611592,0.7109651566,1.595077515,0.684425652
426,0.5850459933,0.6155771017,0.5881035924,0.6735589504,0.716555059,0.6236860156,0.678550005
427,0.5847213864,0.5943349004,0.5450590253,0.7056309581,0.7248387933,0.9430851936,0.6626620889
428,0.5865542889,0.5884212255,0.6376746893,0.785580337,0.730463326,1.215685964,0.6433034539
429,0.6212615371,0.542784512,0.5527608991,0.8847663999,0.7323207855,1.530955911,0.6215765476
430,0.6452620625,0.5923036933,0.6655128598,0.8036985397,0.7415497303,1.46009171,0.608605206
431,0.6515305042,0.5917561054,0.658126533,0.7974782586,0.7511618733,0.985558331,0.6043839455
432,0.7083926797,0.7411392331,0.7119219899,0.8736972809,0.7434652448,2.178545237,0.5882357955
433,0.676525414,0.6122396588,0.5954886079,0.8212473989,0.7547541261,0.8808156848,0.6069087386
434,0.6597187519,0.6217482686,0.5922333598,0.852193892,0.7629885077,0.7285969853,0.6225724816
435,0.6816062927,0.6297550797,0.681155026,0.7670183182,0.7787456512,0.7201135159,0.648507297
436,0.6626567245,0.5984466672,0.6144497991,0.7418561578,0.7769392133,0.6554836035,0.6490201354
437,0.629863441,0.6046156287,0.5827181339,0.7190214992,0.7693333626,0.9031508565,0.648532927
438,0.6322433352,0.6215499043,0.5715715289,0.7595127225,0.7697877884,0.6552355886,0.6482079625
439,0.6227975488,0.5891289115,0.6519696712,0.742836535,0.7701730728,0.6498639584,0.6480385065
440,0.612059176,0.5950276256,0.5980600715,0.7326831818,0.7693769336,0.6537055373,0.649394691
441,0.6096639633,0.5763623714,0.6254957318,0.725789547,0.7672579885,0.8691179156,0.6491605043
442,0.6034600735,0.593650043,0.6577373147,0.7010108829,0.7637462616,1.43805635,0.6493657231
443,0.6027619243,0.5966234803,0.6553952098,0.6636861563,0.7616801262,0.6582520008,0.6506542563
444,0.600143373,0.6127681136,0.692498982,0.6879771352,0.7674968839,0.7817616463,0.6549219489
445,0.6125237942,0.5838676095,0.654787302,0.6769776344,0.758087337,2.044996023,0.6543517113
446,0.6267088056,0.6256625652,0.6264315248,0.72797966,0.7845167518,1.040059209,0.6599348187
447,0.587615788,0.58625108,0.664580822,0.6676560044,0.7837370038,0.8901414275,0.6613727212
448,0.5995535254,0.5834183097,0.6139851213,0.687810123,0.779917419,1.074204326,0.662398994
449,0.6073039174,0.6235682368,0.6489089727,0.6975400448,0.787388742,0.8909618855,0.6687737107
450,0.6065495014,0.6377425194,0.6022763848,0.6921957135,0.7962600589,0.7956393361,0.6748760343
451,0.6301478744,0.6483379006,0.6348774433,0.7014594078,0.8169538379,0.6905005574,0.682611227
452,0.6291975379,0.6528692842,0.5947602391,0.6826745868,0.8170383573,0.6778509021,0.6817896962
453,0.6214148402,0.6076153517,0.6361285448,0.6885972023,0.8158221841,0.7143375278,0.6822372079
454,0.6382982135,0.6583665013,0.6434578896,0.6846155524,0.8100092411,1.594836593,0.7057635188
455,0.6283065677,0.6060177684,0.6754702926,0.6436462998,0.809533596,0.6905812621,0.7053044438
456,0.6109989882,0.5900362134,0.6269395947,0.6963915229,0.8041472435,2.433247566,0.6751884818
457,0.6429057717,0.6050457358,0.593575418,0.8050403595,0.7946107984,2.980559587,0.6455000639
458,0.6335455775,0.6317771673,0.5966456532,0.7885661125,0.7946107984,1.070053935,0.6451964974
459,0.6346972585,0.610522449,0.6296021938,0.7848160863,0.7945302129,0.6633345485,0.6452681422
460,0.6499271989,0.6172884107,0.6373382211,0.9019286633,0.8003976941,0.6489391327,0.6476485133
461,0.6417341232,0.6185044646,0.6428263187,0.7851798534,0.8063924909,0.649902761,0.649924159
462,0.6570718884,0.676875174,0.8002278805,0.7799229622,0.8207038045,1.044805288,0.6542561054
463,0.6508610845,0.6805480123,0.8102067113,0.7554008365,0.8289833069,0.7150576711,0.6575396657
464,0.6530380249,0.6633828282,0.7341911197,0.8117606044,0.8284959197,0.6924977303,0.6587712169
465,0.6486386657,0.6685450077,0.7200231552,0.7758236527,0.8381567001,0.6814107895,0.6635915041
466,0.6118199229,0.6441755891,0.5999962687,0.6945737004,0.8281911016,1.24893105,0.6554880142
467,0.6056334376,0.6184373498,0.6302983165,0.6339216828,0.8254038692,1.011075377,0.653100729
468,0.599887073,0.6784079075,0.6014789939,0.6298204064,0.8228461742,1.455246568,0.6514728069
469,0.5891686082,0.6465530992,0.5915026665,0.623908639,0.8101032376,1.266121149,0.6468454003
470,0.6003652215,0.6182407737,0.6236792207,0.6144484878,0.8246480823,1.336811423,0.6592139602
471,0.6156962514,0.6453798413,0.6359760165,0.5673186779,0.8280361295,2.266396999,0.6670520902
472,0.6086585522,0.6138381958,0.6488962173,0.6170752645,0.8297519088,1.131381392,0.6714804173
473,0.6100677848,0.6204468608,0.6006444097,0.6034519672,0.8376525044,0.782669127,0.6765626073
474,0.6155583858,0.6277122498,0.6281039119,0.57895118,0.8267722726,2.113548279,0.6779796481
475,0.6352266669,0.6679332256,0.6755273938,0.5374513268,0.8115024567,1.861370087,0.6789374352
476,0.6385883689,0.6581223607,0.6478672624,0.5755196214,0.8018859029,0.9889397025,0.6830749512
477,0.6523061395,0.6169894338,0.7053539753,0.5800815225,0.801805675,1.22802186,0.6897628903
478,0.7273683548,0.6788294315,0.7475203872,0.6146363616,0.7693862319,2.629936934,0.7016175389
479,0.6524071693,0.668936789,0.7758027911,0.6636522412,0.7808774114,0.6520645022,0.7266923785
480,0.5454512239,0.5951921344,0.6676826477,0.5923599601,0.7735500932,3.298534155,0.6657258868
481,0.5417957902,0.592292726,0.6454492807,0.562607646,0.7749732137,1.793609023,0.637067616
482,0.5601161718,0.6465255618,0.7159757614,0.5717033744,0.7845326066,0.6639309525,0.6573379636
483,0.5692942739,0.6742480397,0.7078542709,0.5745930076,0.7830271125,0.6352172494,0.6583370566
484,0.5857304931,0.7157142758,0.6934501529,0.6008044481,0.7735714912,1.131272793,0.6603797674
485,0.6252420545,0.6733115315,0.7290703654,0.6477718949,0.7547488809,1.635744572,0.6632527709
486,0.6313291788,0.6658132672,0.7373836637,0.6364453435,0.7438332438,1.220781207,0.6671589017
487,0.565438509,0.5607250333,0.6719770432,0.5904149413,0.7480486035,0.9713547826,0.6503763795
488,0.5679190755,0.5646272302,0.7394658923,0.6053294539,0.7455368042,0.6452596784,0.6564807296
489,0.5593740344,0.5751045942,0.6781942248,0.6002717018,0.7504148483,0.7445748448,0.6599343419
490,0.5928798318,0.6403730512,0.693269968,0.6377527714,0.7482091784,1.904521346,0.6702520251
491,0.6002954245,0.6668810844,0.7724041939,0.6636486053,0.7345727086,1.277235508,0.6821772456
492,0.5428698659,0.6059363484,0.6836966872,0.5658031106,0.7370843887,0.6553918719,0.6732106805
493,0.5031221509,0.5176743865,0.4660204351,0.5291289687,0.7358262539,3.145040274,0.6216810346
494,0.498585552,0.5432913303,0.4631489217,0.5246946216,0.7428503633,0.7726127505,0.6137630343
495,0.4953974783,0.5405218601,0.5163946152,0.543051064,0.750295639,0.5967640281,0.6136553884
496,0.5162796378,0.5312392116,0.5491876006,0.5645360351,0.762029171,0.7172829509,0.6208609343
497,0.5241165161,0.5735298395,0.5137937665,0.5448842645,0.7780516744,0.8183444142,0.618847549
498,0.5342920423,0.581984818,0.5717007518,0.5655155778,0.7754092216,0.643511951,0.6196713448
499,0.544103384,0.5826514363,0.5331413746,0.5611923337,0.7789103389,0.6089595556,0.6194881201
500,0.6006999612,0.5545446277,0.4900621474,0.5980632901,0.8145088553,0.7690855861,0.6337051392
501,0.608230412,0.5998095274,0.5207138658,0.5745484233,0.8206247687,0.6639999747,0.6364171505
502,0.6363358498,0.5697808266,0.4250896871,0.5834121704,0.7650583386,8.624157906,0.5498238206
503,0.5916605592,0.538734436,0.4337681234,0.4952805936,0.7781302929,1.113437533,0.5528860688
504,0.5654313564,0.5286984444,0.4318873584,0.5528128147,0.777860105,0.9605314136,0.5541564822
505,0.6557765603,0.5307569504,0.4433646202,0.5390710831,0.7561739087,5.58591795,0.5288307071
506,0.6977052689,0.5650277734,0.4305188954,0.6023129225,0.7347359657,4.771013737,0.5175458789
507,0.6570667028,0.6283293366,0.4431109726,0.5384097099,0.7454445958,1.575811744,0.5316619873
508,0.6800990701,0.6312921643,0.4247741997,0.5802326798,0.7430228591,1.522693992,0.5402495861
509,0.6625864506,0.5910357833,0.4309457839,0.4900806844,0.7508368492,0.7487108111,0.5482757688
510,0.7011466026,0.639590621,0.4636885226,0.5675036907,0.7712917328,0.7694619298,0.5667017102
511,0.7599160075,0.5763198137,0.4369728565,0.5716078877,0.7786186337,1.953751206,0.5853596926
512,0.7250475287,0.5459651351,0.4180540144,0.5958603024,0.7792026401,0.9448458552,0.5918045044
513,0.7088754773,0.6098620296,0.4155770838,0.5492155552,0.7929027677,0.6503092647,0.602872014
514,0.7834647298,0.6520978808,0.4439863265,0.5722265244,0.8174393177,0.9888423085,0.628908813
515,0.7907887101,0.5501682162,0.440256983,0.5765303969,0.8237869143,1.232239842,0.6430656314
516,0.7218295932,0.5023713708,0.4779910147,0.5560442805,0.8384938836,0.4571077824,0.647028029
517,0.689914763,0.5881307125,0.4512414038,0.554397583,0.8559818268,0.4784077108,0.6541958451
518,0.6064296365,0.6014930606,0.4469106197,0.5434945226,0.8667886257,0.6005775332,0.6394370794
519,0.5974444747,0.4564940035,0.4502111375,0.5991392136,0.8704824448,0.446539551,0.627178371
520,0.6032730937,0.64112854,0.4777975082,0.6267490983,0.8835114837,0.4349150658,0.6256371737
521,0.6229180694,0.6293002963,0.4937488139,0.6166421771,0.8914532661,0.4866220057,0.6255947948
522,0.601936996,0.4750799835,0.6966792941,0.6448937654,0.9069975019,0.4485116005,0.6246547103
523,0.5808418393,0.5355731249,0.4989182949,0.5996205211,0.9010832906,0.5011826158,0.6049819589
524,0.5827464461,0.5284972191,0.4734610617,0.5855793953,0.9162728786,0.4754748344,0.6032876372
525,0.5724914074,0.4829931259,0.475622654,0.5580450892,0.9181227684,0.4501132965,0.5945012569
526,0.5260041356,0.4757982194,0.4820097387,0.5587700605,0.9192757607,0.6118317246,0.5785908103
527,0.5199410319,0.4709978104,0.4770938158,0.5854540467,0.9184339046,0.5389618278,0.5647440553
528,0.5228793025,0.4580005407,0.4951396883,0.596724689,0.9205613136,1.090968609,0.5719638467
529,0.5818288326,0.4767777026,0.5259837508,0.5128265023,0.9091291428,3.490763664,0.5836632848
530,0.6079340577,0.512422502,0.4497117698,0.52126652,0.9028789997,2.957816362,0.6038746238
531,0.6911111474,0.5820686817,0.4221081734,0.5339995027,0.8879394531,4.19675684,0.6221496463
532,0.6099219918,0.5353266597,0.4285570085,0.5344757438,0.9021816254,0.7182764411,0.6340244412
533,0.6347962022,0.5149378777,0.5516355634,0.6421251297,0.9164295197,0.896522522,0.6492453814
534,0.6165987849,0.6633465886,0.4702968597,0.630808413,0.935852468,0.5400781035,0.6600604653
535,0.6048839092,0.6439082623,0.4900055826,0.5759161115,0.9418752789,0.5239806771,0.6593844891
536,0.6704919934,0.7161762118,0.5484610796,0.6686048508,0.9506872296,0.9771008492,0.6794273257
537,0.6341536045,0.7002379298,0.6391134262,0.7091935277,0.9603884816,0.4233427942,0.683265686
538,0.5972678065,0.545563519,0.5246416926,0.5875578523,0.948036015,0.5578250289,0.6515809894
539,0.6476857066,0.6671834588,0.5437139869,0.6412646174,0.9486422539,0.8405692577,0.6558939815
540,0.5525532961,0.5745549798,0.4518816769,0.6157854199,0.9481130242,0.5140609145,0.6343247294
541,0.5261579752,0.4943346977,0.6394354701,0.6283137798,0.9410044551,0.6408163905,0.6055749059
542,0.4813710451,0.479383111,0.5161820054,0.5535147786,0.9318845868,1.21632719,0.5674383044
543,0.504414022,0.4860197008,0.4791185856,0.5372986197,0.9254670143,0.4258863926,0.5553581119
544,0.49985075,0.4888394773,0.5777254701,0.5576617122,0.9266150594,0.4268645346,0.5464436412
545,0.4693601429,0.4497181475,0.5280916095,0.580175221,0.920132637,0.6528823972,0.5257517695
546,0.4851093292,0.4446564615,0.5052512288,0.5264965892,0.9065728784,0.6570103168,0.5099532008
547,0.5368166566,0.5180994868,0.6709219813,0.6278612018,0.9301970601,1.09568584,0.5487909317
548,0.5727725625,0.5231916904,0.712158978,0.6112120152,0.9307501912,0.6107980013,0.5571902394
549,0.5684623718,0.5066597462,0.6087472439,0.629686892,0.9288432002,0.5460487008,0.5606354475
550,0.6823723316,0.5877305865,0.6545859575,0.6050229669,0.9179737568,3.473104715,0.5586801767
551,0.6318381429,0.5224000812,0.7166697383,0.6084640622,0.9183578491,0.5793747306,0.5656487346
552,0.5826367736,0.5412573218,0.6133998036,0.6077554226,0.9142250419,0.4991729259,0.5622677803
553,0.5378950834,0.5338907838,0.5035296082,0.5824565887,0.9102630615,0.5025663376,0.5595225692
554,0.562915504,0.4970068038,0.5127026439,0.5707986355,0.9101292491,1.322132826,0.5647951961
555,0.5574499965,0.5166280866,0.5108776689,0.6009969115,0.910554111,0.6649646759,0.5716926455
556,0.5216631889,0.4861873686,0.5244845152,0.5947268009,0.9073955417,0.554466784,0.5630737543
557,0.5146830678,0.461504221,0.5388600826,0.5821690559,0.9020368457,0.5499451756,0.5547630191
558,0.4829859734,0.4822149575,0.5079808831,0.5577281117,0.8902254105,0.8469031453,0.5485163927
559,0.4739217758,0.4961006939,0.5181381106,0.5546340346,0.8830148578,0.6161975265,0.5479708314
560,0.4978351593,0.5076868534,0.5009394288,0.5972797871,0.8836244941,0.8208889961,0.5505089164
561,0.4762390554,0.4798304141,0.5247800946,0.5841994882,0.8732626438,0.7896854281,0.5394108295
562,0.4931333065,0.4884445667,0.5050688386,0.5801801682,0.8693528175,0.5250203609,0.5373653769
563,0.4911049604,0.4877971411,0.5003448129,0.5567315221,0.861638844,0.6070922017,0.5363510847
564,0.4762069285,0.4758928716,0.5223754048,0.5126505494,0.8469035625,0.9442474246,0.5319536328
565,0.5129554272,0.4697915018,0.5212820172,0.5538583398,0.85131675,0.5401743054,0.5330761671
566,0.4676268399,0.4583244324,0.5000729561,0.4927193224,0.8229709268,1.843062758,0.513797462
567,0.4577356875,0.4818325043,0.4609792233,0.5204353333,0.791605711,2.015642881,0.4974513948
568,0.4721256196,0.4510395527,0.4908057749,0.5015025139,0.7777984738,0.9039416313,0.495831877
569,0.4711544514,0.4782446623,0.497232914,0.5063489079,0.7639002204,0.9002857208,0.4987911284
570,0.4836957455,0.4951088428,0.4932073355,0.4865483046,0.7520900369,1.042278886,0.4975362718
571,0.4915193617,0.4662493169,0.5543091297,0.5023244023,0.745908916,0.6584621072,0.5107011199
572,0.4975689352,0.4690781534,0.5202723145,0.502579391,0.7463717461,0.5722563267,0.5155004263
573,0.4900773466,0.4507701397,0.5310909748,0.5137822628,0.7339429259,0.9540882111,0.5168724656
574,0.5350753665,0.4865300655,0.4685356617,0.5794053674,0.7341752648,1.147873998,0.5021438003
575,0.6192340255,0.4855765402,0.4266272485,0.7394531369,0.7296311855,3.053818464,0.4674161971
576,0.4965358675,0.4666437209,0.4764299393,0.6100222468,0.7212521434,0.6509796381,0.4734150469
577,0.4937749803,0.4316656291,0.43928352,0.6836472154,0.7172561288,0.5479966402,0.4737966955
578,0.5463697314,0.4266542494,0.4681230485,0.7192453742,0.7130290866,2.69011426,0.4467880726
579,0.5174017549,0.4318636358,0.4228527546,0.701379776,0.7190462947,0.6831393242,0.4451768398
580,0.4934220016,0.4681130946,0.4591290951,0.6124461293,0.7187218666,0.4449330866,0.4451645911
581,0.6346817017,0.5570052266,0.5437266827,0.8005695343,0.8256903291,0.6274193525,0.5890316367
582,0.6378209591,0.6035214067,0.6273649335,0.7156596184,0.8352575302,0.6151002049,0.615141809
583,0.6711367965,0.6228189468,0.7069733143,0.7627862096,0.8617942929,0.7171964645,0.6674602628
584,0.7111697793,0.6240870357,0.6415150762,0.821449697,0.8672359586,1.108703136,0.676205337
585,0.6543595195,0.6440387368,0.6153745055,0.8074954152,0.8569409251,0.9919020534,0.6774778366
586,0.6315502524,0.6948344111,0.5879722238,0.7172282338,0.835729897,1.690009713,0.6766986251
587,0.7005267143,0.6423683763,0.64825809,0.8457656503,0.8381138444,1.068899035,0.6779639125
588,0.6717579365,0.6649654508,0.6314375997,0.7679629922,0.8354499936,0.6811682582,0.679879725
589,0.6352214217,0.6912307143,0.6596897244,0.7110872269,0.8322864175,1.250669837,0.6823220849
590,0.6461575627,0.6683164239,0.6416318417,0.6784598231,0.8314080238,0.8417553902,0.6841256618
591,0.6481284499,0.6465742588,0.5806202888,0.6965500712,0.8323927522,0.9317996502,0.687482357
592,0.6150015593,0.7062919736,0.5875375271,0.6155235171,0.8151378632,1.469646811,0.6904384494
593,0.6048528552,0.6967032552,0.5768886805,0.6448925138,0.8058367372,1.381967187,0.6934574246
594,0.6393793225,0.6487313509,0.5791969895,0.6354649067,0.804741621,0.6602206826,0.6935312748
595,0.6264366508,0.8539037108,0.5650840402,0.6597953439,0.7997880578,0.7795787454,0.7015404105
596,0.5847260356,0.8129474521,0.5838519931,0.5673439503,0.7660855651,2.853597641,0.7022848725
597,0.5426778793,0.7334598899,0.5176420212,0.5717821121,0.7562795281,1.031165242,0.7087199688
598,0.5703194141,0.9209702611,0.4954307079,0.5756950378,0.7530817389,0.6791372895,0.7125834823
599,0.5616425872,0.7463930249,0.5530199409,0.5277747512,0.7402624488,1.308216095,0.7279819846
600,0.5521129966,0.6676015258,0.5133703351,0.5473308563,0.7408100963,0.7539405823,0.7139683366
601,0.5418187976,0.7006880641,0.5571449399,0.5677211285,0.7313961983,1.058304429,0.720271349
602,0.5662000775,0.7795309424,0.6495912075,0.5533980727,0.7324755788,0.7046342492,0.7366020679
603,0.5851557255,0.7188178897,0.6604592204,0.5517486334,0.7190213203,1.329720855,0.7482674718
604,0.584998548,0.6351958513,0.6372600198,0.5700716376,0.7260231972,0.7799728513,0.7297620177
605,0.596732378,0.6187612414,0.655529201,0.5335881114,0.7236526608,0.9405962825,0.7336583138
606,0.5925943255,0.5614945889,0.5972907543,0.5260014534,0.7032208443,1.846468925,0.7476077676
607,0.607935369,0.5869065523,0.7291092277,0.5195060372,0.6980572343,1.200622439,0.7545657158
608,0.60501647,0.594694674,0.6855466962,0.5578332543,0.7043460011,0.617685616,0.7449625134
609,0.6097288728,0.6229269505,0.7070385814,0.5319167972,0.702912569,1.354102135,0.7547864318
610,0.64322263,0.6468772292,0.7434026599,0.5338261724,0.6962852478,2.165706396,0.7704944015
611,0.6601118445,0.7283846736,0.762530148,0.5344830751,0.6904774308,0.8955103755,0.7745916247
612,0.6543397307,0.8046414852,0.7643494606,0.517829597,0.6812362075,1.577711582,0.7851998806
613,0.6686263084,0.7450962067,0.7037119269,0.5085147023,0.6733537316,1.768255115,0.7983419895
614,0.6604713798,0.9554823041,0.6189863682,0.5106444359,0.6699652672,2.03659153,0.8164518476
615,0.6424102187,0.8111740947,0.7792952657,0.5269699693,0.6781220436,1.098182678,0.8256962895
616,0.6531834006,0.7466964126,0.8529305458,0.5312618613,0.6775103211,1.654994607,0.8406579494
617,0.64034307,0.9645054936,0.7310853601,0.5257601142,0.6861258149,1.088368416,0.8493061066
618,0.6738469601,0.9274048805,0.7096753716,0.5268500447,0.6789295673,1.943491936,0.8655087352
619,0.6291888356,0.8439879417,0.8130809665,0.549585104,0.6786877513,0.6621007323,0.8579031825
620,0.6693585515,0.789075613,0.7537417412,0.5939390659,0.668864429,2.029473066,0.8745117188
621,0.6584331989,0.8555769324,0.7787488103,0.5911538005,0.6678685546,0.9169542193,0.8756681085
622,0.7021565437,0.8037568927,0.7759794593,0.5950230956,0.6701638103,1.334344029,0.8864481449
623,0.7044027448,0.7495507598,0.7651286125,0.5947172046,0.665792346,1.037753701,0.8903458714
624,0.6547701955,0.880756557,0.8033752441,0.5855103731,0.6642642617,0.6304411292,0.8901090026
625,0.6275773048,0.8917357326,0.7568280101,0.5695510507,0.6662515998,0.6325660348,0.8780505657
626,0.6051687002,0.7086462975,0.838314712,0.565043509,0.6661682725,1.098841071,0.8281884193
627,0.6360554099,0.7516101003,0.7015972137,0.548339963,0.6728153229,0.5953814387,0.8135128021
628,0.6801254153,0.8492956161,0.9011269212,0.5542683601,0.6672036052,1.403363109,0.8235852122
629,0.7143256068,0.7892234921,0.9439348578,0.5953418016,0.677949369,1.3908602,0.8396727443
630,0.7541748881,0.8875703812,0.9622282982,0.6397053599,0.6727951169,1.867515683,0.8556841016
631,0.720328331,0.8312196136,0.932864368,0.6124797463,0.6710392833,0.9114496112,0.8572008014
632,0.5843123794,0.6682219505,0.8448047638,0.5014291406,0.6777534485,2.074584007,0.783328712
633,0.5480082631,0.5910503268,0.5657655597,0.4831914902,0.6692187786,2.818322897,0.7017216086
634,0.5424337387,0.5722156167,0.6214725375,0.4810790122,0.6736658216,0.647770822,0.6845391393
635,0.5461607575,0.6169789433,0.5866479278,0.4926454127,0.6731132865,0.5729166269,0.6780705452
636,0.5569388866,0.6201660037,0.5917613506,0.4839229584,0.6799398065,1.031170368,0.6876093745
637,0.5616976619,0.638763845,0.6562144756,0.5070126057,0.6745088696,0.8579087853,0.6914437413
638,0.5832552314,0.6467371583,0.6300367117,0.5336015821,0.669034481,1.554580688,0.7022024989
639,0.5471670032,0.5785562992,0.5468408465,0.4974051714,0.6812801361,0.6042863727,0.6900913119
640,0.5567724705,0.6401039958,0.5818383694,0.4956478775,0.6838107109,0.8631413579,0.6946435571
641,0.5690552592,0.7211694121,0.5472592115,0.5143597722,0.6793993115,0.8957181573,0.6985940933
642,0.5200343728,0.5869625211,0.564801991,0.4828507602,0.7028253675,0.9872582555,0.6780449748
643,0.5063631535,0.5145964026,0.4275371134,0.4512988329,0.6591256261,6.527746677,0.5626815557
644,0.4839370251,0.5265294909,0.4305708706,0.442350626,0.6605241299,1.130331755,0.5423696637
645,0.5013462901,0.5303737521,0.4562272131,0.4421683252,0.6608315706,0.839738071,0.5311251283
646,0.4740146399,0.5138067603,0.4307115078,0.4488173425,0.6607162952,0.5149555802,0.5295107365
647,0.4801375866,0.5104296803,0.4462209046,0.4328805506,0.659006536,1.147189379,0.5163357258
648,0.4689090252,0.5193181634,0.4189382792,0.4437967241,0.6590466499,0.5961012244,0.5138366818
649,0.4704464972,0.5105631948,0.426751852,0.4512140751,0.6589832306,0.5986416936,0.5129759908
650,0.4566698074,0.4860833883,0.430963546,0.4423871934,0.6592938304,0.5288085938,0.5116485953
651,0.4573682547,0.4835240841,0.4296865761,0.4604242742,0.661569953,1.007214189,0.5028610229
652,0.4603370428,0.4777196348,0.4277566671,0.4570326805,0.6598029733,0.5709670186,0.5030539036
653,0.4645612538,0.4944809377,0.4271024466,0.4679051936,0.660911262,0.503474474,0.5031823516
654,0.4592015445,0.4514831603,0.4407214224,0.4137882292,0.6647796035,1.39553082,0.492941469
655,0.4717014134,0.4548305273,0.4343312979,0.4279198647,0.666359365,1.106414318,0.4870315492
656,0.469247669,0.4649664462,0.4150982201,0.4336877763,0.6665381193,0.5175777078,0.487147063
657,0.4636380672,0.464969188,0.4614312649,0.4320813417,0.6701090336,0.4938554764,0.4883278906
658,0.4559379518,0.4516090453,0.4252592623,0.4206215143,0.6742194295,0.510923028,0.4892481267
659,0.4636212885,0.4601008892,0.4143316746,0.4371995032,0.6778814197,0.8197824955,0.4881968498
660,0.4974312484,0.4789045155,0.4124900997,0.4325663149,0.6919490695,0.9697105289,0.4937259257
661,0.460146755,0.4831511974,0.4516941011,0.449041605,0.6951544881,0.6324160695,0.5087341666
662,0.4675320089,0.4962514341,0.4457261562,0.4482090473,0.6930314898,0.5080856681,0.510227561
663,0.4929318428,0.5163701177,0.5058761239,0.4652141035,0.6919510961,0.5142216682,0.5135897994
664,0.4962425232,0.4997117817,0.452257067,0.4567900598,0.691901505,0.5517859459,0.5140480995
665,0.4983766079,0.5460798144,0.4673856795,0.4663687646,0.7008016706,0.7714449763,0.516836822
666,0.5232437253,0.5484396815,0.5042204857,0.5103206038,0.7016250491,0.5870022178,0.5272372365
667,0.5501269698,0.5307710767,0.4443601072,0.4831562042,0.6993718147,1.319194794,0.5241114497
668,0.5554299951,0.52934587,0.4418430328,0.4739974439,0.6986700892,1.064731598,0.5234257579
669,0.5740109086,0.5579416156,0.4376896918,0.4958442152,0.7005001903,0.5145108104,0.5236261487
670,0.5746213794,0.5634381175,0.4536713064,0.4918277264,0.702234745,0.5200992227,0.5239481926
671,0.5331904292,0.5241599083,0.4897385836,0.4944988787,0.6956874728,0.708258152,0.5180564523
672,0.5292885303,0.5201284289,0.4429810941,0.4658932686,0.6962073445,0.9529492259,0.5177966952
673,0.5488997102,0.5064247251,0.4100604057,0.5058808327,0.6990004182,0.5084223747,0.5181575418
674,0.5170937181,0.5130802989,0.4839396179,0.4987241924,0.6994504929,0.6028638482,0.516084969
675,0.528421998,0.537186861,0.5881409645,0.5184965134,0.6976968646,0.6117364764,0.5131673217
676,0.5168956518,0.5189259648,0.465719074,0.4996027946,0.6968285441,0.5098569989,0.5124086738
677,0.5622379184,0.3716180325,0.3343481123,0.3615277708,0.590628624,13.99156189,0.4123567343
678,0.5141095519,0.3920907974,0.2715668976,0.3327265978,0.578558743,2.79449296,0.4136196673
679,0.6100482345,0.4203497469,0.2483314872,0.360468626,0.5473794341,5.29640913,0.4084432423
680,0.5404729843,0.439802736,0.2564958632,0.3278635144,0.5427935123,1.890993953,0.4190128148
681,0.4783731699,0.4390102327,0.2844882309,0.3154229522,0.5490255356,0.5138870478,0.4253864288
682,0.5029382706,0.4665072858,0.3342294395,0.286570549,0.5709235668,0.6032357812,0.4468930662
683,0.5159369111,0.5526550412,0.2854593992,0.2903943062,0.568446219,1.416603923,0.4592320919
684,0.4788657129,0.5205315948,0.3272593021,0.2616446316,0.568598032,0.487539053,0.4600105286
685,0.3977112472,0.5106992126,0.3742122948,0.262994498,0.5620314479,0.515263319,0.4327055514
686,0.3915369213,0.3846236467,0.4118647277,0.2640635669,0.5667070746,0.3267376721,0.4225155413
687,0.3523074389,0.333331883,0.4466046393,0.2694203556,0.5655418038,0.4579490721,0.404304415
688,0.3928683698,0.387272507,0.356942147,0.268230021,0.5661472678,0.4526837766,0.4056194723
689,0.3650141656,0.3204708993,0.2431972772,0.2986010015,0.5720083117,0.343105942,0.3975886106
690,0.3800377846,0.3566642702,0.2621970475,0.3638059199,0.5854269862,0.5966868997,0.4106078148
691,0.4034940004,0.3385804594,0.2761265934,0.3516429663,0.5880584121,0.8773027062,0.4190067351
692,0.3852443993,0.3288857043,0.2688268423,0.3061675727,0.589122951,0.297200948,0.4182856083
693,0.4032118022,0.358383894,0.2849381864,0.3521616459,0.5888592601,0.4382385314,0.4191611111
694,0.4330878556,0.3505217135,0.2798086703,0.3660982549,0.5988128781,0.6790807843,0.4305790365
695,0.4753024876,0.373829633,0.295945853,0.414508611,0.601944387,1.059535861,0.4414891303
696,0.434397012,0.3763316572,0.3026329577,0.4159347117,0.6041793823,0.3918313086,0.4411748946
697,0.4255151749,0.3491932452,0.3202300966,0.4759760797,0.6042228341,0.3819508255,0.4410260618
698,0.5070274472,0.3989237547,0.2849918902,0.4880721569,0.5999162793,1.7959162,0.4547570646
699,0.4783358574,0.408308655,0.3112295568,0.4168055952,0.6006671786,0.6402044892,0.4590154886
700,0.3832334578,0.3249382675,0.3350463808,0.3253982663,0.6069092155,0.3250525296,0.4474372864
701,0.3696244657,0.3458341062,0.2666637897,0.369178921,0.617844522,0.2896904647,0.4430522919
702,0.4152433574,0.3314866424,0.2673318088,0.3870379031,0.6239787936,0.6822535396,0.451587677
703,0.3604172766,0.3412262201,0.2875113785,0.3766371012,0.6276661754,0.3041500747,0.4397041798
704,0.3277871013,0.2957322299,0.2819359601,0.3325518072,0.6249877214,0.3188488483,0.4231259525
705,0.2981417477,0.3008099794,0.2772974372,0.3127287924,0.6219826937,0.5144689679,0.4015173912
706,0.2760870159,0.2914155424,0.26443097,0.285574168,0.6112088561,0.7899153829,0.3715948761
707,0.3052466214,0.3279171884,0.2842068374,0.3285543025,0.6126776338,0.3208701909,0.3704969883
708,0.303284198,0.293237865,0.3069663942,0.3103071451,0.6113752723,0.3305216134,0.3588091433
709,0.2957267761,0.2796446383,0.2814027965,0.3165184557,0.6093456745,0.4714655876,0.3441797793
710,0.2774556577,0.2856254578,0.2764849663,0.283079654,0.5930351615,0.8696954846,0.3168968856
711,0.2735311389,0.2614411712,0.2737291753,0.2709922194,0.5862304568,0.8106309772,0.2987598181
712,0.2587200701,0.2871511281,0.2826817036,0.2632036209,0.581092298,0.7533493638,0.284419924
713,0.2519567609,0.2580802739,0.2569332421,0.2812954485,0.5704491735,0.8297030926,0.2681580186
714,0.2486080527,0.2398231775,0.3020656407,0.2545214891,0.5613966584,0.6138514876,0.2568059862
715,0.258386761,0.2484598607,0.286231786,0.286305815,0.5652464032,0.2431657463,0.2575023174
716,0.2536188066,0.2542619407,0.3100857139,0.2695233524,0.5604274869,0.5370147824,0.2501341999
717,0.2693401873,0.2500215769,0.3205907345,0.3194732964,0.5774118304,0.2932043076,0.2581839859
718,0.2680619657,0.2534674108,0.3293012977,0.3054661751,0.5690207481,0.6815263629,0.2494443655
719,0.2741301954,0.3219897747,0.3635899127,0.2791097164,0.5640987754,0.2607782185,0.2500430644
720,0.2900544107,0.260185957,0.3539432585,0.2778321207,0.5636060834,0.9346313477,0.2519672811
721,0.3438212574,0.4817012846,0.3371753693,0.333226651,0.5619246364,1.265630722,0.2499899417
722,0.3103313148,0.2992514074,0.3144751489,0.3087324202,0.566554606,0.2557567358,0.251362592
723,0.2797263861,0.290648967,0.2984357774,0.278948158,0.5629237294,0.3106812537,0.2471161485
724,0.2584189773,0.259804517,0.2783325016,0.2633296549,0.5575731993,0.3549789488,0.2422278523
725,0.3127403259,0.3545248806,0.3835763037,0.3129818141,0.5895369053,1.347571731,0.3096099794
726,0.3169533312,0.3389606178,0.3442482054,0.317948103,0.5749354959,0.8048260808,0.3105662763
727,0.3409955502,0.3519155979,0.4144376218,0.3052259088,0.5764340162,0.3584296405,0.3111757636
728,0.3328585327,0.4241513312,0.3637701571,0.3088377416,0.5676600933,0.8109765053,0.308026433
729,0.3145753741,0.3195929229,0.309836328,0.3306622803,0.5651738048,0.3683271408,0.3080716431
730,0.326323539,0.3197357953,0.3297208846,0.3700102568,0.5827648044,0.3340187073,0.3166508377
731,0.3446534574,0.332401365,0.4217611849,0.3627072275,0.5945459008,0.4935440123,0.316700846
732,0.3346515894,0.3153742254,0.3937166929,0.3310594559,0.5848038793,0.8999543786,0.3132309616
733,0.3558214009,0.3584661484,0.4203716815,0.3616118431,0.6013009548,0.3226164281,0.319250077
734,0.3575128615,0.3304651678,0.3938188553,0.3357532918,0.5998532176,0.6380555034,0.3197353184
735,0.3562943041,0.3503965437,0.4300465584,0.3411621153,0.5954844952,0.6355338097,0.3195536733
736,0.3666938841,0.3463251591,0.3801723719,0.3670491278,0.605230093,0.539126873,0.3259771168
737,0.3848520815,0.5115055442,0.4422398806,0.4054642618,0.6078348756,0.3289320171,0.326428324
738,0.3828164637,0.3688448966,0.4400123656,0.4013881683,0.5871847272,1.315288544,0.3223873079
739,0.3654389381,0.4008433819,0.4609575272,0.372649312,0.5867266655,0.3424269259,0.3212175667
740,0.3583595753,0.3579115868,0.4374608994,0.3662135601,0.5843334794,0.3128814697,0.3220975399
741,0.3492199481,0.4428768158,0.4135942757,0.399314791,0.5865587592,0.3851288557,0.3188949525
742,0.3660694063,0.4063419402,0.4030544758,0.3811269104,0.5873376727,0.3608201444,0.31694296
743,0.3770705163,0.3768695891,0.4269257486,0.430562824,0.596508503,0.5403636098,0.3132234812
744,0.3697874546,0.4052095115,0.3242064416,0.386659503,0.5964168906,0.4911648333,0.312569499
745,0.3841778338,0.4182314873,0.3667548597,0.4570723474,0.6010809541,0.643491745,0.3080457747
746,0.3902204931,0.3496470451,0.3481124938,0.3986180127,0.6017687917,0.3732948601,0.3164282739
747,0.3723398745,0.3463031352,0.3596366346,0.3836484849,0.5986438394,0.3218599856,0.3211132586
748,0.3771543503,0.3582246304,0.3890649378,0.3598806858,0.5959873199,0.3222806454,0.3228396475
749,0.3778219521,0.3239066303,0.388065666,0.4083005488,0.5935997963,0.3244449496,0.3235354125
750,0.3763146102,0.3378426135,0.3587481678,0.3846554756,0.5883564949,0.4092189372,0.3235814869
751,0.3735545576,0.3895453513,0.3612101078,0.4164392948,0.5924271941,0.3232253492,0.3242715895
752,0.3845427036,0.4050596654,0.3839645088,0.4041441381,0.5979973674,0.3825926483,0.3236341178
753,0.3799881041,0.4977936745,0.4077161252,0.3742091358,0.596680522,0.3854513466,0.3236412108
754,0.3745637834,0.3594128788,0.3878014982,0.3969017267,0.5938958526,0.3504272401,0.3238129914
755,0.3783048093,0.3641634881,0.3961412907,0.3569583893,0.5958707333,0.3305143416,0.3242732584
756,0.3584860265,0.3447871506,0.4286967218,0.3835008144,0.5822505951,0.772520721,0.3226774037
757,0.4283411503,0.367767185,0.3621096909,0.4302041531,0.5950345397,2.572502375,0.3048596084
758,0.4167481363,0.3329240978,0.5495779514,0.4538681507,0.5956709385,0.6362279058,0.3028979003
759,0.4404097497,0.3622511327,0.5012216568,0.3954834044,0.6081546545,0.8514382839,0.3034045398
760,0.4387581348,0.3714812696,0.4490550756,0.4124831259,0.6204401851,0.4251759052,0.3076284826
761,0.3921310604,0.3299706876,0.4546592236,0.3282960951,0.6175618768,0.4336711168,0.3046906292
762,0.5100454688,0.3693809509,0.4059538543,0.3931497633,0.6244540215,1.998016715,0.2995454073
763,0.4906066656,0.3205735385,0.3511222899,0.4815545082,0.6407036781,0.5716538429,0.3073585033
764,0.4710966051,0.364869684,0.4302592278,0.5222218037,0.6476592422,0.469848007,0.3104688823
765,0.4374237955,0.3086186945,0.3396047056,0.6224450469,0.6594894528,0.2912793159,0.3152151406
766,0.4175139964,0.2963913977,0.5440282822,0.5501759648,0.6564745307,0.2979178429,0.3163455725
767,0.4199324846,0.3473235071,0.5711827874,0.4739206135,0.6577677727,0.3491546214,0.3170413971
768,0.4030351937,0.327596277,0.3484934866,0.5180134177,0.6580817699,0.372392416,0.3180766404
769,0.3717025816,0.3192922175,0.320982486,0.6082118154,0.6531316638,0.3058442771,0.316326648
770,0.3593990803,0.2942334712,0.2873052657,0.5345354676,0.6469427347,0.3317547143,0.3142226934
771,0.3718556464,0.3150314391,0.299254328,0.463132143,0.6502117515,0.3006638587,0.3141646683
772,0.4157313406,0.3006519973,0.2743273079,0.4563407004,0.6558456421,0.3386299312,0.3160502613
773,0.3926173449,0.3140526712,0.299775213,0.4535802305,0.6584429741,0.339283675,0.3168381751
774,0.4418879449,0.3241147101,0.4181411266,0.494648546,0.6711153984,0.8096737862,0.3228878379
775,0.4275334775,0.3054412007,0.437738806,0.463421464,0.6775910258,0.5539913774,0.3263761401
776,0.4183998108,0.3349360526,0.4588634968,0.4546003044,0.6920514107,0.3680930138,0.3337295055
777,0.3922555149,0.3381215632,0.4492118061,0.4687337875,0.7057678699,0.3212837875,0.3381510675
778,0.3519841731,0.2856065631,0.4170611203,0.3881842196,0.7045285106,0.9658834338,0.3272635937
779,0.3999958932,0.3260985315,0.4427365363,0.4622752666,0.7062320709,1.002708316,0.3293473423
780,0.400729984,0.312173754,0.450162977,0.4709534645,0.7164393067,0.5484813452,0.3349825442
781,0.3858617842,0.3286965191,0.4635938406,0.4840246141,0.747253716,0.3077050745,0.3522244394
782,0.3663522303,0.2922906578,0.3248690665,0.4651103914,0.7594291568,0.4372999668,0.3532869518
783,0.3823491037,0.2981252968,0.3314093649,0.4457568824,0.7763748169,0.3760987222,0.3587927818
784,0.4127738476,0.3313939571,0.4410324991,0.5443844795,0.7901905179,0.4950945377,0.3659526408
785,0.3914478123,0.2956854999,0.3818520606,0.5341278911,0.8014404178,0.4966573715,0.3658150733
786,0.3695062399,0.3012561202,0.3359888792,0.4906819761,0.7891204953,0.5335313678,0.3552725017
787,0.3655202091,0.3143083453,0.3459002078,0.4686055183,0.7860221863,0.3470484316,0.3572437763
788,0.4196811616,0.3184271753,0.4206367433,0.5801633,0.7985576987,1.829099655,0.3627583683
789,0.42958951,0.3392192423,0.4167207778,0.5544217229,0.8004645705,0.7953580022,0.3664633036
790,0.3696240187,0.3297331333,0.3144541383,0.4984709322,0.790538311,0.4019458294,0.3590779006
791,0.3594207764,0.2956881225,0.3185373545,0.4942668676,0.7863870263,0.3240486681,0.3594398797
792,0.351144433,0.3059150279,0.3295031488,0.485503912,0.7867872119,0.348626405,0.3591418266
793,0.4059568644,0.3028507829,0.3671336174,0.5388882756,0.790310204,1.21171999,0.3626721203
794,0.4287500083,0.3310722113,0.3118996918,0.5873560309,0.8115577698,1.042655945,0.3772681653
795,0.4120081961,0.3371183574,0.3969538212,0.573990941,0.8172898293,0.504489243,0.3808558881
796,0.3720677793,0.310439229,0.4618708193,0.5344783664,0.8228285313,0.4826033413,0.374183774
797,0.3645690978,0.3253202736,0.3375240266,0.5415195823,0.8278510571,0.6008287072,0.3665590286
798,0.3806017339,0.3058324754,0.3323395848,0.5095030665,0.8377947211,0.3180311024,0.3679599464
799,0.3726690114,0.3071016669,0.3482518196,0.527033031,0.8413543701,0.3858517706,0.3636238575
800,0.3945284784,0.3074610531,0.3367025852,0.5717414021,0.8661743999,0.3339907825,0.3757998049
801,0.4126167297,0.3118441999,0.3700930774,0.5671604276,0.8921608925,0.3816990852,0.3866157532
802,0.4295508862,0.3459559977,0.4193926752,0.6306219101,0.9253080487,0.3604810238,0.4033413827
803,0.4276899099,0.3574073315,0.4022963345,0.593767643,0.9261868596,0.4130792916,0.4036336839
804,0.4053432047,0.3557856083,0.4423603714,0.6083222032,0.9201250076,0.3581162989,0.4015339911
805,0.4003297389,0.3936813772,0.3894597292,0.4968933165,0.9283139706,0.3995643556,0.4009137154
806,0.4264946878,0.3583781719,0.4163803756,0.5399054289,0.937951088,0.4051162302,0.4041613042
807,0.436488837,0.3689808846,0.4198909104,0.5231635571,0.9634054303,0.4542187154,0.4140751064
808,0.4433932006,0.3980658352,0.4411070645,0.5332632661,0.9884567857,0.4768008292,0.4236257076
809,0.456694603,0.420634836,0.4681049287,0.5451628566,0.9994094968,0.3975084126,0.4255428612
810,0.4770735502,0.4085046947,0.4830905497,0.542463541,1.016906857,0.3979519904,0.4321876466
811,0.4958030283,0.4054197073,0.4621734619,0.5939331055,1.040047288,0.4018166065,0.4419427812
812,0.5022791028,0.4362072051,0.4344798028,0.6068549752,1.043809533,0.4093308449,0.4401813447
813,0.4975839555,0.4348346293,0.4669932127,0.5816431046,1.02205801,0.9073347449,0.4235417843
814,0.509414494,0.4761691391,0.4584013224,0.5964927673,1.019829154,0.4022873342,0.421256423
815,0.5469853878,0.4938045442,0.4560096562,0.6649591923,1.023623824,0.9257659912,0.4231802523
816,0.5566939712,0.4597260654,0.480079025,0.6731166244,1.026459455,1.293513656,0.4253765643
817,0.5654765368,0.4421144426,0.4788155556,0.6815040708,1.056837082,0.7865707278,0.4418604374
818,0.5217949152,0.4176183045,0.4693536758,0.6692610383,1.074018359,0.3954359591,0.4475404024
819,0.5264644027,0.4299736023,0.4947021902,0.6480946541,1.082017422,0.4409732521,0.4496306479
820,0.5391946435,0.4656560421,0.4800374508,0.6757318377,1.096823215,0.4635571241,0.4554142654
821,0.7664446831,0.5283358097,0.6009468436,0.8880254626,1.045406699,10.57684708,0.4188727438
822,0.6989662051,0.5454227924,0.5753473639,0.8608267903,1.070620179,1.653416276,0.441829443
823,0.5638837814,0.833801806,0.4806875288,0.701315701,1.065892339,0.2868613899,0.4331223071
824,0.5579268932,0.4990751743,0.4867304265,0.7163761258,1.067485809,0.2897119224,0.4270631373
825,0.5602055192,0.5385052562,0.3901931942,0.6660559773,1.072700381,0.3777143657,0.4271422327
826,0.4823122919,0.5443268418,0.3281234801,0.6276697516,1.063037753,0.6041529179,0.4017560482
827,0.4726974964,0.7256312966,0.4384233057,0.6363062263,1.054246783,0.3402277529,0.4010971785
828,0.4865394533,0.618196249,0.4331448078,0.6565651298,1.046772003,0.3098823726,0.3993881643
829,0.4491539001,0.5215584636,0.3469391763,0.561091423,1.047741771,0.5438737869,0.3871015012
830,0.4772510231,0.751660645,0.3836338222,0.6065141559,1.057795048,0.34184286,0.385342598
831,0.4853366315,1.233276367,0.3531120121,0.592010498,1.064107656,0.3145142496,0.3836216629
832,0.456476301,0.448413372,0.3545154631,0.6645264626,1.048888206,0.5954273939,0.3662208319
833,0.4568556547,0.6872761846,0.3999585807,0.5998033881,1.043334007,0.3178471029,0.3646788597
834,0.4976014197,0.501481235,0.4183208942,0.659103632,1.042804003,0.3833512068,0.3652246892
835,0.5178766847,0.6158581376,0.4274784029,0.6226572394,1.048191071,0.6470680833,0.3688320816
836,0.5325741172,0.5660366416,0.4004397392,0.6572758555,1.04949224,0.6731728911,0.3728894293
837,0.5431184173,0.6809269786,0.4262585342,0.5649203658,1.052164078,0.4210022986,0.3741595745
838,0.5686143041,0.7189686894,0.4099324644,0.5432274342,1.061544299,0.5190494061,0.3786426485
839,0.5260745883,0.6626759171,0.3933579624,0.523945272,1.063918233,0.3118778169,0.3744740486
840,0.5499556661,0.6119481921,0.3989584446,0.6371673942,1.07128942,0.9742113948,0.3805389702
841,0.5033791065,0.5579891801,0.374360323,0.5613146424,1.070642114,0.3433311284,0.3792708814
842,0.6041885018,0.5659945011,0.3509683907,0.6680414081,1.06907928,1.913536429,0.3889936209
843,0.6332879066,0.8153632283,0.3395956457,0.7208706737,1.0711689,1.303897262,0.3971090019
844,0.6345261931,0.7689606547,0.358345896,0.7418010831,1.083724141,0.8582050204,0.406932503
845,0.6511631608,0.785545826,0.3927253783,0.7037475109,1.136990666,0.6854541898,0.4433369637
846,0.6701652408,1.376641273,0.4570461214,0.7402415276,1.166702151,0.5872469544,0.4613964856
847,0.624743402,1.162173271,0.4100425541,0.690500021,1.159965158,0.3127108812,0.4551860392
848,0.6160914898,1.027106404,0.3871833384,0.6321463585,1.157809377,0.3223865926,0.4491783381
849,0.606849432,0.7128141522,0.4277908802,0.6382107139,1.166679263,0.3610600233,0.4496215284
850,0.6329312921,0.5394403934,0.490000844,0.6913068295,1.168069363,0.5399749875,0.4647586048
851,0.6143185496,0.7861481309,0.4284975529,0.6323755383,1.165520072,0.3529073298,0.459982425
852,0.6944115758,0.6326195598,0.4155572951,0.711060524,1.177931666,0.6900210381,0.4680184126
853,0.5638820529,0.5510421395,0.375585556,0.5858470798,1.16060245,0.6244315505,0.4402017295
854,0.6386650801,0.6516270041,0.4889523089,0.8079960942,1.160371065,0.7645759583,0.4469632208
855,0.5575786233,0.5052239299,0.3673711717,0.6141985059,1.152073383,0.3589092791,0.4330976009
856,0.5250540376,0.581183672,0.4004399776,0.6146176457,1.156400204,0.3576829433,0.4253225327
857,0.5910770297,0.5192816854,0.3735740483,0.5570015311,1.162695765,0.344291687,0.4244038165
858,0.5416369438,0.4882638156,0.3801624775,0.6665274501,1.163632035,0.3506829739,0.4159455299
859,0.5043054223,0.529466331,0.361969322,0.5818852186,1.167739987,0.4316147268,0.4071883261
860,0.5036266446,0.5229784846,0.3695085347,0.6862568855,1.172192931,0.3297620118,0.4052561224
861,0.4855529368,0.4712042511,0.3660761416,0.5549955368,1.173344731,0.4058403969,0.3966017067
862,0.5447878242,0.7213566899,0.3738923967,0.6827467084,1.177232623,1.151229501,0.4028128088
863,0.5322263241,0.7544581294,0.3806369007,0.5971503854,1.179347038,0.4912383854,0.4047809541
864,0.5287793875,0.5798321366,0.4437291324,0.6629398465,1.184173107,0.6336314678,0.4089071751
865,0.5737089515,0.5450809598,0.3965221643,0.6219203472,1.185682654,0.9672811627,0.4159874618
866,0.5923808813,0.5057937503,0.4558383524,0.7786622643,1.192274213,1.042408347,0.4435430467
867,0.5167160034,0.6016839147,0.4437879622,0.6105352044,1.184794784,0.3455391824,0.4427876174
868,0.494961381,0.6387290955,0.3791848719,0.6504250765,1.185887814,0.3478382528,0.4388645589
869,0.5168173909,0.5982813239,0.384506911,0.5883915424,1.18751955,0.4200061858,0.4385010302
870,0.4654354155,0.6514273286,0.3515817225,0.6641401649,1.178715229,0.3780382872,0.4273095429
871,0.4709353447,0.5007423162,0.3650743961,0.4997174442,1.17408216,0.3565406799,0.4244969189
872,0.4267857075,0.4820304811,0.3348746598,0.563567698,1.168216348,0.446782738,0.4125084877
873,0.4081077576,0.4827656448,0.3607679904,0.46584782,1.149256229,0.5802000761,0.3976858556
874,0.4232256413,0.4515872002,0.3454917669,0.500279665,1.134515524,0.6088845134,0.3828766346
875,0.4761541784,0.4899769127,0.3834748268,0.4872048795,1.132594228,0.5352832079,0.3881707191
876,0.4435782433,0.4769896567,0.3992779553,0.5649618506,1.128066182,0.3581295013,0.3834703863
877,0.3952926695,0.3499634266,0.3427959681,0.4060471952,1.115110517,1.260304332,0.3643369973
878,0.3944313824,0.3582195342,0.3307719529,0.5296908021,1.09529078,0.7140595317,0.3524632454
879,0.3839823008,0.3321731091,0.3187588155,0.4025267661,1.077049732,0.8244280815,0.3403800428
880,0.3796491623,0.4319838583,0.3195941746,0.4495207071,1.07211411,0.4329532683,0.3368605673
881,0.3594436646,0.3469564915,0.3399146497,0.3675116003,1.056807876,0.7585918307,0.3286207616
882,0.389988184,0.3947171271,0.3373212516,0.5119706392,1.063210726,0.609492898,0.3281452954
883,0.4465867281,0.3741218746,0.3409004509,0.4626815319,1.065131783,0.9996671677,0.3274564147
884,0.3765603006,0.4758459628,0.3260011971,0.5294749737,1.058537841,0.4452237785,0.3231985867
885,0.4076395929,0.3753713369,0.3281392753,0.400192827,1.064539433,0.5063174963,0.3238852918
886,0.4395133555,0.4002029002,0.3230372667,0.5124616623,1.072998405,0.9322108626,0.3237771094
887,0.4785116911,0.3948142827,0.3556118309,0.4770150185,1.081437707,1.051293492,0.3245470226
888,0.4594496787,0.3565091789,0.3530578315,0.493650198,1.084433198,0.4277074337,0.3490357399
889,0.456969738,0.410213232,0.3599655628,0.42441082,1.084008098,0.3980767429,0.3679194152
890,0.3827876151,0.3645552099,0.3419474661,0.4512108564,1.072809339,0.6857110858,0.3583540022
891,0.397320509,0.3645359278,0.3440797329,0.4123127162,1.068110108,0.351133436,0.3591253757
892,0.3605264723,0.3350184262,0.32797876,0.4239308834,1.057795882,0.5958881974,0.3523784578
893,0.337826401,0.3537772596,0.3299161196,0.3378332555,1.037801981,0.7039895654,0.3467442691
894,0.3545414507,0.355370611,0.3432920873,0.3794898093,1.025025725,0.5459637642,0.3624875546
895,0.41135934,0.4105032384,0.4148286283,0.4150540829,1.040843368,0.5558389425,0.4251840413
896,0.5108485222,0.5077769756,0.5696384311,0.5222466588,1.098646283,1.431816459,0.5629660487
897,0.5381063819,0.561402142,0.6048741937,0.5550469756,1.076839447,1.873257279,0.6003770232
898,0.5540466905,0.6439504623,0.6155238152,0.563827455,1.038385987,2.236918211,0.6168755293
899,0.5510749817,0.5723746419,0.6075715423,0.543332696,1.035852075,0.5915950537,0.6276150346
900,0.5736603141,0.5705078244,0.5963103175,0.576282084,1.035775065,0.8548569679,0.6244027019
901,0.5427352786,0.5353819132,0.6039376855,0.5586444736,1.018690228,1.000857234,0.6316614747
902,0.5508446097,0.5978406072,0.6077743173,0.5210250616,1.005957723,0.8002489209,0.6408442855
903,0.5229687095,0.5935997367,0.6277425289,0.5167973638,0.9733052254,2.136689663,0.6456057429
904,0.5159673691,0.5876571536,0.6080805659,0.5185435414,0.9488492608,2.154814482,0.6524195671
905,0.5136035681,0.5041887164,0.5998941064,0.5544462204,0.9341228008,1.086371064,0.659139812
906,0.5244831443,0.4935826361,0.5900783539,0.5240511894,0.9245294929,1.302528739,0.6668640971
907,0.5291265845,0.5408654213,0.595844388,0.5332081914,0.895195961,1.725417137,0.6828901768
908,0.5405306816,0.6066117287,0.6113846898,0.5689174533,0.8838675022,0.7642057538,0.6905904412
909,0.5392641425,0.5829772353,0.5897122025,0.5265719295,0.8879979253,0.5684865713,0.6752815843
910,0.5472390056,0.4813982248,0.5859927535,0.5369722247,0.8878097534,0.5486964583,0.6698977351
911,0.5506855845,0.5070681572,0.5953994393,0.5473464131,0.8846036792,0.5368595123,0.6665514708
912,0.5469014049,0.5001183748,0.6091460586,0.5260793567,0.8819673657,0.5399148464,0.6623027325
913,0.5597390532,0.5254952908,0.6257853508,0.5443349481,0.8516762257,1.856901169,0.6866924167
914,0.5590260029,0.5641402602,0.6438768506,0.5403059125,0.8303883672,1.431462288,0.6988236308
915,0.5647112727,0.5586026311,0.6627665162,0.5288968086,0.824190855,0.7871100903,0.7015689015
916,0.5721658468,0.503087163,0.65839082,0.5693382621,0.8131911159,1.118571997,0.7091371417
917,0.5516145229,0.5258344412,0.6741101146,0.5262932181,0.8180070519,0.5477518439,0.701995194
918,0.5727645159,0.5573766828,0.6879398227,0.5253221393,0.8024198413,1.582718492,0.7134925723
919,0.5364540219,0.5406647325,0.6684343219,0.5083789825,0.8138665557,0.5158286095,0.6977987289
920,0.5308136344,0.6102125049,0.6835628152,0.5214188695,0.8243787885,0.6309464574,0.6969216466
921,0.5368142128,0.531511724,0.6881431937,0.5119636655,0.821154356,0.6450984478,0.6959378123
922,0.5478031635,0.5099719167,0.6960290074,0.5134348273,0.8258115649,0.8034307361,0.6994404793
923,0.5377281904,0.5139611363,0.6282504797,0.4836321771,0.8276162744,1.747108817,0.6418356299
924,0.5533646941,0.5122377276,0.607780993,0.503231585,0.8277246356,0.9588090777,0.6215581894
925,0.5094578862,0.5130620599,0.6217556,0.4573300183,0.813092947,1.163204908,0.6291845441
926,0.5008259416,0.5393528938,0.601098299,0.4762386382,0.8004611135,1.247387767,0.6372624636
927,0.4949270487,0.5823945999,0.6317213178,0.4939470291,0.8032450676,0.877805233,0.6431661248
928,0.5076490045,0.5738322139,0.573594451,0.5144195557,0.8318956494,0.5235638022,0.6446552277
929,0.5132057071,0.5039320588,0.5965079665,0.5247390866,0.8398655057,0.575148344,0.6282534003
930,0.5026302934,0.5717977881,0.5722267628,0.5102725029,0.8384175301,0.5106522441,0.62239784
931,0.4883753955,0.6040940285,0.6113381386,0.5060136914,0.8350848556,0.5499017239,0.6211163402
932,0.4948408902,0.5611811876,0.6324205995,0.521120131,0.8352305293,0.5356255174,0.629073441
933,0.4876966476,0.586093843,0.6278951168,0.517349422,0.8296667933,0.5547223091,0.6342252493
934,0.4699894488,0.5437400341,0.6365563869,0.5050484538,0.8185531497,0.7643535733,0.645211041
935,0.4818902314,0.6600900292,0.6809406281,0.5097808838,0.8091993332,0.8096165657,0.6674028039
936,0.4954332113,0.6489277482,0.6700229645,0.5227181911,0.8017962575,0.6392197609,0.6748676896
937,0.4905188084,0.5912398696,0.6686272621,0.5018443465,0.7977797389,0.547888875,0.6758703589
938,0.5067743063,0.5398253202,0.7036520839,0.5203263164,0.7982277274,0.7429273129,0.6641151905
939,0.5348459482,0.5864872336,0.7287921309,0.5392919779,0.8022384048,0.5570856333,0.6822164655
940,0.5486071706,0.6237007976,0.7394428849,0.5322194099,0.789491415,0.9411158562,0.6945444942
941,0.5805972219,0.8143156171,0.7679674029,0.5214756131,0.7383310199,3.810220003,0.7079556584
942,0.6061086655,0.795782268,0.8030941486,0.5536145568,0.7097404599,2.143297195,0.7239903808
943,0.5301238894,0.7145640254,0.7622445226,0.4909295142,0.7102572322,0.5866027474,0.7026693225
944,0.5174968243,0.6507229805,0.7432684898,0.5042231679,0.7139019966,0.5373029113,0.6953437328
945,0.525831759,0.5754936934,0.7456609607,0.4918181002,0.7070688605,0.9865832925,0.7012035847
946,0.4955878258,0.6564485431,0.6658808589,0.472745657,0.7045432925,1.583446026,0.6466864944
947,0.5008094907,0.6128538251,0.6532230973,0.4697182178,0.7155835629,0.5037465692,0.6402867436
948,0.5143064857,0.601800859,0.6866798401,0.4748784006,0.7082728744,0.9422338605,0.6458461881
949,0.4926445186,0.5802915692,0.7475536466,0.4519478381,0.7072842717,0.5495036244,0.642731905
950,0.509431541,0.5349197984,0.6705925465,0.4919809401,0.7171503901,0.5676285625,0.6246449947
951,0.4973662198,0.6281736493,0.6640310884,0.4812298715,0.7192829251,0.5287844539,0.6207770705
952,0.503184557,0.5768718123,0.640720129,0.4646344483,0.7142792344,1.144256353,0.6286409497
953,0.5096137524,0.6025087237,0.6100150943,0.4707438052,0.7157883644,0.8723599315,0.6342626214
954,0.5303948522,0.6144679189,0.5903947353,0.4844768047,0.7221745849,0.9255169034,0.6423692703
955,0.5418454409,0.6418623924,0.6185959578,0.5019077659,0.713994503,1.349957466,0.6519722342
956,0.5463266969,0.6733446717,0.5891034007,0.4818819761,0.7105829716,0.8371685147,0.6559295058
957,0.5635311007,0.7030014992,0.6607179642,0.5015285611,0.706530273,1.105842113,0.6638274789
958,0.5455966592,0.7377611995,0.6903631091,0.4865020216,0.7168986201,0.5100829601,0.6573079228
959,0.5388841033,0.6957060695,0.6465679407,0.5045015216,0.7193190455,0.5337827206,0.6522713304
960,0.5483251214,0.6523100734,0.5949434042,0.5242137909,0.7306672931,0.5832488537,0.6517110467
961,0.5291172862,0.6062479615,0.7913324833,0.5101995468,0.730892241,0.5122255683,0.6564020514
962,0.4792847633,0.5536934733,0.5868087411,0.5014861226,0.7350657582,2.162489653,0.5954637527
963,0.4818972051,0.5155938268,0.5514819026,0.4978664815,0.7414309978,0.8276396394,0.5720065236
964,0.4957070649,0.5646076202,0.5735039711,0.5031494498,0.7692639232,0.6563283205,0.5856975317
965,0.4877828062,0.5393603444,0.5716564655,0.5251583457,0.7667336464,0.5656726956,0.5855752826
966,0.4834403992,0.5672053695,0.5544888377,0.543304503,0.7730849385,0.5206230283,0.583055079
967,0.4812273085,0.5927610993,0.5580958724,0.5658493042,0.7847285271,0.5210431814,0.5779715776
968,0.4858541787,0.5591223836,0.5760810971,0.5275557041,0.7923915386,0.7234161496,0.5833537579
969,0.4822557867,0.5142400861,0.5790979862,0.6101226211,0.8055097461,0.5712077022,0.5761501789
970,0.500888288,0.5058658123,0.5744054317,0.5577756763,0.8223492503,0.5759549737,0.5812637806
971,0.5011433959,0.5270490646,0.5988512039,0.6489944458,0.8224551678,0.6922380924,0.5730937123
972,0.5040078759,0.5670951009,0.5829716325,0.5571904778,0.8276084065,0.5755949616,0.5739666224
973,0.5055521131,0.6103436947,0.6632737517,0.6052772403,0.8203625679,1.381204128,0.5796675086
974,0.4803232253,0.6269549727,0.5622503161,0.5284207463,0.8217495084,0.5279635787,0.5765547156
975,0.492897898,0.5942133069,0.4902330935,0.5385548472,0.8265649676,0.6159675717,0.5784757733
976,0.4955829382,0.5704889297,0.5105964541,0.5132055879,0.8220462799,0.7043734193,0.5806437135
977,0.5036725998,0.5653985143,0.5588880777,0.5631084442,0.8173146248,0.6617607474,0.5825380087
978,0.5055680871,0.5745859742,0.5507107377,0.5538610816,0.8208687901,0.6233759522,0.5841547251
979,0.4926780164,0.5735009313,0.5353299975,0.6035190821,0.8192370534,0.5412180424,0.5821361542
980,0.5144889355,0.5879707336,0.5376544595,0.5902247429,0.8244429231,0.6810876727,0.585599184
981,0.527225554,0.584397614,0.5237397552,0.6732206345,0.8362752795,0.6444654465,0.5906054378
982,0.5661308169,0.6320450902,0.5915750861,0.5987377763,0.8654108047,0.6779337525,0.6053090692
983,0.5905839801,0.6060003042,0.5459586978,0.6308373809,0.860262394,0.6757745743,0.6072189212
984,0.5135892034,0.5116794109,0.5292861462,0.625464201,0.8667154312,2.341655731,0.5666701198
985,0.508464098,0.4845222533,0.5005207658,0.761580646,0.8679327965,1.937412739,0.5378777385
986,0.5073122382,0.4841288626,0.5164816976,0.6146476865,0.8649676442,0.6914406419,0.5391737819
987,0.5010464787,0.4903546274,0.5015230775,0.680149734,0.8667843938,0.5527637601,0.5364763141
988,0.504509449,0.500847578,0.5284751654,0.591087997,0.8623639941,0.626326263,0.5374831557
989,0.465963006,0.4699887335,0.4850393236,0.5699100494,0.8634559512,0.5691053271,0.5345526338
990,0.4452119768,0.4233337343,0.4344085157,0.4561485052,0.8684420586,1.864799142,0.5128176808
991,0.4603491127,0.3878558874,0.3752681017,0.4767213166,0.8472139239,5.788576603,0.4562229812
992,0.6270899773,0.3649342954,0.3183071315,0.4313882887,0.7680694461,12.96327972,0.3548997343
993,0.6134281158,0.362395525,0.3595157564,0.5813366771,0.7568944097,3.624722719,0.3467405736
994,0.5864756703,0.3882067204,0.3440351784,0.4228956699,0.7559363842,1.550234318,0.3516511917
995,0.5655482411,0.4022057056,0.322155565,0.5155975223,0.755464077,1.305297732,0.3623283803
996,0.5278264284,0.4219844341,0.3482759893,0.4018926322,0.7593345642,0.9516279101,0.3691164553
997,0.5056812763,0.4538253248,0.3699115515,0.4818235934,0.7798045278,0.5045993924,0.382912755
998,0.5107164383,0.4540090263,0.396907568,0.5234673023,0.8018404841,0.7073840499,0.4001408815
999,0.4857752323,0.4251957834,0.393072933,0.5811359882,0.829760313,0.2945314348,0.4137876034
1000,0.4422350824,0.4306112826,0.3459243774,0.3500424325,0.8551797867,0.4288729429,0.4181365669
1001,0.4913135469,0.5081288815,0.413389653,0.4739400446,0.8933879733,0.3307190537,0.4400131702
1002,0.4483936727,0.377594471,0.3485203087,0.3673249185,0.9056472182,0.4559779167,0.4342758954
1003,0.5015209317,0.4149870872,0.3968509436,0.4285386503,0.9213790894,0.6568369269,0.4453011453
1004,0.5111371875,0.375579834,0.3551781178,0.3841752708,0.923591435,0.6149457097,0.4488815367
1005,0.4848537743,0.3573500812,0.3554047644,0.4289999306,0.9340919852,0.3209610879,0.4480840266
1006,0.5044002533,0.4139882028,0.4157291949,0.4237168729,0.9644953609,0.3413237035,0.4626588821
1007,0.5219671726,0.4060196877,0.4140828848,0.4924489558,0.9812796712,0.6447255015,0.4739955366
1008,0.5198767781,0.3755580485,0.4064725935,0.4199043214,1.00196743,0.7072446346,0.4888079464
1009,0.5524150729,0.421418041,0.4124846458,0.5167108178,1.004239559,1.390981078,0.4995979369
1010,0.5077773929,0.4154268801,0.4251327217,0.4421083033,1.001814365,0.4396124184,0.4989230633
1011,0.463250488,0.4247422218,0.3706326783,0.4675852954,0.9961804748,0.3367701769,0.4910472929
1012,0.4587107897,0.402292937,0.3725019991,0.4004816115,0.995135963,0.331769228,0.4811313152
1013,0.4328375757,0.4338928759,0.3609956205,0.450545311,0.9872892499,0.367266655,0.4656768739
1014,0.4350098073,0.4648389518,0.3764818609,0.429831028,0.981428206,0.3703121245,0.4516834319
1015,0.4135429859,0.3923016489,0.3509864807,0.4297061265,0.9695448279,0.4566855729,0.4337570667
1016,0.3981831968,0.3592087328,0.352327019,0.3907224238,0.950722754,0.6485734582,0.4133034945
1017,0.3998714387,0.4644171894,0.3596117795,0.3964877129,0.9549591541,0.3384250402,0.411470443
1018,0.4189527035,0.4664326012,0.3697495461,0.410084039,0.9398696423,0.5840402246,0.3941043913
1019,0.4187713563,0.4171946943,0.3808799684,0.4190556109,0.9410123825,0.3637262881,0.4093059599
1020,0.4972579181,0.5248239636,0.4594214261,0.4531232417,0.9857962728,1.225580096,0.4841195643
1021,0.4892705381,0.4841869771,0.468968153,0.4954178035,0.9813093543,0.4440963566,0.4875729382
1022,0.5027468204,0.5725274086,0.5018770695,0.5042842031,0.9837135673,0.5107424259,0.5069291592
1023,0.5267151594,0.5705142617,0.5168806911,0.5707318187,0.9784436226,0.8591248393,0.5216285586
1024,0.538982451,0.5365301967,0.5226263404,0.590962708,0.9454291463,1.771614671,0.5053545237
1025,0.5565086007,0.5711813569,0.5142442584,0.5575327873,0.9400288463,0.5925813317,0.5175451636
1026,0.5693663955,0.5553821325,0.5033422112,0.5233085752,0.9384179711,0.5807010531,0.5224178433
1027,0.5776636004,0.5430056453,0.4825018644,0.537303865,0.9365661144,0.5351264477,0.5234023929
1028,0.6226636767,0.5464920402,0.4842280447,0.5003737807,0.9381399155,1.725900292,0.5306895971
1029,0.6749226451,0.6138663292,0.5257279277,0.5852585435,0.9726719856,0.9866312146,0.5887223482
1030,0.6822909713,0.6529987454,0.5498103499,0.59942168,0.972732842,0.9820407033,0.5922734141
1031,0.7301316261,0.6155391335,0.5868400931,0.621506989,0.9705867767,1.765675545,0.5904807448
1032,0.7241275907,0.6995347142,0.5995001197,0.6009240746,0.9706938267,0.9885413051,0.5933693051
1033,0.7379455566,0.8201410174,0.6297857165,0.5809099674,0.9710395932,0.9243288636,0.5997652411
1034,0.7770724297,0.8227522373,0.5830380321,0.5765600801,0.9727551937,1.292596698,0.6015158296
1035,0.8440906405,0.7716498375,0.6711602211,0.6768239141,0.9667548537,2.567448378,0.6012311578
1036,0.8117444515,0.8129637837,0.6287626624,0.6277084351,0.96935004,0.9752358794,0.6051362157
1037,0.7593740821,0.7246146202,0.6256079078,0.614554882,0.9673272967,0.5599136949,0.603333652
1038,0.7256367803,0.6872861981,0.5926223993,0.6034870148,0.9654586911,0.5725160241,0.6070249677
1039,0.7200822234,0.670345366,0.583052516,0.6729524136,0.9675915837,0.6939014792,0.6178414822
1040,0.6706673503,0.6503425241,0.5498180389,0.5970659256,0.9619474411,0.6444404125,0.6183567643
1041,0.6590858102,0.5894117355,0.528074801,0.6170554161,0.9554924965,0.6244211793,0.6130993366
1042,0.6668877602,0.5875646472,0.534732759,0.6050299406,0.9596400261,0.6735131145,0.6149746776
1043,0.6268410683,0.5941291451,0.5302120447,0.614610672,0.9529926777,0.9351146817,0.6201507449
1044,0.6436704993,0.5752713084,0.609682858,0.5858876109,0.9483091235,0.6442367435,0.623998642
1045,0.6454977393,0.6016907692,0.5711150765,0.6110789776,0.9441706538,0.6176595092,0.6256667376
1046,0.6441731453,0.626151979,0.6259078383,0.6051307321,0.9445872903,0.8314422965,0.6431845427
1047,0.6688351631,0.5843370557,0.6020624638,0.6242809892,0.9424669147,0.7214049697,0.6547771096
1048,0.6492905021,0.6275871396,0.6045450568,0.5972117782,0.931227386,0.9617176056,0.6565951109
1049,0.6377103925,0.6853583455,0.5990922451,0.6073798537,0.9176008105,1.071366668,0.6570391655
1050,0.6203047633,0.5885183215,0.6101602912,0.5638465285,0.8979943395,1.422055602,0.6533268094
1051,0.6311647892,0.6918349266,0.6479703188,0.5787994266,0.8861815929,1.010517478,0.658397615
1052,0.6352726817,0.6508997083,0.64761132,0.5894295573,0.8790675998,0.8349273801,0.6676173806
1053,0.6593188643,0.6744301319,0.6685615182,0.6432591081,0.8880402446,1.106090903,0.7107719779
1054,0.6416290998,0.6272031665,0.6720952988,0.6178506017,0.8738284111,1.231571198,0.7171998024
1055,0.656632185,0.6153644919,0.6456785798,0.6239370704,0.8698165417,0.848938942,0.7190136909
1056,0.6519909501,0.6519653797,0.6416687965,0.6257342696,0.8565661311,1.446284294,0.7219077945
1057,0.6707553267,0.6876735687,0.6066892743,0.6498464346,0.8546700478,1.400931716,0.7030630112
1058,0.6242415309,0.6398987174,0.6100206971,0.5987744331,0.8441243172,1.032184005,0.7077112198
1059,0.6454005837,0.6797289252,0.618770659,0.6420271397,0.8412560821,0.8244026303,0.7244394422
1060,0.6393722892,0.7195234895,0.6248914599,0.6837847829,0.8054634929,2.841070175,0.7278100848
1061,0.6196110845,0.587749064,0.6318216324,0.6474493146,0.8064777255,0.6888753772,0.7264156342
1062,0.6225168109,0.611094594,0.6057994962,0.5967127681,0.7985303998,1.030136228,0.7308751941
1063,0.6230812669,0.6216987967,0.6103473306,0.624635756,0.785212338,1.242432594,0.7391257286
1064,0.6144123077,0.7716457248,0.6198769212,0.6319060326,0.7689597607,1.519229889,0.7475360036
1065,0.6195476055,0.6801976562,0.6269364357,0.6919239163,0.756981194,1.287293315,0.7550783753
1066,0.6154814363,0.5937538147,0.6844725609,0.6512047648,0.7363865972,1.905685902,0.7659282684
1067,0.6137130857,0.7215262055,0.621676445,0.6691498756,0.736692965,0.6481521726,0.7532408834
1068,0.6363492608,0.7328528762,0.695176661,0.6703233123,0.7258636951,1.102519751,0.7668251991
1069,0.60527879,0.6903067231,0.6816189885,0.6756255627,0.7132089734,1.381357074,0.7760688663
1070,0.594584167,0.6368213296,0.6911734939,0.6035713553,0.7122519612,0.7222226262,0.7745538354
1071,0.6007691026,0.6146270633,0.6547349095,0.6571959853,0.7003469467,1.18665278,0.7852304578
1072,0.5892912745,0.623042047,0.7386084199,0.6404903531,0.7035655975,0.7511580586,0.7844250202
1073,0.5905776024,0.7168552279,0.6445153356,0.6725822091,0.699804008,0.6900512576,0.7855648994
1074,0.5746629238,0.7706826329,0.7023796439,0.595685482,0.6907656789,1.124658108,0.7928796411
1075,0.5945709348,0.7100545764,0.6036018729,0.6271393299,0.6919872165,0.6162926555,0.7767006755
1076,0.5617287755,0.7511901855,0.6114994884,0.6155757308,0.6789848804,1.357981801,0.7974604964
1077,0.5632708073,0.6384954453,0.6635149121,0.6725990772,0.6594876051,1.796771407,0.818801403
1078,0.5681020021,0.8643265367,0.6878139377,0.6192892194,0.6244611144,3.249199629,0.8394274712
1079,0.5248330832,0.8430779576,0.6466524601,0.6540290713,0.6253746152,0.6624498367,0.8530279994
1080,0.5660250783,1.109064221,0.703404367,0.6624569893,0.6167048812,1.322364807,0.8825547695
1081,0.5963354707,0.8575415611,0.6723524928,0.6281045079,0.6117473841,0.7818652987,0.8846712112
1082,0.6243981719,0.8245878816,0.7534108758,0.6747686267,0.6311435103,1.000621676,0.9458618164
1083,0.649099648,1.034661889,0.752304256,0.7554497719,0.6478716731,0.7853524089,0.9882834554
1084,0.6657524705,0.9521434903,0.8328558803,0.791590035,0.667078793,0.8662574291,1.036631703
1085,0.6442963481,0.8077287674,0.8349617124,0.8309727311,0.6667981148,0.7640601993,1.041300178
1086,0.6440019011,0.8301526904,0.7351194024,0.7597756982,0.6586787105,1.210415363,1.049718738
1087,0.6466340423,0.7914763093,0.8502375484,0.68445611,0.6514680982,1.223697782,1.066412568
1088,0.6784518361,0.9123466611,0.9940225482,0.7162954211,0.6436335444,1.194716454,1.076144338
1089,0.6926245689,0.9588631988,0.9595076442,0.7738367915,0.6561320424,0.7954580188,1.104504824
1090,0.7038039565,0.9213976264,0.9657651782,0.6972362399,0.6598851681,0.703484714,1.106442928
1091,0.7028076053,0.9140092731,0.9996020198,0.7817611098,0.6630184054,0.7626301646,1.077305913
1092,0.7467169166,0.7547515035,0.9324557185,0.7664224505,0.6601938009,0.9551343918,1.085049152
1093,0.7813913822,1.023745537,1.084675312,0.8387804031,0.6413326263,2.504114628,1.121683717
1094,0.8400988579,0.9320418239,1.04384315,0.8301412463,0.6192482114,2.624016762,1.151350617
1095,0.9095547795,1.025943756,1.172307372,0.9485244155,0.5891441107,3.595786095,1.18490541
1096,0.9556899667,1.20091486,1.148973823,0.9527423978,0.5535651445,4.173183441,1.223884344
1097,1.026328444,1.197795749,1.141259551,0.9978595376,0.5151321888,4.603241444,1.267166018
1098,0.9966056347,1.167900562,1.149638295,0.8484911919,0.4918968678,2.99561286,1.299176216
1099,1.006320834,1.114594579,1.182944417,0.9331397414,0.4764899015,2.10038662,1.330396175
1100,0.9135375023,1.165598869,1.060393333,0.8463056684,0.4769542515,0.7746241689,1.310328603
1101,0.9637524486,1.503911018,1.090251088,0.9032866359,0.4686075747,2.127705812,1.328392386
1102,1.062074423,1.579556465,1.286982417,0.9411757588,0.4354825914,4.05324316,1.390717149
1103,1.048035145,1.373954892,1.250105739,1.113299727,0.4180823267,2.273766041,1.418504119
1104,1.107930183,1.31027174,1.308323026,1.071690202,0.3974407911,2.676834106,1.458497405
1105,1.000819087,1.226260543,1.215021491,1.03439033,0.3954757452,0.7494633794,1.435806274
1106,0.8720888495,1.285961032,1.254813194,0.9007213116,0.3963462412,0.4071350098,1.381066799
1107,0.8298826218,1.203709006,1.213442922,0.8826887012,0.3999482691,0.4243719578,1.329782248
1108,0.868142128,1.105107307,1.369498849,0.947432816,0.3976122439,1.127526045,1.324312091
1109,0.8330238461,1.181117654,1.116513252,0.9513158202,0.398319155,0.7218670845,1.302469254
1110,0.8537287116,1.036309838,1.372116685,0.8960521817,0.3982219398,0.9513438344,1.291327596
1111,0.8103046417,0.9113100171,1.195117831,0.8915176392,0.3981671333,0.6557403207,1.26806891
1112,0.7291895747,0.9809061885,1.195183396,0.7693796158,0.4042260945,0.4173532426,1.220275879
1113,0.817727983,1.026173949,1.262048125,0.8285329938,0.4119866788,1.487944007,1.229387403
1114,0.7546420693,0.9279558063,1.272980094,0.8170139194,0.4165244401,0.6652399898,1.207307935
1115,0.5647745728,0.8043908477,1.035025239,0.7217286229,0.4104724824,0.8981774449,1.110143304
1116,0.3667441905,0.5199049115,0.4719499648,0.5134449601,0.3665647507,4.53613472,0.9016116261
1117,0.4139641225,0.5237515569,0.5656774044,0.5375726819,0.3899072111,0.4402693212,0.8619701862
1118,0.3732892573,0.4467352927,0.5425766706,0.4907050133,0.3888958693,1.442986012,0.771156311
1119,0.365088135,0.4319116175,0.4075959623,0.4027483761,0.391097039,1.59318912,0.6894399524
1120,0.3715444505,0.416216135,0.4333273172,0.4494877756,0.3996189535,0.4735943377,0.659878552
1121,0.3638283312,0.3829608262,0.4265358448,0.4307226241,0.3973325193,0.8024107814,0.6152111292
1122,0.3713033199,0.4368072748,0.4069806635,0.4768916667,0.4177051783,0.4323497713,0.6047201753
1123,0.3835893571,0.4438628852,0.4131998122,0.4582582414,0.4283031523,0.4811398983,0.602976501
1124,0.3804269135,0.4173884094,0.472833246,0.431738466,0.4468220174,0.913567245,0.5762065649
1125,0.4041688442,0.4035797119,0.4424608648,0.4378041327,0.4224378169,4.181669235,0.484384656
1126,0.3810337484,0.4470257759,0.4082989991,0.4017635286,0.4395622909,0.4663873911,0.483248204
1127,0.3827801943,0.4491426647,0.4015859365,0.4116268158,0.4532487392,0.4353381693,0.4843986928
1128,0.4031161368,0.4627277553,0.4801693857,0.3961020708,0.4715946615,0.4493215978,0.4897609949
1129,0.4138861597,0.4577716291,0.4148452282,0.3774090707,0.4776888788,0.5757109523,0.4823236763
1130,0.4066156447,0.5088153481,0.3852875233,0.3896906376,0.4758393764,0.5366895795,0.4863577187
1131,0.4173009098,0.4903949797,0.4787875712,0.4065284729,0.4772074223,0.4497590959,0.4838271141
1132,0.4311419427,0.4616514146,0.435505718,0.4454942644,0.4796690941,0.5611298084,0.4864072502
1133,0.4417850673,0.5042357445,0.4429101944,0.4471261501,0.4880746901,0.486699909,0.5035234094
1134,0.4423314035,0.4920445979,0.5137625337,0.4169557989,0.5013056993,0.6821669936,0.4996972084
1135,0.4547165334,0.4924826622,0.437759012,0.4333469868,0.5152967572,0.9979179502,0.4944601953
1136,0.4472682476,0.5041450858,0.4463450909,0.4176010191,0.531147182,0.9377443194,0.4947257042
1137,0.4714497626,0.5318971872,0.45637393,0.4351676702,0.551150322,0.5028715134,0.5073442459
1138,0.5114620328,0.5910956264,0.5152726769,0.4604142606,0.5576840043,0.7383284569,0.5133944154
1139,0.4729046822,0.5250572562,0.4385832846,0.4082365036,0.5613417625,1.716715455,0.5026698112
1140,0.4852280617,0.5168469548,0.4375588,0.448341161,0.5811656713,0.9196231961,0.5127105713
1141,0.5017623305,0.5109942555,0.5146621466,0.4530453682,0.5884527564,0.640326798,0.5157883167
1142,0.4974667728,0.50285393,0.430677563,0.4248578548,0.5816692114,2.194081068,0.5058281422
1143,0.516181767,0.4949580431,0.4960850775,0.4330077171,0.5865302682,1.429035068,0.5095744729
1144,0.5268415809,0.4736941755,0.5219413638,0.4413560331,0.5943157077,0.8560512662,0.5168012977
1145,0.5131294727,0.4603572786,0.4370883405,0.4235188067,0.6058174968,0.7346544266,0.5272505283
1146,0.5141430497,0.4924787581,0.4346001148,0.4411082566,0.624370873,0.5646253228,0.5423749089
1147,0.5174262524,0.4983054101,0.4533917904,0.4401478469,0.6315340996,0.8098397255,0.550280571
1148,0.5364225507,0.5123464465,0.4704940319,0.4336859286,0.6483083963,1.014526725,0.5685489774
1149,0.590058744,0.5663698316,0.48828426,0.5299475789,0.6312758327,3.806565523,0.5712635517
1150,0.551105082,0.5183743834,0.505271256,0.5062029362,0.6322250366,0.6889687181,0.5753130317
1151,0.5177429914,0.5364262462,0.4862252176,0.4803682268,0.6290163994,0.5106381178,0.565091908
1152,0.5128198266,0.5345454812,0.4409768581,0.4569393098,0.6295881271,0.5485711694,0.5567529798
1153,0.5151065588,0.499307543,0.5221393108,0.4714766443,0.6344329715,0.6403031945,0.5619129539
1154,0.5103339553,0.5024710298,0.4953219891,0.4510274827,0.6391320229,0.5337588191,0.5644373894
1155,0.5194476247,0.544018507,0.4738734066,0.5159087777,0.6355810165,1.449394226,0.5716584921
1156,0.5093063712,0.5129308701,0.5057044625,0.4664576352,0.6363144517,0.5146684051,0.5701729655
1157,0.4982859194,0.4901890755,0.4887781143,0.4496146739,0.6353266835,0.5312388539,0.5597419143
1158,0.4928251207,0.4949415028,0.4829379618,0.4426249564,0.6370199323,0.4779915512,0.554941237
1159,0.5099390149,0.4813948572,0.4987079203,0.4665611982,0.6450164914,0.5346975327,0.5603289008
1160,0.5114884973,0.4859205484,0.5057464838,0.4647972584,0.6518175006,0.4799365103,0.5617581606
1161,0.5152490735,0.4949315488,0.5152325034,0.4500027001,0.6552781463,0.4787694514,0.5590913892
1162,0.5303654671,0.4831413031,0.5110952854,0.4660340846,0.6551261544,0.4789948463,0.5538678765
1163,0.5159940124,0.5082276464,0.548340261,0.4769966304,0.6558465362,0.5135380626,0.554922998
1164,0.5139558911,0.4958564937,0.5760065913,0.4578104019,0.6564808488,0.8006954789,0.5588408709
1165,0.5315194726,0.4819334447,0.5467692018,0.4593891799,0.6543385386,0.4893694818,0.5533385277
1166,0.5259816051,0.5269364715,0.5450586081,0.4906742573,0.6507305503,0.5186345577,0.545165062
1167,0.533372879,0.5035299659,0.5001506209,0.468105942,0.6511932611,0.5528340936,0.5454662442
1168,0.5477471948,0.5100249648,0.5286300182,0.4873694181,0.6437032819,0.7250891328,0.5304531455
1169,0.5267253518,0.5080434084,0.5375558734,0.4604301453,0.6475653052,0.5936625004,0.5336754918
1170,0.5451468825,0.5404629111,0.5505250692,0.4865484238,0.6461700201,0.4832095802,0.5297105908
1171,0.5157072544,0.5367234349,0.4557347298,0.4766221046,0.6500681639,0.4836827219,0.5298437476
1172,0.5054332018,0.5245317817,0.4567418993,0.4324332178,0.6501476169,1.034373164,0.5341022015
1173,0.5081639886,0.5162886977,0.4856327772,0.4424758852,0.6519880295,0.8044781685,0.5384126306
1174,0.5538603663,0.5357226729,0.5964105725,0.4750968516,0.6585611701,0.4825735986,0.5386075377
1175,0.5436839461,0.4988864958,0.4550015032,0.4361163676,0.6571020484,1.604833007,0.5488181114
1176,0.6055706143,0.5568844676,0.4886265993,0.4959456623,0.6912477612,1.583173394,0.5990294218
1177,0.5828525424,0.5463162065,0.488047123,0.4747489989,0.6919693947,0.6419718862,0.6017365456
1178,0.644112885,0.5083369613,0.4562168419,0.4418703318,0.6652622223,4.59812212,0.6023771167
1179,0.6780612469,0.5636836886,0.4839406908,0.4465360641,0.6452813148,3.838710785,0.612021625
1180,0.7606084943,0.6512777209,0.4433217049,0.5751081705,0.6274218559,4.263627529,0.6316664815
1181,0.6962825656,0.5703584552,0.4385369718,0.5288714767,0.6255115867,1.275754333,0.6424282789
1182,0.6395373344,0.5453178883,0.4724270403,0.5486254096,0.6402398944,0.5339758992,0.65252918
1183,0.6682018638,0.5629168153,0.4822027385,0.533857882,0.6456274986,1.041104436,0.6660764813
1184,0.6648232937,0.590379715,0.5722433925,0.5529096127,0.6517419219,0.6620152593,0.6715628505
1185,0.7816112041,0.5701464415,0.4778472483,0.578510344,0.6368893981,3.174677134,0.6907015443
1186,0.7745655179,0.6145427823,0.5276167393,0.5457161069,0.6325733662,1.728768349,0.706330955
1187,0.7663168311,0.6089290977,0.5132322907,0.5232104659,0.6310489774,1.555667043,0.7215585113
1188,0.7394964099,0.5777217746,0.4781852663,0.5602286458,0.6299114823,1.070751548,0.7293772697
1189,0.7610371709,0.5826393962,0.4886179268,0.5082243085,0.6285551786,1.277047276,0.7414630055
1190,0.7099935412,0.5531247258,0.4097815752,0.5501109362,0.6296448708,0.6319788098,0.7398064137
1191,0.6634431481,0.5305195451,0.4026925564,0.5045354366,0.639954567,0.3979052007,0.7327770591
1192,0.6287547946,0.5384534001,0.4290697873,0.5533072352,0.6393368244,0.396591574,0.7130733132
1193,0.6032006145,0.569489181,0.4268670082,0.4758018553,0.6402315497,0.4129932225,0.6923039556
1194,0.6143714786,0.5492302179,0.4279799461,0.5522021651,0.6379170418,0.3987918794,0.6736105084
1195,0.6803614497,0.6823821068,0.4521591961,0.5910471082,0.6374397874,0.9647927284,0.6800772548
1196,0.6146496534,0.5324738622,0.4762515724,0.6010151505,0.6570990086,0.444993943,0.6808156967
1197,0.5917217731,0.5574859977,0.5226216912,0.5659897923,0.6677165031,0.6565027237,0.6667416692
1198,0.6913113594,0.6514825225,0.5384189487,0.6887769699,0.6667698026,1.31354785,0.6780147552
1199,0.6649763584,0.6073474288,0.5530395508,0.6320349574,0.6667590141,0.6334344745,0.6766578555
1200,0.7028898597,0.6024820209,0.5966466069,0.667150557,0.6676787734,0.9070020318,0.6829099059
1201,0.6775100827,0.5661469102,0.5810149312,0.6020944118,0.6688531041,0.5053634644,0.6764908433
1202,0.6555290818,0.6315264702,0.5746383667,0.5955051184,0.6680116653,0.4985099733,0.6680505872
1203,0.5931919217,0.5795034766,0.5890677571,0.5197908282,0.6658580303,0.5136922002,0.6517532468
1204,0.5650377274,0.6330502033,0.5852108002,0.5467711687,0.6632410288,0.5203413367,0.6357588768
1205,0.5573508143,0.6136088967,0.5683010221,0.5130048394,0.6623217463,0.502271831,0.6235871911
1206,0.5418074727,0.6225805879,0.576320529,0.5370345116,0.6580099463,0.5426275134,0.607360661
1207,0.5416659713,0.6152700782,0.5638236403,0.520532608,0.6574092507,0.4846856594,0.599835813
1208,0.489133358,0.5799562335,0.5568820834,0.5248532891,0.6574390531,0.6067133546,0.5869327188
1209,0.4478680193,0.5328841209,0.5469992757,0.4425699711,0.6499980092,1.260372996,0.5596539378
1210,0.4580684602,0.4975769222,0.530076921,0.46118927,0.6463270187,0.6231316924,0.5465578437
1211,0.5240963101,0.6112195253,0.5150577426,0.4793049097,0.6585569978,0.6427503824,0.5575076938
1212,0.5137729049,0.5492305756,0.5101316571,0.4862828255,0.664219141,0.4931056499,0.5588678718
1213,0.4146411419,0.4503722191,0.4917969704,0.408744812,0.6407136917,1.703904629,0.5222404003
1214,0.4138230383,0.501888454,0.4676268101,0.4062359333,0.6349233389,0.7978425026,0.5086909533
1215,0.3895442784,0.4440420568,0.443374306,0.391064018,0.6244775653,1.054071665,0.4913541377
1216,0.3928134441,0.4140987396,0.430100888,0.4139799178,0.6241697669,0.7538869381,0.4852000475
1217,0.4096517563,0.4442288876,0.4250293076,0.4122651815,0.6228584647,0.4682305753,0.4847622812
1218,0.3604701459,0.4412931204,0.4192790985,0.3721547127,0.6058875918,1.48508966,0.4652270079
1219,0.3608978689,0.4405097663,0.4258004725,0.3557692468,0.5980345607,0.9334723353,0.4647165239
1220,0.3373882771,0.4292607307,0.3991169631,0.3367731869,0.5794235468,1.661700368,0.4499943256
1221,0.3486974239,0.4239933491,0.3890553415,0.3643433154,0.5722876787,0.8452304006,0.4461844862
1222,0.3472685814,0.4171961546,0.3845154345,0.3652647734,0.5594486594,1.313699245,0.4398220479
1223,0.3471601009,0.4326593876,0.3988827765,0.3671654165,0.5465579629,1.086956859,0.4366992712
1224,0.3503494263,0.4725420177,0.3935566247,0.3695114553,0.5289421082,1.441171169,0.4384483397
1225,0.3578809202,0.4439326227,0.390224129,0.3756017685,0.5256192088,0.6589286923,0.4500593245
1226,0.3473526537,0.4331359565,0.4175663888,0.367536068,0.5290920734,0.6739518046,0.4525803626
1227,0.347537607,0.3594990671,0.3920816183,0.3725267649,0.5292300582,0.4445202053,0.4523034096
1228,0.3541822433,0.3966864049,0.392646879,0.3730884492,0.530405283,0.590158999,0.4547450542
1229,0.4094952643,0.3966298103,0.352956444,0.3910529613,0.5211613178,2.022007942,0.427737385
1230,0.3193182945,0.3317373693,0.3282793164,0.3244878352,0.5098859668,1.142106414,0.426155895
1231,0.3101328313,0.3587767184,0.3201790452,0.3208757937,0.4930669367,1.364789009,0.4280901849
1232,0.3134315014,0.332613498,0.3298866153,0.3304063678,0.4774721861,1.457599759,0.4286524355
1233,0.315915823,0.3860953152,0.3439033926,0.333848089,0.4619044363,1.646180987,0.4309024513
1234,0.3128946722,0.4266940653,0.3222658336,0.33141765,0.4591422081,0.9923157692,0.4367780685
1235,0.3209187686,0.3770997226,0.3260770738,0.3478233814,0.4486043453,0.9857971072,0.4480746686
1236,0.3407069147,0.4669564664,0.3495058119,0.3752673566,0.4317876399,1.743545413,0.4543651044
1237,0.3255001009,0.4069462717,0.3237725198,0.3691118658,0.430321455,0.7075892091,0.4588571489
1238,0.331288904,0.4143362045,0.3512769043,0.3750765026,0.4416503906,0.496997267,0.4640961587
1239,0.3478153646,0.4561375678,0.3498498499,0.371979624,0.4368781745,0.8497879505,0.4694921076
1240,0.3662308753,0.5171747804,0.3731861115,0.387144655,0.4466749728,0.7963641286,0.4803127348
1241,0.3797579706,0.4681388438,0.3583686352,0.4015760124,0.445201844,1.016907096,0.4886242151
1242,0.3891073167,0.5406088829,0.3952898085,0.4343654215,0.4310344458,1.539630413,0.497819066
1243,0.3734566271,0.4249838293,0.3543089926,0.4303360879,0.4301532209,0.7225965858,0.5024872422
1244,0.4000299871,0.4278297424,0.4290970862,0.4488251209,0.4235575497,1.487097144,0.5143972635
1245,0.3864641488,0.4532313049,0.4500555992,0.4141412079,0.4199115932,0.5221242309,0.522781074
1246,0.3498663902,0.3743840754,0.4412251413,0.3901803493,0.4257430732,0.6784779429,0.4931285381
1247,0.3451392949,0.3774092495,0.4252746105,0.3898335993,0.4278446734,0.4479359686,0.475985527
1248,0.3502583504,0.3754615784,0.3749883175,0.4035844803,0.4250905514,0.5428916812,0.4778212011
1249,0.3584855795,0.3969946802,0.3987260163,0.3811669648,0.423068136,0.5402949452,0.4794187546
1250,0.3675528765,0.4013726711,0.4369953573,0.3849507868,0.4200211465,0.5499095917,0.4814244211
1251,0.3554501832,0.3796209097,0.476432085,0.3730880916,0.4202305973,0.4386386573,0.4668770134
1252,0.3540509641,0.4033960104,0.4475760162,0.3902598619,0.4252080619,0.3635999262,0.4617873132
1253,0.3659871519,0.4183829725,0.4231080115,0.4154582024,0.4414527416,0.4611414373,0.4681072533
1254,0.3734629154,0.4300341308,0.4692904055,0.4118880332,0.4414225817,0.4986782372,0.4689182043
1255,0.3951332271,0.4389535189,0.4701918364,0.4276406765,0.4424824715,0.7606506944,0.474934727
1256,0.4046366215,0.4538420737,0.5274617672,0.4298987091,0.4384190142,0.7530164123,0.4795776308
1257,0.4160861075,0.454297781,0.5101642609,0.4811602831,0.4546014369,0.5927708745,0.4893826544
1258,0.401178956,0.4616876543,0.5124437809,0.4522249401,0.4528660476,0.4093668461,0.4880461991
1259,0.3726258278,0.3900855482,0.4148263633,0.4302853644,0.4518529475,0.7763294578,0.4635801315
1260,0.3761239052,0.4171467721,0.3870961666,0.4012580812,0.4593594968,0.3801746368,0.4592330158
1261,0.375908941,0.3933287561,0.3933010995,0.4103919566,0.4622941911,0.5916278958,0.4425928295
1262,0.383607626,0.3665358126,0.3883046806,0.3995935917,0.4687598646,0.4490791261,0.4337020218
1263,0.382642746,0.3785268068,0.401376754,0.4095139503,0.4751793146,0.3855717182,0.4304738343
1264,0.3924428225,0.3710854948,0.4201355875,0.4103158414,0.4788054526,0.3852622211,0.4272718728
1265,0.3876196146,0.3680576384,0.4308797419,0.4075400531,0.4796347618,0.4787385166,0.428622961
1266,0.3912931979,0.3732658327,0.4571031332,0.3832665682,0.4790120125,0.3897696435,0.4274999797
1267,0.4605730474,0.4666879177,0.5241848826,0.4628836811,0.5188013911,0.6419234276,0.4998441637
1268,0.4850690365,0.5111336112,0.5114428401,0.5015354753,0.539875567,0.4812485874,0.5377513766
1269,0.4983830154,0.5558689237,0.5527752042,0.5009403825,0.5451825261,0.5276263356,0.5558052659
1270,0.5507730842,0.6122955084,0.5615251064,0.5578370094,0.5449901223,1.00871861,0.5825448036
1271,0.5125860572,0.5501694679,0.5753459334,0.5040610433,0.5529965758,1.041379094,0.5791309476
1272,0.5058771968,0.441724807,0.4634859562,0.4759937823,0.5149795413,5.089713097,0.4909485877
1273,0.4863996506,0.4476088583,0.524430871,0.450897187,0.5142610669,0.7190298438,0.4817139208
1274,0.4701079428,0.4454924762,0.5008451343,0.4593501389,0.5142619014,0.5140242577,0.4781042039
1275,0.457419008,0.4697206914,0.4579679072,0.4753831923,0.5139029622,0.4593332112,0.4774854183
1276,0.4453314841,0.4594250917,0.4342256486,0.4685274065,0.5084525943,0.6958109736,0.4806540012
1277,0.4453823268,0.4402969778,0.4945970774,0.4749550819,0.509547174,0.4584323466,0.478158623
1278,0.4442355633,0.4051494598,0.5025873184,0.4296618402,0.4967253506,2.531463623,0.4417367876
1279,0.4558656216,0.4108084142,0.4495941401,0.4230887592,0.4929386675,1.531080127,0.4247125089
1280,0.4870922565,0.4193461239,0.4595475495,0.4557085037,0.4879185855,1.498821616,0.4114572108
1281,0.4444622099,0.4024260044,0.4097583592,0.4685904682,0.4878917634,0.4449841082,0.4115046263
1282,0.4245313704,0.4256351888,0.414586693,0.4391075075,0.490534693,0.4216225445,0.4184741676
1283,0.4456371367,0.4238553047,0.4215672016,0.4774653018,0.4921484292,0.9518339038,0.4210908711
1284,0.4306427538,0.4150934517,0.4220401347,0.4629069865,0.4935623109,0.4550527036,0.4211549759
1285,0.4097688496,0.4039455354,0.4613726437,0.4835672677,0.4965611994,0.4218269885,0.4224280119
1286,0.3958102763,0.3995155096,0.4230675399,0.4430238307,0.501830101,0.4264856577,0.4252047837
1287,0.3801168501,0.3949145973,0.3812562525,0.4293618202,0.4948987067,1.092228055,0.4196065962
1288,0.386426568,0.3913851678,0.4021762311,0.4229896069,0.507468164,0.4507198036,0.4278521538
1289,0.3925624192,0.3923101723,0.385040164,0.4476833045,0.5093450546,0.5913883448,0.4290606678
1290,0.3958485126,0.3864192069,0.4151507914,0.4231457412,0.5220271349,0.4855456352,0.4355580807
1291,0.3944372237,0.390080452,0.3860987127,0.4912122786,0.5222763419,0.6356447935,0.4365728796
1292,0.4202828407,0.3693290651,0.4572305381,0.4975812435,0.5070448518,3.648503065,0.4151706696
1293,0.4770130217,0.3612157404,0.4201477468,0.6933118701,0.4894191325,3.179007769,0.4019233286
1294,0.4423844516,0.3451369703,0.4689202309,0.5295648575,0.492204994,0.8770731091,0.4064443111
1295,0.4225782156,0.3644633293,0.376434803,0.5459260345,0.4941712618,0.4793743789,0.4085306823
1296,0.4220528305,0.378995657,0.4464812279,0.5390282273,0.4934443533,0.8903976083,0.4119079113
1297,0.4260250032,0.3919022381,0.4359036386,0.5538523793,0.4963261187,0.998565197,0.4190871716
1298,0.3928429782,0.4136312902,0.3800598681,0.4517680705,0.4992392957,0.451061219,0.4215565622
1299,0.4161004126,0.397516489,0.473457247,0.5102594495,0.5009431243,0.9430499673,0.4284799099
1300,0.3731642663,0.359634757,0.4425756037,0.4504515231,0.5044916272,0.3566960096,0.4275419712
1301,0.3545580804,0.3541094959,0.4311468601,0.4410094321,0.5051285625,0.3625766933,0.4227336645
1302,0.360982269,0.3537166417,0.4042367637,0.4398013651,0.5142377019,0.4257127047,0.4295752943
1303,0.3472782671,0.3540787399,0.4386433661,0.4540550709,0.5131394267,0.360722214,0.425755024
1304,0.3219115436,0.3198037148,0.3589150608,0.4192322195,0.5070707202,0.5038890839,0.4128851891
1305,0.3182516992,0.314363122,0.342040211,0.3986551762,0.4972555935,0.7217509151,0.3956419528
1306,0.3228805959,0.323443532,0.4798821211,0.398411423,0.497846961,0.3760225475,0.392175436
1307,0.3295217156,0.3289096653,0.3460592926,0.3944154978,0.4871839583,0.8767783046,0.3788347542
1308,0.3333874047,0.3432591259,0.3566783369,0.4079894125,0.4828270972,0.5539694428,0.3712010682
1309,0.3440215588,0.3467609584,0.3714499772,0.4364438057,0.4828009307,0.6759278178,0.374548912
1310,0.3305334151,0.3343170583,0.3525871336,0.3898289204,0.4803699553,0.4275342524,0.3699623644
1311,0.3349219263,0.3496472836,0.3408678472,0.3950404227,0.4790988863,0.4106788635,0.3666584492
1312,0.3325740695,0.3382488191,0.3398611248,0.3771416247,0.4732287824,0.6722095013,0.3587003648
1313,0.3472667634,0.3341439664,0.3295811713,0.3735791147,0.479367286,0.4438972473,0.3622101545
1314,0.350599438,0.3517262042,0.3302489221,0.3917877674,0.4846566617,0.3992305994,0.3637564182
1315,0.3802486956,0.3330289721,0.3874605894,0.4385348856,0.4938028753,1.311172962,0.3700455129
1316,0.350507617,0.3299505711,0.3273323476,0.3934704363,0.4949382842,0.3932235539,0.3679486215
1317,0.3456936777,0.3355175555,0.3186182976,0.3764596879,0.4937175214,0.3745851517,0.365213722
1318,0.3402261734,0.3405761719,0.3289628327,0.390503794,0.499915123,0.4218470156,0.3667542934
1319,0.3375635147,0.3356588781,0.3377762735,0.4031062424,0.5043905377,0.3636342585,0.3687008619
1320,0.3553234637,0.3519650996,0.3378152549,0.4068612754,0.5251607895,0.8360850811,0.3845152855
1321,0.3711099625,0.3538439572,0.3283015788,0.415247649,0.5236623883,1.280257344,0.3861049116
1322,0.4167385995,0.3841420412,0.3674262464,0.4545380175,0.5347478986,1.427856445,0.3989940882
1323,0.3819430768,0.3912599981,0.3352888823,0.3949489892,0.5350778103,0.3465590477,0.3964836895
1324,0.3600001633,0.3608701229,0.3323524892,0.3497252464,0.5325781107,0.4610302448,0.3878589869
1325,0.3994389474,0.381070286,0.3409622908,0.4241507947,0.5437477231,0.4614544809,0.4057361186
1326,0.3895280361,0.3671011925,0.3543622494,0.4244966805,0.5412343144,0.3813686669,0.4032775462
1327,0.4126847684,0.3698556423,0.3786434233,0.4414082468,0.5418549776,0.6382226348,0.4057586193
1328,0.4034333229,0.374014765,0.3673321009,0.4456548989,0.5456027389,0.3891620636,0.41262725
1329,0.4102628529,0.3993007243,0.3750225306,0.406503588,0.5454564095,0.4820987284,0.4149871767
1330,0.409078449,0.4348950386,0.3715344965,0.4150963724,0.5436269641,0.7119995952,0.4173534811
1331,0.4391319752,0.4555081427,0.3715690672,0.4582942724,0.547785759,0.8290234208,0.427246213
1332,0.4144274294,0.4097862542,0.3956569433,0.4476890564,0.5452540517,0.5079603195,0.4278879464
1333,0.4096144736,0.4036997855,0.3893207014,0.420941323,0.5468937755,0.5750195384,0.4264120758
1334,0.4019056857,0.4061659873,0.3855480254,0.4042733908,0.5489643812,1.14596653,0.4241630733
1335,0.4113681316,0.4009298086,0.3961370885,0.401296854,0.5499193072,0.5169110298,0.4235635698
1336,0.4036028385,0.3980586529,0.4356006384,0.3967899978,0.5496167541,1.36415875,0.4213181734
1337,0.4003283083,0.4027881622,0.4152623117,0.3963799775,0.546036005,0.8245081902,0.4187587798
1338,0.4155786037,0.4155773222,0.4338327944,0.4152775705,0.5574420094,0.5123201013,0.4258366525
1339,0.4235197604,0.4267430305,0.4462032318,0.4338178635,0.564193964,0.6191509962,0.430180192
1340,0.4327251613,0.414039135,0.4392392635,0.4406115115,0.5550094247,0.8941202164,0.4266618192
1341,0.4275919497,0.4185898304,0.4381957054,0.4107540548,0.5543897152,0.8031184077,0.4224648178
1342,0.4202443659,0.4478608072,0.4359990656,0.4070156813,0.5495262742,0.6226660609,0.4211798608
1343,0.4241404831,0.4652951062,0.4329122603,0.4171807766,0.5556570888,0.430493027,0.4238283634
1344,0.4259406328,0.4466804266,0.4311294258,0.4220167696,0.5539039969,0.4316437244,0.4243175983
1345,0.4350159466,0.4673771858,0.4391471446,0.4218986928,0.5627534389,0.4515689909,0.4289561808
1346,0.4538158476,0.4902334511,0.4333067238,0.4322628975,0.5656223893,0.4328874648,0.4298281968
1347,0.4628320932,0.4998532236,0.4452644289,0.4337602556,0.5715306997,0.483104676,0.4302968979
1348,0.4545358717,0.5114478469,0.4349379539,0.4284824431,0.5666754842,0.5956637859,0.4352434874
1349,0.458960861,0.4650450051,0.4415731728,0.4746631086,0.5517473221,1.454510093,0.4294525683
1350,0.4587478936,0.5151548982,0.4576519728,0.4525771141,0.5491368771,0.4956828058,0.4299592972
1351,0.4710565805,0.454241842,0.4577217996,0.4988724291,0.5427901149,0.7765629888,0.4300323427
1352,0.4657040536,0.4660185277,0.4578378201,0.4622291028,0.5468824506,0.4976108968,0.4326982498
1353,0.4900414944,0.4704243243,0.457039088,0.5439128876,0.532525003,1.620910168,0.4309577942
1354,0.457275033,0.4091212749,0.4627490938,0.4777673781,0.5364151001,0.4475278556,0.4278333485
1355,0.4561901987,0.5232704878,0.4610571861,0.4519514143,0.5372821689,0.4443424046,0.4251038134
1356,0.4624243081,0.4666330814,0.4582326412,0.4900014699,0.5293803811,0.711948812,0.4269329607
1357,0.4606064856,0.4955357015,0.4634987414,0.4811023176,0.5386395454,0.4574640095,0.4314199686
1358,0.4565382004,0.5202524066,0.4655425549,0.471517235,0.5382424593,0.6057693362,0.4336063862
1359,0.4613703191,0.561529398,0.4542833269,0.4847820699,0.5371568799,0.6398975253,0.4359343052
1360,0.4587930739,0.5049028993,0.4660601914,0.4737152159,0.5328455567,0.5127363205,0.4410951138
1361,0.4633211195,0.4948565066,0.4626286924,0.5082934499,0.5281518102,0.5295949578,0.4443869889
1362,0.4366159141,0.5294365883,0.4901936054,0.4328702986,0.5283943415,0.5328778625,0.4381810725
1363,0.4668265879,0.4570072591,0.3374783099,0.3122778833,0.4917038381,6.292195797,0.3737822473
1364,0.5081497431,0.5334911346,0.3250132203,0.3002018631,0.4711261988,3.668555021,0.3405465186
1365,0.50322932,0.6270256042,0.3197324872,0.2907084525,0.4642345905,1.80123055,0.3271554708
1366,0.5649875998,0.5072115064,0.3302938044,0.2962305844,0.4553128183,2.030952454,0.3173040152
1367,0.597168684,0.5233231187,0.3309552372,0.2984943092,0.4452375472,2.268322229,0.3108817041
1368,0.4889521897,0.5256783366,0.3363461494,0.2990188301,0.4490254819,0.3854914904,0.3196393549
1369,0.4704028666,0.4404986799,0.3302325904,0.3048093617,0.4491494894,0.5059717298,0.3224994838
1370,0.4674096107,0.4146767557,0.4485063851,0.3214695156,0.4653539956,0.4590531588,0.3468112946
1371,0.4874881804,0.5325223207,0.529404223,0.3612796068,0.4922865331,0.4886596203,0.3832895458
1372,0.5040250421,0.4359717369,0.4226573408,0.3633075655,0.494538635,0.4762299359,0.3892844915
1373,0.4841440916,0.4596284926,0.4187960625,0.3635479212,0.4942087233,0.3801693916,0.3912947178
1374,0.4759454429,0.4363321066,0.5344846845,0.37317729,0.4939691722,0.399358958,0.3940142691
1375,0.4708084166,0.4440636635,0.4629803598,0.3733969629,0.4922343194,0.4233382642,0.3949895799
1376,0.4673393667,0.4454487264,0.4294978082,0.3820671141,0.4916413724,0.3890694082,0.3945810497
1377,0.4781932831,0.4549895823,0.4209271371,0.3780704439,0.4920865297,0.4477645159,0.3950411975
1378,0.5229024887,0.4591357708,0.619679749,0.3727527559,0.4890479147,1.146723151,0.393247515
1379,0.5599868894,0.4763140976,0.5087304711,0.39716658,0.4893084466,1.255551815,0.3992935121
1380,0.500508666,0.4708224535,0.4095453918,0.3768254817,0.488599211,0.3842345178,0.3976651728
1381,0.4719580114,0.4271437824,0.6209950447,0.3581101596,0.4866673052,0.4589963853,0.3937488496
1382,0.4373793602,0.3798459768,0.435133785,0.3437150419,0.4848783016,0.58913064,0.3891181946
1383,0.4240918159,0.4015184939,0.5723903179,0.3404842615,0.4846371114,0.5446667075,0.3864268959
1384,0.3866820633,0.3772293031,0.4184595346,0.3444753885,0.4776756763,1.115626574,0.3776774704
1385,0.3883623183,0.3734375536,0.5046852231,0.3795311451,0.4750950336,0.612252295,0.3747819364
1386,0.3713766634,0.3649987876,0.346442461,0.3853117526,0.4635494947,0.9992718697,0.3671147823
1387,0.4052983224,0.3979928493,0.3313061893,0.370429635,0.4689434767,0.6490911841,0.3760725558
1388,0.3791776896,0.4238871038,0.329099685,0.3892373145,0.4621284008,0.6852993965,0.3728060722
1389,0.3782276213,0.35397017,0.3469027579,0.3861345351,0.4684081078,0.3758472502,0.3757273257
1390,0.370953083,0.3372907937,0.3593917191,0.3787714541,0.4654962122,0.4843073785,0.374878794
1391,0.3723065853,0.3431682885,0.3537530601,0.3892041147,0.4675935805,0.3927954435,0.3758262694
1392,0.3693195879,0.3497606516,0.3600004017,0.3849248588,0.4670467377,0.3792129457,0.3776691258
1393,0.3716588318,0.3571459353,0.3846541643,0.3787455559,0.4626484811,0.5297910571,0.3798363209
1394,0.3736898005,0.3611992896,0.3627826273,0.383553952,0.4610695839,0.4458051622,0.3850379884
1395,0.373385042,0.3722690046,0.3894175589,0.3839298189,0.4578340948,0.4616604745,0.3863067925
1396,0.3682832718,0.3714269102,0.3899599612,0.3879418373,0.4532108009,0.5494797826,0.3870112598
1397,0.3666386902,0.3485006392,0.3928643763,0.4035896957,0.4504580498,0.4529986382,0.3900558949
1398,0.3838279545,0.3537221849,0.416621834,0.4243843257,0.4412853718,0.8576505184,0.3925200999
1399,0.3708256483,0.3981722891,0.4360454977,0.3978492916,0.4424770772,0.3951814473,0.3958336413
1400,0.3798436821,0.3774765432,0.4238181412,0.3978609145,0.4469290674,0.4165540636,0.4038434923
1401,0.3747549951,0.3975928724,0.4590828419,0.4041522741,0.4468182027,0.3975094557,0.4026587009
1402,0.3759137392,0.431049943,0.3785965443,0.4024783671,0.448490113,0.5015326142,0.404853344
1403,0.3770792484,0.3816325665,0.3916678131,0.3798070848,0.4469194412,0.7874612808,0.395930171
1404,0.3626427948,0.4048032761,0.3904573023,0.3823342323,0.445114702,0.4436653554,0.396612078
1405,0.3824733496,0.3697809875,0.3734738529,0.3807284534,0.4473348558,0.5891775489,0.3911796808
1406,0.3810498714,0.3511113822,0.4995967448,0.372607708,0.4487549067,0.4181708395,0.3994294405
1407,0.3725478351,0.3460275829,0.4466547966,0.3681254387,0.4469464719,0.4512299001,0.4000798762
1408,0.3732719123,0.3563706875,0.4383707047,0.3753017485,0.4493312836,0.4772166312,0.4022767544
1409,0.3571094573,0.3638282716,0.4194796085,0.3888593912,0.4437829256,0.6769943833,0.4031634331
1410,0.3498777449,0.3651082814,0.4120597839,0.3897507191,0.4370438159,0.8584287763,0.4041109085
1411,0.3611290753,0.3760525286,0.3733831644,0.3838221133,0.4266147316,1.171848416,0.4050718546
1412,0.3594213724,0.4077700078,0.4018132389,0.378780365,0.4269147813,0.5833388567,0.4079867303
1413,0.3638980687,0.3795388639,0.4125998318,0.3903952837,0.4322649539,0.416626364,0.4101075828
1414,0.3719372451,0.4073524475,0.4277158678,0.4009795487,0.4217969179,1.001672149,0.4152709544
1415,0.3745337725,0.4792619944,0.4239179194,0.393642664,0.4175306857,0.6288880706,0.4179800451
1416,0.4055608809,0.5112669468,0.4407181442,0.454652667,0.3960928023,1.902782559,0.4220000207
1417,0.3732195199,0.4911068976,0.4301976264,0.4225068986,0.3945401609,0.399261862,0.4241865575
1418,0.4247388542,0.5314318538,0.4508554041,0.4541991651,0.3817158639,1.394201756,0.4389081895
1419,0.3999857605,0.4551136494,0.4641272128,0.419151783,0.3805304468,0.4315164089,0.4446206391
1420,0.3870207369,0.4310802221,0.4326153696,0.4354103506,0.3770260513,0.5407972932,0.4477926195
1421,0.3140271008,0.3333962262,0.352278024,0.3513127863,0.3658719957,1.809471726,0.4033120573
1422,0.3117736578,0.2960038483,0.3615937233,0.3464066982,0.3657765687,0.4552891254,0.3919223249
1423,0.3182701766,0.3239494264,0.3330439627,0.350918889,0.3652596772,0.3447508812,0.3928811848
1424,0.318228513,0.3088595271,0.3295174241,0.3331253827,0.3693436682,1.261555672,0.3681657016
1425,0.3261067569,0.3175043166,0.322419852,0.3260409534,0.3646167815,1.092210174,0.347701937
1426,0.3485767841,0.3298567235,0.3041886091,0.3239092827,0.3601626158,1.39049232,0.3257925212
1427,0.3682416677,0.341840148,0.2750011981,0.3465229571,0.3569496572,1.140735626,0.3110977411
1428,0.3833938539,0.3951766491,0.2977529466,0.3607289791,0.3628796637,0.754306972,0.3077874482
1429,0.3202589452,0.3235534728,0.3021630049,0.3109365106,0.3564573228,0.6869392395,0.305619359
1430,0.29534325,0.2981201708,0.2757038772,0.2827592492,0.3475543261,1.425207973,0.3029030561
1431,0.29068923,0.3401050568,0.2454199046,0.2766205966,0.3473463953,0.553124249,0.3049236834
1432,0.282397598,0.3266270161,0.2521732748,0.2693947554,0.3292461336,1.506100655,0.3022736609
1433,0.2770723403,0.3015720546,0.2519898713,0.2823938131,0.3331025243,0.6310441494,0.3082625866
1434,0.2798571885,0.324064672,0.2278148681,0.2974006832,0.3242971003,1.328788996,0.3106911182
1435,0.2910199463,0.3488256633,0.2568449676,0.3142521381,0.3177001178,1.135573745,0.3148233593
1436,0.273946017,0.3053317368,0.3146041334,0.2795696259,0.3260106444,0.3403253853,0.319042176
1437,0.2619271576,0.2658348083,0.3423043787,0.2848754227,0.326995194,0.3026928008,0.319519043
1438,0.2656425536,0.2741569281,0.2657034099,0.279337436,0.3263608813,0.3336350918,0.3198964894
1439,0.2831479609,0.2729364932,0.3081320524,0.2958972156,0.3313368857,0.7471587062,0.3283725083
1440,0.2701633871,0.2760852873,0.3802242577,0.2830797732,0.3316904008,0.2892780602,0.330088228
1441,0.2848344147,0.2772720754,0.3389595747,0.3159832358,0.3208940625,1.021401048,0.3339672983
1442,0.2842935622,0.304412365,0.3776648045,0.3193227351,0.3166069388,0.5218788981,0.3412173688
1443,0.3182307184,0.3402166367,0.3983741701,0.3597410917,0.319631964,0.6453971863,0.364751339
1444,0.2826156616,0.3430539668,0.2959066927,0.3216325045,0.3195169866,0.5611211658,0.3526824415
1445,0.2962321341,0.3545642197,0.3110911548,0.3161087334,0.3154361248,0.5482447743,0.3603466749
1446,0.3187121451,0.4153445065,0.3778081834,0.3434895575,0.3237252533,0.3518249094,0.3796724379
1447,0.3696285784,0.5982310176,0.4190295637,0.4256343842,0.3656603992,0.5242487192,0.4467833042
1448,0.3954937458,0.5599687099,0.4761542082,0.4261216223,0.3608169258,0.960139513,0.4635770619
1449,0.4082522392,0.5745927691,0.4752405882,0.4591430426,0.3671314418,0.9368026257,0.4966026843
1450,0.4227001667,0.5265337229,0.4737615883,0.458657831,0.3631048203,0.6663780212,0.5035615563
1451,0.4077709615,0.5394952893,0.5458259583,0.4386670589,0.3631468117,0.4297680855,0.5074183941
1452,0.3938854039,0.4675672948,0.5064867139,0.4668134451,0.3690313399,0.388299942,0.5172279477
1453,0.4350743294,0.4340075552,0.4945467412,0.5156474113,0.3566501141,1.448970318,0.529140234
1454,0.425422281,0.4706992805,0.4571272135,0.5100212693,0.3511514664,0.8755874038,0.5406970382
1455,0.5204989314,0.5583341122,0.566021204,0.5989021659,0.4062907696,0.9757143855,0.6350822449
1456,0.7372660041,0.7200487256,0.8137846589,0.7949628234,0.6383814216,0.6429230571,0.8957080841
1457,0.7482103705,0.8030977249,0.7300689816,0.8607420921,0.6647727489,0.6782805324,0.9265515804
1458,0.7657337189,0.9494236112,0.7719942927,0.9173588157,0.6888988614,0.7357724309,0.9575348496
1459,0.7308495641,0.8662104607,0.6918799281,0.8119645715,0.6859915853,1.36800921,0.914337337
1460,0.7281200886,0.8289720416,0.707772553,0.8316438198,0.6848740578,0.7897894979,0.8899975419
1461,0.7445726395,0.7925147414,0.7058625221,0.8196656704,0.6891944408,0.7734615207,0.8971243501
1462,0.7646839619,0.8064339757,0.7447914481,0.8274177909,0.7058249116,0.6967915893,0.9102298617
1463,0.7649409175,0.7716924548,0.7378253937,0.794999361,0.7142410278,0.7272894979,0.9075286984
1464,0.7519760132,0.770636797,0.7685470581,0.8099741936,0.7134075761,0.9622072577,0.8823136687
1465,0.7525858879,0.727873385,0.7931162715,0.7876036763,0.7134488225,0.7038633227,0.8717512488
1466,0.7517558932,0.7593461871,0.7617938519,0.8112726212,0.7050874829,2.017184258,0.8268725872
1467,0.7930457592,0.720056057,0.7954003215,0.8241555691,0.6820821762,2.986870527,0.7636930346
1468,0.7773839831,0.7024998665,0.8107545972,0.8006851673,0.6802100539,0.8222295642,0.7480379939
1469,0.7745342255,0.7349920273,0.8152897954,0.8216171861,0.6831932068,0.7325615883,0.7443916798
1470,0.7695877552,0.7555469871,0.7626441121,0.8118667603,0.6818761826,0.7913563848,0.733797729
1471,0.7518650889,0.7294762731,0.8262581825,0.8191304803,0.681344986,0.7232840657,0.7267723083
1472,0.7400457263,0.7533890605,0.7921201587,0.8124397397,0.6822684407,0.7685959935,0.7304738164
1473,0.7466700077,0.7435774207,0.7907085419,0.7832091451,0.6848384738,0.7755684853,0.7364246249
1474,0.7508656383,0.8111987114,0.7902886271,0.7950951457,0.6877007484,0.7116811275,0.7402589321
1475,0.7671496272,0.7658302188,0.7802240849,0.8384633064,0.7004725933,0.9584572911,0.7441570163
1476,0.7619734406,0.8079544902,0.7780454755,0.8222129941,0.7022230029,0.8403152823,0.7499806881
1477,0.7623146176,0.778948009,0.8386492133,0.7507770658,0.7008609176,0.9848305583,0.754693687
1478,0.764960587,0.7998626232,0.7330104709,0.7584099174,0.6963430047,1.305403113,0.7601092458
1479,0.7731475234,0.7561647892,0.7372835279,0.7796747088,0.6923680305,1.390707016,0.7666733861
1480,0.7823290825,0.7526810169,0.7204921842,0.7871319652,0.6849190593,1.649958253,0.774315536
1481,0.7939469218,0.7723534703,0.7892987132,0.7684240341,0.6815023422,1.267882705,0.7809515595
1482,0.7823870778,0.8671143055,0.7754459381,0.7552199364,0.682644546,0.8929367065,0.7841901779
1483,0.7464315295,0.8274424672,0.710116446,0.7164411545,0.679705441,1.050812483,0.7581525445
1484,0.7573683858,0.7899500728,0.7340705991,0.705303669,0.6801570058,0.8401296735,0.7629324794
1485,0.7833715081,0.8335259557,0.6698963046,0.7114312053,0.673037231,1.615854621,0.7709721923
1486,0.7767143846,0.828836441,0.7233059406,0.7128433585,0.6717884541,0.894329071,0.7739672065
1487,0.7944161296,0.8329332471,0.7858552337,0.7509884834,0.6677301526,1.248969913,0.7811388969
1488,0.7725798488,0.8215575218,0.7381178737,0.7340812087,0.6712319255,0.6511880159,0.7747340202
1489,0.763017416,0.8131694198,0.7769281864,0.7237576842,0.6721823812,0.6533783078,0.7682974339
1490,0.759267807,0.8588628173,0.8177122474,0.7189318538,0.6822274327,0.7030169368,0.7701999545
1491,0.7963327765,0.8384239674,0.77025491,0.7790359855,0.7045540214,0.7152485847,0.7951413989
1492,0.8012087941,0.8594056964,0.7496032119,0.7933211327,0.7043671012,0.7736269832,0.7949984074
1493,0.7885792851,0.8055267334,0.8129345775,0.7507751584,0.7044115067,0.6772549748,0.788074255
1494,0.7780453563,0.7734414935,0.8346922398,0.7535672188,0.7102808952,0.6837570071,0.7908733487
1495,0.7470362186,0.7545244098,0.805400908,0.7706148028,0.7089808583,0.7153027654,0.7790587544
1496,0.7566978335,0.7711994648,0.8444871306,0.8021438718,0.7065849304,0.9155261517,0.7622434497
1497,0.7772372365,0.7819904685,0.8044533134,0.7849731445,0.7065324783,0.7565199733,0.7624999881
1498,0.7819437981,0.8123357892,0.8436467052,0.7702410817,0.7015724778,1.443169117,0.7697705626
1499,0.7859404087,0.7820381522,0.9034032226,0.7919977307,0.706158936,0.707706213,0.7738212943
1500,0.7792255282,0.7577896118,0.8908236623,0.8007747531,0.7096889615,0.8619289398,0.7817847133
1501,0.812744379,0.7978394032,0.9464604259,0.7464362979,0.7072534561,1.16354692,0.7875377536
1502,0.7821281552,0.8118886948,0.9209981561,0.6861626506,0.7048630714,0.793368876,0.7697048783
1503,0.7870338559,0.8634128571,0.8820521832,0.6995236278,0.7070970535,0.8582666516,0.7733035088
1504,0.8148477674,0.8638308644,0.8916168213,0.7322481275,0.7026868463,1.488990784,0.7810711861
1505,0.8045251966,0.8347508907,0.8409312367,0.6901316643,0.7021240592,0.8576925397,0.7833892703
1506,0.8091594577,0.9729030728,0.8386888504,0.7137970328,0.7012912631,1.074010968,0.7908819318
1507,0.8283054233,0.9217789769,0.8058393598,0.726502955,0.7266945839,1.185732841,0.8305789828
1508,0.8482688069,1.011638641,0.8791686893,0.7624911666,0.735016346,1.56296289,0.8579565883
1509,0.8813237548,0.9927832484,0.9033161998,0.7475881577,0.7288246155,1.841655612,0.8725792766
1510,0.8469148278,1.073168278,0.876290977,0.7680742145,0.7500536442,0.7107810378,0.8917894959
1511,0.8648368716,0.989382565,0.8733933568,0.7311005592,0.7489724159,1.030318737,0.895504415
1512,0.8408532739,0.9496652484,0.8826673627,0.7934269905,0.7488011718,0.8362801671,0.894051075
1513,0.8660274148,0.963246882,0.8979308605,0.7571797371,0.7581902146,0.7155063152,0.8992827535
1514,0.8199832439,0.8556949496,0.8799121976,0.7717650533,0.7576149106,0.7026262283,0.8817799091
1515,0.8163337708,0.7846374512,0.9261293411,0.7327741981,0.7581658363,0.6811221242,0.8683897853
1516,0.8173454404,0.8121516705,0.9665842056,0.7547456622,0.7618966103,0.8646953106,0.8704382777
1517,0.8390560746,0.8747293353,1.000812411,0.717997551,0.7639319301,0.7144083381,0.864087522
1518,0.8591540456,0.8596951962,0.9968177676,0.7416503429,0.7702479362,0.864546597,0.8683043122
1519,0.8247100711,0.8964495659,0.9993050694,0.7268742919,0.7717421651,0.7192904353,0.8615573049
1520,0.9218823314,0.9518656731,1.045599699,0.7544598579,0.7817361355,2.329338789,0.899456203
1521,0.8923889995,0.9016339779,1.05224812,0.7493767738,0.788225472,0.8391543031,0.9067160487
1522,0.9147887826,1.07117331,1.118241668,0.7837048173,0.7863214016,1.33923614,0.9164232612
1523,0.9359695315,1.040170312,1.143810749,0.7852215171,0.7845728397,1.199156642,0.9226172566
1524,1.00929296,1.174275875,1.158762574,0.8618243337,0.7808288932,2.08793807,0.9442674518
1525,0.9761238098,1.090868115,1.138199925,0.7838017344,0.7818525434,1.094269276,0.9485653043
1526,0.999534905,1.020930171,1.138208985,0.8491441607,0.7866225243,2.157031298,0.9732007384
1527,1.010769725,1.085600495,1.142264128,0.8291171193,0.7835078239,1.756411195,0.9866909981
1528,0.9413930774,0.9816644788,1.127742887,0.8384770751,0.7860724926,0.8168930411,0.981218338
1529,1.021233439,1.010360837,1.099403143,0.8816668987,0.7826285958,2.426559687,1.003128171
1530,1.026684046,1.043618202,1.120109558,0.9144348502,0.7800008655,1.98037827,1.020153761
1531,1.060044289,0.9829728007,1.125738978,0.8998737335,0.7764982581,1.9471668,1.036321759
1532,1.097923994,1.132598877,1.131983042,0.9238012433,0.7661538124,2.429165125,1.056614995
1533,0.9406629205,0.9503236413,1.117000937,0.8179329038,0.7746064663,0.6765940785,1.035609245
1534,0.9868046641,0.9458966851,1.117588639,0.8378403783,0.7828634381,1.12972343,1.042683959
1535,1.121150851,1.129261017,1.112678885,0.9575294852,0.7719421983,2.770068169,1.071114063
1536,0.9759952426,1.017675281,1.108569503,0.8915902972,0.7753457427,0.6789618134,1.048336983
1537,0.9957253337,0.979234457,1.110406756,0.895175755,0.775042057,1.041667342,1.048183799
1538,0.9308945537,0.9912056923,1.089898229,0.8803632259,0.7745871544,0.684253037,1.029043078
1539,0.8218269348,0.9612028003,1.030839801,0.8361730576,0.7655150294,1.077194095,0.9747374654
1540,0.823135078,0.8828646541,1.031154037,0.7959733009,0.7661139369,0.6806909442,0.9539809823
1541,0.8174014091,0.9168314934,0.9612850547,0.7939434052,0.7699554563,0.6904244423,0.9399266243
1542,0.71728158,0.7883081436,0.9833105206,0.6889178157,0.7602809072,1.163302302,0.8936882019
1543,0.5996146798,0.6541936994,0.8050262332,0.6243432164,0.718565464,3.957520723,0.7935844064
1544,0.6227295399,0.6301043034,0.8388195038,0.6269285679,0.7153241634,0.751326263,0.7746500969
1545,0.5843715072,0.5968326926,0.6836473346,0.6580024362,0.7050929666,1.459347367,0.7400584221
1546,0.6109880209,0.6038454771,0.6701028943,0.6727949977,0.7064371109,0.6632792354,0.7376263738
1547,0.6126362681,0.5807963014,0.6977527142,0.6679074168,0.7052279115,0.6599476933,0.7294383049
1548,0.5853367448,0.5799351931,0.6028030515,0.6572449803,0.7055585384,0.9696633816,0.7161977887
1549,0.6154174209,0.6266637444,0.6068688035,0.6945512891,0.7085257173,0.7671453357,0.7201271057
1550,0.6074809432,0.6075130105,0.613881886,0.6536723971,0.7118606567,0.669549942,0.7195954323
1551,0.5171874166,0.5107126832,0.5359256268,0.5637911558,0.6537881494,5.668469906,0.6381962299
1552,0.6969758868,0.4761600196,0.3959471285,0.5585851669,0.4278832972,21.59506035,0.4178459644
1553,0.5877857208,0.5482712388,0.4115201533,0.4553565979,0.4120257795,2.656245708,0.4209960401
1554,0.6231797338,0.5809165835,0.4093327522,0.4768912792,0.3966983855,2.53195858,0.4303035438
1555,0.5553262234,0.519616425,0.4302999973,0.4854475558,0.3996939659,0.8659594655,0.4481532574
1556,0.4958930016,0.4778296649,0.4390215576,0.491497606,0.4051785469,0.4437514246,0.458912462
1557,0.5141296387,0.5631406903,0.4546906948,0.5392251611,0.4068892002,0.8147186637,0.4655262232
1558,0.5412142277,0.6555750966,0.4733715057,0.5650343299,0.3922849596,1.917825699,0.4707524776
1559,0.5300835967,0.6989099979,0.4622086585,0.594373703,0.3837343752,1.211163521,0.4773497283
1560,0.4984405041,0.5278259516,0.4500839412,0.5407671928,0.3815087974,0.6569392681,0.4846002162
1561,0.4727524221,0.4627501965,0.4431838989,0.5582385659,0.3925641775,0.4058652818,0.4859336317
1562,0.473456949,0.4718719721,0.4479382932,0.5507079959,0.3858481348,1.104753852,0.4927012026
1563,0.4375351369,0.4783382416,0.3934693635,0.6441560388,0.3819206059,0.7426902652,0.4983537197
1564,0.4085594714,0.4182661474,0.3841533363,0.5374810696,0.384681195,0.4255919158,0.493230015
1565,0.4282020628,0.4443078041,0.4011008441,0.5644845366,0.3811370432,0.7696493268,0.5012168884
1566,0.4224258959,0.4578022957,0.3954487741,0.5537614226,0.3827114403,0.437567234,0.5053104758
1567,0.4100934565,0.4310561717,0.4062421322,0.5882380009,0.3837887347,0.4280209839,0.5075809956
1568,0.4193787277,0.4599291384,0.4151662886,0.5932274461,0.386282593,0.539914012,0.5176610351
1569,0.4291658103,0.4223310649,0.4256634414,0.6159995198,0.3832037449,0.7095990181,0.5227813721
1570,0.4378293455,0.425347954,0.4391980171,0.5937909484,0.3810237348,0.7017526627,0.5304263234
1571,0.4737483561,0.4741648436,0.4354694784,0.7271850705,0.3642547131,2.107890844,0.5439555645
1572,0.4558598995,0.4603478909,0.4287376404,0.6386838555,0.3658500612,0.6683887839,0.5572628379
1573,0.436617583,0.4934613705,0.4299099743,0.6485458016,0.3662644327,0.4420994222,0.5530974269
1574,0.4150160551,0.4816352427,0.4125526845,0.5769760013,0.3670510352,0.3632757962,0.5445581079
1575,0.4032481611,0.4634135962,0.4190007448,0.6001743674,0.3743598163,0.4537369311,0.5387539268
1576,0.4118534625,0.4064631462,0.4286186397,0.5910781026,0.3862424791,0.3809429705,0.5469604135
1577,0.4195622504,0.410523206,0.4180538654,0.6200816035,0.3895151615,0.420291096,0.5387325287
1578,0.4306775331,0.4367968142,0.4289595187,0.6122456193,0.3941346407,0.5534639359,0.5183622837
1579,0.4160677493,0.4136548042,0.4393068254,0.612678647,0.3911861479,0.6077058911,0.4961836636
1580,0.4076933861,0.4244890213,0.4414540529,0.6452876925,0.39011693,0.561411798,0.497893095
1581,0.4103323221,0.4334191978,0.4477582872,0.611148119,0.3906921446,0.3917261362,0.4915240705
1582,0.4070278108,0.444023937,0.4663770199,0.6207990646,0.3942874968,0.390838176,0.4927609265
1583,0.4167495668,0.4627017975,0.4399783313,0.6502774358,0.3949563205,0.3916115761,0.4868867397
1584,0.4301600754,0.4823184907,0.4317950308,0.6023125052,0.3923436105,0.6633349657,0.4688316584
1585,0.4085723162,0.4210454524,0.4265002012,0.6196997762,0.3913441598,0.5714951158,0.4709841311
1586,0.4166398942,0.4323742092,0.4578887522,0.6433122158,0.3824283779,1.634121537,0.4791053236
1587,0.4601252973,0.4931727648,0.5820736289,0.7677822709,0.360178262,2.767292976,0.4893124998
1588,0.4243047535,0.4364672005,0.5956987143,0.6443727612,0.3601983786,0.3714922667,0.4851444662
1589,0.4050000608,0.4633046091,0.5556796193,0.6206180453,0.3620638847,0.3588870466,0.4751273692
1590,0.4262261689,0.4984849989,0.4576747417,0.6257160306,0.3563821316,1.069865227,0.4828175008
1591,0.4120585024,0.4599093199,0.5082144737,0.653888464,0.357129693,0.3779220879,0.4783861935
1592,0.4048089981,0.3775834143,0.4262540042,0.6904940009,0.355243355,0.6411437988,0.4819467068
1593,0.3995921612,0.3843284845,0.4170311689,0.7129864097,0.3557691574,0.3779888153,0.4776115119
1594,0.4062556326,0.4550593197,0.3936905861,0.724606812,0.3556444943,0.3889759481,0.4750406444
1595,0.4421536922,0.4266367853,0.3860551417,0.8607296348,0.3616349697,0.9189644456,0.4872704446
1596,0.4570641518,0.4375424385,0.4348510802,0.8159575462,0.3576065004,0.8722057939,0.4938502014
1597,0.4197075367,0.4300111532,0.4876702726,0.7601881623,0.3580284119,0.3513191044,0.4857034683
1598,0.3833923638,0.3952307701,0.4410675466,0.6657222509,0.3626862466,0.3793486059,0.4817492962
1599,0.3575619161,0.4259337485,0.4178908169,0.6860818267,0.3616393507,0.532289505,0.4646665156
1600,0.374554038,0.4147613943,0.4130901098,0.7119458318,0.3662563264,0.3922004402,0.4613624513
1601,0.3844069541,0.3885244429,0.4037499428,0.7739963531,0.3664649725,0.3875257075,0.4599064291
1602,0.394362092,0.4230973423,0.4084440768,0.7812200189,0.3653025627,0.5514800549,0.4626351297
1603,0.4654386938,0.4331445694,0.4990105629,1.019931197,0.3378986418,3.434673309,0.4735561311
1604,0.4905283153,0.4847582877,0.5661625266,1.061662078,0.3246648312,1.929337502,0.4877499342
1605,0.4724908769,0.5213937163,0.5204474926,0.9495354295,0.326291889,0.5081212521,0.4945390224
1606,0.575607419,0.5275605321,0.6184297204,1.061505914,0.3065894246,2.834803581,0.516449213
1607,0.4941942692,0.4545376301,0.4670149386,0.902548492,0.3077345192,0.3105123043,0.5069292784
1608,0.4744285047,0.3661301136,0.5040220618,0.828902185,0.3238551021,0.3251784444,0.5070303082
1609,0.5365515351,0.5750104785,0.5556060672,0.9516088963,0.3373562396,1.526836872,0.5341864228
1610,0.4956757724,0.6254948974,0.5039485097,0.8654403687,0.3431749344,0.5960882306,0.538530767
1611,0.4150485992,0.3975888193,0.4930444658,0.7617238164,0.3465878665,0.3883653879,0.5172705054
1612,0.3829212189,0.3741591871,0.4232234657,0.7154803276,0.3427119553,0.5700662732,0.4873434007
1613,0.3611234725,0.4374670684,0.4039340913,0.7232627273,0.3407301009,0.4426324368,0.4659099877
1614,0.3459657431,0.3326883316,0.403000921,0.6766254902,0.3342035711,0.7875124812,0.4343563616
1615,0.3436791599,0.3949734867,0.4203054011,0.6425267458,0.3326005042,0.4104984701,0.4197410047
1616,0.394759804,0.4148485661,0.3916573524,0.7647862434,0.3155482113,2.587016344,0.429282099
1617,0.4080986977,0.3851556778,0.4130778611,0.817838192,0.3096704781,1.129993916,0.4377295077
1618,0.403018862,0.3818551004,0.4040322304,0.7566438317,0.3154531419,0.4479312003,0.4409056008
1619,0.4233440459,0.4297509193,0.4056886435,0.7732778192,0.3482422829,0.3491823673,0.4591709077
1620,0.4633252621,0.4629071653,0.3995546401,0.7969024181,0.3442334831,0.8697917461,0.465608269
1621,0.399166733,0.4358472824,0.4028946459,0.6799071431,0.34210217,0.4588931501,0.4467991889
1622,0.3328655064,0.3944598734,0.368111521,0.5512513518,0.3289179504,1.402216315,0.4041161537
1623,0.338321209,0.3810022771,0.3719876707,0.5836145282,0.3285979033,0.4682211578,0.3930708468
1624,0.3270449638,0.3573566377,0.3277561665,0.5488575101,0.3306161165,0.492357254,0.3856474459
1625,0.3105120659,0.3355692625,0.3150067031,0.4814822376,0.3253115714,0.8864539266,0.3635362089
1626,0.3075707853,0.3527122736,0.3316686153,0.4738474786,0.3212400675,0.659571588,0.3494900167
1627,0.31022349,0.3146257102,0.339764744,0.4748175144,0.3224645853,0.579123497,0.3416786194
1628,0.3325706124,0.3783303201,0.3776301444,0.4781296551,0.322581172,0.3235638738,0.3400738537
1629,0.3083223999,0.3445152938,0.3373252451,0.423712045,0.3170870841,1.12621212,0.3265224695
1630,0.3073948324,0.2801592648,0.323402673,0.4532825053,0.3098917902,1.137599587,0.3134655356
1631,0.3154315352,0.3998147547,0.3448934853,0.4728287756,0.310402602,0.5863505006,0.3169132173
1632,0.3019708693,0.3179487884,0.3401694298,0.4331682622,0.3129826784,0.6556733251,0.315387845
1633,0.298530817,0.3103888035,0.3541935384,0.4428257942,0.313239336,0.3475014865,0.3147539198
1634,0.3157643974,0.3488121927,0.3698315918,0.4349140823,0.3191904724,0.3350559175,0.3212333024
1635,0.316500634,0.3865408003,0.3566261232,0.4295578897,0.3191131055,0.3178276122,0.3207140565
1636,0.3181886971,0.342348218,0.3474327624,0.3963085115,0.319136858,0.4450028241,0.3193042278
1637,0.3174840212,0.3616177142,0.3403629363,0.3837825358,0.3179787397,0.678568542,0.3165353239
1638,0.3314938843,0.4028866589,0.3676680624,0.4091318548,0.3207038343,0.3178669214,0.3189864755
1639,0.3465894461,0.3808729947,0.3946789801,0.4354430735,0.3191817105,0.7013130188,0.3188944757
1640,0.338283211,0.3225862086,0.3844923079,0.4275860786,0.3197464943,0.3164908886,0.3190909028
1641,0.3646420538,0.3263452947,0.4053795636,0.4610750675,0.3164545,0.7399747968,0.3183180094
1642,0.3276920617,0.3466834724,0.3408894539,0.4031891525,0.3157365322,0.4076186717,0.3158024848
1643,0.328211993,0.2904787958,0.320309639,0.4005147517,0.3163075447,0.3239016235,0.3165439963
1644,0.2943510711,0.2935267985,0.3172865808,0.3922783136,0.3115436733,0.8454918861,0.3091591299
1645,0.2968184054,0.3573059142,0.3071437776,0.3573581278,0.3112676442,0.5352906585,0.307762593
1646,0.3160217702,0.2947127521,0.3213267624,0.3669297695,0.3231779635,0.6096730828,0.3182621598
1647,0.3333917558,0.301153034,0.3003660142,0.3847869337,0.3244916797,0.5402382612,0.3190503716
1648,0.2889571488,0.3085236847,0.3001202643,0.3272165954,0.3294765055,0.818156302,0.3236628473
1649,0.2843257189,0.283447504,0.3123101294,0.30584234,0.3273243904,1.190853477,0.3229753673
1650,0.2952193916,0.287565738,0.3259003758,0.2969046831,0.3358492851,1.055561066,0.3327394426
1651,0.3173843622,0.2948507965,0.3335591853,0.3123612106,0.34101215,1.018443108,0.3400909901
1652,0.323248893,0.3043364882,0.3439916372,0.3196078539,0.3383660614,0.7997803688,0.341067344
1653,0.2904156148,0.2914319038,0.330824852,0.3146566451,0.3358996809,1.1130656,0.3297296464
1654,0.3060879111,0.2963450253,0.3208924532,0.3116064072,0.3389086723,0.639772594,0.3280630112
1655,0.3075332046,0.4290318191,0.3244956136,0.3471326828,0.3384329379,0.4403955042,0.3268285096
1656,0.3127879202,0.3670846522,0.3181650937,0.3229821622,0.3392830193,0.3566347361,0.3274994791
1657,0.3268731534,0.4218130112,0.3291274011,0.3317516148,0.3339143693,1.682771325,0.3187520802
1658,0.3218427896,0.3463358581,0.3149644434,0.3133464158,0.3353442252,0.5337460637,0.3198171556
1659,0.318043381,0.3956306279,0.3149796426,0.3120292723,0.3368057311,0.3365066946,0.3209332526
1660,0.3074997663,0.393053174,0.3295883238,0.2879050672,0.3410533667,0.5044023991,0.3263200223
1661,0.3069663942,0.4149772227,0.3250107467,0.2975591421,0.3407836258,0.3342540562,0.3259411752
1662,0.3074423373,0.3855980635,0.3480862379,0.2897727787,0.3417371213,0.430763036,0.3261764348
1663,0.3166570663,0.3313347101,0.3299162686,0.2960380316,0.3466135263,0.3905511796,0.3298310935
1664,0.3224260509,0.4092184007,0.3317035735,0.3087016344,0.3489341736,0.5627629161,0.3314209282
1665,0.3217610419,0.4003490508,0.341812402,0.2977926433,0.3529826403,0.3513763845,0.333925873
1666,0.3366274536,0.4016387463,0.3478733003,0.2920792401,0.3616103828,0.3555251062,0.3406342566
1667,0.3414763212,0.411216408,0.3545980453,0.3123000562,0.3615135849,0.3993133605,0.3405870199
1668,0.346562475,0.3873554468,0.3753350079,0.3136867583,0.3604501188,0.5869401693,0.3423155248
1669,0.3429830968,0.3609959185,0.3645697832,0.3008408248,0.3597814143,0.5320668221,0.3405942917
1670,0.3506934643,0.4007497728,0.3829948902,0.3130705655,0.3669124544,0.3647903502,0.3460240364
1671,0.3433039486,0.4044027627,0.3514562547,0.3203407228,0.3616008461,0.9324645996,0.3415135145
1672,0.3476370871,0.3653979301,0.350764662,0.3237967789,0.350761652,1.214397073,0.3345296085
1673,0.3484705389,0.4435947835,0.3621305525,0.3320176601,0.3597880304,0.5754380226,0.3428395689
1674,0.346437782,0.4473129213,0.350716114,0.3044192493,0.3538042605,1.267867446,0.3310575783
1675,0.3542871475,0.4487174451,0.3578632176,0.3147797585,0.361325115,0.361055851,0.3412799835
1676,0.3640222251,0.4298557341,0.3601915836,0.3253263235,0.371100992,0.4405252635,0.3474113643
1677,0.364348799,0.4061734974,0.3605078459,0.3291056454,0.3747581542,0.3630792797,0.3498407602
1678,0.3795461953,0.4208911955,0.3725744188,0.3432121277,0.3795625865,0.535936892,0.3535703719
1679,0.3789978921,0.5698392987,0.3880347311,0.3256976306,0.3858723938,0.5391218662,0.3565753996
1680,0.3865190446,0.6949488521,0.409956187,0.3494485617,0.3850732148,0.3762528896,0.3561488688
1681,0.3810301125,0.4812335074,0.4044717848,0.3416326046,0.3852925301,0.4842040539,0.3568989933
1682,0.3890978396,0.4502057135,0.3927655518,0.3194030225,0.3843181133,0.7943086624,0.3568326533
1683,0.3889473379,0.4262233675,0.4174728692,0.3656532764,0.4012260735,0.380997926,0.3774577677
1684,0.4011524916,0.4138834476,0.4277926385,0.354727298,0.4060942829,0.3907955587,0.3843996525
1685,0.4106988013,0.4210311472,0.4161345065,0.371118933,0.4040094912,0.7432691455,0.3822725713
1686,0.443682909,0.4819020927,0.4439176619,0.4095295668,0.4354124069,0.5134595633,0.417773515
1687,0.4503107369,0.4311831295,0.4242007434,0.410726428,0.4386639595,0.592014432,0.4225883484
1688,0.4416097105,0.4119850099,0.4236485958,0.4143177569,0.4421672523,0.5025282502,0.4275178015
1689,0.4478957951,0.4667847157,0.4328015745,0.4246413708,0.445928812,0.5635511875,0.4328422844
1690,0.4553745985,0.4594521523,0.4646321833,0.4401707649,0.4462248385,0.4403834343,0.4335781038
1691,0.4786883295,0.4539447129,0.396353811,0.4154672623,0.4423915148,1.710408211,0.4336124957
1692,0.4432660043,0.433208704,0.412815094,0.4117486179,0.4426449239,0.4779681861,0.4343267977
1693,0.4377295971,0.4333696365,0.4202239513,0.4119860232,0.4422187805,0.4402883053,0.4329613149
1694,0.4287507832,0.4440517128,0.4084176719,0.4110740125,0.4387412071,0.776412189,0.4270412028
1695,0.4295003414,0.4636851847,0.4008682668,0.4225490391,0.4405808747,0.5088451505,0.4274893701
1696,0.4346245229,0.4669023752,0.3796474636,0.4326762259,0.4387115538,0.7870853543,0.4242615402
1697,0.4450415075,0.461612314,0.3892868459,0.434999913,0.4388600588,0.4257687032,0.4249892533
1698,0.4590235651,0.4469177723,0.3896127641,0.4411476851,0.4403909743,0.4329268932,0.4259417951
1699,0.4419212341,0.4197098315,0.4284060001,0.4470466077,0.4401363432,0.4328672886,0.4256111085
1700,0.4268894196,0.4102312624,0.4088509083,0.4292058647,0.4409696162,0.4252458513,0.4260317981
1701,0.4432870448,0.4268559515,0.3839747906,0.4615086019,0.4385883808,0.5646912456,0.4239124954
1702,0.409427017,0.4160064161,0.4077355862,0.4392794371,0.4369889796,0.4982209504,0.4230453074
1703,0.4075174034,0.4019168913,0.374615103,0.4013737738,0.4360853136,0.6277709007,0.4213266075
1704,0.4097839892,0.372924298,0.3421799242,0.3795212209,0.4205136001,2.312703371,0.4067893028
1705,0.4110348225,0.3627444208,0.3351117671,0.3666771352,0.3976821005,3.056652069,0.3918373883
1706,0.403772682,0.3548540771,0.3336972892,0.3536361158,0.390439868,1.363048196,0.3917244375
1707,0.4087773561,0.3782260418,0.331784457,0.3645013273,0.3884446621,1.077871442,0.3965487778
1708,0.3875783682,0.3770087957,0.3762027919,0.3527031243,0.3884108067,0.425668925,0.3972988427
1709,0.3858657777,0.3675887883,0.3910174072,0.351718694,0.3885585964,0.4533992112,0.3986577988
1710,0.3817532063,0.3863001764,0.3684385121,0.3387547433,0.3887909353,0.3871382475,0.3986075222
1711,0.3948705494,0.4454037249,0.3466689289,0.3656291664,0.3923141062,0.370733887,0.4004012048
1712,0.3995034397,0.4233268499,0.3316760361,0.3614929616,0.3912061155,0.8822515011,0.4051505029
1713,0.388269186,0.4069259167,0.4006604254,0.3724536002,0.390917033,0.5368406177,0.407384485
1714,0.4053789079,0.3840636313,0.4139888585,0.3516851664,0.3868492544,1.286480665,0.4142307043
1715,0.5022142529,0.3793466985,0.4007569253,0.4147607386,0.354344517,4.174584866,0.4112063348
1716,0.4282623827,0.3931562901,0.4134841859,0.3812180459,0.3612836301,0.4170538485,0.4202873707
1717,0.4170599878,0.4015782773,0.4063107967,0.3946065605,0.3686628342,0.3749682009,0.427880317
1718,0.4153173268,0.4281008542,0.3869317472,0.3922637999,0.3771789968,0.3783284426,0.4364691079
1719,0.3811630309,0.3851451576,0.3507684469,0.3820390999,0.3796253204,0.3773049116,0.4294742346
1720,0.3584139347,0.4053238928,0.3518970907,0.3695480824,0.3790970743,0.529368937,0.4158230722
1721,0.4215970337,0.4286448956,0.3745232821,0.4583503306,0.3923307955,0.7636880875,0.4376401007
1722,0.3969343007,0.3818414211,0.3697601557,0.419865936,0.3927156627,0.3382588327,0.4331971109
1723,0.4552808702,0.4404366016,0.4213341177,0.4827105105,0.3910185099,1.159260869,0.4444298446
1724,0.4110341072,0.3688546717,0.4277127683,0.4836455882,0.4007366896,0.343542248,0.4507460594
1725,0.358887583,0.3344415724,0.4022806585,0.4229743779,0.4046647251,0.4652677774,0.4417498112
1726,0.3523026407,0.3946506083,0.3913391829,0.4310283959,0.406640023,0.3847614229,0.4341209829
1727,0.3287158012,0.3401489258,0.3408571184,0.4190092087,0.4038752615,0.4060410559,0.4212883413
1728,0.3867401183,0.3726522923,0.3710401058,0.5293790102,0.3973120451,1.472295403,0.4289646447
1729,0.3349550962,0.3153307736,0.3592050374,0.5137811899,0.3964829743,0.3268781602,0.4218265712
1730,0.3019421101,0.3119058907,0.3407844603,0.4140819013,0.3936510384,0.5906167626,0.4047949314
1731,0.3117812276,0.3118544519,0.3342817724,0.4480013549,0.3937229812,0.4055461884,0.4048587382
1732,0.3025361001,0.306345731,0.3051562607,0.4358369112,0.3920322657,0.3588440716,0.3965468407
1733,0.2965751588,0.3094101548,0.3148222268,0.3863088191,0.395421654,0.4499146938,0.3920938075
1734,0.358235836,0.3761721551,0.3870681822,0.4504698515,0.4562544823,0.5149008632,0.4479618073
1735,0.3883312643,0.3918888569,0.4086774886,0.4447787702,0.4669291675,0.4799633026,0.4558617771
1736,0.3817912042,0.3907036781,0.3988412321,0.4511915743,0.4667592347,0.4394257069,0.4541828632
1737,0.3964414299,0.3849335611,0.4105713665,0.4439820051,0.4674776793,0.4356125891,0.4539219439
1738,0.4166659415,0.395929724,0.407782793,0.4689802229,0.4677749574,0.6449448466,0.4564086497
1739,0.4104495049,0.3833225667,0.3954173326,0.45113644,0.4680939615,0.4346110821,0.4548998773
1740,0.4065922797,0.3993783891,0.4224081039,0.4591504633,0.4734046161,0.4912239015,0.4565742016
1741,0.4059458673,0.4046113491,0.4144825935,0.4600447714,0.4840106964,0.5462930799,0.4627074301
1742,0.3859835565,0.412307024,0.4173854291,0.434926182,0.4796395004,1.510988235,0.4507187605
1743,0.3996573389,0.444204092,0.4109356403,0.4467550516,0.4869775772,0.6465915442,0.4541460574
1744,0.4016616642,0.3949789107,0.4118855894,0.4812634885,0.4841360152,1.152537942,0.4476474226
1745,0.4068919718,0.3960143626,0.3857239783,0.4773900807,0.4924461842,0.9338108897,0.4525102377
1746,0.4163791239,0.420429945,0.3978624642,0.4563865364,0.4883289337,1.64757061,0.4472333193
1747,0.4156576693,0.4081784189,0.4033651054,0.4895069897,0.4832009077,1.344473243,0.4433942139
1748,0.4143738747,0.4214367867,0.406524539,0.5355696082,0.4915936887,0.5852648616,0.4499285221
1749,0.4146818221,0.4193108082,0.4081812799,0.532265842,0.4976484776,0.6262578368,0.4548466206
1750,0.4142528474,0.4242630005,0.4147308171,0.5278757215,0.492636919,0.7003836632,0.4539922774
1751,0.4080879688,0.4290318191,0.4172604978,0.5321984887,0.4926973581,0.5325416923,0.4533136189
1752,0.4206643105,0.4206977189,0.4342075288,0.5248526335,0.4931609631,0.4982903004,0.458606571
1753,0.4218827188,0.4177033901,0.4329460561,0.5287563801,0.4872674048,0.7731301188,0.4584982395
1754,0.4119236767,0.4228604734,0.4561131001,0.4989470243,0.484798044,0.5516639352,0.4604027569
1755,0.4088157713,0.4089911878,0.4698581398,0.5105698705,0.4835826159,0.4929417372,0.4627386034
1756,0.3837704659,0.43903175,0.4404787123,0.6037833691,0.4782998562,1.505587578,0.4456977546
1757,0.3941138685,0.4080557823,0.4455062449,0.5565128326,0.4828170836,0.4469825923,0.4473453462
1758,0.3978897035,0.4161538184,0.4583089352,0.5417032242,0.4814921319,0.5673407912,0.4475681782
1759,0.4065212309,0.4133273363,0.4719531536,0.5391577482,0.4755636752,0.8018779755,0.4489529133
1760,0.4158173501,0.417452544,0.4883247614,0.5531153083,0.4723424017,0.7934239507,0.4496572912
1761,0.4165101945,0.3981289566,0.4630367756,0.569216013,0.4696238935,0.6471167207,0.4548331201
1762,0.4294732511,0.4273484647,0.4800806046,0.5739021301,0.461004585,1.053693295,0.455336839
1763,0.4004411697,0.3966679573,0.472973913,0.5201351643,0.4630537927,0.4659080207,0.4575799406
1764,0.4035998285,0.399947077,0.4222583473,0.5882564187,0.47067222,0.9531874061,0.4502595365
1765,0.4045548737,0.4209348261,0.4365171194,0.5922493339,0.4806092083,0.4478725493,0.4548769891
1766,0.4097354412,0.4531338215,0.4316682816,0.5624221563,0.4859763086,0.9268414974,0.4620102942
1767,0.4257184565,0.4639436305,0.4353868663,0.5730468631,0.502730906,0.6030855775,0.475379616
1768,0.4390272796,0.4525409043,0.450129956,0.6060786843,0.5131257772,0.4900513589,0.4815572798
1769,0.4702958167,0.4536364377,0.4390846193,0.6159494519,0.5070627332,1.318913937,0.4824929237
1770,0.4427541792,0.4765655696,0.4555073678,0.6062728763,0.5069716573,0.4827234745,0.4862500131
1771,0.4472970665,0.4678328037,0.4061352313,0.6388667226,0.5034390688,1.577850461,0.4666129053
1772,0.4195798934,0.5190642476,0.42719087,0.5859194398,0.5005933642,1.058368087,0.4682270586
1773,0.4312835932,0.4662288129,0.4282237589,0.6133415103,0.4965837002,0.6599009633,0.4692495763
1774,0.448684305,0.4760734141,0.43677935,0.6133031845,0.4966350794,0.9424993992,0.4733572006
1775,0.4592863619,0.4703460038,0.4572815001,0.5960792899,0.4901604354,0.8417828679,0.4750116169
1776,0.4483678043,0.4672860801,0.457416743,0.5898179412,0.4915008545,0.4551433027,0.4729548395
1777,0.4457991123,0.4991165698,0.4759204388,0.6540659666,0.5024281144,0.6481778026,0.4849483073
1778,0.4275185168,0.4445632398,0.4835277498,0.6061605215,0.5099821687,0.7990422249,0.4909411371
1779,0.4220182002,0.4086302817,0.4686065614,0.63915205,0.5029571652,2.610303402,0.4734797478
1780,0.4266727865,0.3989814818,0.4246692955,0.6041421294,0.4988885224,1.232251525,0.4642954767
1781,0.4188829958,0.4206956923,0.4289158881,0.6264745593,0.4996830523,0.4891315997,0.4634785652
1782,0.451515764,0.4063061178,0.4308380187,0.6264422536,0.472071141,4.277111053,0.4269139767
1783,0.4305709898,0.3863208592,0.3974808156,0.6207353473,0.4681566656,1.137329459,0.4241304398
1784,0.4364899695,0.4221809208,0.4237786829,0.6549324989,0.4670768678,1.093579412,0.4264710844
1785,0.4864327013,0.4956065714,0.4935783446,0.84710145,0.4988312721,1.1910218,0.4656563699
1786,0.4617873728,0.4879361093,0.4699891806,0.6943132281,0.4989791811,0.6001321077,0.4676192999
1787,0.4996868074,0.4722766578,0.5103079677,0.7922791839,0.495457083,1.486586571,0.4702744484
1788,0.4416202009,0.482885927,0.4500747621,0.7543198466,0.4951101542,0.4511378706,0.4693381488
1789,0.428794384,0.4815223217,0.3732481003,0.7642516494,0.4952395856,0.4564546645,0.4694521129
1790,0.4084065259,0.4443849027,0.4132143259,0.6597563028,0.494633913,0.5061871409,0.4676955938
1791,0.3906039,0.4185734987,0.3878861964,0.6196128726,0.4922501147,0.6085366011,0.4627425671
1792,0.3870204985,0.4042074382,0.5663982034,0.5803732276,0.4915150106,0.6089351177,0.4596325457
1793,0.4174087048,0.4766345024,0.4693059921,0.684714973,0.4953196943,0.6170026064,0.463157922
1794,0.4048625529,0.3995557725,0.3907214701,0.6260703206,0.504103601,0.4892403185,0.4689695537
1795,0.4084167778,0.4267373085,0.4017707407,0.6206067204,0.5048818588,0.4639421403,0.4691776335
1796,0.3980463743,0.4048349857,0.3682307005,0.601670742,0.5048683286,0.4678316116,0.4681146443
1797,0.4088442326,0.4108581841,0.4624558389,0.6842333674,0.5046731234,0.4652484357,0.4681382179
1798,0.4390439689,0.4239932001,0.6104748249,0.6648436189,0.5111944079,0.5032092929,0.4733115733
1799,0.447476536,0.431099534,0.3915818632,0.6132820845,0.5178442001,0.471845299,0.4781279862
1800,0.4395711124,0.4245575368,0.4789142609,0.5783649683,0.5214906335,0.4679890573,0.4800697267
1801,0.4437088668,0.411208123,0.4385506213,0.6672312617,0.5278760791,0.5971359015,0.4858190119
1802,0.4319601953,0.417198807,0.4009743035,0.6420612931,0.5330983996,0.5858407617,0.4907213449
1803,0.4513137043,0.411730051,0.4306886196,0.7072232366,0.5368788838,1.089215279,0.4973899126
1804,0.4329601824,0.4003727138,0.4487601221,0.6490952373,0.5399879217,0.5078657866,0.4998100698
1805,0.4589171708,0.4370415211,0.4269688129,0.707159698,0.5597124696,0.6974200606,0.5196661949
1806,0.4476147592,0.4447787702,0.4303097725,0.6324382424,0.5620250106,0.498311609,0.5206057429
1807,0.4865411222,0.4464667737,0.4063621461,0.725171268,0.564802289,1.269830108,0.5297089219
1808,0.5089921355,0.4730781615,0.4400777817,0.710486412,0.5757994652,1.072607398,0.5462930202
1809,0.5130335689,0.5029394031,0.4388393462,0.7149708867,0.5784977078,0.7410859466,0.5520821214
1810,0.4692563117,0.4580651224,0.4431805909,0.6040194631,0.5787406564,0.4973352849,0.5453321338
1811,0.4842336178,0.5084344745,0.4757395685,0.654500246,0.5814536214,0.7191762924,0.550768435
1812,0.4375329912,0.4541920722,0.4268592298,0.5611484647,0.5765100121,0.7111475468,0.5343411565
1813,0.4193742275,0.4487639368,0.4151688516,0.5506748557,0.5741943717,0.7297291756,0.5214598179
1814,0.4124875069,0.4374435246,0.4214303195,0.4940910339,0.5667834878,0.8134317994,0.5067290664
1815,0.4131775796,0.431006521,0.4125785828,0.5129263401,0.5654907823,0.579508841,0.4998995066
1816,0.4227670431,0.4196865559,0.4141934812,0.5089504123,0.570237577,0.564114213,0.4988105297
1817,0.4151483476,0.4155078232,0.4307482541,0.5443454385,0.5667316318,1.251368999,0.486428827
1818,0.422519356,0.4355300963,0.4351264536,0.4941477776,0.5753693581,0.4733554423,0.4917720258
1819,0.4160887003,0.4430440664,0.4428238869,0.5306505561,0.5860798955,0.5154022574,0.4973118007
1820,0.4111662805,0.4272971153,0.4568675458,0.4828265607,0.5766358972,0.9053151011,0.4853285253
1821,0.4132567346,0.4196998775,0.4484175742,0.4893911779,0.5701504946,0.7784586549,0.4774311781
1822,0.4155636728,0.4316943586,0.4387426674,0.4605461061,0.5719105005,0.5795464516,0.476670891
1823,0.4297808111,0.4223445356,0.4493606091,0.4783702791,0.5756286979,0.5367114544,0.4785344303
1824,0.4181139469,0.4350960255,0.4453017712,0.4803113937,0.5760971904,0.5122611523,0.4813683331
1825,0.4480656683,0.4231351912,0.4604797661,0.5247443318,0.6010979414,0.6002966762,0.5148827434
1826,0.448430568,0.4432123005,0.4676976204,0.5087200999,0.6026573181,1.25918448,0.5150863528
1827,0.4417084754,0.4582424164,0.4703659117,0.5355040431,0.605950892,0.6689932942,0.5176119804
1828,0.4464845955,0.4576745033,0.4599455297,0.5022727251,0.6166129112,0.5641773343,0.5253130794
1829,0.4554007053,0.4700792134,0.4534769356,0.5404661298,0.6143605709,1.812577248,0.5267372727
1830,0.577056706,0.4927436113,0.434579134,0.611841619,0.5509242415,8.510231018,0.4914514124
1831,0.5575985312,0.5052375793,0.4309976101,0.6243081689,0.5391569734,2.574487925,0.4983724654
1832,0.517103374,0.4768544734,0.4849156439,0.5262389779,0.5504284501,0.7756803036,0.51363343
1833,0.471200794,0.4402903616,0.4382293522,0.5020857453,0.5496065021,0.3996185362,0.5080385804
1834,0.4626145661,0.410058409,0.3983310163,0.4531183541,0.5491477251,0.3959186077,0.5025497079
1835,0.4547344744,0.457552433,0.4683459699,0.4921394885,0.5492770076,0.4044486284,0.4991794527
1836,0.4235669076,0.3795821667,0.3744143546,0.4313059747,0.5424662232,0.5995035768,0.4807881117
1837,0.3972236216,0.3908822536,0.3634607792,0.4083144367,0.5295891762,0.9718156457,0.4538343251
1838,0.3885057867,0.4038669169,0.3766098022,0.3693367243,0.5217790008,0.8499016762,0.4348606169
1839,0.3818705082,0.3817054927,0.3707211316,0.3621464074,0.5149282813,0.8691136241,0.4185966253
1840,0.3674602807,0.3992768824,0.3736363649,0.3534032404,0.5087656379,0.6742663383,0.4067187309
1841,0.3529761732,0.3564012051,0.3628186882,0.3419440687,0.4923370779,1.226220608,0.3879055977
1842,0.3563070297,0.3484175205,0.3475392759,0.3292871416,0.4790902138,1.010915875,0.3743514717
1843,0.359716028,0.3341547549,0.3584909439,0.3543446958,0.4708784819,0.7055330873,0.3673444688
1844,0.3608885705,0.350415796,0.3631917536,0.3477525711,0.4591487944,0.9197711945,0.3594493866
1845,0.3631570339,0.3507313728,0.3683256805,0.3640945852,0.4505208433,0.8101680279,0.3542068899
1846,0.3554446697,0.375674963,0.3727562726,0.3484425545,0.4528345168,0.3959915936,0.3541423082
1847,0.3562806547,0.365501076,0.3636106551,0.3416324556,0.4540455639,0.5378454328,0.3527930677
1848,0.3549955785,0.3599637449,0.3590568602,0.3386572301,0.4534586668,0.9555795789,0.3489311934
1849,0.3712998629,0.3535273373,0.3601441383,0.3495563567,0.4639855325,0.4480201304,0.3659991324
1850,0.3695971072,0.3465020657,0.3618255556,0.3463311195,0.4641718864,0.5315670371,0.3659703732
1851,0.3911846876,0.3734270632,0.357452631,0.3515653312,0.4639413059,0.5864819884,0.3663838804
1852,0.3604417145,0.3447248042,0.3579058647,0.3330664337,0.4646065235,0.3769809902,0.3658310175
1853,0.3483474255,0.3460962772,0.3716479838,0.3444210291,0.4632065594,0.4856937826,0.3634175062
1854,0.3464888632,0.3813562691,0.3740394115,0.3545792997,0.4626116753,0.3677133024,0.3627747595
1855,0.3588978052,0.4033305645,0.3718678653,0.3505778313,0.4622800648,0.6363676786,0.3624675572
1856,0.350887984,0.4111579359,0.3706579208,0.3512457311,0.4596818686,0.4047528207,0.3606249094
1857,0.3563705981,0.3858727515,0.3680848777,0.3564977944,0.4591964185,0.8205558658,0.3592662811
1858,0.363607496,0.3526398242,0.363638252,0.3581999838,0.4634412229,0.357342273,0.3612309396
1859,0.3939099014,0.3584105074,0.3408843577,0.3559132516,0.4628705978,0.9611945152,0.3606041968
1860,0.3569681644,0.3191564083,0.3407637179,0.3262611926,0.454654187,0.8027917743,0.3504433334
1861,0.3508363664,0.3140686452,0.3438932002,0.320574075,0.4515675008,0.7721531391,0.3450351954
1862,0.3717481792,0.3472467363,0.3433456719,0.3600891531,0.4437070787,1.01494348,0.3459505141
1863,0.3852189481,0.3804591596,0.3353846073,0.3677195609,0.4241333008,1.528599381,0.3369496763
1864,0.3711254597,0.3444948196,0.3301286995,0.3830181062,0.4133264124,0.915101707,0.3333617151
1865,0.3759716749,0.3437559605,0.3343792856,0.3810304701,0.4125196934,0.6140170693,0.3346343338
1866,0.3989787102,0.3359721601,0.3286669552,0.3469251692,0.4186936915,0.6762474179,0.3306639194
1867,0.3684525192,0.3358304501,0.3511914313,0.3357027471,0.4151937962,0.4326680005,0.3307861686
1868,0.3729005158,0.3438335359,0.3456036747,0.3524592817,0.4160858691,0.61349231,0.3329330385
1869,0.3738008738,0.3465404809,0.3711694777,0.3219268024,0.4260033667,0.343947649,0.3363629878
1870,0.3938004076,0.3976917267,0.3571096361,0.3624569476,0.4293383658,0.6904482841,0.3403168023
1871,0.4102984369,0.368578434,0.3555980921,0.3352476358,0.4289108217,0.3438548148,0.34174034
1872,0.4150072634,0.4179646671,0.3638056219,0.3585809469,0.4297026098,0.3446947336,0.3419269025
1873,0.4246208966,0.4099594653,0.4331947863,0.2917507887,0.4201620817,2.195861101,0.3185589612
1874,0.4516220093,0.3453075886,0.4002084732,0.2801836431,0.4127253592,1.907938838,0.3036032021
1875,0.47047019,0.3248739541,0.3121227324,0.2961021066,0.4063470066,2.046287537,0.2930919528
1876,0.443154335,0.3305944204,0.3363119662,0.2957476974,0.4229938984,0.7122450471,0.3049020469
1877,0.4465545118,0.3534916341,0.3374298811,0.3135702312,0.446242094,0.3131318688,0.3216304481
1878,0.419575721,0.3752930462,0.3580961227,0.2957731187,0.4604697227,0.3702170849,0.3292966187
1879,0.4333728254,0.3462944031,0.3574449122,0.3155936897,0.4633344412,0.5728866458,0.3317751884
1880,0.4470494092,0.4018626213,0.3570229709,0.3167636395,0.4643708766,1.126798868,0.3345935345
1881,0.57337147,0.4397980273,0.4562743604,0.415494293,0.4341084063,5.507312775,0.3207596242
1882,0.534273684,0.4076454639,0.3734835684,0.3349201679,0.444327563,0.6725019813,0.3329228461
1883,0.5736468434,0.4594548047,0.4103882015,0.378978014,0.44521451,1.262072206,0.3427741528
1884,0.5751273036,0.4784794748,0.5783993006,0.3721977472,0.4669548571,0.4957447946,0.3636249602
1885,0.592574358,0.4990288913,0.6570997834,0.4305556715,0.4666206837,0.6691467166,0.3689831197
1886,0.6361976266,0.559689045,0.5201358199,0.4776760638,0.4762035906,0.9438794255,0.385274142
1887,0.5817806125,0.5032558441,0.567517221,0.460816294,0.4822606146,0.2604494393,0.3849322796
1888,0.5575667024,0.5628817677,0.7507109642,0.3952318132,0.4913309515,0.2437512428,0.3836784363
1889,0.5342145562,0.5480867624,0.5391349196,0.4574283659,0.5121350288,0.2705414593,0.3911070526
1890,0.4685244858,0.4140541553,0.4265050888,0.38536641,0.5162646174,0.4922480583,0.3771339655
1891,0.4830628932,0.4259735644,0.4242387712,0.4576841891,0.5203802586,0.2979689538,0.376993984
1892,0.4848341942,0.3823541403,0.3791830838,0.4443627894,0.5270126462,0.3035722673,0.3789732456
1893,0.5128563046,0.3627275229,0.3874718249,0.4930184782,0.5451969504,0.5325515866,0.3958044052
1894,0.4351584017,0.3505948484,0.6360025406,0.4439695776,0.555065155,0.3295754194,0.3911267817
1895,0.3925635517,0.3454872072,0.4051653147,0.4236050844,0.5491823554,0.3438021839,0.3749615252
1896,0.3739824295,0.3702269495,0.4641861618,0.4002435207,0.54542768,0.2774061859,0.3650990725
1897,0.351301074,0.3833476603,0.4190321863,0.3855713308,0.5442246199,0.3353632987,0.3541891575
1898,0.3480223715,0.357794553,0.4109002054,0.3606931865,0.5448301435,0.3004008234,0.346599102
1899,0.3312856257,0.3787144125,0.3414239883,0.3702331483,0.538397789,0.3439691961,0.3349731863
1900,0.3527363837,0.3363196552,0.3636497259,0.3714840412,0.5433557034,0.2686587274,0.3338175714
1901,0.3228096664,0.3235597312,0.3563259542,0.3331967592,0.529132545,1.017782569,0.308242768
1902,0.3527642787,0.3542715311,0.3480040133,0.3369487822,0.5385277867,0.2647310793,0.3115880191
1903,0.3451422751,0.3234198391,0.3416013718,0.3576180935,0.5396493077,0.3315202296,0.3065031767
1904,0.3366361558,0.3201750815,0.3721117973,0.348746866,0.5424150825,0.6230299473,0.2995759547
1905,0.3321534097,0.3585726321,0.3986505568,0.3850132525,0.5498289466,0.2683101892,0.3015765846
1906,0.3412698209,0.3225562572,0.3889153004,0.4453527033,0.5483136177,0.268914938,0.2996677458
1907,0.3410334587,0.3197931945,0.3766901791,0.4096963406,0.5453541875,0.2709293664,0.2984328568
1908,0.3514692783,0.3232950568,0.4346809089,0.394005388,0.5467882156,0.27625525,0.2979901731
1909,0.3581725657,0.330368191,0.3579707444,0.381457448,0.5449782014,0.3005301654,0.2941715419
1910,0.3957458735,0.3890008032,0.4168549478,0.3831736147,0.5548686981,1.011532068,0.300683111
1911,0.3932781219,0.3229869008,0.380114764,0.4153795242,0.582234621,0.279563576,0.3173489273
1912,0.3697967231,0.3385145962,0.3603975773,0.4196210802,0.5813769698,0.416621238,0.310855478
1913,0.3686299324,0.3280397356,0.5366827846,0.4228108823,0.5806946754,0.5321736932,0.3039122522
1914,0.3633707762,0.3095781505,0.4780195653,0.4666592181,0.5756385922,0.4410937726,0.296646893
1915,0.358966738,0.3374297619,0.4316016734,0.4318549633,0.5690967441,0.6329099536,0.2875798941
1916,0.3625248969,0.3623014987,0.4963543415,0.4359933138,0.5764058232,0.3773562014,0.2905959785
1917,0.3842116296,0.3463404477,0.3329672217,0.4492609799,0.5890417099,0.3127111793,0.296667397
1918,0.3801716864,0.355492115,0.4695892632,0.4508508444,0.5907887816,0.3217956722,0.2948959768
1919,0.3773473799,0.3718106449,0.6080369353,0.4469647408,0.5924594402,0.2804460526,0.2942477763
1920,0.3911757171,0.394875288,0.5971333981,0.4688333571,0.5990889668,0.9400766492,0.2967130244
1921,0.5013335347,0.3781528473,0.4996784925,0.5584686399,0.5912142992,4.852958679,0.2880749702
1922,0.3793087304,0.400172472,0.3938928545,0.5408565402,0.5993434191,0.2377480268,0.2886098921
1923,0.367535919,0.3395130634,0.4227648675,0.4731421471,0.5975368619,0.2345250845,0.2855683565
1924,0.3769140542,0.3967418671,0.4242552519,0.4650783837,0.5879151225,0.4221739471,0.2789543569
1925,0.4161873162,0.3409974873,0.3120321333,0.4785318375,0.5863616467,0.2587479651,0.2843860686
1926,0.3767208159,0.2839719951,0.3447004855,0.5496410728,0.5864631534,0.4547272623,0.2896649837
1927,0.3479789495,0.32055372,0.391397357,0.5280130506,0.5877838731,0.3678690195,0.2910396755
1928,0.3107299805,0.2682334781,0.3547986448,0.5763674378,0.5807092786,0.4946555793,0.2804505825
1929,0.3425574303,0.2889459133,0.3421075642,0.5289094448,0.5882587433,0.4779002666,0.2846494019
1930,0.3538750112,0.248866722,0.3509637117,0.5607078671,0.5946595073,0.3693050444,0.2879301608
1931,0.3671653271,0.2643306553,0.3575754166,0.6188454628,0.6005507112,1.077363372,0.2931429744
1932,0.3716732562,0.2710020244,0.3236845434,0.6615399122,0.6006008983,0.8801105022,0.2976933718
1933,0.3717696667,0.2441985011,0.410131216,0.6148061156,0.6044192314,0.379774332,0.3002372682
1934,0.3578313887,0.2800572217,0.4476275444,0.5796535611,0.6096568704,0.2381072491,0.2996195257
1935,0.3661723137,0.2945303023,0.4416072071,0.634362042,0.6142479777,0.2442046255,0.2976334393
1936,0.3678883612,0.3336683512,0.4545455873,0.7107837796,0.6206724644,0.2607700825,0.2992096543
1937,0.4269730151,0.3602833748,0.5697810054,0.6511285305,0.6358288527,0.8861402869,0.3118339479
1938,0.4449595511,0.4282576144,0.471344471,0.7371585965,0.6593344808,0.4985956252,0.3287581205
1939,0.4556895196,0.4071304798,0.5618386865,0.7182397842,0.6758515239,0.4490574598,0.3400093019
1940,0.4837125242,0.5062575936,0.5354968905,0.7666652203,0.7062520981,0.5844712853,0.3634338379
1941,0.5205481052,0.4932766855,0.6402443051,0.7388957143,0.7309680581,0.3546067178,0.3788388669
1942,0.5108202696,0.4735031128,0.6623679996,0.7460050583,0.7306738496,0.3006949723,0.3759740591
1943,0.5262048841,0.5057147741,0.5552580357,0.7400923371,0.7340002656,0.3679501116,0.3768016398
1944,0.5099207163,0.5340006351,0.5519641638,0.7632386088,0.7396395206,0.3529469073,0.3784431517
1945,0.6112127304,0.5596146584,0.7676131129,0.8717570901,0.7337833047,3.176215887,0.3900481761
1946,0.5465374589,0.4155503511,0.4476483762,0.7291992307,0.7335216999,0.5292146206,0.3939591646
1947,0.5395330191,0.4610666335,0.4809280336,0.7705895901,0.7348165512,0.6811868548,0.3994978666
1948,0.5038917661,0.4779911041,0.4925116599,0.7745042443,0.7359226346,0.2645944655,0.394829601
1949,0.4947561324,0.3608535826,0.4918478429,0.6776540875,0.7350907326,0.2469152212,0.3883290589
1950,0.5076730847,0.4262528419,0.4352596104,0.7887020111,0.7339925766,0.3719891012,0.3884311616
1951,0.5265578032,0.4579666555,0.3808398247,0.7408666611,0.7345591187,0.6035023332,0.3960926533
1952,0.5437741876,0.4586437941,0.4254481792,0.7408692241,0.740943253,0.4943734705,0.4010454416
1953,0.5209746957,0.4536359012,0.5723547935,0.6707571149,0.7401271462,0.4161103666,0.4020926058
1954,0.5025436282,0.3904788196,0.5319671035,0.7857025266,0.7360756993,0.236162141,0.3915681541
1955,0.4777346849,0.3792487085,0.4486113787,0.6606900096,0.7369437218,0.3451865613,0.3903579414
1956,0.4672019482,0.4048684537,0.4646499157,0.7472311854,0.7497904301,0.2901339829,0.3945476115
1957,0.4560753405,0.4117590189,0.5338003039,0.6453071237,0.760890007,0.2522221804,0.3909714222
1958,0.5748057365,0.4463050365,0.4709148407,0.9241604805,0.7778663635,2.382071495,0.4183154106
1959,0.626257062,0.5220887065,0.6424407363,0.8100767136,0.7995818257,1.185355186,0.4432879388
1960,0.6373795867,0.6189402342,0.7850384712,0.8066343665,0.8410225511,0.4952269793,0.4748181999
1961,0.5929105878,0.671954453,0.6114928722,0.654158771,0.8427362442,0.2336056083,0.4625444412
1962,0.5474945903,0.4403844774,0.691610992,0.7130377889,0.85942173,0.2402288318,0.4607309997
1963,0.6137005091,0.6605573297,0.6558984518,0.701685369,0.891762197,0.5904914737,0.4855724871
1964,0.5860740542,0.5701246262,0.658704102,0.7525647283,0.9267411828,0.2650928795,0.4971012771
1965,0.5457074642,0.4136306942,0.4643357098,0.6551961303,0.9253767133,0.293674022,0.4781561196
1966,0.513033092,0.3791038096,0.4670994282,0.7282980084,0.9255049825,0.3227929771,0.4596726894
1967,0.6026347876,0.5433921218,0.7074130177,0.6785210967,0.9513600469,1.111621857,0.4850034416
1968,0.5895395875,0.550460279,0.6003596783,0.7738865018,0.9544494152,0.3862650394,0.4830164015
1969,0.6075158715,0.5379593372,0.5585157275,0.6654847264,0.9913454652,0.4402742088,0.5065937042
1970,0.633179605,0.4976840317,0.4737195075,0.6754691005,1.01446104,0.485063076,0.5200291872
1971,0.5942563415,0.5423859954,0.4885247648,0.6643535495,1.013812423,0.346196264,0.5134691596
1972,0.5164544582,0.4359401464,0.4838739932,0.5855548382,0.9969154,0.4831355512,0.4839135706
1973,0.4608868062,0.38991189,0.4498913288,0.5272669196,0.9748092294,0.7466807365,0.443687588
1974,0.454434067,0.3823063374,0.4228211641,0.5208806396,0.975277245,0.519734621,0.4238078892
1975,0.5024363399,0.4225228131,0.4314671457,0.5701344609,0.9861879349,0.3701308966,0.4270100296
1976,0.5390099883,0.4599290788,0.4515744746,0.5141144395,1.005199909,0.34694013,0.4345373213
1977,0.4937536418,0.5089352727,0.4592522681,0.5100198984,1.013294339,0.2935782373,0.4322717488
1978,0.4631921351,0.3817851543,0.4110105932,0.4297213554,1.005848527,0.3093772233,0.4176624119
1979,0.4743311405,0.4442385137,0.414063096,0.4564856291,1.01147759,0.3336558342,0.4168459177
1980,0.4236023426,0.3776648045,0.3801329136,0.4256331921,0.9938918948,0.6392965317,0.3887554109
1981,0.4863893986,0.4937837422,0.3634477556,0.5096259713,0.9940562248,1.02029407,0.4002791345
1982,0.4173360765,0.4063064158,0.379193306,0.4832755029,0.983330965,0.3268471658,0.3917750418
1983,0.4150060415,0.4579087794,0.3689111173,0.4596939981,0.9796363711,0.2915602624,0.3850241601
1984,0.4079555273,0.468377471,0.3460356295,0.4629089534,0.9813959002,0.3506143391,0.3766157627
1985,0.3644349575,0.3783024251,0.3728910685,0.373573631,0.977619648,0.8098629117,0.3583641946
1986,0.3902847767,0.4276427925,0.4059821665,0.3729431331,0.9821431041,0.4123744071,0.3520306051
1987,0.4110470116,0.4068213999,0.3625239432,0.4032103121,1.003098369,0.3168492615,0.3605771959
1988,0.4208318293,0.4230463803,0.3414726257,0.4255290926,1.007765412,0.2981747091,0.3586382866
1989,0.3907213211,0.3870001733,0.404651314,0.4002199173,1.007625103,0.5273482203,0.3488285542
1990,0.3924407959,0.3539887369,0.4104232788,0.3819930255,0.9918956757,0.4782785475,0.3385024965
1991,0.4139707983,0.365175873,0.3623563945,0.3645375669,0.9937298298,0.5713559985,0.3412977457
1992,0.4446102083,0.37235412,0.3898302019,0.4449651241,1.014781713,0.7085990906,0.3517350852
1993,0.4434907734,0.4781700075,0.3817828894,0.4716653824,1.025719047,0.3178588152,0.3544727564
1994,0.4487117827,0.4352755249,0.3727092445,0.4529375136,1.023185372,0.3090804219,0.3524986804
1995,0.4968065321,0.4667439163,0.4360242784,0.4510508478,1.030908942,0.8008702397,0.3574172556
1996,0.4703299105,0.503952086,0.3693813086,0.459864825,1.043709397,0.2979726791,0.3594946861
1997,0.4757632017,0.4253227711,0.3966648877,0.4453012049,1.043099403,0.3106975555,0.3575126231
1998,0.4505442083,0.4785020351,0.36058411,0.4464176893,1.04533577,0.3407924175,0.3523616791
1999,0.4746060073,0.4619332254,0.4004334509,0.392416805,1.06885612,0.30644086,0.3613815308
2000,0.4615421295,0.5402499437,0.4191980362,0.4298384488,1.052940488,0.4529719055,0.3543914557
2001,0.4740586579,0.4782413542,0.3933948576,0.4233799279,1.044889331,0.3353259861,0.3495424688
2002,0.501799047,0.4876711369,0.3811678588,0.4687100649,1.050424099,0.5842265487,0.3523550034
2003,0.5444318652,0.4666892588,0.4304057658,0.4332630634,1.057719827,0.9561576843,0.3565130234
2004,0.5348983407,0.7968833447,0.3951393664,0.4412690103,1.072623849,0.3902933598,0.3622169793
2005,0.5510904193,0.5976446867,0.4097124636,0.4401223958,1.086925626,0.4112791121,0.367808491
2006,0.4920610189,0.505962193,0.3936718404,0.436696738,1.090731978,0.3267409503,0.3639591932
2007,0.4314740598,0.3254292309,0.3756481409,0.3530774117,1.067174554,0.9959124923,0.3394158781
2008,0.4722334445,0.4312901497,0.377330184,0.4456501007,1.090554357,0.307182461,0.3483510911
2009,0.4764688015,0.5749912262,0.4032616615,0.4198170006,1.108839869,0.3299564421,0.3534176648
2010,0.5006206632,0.5584747195,0.3838837147,0.4168332517,1.115949392,0.374891609,0.3552500904
2011,0.5443675518,0.7128644586,0.3841306269,0.4730620682,1.129989624,0.3221976757,0.3590797484
2012,0.5496718287,0.7152209282,0.3723533452,0.508107245,1.138726354,0.3184708357,0.3600411713
2013,0.522549212,0.5335144401,0.3873701394,0.4370416105,1.142467141,0.3826693296,0.3563276231
2014,0.5516176224,0.5479662418,0.4621637166,0.426905632,1.164172649,0.3264268339,0.3641216755
2015,0.587839365,0.5718374252,0.423453778,0.4040063322,1.163350582,0.3619246483,0.3640844822
2016,0.5808415413,0.6940724254,0.3902252913,0.4280537367,1.160350084,0.3314611018,0.3626919985
2017,0.4885092676,0.4729483128,0.368062973,0.3719158173,1.144828439,0.4691348076,0.3548777103
2018,0.4948028028,0.4839439392,0.3763738871,0.3907513916,1.147337914,0.3696564734,0.352288723
2019,0.5198836923,0.5317267776,0.4154092371,0.3930581808,1.168657899,0.6080548167,0.3601611555
2020,0.5831092,0.5318914056,0.3917059898,0.5089595318,1.172601342,1.891198754,0.3608615398
2021,0.6690747142,0.6882973313,0.3855265677,0.4839103222,1.188804626,2.459854126,0.3675482571
2022,0.6916471124,0.6428647041,0.3704967499,0.5322309136,1.197428823,1.535696149,0.3751789629
2023,0.6463153362,0.4919327796,0.3679369986,0.4900912941,1.202679515,0.5593164563,0.3789738119
2024,0.6177916527,0.4181932509,0.3616652489,0.4901590645,1.205836415,0.3607593477,0.378942579
2025,0.5959631801,0.5249456167,0.369625181,0.4411845207,1.199498057,0.2889420092,0.375451684
2026,0.5716168284,0.4874124527,0.3617619574,0.4232803285,1.194871545,0.2991250753,0.3724505901
2027,0.5532417297,0.5313460827,0.368001461,0.3932701051,1.188112378,0.3097625971,0.3758400679
2028,0.5984687805,0.6046456695,0.3556433618,0.4515558779,1.187850118,0.8346417546,0.3877817392
2029,0.5711475611,0.5576456189,0.3733193576,0.4116528928,1.183499455,0.3906441629,0.3916817904
2030,0.544378221,0.6543564796,0.3476973772,0.4242690504,1.176104069,0.3102652431,0.3871603906
2031,0.5385178924,0.5506612659,0.3717391491,0.4223133028,1.175882697,0.348247081,0.4084094465
2032,0.5322498679,0.5229658484,0.3616043031,0.4696396291,1.178512216,0.3465793133,0.4056877792
2033,0.4955147505,0.5129557252,0.3604359627,0.3933822811,1.177381992,0.4406034946,0.3978379667
2034,0.4424634278,0.3579728305,0.3404967487,0.3928348124,1.159091473,0.7091595531,0.3810620308
2035,0.4363325536,0.4134581983,0.3304502666,0.3815560341,1.147633195,0.4846041203,0.3718413413
2036,0.4040596187,0.3364454806,0.3177092969,0.3916033804,1.122343898,1.01387763,0.3533272743
2037,0.4114703834,0.3403376639,0.3299174607,0.3613498509,1.09633112,0.8544745445,0.3493229449
2038,0.4539391994,0.3881787956,0.3325977623,0.3745408058,1.115971804,0.523596704,0.3549035788
2039,0.4636853635,0.3632450104,0.3306423724,0.3938106,1.127530694,0.3898849189,0.3578838408
2040,0.473475188,0.3624293804,0.3489402235,0.4102330208,1.123943567,0.3467349112,0.3577124178
2041,0.4767495692,0.3896497488,0.4113342762,0.392129153,1.123716474,0.4076211452,0.3791825771
2042,0.5126015544,0.4103069305,0.3479771614,0.441101402,1.125440359,1.064847589,0.3799630105
2043,0.5062167048,0.4630979598,0.3689219654,0.4341965616,1.125881314,0.637884438,0.3950661123
2044,0.5002369285,0.4586387575,0.4144649804,0.4638484418,1.123891473,0.453202337,0.409740597
2045,0.5145044327,0.4545745552,0.3744893968,0.4266350269,1.122587919,0.524926126,0.4124275148
2046,0.5536826253,0.5214235783,0.4414822757,0.4521830082,1.122576833,1.008319974,0.4195702076
2047,0.6213282943,0.5173469186,0.387899369,0.4502030313,1.12324059,1.622737527,0.4204678535
2048,0.5322497487,0.5562567711,0.3684450686,0.4799509048,1.119278431,0.3905435503,0.419188261
2049,0.5829024315,0.4624209404,0.3786358833,0.4837361276,1.119837165,1.032391906,0.4237823486
2050,0.5644752383,0.427700907,0.4168211222,0.4745369256,1.124013186,0.6938894391,0.4266360104
2051,0.5467677712,0.4333124161,0.4559353888,0.4599089622,1.12325418,0.5319755077,0.4291449487
2052,0.4764148295,0.4110628664,0.3528577387,0.4585306942,1.114282131,0.5094118118,0.4195069075
2053,0.4554209709,0.3885634243,0.361910671,0.4013202488,1.106303215,0.6009481549,0.4093223512
2054,0.4222609103,0.383556515,0.3368494809,0.3781040013,1.100119472,0.7599759102,0.3991809785
2055,0.4138271511,0.34988904,0.3550519943,0.3845718801,1.094617605,0.7512189746,0.3907620013
2056,0.374619633,0.3513502777,0.3338725269,0.3706035912,1.077044845,1.734294891,0.3730785549
2057,0.4110301733,0.3672465384,0.3414393365,0.355759114,1.087527752,0.3695455492,0.3757767379
2058,0.3743568957,0.3439105451,0.3393562734,0.3522433043,1.078593373,0.8079169393,0.3689837158
2059,0.3396316469,0.3238580525,0.3273639679,0.3304125369,1.059784889,1.236054778,0.358122915
2060,0.3243380785,0.335278511,0.3183348477,0.3348583281,1.017223358,1.819289565,0.3472860754
2061,0.3295126259,0.3310622275,0.3260300457,0.3259377182,1.020612717,0.3586188853,0.3479565382
2062,0.3509955108,0.3284382522,0.3365871012,0.3483639657,1.019957185,0.4091296196,0.3482525647
2063,0.3494704664,0.3626976311,0.3500405848,0.3666674197,1.003613591,0.9880712628,0.3802743256
2064,0.3680411279,0.3809624612,0.3542271554,0.3687217236,0.9982687831,0.3823327124,0.3855859339
2065,0.3399367332,0.4057455957,0.3576222956,0.3868434429,0.9602743983,1.738768578,0.3955065906
2066,0.3429903686,0.4228706062,0.3625743091,0.3897012174,0.9370978475,0.9949777722,0.3998227119
2067,0.3353313506,0.3594993055,0.3413349092,0.3457081318,0.9379572868,0.4199621677,0.3956576288
2068,0.3465410769,0.3311513066,0.3256232738,0.3702590764,0.9425091743,1.364047885,0.3737339973
2069,0.3540870845,0.3431518972,0.3267518878,0.3374322355,0.9489337802,0.4720946252,0.3690285981
2070,0.3298222721,0.3462713659,0.3401024342,0.3243249059,0.9308564663,0.7030972838,0.3735680282
2071,0.3385902643,0.3316282928,0.3631011546,0.3538765013,0.9169454575,0.5333400369,0.3837576807
2072,0.3348677158,0.3518500626,0.3824979067,0.3635652363,0.8948978782,0.9151298404,0.3898612559
2073,0.3314591348,0.3537711203,0.3906457424,0.3562057912,0.8840084076,0.5454519987,0.3931879997
2074,0.3603782654,0.3676609993,0.4067721665,0.37691167,0.904086411,0.4308425486,0.4481226206
2075,0.3849324882,0.3820482194,0.4172447622,0.4144562185,0.900832653,0.5106938481,0.4786331654
2076,0.3813514709,0.4451358616,0.4471490383,0.3993222713,0.8966712952,0.4381290376,0.4826982915
2077,0.3964932859,0.4052470028,0.4195435941,0.397998482,0.8983520865,1.087629437,0.4627714157
2078,0.430753082,0.4115400314,0.3957839012,0.4210267961,0.9034831524,1.084277987,0.4439853728
2079,0.4084908068,0.4235161245,0.367066294,0.4146424532,0.9033578038,0.4337712824,0.4420441687
2080,0.3654836714,0.4110103846,0.3880372345,0.360945344,0.8968788981,0.6316859126,0.4436251223
2081,0.3569148481,0.4081153572,0.39580217,0.3685086071,0.906221807,0.9672412872,0.4531804025
2082,0.3520268202,0.4016293585,0.3576061428,0.3666708171,0.8908478618,0.8642107844,0.456414938
2083,0.3337836564,0.3882991374,0.3719440997,0.3759740889,0.8696029782,1.235312819,0.4598342478
2084,0.3480407298,0.379394412,0.355469197,0.3793311417,0.8677070141,0.5811806321,0.4619811475
2085,0.3441533148,0.402794987,0.3815053403,0.392067939,0.8614492416,0.8252097964,0.4659459889
2086,0.3706828356,0.3842309415,0.3727896214,0.3776257038,0.8630085588,0.5864303112,0.4551412165
2087,0.3653287888,0.3787498176,0.3535341024,0.3872855604,0.8675782681,0.4327244759,0.44943133
2088,0.3456299603,0.3661653996,0.399392128,0.3822862208,0.8596960902,0.9857384562,0.4536727369
2089,0.348648876,0.3935852945,0.359485656,0.3802616596,0.8479444385,0.7392712235,0.4576294422
2090,0.3601217568,0.3545029163,0.3596380949,0.3781735003,0.8543381691,0.4128885567,0.452140063
2091,0.3617558479,0.3441253006,0.3692219257,0.3715827763,0.8513821959,0.4431022704,0.4522827566
2092,0.357517153,0.4001379013,0.3828900754,0.360055685,0.8379413486,0.9626616836,0.4565378428
2093,0.3614672124,0.3713313639,0.3732215464,0.3760585785,0.8441534042,0.3995758295,0.4535926878
2094,0.3498202562,0.3704265058,0.3866722286,0.3523478508,0.8396037221,0.6468700767,0.4565248787
2095,0.3626559675,0.4398035109,0.3812195063,0.3593490124,0.8094072938,1.542496681,0.466318965
2096,0.3315819502,0.3659698069,0.396736145,0.3665739,0.8115408421,0.7917976379,0.4459929466
2097,0.3257288933,0.3665482104,0.3837486506,0.3550430536,0.8093622327,0.4154282808,0.4498977959
2098,0.3272545934,0.4134175777,0.3916479647,0.3410259783,0.8049029708,0.4134999812,0.4504106343
2099,0.3325935006,0.3817087412,0.4198266268,0.3577609956,0.797691524,0.4317344427,0.4560076296
2100,0.3313867152,0.400228709,0.4211052954,0.3481455743,0.7803587914,0.8826489449,0.4640901089
2101,0.3378923237,0.4150999784,0.4589595497,0.3500568867,0.7662773132,0.8428135514,0.4701052606
2102,0.3478284776,0.4118500054,0.4139780104,0.3444911242,0.7634718418,0.7100811005,0.4743077457
2103,0.3467760384,0.3663476706,0.4384583235,0.3636178076,0.7604244351,0.4202948511,0.4733214378
2104,0.3418346345,0.410322994,0.3926495612,0.360506773,0.7550900578,1.631712317,0.4856722355
2105,0.3525844514,0.4161313474,0.5012700558,0.3505654037,0.7355823517,1.501920581,0.4945429862
2106,0.3415434361,0.3569220304,0.4623342454,0.3536202013,0.7288530469,0.5637750626,0.4970930815
2107,0.3800055683,0.4310182035,0.4265565872,0.3868100643,0.7133216262,1.0837816,0.5350936651
2108,0.3627637327,0.5206622481,0.5244693756,0.3969213963,0.6985712051,0.847043097,0.5441414714
2109,0.3638095856,0.489808768,0.5232687593,0.4109150469,0.6809453964,0.9264631867,0.5585505962
2110,0.3897007704,0.6158207059,0.5161619782,0.402787298,0.6595754623,1.639976501,0.5715797544
2111,0.3483317792,0.4819970429,0.4973822832,0.3980986178,0.6640892029,0.3689766228,0.5612169504
2112,0.3365108669,0.4205360413,0.481461674,0.3668135405,0.6775312424,0.3684372902,0.5515187979
2113,0.3253749609,0.4245161712,0.411970526,0.3753782809,0.6836590767,0.3931965828,0.5334206223
2114,0.3324376345,0.4942406714,0.4623424113,0.3808343709,0.6757561564,0.7858846188,0.5386713147
2115,0.3683324754,0.4990215302,0.4802893698,0.4047054946,0.6529878378,1.231599212,0.5611465573
2116,0.3608642519,0.5201669335,0.5368147492,0.373403281,0.6479300857,0.382581234,0.5620365143
2117,0.3976712227,0.5783586502,0.5821911693,0.3896391392,0.6317910552,1.027504921,0.572483182
2118,0.402895242,0.5000308156,0.5872144699,0.408710748,0.6258690357,0.5277386308,0.5948703885
2119,0.4161233902,0.4887011051,0.6702635884,0.4016475379,0.6209108233,0.4769386947,0.612036407
2120,0.3989317417,0.4993031323,0.6699430346,0.3960596025,0.6132514477,0.5141661167,0.6216313839
2121,0.3721836805,0.4905737638,0.5490336418,0.3870686591,0.6124401093,0.3901915848,0.6058229804
2122,0.3748488724,0.4728881419,0.4796280861,0.3815193474,0.61473912,0.37294662,0.5908868909
2123,0.4818146229,0.512729466,0.5210441351,0.4834078252,0.7945418358,0.9475879669,0.6599319577
